t,x,g_raw,g_ratio,alpha,gamma,loss,acc
0,2.624612258266211,153.86968543947424,30.70343661600751,100.0,0.009999999776482582,2.2243800163269043,0.25
1,2.585430313252633,147.24912314049828,28.77228729711086,100.0,0.009999999776482582,2.2192304134368896,0.0
2,2.1746090940887353,159.8482808870847,33.17577735980329,100.0,0.009999999776482582,2.201810359954834,0.25
3,2.3579411881506203,157.537476722885,31.41318874722715,100.0,0.009999999776482582,2.1919326782226562,0.0
4,2.1961634702064803,153.04336282910492,30.47362463908953,100.0,0.009999999776482582,2.192526340484619,0.0
5,2.6391014014394596,147.3824224002981,28.32822239491693,100.0,0.009999999776482582,2.1889753341674805,0.25
6,3.209551717273749,144.56838701199683,28.300924097072365,100.0,0.009999999776482582,2.1697921752929688,0.75
7,2.1851320857869867,161.35792373101043,33.04035834799732,100.0,0.009999999776482582,2.1839587688446045,1.0
8,3.154456882124864,147.0771858023426,28.972152351169374,100.0,0.009999999776482582,2.1308441162109375,0.75
9,2.6267312046449507,142.9114793506238,29.330951176666897,100.0,0.009999999776482582,2.1376466751098633,1.0
10,2.5154692412013056,164.6018806117163,33.13224920995205,100.0,0.009999999776482582,2.147958755493164,1.0
11,2.927482901252249,147.6843701581481,28.882539506794036,100.0,0.009999999776482582,2.0997703075408936,0.75
12,2.8755049794467986,136.72136134692053,27.331869938352156,100.0,0.009999999776482582,2.0782253742218018,1.0
13,2.282165539937066,148.6921927179634,30.38780331028376,100.0,0.009999999776482582,2.1560585498809814,1.0
14,2.4514210653103454,145.2522167007418,30.315087071418432,100.0,0.009999999776482582,2.130387306213379,0.75
15,2.356598898277497,156.26213341995788,31.30771039101598,100.0,0.009999999776482582,2.158486843109131,0.5
16,2.6048463031496567,136.39988703783467,28.21737128208986,100.0,0.009999999776482582,2.099102020263672,1.0
17,2.6563353377601135,155.8116747468027,31.849396883764616,100.0,0.009999999776482582,2.0920770168304443,0.75
18,2.885217244500302,164.73345678602087,34.58441054667845,100.0,0.009999999776482582,2.089832305908203,0.5
19,3.025515686345926,134.87289398716098,27.506156743958005,100.0,0.009999999776482582,1.976322889328003,1.0
20,2.4488115719165258,127.86346942254214,26.61956982747254,100.0,0.009999999776482582,2.0263800621032715,1.0
21,2.824180982424663,167.11407583776955,34.30649564014574,100.0,0.009999999776482582,2.104759693145752,0.5
22,2.5555195274640012,170.79625645777,35.653282768491195,100.0,0.009999999776482582,2.204744815826416,0.25
23,2.71641953861166,154.10981276903453,32.48186089135017,100.0,0.009999999776482582,2.1200461387634277,0.5
24,2.8766945323900366,145.50962385338633,30.11970255152673,100.0,0.009999999776482582,1.95965576171875,1.0
25,2.93005778361081,143.61226127439951,29.39669276259672,100.0,0.009999999776482582,1.9624977111816406,0.75
26,2.9684229253020176,144.36307917423727,29.49392479809791,100.0,0.009999999776482582,2.0260891914367676,0.75
27,3.1248994441589915,139.32073877080384,28.373692009836304,100.0,0.009999999776482582,1.9504964351654053,0.75
28,2.7070744569213443,138.43560498021148,29.34309781777315,100.0,0.009999999776482582,1.9452790021896362,1.0
29,2.6927518126870034,165.0823060497207,33.94549075888541,100.0,0.009999999776482582,2.0364534854888916,0.5
30,2.955610100454527,142.1800724141313,29.812192441446268,100.0,0.009999999776482582,1.919203519821167,0.75
31,2.3978388250084417,151.82965890559979,33.01829950149893,100.0,0.009999999776482582,2.1393308639526367,0.75
32,2.6658508354542287,166.0394977224348,35.54878446819669,100.0,0.009999999776482582,2.1182899475097656,0.5
33,2.6889222942583197,143.1267232356607,30.759241250352495,100.0,0.009999999776482582,1.9205529689788818,1.0
34,2.4042956884720503,133.90400774191482,29.46796631956553,100.0,0.009999999776482582,1.9652743339538574,1.0
35,2.6905939860941723,155.4848563207468,34.144849643625044,100.0,0.009999999776482582,2.0168423652648926,0.75
36,2.4197931278665896,170.62790343108531,36.165488855891645,100.0,0.009999999776482582,2.1667351722717285,0.5
37,2.8754742168954253,148.4923742989773,32.29229745425809,100.0,0.009999999776482582,1.8926466703414917,1.0
38,2.6968482101406273,138.85402282706062,30.710158973084148,100.0,0.009999999776482582,1.8819385766983032,1.0
39,2.910395174571412,173.30971137026276,36.63590210729183,100.0,0.009999999776482582,2.0918610095977783,0.25
40,2.678877061483594,177.59088294448713,38.8190483639695,100.0,0.009999999776482582,2.200566530227661,0.25
41,2.2925029884040735,151.53079869598042,31.938220373145157,100.0,0.009999999776482582,2.1255977153778076,0.5
42,2.436873605995943,163.71813258760864,34.09854667461382,100.0,0.009999999776482582,2.1068568229675293,0.5
43,2.7097151534800896,135.5921942098893,29.810317640877965,100.0,0.009999999776482582,1.8703246116638184,1.0
44,3.1859393601430526,143.22959337637565,31.556485138575265,100.0,0.009999999776482582,1.7495317459106445,1.0
45,3.1966807116276836,145.29314896391904,32.24849864158611,100.0,0.009999999776482582,1.7290558815002441,1.0
46,2.6498993384199427,148.7718920517715,32.27150541364635,100.0,0.009999999776482582,2.06370210647583,0.75
47,2.908199217160346,173.16189040402037,36.708673276170764,100.0,0.009999999776482582,2.0342607498168945,0.5
48,2.743968035930453,183.02775918109344,37.09921142611278,100.0,0.009999999776482582,2.09983229637146,0.25
49,2.6964956886666043,168.36194339024794,34.65892621784797,100.0,0.009999999776482582,2.1776838302612305,0.5
50,2.362226191018214,141.51106619624076,32.7217889948355,100.0,0.009999999776482582,2.0167410373687744,1.0
51,2.7483433680456617,159.15768521985913,34.21915263933375,100.0,0.009999999776482582,1.9363300800323486,0.75
52,3.3459169583677224,170.89298164765538,33.76642648860985,100.0,0.009999999776482582,1.8993768692016602,0.5
53,3.050970587713645,153.31502383981407,32.184953456480976,100.0,0.009999999776482582,1.861937165260315,0.75
54,2.903379451744514,153.62862233097744,34.825627532003374,100.0,0.009999999776482582,1.9792689085006714,0.75
55,3.030409286022077,162.42400995909298,34.78743675779078,100.0,0.009999999776482582,1.8623790740966797,0.75
56,2.604336545651624,175.97951570902816,35.10688743268753,100.0,0.009999999776482582,2.24636173248291,0.25
57,2.5081018127119576,148.64223460818909,32.12362002632853,100.0,0.009999999776482582,1.991655707359314,0.75
58,2.3156950433003836,141.2563565822612,32.39702702055305,100.0,0.009999999776482582,1.9388917684555054,1.0
59,2.93552139933684,159.33592871540412,35.18033698666171,100.0,0.009999999776482582,1.9085450172424316,0.75
60,2.5268892367900873,168.67103382329003,34.17882922324204,100.0,0.009999999776482582,2.100033760070801,0.5
61,2.790177013755634,143.61916733125062,33.28504517518867,100.0,0.009999999776482582,1.8597962856292725,1.0
62,3.140302168552996,161.51198649530554,32.96313683763239,100.0,0.009999999776482582,1.8861675262451172,0.5
63,2.62979633691747,160.3242724650078,33.002611564925715,100.0,0.009999999776482582,2.0980968475341797,0.5
64,3.3018190987941205,145.53418122201018,33.41225407940546,100.0,0.009999999776482582,1.6157572269439697,1.0
65,2.908698256333501,178.4759503751308,40.15219165139976,100.0,0.009999999776482582,2.0040292739868164,0.5
66,3.0321095254559047,137.90728880659265,32.81437623537457,100.0,0.009999999776482582,1.5964456796646118,1.0
67,2.7896815120442153,151.6209929882373,33.89321737648615,100.0,0.009999999776482582,1.8877309560775757,0.75
68,3.0005891248575596,138.9522813280314,32.89213680389289,100.0,0.009999999776482582,1.6610275506973267,1.0
69,3.062630052349723,159.2005354798672,36.24671385468098,100.0,0.009999999776482582,1.7815139293670654,0.75
70,3.0375311332121258,190.0303844206386,39.02994471288354,100.0,0.009999999776482582,2.2427453994750977,0.25
71,3.0501422208948226,159.95169251379542,35.925441355188035,100.0,0.009999999776482582,1.6976099014282227,0.75
72,3.2183564403096456,164.15270085059655,33.66884047503475,100.0,0.009999999776482582,1.9962940216064453,0.5
73,3.169708616261927,208.84252952791616,40.079894386044515,100.0,0.009999999776482582,2.2766470909118652,0.0
74,2.881705827853695,151.1166008483716,33.30549263874161,100.0,0.009999999776482582,1.851570725440979,0.75
75,2.9648127169030976,176.54358885214387,36.22132238602454,100.0,0.009999999776482582,2.0822761058807373,0.5
76,2.9796874444213834,141.55216954662026,34.49846952999245,100.0,0.009999999776482582,1.715895652770996,1.0
77,3.186415282025049,157.11275703695762,34.6498708358362,100.0,0.009999999776482582,1.674977421760559,0.75
78,2.5619403784035137,167.2331952349536,35.372945418826895,100.0,0.009999999776482582,2.1808252334594727,0.5
79,2.6959230590249796,171.07534327372247,35.28267475502538,100.0,0.009999999776482582,2.0789802074432373,0.5
80,3.113410680169891,137.06864607105237,34.05179765358389,100.0,0.009999999776482582,1.7005308866500854,1.0
81,3.09528020612545,151.74151850853497,33.88806127165703,100.0,0.009999999776482582,1.7545256614685059,0.75
82,3.028028439812842,139.05774503284422,34.72717811750037,100.0,0.009999999776482582,1.6020243167877197,1.0
83,3.29577721400649,169.40479461200496,34.748755763447626,100.0,0.009999999776482582,1.7997276782989502,0.5
84,2.4595389041986917,159.4119837573696,36.97368525548857,100.0,0.009999999776482582,1.9279987812042236,0.75
85,2.777678390193385,163.07339213723137,34.40184228377093,100.0,0.009999999776482582,1.9922187328338623,0.5
86,2.810670213082946,160.33139474116712,36.97054935310926,100.0,0.009999999776482582,1.9211750030517578,0.75
87,2.9821303371655614,171.76001633262518,35.902742288006,100.0,0.009999999776482582,2.1605336666107178,0.5
88,2.630763239901072,129.56860532736192,34.18763404924714,100.0,0.009999999776482582,1.666245937347412,1.0
89,3.129152249887567,162.77430938890552,39.15909710018577,100.0,0.009999999776482582,1.8202533721923828,0.75
90,2.838727802389074,140.75918639910515,35.49264939184259,100.0,0.009999999776482582,1.7650070190429688,1.0
91,2.745501209051115,146.86348483459827,36.521125643375846,100.0,0.009999999776482582,1.9472973346710205,1.0
92,3.1719151775198293,154.93536984958428,35.84408643296006,100.0,0.009999999776482582,1.608635425567627,0.75
93,2.932399483562072,154.96195383696104,37.77018462532973,100.0,0.009999999776482582,1.8088815212249756,0.75
94,2.9761614314382148,157.67804066286527,38.02841321147023,100.0,0.009999999776482582,1.809798002243042,0.75
95,2.825630699205316,149.23327131130569,33.89207282371139,100.0,0.009999999776482582,1.9066866636276245,0.75
96,2.7766793692977143,156.0000831511032,35.87220971335602,100.0,0.009999999776482582,1.898308515548706,0.75
97,2.9529976063184766,166.42956984825574,37.79513976942795,100.0,0.009999999776482582,1.863429069519043,0.5
98,3.015175592696986,138.3069015494903,36.32160278390687,100.0,0.009999999776482582,1.536250114440918,1.0
99,3.2244999004883756,164.9770893778203,34.94681901270623,100.0,0.009999999776482582,1.760788083076477,0.5
100,2.470304656054937,132.18303335739887,35.95305996769244,100.0,0.009999999776482582,1.7162237167358398,1.0
101,2.897404576451068,131.47365806867182,35.668183337669134,100.0,0.009999999776482582,1.6191980838775635,1.0
102,3.1629390580042513,169.65280222733068,37.08034108408439,100.0,0.009999999776482582,1.9612958431243896,0.5
103,2.7880844437925876,150.19940947158275,34.417123314575136,100.0,0.009999999776482582,2.0039215087890625,0.75
104,3.0858583687219796,127.88729213017382,35.91867526071849,100.0,0.009999999776482582,1.3927868604660034,1.0
105,2.9354396056035954,154.9057631404691,35.8674348223196,100.0,0.009999999776482582,1.877497673034668,0.75
106,2.982536763652837,164.7507265373576,33.699674326782166,100.0,0.009999999776482582,1.9659537076950073,0.5
107,2.8865030477689437,153.01111478898144,34.56954241631545,100.0,0.009999999776482582,1.8932591676712036,0.75
108,2.8301991448411767,158.48430180685858,38.71028337991748,100.0,0.009999999776482582,1.7953718900680542,0.75
109,2.9426773371580954,135.74111390709552,36.55587830635984,100.0,0.009999999776482582,1.5939867496490479,1.0
110,2.9410373380181367,134.63610397517468,36.70028405899843,100.0,0.009999999776482582,1.5837361812591553,1.0
111,3.144219673958853,144.8290862796026,33.18287074268256,100.0,0.009999999776482582,1.7758880853652954,0.75
112,2.505628060015393,135.03394797384715,36.726943951603026,100.0,0.009999999776482582,1.8072001934051514,1.0
113,2.8568443334017157,183.49261529731737,38.08421831642334,100.0,0.009999999776482582,1.9579335451126099,0.5
114,2.897480045607318,138.33750585102663,37.520250907569974,100.0,0.009999999776482582,1.5932159423828125,1.0
115,3.217430700874187,124.05604484571165,36.70765333068915,100.0,0.009999999776482582,1.2418410778045654,1.0
116,2.9787274498543117,156.63734665046772,36.19144219601681,100.0,0.009999999776482582,1.8899288177490234,0.75
117,2.4937756552941255,118.47956743978034,36.51197499322661,100.0,0.009999999776482582,1.5720224380493164,1.0
118,3.144182128639873,125.4350113262888,37.06735737029115,100.0,0.009999999776482582,1.5718704462051392,1.0
119,2.746556418850476,154.31002179677907,35.72885351858698,100.0,0.009999999776482582,1.9885327816009521,0.75
120,2.9015814185857796,183.83485968965633,37.510312031851306,100.0,0.009999999776482582,2.1803812980651855,0.5
121,3.043146996749676,152.14268861390866,37.14750609637831,100.0,0.009999999776482582,1.521035075187683,0.75
122,3.1008629216167587,142.43157221644543,36.442695819735974,100.0,0.009999999776482582,1.6413383483886719,0.75
123,2.6237356838238943,129.65157332581353,36.694319324007765,100.0,0.009999999776482582,1.6725326776504517,1.0
124,3.005402572933353,145.8741998560549,35.29784498618307,100.0,0.009999999776482582,1.753496766090393,0.75
125,3.2105733797183604,184.1350815406796,38.36285238869079,100.0,0.009999999776482582,1.9369170665740967,0.5
126,2.758270757069535,126.35381659029926,36.165589002378006,100.0,0.009999999776482582,1.6625162363052368,1.0
127,2.779092868427413,168.5339244536878,34.49891165852718,100.0,0.009999999776482582,1.949110984802246,0.5
128,2.867430374359693,123.50263029170142,36.94554600506192,100.0,0.009999999776482582,1.431413173675537,1.0
129,3.0086755996885413,186.09808712898763,34.015297092169554,100.0,0.009999999776482582,2.28085994720459,0.25
130,3.113121843733944,125.55682039384793,37.7038443635297,100.0,0.009999999776482582,1.3176666498184204,1.0
131,3.4283924568827313,188.94725936580338,36.21544796295981,100.0,0.009999999776482582,2.0316734313964844,0.25
132,2.8450989501491177,123.02768822722626,37.65457583280037,100.0,0.009999999776482582,1.4161896705627441,1.0
133,2.8450231970851014,175.2868958599555,35.29975365302229,100.0,0.009999999776482582,2.1874542236328125,0.5
134,3.1346906969345665,156.6147060011958,39.436890112648285,100.0,0.009999999776482582,1.7399137020111084,0.75
135,3.0790166963487633,164.09859423125874,36.36103016441101,100.0,0.009999999776482582,1.9532570838928223,0.5
136,2.697023359943189,113.13417786270435,37.35197783461582,100.0,0.009999999776482582,1.4272215366363525,1.0
137,3.1851879487683328,153.00019029498037,36.540655395125384,100.0,0.009999999776482582,1.7491018772125244,0.75
138,3.5051049767069173,203.0907360254667,37.77991974752202,100.0,0.009999999776482582,2.260256290435791,0.25
139,2.372853050713176,119.04811561037677,37.48529834710332,100.0,0.009999999776482582,1.658566951751709,1.0
140,2.927204005598598,136.20830274726546,34.29168861082959,100.0,0.009999999776482582,1.4962222576141357,0.75
141,3.0128415118623315,151.3404820517678,37.94458920450452,100.0,0.009999999776482582,1.7417731285095215,0.75
142,2.892452672779105,150.81696135598068,37.51950790438697,100.0,0.009999999776482582,1.8597314357757568,0.75
143,2.863334889947487,152.73922220265902,36.559618048787584,100.0,0.009999999776482582,1.7489056587219238,0.75
144,2.466254577343039,124.89152101467685,37.66985572004449,100.0,0.009999999776482582,1.7697397470474243,1.0
145,2.6230774368983,118.30153010150157,38.022047984704436,100.0,0.009999999776482582,1.526204228401184,1.0
146,2.5107717115401575,123.7205746163705,38.121438860133416,100.0,0.009999999776482582,1.7743844985961914,1.0
147,3.149370550485299,144.44357367345842,35.90961602379,100.0,0.009999999776482582,1.3569629192352295,0.75
148,2.775094018179109,143.32974260966253,35.748026658236874,100.0,0.009999999776482582,1.7293248176574707,0.75
149,3.5364093690108427,150.1947780774695,39.1471445302877,100.0,0.009999999776482582,1.4716087579727173,0.75
150,2.8553275978099357,121.9302782549893,37.672607873712664,100.0,0.009999999776482582,1.5182639360427856,1.0
151,3.246411251120723,153.79104103492378,38.3106826921077,100.0,0.009999999776482582,1.8422495126724243,0.75
152,3.0860692218928585,172.27604904332873,37.23313888513763,100.0,0.009999999776482582,1.675462245941162,0.5
153,2.699697050350774,112.63641973065818,37.837102211803476,100.0,0.009999999776482582,1.3768001794815063,1.0
154,2.8858862419821145,136.75605934949454,35.484096825014824,100.0,0.009999999776482582,1.474714756011963,0.75
155,3.0452242284445203,179.53642088908063,38.895725336635046,100.0,0.009999999776482582,2.075061798095703,0.5
156,2.973422256996422,130.4074957700924,33.508950337724634,100.0,0.009999999776482582,1.3315341472625732,0.75
157,2.7238325168347384,111.15650459305945,37.62164497561943,100.0,0.009999999776482582,1.3747053146362305,1.0
158,2.88478323348803,149.22551612624034,37.81453921471732,100.0,0.009999999776482582,1.8447636365890503,0.75
159,2.890621797139618,144.33086069421148,36.80371904160664,100.0,0.009999999776482582,1.5943219661712646,0.75
160,3.501239155204753,213.62207565362002,34.86336569079065,100.0,0.009999999776482582,2.3677310943603516,0.0
161,2.92749522920617,120.94671509429963,38.347401895846744,100.0,0.009999999776482582,1.4997930526733398,1.0
162,2.7946893900553818,151.16086427533946,36.46049098386881,100.0,0.009999999776482582,1.9719629287719727,0.75
163,3.2315456446982576,163.95709058243145,35.68473447419971,100.0,0.009999999776482582,1.810753583908081,0.5
164,2.671257511902808,123.56405155587379,38.56733908917226,100.0,0.009999999776482582,1.6350245475769043,1.0
165,2.965182888939305,153.1730687794047,37.12205617163909,100.0,0.009999999776482582,1.970015525817871,0.75
166,2.6448451146477217,119.08850723606204,38.10761412159848,100.0,0.009999999776482582,1.6224474906921387,1.0
167,3.067530434756424,191.89716138119118,34.12801217273178,100.0,0.009999999776482582,2.0324363708496094,0.25
168,2.9267055597022575,148.8993866889187,37.42865110155534,100.0,0.009999999776482582,1.8493291139602661,0.75
169,3.4442233913606994,181.0411259876521,36.821174907257145,100.0,0.009999999776482582,2.173889398574829,0.5
170,3.413991005244608,170.45363898434994,36.99938201340197,100.0,0.009999999776482582,1.6666624546051025,0.5
171,2.9365867360015567,104.92155918504423,38.195238107679984,100.0,0.009999999776482582,1.104466438293457,1.0
172,3.2330714159479497,172.44816803829323,37.59104416202169,100.0,0.009999999776482582,1.942901849746704,0.5
173,2.558390580775787,121.72382657869225,38.38996989446715,100.0,0.009999999776482582,1.624780535697937,1.0
174,3.0527079713724303,148.12138099445684,39.472452424364235,100.0,0.009999999776482582,1.4509022235870361,0.75
175,2.8786554620971945,140.0116840880179,36.17381194791303,100.0,0.009999999776482582,1.7124614715576172,0.75
176,3.0587513705596994,140.30470347890528,38.11942956331772,100.0,0.009999999776482582,1.312639832496643,0.75
177,2.4375751641667294,111.85189234687877,38.04436060763901,100.0,0.009999999776482582,1.6280243396759033,1.0
178,2.7264689521288235,110.33827948579528,38.069910662396836,100.0,0.009999999776482582,1.3657557964324951,1.0
179,2.7187387909691125,148.86537881221525,37.74606872276182,100.0,0.009999999776482582,1.7162458896636963,0.75
180,3.3427325480674552,161.43935896437557,38.05585753469477,100.0,0.009999999776482582,1.8314863443374634,0.75
181,2.9269077814567326,148.43256907521535,37.131825868212914,100.0,0.009999999776482582,1.8431674242019653,0.75
182,3.237559191208108,170.3784022612759,37.14997681796383,100.0,0.009999999776482582,1.793670654296875,0.5
183,3.5301748707671274,174.25042456101065,36.94361978396083,100.0,0.009999999776482582,2.053288221359253,0.5
184,2.659255776878971,100.70145146626245,38.43859813467166,100.0,0.009999999776482582,1.2167069911956787,1.0
185,2.7245891162939944,158.69973524568022,38.13446811536701,100.0,0.009999999776482582,1.841158390045166,0.75
186,2.5027638552334426,110.34122959659778,38.28574954213654,100.0,0.009999999776482582,1.4833126068115234,1.0
187,2.7724699924521583,127.7269790942647,38.08018209731358,100.0,0.009999999776482582,1.7389235496520996,1.0
188,2.968613595577726,177.0776796145839,37.171831631021256,100.0,0.009999999776482582,1.9294425249099731,0.5
189,2.927914725083055,139.50626384415662,36.61710823260229,100.0,0.009999999776482582,1.3063769340515137,0.75
190,2.8868281664926476,140.71583080249874,35.23126899537457,100.0,0.009999999776482582,1.7018358707427979,0.75
191,2.7918866986339026,110.99340227537091,38.80925646777472,100.0,0.009999999776482582,1.339747667312622,1.0
192,3.102127774765615,184.75116133741113,38.469617184261445,100.0,0.009999999776482582,2.2012619972229004,0.5
193,2.507545972946222,110.87758096760568,38.46540565805188,100.0,0.009999999776482582,1.6301758289337158,1.0
194,3.038226478227313,160.08641592355357,35.635056173592766,100.0,0.009999999776482582,1.7927627563476562,0.5
195,2.6473092749911293,109.71136344230815,38.84856449812461,100.0,0.009999999776482582,1.4680440425872803,1.0
196,2.9175310076891074,155.92110577408545,41.40642386112194,100.0,0.009999999776482582,1.5607094764709473,0.75
197,3.450492598364503,151.20204633607008,37.80390123154903,100.0,0.009999999776482582,1.8155274391174316,0.75
198,2.648313506875853,118.9349471937384,38.67590879346807,100.0,0.009999999776482582,1.61165452003479,1.0
199,2.7518132829802995,156.2723135472203,35.8173874476794,100.0,0.009999999776482582,1.9699854850769043,0.75
200,3.054892695193443,177.59322340658318,35.6367461530192,100.0,0.009999999776482582,1.928945779800415,0.5
201,3.7069078106980826,176.80971219633471,34.491712169136,100.0,0.009999999776482582,1.9149373769760132,0.5
202,2.7517832087694307,98.91833243796985,38.54882531368477,100.0,0.009999999776482582,1.2054457664489746,1.0
203,3.1700139975013633,129.13299186501553,33.37658612909565,100.0,0.009999999776482582,1.3010263442993164,0.75
204,2.5818305450673638,121.9756204956661,38.80816133800748,100.0,0.009999999776482582,1.6060655117034912,1.0
205,2.7517462846464897,105.93502686557532,38.43632645141128,100.0,0.009999999776482582,1.3261785507202148,1.0
206,2.4326739159360797,105.88073886556153,38.61175774995616,100.0,0.009999999776482582,1.4592015743255615,1.0
207,3.0223253462893176,146.4421135708368,37.48959544961371,100.0,0.009999999776482582,1.7007330656051636,0.75
208,3.014369489724195,141.3780036931273,34.67750404774906,100.0,0.009999999776482582,1.6981154680252075,0.75
209,2.9297255569658462,180.67748441181993,35.00528598951834,100.0,0.009999999776482582,2.207650661468506,0.5
210,3.438794913860568,142.2023978729463,36.42466342311364,100.0,0.009999999776482582,1.5453025102615356,0.75
211,2.8408804834457553,90.68929582074199,37.99904057464849,100.0,0.009999999776482582,0.9162580966949463,1.0
212,2.8883645478130893,151.93147104369106,37.03660249148515,100.0,0.009999999776482582,1.970283031463623,0.75
213,3.150518161073777,157.4023631819842,40.71567940174942,100.0,0.009999999776482582,1.6667506694793701,0.75
214,2.487378352987795,93.55343971226957,38.77568138127825,100.0,0.009999999776482582,1.3245974779129028,1.0
215,3.328240320676993,201.45336630043047,35.294421209146904,100.0,0.009999999776482582,2.317429542541504,0.25
216,2.6992882967265373,104.96612386296533,38.539233180835396,100.0,0.009999999776482582,1.461978554725647,1.0
217,2.6241794216408323,105.05615594269021,38.80019192427705,100.0,0.009999999776482582,1.3242756128311157,1.0
218,2.588505014653869,117.43757911431852,39.0386829884723,100.0,0.009999999776482582,1.7292606830596924,1.0
219,2.507897100565581,103.77151171158957,37.820731515208756,100.0,0.009999999776482582,1.4611437320709229,1.0
220,3.294746695586853,184.0504560138181,38.52601900866963,100.0,0.009999999776482582,2.045030117034912,0.5
221,2.7928219248275523,147.9774834543259,36.93189641019033,100.0,0.009999999776482582,1.8379676342010498,0.75
222,2.886704815313846,135.4248492449673,35.277530044342235,100.0,0.009999999776482582,1.4241199493408203,0.75
223,3.0355190881521397,126.13655378160811,37.28199577374117,100.0,0.009999999776482582,1.7311632633209229,1.0
224,3.0385595317057215,158.84798719508294,37.528457862615966,100.0,0.009999999776482582,1.9432590007781982,0.75
225,2.7249432648354808,129.90993518469006,35.97140159063148,100.0,0.009999999776482582,1.5544538497924805,0.75
226,3.2314833550261595,136.46700899820493,39.371157789239575,100.0,0.009999999776482582,1.5312482118606567,0.75
227,3.549671201093312,180.37404621042643,37.673734830648044,100.0,0.009999999776482582,1.920539379119873,0.5
228,2.4872527742261887,102.82647104748641,37.56040003219677,100.0,0.009999999776482582,1.4645448923110962,1.0
229,3.1551361655058985,152.9141824034596,37.43342266645768,100.0,0.009999999776482582,1.832761526107788,0.75
230,3.4775687147219116,207.856250853272,33.75912769879846,100.0,0.009999999776482582,2.3823399543762207,0.0
231,3.2610112688138675,162.59883038576632,34.25321786553422,100.0,0.009999999776482582,1.787243127822876,0.5
232,2.669836051685355,162.98684329135222,38.26765238743784,100.0,0.009999999776482582,1.9431641101837158,0.75
233,2.751157664400367,144.05961121606015,34.88156726363675,100.0,0.009999999776482582,1.688677430152893,0.75
234,2.8691448942555837,155.41679668698205,36.79714869186339,100.0,0.009999999776482582,1.8114800453186035,0.75
235,2.7439101843880542,142.83150343456737,33.88296217462146,100.0,0.009999999776482582,1.6988905668258667,0.75
236,3.510712722205688,186.31923886441552,36.29165290609054,100.0,0.009999999776482582,2.057521343231201,0.5
237,2.5476400757462145,108.73072321088569,38.9177610750191,100.0,0.009999999776482582,1.467519760131836,1.0
238,2.7512433517653854,157.65641320173512,37.658255909381275,100.0,0.009999999776482582,1.987568736076355,0.75
239,2.8609948784633668,131.72527781602446,38.85037322271943,100.0,0.009999999776482582,1.7178112268447876,1.0
240,2.806308057964306,123.12545765208846,38.5806586825544,100.0,0.009999999776482582,1.5998915433883667,1.0
241,3.2374512971771705,173.4569291300645,38.70214612710577,100.0,0.009999999776482582,1.9056975841522217,0.5
242,3.2667183167580855,160.77454132213302,33.91092857424637,100.0,0.009999999776482582,1.776381492614746,0.5
243,2.570496231035095,127.15577911820716,38.99966020019717,100.0,0.009999999776482582,1.7318825721740723,1.0
244,3.0975123221467142,134.94614363444418,37.19850600724881,100.0,0.009999999776482582,1.4127017259597778,0.75
245,2.988915977238413,146.86369693851594,38.74087310922343,100.0,0.009999999776482582,2.00039005279541,1.0
246,2.8926739523250355,87.86738925882557,37.841310340089606,100.0,0.009999999776482582,0.8978060483932495,1.0
247,2.7961947692666036,139.92191358885424,35.75920999338883,100.0,0.009999999776482582,1.8232500553131104,0.75
248,3.131826283019529,160.29821221574113,39.21828120098946,100.0,0.009999999776482582,1.8243082761764526,0.75
249,3.008013684540997,183.79634625507055,37.20934236473015,100.0,0.009999999776482582,2.044715404510498,0.5
250,3.230275831270696,136.60603120808366,37.50844609456235,100.0,0.009999999776482582,1.391406536102295,0.75
251,2.971532560643725,179.2445235510314,36.77456377761466,100.0,0.009999999776482582,1.9136558771133423,0.5
252,3.266539925405721,173.94616228629212,35.02851628841799,100.0,0.009999999776482582,2.0561046600341797,0.5
253,2.6289468231963142,91.20304497834591,38.44226557282527,100.0,0.009999999776482582,1.1739140748977661,1.0
254,2.5984681151170848,106.40357760077013,38.43262920180843,100.0,0.009999999776482582,1.305261254310608,1.0
255,2.7725534243471412,142.95707859508408,37.27928539848488,100.0,0.009999999776482582,1.8194986581802368,0.75
256,2.7023081213153124,103.76323824346382,37.47877446701782,100.0,0.009999999776482582,1.3054695129394531,1.0
257,2.6369129181272153,87.05367236339484,38.51181488437338,100.0,0.009999999776482582,1.1626315116882324,1.0
258,2.6183459013971833,149.72522000656707,37.5322635636592,100.0,0.009999999776482582,1.8210684061050415,0.75
259,2.752369950471763,80.72633564215518,37.71003302177428,100.0,0.009999999776482582,0.8723730444908142,1.0
260,2.363677944094795,102.52447618360583,38.94613589046218,100.0,0.009999999776482582,1.5676047801971436,1.0
261,2.542202492261125,129.86224217080775,38.76382187657403,100.0,0.009999999776482582,1.7234231233596802,1.0
262,2.647062998758098,121.69221962697397,32.95532218243811,100.0,0.009999999776482582,1.3979228734970093,0.75
263,3.20220562223819,130.86104098383052,38.113875722522444,100.0,0.009999999776482582,1.5168319940567017,0.75
264,3.018898837306745,133.5174336774035,36.61266799384401,100.0,0.009999999776482582,1.3752800226211548,0.75
265,3.3887951012658166,176.3689906538749,34.15659111136158,100.0,0.009999999776482582,2.0595569610595703,0.5
266,2.9711765709352274,150.2922309670636,35.12705798337763,100.0,0.009999999776482582,1.82277512550354,0.75
267,3.3015741729573698,183.28330035925293,36.816761472811635,100.0,0.009999999776482582,1.9029231071472168,0.5
268,3.1265841678121347,123.95846863131216,32.77023938292846,100.0,0.009999999776482582,1.2608201503753662,0.75
269,3.303470997777386,166.78242149254902,35.331254677327195,100.0,0.009999999776482582,2.044966220855713,0.5
270,3.0554311884037197,158.57118456921708,38.74853869181564,100.0,0.009999999776482582,1.811560869216919,0.75
271,3.0531005571349037,128.06512517340775,36.079325631162575,100.0,0.009999999776482582,1.388592004776001,0.75
272,2.6107751183620302,129.1333774455754,38.09211396548201,100.0,0.009999999776482582,1.8714277744293213,1.0
273,2.5338248929612486,101.18751961229508,38.50123168441423,100.0,0.009999999776482582,1.2845882177352905,1.0
274,3.0532853334127927,148.32728132339057,37.350237707010514,100.0,0.009999999776482582,1.818204402923584,0.75
275,3.4478019807033027,208.30069172995522,36.22893774300448,100.0,0.009999999776482582,2.29032564163208,0.25
276,2.600502984434262,124.9621265856153,35.96446498879752,100.0,0.009999999776482582,1.526610016822815,0.75
277,2.948106996125326,149.40544984173215,37.59959786536758,100.0,0.009999999776482582,1.5225869417190552,0.75
278,2.622319996212374,132.33267784863546,38.77039282168357,100.0,0.009999999776482582,1.8278671503067017,1.0
279,3.241095666289898,171.815339149343,36.19242682159672,100.0,0.009999999776482582,1.7610373497009277,0.5
280,3.330243878673908,170.77215299704434,34.356417460127425,100.0,0.009999999776482582,1.89762544631958,0.5
281,2.449464476727075,118.01566692074555,38.4996206571041,100.0,0.009999999776482582,1.565948486328125,1.0
282,3.0811670943450173,136.52641850225942,37.90779547803407,100.0,0.009999999776482582,1.3798022270202637,0.75
283,3.3391057230349483,141.58515416923626,35.17402875808831,100.0,0.009999999776482582,1.4870368242263794,0.75
284,3.8684232469394395,194.41589513483282,36.486333560848436,100.0,0.009999999776482582,2.187431812286377,0.5
285,3.0877095087509443,131.241104687623,33.9170837458558,100.0,0.009999999776482582,1.3775503635406494,0.75
286,2.690164500043161,74.32128750865841,37.29781035895539,100.0,0.009999999776482582,0.8622032403945923,1.0
287,3.1916098757325613,141.39497296807411,38.22636708525066,100.0,0.009999999776482582,1.6663817167282104,0.75
288,2.394570545893161,81.778662621615,38.33306069467912,100.0,0.009999999776482582,1.4398890733718872,1.0
289,2.3996380936318706,118.52017992944484,38.674212154746655,100.0,0.009999999776482582,1.706483006477356,1.0
290,2.871748171771204,144.69827516695895,37.263765320342756,100.0,0.009999999776482582,1.804844617843628,0.75
291,2.7544297310071615,121.11528990785004,35.20780204491691,100.0,0.009999999776482582,1.2248064279556274,0.75
292,3.070694129079039,153.00613564847617,37.55736908913628,100.0,0.009999999776482582,1.9292292594909668,0.75
293,3.3287228871323076,174.45536477410556,37.83295824384716,100.0,0.009999999776482582,1.7600535154342651,0.5
294,2.6107180985025455,127.79424933303206,33.89640635522128,100.0,0.009999999776482582,1.6793423891067505,0.75
295,2.9811866321428617,168.96649291645934,37.54957938362147,100.0,0.009999999776482582,2.10371732711792,0.75
296,2.6391336901607643,141.18196523634785,36.52821598829011,100.0,0.009999999776482582,1.5062963962554932,0.75
297,3.5670377726386935,170.51427285256355,40.252967556006695,100.0,0.009999999776482582,1.628931999206543,0.5
298,2.320621739233934,98.79178440674697,38.738088485832186,100.0,0.009999999776482582,1.4233300685882568,1.0
299,2.790399060967713,127.25757489375633,35.342097213038606,100.0,0.009999999776482582,1.5131746530532837,0.75
300,2.751153547520317,123.4263760156566,34.09079998086733,100.0,0.009999999776482582,1.4980344772338867,0.75
301,3.0084074585976075,151.58176037886594,33.87001500365184,100.0,0.009999999776482582,1.6247613430023193,0.5
302,2.582359160497869,92.19512911923475,37.21120747620471,100.0,0.009999999776482582,1.2751977443695068,1.0
303,2.994759970098581,156.62637422893178,36.32780313411184,100.0,0.009999999776482582,1.807657241821289,0.75
304,2.3934639996586635,116.52503296305002,38.75610932816269,100.0,0.009999999776482582,1.70325767993927,1.0
305,2.378229339349177,96.29620582293632,38.46008035307388,100.0,0.009999999776482582,1.417468786239624,1.0
306,3.3996991182635465,190.45389489830612,36.43091019817844,100.0,0.009999999776482582,2.179015636444092,0.5
307,2.707693505357224,124.91806800370468,35.991698581347215,100.0,0.009999999776482582,1.2235960960388184,0.75
308,2.423325289394172,96.3194043201064,38.4532556506421,100.0,0.009999999776482582,1.5690522193908691,1.0
309,2.553895889132319,132.14244239446185,37.91129494237328,100.0,0.009999999776482582,1.5146937370300293,0.75
310,3.259529903570426,204.53831258360538,37.603117654718496,100.0,0.009999999776482582,2.133448362350464,0.25
311,3.1125304923236348,153.16811160201885,35.561719904054726,100.0,0.009999999776482582,1.8050832748413086,0.75
312,2.715464564640022,115.91057689499793,37.95774141516583,100.0,0.009999999776482582,1.570482850074768,1.0
313,2.6229692840497516,114.84148373575633,38.29616146572223,100.0,0.009999999776482582,1.5674772262573242,1.0
314,2.698355972773032,159.29611025373467,37.55311699208603,100.0,0.009999999776482582,1.9470171928405762,0.75
315,2.780164578811542,148.65549907854108,36.785147738508314,100.0,0.009999999776482582,1.9676156044006348,0.75
316,2.7152499147814373,123.30879321497888,33.54667743750892,100.0,0.009999999776482582,1.5151028633117676,0.75
317,2.8174696574067406,121.59324654150106,33.782105992605324,100.0,0.009999999776482582,1.5163822174072266,0.75
318,3.3889794302171565,201.00174772445732,34.76377477421376,100.0,0.009999999776482582,2.281466484069824,0.25
319,2.664746473648926,97.46221374656909,38.28139854076623,100.0,0.009999999776482582,1.2517166137695312,1.0
320,2.7266977566628494,135.68801385531629,33.11746982551406,100.0,0.009999999776482582,1.8090217113494873,0.75
321,2.96702335809984,179.22359915384146,34.036844719111,100.0,0.009999999776482582,2.176990509033203,0.5
322,2.6737289834834344,130.39868801840868,37.69046852397058,100.0,0.009999999776482582,1.5106409788131714,0.75
323,2.4089276197402016,97.75258873425194,38.288592606178156,100.0,0.009999999776482582,1.4194936752319336,1.0
324,3.037899908428783,160.6278224785657,37.964177503372106,100.0,0.009999999776482582,1.9406836032867432,0.75
325,2.5499231202288017,113.61144922819527,37.6822585528146,100.0,0.009999999776482582,1.5591241121292114,1.0
326,2.963891961757744,140.71060899224574,35.65559755011847,100.0,0.009999999776482582,1.6545531749725342,0.75
327,2.4814616327540056,116.57938617688646,38.13313778774422,100.0,0.009999999776482582,1.6933891773223877,1.0
328,3.2287727053280224,171.78374677719148,37.03068076975047,100.0,0.009999999776482582,2.0366837978363037,0.5
329,2.6270080793703476,114.46484553636684,33.209107603008086,100.0,0.009999999776482582,1.6495469808578491,0.75
330,2.7742349825901558,125.59793043818898,37.05473849809113,100.0,0.009999999776482582,1.3434332609176636,0.75
331,2.47778487784816,98.41225081013218,38.274788316669515,100.0,0.009999999776482582,1.400109052658081,1.0
332,2.903137637643292,141.01522296566023,36.56939628944429,100.0,0.009999999776482582,1.6485073566436768,0.75
333,2.6234395145998324,121.94119683423108,34.93091586933788,100.0,0.009999999776482582,1.3542872667312622,0.75
334,2.3072993129507364,63.36682043378011,37.1673864795913,100.0,0.009999999776482582,1.1079825162887573,1.0
335,2.850556369098581,149.20877086350768,37.51686399548961,100.0,0.009999999776482582,1.6342437267303467,0.75
336,2.531799618600818,119.87819937861433,34.593807346671284,100.0,0.009999999776482582,1.2073311805725098,0.75
337,2.830064215096915,163.14555599399202,36.40185467942373,100.0,0.009999999776482582,1.9000228643417358,0.5
338,2.9300645887314563,125.7843623875489,34.4279966978852,100.0,0.009999999776482582,1.4658536911010742,0.75
339,2.460387348309426,148.45136612682285,36.39808583517332,100.0,0.009999999776482582,1.9564601182937622,0.75
340,2.7393359217380744,120.22748705299969,34.65145725016521,100.0,0.009999999776482582,1.4889655113220215,0.75
341,2.913023424824571,125.17720325079715,38.092754227581224,100.0,0.009999999776482582,1.471404790878296,0.75
342,2.294123956862727,91.31641685834171,38.093170360491975,100.0,0.009999999776482582,1.410018801689148,1.0
343,2.91958558633303,158.39563225728077,34.74577270335831,100.0,0.009999999776482582,1.614662766456604,0.5
344,2.2434737484009633,86.68538549447211,36.57632682918989,100.0,0.009999999776482582,1.405881643295288,1.0
345,2.2742235031319566,60.62332028438283,37.356349580674554,100.0,0.009999999776482582,1.2473623752593994,1.0
346,3.332360966974588,163.51373940702015,35.358958211444296,100.0,0.009999999776482582,1.7333014011383057,0.5
347,2.3243600394613506,84.3475677215195,37.77841876122173,100.0,0.009999999776482582,1.107019066810608,1.0
348,2.9634600236337287,157.70818968529142,36.40297341667268,100.0,0.009999999776482582,1.7421507835388184,0.5
349,3.3751857886607857,158.65745255217385,36.047449534976714,100.0,0.009999999776482582,1.6801807880401611,0.5
350,2.970745250470161,143.66030351345543,30.588978374849848,100.0,0.009999999776482582,1.8640563488006592,0.5
351,3.2634916658147315,159.85579283440413,34.84454502811436,100.0,0.009999999776482582,2.040199041366577,0.5
352,2.550191648216123,159.50113553937064,36.86610977939926,100.0,0.009999999776482582,1.9244043827056885,0.75
353,2.913472552713937,144.26965074796908,38.85198797600392,100.0,0.009999999776482582,1.6486454010009766,0.75
354,2.8256259583031382,141.06417518591448,37.75136738589596,100.0,0.009999999776482582,1.7865335941314697,0.75
355,2.617331253653543,115.27941952820112,34.612419720044095,100.0,0.009999999776482582,1.3334401845932007,0.75
356,2.7305235851043586,147.53586797995914,31.980772089819226,100.0,0.009999999776482582,1.728339672088623,0.5
357,2.954988839360035,145.6269445133208,39.680809941577074,100.0,0.009999999776482582,1.7891366481781006,0.75
358,3.366618016370566,209.1861463985465,34.630688617001404,100.0,0.009999999776482582,2.374380588531494,0.0
359,2.8944707208402964,141.0394742077718,37.87159511292479,100.0,0.009999999776482582,1.491700530052185,0.75
360,2.814933933761369,118.16615398388294,37.00912567119638,100.0,0.009999999776482582,1.3187144994735718,0.75
361,2.6900787039874228,139.7076425128809,38.63234716827879,100.0,0.009999999776482582,1.6414964199066162,0.75
362,2.4881608829357713,109.70017309080802,37.146709539002416,100.0,0.009999999776482582,1.527145504951477,1.0
363,2.2437199793736142,63.11743003219871,37.21076621891494,100.0,0.009999999776482582,1.3853545188903809,1.0
364,3.349739592925852,194.0259234032795,37.052656812303596,100.0,0.009999999776482582,2.10860013961792,0.25
365,2.532090210054816,90.21507731566167,37.50576160521557,100.0,0.009999999776482582,1.0669885873794556,1.0
366,2.2414182318421076,49.94027342316283,35.99107162722165,100.0,0.009999999776482582,0.802969753742218,1.0
367,2.5110489583978746,153.68635087876166,35.751110546755925,100.0,0.009999999776482582,1.928652286529541,0.75
368,2.8621210038840594,177.95993172861245,35.54579886519739,100.0,0.009999999776482582,1.8784401416778564,0.5
369,2.49744831628433,139.46767592235344,39.06480948220961,100.0,0.009999999776482582,1.636946678161621,0.75
370,2.561512636174826,109.85728509960214,32.858583202309326,100.0,0.009999999776482582,1.5027811527252197,0.75
371,2.6591833712308546,159.04423767693646,33.951449895958746,100.0,0.009999999776482582,1.860992193222046,0.5
372,2.573299968860654,136.98054678698662,36.60611763936603,100.0,0.009999999776482582,1.7842210531234741,0.75
373,2.4800523890139377,138.30947165979663,36.59918215891662,100.0,0.009999999776482582,1.7792644500732422,0.75
374,2.2434076249683037,58.756803329076114,37.08499109264906,100.0,0.009999999776482582,1.3952629566192627,1.0
375,2.1987681556708885,87.14220454980558,37.6269823746047,100.0,0.009999999776482582,1.3848499059677124,1.0
376,2.3609386987451066,86.51955033919171,37.15399311654703,100.0,0.009999999776482582,1.3860652446746826,1.0
377,2.7859035654850794,147.17351855253497,34.911612921239914,100.0,0.009999999776482582,1.9316750764846802,0.75
378,2.8999851512334494,182.04798431405345,39.81420865499486,100.0,0.009999999776482582,2.022189140319824,0.5
379,2.7318231135292987,159.16886432834826,38.16032471436083,100.0,0.009999999776482582,1.9608198404312134,0.75
380,2.63211584196813,136.809714862875,35.741005407451354,100.0,0.009999999776482582,1.6423075199127197,0.75
381,2.4613214528790883,134.80026218187393,36.85751606033502,100.0,0.009999999776482582,1.4968112707138062,0.75
382,2.730062564150606,134.70269027306526,36.084505572283135,100.0,0.009999999776482582,1.6212286949157715,0.75
383,3.030611182799309,172.31756578946542,36.057567003962816,100.0,0.009999999776482582,1.8550572395324707,0.5
384,2.6218609788916023,139.3250085886547,37.375125984264095,100.0,0.009999999776482582,1.4753615856170654,0.75
385,2.8976482782337962,139.85034445652045,34.03113981692733,100.0,0.009999999776482582,1.9040555953979492,0.75
386,2.6415659536354212,132.72154718138927,35.33881803063078,100.0,0.009999999776482582,1.7830708026885986,0.75
387,2.184267397480268,90.08689595231017,38.32648630448326,100.0,0.009999999776482582,1.5247209072113037,1.0
388,2.753744443862256,146.62071634254937,36.083785036634815,100.0,0.009999999776482582,1.9153902530670166,0.75
389,2.8781719097335237,159.34894196110793,36.084306864793966,100.0,0.009999999776482582,1.8527014255523682,0.5
390,2.5339569536500397,155.8726803251527,36.03347611288773,100.0,0.009999999776482582,1.7729766368865967,0.75
391,2.550814444105877,123.62174568780263,36.31169928119516,100.0,0.009999999776482582,1.3230453729629517,0.75
392,2.566597547499004,113.80438489195731,35.210119091914116,100.0,0.009999999776482582,1.3215932846069336,0.75
393,2.6917307144406912,143.3621054298772,38.15617078414703,100.0,0.009999999776482582,1.9817938804626465,1.0
394,2.643255669293778,133.40491962437773,34.73315801109604,100.0,0.009999999776482582,1.7520378828048706,0.75
395,2.626586318276376,125.70930785070138,33.5256097442408,100.0,0.009999999776482582,1.6491656303405762,0.75
396,3.0610811107343805,162.04421590187198,34.213722019073295,100.0,0.009999999776482582,1.8859286308288574,0.5
397,2.351678993761533,86.6051995072265,37.05028567476544,100.0,0.009999999776482582,1.520567774772644,1.0
398,2.6865967885614808,172.86036646121124,36.67857182599407,100.0,0.009999999776482582,2.007077693939209,0.5
399,2.725523315929395,139.09741356742805,32.81962619440982,100.0,0.009999999776482582,1.8468639850616455,0.5
400,2.4346963082645527,125.22858459286276,35.902607023227716,100.0,0.009999999776482582,1.6423375606536865,0.75
401,2.500668615112143,111.0500306633096,34.72937461220427,100.0,0.009999999776482582,1.60373854637146,0.75
402,2.5039317762447895,155.87573597419714,37.190472992749996,100.0,0.009999999776482582,1.9203431606292725,0.75
403,2.3323324985941274,91.32338088041071,37.426197993539645,100.0,0.009999999776482582,1.5376932621002197,1.0
404,2.0996473919190666,86.11484405115174,37.27490583612779,100.0,0.009999999776482582,1.522638201713562,1.0
405,3.1073906547844032,141.37146568088843,35.051435756321126,100.0,0.009999999776482582,1.7591367959976196,0.75
406,2.7111574397323053,133.40514091025483,35.02976500549125,100.0,0.009999999776482582,1.6334317922592163,0.75
407,2.620855221872268,155.69513249821327,39.20209584573092,100.0,0.009999999776482582,1.7383488416671753,0.75
408,2.4888742850973644,146.465203684561,36.27579051869707,100.0,0.009999999776482582,1.7538485527038574,0.75
409,2.290540771572332,128.9684574889572,37.599546416537045,100.0,0.009999999776482582,1.8094511032104492,1.0
410,2.2770474160242804,113.20161334469613,33.76303310776184,100.0,0.009999999776482582,1.184133529663086,0.75
411,2.6258054808071813,83.04717670886075,36.642936290930585,100.0,0.009999999776482582,1.3541821241378784,1.0
412,2.531607618835345,144.06106190703463,35.32808953343932,100.0,0.009999999776482582,1.7746562957763672,0.75
413,2.028552217859242,44.819099879611265,36.20567468242714,100.0,0.009999999776482582,1.07914400100708,1.0
414,3.1273976886594914,141.16075282977008,41.21786822457562,100.0,0.009999999776482582,1.7550196647644043,0.75
415,2.8902803103750987,158.91347337792698,32.12955353921511,100.0,0.009999999776482582,2.001678228378296,0.5
416,2.0621316923631734,82.25801478811624,37.47886279909237,100.0,0.009999999776482582,1.215576410293579,1.0
417,2.1166977840719015,79.80577228818215,37.10929429768133,100.0,0.009999999776482582,1.5061570405960083,1.0
418,2.295891553729987,99.48378837275249,33.67488344103116,100.0,0.009999999776482582,1.3232873678207397,0.75
419,3.098584217906025,181.58107782572097,34.59492252562813,100.0,0.009999999776482582,2.1406784057617188,0.5
420,2.4345293735793954,139.36916177158318,33.83159824780857,100.0,0.009999999776482582,1.7869282960891724,0.75
421,2.849827981479234,160.06277325368376,32.218776972060134,100.0,0.009999999776482582,2.0156586170196533,0.5
422,2.729704412607125,162.9904132674149,35.19857205848239,100.0,0.009999999776482582,2.0541512966156006,0.75
423,2.284286176277699,115.55274448764573,35.89960267680984,100.0,0.009999999776482582,1.3237395286560059,0.75
424,2.1219713114632883,77.88764560818072,37.16485425020112,100.0,0.009999999776482582,1.2393343448638916,1.0
425,2.439801503177744,119.21918520939751,39.38191506734295,100.0,0.009999999776482582,1.4659637212753296,0.75
426,2.373145690428467,106.08665624038538,34.70269115170442,100.0,0.009999999776482582,1.3052077293395996,0.75
427,3.4314863476814765,198.30116466962377,36.39981151992798,100.0,0.009999999776482582,2.249358654022217,0.25
428,2.496342026426112,158.90939711386721,34.80231562605845,100.0,0.009999999776482582,2.0706822872161865,0.75
429,2.991469855219693,171.80438179652424,37.432964171321174,100.0,0.009999999776482582,1.8338499069213867,0.5
430,2.3976233431693323,143.62244862011374,33.60846951291585,100.0,0.009999999776482582,1.9098689556121826,0.75
431,2.276392033232004,76.4898313185832,35.74211629719793,100.0,0.009999999776482582,1.36941397190094,1.0
432,2.4703165676267544,132.86930841993467,35.77691617366262,100.0,0.009999999776482582,1.6233153343200684,0.75
433,2.247402696693955,100.03540587000275,35.883591348425654,100.0,0.009999999776482582,1.524298906326294,1.0
434,2.3447512722932715,127.59743918108441,36.74449826773416,100.0,0.009999999776482582,1.4639561176300049,0.75
435,2.5949024548868302,147.28815285844098,38.820188725825595,100.0,0.009999999776482582,1.7303144931793213,0.75
436,3.150447899203346,183.25374344504584,37.00601451715155,100.0,0.009999999776482582,2.14823055267334,0.5
437,2.1093166403815706,39.38866752417373,35.59314814932394,100.0,0.009999999776482582,1.081673264503479,1.0
438,2.7965467037287635,161.24782165889837,34.070277504019465,100.0,0.009999999776482582,2.0130724906921387,0.5
439,2.597869538100776,138.29295930956272,34.28078121284558,100.0,0.009999999776482582,1.9024901390075684,0.75
440,2.622811107174724,120.97364218886881,36.288553225578596,100.0,0.009999999776482582,1.8069335222244263,1.0
441,2.504834674338725,103.00921075556872,36.871636480632255,100.0,0.009999999776482582,1.659207820892334,1.0
442,2.1016529437399303,77.31581459074826,37.40762000274405,100.0,0.009999999776482582,1.2215067148208618,1.0
443,2.36136556112839,103.16536376628822,36.971016895000346,100.0,0.009999999776482582,1.5465773344039917,1.0
444,2.4291042668988214,112.86518592120211,37.0039606044615,100.0,0.009999999776482582,1.8041086196899414,1.0
445,2.246679019405827,98.9564956881376,36.075965822551716,100.0,0.009999999776482582,1.6491353511810303,1.0
446,2.481172334366812,148.20294618727954,36.060785605901984,100.0,0.009999999776482582,1.7122273445129395,0.5
447,1.993679539610665,35.69583323463942,35.259842985004816,100.0,0.009999999776482582,1.0639348030090332,1.0
448,2.585376153944413,148.3960186570923,36.82608364964858,100.0,0.009999999776482582,1.7123180627822876,0.5
449,2.3630028946879342,136.57917501542332,35.18280266508326,100.0,0.009999999776482582,1.7538875341415405,0.75
450,2.5045636244417104,117.20372010047903,36.95830196548225,100.0,0.009999999776482582,1.7814745903015137,1.0
451,2.1133292267530206,75.12307062804977,36.56021073575411,100.0,0.009999999776482582,1.070999264717102,1.0
452,2.6426078532000363,112.10953414513308,36.48046592622789,100.0,0.009999999776482582,1.7981529235839844,1.0
453,2.498257326011526,137.80672357703529,30.36784360090325,100.0,0.009999999776482582,1.702547311782837,0.5
454,2.351389380977795,131.34726429398904,39.01973252982771,100.0,0.009999999776482582,1.4599682092666626,0.75
455,2.8415794119859603,192.7203909232774,36.74316278995068,100.0,0.009999999776482582,2.0849826335906982,0.25
456,2.3130588531045895,98.75719682926298,33.064644591548515,100.0,0.009999999776482582,1.2895381450653076,0.75
457,2.061377057992012,76.21951567680843,36.70319425432489,100.0,0.009999999776482582,1.216691493988037,1.0
458,2.430325096812962,99.54437734864743,37.03739729205304,100.0,0.009999999776482582,1.6295533180236816,1.0
459,2.1929055873210443,90.17455172304021,35.87405147166754,100.0,0.009999999776482582,1.3513011932373047,1.0
460,2.383547318160007,67.0978452712067,35.247299118678534,100.0,0.009999999776482582,1.5030947923660278,1.0
461,2.3070650346810653,121.18744311687614,34.30134823409758,100.0,0.009999999776482582,1.7541565895080566,0.75
462,2.188855448447682,95.7285250497052,36.828679916817656,100.0,0.009999999776482582,1.3673455715179443,1.0
463,2.100681559864302,87.07763582864598,35.83446240844724,100.0,0.009999999776482582,1.492071509361267,1.0
464,2.8953771589451014,147.9312371580129,31.701708942863778,100.0,0.009999999776482582,1.8631129264831543,0.5
465,2.570860885101372,120.71680440341335,35.11828979289483,100.0,0.009999999776482582,1.438754916191101,0.75
466,2.5663704331024233,145.2979077436743,34.54669078394044,100.0,0.009999999776482582,1.6982791423797607,0.5
467,1.945961007643372,29.33360259061077,34.940162223121874,100.0,0.009999999776482582,1.053579568862915,1.0
468,2.0926758059713664,89.50871464335641,36.593081144481076,100.0,0.009999999776482582,1.49537193775177,1.0
469,1.896633826399918,63.087254605278964,36.28608778799559,100.0,0.009999999776482582,1.1812407970428467,1.0
470,2.0720648399130166,87.30428752222129,36.80332687377515,100.0,0.009999999776482582,1.6403493881225586,1.0
471,1.9294558742960937,58.95511309352036,35.90431098755111,100.0,0.009999999776482582,1.0414060354232788,1.0
472,2.1098162054357186,103.29036795521525,30.1153482475459,100.0,0.009999999776482582,1.4483168125152588,0.75
473,1.8924068611694518,59.808312296689174,36.189150197139554,100.0,0.009999999776482582,1.1974467039108276,1.0
474,2.600554490762133,161.33398108502243,34.53650790026934,100.0,0.009999999776482582,1.8519858121871948,0.5
475,2.3977151956719593,88.21857094016893,35.60421592598972,100.0,0.009999999776482582,1.6485817432403564,1.0
476,2.538785774380152,112.8239876653472,33.73114923484659,100.0,0.009999999776482582,1.5691059827804565,0.75
477,2.587766767481015,131.07887785956137,35.45002087874671,100.0,0.009999999776482582,1.6996694803237915,0.75
478,2.5498522070428735,136.20219225713066,34.581320725167096,100.0,0.009999999776482582,1.7565739154815674,0.75
479,1.9782408876170272,61.6442644795211,35.13652539376384,100.0,0.009999999776482582,1.1833065748214722,1.0
480,2.0606679387878506,115.34332325165987,36.841593990198795,100.0,0.009999999776482582,1.299296498298645,0.75
481,1.964312534238803,83.75806607249916,36.41056685850806,100.0,0.009999999776482582,1.3437060117721558,1.0
482,2.494732788910411,133.838557270258,34.887295135971286,100.0,0.009999999776482582,1.7296984195709229,0.75
483,2.300120705692498,80.43073276556227,36.03027072173978,100.0,0.009999999776482582,1.5015714168548584,1.0
484,2.5784390427248116,161.47603174978258,35.157445127045186,100.0,0.009999999776482582,2.011544704437256,0.5
485,2.676271591029569,131.71347610133068,31.962601387316578,100.0,0.009999999776482582,1.885965347290039,0.75
486,2.835451579799132,166.96548180696925,39.60832263466865,100.0,0.009999999776482582,1.9771149158477783,0.5
487,2.3685730797100613,103.57365656298715,36.16553178916234,100.0,0.009999999776482582,1.7958704233169556,1.0
488,2.7465836643002213,176.03273697508214,35.60844073395695,100.0,0.009999999776482582,2.1371512413024902,0.5
489,2.497817449786889,168.04979356719087,37.09999491334588,100.0,0.009999999776482582,1.8475960493087769,0.5
490,2.4314687856792436,139.5726447346812,36.566780525816,100.0,0.009999999776482582,1.7572481632232666,0.75
491,1.9073579004062569,63.79056876129343,36.08403782436502,100.0,0.009999999776482582,1.2026734352111816,1.0
492,2.0751513091078175,63.15129196538045,36.539251864472995,100.0,0.009999999776482582,1.4839317798614502,1.0
493,1.8447305401985858,25.1973603520272,34.72080394254432,100.0,0.009999999776482582,1.1844311952590942,1.0
494,2.7948126997965734,145.99673609498424,35.19034147684873,100.0,0.009999999776482582,1.7862498760223389,0.5
495,2.4732539781602534,115.27539753580643,33.55103263162362,100.0,0.009999999776482582,1.5747227668762207,0.75
496,2.1487129757658057,63.58690016715878,36.166305255548686,100.0,0.009999999776482582,1.3191542625427246,1.0
497,2.1453033036662537,105.66890316356088,34.519713305248814,100.0,0.009999999776482582,1.2882654666900635,0.75
498,2.5127151755361607,146.08403153663528,35.242758660124295,100.0,0.009999999776482582,1.7001897096633911,0.5
499,2.306051611763743,86.81715339221358,36.30793560208554,100.0,0.009999999776482582,1.6460436582565308,1.0
500,2.1727076417294797,110.5459876492715,35.58256566737391,100.0,0.009999999776482582,1.3024394512176514,0.75
501,1.9055344543436725,57.45964336849845,35.78820237134621,100.0,0.009999999776482582,1.3361194133758545,1.0
502,2.796590375523994,147.36970117313658,31.220207393326255,100.0,0.009999999776482582,2.1557250022888184,0.5
503,2.448300192474475,127.60393163049238,35.75220794862811,100.0,0.009999999776482582,1.744291067123413,0.75
504,2.2001357398802264,120.73062038146172,36.3577599620082,100.0,0.009999999776482582,1.5900976657867432,0.75
505,1.967121581522392,61.84328234389038,36.06507801005016,100.0,0.009999999776482582,1.1903769969940186,1.0
506,2.2386759171561628,123.2412342457472,34.94687180293611,100.0,0.009999999776482582,1.447750210762024,0.75
507,2.2549104132311584,132.44900138812716,36.436927738839465,100.0,0.009999999776482582,1.8809287548065186,0.75
508,2.407686541283288,155.73957754301455,37.15454212402829,100.0,0.009999999776482582,1.5515661239624023,0.5
509,2.28776151174344,119.13680562143651,34.152090825029795,100.0,0.009999999776482582,1.6074256896972656,0.75
510,2.6000808977540677,143.92830686177902,35.289299500911575,100.0,0.009999999776482582,1.8076566457748413,0.5
511,2.2891137515887414,123.63911228911286,37.21038067075997,100.0,0.009999999776482582,1.590075135231018,0.75
512,2.181861936383061,113.28563683934951,35.96517278916102,100.0,0.009999999776482582,1.9301953315734863,1.0
513,2.0364806239618227,108.89991460610501,40.34543027207263,100.0,0.009999999776482582,1.279571294784546,0.75
514,2.779381032238068,146.9685159968565,35.51136899713849,100.0,0.009999999776482582,1.6284048557281494,0.5
515,2.3069495408723,109.73312382394793,36.880423489827784,100.0,0.009999999776482582,1.5800166130065918,0.75
516,2.50434959499929,150.56570479565434,36.16842151876303,100.0,0.009999999776482582,1.6900253295898438,0.5
517,2.2587017072533184,112.68383349164618,41.58579475998198,100.0,0.009999999776482582,1.4207217693328857,0.75
518,1.7646722183849357,21.27932060805494,34.25850368282613,100.0,0.009999999776482582,1.0310951471328735,1.0
519,2.3389186960971364,119.55845923205379,34.597674424819765,100.0,0.009999999776482582,1.7298862934112549,0.75
520,2.6049421768694554,123.5287083443976,37.29452214743906,100.0,0.009999999776482582,1.7087857723236084,0.75
521,1.7346087094787923,20.51126520327802,34.2899764877283,100.0,0.009999999776482582,1.0221840143203735,1.0
522,2.499124580796999,158.55986049400826,40.4059887600096,100.0,0.009999999776482582,1.811240315437317,0.5
523,2.9692526689197147,139.12827531024027,32.33466347649115,100.0,0.009999999776482582,1.7514641284942627,0.5
524,2.22384666631927,93.7989539071641,35.87792797465441,100.0,0.009999999776482582,1.7867028713226318,1.0
525,2.6339182300567474,149.28838848502696,32.03313483028319,100.0,0.009999999776482582,1.94153892993927,0.5
526,2.58416519227106,155.8243507840012,35.589050746802705,100.0,0.009999999776482582,1.9774994850158691,0.5
527,2.1035007093482623,135.30780155819824,43.99651112667153,100.0,0.009999999776482582,1.5764358043670654,0.75
528,2.523315982371948,138.91674386078552,31.283882376229332,100.0,0.009999999776482582,1.8003997802734375,0.5
529,2.006318363566308,78.65687703586272,35.8192840308405,100.0,0.009999999776482582,1.318788766860962,1.0
530,2.7526998493199413,181.95186636345775,38.048571642798876,100.0,0.009999999776482582,2.0677425861358643,0.25
531,2.519372351158361,126.0781368724338,30.865677136376977,100.0,0.009999999776482582,1.6412291526794434,0.5
532,2.356198697641726,145.9723888955199,34.16404639226128,100.0,0.009999999776482582,1.8398278951644897,0.5
533,2.604067557163818,124.91451605139116,34.02688954503076,100.0,0.009999999776482582,1.8571462631225586,0.75
534,1.8840959474039356,61.0861722558724,35.572676752353026,100.0,0.009999999776482582,1.1698827743530273,1.0
535,2.2006962159726697,128.0427469073139,34.80462845355726,100.0,0.009999999776482582,1.7305517196655273,0.75
536,2.032465896829873,81.18381315344732,35.78399887514782,100.0,0.009999999776482582,1.490451455116272,1.0
537,2.410729699549215,154.2857549654045,38.137101187534604,100.0,0.009999999776482582,1.675748348236084,0.5
538,2.0078798971470486,104.48502266221291,36.04833244918368,100.0,0.009999999776482582,1.1125750541687012,0.75
539,2.1721391913554147,83.24595076040991,36.19860383305797,100.0,0.009999999776482582,1.330073356628418,1.0
540,2.6945778308664017,131.56214333979872,35.676557802830516,100.0,0.009999999776482582,1.7338569164276123,0.75
541,2.414763540111855,155.0992423645615,35.41784574026897,100.0,0.009999999776482582,1.965463638305664,0.5
542,2.584840431798396,123.70238371175355,39.79249942226945,100.0,0.009999999776482582,1.7148758172988892,0.75
543,2.644335499627047,142.96219084851074,39.29002023849188,100.0,0.009999999776482582,1.980309247970581,0.75
544,2.309067742016283,126.72398146424055,30.977332869998392,100.0,0.009999999776482582,1.6544300317764282,0.5
545,2.5937934649653074,171.11794508151823,36.58824517273591,100.0,0.009999999776482582,2.1139299869537354,0.5
546,2.4388854858611175,113.43758090620693,34.96359764291242,100.0,0.009999999776482582,1.5873785018920898,0.75
547,2.4893140655191983,170.52478224656207,32.91023691868753,100.0,0.009999999776482582,1.9198099374771118,0.25
548,2.274353202179556,93.53326630316424,30.922423256786814,100.0,0.009999999776482582,1.2442829608917236,0.75
549,2.109202712933675,82.38564443520666,35.60699731127024,100.0,0.009999999776482582,1.4861990213394165,1.0
550,2.4713913545964683,159.9146230340649,35.62922540480513,100.0,0.009999999776482582,1.9330462217330933,0.5
551,2.083049934883351,86.23771964865543,35.78155560326073,100.0,0.009999999776482582,1.6398930549621582,1.0
552,2.821212821775296,171.37434099049526,35.092847807708566,100.0,0.009999999776482582,1.900351643562317,0.25
553,2.747481670135612,135.3770146020587,38.02036500718494,100.0,0.009999999776482582,1.863602876663208,0.75
554,1.9385945520162282,59.916966092489496,35.75026789199031,100.0,0.009999999776482582,1.3398017883300781,1.0
555,2.535699416714496,151.19614561249787,35.18298789337061,100.0,0.009999999776482582,1.8038318157196045,0.5
556,2.1537656438916652,120.33932533806878,40.016685957536716,100.0,0.009999999776482582,1.564080834388733,0.75
557,1.9489369664271683,100.44627012473192,32.36714801814676,100.0,0.009999999776482582,1.2556134462356567,0.75
558,2.4619720921984047,138.91159045303516,36.632374617300215,100.0,0.009999999776482582,2.0124855041503906,0.75
559,2.4052227805870596,130.40909444989086,33.6410846499717,100.0,0.009999999776482582,1.800568699836731,0.5
560,2.0008400405308127,59.73777127046547,35.708241908808475,100.0,0.009999999776482582,1.4659334421157837,1.0
561,1.9678826589302718,105.10817562955798,37.00315286776946,100.0,0.009999999776482582,1.4107011556625366,0.75
562,2.271557274820824,130.80742125886925,30.89423679805706,100.0,0.009999999776482582,1.8211833238601685,0.5
563,2.5147464013461494,111.14406182299454,35.78260887218528,100.0,0.009999999776482582,1.9018656015396118,1.0
564,2.0706137067985866,118.24809800031979,35.16882708835476,100.0,0.009999999776482582,1.4115848541259766,0.75
565,1.8857315455329158,56.787258660915334,35.34185485205284,100.0,0.009999999776482582,1.1931147575378418,1.0
566,2.3568621186091003,173.48402384964652,37.53877355144263,100.0,0.009999999776482582,1.9197402000427246,0.25
567,1.8649795353925023,60.66424921188423,35.19874339372587,100.0,0.009999999776482582,1.3264317512512207,1.0
568,1.6183700065405797,15.63919747051023,33.49209635400398,100.0,0.009999999776482582,0.890057384967804,1.0
569,3.023402065504861,148.6857922204729,36.51321680188642,100.0,0.009999999776482582,1.6429004669189453,0.5
570,1.836521718873936,16.261959279047073,33.698664926246174,100.0,0.009999999776482582,1.1826664209365845,1.0
571,1.613711503083168,14.455486375044197,33.40744995595493,100.0,0.009999999776482582,0.8801218271255493,1.0
572,1.9434853622258563,67.69421665009979,34.69792085110334,100.0,0.009999999776482582,1.4733870029449463,1.0
573,2.635158279194112,169.82698056940717,34.7444803596056,100.0,0.009999999776482582,1.9090858697891235,0.25
574,2.2728123575315053,124.72865640187352,36.460358132895976,100.0,0.009999999776482582,1.8776377439498901,0.75
575,2.3602138044703054,143.01496981735275,33.03070030281215,100.0,0.009999999776482582,1.8178601264953613,0.5
576,2.3555789943839938,86.41743463542674,34.93948967152959,100.0,0.009999999776482582,1.6181323528289795,1.0
577,2.016441647916452,106.83852667092218,40.3413172994624,100.0,0.009999999776482582,1.264312744140625,0.75
578,1.8207425365424696,46.56150349016946,35.24127890101942,100.0,0.009999999776482582,1.3003571033477783,1.0
579,1.628546903415765,13.10172504375442,33.25641875722764,100.0,0.009999999776482582,0.8641347289085388,1.0
580,1.705672000109132,13.97737694421177,33.52487396233439,100.0,0.009999999776482582,1.1600086688995361,1.0
581,1.9432178381226328,91.66245487373571,35.046201966360215,100.0,0.009999999776482582,1.2695422172546387,0.75
582,2.071087706501493,104.42071435102774,33.84566164875628,100.0,0.009999999776482582,1.55338454246521,0.75
583,2.3914111079091906,147.24287765092745,33.774753521968435,100.0,0.009999999776482582,1.8397531509399414,0.5
584,2.0561141481698515,44.65224731685461,35.18386367225519,100.0,0.009999999776482582,1.1774626970291138,1.0
585,2.5924819854263066,158.5267315189115,35.975502395662275,100.0,0.009999999776482582,1.8231767416000366,0.5
586,2.0449438418906243,103.69666107096288,31.720591754227232,100.0,0.009999999776482582,1.4205305576324463,0.75
587,2.307904450355347,119.65416082853929,35.8383895962503,100.0,0.009999999776482582,1.410215139389038,0.75
588,2.4102661344358287,147.79038657822215,35.10084501437379,100.0,0.009999999776482582,1.7833731174468994,0.5
589,1.8901501450989333,61.59855500069003,34.28477339538336,100.0,0.009999999776482582,1.328844428062439,1.0
590,1.7163237446200013,12.345101436367258,33.37061245640632,100.0,0.009999999776482582,1.167083978652954,1.0
591,2.4489290512988164,112.50351937003074,31.829156274930543,100.0,0.009999999776482582,1.672352910041809,0.75
592,2.5691057494217926,169.94504458952633,33.7617343307447,100.0,0.009999999776482582,2.059083938598633,0.25
593,2.2732979112890437,123.68336343933606,35.59026785066821,100.0,0.009999999776482582,1.8799282312393188,0.75
594,2.0711005178793873,102.97150087193712,31.49828630292914,100.0,0.009999999776482582,1.5370190143585205,0.75
595,1.8647904014459884,47.19443474481617,34.990660170551976,100.0,0.009999999776482582,1.165933609008789,1.0
596,2.244496943541538,140.05517413807374,37.4883549640075,100.0,0.009999999776482582,1.6440188884735107,0.5
597,2.0427121355957163,107.13087613059162,40.390230745668696,100.0,0.009999999776482582,1.2371752262115479,0.75
598,1.9493285099269149,99.50787278261927,35.681539190996396,100.0,0.009999999776482582,1.2497477531433105,0.75
599,2.463432069534163,127.68167520583003,31.680141291227056,100.0,0.009999999776482582,1.6278421878814697,0.5
600,1.685777166271362,46.36090664507955,35.01636804912918,100.0,0.009999999776482582,1.0230903625488281,1.0
601,2.016778057962814,109.49230821877389,36.918923951129806,100.0,0.009999999776482582,1.5539348125457764,0.75
602,1.7677421224206977,43.07402616107763,34.78614365592987,100.0,0.009999999776482582,1.3086528778076172,1.0
603,2.3041016098454485,61.6753791956028,34.167768614882384,100.0,0.009999999776482582,1.6312150955200195,1.0
604,2.046222965741365,43.25765225626395,35.15153760228081,100.0,0.009999999776482582,1.4619430303573608,1.0
605,2.2277525136349197,139.05318928568948,34.776426971212004,100.0,0.009999999776482582,1.8216933012008667,0.5
606,2.231650401379788,111.03828607980572,34.46546736398915,100.0,0.009999999776482582,1.6977460384368896,0.75
607,1.9395016513936627,107.4853991554977,38.24968508534409,100.0,0.009999999776482582,1.2616126537322998,0.75
608,2.2069610907366206,58.31836267838243,34.09553909531246,100.0,0.009999999776482582,1.3250689506530762,1.0
609,1.9035795202205692,41.81690238576243,34.7198051072551,100.0,0.009999999776482582,1.3007177114486694,1.0
610,1.8042159475951483,44.46134132929483,34.32948827371179,100.0,0.009999999776482582,1.1419211626052856,1.0
611,2.2273031871285416,134.79520537604583,31.421185465536663,100.0,0.009999999776482582,1.8126208782196045,0.5
612,1.7614840074782163,10.20665450374169,33.07582622706392,100.0,0.009999999776482582,1.2907453775405884,1.0
613,2.179910253393591,111.82822712903345,34.69833430681861,100.0,0.009999999776482582,1.718172311782837,0.75
614,2.0657435736808565,103.31065459968828,31.69707974918741,100.0,0.009999999776482582,1.5433526039123535,0.75
615,1.8639860996709656,103.26457849106109,40.364742909228696,100.0,0.009999999776482582,1.1164541244506836,0.75
616,2.6427549520227807,148.3085601512465,35.46659538818685,100.0,0.009999999776482582,1.935884952545166,0.5
617,2.079093213731475,58.91944312412606,34.46900616801902,100.0,0.009999999776482582,1.6220972537994385,1.0
618,2.2123263563167637,109.87124193862233,48.57604045994246,100.0,0.009999999776482582,1.379943609237671,0.75
619,2.3383007818315336,149.3240869424557,34.456056723278614,100.0,0.009999999776482582,1.961684226989746,0.5
620,2.0379192636243815,88.65770815276191,33.20311909600773,100.0,0.009999999776482582,1.2256691455841064,0.75
621,2.0365810586414406,51.594608854788206,34.67050020629538,100.0,0.009999999776482582,1.6186835765838623,1.0
622,2.172680036988835,93.36898855780676,33.55233672072634,100.0,0.009999999776482582,1.548437476158142,0.75
623,2.8248030043592,160.94876418210904,38.00382215397455,100.0,0.009999999776482582,2.1094913482666016,0.5
624,2.550118925995814,149.6676617813213,38.43086963206045,100.0,0.009999999776482582,1.782233476638794,0.5
625,2.1004985700919008,58.21344270612789,34.62974769087286,100.0,0.009999999776482582,1.4205491542816162,1.0
626,2.177549015122267,110.43598492803046,33.612549317195864,100.0,0.009999999776482582,1.7048697471618652,0.75
627,1.9915696932104827,59.11523133997502,34.54818916142158,100.0,0.009999999776482582,1.4649914503097534,1.0
628,1.8273945447467461,45.455250193494,34.343241759225705,100.0,0.009999999776482582,1.2986897230148315,1.0
629,1.8869162224027216,109.380597418888,42.54905012027476,100.0,0.009999999776482582,1.0870238542556763,0.75
630,1.8584323956010311,98.69644568858439,34.76936146524155,100.0,0.009999999776482582,1.2581939697265625,0.75
631,2.249032541476382,116.33381318248003,40.46917653432986,100.0,0.009999999776482582,1.6927661895751953,0.75
632,2.0524084980473964,116.52209497930987,37.727282674103336,100.0,0.009999999776482582,1.5624386072158813,0.75
633,2.3509546071966727,138.7986735475953,35.49752883816916,100.0,0.009999999776482582,1.6405787467956543,0.5
634,2.085183776777485,107.80482152694258,34.65282740981479,100.0,0.009999999776482582,1.547714114189148,0.75
635,1.6510247212340137,8.198332330273152,32.58025622478527,100.0,0.009999999776482582,1.000167965888977,1.0
636,1.569597311273148,7.789795408772129,32.48099477547872,100.0,0.009999999776482582,0.9913002848625183,1.0
637,2.21341955168182,118.71993714589811,36.8931365344286,100.0,0.009999999776482582,1.8508269786834717,0.75
638,2.3522833523035223,76.84519661515668,34.555299889478206,100.0,0.009999999776482582,1.874306559562683,1.0
639,2.311695025601039,98.28453493683543,32.425264898491406,100.0,0.009999999776482582,1.5431809425354004,0.75
640,1.8568633218119923,40.033294759573934,34.618706795666064,100.0,0.009999999776482582,1.1414803266525269,1.0
641,2.2075946404601376,100.9975379590593,32.482676704121,100.0,0.009999999776482582,1.6692326068878174,0.75
642,2.031594140431382,105.56166064040914,35.77936813606049,100.0,0.009999999776482582,1.401350736618042,0.75
643,1.9538794968887006,103.80470575377727,36.51050995527297,100.0,0.009999999776482582,1.2339513301849365,0.75
644,1.7842546719114214,102.69058955402222,35.659070825231005,100.0,0.009999999776482582,1.103471279144287,0.75
645,2.258217997902341,119.55623797178299,38.53130558791196,100.0,0.009999999776482582,1.69765305519104,0.75
646,2.146153969607329,52.980988032116954,33.70822589089835,100.0,0.009999999776482582,1.4393062591552734,1.0
647,1.830692337231992,103.00960535779092,33.70723328123446,100.0,0.009999999776482582,1.0968570709228516,0.75
648,2.087105887516547,103.95904208511037,35.087540425473506,100.0,0.009999999776482582,1.6941564083099365,0.75
649,1.8465172027431926,34.15688689902203,34.16583363653202,100.0,0.009999999776482582,1.4414416551589966,1.0
650,1.9925156665103094,45.22236203227378,33.335309877924004,100.0,0.009999999776482582,1.6038548946380615,1.0
651,2.0859276927595674,113.53531704669041,36.81054250977819,100.0,0.009999999776482582,1.5543103218078613,0.75
652,2.0968453175184756,106.65893526367309,35.38398956020844,100.0,0.009999999776482582,1.68817937374115,0.75
653,2.4800013798054867,140.85952462339253,34.37744597152367,100.0,0.009999999776482582,2.094059467315674,0.5
654,1.9086979887398836,30.47062529695143,33.964223301808644,100.0,0.009999999776482582,1.4417763948440552,1.0
655,2.211469423639011,96.69808012390514,33.08421052123699,100.0,0.009999999776482582,1.7049157619476318,0.75
656,2.283665895364151,62.2723952945867,34.3740397551781,100.0,0.009999999776482582,1.710302710533142,1.0
657,2.877550102415283,150.24439221178682,34.58289938806548,100.0,0.009999999776482582,1.8988600969314575,0.5
658,2.025839107579888,105.97638069955667,32.24204627326805,100.0,0.009999999776482582,1.5341726541519165,0.75
659,2.553761988322389,172.54910086975377,34.36347088788062,100.0,0.009999999776482582,2.010756492614746,0.25
660,2.2142740721368255,111.96623892086542,36.70614673429717,100.0,0.009999999776482582,1.7240346670150757,0.75
661,2.013010835350627,106.42522763481135,39.39329325979081,100.0,0.009999999776482582,1.5274338722229004,0.75
662,1.806045347197895,41.28790641523364,34.381536832674804,100.0,0.009999999776482582,1.3146471977233887,1.0
663,2.4922485239164254,147.8626608726569,36.19830539750248,100.0,0.009999999776482582,2.0860633850097656,0.5
664,2.3495039980227395,106.8518523059416,34.908554139072095,100.0,0.009999999776482582,1.4845573902130127,0.75
665,1.4801103126921473,6.731556635240876,32.28251871434089,100.0,0.009999999776482582,0.9857645630836487,1.0
666,2.2995047583959978,145.5598596586762,36.24183304840465,100.0,0.009999999776482582,1.7674031257629395,0.5
667,2.1898042900806014,109.98054005303949,36.15282544478573,100.0,0.009999999776482582,1.4982938766479492,0.75
668,2.086956729387767,43.07007644062621,34.008388356944,100.0,0.009999999776482582,1.4314720630645752,1.0
669,2.2211872374783646,157.09346292263754,41.64584777300557,100.0,0.009999999776482582,1.483821153640747,0.5
670,2.099868118348372,141.41623921681102,38.00821492579683,100.0,0.009999999776482582,1.494635820388794,0.5
671,2.0731589127904106,116.28418488380376,37.8966135862257,100.0,0.009999999776482582,1.5347946882247925,0.75
672,2.327174917306835,110.36349905099534,36.00088360365594,100.0,0.009999999776482582,1.3983548879623413,0.75
673,2.901711507390062,201.59574730210426,36.057407177561785,100.0,0.009999999776482582,2.2372028827667236,0.0
674,1.9211401680590254,51.49180566178956,34.535845246480456,100.0,0.009999999776482582,1.4460370540618896,1.0
675,1.9170468703000174,86.89647526822199,30.468313746935497,100.0,0.009999999776482582,1.3785254955291748,0.75
676,1.8325327982302848,51.204429783460924,34.10984197396738,100.0,0.009999999776482582,1.3064340353012085,1.0
677,2.5838122329216193,178.78475276473804,34.3961283441521,100.0,0.009999999776482582,2.1819334030151367,0.25
678,1.6971737251218277,6.794657782947741,32.32668797860488,100.0,0.009999999776482582,1.1296746730804443,1.0
679,1.5424864371393674,29.870273683633805,33.9596800983601,100.0,0.009999999776482582,0.9999734163284302,1.0
680,1.6826995069037756,35.00829213647662,34.085452807459134,100.0,0.009999999776482582,1.136933445930481,1.0
681,1.9545233893601517,104.5424281455607,34.92518584051138,100.0,0.009999999776482582,1.5364813804626465,0.75
682,2.391330306311764,55.75489388348699,33.49219792016781,100.0,0.009999999776482582,1.7470738887786865,1.0
683,1.7951504487259968,47.530976623620084,34.07424409449752,100.0,0.009999999776482582,1.2945609092712402,1.0
684,2.049493846587555,99.23018492805944,31.31995979847091,100.0,0.009999999776482582,1.5359293222427368,0.75
685,2.453542693911501,105.02545580218083,37.5675630596025,100.0,0.009999999776482582,1.5372934341430664,0.75
686,2.145063038196877,98.28115836994493,33.34810764959847,100.0,0.009999999776482582,1.5364938974380493,0.75
687,2.5671298332647194,158.2947514754314,39.02902135111851,100.0,0.009999999776482582,1.8998503684997559,0.5
688,1.941691578054434,100.2936392306709,33.91243290624639,100.0,0.009999999776482582,1.1018935441970825,0.75
689,2.0585152139252574,141.59396037654972,36.57448488372209,100.0,0.009999999776482582,1.489274263381958,0.5
690,1.9409718990180898,48.637568536134836,33.646319361362075,100.0,0.009999999776482582,1.452680230140686,1.0
691,2.1227288212790425,99.48039144219,36.49916559391827,100.0,0.009999999776482582,1.6750861406326294,0.75
692,2.3490302137528265,92.19697940035783,29.259715666715714,100.0,0.009999999776482582,1.6375782489776611,0.75
693,2.2322591282716133,117.90859730482575,38.52103263077311,100.0,0.009999999776482582,1.8333231210708618,0.75
694,2.0005318287303804,106.9741343133948,34.70476793367838,100.0,0.009999999776482582,1.5388307571411133,0.75
695,2.055331490064325,111.50538927699138,37.90457599156799,100.0,0.009999999776482582,1.5280144214630127,0.75
696,1.763644790205054,32.48814406181607,34.397683028009766,100.0,0.009999999776482582,1.1654812097549438,1.0
697,2.0819670053414514,31.67379526838039,34.01835765701325,100.0,0.009999999776482582,1.1492458581924438,1.0
698,2.477841636236231,89.87283711006201,29.85586367365498,100.0,0.009999999776482582,1.4956278800964355,0.75
699,2.3912142072621334,98.1911099391443,36.36485248488984,100.0,0.009999999776482582,1.495867371559143,0.75
700,1.984615003028878,101.35249222087137,37.222495208874825,100.0,0.009999999776482582,1.5269017219543457,0.75
701,2.3788465671523227,137.28474192011967,35.808473076283725,100.0,0.009999999776482582,1.8907139301300049,0.5
702,1.974154025679177,41.14010340485083,33.61733040041229,100.0,0.009999999776482582,1.441432237625122,1.0
703,2.214800048911095,112.56074771150088,35.353729846762064,100.0,0.009999999776482582,1.833472490310669,0.75
704,2.3438892605257817,104.25375607479808,31.641039546261876,100.0,0.009999999776482582,1.5173983573913574,0.75
705,1.6557256795127377,30.659587242582244,33.869923483213064,100.0,0.009999999776482582,1.1394518613815308,1.0
706,2.263618115690542,99.22095335430315,33.31086300166672,100.0,0.009999999776482582,1.5661981105804443,0.75
707,2.1528233962379013,117.42263638879089,38.80244823312092,100.0,0.009999999776482582,1.5298035144805908,0.75
708,1.5047183587667525,4.5258452195332515,31.74107411242218,100.0,0.009999999776482582,0.8666051626205444,1.0
709,2.350507015626169,134.82357824856427,34.85981909103868,100.0,0.009999999776482582,1.751739501953125,0.5
710,2.4293665184705016,172.66268080919443,36.33752683331045,100.0,0.009999999776482582,2.0181772708892822,0.25
711,2.195513793249271,101.04397570207605,32.71516672969024,100.0,0.009999999776482582,1.834723711013794,0.75
712,1.9617997021857696,42.097262764896755,33.931800261057816,100.0,0.009999999776482582,1.5825345516204834,1.0
713,1.6653615205545054,31.633111722472012,33.02974135899317,100.0,0.009999999776482582,1.1377512216567993,1.0
714,2.1135598164713447,45.733001260208155,33.6778255106755,100.0,0.009999999776482582,1.411397099494934,1.0
715,1.6292949749170316,31.454623624347846,33.760497162016826,100.0,0.009999999776482582,0.9962276220321655,1.0
716,2.5792468656386967,142.9194429673888,35.778281353438494,100.0,0.009999999776482582,1.776331901550293,0.5
717,1.9110409551033516,104.56386559479903,35.108581642402164,100.0,0.009999999776482582,1.3953173160552979,0.75
718,2.3596806692134886,111.01937042818389,38.34346782431799,100.0,0.009999999776482582,1.5470339059829712,0.75
719,2.8329893610013,146.34685175570937,35.2834376950786,100.0,0.009999999776482582,2.0989742279052734,0.5
720,2.0545302352071797,109.73545180537081,40.746591777891034,100.0,0.009999999776482582,1.5178850889205933,0.75
721,1.8411870140030644,94.00688989524866,34.21447828767619,100.0,0.009999999776482582,1.066331148147583,0.75
722,1.787069015135944,40.966044036610086,33.63296420791909,100.0,0.009999999776482582,1.3053334951400757,1.0
723,2.256038145475194,94.48097612548902,32.66206462521689,100.0,0.009999999776482582,1.4946293830871582,0.75
724,2.2619046102088234,150.37360021752608,35.99281365269834,100.0,0.009999999776482582,1.952399492263794,0.5
725,2.1801696309163634,102.92133557879369,33.328634490178175,100.0,0.009999999776482582,1.6884769201278687,0.75
726,1.928992902857197,107.84985516916055,37.4445253150023,100.0,0.009999999776482582,1.250089168548584,0.75
727,1.9242312384478255,97.3796278898645,35.32009038168354,100.0,0.009999999776482582,1.3797186613082886,0.75
728,2.3316242024771388,113.34307173137773,40.984216968551635,100.0,0.009999999776482582,1.3778048753738403,0.75
729,2.0053715281657873,107.66187334737512,33.905832579177314,100.0,0.009999999776482582,1.363289475440979,0.75
730,1.8335590629441088,37.48266724837251,32.94475955584188,100.0,0.009999999776482582,1.4512104988098145,1.0
731,2.1566768628224398,138.067764283721,36.12200467108326,100.0,0.009999999776482582,1.6215193271636963,0.5
732,1.9604390970312635,94.38390123459749,40.16293144949671,100.0,0.009999999776482582,1.2272722721099854,0.75
733,2.82326565325219,147.38252332728513,35.30549964276424,100.0,0.009999999776482582,2.0355398654937744,0.5
734,2.4223493002079284,144.5839368801296,34.63284267492259,100.0,0.009999999776482582,1.7598586082458496,0.5
735,2.388479968809195,142.3565773903704,34.05603035608223,100.0,0.009999999776482582,1.6343731880187988,0.5
736,2.0941915785653227,102.43355843359114,37.87929608980138,100.0,0.009999999776482582,1.671576976776123,0.75
737,2.00765101772887,55.17685701644026,33.68223962106172,100.0,0.009999999776482582,1.6010377407073975,1.0
738,1.784653660063584,37.928501381684775,33.94958062977456,100.0,0.009999999776482582,1.2800006866455078,1.0
739,1.767491580419504,23.11406076153677,33.18435705583109,100.0,0.009999999776482582,1.406623125076294,1.0
740,2.092114021471407,108.54855047379469,38.14221799907724,100.0,0.009999999776482582,1.8519290685653687,0.75
741,2.1586854149906882,100.95472155667352,33.80219901041458,100.0,0.009999999776482582,1.6912527084350586,0.75
742,1.5893503532440876,27.18439801685105,33.45955720532178,100.0,0.009999999776482582,1.0015836954116821,1.0
743,2.194741225244821,97.81879892945341,32.251252864275244,100.0,0.009999999776482582,1.4972825050354004,0.75
744,2.5805758926642195,104.00571498477184,39.53047677365374,100.0,0.009999999776482582,1.6563776731491089,0.75
745,2.3245530454374976,115.93201786448995,36.50607575341913,100.0,0.009999999776482582,1.6541612148284912,0.75
746,2.1755059485712995,90.96906423456684,31.246409102758758,100.0,0.009999999776482582,1.6515190601348877,0.75
747,1.549594921315023,27.642855859215206,32.534355291674224,100.0,0.009999999776482582,1.1157312393188477,1.0
748,2.0544798367183623,38.94413111161373,33.79315085776847,100.0,0.009999999776482582,1.3981778621673584,1.0
749,2.416997369076733,38.29548821782477,33.14049355794334,100.0,0.009999999776482582,1.4426074028015137,1.0
750,2.245884179699228,112.30318325322493,48.48513912137856,100.0,0.009999999776482582,1.6742548942565918,0.75
751,1.647453691143004,27.223344752127932,32.66313900843574,100.0,0.009999999776482582,1.1270689964294434,1.0
752,2.164510823288029,131.27043345720162,34.12947391848248,100.0,0.009999999776482582,1.62208890914917,0.5
753,1.5402918404340429,21.263867103534206,33.10773694939771,100.0,0.009999999776482582,0.966030478477478,1.0
754,1.8327176936314267,106.81571069502111,35.89026231012498,100.0,0.009999999776482582,1.2431659698486328,0.75
755,2.067130723946049,92.0690983053666,31.496034355192954,100.0,0.009999999776482582,1.6646437644958496,0.75
756,2.0965994231423135,100.54555843077134,32.664205765157696,100.0,0.009999999776482582,1.5369417667388916,0.75
757,1.8801703581488824,90.36515421893559,35.63507554823081,100.0,0.009999999776482582,1.2343316078186035,0.75
758,1.8132945744941074,25.198300394088502,33.31106276386399,100.0,0.009999999776482582,1.1538264751434326,1.0
759,1.6617140820656362,24.558000187307314,33.19227875022245,100.0,0.009999999776482582,1.1344239711761475,1.0
760,2.080160692920104,111.36841113958114,37.613909405892585,100.0,0.009999999776482582,1.349557638168335,0.75
761,2.2578969747589213,107.77400740142987,40.06886013938964,100.0,0.009999999776482582,1.3315255641937256,0.75
762,1.8995404073045552,33.47063914820133,33.70730491538613,100.0,0.009999999776482582,1.4229836463928223,1.0
763,2.2135835501592,100.54838185957895,34.82158252625061,100.0,0.009999999776482582,1.55099356174469,0.75
764,2.074074770306164,33.87120706405874,32.39169467117703,100.0,0.009999999776482582,1.5905120372772217,1.0
765,2.116646511947603,151.55773947947276,39.26355699259444,100.0,0.009999999776482582,1.4763109683990479,0.5
766,2.2189134377539297,148.0500825392826,36.05676428540908,100.0,0.009999999776482582,1.7965128421783447,0.5
767,1.8857597780188167,94.30263429295142,35.69485326097519,100.0,0.009999999776482582,1.3785961866378784,0.75
768,2.174890024688899,139.19275361793854,35.238526273487416,100.0,0.009999999776482582,1.7776579856872559,0.5
769,1.7406726646818722,17.925311614071564,32.90848865652465,100.0,0.009999999776482582,1.2725251913070679,1.0
770,2.1843202831186908,133.83037725055348,33.014046480774226,100.0,0.009999999776482582,1.7805843353271484,0.5
771,2.132509949803527,98.66939020767151,34.976182796661995,100.0,0.009999999776482582,1.6852786540985107,0.75
772,1.7826911003975388,24.851436262652335,32.23691786514805,100.0,0.009999999776482582,1.2695698738098145,1.0
773,2.1871358967711454,155.74557172398886,36.95558238738782,100.0,0.009999999776482582,1.9201912879943848,0.5
774,2.1659559459140794,114.1997144311483,41.828266087172544,100.0,0.009999999776482582,1.5150327682495117,0.75
775,1.6926706747939475,22.393054396845695,33.431037083553726,100.0,0.009999999776482582,1.2627253532409668,1.0
776,2.096395846085149,109.06373663541578,37.619886068167276,100.0,0.009999999776482582,1.6883538961410522,0.75
777,2.086538838210456,118.15152725961802,39.16562115162647,100.0,0.009999999776482582,1.6917319297790527,0.75
778,1.5631644602019583,2.8618996798739547,31.224332599351037,100.0,0.009999999776482582,0.9607875943183899,1.0
779,2.0683798853687576,147.99807395433493,37.32678763490252,100.0,0.009999999776482582,1.629110336303711,0.5
780,2.0740847108185885,32.84236878625023,33.38758668451275,100.0,0.009999999776482582,1.2407617568969727,1.0
781,1.6749141670582937,2.777529291097736,31.19115063159619,100.0,0.009999999776482582,1.115847110748291,1.0
782,2.017928924164063,98.63554090249197,34.5652214085689,100.0,0.009999999776482582,1.5427098274230957,0.75
783,1.7699010596747513,30.169045225470853,33.172351593088926,100.0,0.009999999776482582,1.4311504364013672,1.0
784,2.477906020332124,146.41875785987688,34.88926325113065,100.0,0.009999999776482582,1.9039504528045654,0.5
785,1.5118594876837879,2.6342510703865853,31.126930798925283,100.0,0.009999999776482582,0.9594634771347046,1.0
786,2.048542395992905,101.52069462167255,32.40073014831763,100.0,0.009999999776482582,1.5388164520263672,0.75
787,1.7800318742487704,21.404707540619757,33.34058505058363,100.0,0.009999999776482582,1.2604424953460693,1.0
788,2.0925900823958217,99.05553497144417,37.64329425502276,100.0,0.009999999776482582,1.510792851448059,0.75
789,2.325602567119666,138.17398497725708,35.50680461636333,100.0,0.009999999776482582,1.757786750793457,0.5
790,2.348450440628193,167.30138538385825,33.827017067925944,100.0,0.009999999776482582,1.815769910812378,0.25
791,1.9944426429090925,100.84113020946111,35.38590113350266,100.0,0.009999999776482582,1.6707549095153809,0.75
792,1.8244061928695259,20.943071252100175,32.85625461891206,100.0,0.009999999776482582,1.4214625358581543,1.0
793,1.9810145212773997,101.46274408417739,36.46826089809821,100.0,0.009999999776482582,1.2058112621307373,0.75
794,2.2173306283457404,107.22073853294364,34.689183665843814,100.0,0.009999999776482582,1.835129976272583,0.75
795,1.9500376619233184,28.866476843223936,32.44541463154239,100.0,0.009999999776482582,1.5751922130584717,1.0
796,2.4397054728540586,143.06517514312742,35.588249392693385,100.0,0.009999999776482582,2.095376968383789,0.5
797,1.7538936060370585,102.37969129838856,41.509807537048175,100.0,0.009999999776482582,1.224799633026123,0.75
798,2.016228327620849,102.10125868905617,36.33675510779689,100.0,0.009999999776482582,1.5296545028686523,0.75
799,1.9185094147800437,91.31525117891589,31.1236211156887,100.0,0.009999999776482582,1.3841638565063477,0.75
800,1.9242699607097353,97.19753982181453,37.610686169882044,100.0,0.009999999776482582,1.378547191619873,0.75
801,1.7541528332440406,18.0644112334834,32.9973339945005,100.0,0.009999999776482582,1.2560540437698364,1.0
802,2.5681277644885006,151.40350130595178,41.551075583331205,100.0,0.009999999776482582,1.6010113954544067,0.5
803,2.499273185403687,155.6373741212368,36.78670261863622,100.0,0.009999999776482582,2.1034202575683594,0.5
804,1.7975035310450906,31.687221797106243,32.73307714345378,100.0,0.009999999776482582,1.4226508140563965,1.0
805,1.8968505066935086,108.04115067055027,36.59126420256386,100.0,0.009999999776482582,1.3722506761550903,0.75
806,1.9310178852322966,26.420570644350395,33.09791453785173,100.0,0.009999999776482582,1.432053565979004,1.0
807,2.8335605534063957,174.6248937531247,34.74549405192003,100.0,0.009999999776482582,2.0484375953674316,0.25
808,2.1171616815050918,36.603736240795854,33.070037774721676,100.0,0.009999999776482582,1.5600924491882324,1.0
809,1.864189448192502,104.62789829270255,37.63328376239677,100.0,0.009999999776482582,1.3588815927505493,0.75
810,2.163513677713458,103.76379178205678,34.74144926175694,100.0,0.009999999776482582,1.9723414182662964,0.75
811,1.4557106586031796,21.801154343301473,33.57734003740603,100.0,0.009999999776482582,0.9735862016677856,1.0
812,2.283166703607439,114.07714567102066,37.97188580414541,100.0,0.009999999776482582,1.522352933883667,0.75
813,2.284816203284994,151.16293797495229,37.47820648233589,100.0,0.009999999776482582,1.7707161903381348,0.5
814,2.497370458580546,151.6819976808781,38.604031308592624,100.0,0.009999999776482582,1.6206021308898926,0.5
815,2.1338675879240685,113.83465094874246,37.39700874112592,100.0,0.009999999776482582,1.6632603406906128,0.75
816,1.994321724231035,93.21962985546801,32.55020707821261,100.0,0.009999999776482582,1.5336134433746338,0.75
817,2.716322327464381,168.12987103619784,35.09984929031583,100.0,0.009999999776482582,1.9855737686157227,0.25
818,1.7055684663374904,94.67843102079874,36.835136216969445,100.0,0.009999999776482582,1.221354365348816,0.75
819,1.764248708432186,99.32479472665825,34.565908216571096,100.0,0.009999999776482582,1.2267447710037231,0.75
820,1.6564626147914883,2.6331089972137125,31.18684736405736,100.0,0.009999999776482582,1.258534550666809,1.0
821,2.467656732323563,88.88513804919246,34.43601602467892,100.0,0.009999999776482582,1.3371639251708984,0.75
822,2.710718204729634,153.2713503712935,36.38883184762726,100.0,0.009999999776482582,2.0385329723358154,0.5
823,1.549185590994182,2.306523316058551,30.904803419035552,100.0,0.009999999776482582,1.0032392740249634,1.0
824,1.9091465221738448,109.51084986109976,38.222507438706195,100.0,0.009999999776482582,1.3750481605529785,0.75
825,2.7128580432759333,164.25785843170272,36.25466389994886,100.0,0.009999999776482582,1.8208855390548706,0.25
826,2.8389374555958784,177.1347791287249,37.739542611226504,100.0,0.009999999776482582,1.8409839868545532,0.25
827,2.1812308795416464,91.57536476762557,33.91146578349658,100.0,0.009999999776482582,1.6497340202331543,0.75
828,2.083143026787997,23.478770397540963,32.097266669513374,100.0,0.009999999776482582,1.1284782886505127,1.0
829,2.1472132556954127,108.95069911803083,38.242070693150815,100.0,0.009999999776482582,1.6848472356796265,0.75
830,2.0148188335955264,30.069742921194223,32.78117634158583,100.0,0.009999999776482582,1.4299757480621338,1.0
831,1.8997888071351634,101.64170009534482,34.681681377383285,100.0,0.009999999776482582,1.5257068872451782,0.75
832,2.4875598462142796,175.88619411068436,37.56864228786667,100.0,0.009999999776482582,2.1662611961364746,0.25
833,1.842908591508709,90.08587860586506,33.213349004708526,100.0,0.009999999776482582,1.1861498355865479,0.75
834,2.2449984667385214,104.75656700902897,35.03171626303625,100.0,0.009999999776482582,1.8292144536972046,0.75
835,2.379678576993791,99.50864421145236,35.527086003763344,100.0,0.009999999776482582,1.6569437980651855,0.75
836,1.7642902379026277,96.89705956670632,32.79471468023077,100.0,0.009999999776482582,1.0802119970321655,0.75
837,2.438348426876951,159.3291698085433,39.4674370383143,100.0,0.009999999776482582,2.072932004928589,0.5
838,1.8860265046997593,100.0940482821887,33.41492172477076,100.0,0.009999999776482582,1.3673980236053467,0.75
839,1.8891174959468473,103.0277316221171,34.0707631020648,100.0,0.009999999776482582,1.3570963144302368,0.75
840,2.4861714964486397,138.53835841722946,36.03790202125071,100.0,0.009999999776482582,1.9240933656692505,0.5
841,1.424892722084097,2.1915080895913466,30.78934358055199,100.0,0.009999999776482582,0.836231529712677,1.0
842,1.9215472107729776,98.77842791573352,37.53874633405935,100.0,0.009999999776482582,1.3772027492523193,0.75
843,2.0786638195637406,102.54969599972993,36.324550860471966,100.0,0.009999999776482582,1.5161099433898926,0.75
844,1.8121389287261889,98.3995979585877,36.3604787888988,100.0,0.009999999776482582,1.36085844039917,0.75
845,2.0973485482000322,39.218815875725035,32.58235324143138,100.0,0.009999999776482582,1.7404377460479736,1.0
846,2.121964324236708,148.8496352380057,37.85088236647188,100.0,0.009999999776482582,1.6222988367080688,0.5
847,2.140781855632977,109.06289689072193,37.59586553515991,100.0,0.009999999776482582,1.6837184429168701,0.75
848,2.0442568065239977,110.57202480618895,42.07008097678939,100.0,0.009999999776482582,1.49847412109375,0.75
849,1.8599726120499742,19.68746126847037,32.65050471902082,100.0,0.009999999776482582,1.2809350490570068,1.0
850,1.9849570092177775,27.72222002235733,32.84154773174631,100.0,0.009999999776482582,1.4160971641540527,1.0
851,1.9220914916499268,99.1777259056302,35.67922746421519,100.0,0.009999999776482582,1.3509204387664795,0.75
852,1.8339051718446246,20.997161280026795,32.667116762260775,100.0,0.009999999776482582,1.2695729732513428,1.0
853,2.2863919924762275,103.11980703818726,36.25750137062504,100.0,0.009999999776482582,1.5032716989517212,0.75
854,1.6198340202704489,16.216518040657846,32.58762751685223,100.0,0.009999999776482582,1.1148788928985596,1.0
855,2.1881141111509192,152.63202418111277,39.295692172904076,100.0,0.009999999776482582,1.9125653505325317,0.5
856,2.0306245044979705,92.85697865350389,34.8202861602125,100.0,0.009999999776482582,1.5295593738555908,0.75
857,1.7943724860216115,20.590338969662085,32.85563359742737,100.0,0.009999999776482582,0.9388530254364014,1.0
858,1.8179020995480248,108.69084274117616,36.06527129333351,100.0,0.009999999776482582,1.3741230964660645,0.75
859,1.6115252838972927,22.097466292661686,32.55824303708479,100.0,0.009999999776482582,1.1144144535064697,1.0
860,2.5487718115537916,166.41780424087145,32.95207351875151,100.0,0.009999999776482582,1.8595942258834839,0.25
861,1.5243203053289227,1.8914788183184732,30.76037086978052,100.0,0.009999999776482582,1.100874662399292,1.0
862,2.268540142098292,119.36423306118853,41.71917911104492,100.0,0.009999999776482582,1.4905750751495361,0.75
863,2.1936548565281293,107.13706465342219,37.90318906956983,100.0,0.009999999776482582,1.6355481147766113,0.75
864,1.8644297862105388,27.763526012241,31.742140550282514,100.0,0.009999999776482582,1.4327304363250732,1.0
865,1.9239334769557581,97.07620714158548,36.71978063123136,100.0,0.009999999776482582,1.365616798400879,0.75
866,2.3770530321465597,181.6823702920031,38.91451690712846,100.0,0.009999999776482582,1.8849563598632812,0.25
867,1.97131900214782,26.028776140303382,32.52506506939519,100.0,0.009999999776482582,1.4204802513122559,1.0
868,2.0646378707191326,20.63135298122712,32.00673420788298,100.0,0.009999999776482582,1.2723902463912964,1.0
869,2.2493298819558825,96.86681281726061,34.342276451657874,100.0,0.009999999776482582,1.6266568899154663,0.75
870,1.8762313706197753,17.126269872611882,32.726133981311435,100.0,0.009999999776482582,1.4287536144256592,1.0
871,2.0604019168641017,96.7544276580068,33.81609838699126,100.0,0.009999999776482582,1.6545037031173706,0.75
872,1.7593743126814898,103.36280053171367,35.06037851611992,100.0,0.009999999776482582,1.0540459156036377,0.75
873,2.8615388143529006,171.32936023138123,35.99460949366666,100.0,0.009999999776482582,1.975433111190796,0.25
874,2.335270199070843,116.18640133705614,39.07029196190805,100.0,0.009999999776482582,1.6757304668426514,0.75
875,2.563224246260889,180.48047977609022,36.647371514284735,100.0,0.009999999776482582,1.963297724723816,0.25
876,2.173535263673196,112.74622235854417,39.63654829583148,100.0,0.009999999776482582,1.3737179040908813,0.75
877,2.216160055379761,17.947382100436684,32.615771327875265,100.0,0.009999999776482582,1.2604658603668213,1.0
878,1.7759280499642849,18.98924682550737,32.754423823562284,100.0,0.009999999776482582,1.2919408082962036,1.0
879,1.533182607159637,1.6044660330671177,30.511167736423737,100.0,0.009999999776482582,0.9662377834320068,1.0
880,2.227995484957155,108.75030734512532,36.1403139974748,100.0,0.009999999776482582,1.8014308214187622,0.75
881,2.780202370787126,144.4539060641793,36.33890522317867,100.0,0.009999999776482582,1.7351850271224976,0.5
882,1.8839099494554283,22.869165875955694,32.485069068469805,100.0,0.009999999776482582,1.414992094039917,1.0
883,2.1857671567134958,110.36427287712701,42.17821518697553,100.0,0.009999999776482582,1.6488900184631348,0.75
884,2.3416083668164602,106.52435078164842,33.37872963898152,100.0,0.009999999776482582,1.9333555698394775,0.75
885,2.05917155169245,136.4073205027074,35.40060333282063,100.0,0.009999999776482582,1.6070382595062256,0.5
886,1.5301231863750033,1.5396973185707639,30.414301957482287,100.0,0.009999999776482582,0.9702646136283875,1.0
887,2.192766513739046,101.39808176624797,37.42778297949389,100.0,0.009999999776482582,1.4855204820632935,0.75
888,2.0920266688894467,31.437619877132402,33.12892688507967,100.0,0.009999999776482582,1.5360126495361328,1.0
889,2.068053443056036,25.807027880967848,32.07675115067492,100.0,0.009999999776482582,1.3875672817230225,1.0
890,2.139619966632399,91.77136397620535,31.093184964290934,100.0,0.009999999776482582,1.8175914287567139,0.75
891,1.7242428257106348,15.866152596230076,32.76279801980102,100.0,0.009999999776482582,1.2620431184768677,1.0
892,2.035752904574919,113.84559022390089,40.56910976876703,100.0,0.009999999776482582,1.6604487895965576,0.75
893,1.9823263783000684,96.28418603760886,35.34272832554461,100.0,0.009999999776482582,1.3888624906539917,0.75
894,1.837763919855359,90.91272492833279,31.074241288595385,100.0,0.009999999776482582,1.3764209747314453,0.75
895,1.9850275652776397,18.278932590207713,31.70674181963208,100.0,0.009999999776482582,1.122724175453186,1.0
896,1.887639677050059,112.5978595495954,37.23470505105319,100.0,0.009999999776482582,1.5063453912734985,0.75
897,2.0704652826140575,155.12453445797055,39.4405338552742,100.0,0.009999999776482582,1.4665967226028442,0.5
898,2.366042882453711,149.60636529571687,37.20644505573674,100.0,0.009999999776482582,2.083150863647461,0.5
899,2.1420322881095073,108.94059446719544,36.42379010583512,100.0,0.009999999776482582,1.474120855331421,0.75
900,2.0487788689853716,24.458578588436872,32.45939848440105,100.0,0.009999999776482582,1.5600643157958984,1.0
901,2.2768478668506478,145.11426740671612,35.307769555408825,100.0,0.009999999776482582,1.7501730918884277,0.5
902,1.9047887958656489,24.227670190032246,31.921520508650588,100.0,0.009999999776482582,1.4232910871505737,1.0
903,2.5228927515823063,147.89698248257088,35.88574338805006,100.0,0.009999999776482582,1.9150978326797485,0.5
904,1.5865709928225427,1.365500662728037,30.274398648354133,100.0,0.009999999776482582,0.9688526391983032,1.0
905,1.696408953986193,17.024332199276767,32.00608901628282,100.0,0.009999999776482582,1.131615400314331,1.0
906,2.7052337078319106,99.8978197181388,33.94822963132525,100.0,0.009999999776482582,1.4191139936447144,0.75
907,1.5149147239800391,1.2700199807113073,30.21727070935543,100.0,0.009999999776482582,0.9821643829345703,1.0
908,1.7560171510818952,18.037654070569598,32.11105003097531,100.0,0.009999999776482582,1.2843073606491089,1.0
909,2.331864136874542,143.40942548856032,37.80523347098683,100.0,0.009999999776482582,1.923338532447815,0.5
910,1.7080280953775597,94.68486541396526,37.014234390874805,100.0,0.009999999776482582,1.2189106941223145,0.75
911,2.110813740545833,98.61307964975512,33.326823679436345,100.0,0.009999999776482582,1.394613265991211,0.75
912,1.9268075468664276,107.77834981647015,36.293517887398345,100.0,0.009999999776482582,1.5158767700195312,0.75
913,2.4050404958059572,24.024140089917264,32.12435485291812,100.0,0.009999999776482582,1.5436978340148926,1.0
914,2.4965274118727545,112.65497043919316,42.20055016888955,100.0,0.009999999776482582,1.9239568710327148,0.75
915,1.996203370072386,103.34214971070831,36.675098860593636,100.0,0.009999999776482582,1.4952900409698486,0.75
916,1.4902560968336531,1.1538305197733958,30.068876885593298,100.0,0.009999999776482582,0.8283799290657043,1.0
917,1.9754483623427432,100.1580866317055,33.627583865624686,100.0,0.009999999776482582,1.5188106298446655,0.75
918,2.18626831970196,104.18171700674687,34.27121567540446,100.0,0.009999999776482582,1.5357080698013306,0.75
919,2.5092134877705625,142.97112842178896,37.81006768201321,100.0,0.009999999776482582,1.8666459321975708,0.5
920,2.390520474779754,149.17041132733561,37.40768028141967,100.0,0.009999999776482582,1.7478618621826172,0.5
921,2.360473519996135,147.07503759185386,38.23206901236187,100.0,0.009999999776482582,1.6035568714141846,0.5
922,1.8327317893375952,104.76587345775344,36.45832797088549,100.0,0.009999999776482582,1.348538875579834,0.75
923,2.462421343304329,100.78504983675708,35.72680836299681,100.0,0.009999999776482582,1.3291620016098022,0.75
924,1.8790392680271455,21.86626957572828,32.30618515269959,100.0,0.009999999776482582,1.4266952276229858,1.0
925,1.7288080484209485,14.94790355801803,32.31806799909914,100.0,0.009999999776482582,1.109546422958374,1.0
926,1.6736924952214491,13.003353155186753,31.967951783353637,100.0,0.009999999776482582,1.2578785419464111,1.0
927,2.6323952497281327,143.80474022286583,35.081453350961716,100.0,0.009999999776482582,1.8527276515960693,0.5
928,2.1098521538225046,105.71817010876316,37.34636625824713,100.0,0.009999999776482582,1.6514467000961304,0.75
929,1.4978056305434302,1.1239434425905805,30.062563178933978,100.0,0.009999999776482582,0.9465603232383728,1.0
930,2.2393145185375865,131.3423634662508,34.133883753004554,100.0,0.009999999776482582,1.5717753171920776,0.5
931,3.0161265775145227,207.23705966876815,36.12552271785859,100.0,0.009999999776482582,2.208308219909668,0.0
932,1.7282549144400776,11.201491050772098,31.90267521312236,100.0,0.009999999776482582,1.2695879936218262,1.0
933,2.083560227238484,140.39955846120026,34.4466833151894,100.0,0.009999999776482582,1.5982062816619873,0.5
934,1.861766301994261,100.84118261228996,34.249426896742065,100.0,0.009999999776482582,1.3467683792114258,0.75
935,2.442282116998239,93.43190240807726,33.92192667474227,100.0,0.009999999776482582,1.7803740501403809,0.75
936,2.207698120721775,89.84819939067853,34.36124262187554,100.0,0.009999999776482582,1.8014910221099854,0.75
937,2.1729521856221403,28.645514746740794,32.34280707418161,100.0,0.009999999776482582,1.5369501113891602,1.0
938,1.839548925138687,19.044861080180457,32.39052329238293,100.0,0.009999999776482582,1.4298065900802612,1.0
939,2.0216263967216754,18.846019375045927,32.180107340567034,100.0,0.009999999776482582,1.5868933200836182,1.0
940,2.5921343461166453,119.56655951571959,39.43299529049645,100.0,0.009999999776482582,1.9237958192825317,0.75
941,1.8235308597842657,20.285593164534617,31.670749470482008,100.0,0.009999999776482582,1.4217050075531006,1.0
942,2.6810861116531273,187.08669227501238,38.72438823608944,100.0,0.009999999776482582,2.15112566947937,0.25
943,2.231489854397809,145.49316473507068,37.62921272239136,100.0,0.009999999776482582,1.9123402833938599,0.5
944,1.4398415112452851,1.1015071668051049,30.008787977224024,100.0,0.009999999776482582,0.8127923011779785,1.0
945,2.1951115935273533,29.08308786613947,32.18812912370522,100.0,0.009999999776482582,1.8893048763275146,1.0
946,1.9144993988180747,96.38465914113436,34.49121749828473,100.0,0.009999999776482582,1.5127346515655518,0.75
947,2.29316485429891,113.97265148761953,43.83604056552594,100.0,0.009999999776482582,1.6798015832901,0.75
948,1.5813624131405457,1.0741237556379368,29.996466324053333,100.0,0.009999999776482582,0.9503788352012634,1.0
949,1.7036615060038953,11.7089261146824,31.879447436007187,100.0,0.009999999776482582,1.2438507080078125,1.0
950,1.9512656431625994,107.1085617106874,39.1977022354348,100.0,0.009999999776482582,1.513641119003296,0.75
951,2.426994027912766,148.532162706691,38.16726741142479,100.0,0.009999999776482582,1.8873502016067505,0.5
952,2.585368855842664,97.80976229050778,41.02159316049367,100.0,0.009999999776482582,1.3248565196990967,0.75
953,2.144651361768591,18.709224084457453,32.35105088094558,100.0,0.009999999776482582,1.4047069549560547,1.0
954,2.3753457591140736,140.07272429911114,35.33219731424142,100.0,0.009999999776482582,1.7295923233032227,0.5
955,3.139432218238205,148.49205766828936,37.19127494005933,100.0,0.009999999776482582,1.823028564453125,0.5
956,2.1299459615986533,99.91622115486852,40.06644703395018,100.0,0.009999999776482582,1.4632967710494995,0.75
957,2.2930342675912327,150.17637348106163,39.100916560087974,100.0,0.009999999776482582,1.8110051155090332,0.5
958,1.9974272352798055,131.01209578158097,32.59734578020024,100.0,0.009999999776482582,1.6043086051940918,0.5
959,1.81595771339418,18.73168857559555,32.3926336851467,100.0,0.009999999776482582,1.4021203517913818,1.0
960,2.2050203455778123,103.22163135836345,38.18387290215999,100.0,0.009999999776482582,1.0381793975830078,0.75
961,2.0651124364923508,99.30148932195709,37.12131244247349,100.0,0.009999999776482582,1.7908698320388794,0.75
962,1.8327175635491797,19.5542378365083,31.79504243206643,100.0,0.009999999776482582,1.2815585136413574,1.0
963,2.504506351750527,142.92748911007627,38.706089011444696,100.0,0.009999999776482582,1.9185922145843506,0.5
964,1.957041727042338,20.082828475103348,33.242730208183644,100.0,0.009999999776482582,1.2329082489013672,1.0
965,1.4390843415198895,0.9752599762307,29.918653697010964,100.0,0.009999999776482582,0.8025838136672974,1.0
966,2.3343718133044624,27.228397252735245,32.48454490440471,100.0,0.009999999776482582,1.530761480331421,1.0
967,1.9104180643754063,106.44616928546215,36.55888199188366,100.0,0.009999999776482582,1.3785066604614258,0.75
968,1.6180452447451676,12.764346336173535,32.071645400125256,100.0,0.009999999776482582,1.1157760620117188,1.0
969,1.6686393181014378,0.9476255471647401,29.961306325196865,100.0,0.009999999776482582,1.1140568256378174,1.0
970,2.1311184355255786,147.1095170586123,35.71649000563728,100.0,0.009999999776482582,1.5769317150115967,0.5
971,2.171329990725826,23.339972030037924,31.745702815112917,100.0,0.009999999776482582,1.685809850692749,1.0
972,2.1875500614880536,144.28143973718176,35.42439211809228,100.0,0.009999999776482582,1.7620186805725098,0.5
973,2.253960621043997,115.6263454851748,43.072519987612566,100.0,0.009999999776482582,1.6164071559906006,0.75
974,2.5655843755401286,166.62602592342705,36.5156202661768,100.0,0.009999999776482582,1.9738833904266357,0.25
975,1.795999925981433,19.305180578972113,31.739966515939816,100.0,0.009999999776482582,1.2886630296707153,1.0
976,2.5381717481615973,149.90508569973426,36.72539122656259,100.0,0.009999999776482582,1.4322776794433594,0.5
977,2.8370093845551545,97.51561663436361,40.77154621942703,100.0,0.009999999776482582,1.8067554235458374,0.75
978,2.3004992526563934,143.9548915324596,35.920287306038254,100.0,0.009999999776482582,1.895440936088562,0.5
979,2.307380320443375,151.4246955146205,37.168588736504155,100.0,0.009999999776482582,1.7708587646484375,0.5
980,1.8854393195136336,20.10288208774006,32.06680098089734,100.0,0.009999999776482582,1.409609317779541,1.0
981,2.0292742659258853,19.97939918628422,32.298493145767026,100.0,0.009999999776482582,1.3688991069793701,1.0
982,1.9821840014054992,17.485266569446978,31.96010806807508,100.0,0.009999999776482582,1.582603931427002,1.0
983,2.1008274669689175,17.69901395765776,31.55625672942696,100.0,0.009999999776482582,1.4003148078918457,1.0
984,1.799743339129774,90.22125677608545,30.09840052937117,100.0,0.009999999776482582,1.343248724937439,0.75
985,1.7966897352855344,18.085399292885157,31.563702736158522,100.0,0.009999999776482582,1.3981614112854004,1.0
986,2.1311411231677964,142.45914492291888,36.60355976155829,100.0,0.009999999776482582,1.7723147869110107,0.5
987,1.889147650941538,17.296106430754023,32.22844675344445,100.0,0.009999999776482582,1.2608253955841064,1.0
988,1.9339518677061123,107.46372818167589,36.57686619076435,100.0,0.009999999776482582,1.3569852113723755,0.75
989,2.355640525459513,139.18054680018543,35.54317161105316,100.0,0.009999999776482582,1.5947723388671875,0.5
990,1.9895551517132826,17.680806616772923,31.841814898962664,100.0,0.009999999776482582,1.5726990699768066,1.0
991,1.7918859389775257,18.537637308524463,31.480270676340293,100.0,0.009999999776482582,1.2673561573028564,1.0
992,2.195246173187156,142.60669284232563,33.9612337980023,100.0,0.009999999776482582,1.7507407665252686,0.5
993,2.0563231480400836,24.628569480764785,31.54747231163944,100.0,0.009999999776482582,1.5704929828643799,1.0
994,2.1921265104226046,131.87408326457546,33.930297992200664,100.0,0.009999999776482582,1.7419084310531616,0.5
995,2.7282621170636263,178.18277179318002,34.46302468532626,100.0,0.009999999776482582,1.9533660411834717,0.25
996,2.3091075057631505,95.05836167867015,36.116468410735834,100.0,0.009999999776482582,1.4665335416793823,0.75
997,2.4400546720021867,102.62397501423669,32.779885256911314,100.0,0.009999999776482582,1.817745327949524,0.75
998,2.2418070313329777,111.51601131567092,36.77529686364539,100.0,0.009999999776482582,1.8250054121017456,0.75
999,2.138173264828128,104.16151386837116,36.36011786482739,100.0,0.009999999776482582,1.6028943061828613,0.75
1000,2.2963493706866243,143.17153379929843,35.95047128823897,100.0,0.009999999776482582,1.4398558139801025,0.5
1001,2.2171722000836067,159.17655985621653,38.85235695453891,100.0,0.009999999776482582,1.7617220878601074,0.5
1002,2.4974494129705795,139.06747115305998,34.364571197624876,100.0,0.009999999776482582,1.87653386592865,0.5
1003,2.2606235490464743,149.80966595069708,36.75421596475193,100.0,0.009999999776482582,2.0647621154785156,0.5
1004,1.8183919946537221,16.08258096699739,31.834916016066423,100.0,0.009999999776482582,1.2439024448394775,1.0
1005,2.240897893171017,91.80498524235621,31.507691838147007,100.0,0.009999999776482582,1.5034246444702148,0.75
1006,2.1871524381409366,90.41377459262624,30.737406801016743,100.0,0.009999999776482582,1.3605674505233765,0.75
1007,1.9769036151580386,19.540372888750916,31.60454279179503,100.0,0.009999999776482582,1.218813180923462,1.0
1008,2.1055697068481902,129.96498296545516,32.44336169151979,100.0,0.009999999776482582,1.7509945631027222,0.5
1009,1.700906720194349,11.554914060142664,32.22925343122901,100.0,0.009999999776482582,1.1268537044525146,1.0
1010,2.0861831949768392,93.88612028442031,34.844454890121696,100.0,0.009999999776482582,1.4903616905212402,0.75
1011,2.2340502840818126,107.92082761888365,39.613716002730236,100.0,0.009999999776482582,1.4717273712158203,0.75
1012,1.4278992438634595,0.8073753597473282,29.650280976271315,100.0,0.009999999776482582,0.7917027473449707,1.0
1013,1.4499374763234294,0.7596013296417695,29.594516428027195,100.0,0.009999999776482582,0.832180380821228,1.0
1014,1.9948551441081295,93.62429630153845,34.55826969777875,100.0,0.009999999776482582,1.4909776449203491,0.75
1015,1.9454639107572052,20.50268887218439,32.473892350086324,100.0,0.009999999776482582,1.248744010925293,1.0
1016,2.023265927023485,105.84765234546946,37.91538576327545,100.0,0.009999999776482582,1.6512980461120605,0.75
1017,1.777463234199306,97.62726758345897,36.732660747628145,100.0,0.009999999776482582,1.2070319652557373,0.75
1018,2.3310888534522842,177.1394997421131,35.679871302995316,100.0,0.009999999776482582,1.8304945230484009,0.25
1019,1.4353022341430075,0.7190542664954083,29.50994831809544,100.0,0.009999999776482582,0.7974633574485779,1.0
1020,1.6991966954639017,13.055372462170252,31.159531754033715,100.0,0.009999999776482582,1.1347301006317139,1.0
1021,1.6256101609368359,11.43657211081848,31.803842521350113,100.0,0.009999999776482582,1.1034139394760132,1.0
1022,2.3477660119598287,102.05789866789952,34.43995363612565,100.0,0.009999999776482582,1.642276406288147,0.75
1023,1.8882716810984554,96.61955966846058,33.36830506486677,100.0,0.009999999776482582,1.5005491971969604,0.75
1024,1.9750432765114947,14.971877869590115,32.72505872797434,100.0,0.009999999776482582,1.0747171640396118,1.0
1025,2.6851708169355026,154.95630775340754,37.99856664363927,100.0,0.009999999776482582,2.078962802886963,0.5
1026,1.664675342359062,0.7163886097802292,29.60156467041857,100.0,0.009999999776482582,1.0924931764602661,1.0
1027,2.1667258221467005,139.49915156802075,35.186287364903556,100.0,0.009999999776482582,1.8755621910095215,0.5
1028,2.1323114138608656,15.136618417285082,31.76499600628761,100.0,0.009999999776482582,1.5051461458206177,1.0
1029,2.5124745917982496,144.87647398741336,36.715923820834846,100.0,0.009999999776482582,1.7247236967086792,0.5
1030,1.9302502467099099,116.27485004979529,43.59258753385625,100.0,0.009999999776482582,1.3695704936981201,0.75
1031,2.162989389396645,157.05477880772312,39.58973487220371,100.0,0.009999999776482582,1.6112879514694214,0.5
1032,1.8837247221500288,105.4916159595734,34.126458490128606,100.0,0.009999999776482582,1.3556387424468994,0.75
1033,2.173860283446108,137.5404017494882,36.07156161037951,100.0,0.009999999776482582,1.4225867986679077,0.5
1034,2.303161765332721,171.52714134921348,36.37535404132147,100.0,0.009999999776482582,2.0019874572753906,0.25
1035,3.0569014100708216,121.02781959457923,45.563339330698646,100.0,0.009999999776482582,1.75020170211792,0.75
1036,1.741609457715557,95.22032568503684,37.07143617702981,100.0,0.009999999776482582,1.2155694961547852,0.75
1037,1.5790098287018615,10.091058948465998,31.951838937498998,100.0,0.009999999776482582,0.9748586416244507,1.0
1038,1.7031137768296412,0.6966873841717811,29.51934984204444,100.0,0.009999999776482582,1.0958867073059082,1.0
1039,2.4185546950445627,177.91663038430863,37.19743766967829,100.0,0.009999999776482582,1.9859598875045776,0.25
1040,2.60179684397327,142.17284284697047,36.53987402899445,100.0,0.009999999776482582,2.035627603530884,0.5
1041,1.4756978667516667,0.6924647636420368,29.4686984068027,100.0,0.009999999776482582,0.9465102553367615,1.0
1042,1.8947843941728186,19.312870741105634,31.328499784123945,100.0,0.009999999776482582,1.5507858991622925,1.0
1043,2.2216760926918404,148.67043191942332,36.32373289689933,100.0,0.009999999776482582,1.427808403968811,0.5
1044,2.2055964129598578,154.9557522613012,37.68640604466188,100.0,0.009999999776482582,1.5932698249816895,0.5
1045,2.3742983260360973,104.94066950960033,34.9567430960433,100.0,0.009999999776482582,1.6737574338912964,0.75
1046,2.249648676583966,123.28789643128819,31.579883848524968,100.0,0.009999999776482582,1.5148169994354248,0.5
1047,1.700410887010319,11.419446374497713,32.02179420288338,100.0,0.009999999776482582,1.2463040351867676,1.0
1048,3.02298499806757,174.68746796510442,35.592040931122355,100.0,0.009999999776482582,1.9287943840026855,0.25
1049,1.6070796660240145,12.192595187522203,31.93724434150489,100.0,0.009999999776482582,1.1116101741790771,1.0
1050,1.9362851138542208,17.139136482851306,31.261707515661605,100.0,0.009999999776482582,1.2771632671356201,1.0
1051,2.3658244991611372,100.2708659289524,33.739998544943006,100.0,0.009999999776482582,1.793402075767517,0.75
1052,2.3734633916233983,142.20294365446875,38.747780408081674,100.0,0.009999999776482582,1.8836239576339722,0.5
1053,2.527430503329189,99.15506234951565,33.070671404242205,100.0,0.009999999776482582,1.7204475402832031,0.75
1054,2.362048303839771,19.834354229822083,31.677441037942167,100.0,0.009999999776482582,1.728123426437378,1.0
1055,1.851690189176351,16.350127738983538,31.290854315879503,100.0,0.009999999776482582,1.423401117324829,1.0
1056,2.0079342174097787,15.830642732135662,31.513799469845008,100.0,0.009999999776482582,1.2449445724487305,1.0
1057,2.367173682710421,113.92602265151756,38.30905114256647,100.0,0.009999999776482582,1.752501130104065,0.75
1058,1.84327720518546,6.746265672277655,31.132165909742344,100.0,0.009999999776482582,1.2450628280639648,1.0
1059,1.8845079457614073,15.323758792320316,31.998091846870945,100.0,0.009999999776482582,1.4209924936294556,1.0
1060,2.541709203265728,148.58552555220348,38.59269443240105,100.0,0.009999999776482582,1.5617810487747192,0.5
1061,2.2194129406345247,13.35956438008451,31.609388924987485,100.0,0.009999999776482582,1.567601203918457,1.0
1062,1.8735329824889364,96.314835910859,38.20292309736231,100.0,0.009999999776482582,1.0429035425186157,0.75
1063,1.6105997334176225,10.348856066688313,31.5862506020062,100.0,0.009999999776482582,1.0944305658340454,1.0
1064,2.170748583750664,90.36939712327593,31.58326984993747,100.0,0.009999999776482582,1.8256735801696777,0.75
1065,2.1071099126312194,14.961981938386982,31.53906834074362,100.0,0.009999999776482582,1.4946452379226685,1.0
1066,1.7378943915174518,8.283029139121439,31.740460300994254,100.0,0.009999999776482582,1.2357842922210693,1.0
1067,1.5110996789254652,0.566694941421892,29.33917034476869,100.0,0.009999999776482582,0.9341543912887573,1.0
1068,1.6502742872718634,0.5607830581067159,29.360006120028686,100.0,0.009999999776482582,1.0842982530593872,1.0
1069,2.315769232247962,140.81808601055428,35.356418876768025,100.0,0.009999999776482582,2.044060468673706,0.5
1070,3.3115188226190275,154.49789644485486,35.40882547645307,100.0,0.009999999776482582,1.9766277074813843,0.5
1071,1.9520604984484373,99.19909049839872,36.844384466807945,100.0,0.009999999776482582,1.5014712810516357,0.75
1072,2.2489350495611165,106.09187768733906,37.76268176033765,100.0,0.009999999776482582,1.6093721389770508,0.75
1073,2.0107855590800607,103.23006392919275,37.45254005221912,100.0,0.009999999776482582,1.2161865234375,0.75
1074,1.8352524366631642,106.22706636244287,36.11073193101817,100.0,0.009999999776482582,1.329660415649414,0.75
1075,2.2224798218325064,141.96603054829225,34.97294393803561,100.0,0.009999999776482582,1.8670583963394165,0.5
1076,1.9764076359529885,106.04493598275883,41.17889878508534,100.0,0.009999999776482582,1.3716213703155518,0.75
1077,1.729403811415017,8.067488132866485,31.658061595472184,100.0,0.009999999776482582,1.093846082687378,1.0
1078,1.678672366259312,11.437884420534179,31.352909406481167,100.0,0.009999999776482582,1.1027803421020508,1.0
1079,1.800312889621067,92.01362263897363,35.3819768310885,100.0,0.009999999776482582,1.3527967929840088,0.75
1080,1.7240915922200242,7.276050032096623,31.375685507663917,100.0,0.009999999776482582,1.2533260583877563,1.0
1081,2.2471799963704493,111.69022049898652,38.18986230990055,100.0,0.009999999776482582,1.4534564018249512,0.75
1082,1.989701783097865,107.78455978378878,46.157196355321,100.0,0.009999999776482582,1.1247247457504272,0.75
1083,2.3228727375557017,153.33680349501157,36.98524648095232,100.0,0.009999999776482582,1.908858299255371,0.5
1084,2.5745338810504204,151.03881930730546,39.81915838068568,100.0,0.009999999776482582,1.8529630899429321,0.5
1085,1.639029193013129,106.8461367060071,38.91345174666771,100.0,0.009999999776482582,1.0279475450515747,0.75
1086,2.1951412665179864,19.347108482879353,31.151534602887104,100.0,0.009999999776482582,1.7592618465423584,1.0
1087,2.1448943194641026,143.41848777517282,35.44283917627618,100.0,0.009999999776482582,1.722594976425171,0.5
1088,2.78017538445543,183.18442402278347,37.54364373030583,100.0,0.009999999776482582,1.9173364639282227,0.25
1089,1.840771679131455,15.094706513820531,32.58565732201157,100.0,0.009999999776482582,1.211545467376709,1.0
1090,2.2896367089552525,146.21971548915178,35.83669771049432,100.0,0.009999999776482582,1.5928664207458496,0.5
1091,2.515772457627281,174.484180236437,35.819667211823074,100.0,0.009999999776482582,1.8094991445541382,0.25
1092,1.7087324046026962,11.206701544265538,30.847762906790223,100.0,0.009999999776482582,1.1095836162567139,1.0
1093,1.9060638317940568,114.55940312808934,41.01407373495463,100.0,0.009999999776482582,1.4816738367080688,0.75
1094,2.109438799295049,120.52435015913525,42.378545742975774,100.0,0.009999999776482582,1.664885401725769,0.75
1095,1.845711916191115,120.02883623424735,41.25306477791157,100.0,0.009999999776482582,1.3571491241455078,0.75
1096,2.185830838867671,91.02732782616663,35.209235132436355,100.0,0.009999999776482582,1.7980695962905884,0.75
1097,1.9630699951963135,13.11607507147975,31.56591025149179,100.0,0.009999999776482582,1.5692919492721558,1.0
1098,2.0863705780922412,104.813352317364,39.12088935137587,100.0,0.009999999776482582,1.3172123432159424,0.75
1099,2.3084274165784633,110.29598452934056,37.47048903309366,100.0,0.009999999776482582,1.6456694602966309,0.75
1100,1.821165338148867,109.07568265776054,37.31145184072679,100.0,0.009999999776482582,1.1885088682174683,0.75
1101,2.2906949358547943,140.9553022973653,35.106793876514516,100.0,0.009999999776482582,1.4205121994018555,0.5
1102,2.5849321581647984,148.4207799213683,36.649251688035655,100.0,0.009999999776482582,2.02396821975708,0.5
1103,2.4095346929043067,146.16664518796998,36.102513971615245,100.0,0.009999999776482582,1.698817253112793,0.5
1104,2.522234997082712,140.67433725372817,37.81074255876997,100.0,0.009999999776482582,1.7119414806365967,0.5
1105,2.0382487431123733,107.16318622241009,38.80174391373175,100.0,0.009999999776482582,1.6356372833251953,0.75
1106,2.079419234126806,95.19575315885604,34.737231369684196,100.0,0.009999999776482582,1.6424918174743652,0.75
1107,1.776004009051195,8.841857558404861,31.28463263151312,100.0,0.009999999776482582,1.235576868057251,1.0
1108,2.4249144738896997,170.49193772215145,36.623951373595006,100.0,0.009999999776482582,1.8116028308868408,0.25
1109,2.0129913967641255,89.01757953505981,33.776316105012754,100.0,0.009999999776482582,1.301130771636963,0.75
1110,2.1547402582053805,105.83881400172874,38.84889826507222,100.0,0.009999999776482582,1.3462697267532349,0.75
1111,1.9304582844890226,98.43978761712835,32.655907486557815,100.0,0.009999999776482582,1.5187627077102661,0.75
1112,1.9093095161714364,9.43970756389728,31.331543540269173,100.0,0.009999999776482582,1.3968374729156494,1.0
1113,2.181433079518784,120.31493869760594,44.626333212859954,100.0,0.009999999776482582,1.6169260740280151,0.75
1114,2.1138614550756825,14.403955002648948,31.527246439879132,100.0,0.009999999776482582,1.5812586545944214,1.0
1115,1.5950186857526165,0.48951572517483605,29.137213442138275,100.0,0.009999999776482582,0.9536460638046265,1.0
1116,2.1200592745266085,104.24584445370587,45.409494054035875,100.0,0.009999999776482582,1.780696153640747,0.75
1117,1.7070924342733447,12.633644593539573,31.47989346084915,100.0,0.009999999776482582,1.2280800342559814,1.0
1118,1.7456539977395507,8.174553440275128,31.422163527726024,100.0,0.009999999776482582,1.2388179302215576,1.0
1119,1.6198106885575323,10.459014274478703,31.212454067753,100.0,0.009999999776482582,0.9527804851531982,1.0
1120,2.5318013965401067,180.34111279266793,37.24551382466956,100.0,0.009999999776482582,1.9832111597061157,0.25
1121,1.9351836905608866,14.614794805953263,30.86023673732871,100.0,0.009999999776482582,1.3885579109191895,1.0
1122,2.2391942947789434,97.04160039141986,30.950602195911326,100.0,0.009999999776482582,1.6020519733428955,0.75
1123,1.688983912876743,9.040425637110266,30.580741251567964,100.0,0.009999999776482582,0.9360628724098206,1.0
1124,2.7400117560762265,178.209256807664,35.97612715472873,100.0,0.009999999776482582,2.076215982437134,0.25
1125,1.9590846174307222,9.009727416188277,31.144826178633,100.0,0.009999999776482582,1.2189860343933105,1.0
1126,2.2269805972790144,112.92967007390546,38.085044716768124,100.0,0.009999999776482582,1.6839240789413452,0.75
1127,1.768050873394057,6.002560595821037,30.828932620620197,100.0,0.009999999776482582,1.279834508895874,1.0
1128,2.2253237530732193,107.24588725349908,37.68933005913589,100.0,0.009999999776482582,1.2746176719665527,0.75
1129,1.8923141978210878,8.078341878722895,31.443476446211974,100.0,0.009999999776482582,1.2324104309082031,1.0
1130,2.5899342129538834,187.13808693439523,39.2137851738148,100.0,0.009999999776482582,1.9960503578186035,0.25
1131,1.727909252193496,12.984981897077484,30.97645400188368,100.0,0.009999999776482582,1.239874243736267,1.0
1132,1.8683652468963068,10.78221479839301,31.31742185305068,100.0,0.009999999776482582,1.4018611907958984,1.0
1133,1.8896922586289895,103.52937261494723,34.88900606102125,100.0,0.009999999776482582,1.3560802936553955,0.75
1134,2.1974513957514956,9.432652944014427,31.159537418404835,100.0,0.009999999776482582,1.2398563623428345,1.0
1135,2.138558400130199,138.6334250259439,34.45601128470788,100.0,0.009999999776482582,1.6062252521514893,0.5
1136,2.2595974303806625,173.43747476842805,35.270278093362265,100.0,0.009999999776482582,1.8443496227264404,0.25
1137,2.4123239999765635,137.03436525648445,35.097076087363284,100.0,0.009999999776482582,1.8689091205596924,0.5
1138,2.366097092718735,146.28736112959442,34.58182159562958,100.0,0.009999999776482582,2.0788190364837646,0.5
1139,2.062871383086238,8.720427561721177,31.46374485258439,100.0,0.009999999776482582,1.2498483657836914,1.0
1140,1.9919201877647195,107.174194438897,36.0940307076227,100.0,0.009999999776482582,1.5276925563812256,0.75
1141,2.4539245154352622,156.96804137757465,38.03806210110769,100.0,0.009999999776482582,2.031644105911255,0.5
1142,2.9566309982776424,216.72146885527997,37.84188753243585,100.0,0.009999999776482582,2.221888542175293,0.0
1143,1.7180514024072877,7.846354798808083,31.466137461455915,100.0,0.009999999776482582,1.2347135543823242,1.0
1144,2.0152420182552446,15.478793972212726,31.27803836757647,100.0,0.009999999776482582,1.7075042724609375,1.0
1145,2.576750416923927,153.12568844009806,42.24823567767527,100.0,0.009999999776482582,1.6832005977630615,0.5
1146,1.4822464011592567,0.44896832294233213,29.04072142352831,100.0,0.009999999776482582,0.9410213232040405,1.0
1147,1.9325157612444082,95.34593918413042,34.43367178940378,100.0,0.009999999776482582,1.1463313102722168,0.75
1148,2.1351359105999554,8.435287092031711,31.455922710633892,100.0,0.009999999776482582,1.2368539571762085,1.0
1149,1.5384634459283983,0.40795068752821506,28.921031969479778,100.0,0.009999999776482582,0.9510114192962646,1.0
1150,1.9200788654119463,105.48109168112171,38.03948430508606,100.0,0.009999999776482582,1.1817350387573242,0.75
1151,2.0104062875596758,109.7259293730091,37.52079387064397,100.0,0.009999999776482582,1.5226116180419922,0.75
1152,2.172044918510308,148.33650058673535,38.97899638342853,100.0,0.009999999776482582,1.4083694219589233,0.5
1153,1.736828925140854,0.42047799900621663,29.054215167839207,100.0,0.009999999776482582,1.270483136177063,1.0
1154,2.4744164221674394,149.51630737143665,39.07421114250495,100.0,0.009999999776482582,1.542246699333191,0.5
1155,1.7329032261633093,6.388834864779942,31.235006451065335,100.0,0.009999999776482582,1.087472677230835,1.0
1156,2.3283445125017606,150.92111741392617,36.617860496279086,100.0,0.009999999776482582,1.4296836853027344,0.5
1157,1.7770114293171508,95.49171226538171,35.575798270318145,100.0,0.009999999776482582,1.065721035003662,0.75
1158,2.4042867344600096,100.80538572560337,33.46114936899991,100.0,0.009999999776482582,1.4439029693603516,0.75
1159,1.6855959861635568,8.813872767906462,31.050744085497833,100.0,0.009999999776482582,1.2467505931854248,1.0
1160,2.5197561470236085,93.04297416901863,34.35312778461159,100.0,0.009999999776482582,1.4777361154556274,0.75
1161,2.3372483249427667,191.2607123548125,38.99922981057494,100.0,0.009999999776482582,1.8464951515197754,0.25
1162,2.0170695900015634,100.64648729194447,36.945882695598684,100.0,0.009999999776482582,1.6365272998809814,0.75
1163,2.8857127901276667,187.94393553759673,38.319421442723524,100.0,0.009999999776482582,1.8034694194793701,0.25
1164,2.47088320740436,159.73357076588655,41.141183815736824,100.0,0.009999999776482582,1.4195326566696167,0.5
1165,1.9763080368396808,98.95574628721978,32.21227295206128,100.0,0.009999999776482582,1.366856336593628,0.75
1166,1.7125370079945588,6.910229059737886,31.303344499757845,100.0,0.009999999776482582,1.100691795349121,1.0
1167,1.930248300446586,11.053212894519564,31.12230815624664,100.0,0.009999999776482582,1.3985848426818848,1.0
1168,1.652883423208938,105.12559727631033,34.58359484876259,100.0,0.009999999776482582,1.0279638767242432,0.75
1169,1.8755573615050238,113.1618053066602,38.472760115252,100.0,0.009999999776482582,1.3323194980621338,0.75
1170,1.955666310681974,92.90611141452327,35.77942859521889,100.0,0.009999999776482582,1.2091126441955566,0.75
1171,2.1626209740898057,93.17114297620775,33.623168688313164,100.0,0.009999999776482582,1.499997615814209,0.75
1172,1.8979973251495734,110.49905782225183,38.836165525170124,100.0,0.009999999776482582,1.4800904989242554,0.75
1173,2.6587554101786623,155.9853286213018,38.55272643035266,100.0,0.009999999776482582,1.8541874885559082,0.5
1174,1.9242918795499258,98.70332028118128,35.80935329507132,100.0,0.009999999776482582,1.3425489664077759,0.75
1175,2.9025398243977456,159.65645967072862,39.216672207931836,100.0,0.009999999776482582,1.638104796409607,0.5
1176,2.429252177223097,112.26935457628788,37.72913405563664,100.0,0.009999999776482582,1.5136144161224365,0.75
1177,1.734990445439341,7.810294119356349,31.332448014452446,100.0,0.009999999776482582,1.1136670112609863,1.0
1178,2.4920075561199546,180.7270264951825,35.88061680603569,100.0,0.009999999776482582,1.7850537300109863,0.25
1179,1.9455823487335189,149.3856049351406,36.18709519658875,100.0,0.009999999776482582,1.4222575426101685,0.5
1180,1.7825147018147494,5.94729580072566,31.032961745924705,100.0,0.009999999776482582,1.2422969341278076,1.0
1181,1.8302257245317193,91.047188499939,32.05083427865886,100.0,0.009999999776482582,1.2148897647857666,0.75
1182,2.2642546674551096,145.15037667605728,35.266958388544765,100.0,0.009999999776482582,1.68235182762146,0.5
1183,1.9970518423524222,106.72153970719927,38.22859727032562,100.0,0.009999999776482582,1.4995801448822021,0.75
1184,3.049629769538059,159.7801437551279,37.740137413787714,100.0,0.009999999776482582,1.7203432321548462,0.5
1185,1.7780062506611203,10.136456150644735,31.186194441606375,100.0,0.009999999776482582,1.2320185899734497,1.0
1186,1.675533173162316,6.187044150946528,30.822668530439525,100.0,0.009999999776482582,1.0941494703292847,1.0
1187,2.3199562148815445,156.4799435564139,38.44157434676074,100.0,0.009999999776482582,1.9016010761260986,0.5
1188,1.5679208702400935,0.3488275618696432,28.771142645622948,100.0,0.009999999776482582,0.9417839050292969,1.0
1189,2.2074514805135683,148.71817225535654,39.386593097272694,100.0,0.009999999776482582,1.5863957405090332,0.5
1190,1.7423609197737029,9.839107705140066,31.167012565508124,100.0,0.009999999776482582,1.2744168043136597,1.0
1191,2.1088741583413126,95.95691091863729,34.16660557386909,100.0,0.009999999776482582,1.6350016593933105,0.75
1192,2.0065202172586107,8.936277009108558,30.902477379877865,100.0,0.009999999776482582,1.558085560798645,1.0
1193,2.44829960269483,111.18439498057523,39.415519058959504,100.0,0.009999999776482582,1.9453530311584473,0.75
1194,1.498840892356554,0.3372121034595747,28.75331933389207,100.0,0.009999999776482582,0.9216340780258179,1.0
1195,2.0170635808649777,104.53210572437365,40.433880587019715,100.0,0.009999999776482582,1.5069239139556885,0.75
1196,1.76416528629001,8.096060986191617,30.88973590632258,100.0,0.009999999776482582,1.2615066766738892,1.0
1197,2.4404479212118395,164.4229755445472,36.47133247785447,100.0,0.009999999776482582,1.9407126903533936,0.25
1198,2.3015522369394197,144.32149937988524,35.70103830317269,100.0,0.009999999776482582,1.7155386209487915,0.5
1199,1.637472837868961,6.167782804792138,31.194199016889243,100.0,0.009999999776482582,1.107796549797058,1.0
1200,2.5987805582522356,157.8159102192797,41.602757746687885,100.0,0.009999999776482582,1.6632509231567383,0.5
1201,2.2574817380253993,153.3795305093412,41.50859716476844,100.0,0.009999999776482582,1.720559000968933,0.5
1202,2.095568296893691,13.825855647432677,31.93939189605471,100.0,0.009999999776482582,1.3882060050964355,1.0
1203,1.991874487384273,10.867316086491257,30.929467786129337,100.0,0.009999999776482582,1.4121922254562378,1.0
1204,2.3913431788600157,140.73658469567437,34.19636028346661,100.0,0.009999999776482582,1.7322529554367065,0.5
1205,1.9362523575713833,120.5101207993264,45.154681578375346,100.0,0.009999999776482582,1.3708269596099854,0.75
1206,2.486138052516551,153.06856488025832,38.993318145826386,100.0,0.009999999776482582,1.8501930236816406,0.5
1207,1.8903572826041914,12.312259391613313,30.836808051852053,100.0,0.009999999776482582,1.273639440536499,1.0
1208,2.353235921621699,163.4047645176595,40.05826438806894,100.0,0.009999999776482582,1.6976392269134521,0.5
1209,2.3651131734569555,99.15053254582315,37.3650948455198,100.0,0.009999999776482582,1.6624948978424072,0.75
1210,2.4901225740215467,113.08757779011981,38.02999263478344,100.0,0.009999999776482582,1.6454393863677979,0.75
1211,2.3451729326667485,176.95728332231505,34.97933771179659,100.0,0.009999999776482582,1.990110158920288,0.25
1212,2.8202245193651514,140.60236352688352,36.69734497767396,100.0,0.009999999776482582,2.041576385498047,0.5
1213,2.2450197386776027,108.64502466050709,38.214854231878085,100.0,0.009999999776482582,1.6045655012130737,0.75
1214,1.8693579828660016,94.15285011818828,32.97987999046862,100.0,0.009999999776482582,1.346588134765625,0.75
1215,2.018219482168072,11.565857901525547,30.628898515800753,100.0,0.009999999776482582,1.5669939517974854,1.0
1216,2.3613704361107066,100.48589179820978,33.82075742417128,100.0,0.009999999776482582,1.652416706085205,0.75
1217,2.2407208889046943,143.05488147852185,38.50524657248316,100.0,0.009999999776482582,1.9170811176300049,0.5
1218,2.187222134821629,96.55592253347776,34.80225466272701,100.0,0.009999999776482582,1.4739793539047241,0.75
1219,1.8178758760558622,8.380899666371556,30.699806339320162,100.0,0.009999999776482582,1.2414575815200806,1.0
1220,2.2117693450829807,116.3789015554301,40.54471301709587,100.0,0.009999999776482582,1.2773075103759766,0.75
1221,2.1720972276308834,98.51892250564173,33.69927245585487,100.0,0.009999999776482582,1.824477195739746,0.75
1222,1.4533590553899944,0.3064353681116565,28.59656810810174,100.0,0.009999999776482582,0.7943178415298462,1.0
1223,1.7404407606226735,94.14821591049989,33.35802420353888,100.0,0.009999999776482582,1.016143798828125,0.75
1224,2.279743229779892,93.54109299117371,33.47830359176814,100.0,0.009999999776482582,1.6172305345535278,0.75
1225,2.4830667533377997,107.94461094771304,36.62583202577807,100.0,0.009999999776482582,1.7874709367752075,0.75
1226,2.798108720632644,177.33774729535088,36.25902654291147,100.0,0.009999999776482582,2.0909950733184814,0.25
1227,1.9889233246698765,105.75517181371828,39.018417542221826,100.0,0.009999999776482582,1.497119665145874,0.75
1228,1.7248446230952732,5.912740863932697,30.94448576244352,100.0,0.009999999776482582,1.237989068031311,1.0
1229,2.151524909613501,12.873865108881352,30.38812788289674,100.0,0.009999999776482582,1.7041370868682861,1.0
1230,2.3944876962140635,95.67273755814625,37.20345252568117,100.0,0.009999999776482582,1.5868360996246338,0.75
1231,1.64318170596392,6.569473522891589,30.602060165900543,100.0,0.009999999776482582,1.0863980054855347,1.0
1232,1.9228981069510114,8.763112509864866,30.913805895280557,100.0,0.009999999776482582,1.4057483673095703,1.0
1233,2.284684938590487,119.52358845971116,38.500373091200196,100.0,0.009999999776482582,1.2946619987487793,0.75
1234,3.298734672446637,208.6278944152093,40.50939205185148,100.0,0.009999999776482582,2.0271873474121094,0.25
1235,2.546421103551632,190.0650810098926,38.210369883152744,100.0,0.009999999776482582,2.115867853164673,0.25
1236,2.204984736521326,103.57130442622613,34.45629099687937,100.0,0.009999999776482582,1.7923535108566284,0.75
1237,1.9111757498811577,99.52505816622357,33.83814330545077,100.0,0.009999999776482582,1.4996373653411865,0.75
1238,1.7557904248048102,111.0655052069335,39.89451182036291,100.0,0.009999999776482582,1.1855206489562988,0.75
1239,2.067526796062312,109.68093767769487,39.129254562730345,100.0,0.009999999776482582,1.6634762287139893,0.75
1240,1.8763409769524138,0.3309147261510541,28.7324394299981,100.0,0.009999999776482582,1.269885778427124,1.0
1241,2.5037622068390535,154.34693035394216,37.20561163272351,100.0,0.009999999776482582,2.004469633102417,0.5
1242,1.9998930866586473,121.68197975316356,41.491756004515814,100.0,0.009999999776482582,1.4967906475067139,0.75
1243,1.6551895085950157,7.720854729166673,30.73672275184313,100.0,0.009999999776482582,1.0945091247558594,1.0
1244,2.6798741623542557,179.6995596253966,38.71094740367608,100.0,0.009999999776482582,2.0792579650878906,0.25
1245,2.1664576796378743,116.67926939162797,39.430963948523825,100.0,0.009999999776482582,1.6607096195220947,0.75
1246,2.7374399707203136,116.25834212102987,42.88428080711756,100.0,0.009999999776482582,1.5946297645568848,0.75
1247,2.3451850711464366,155.08800052175533,38.236402124946274,100.0,0.009999999776482582,2.0289182662963867,0.5
1248,2.3712418186021793,98.26647119514813,33.74225007960603,100.0,0.009999999776482582,1.6095449924468994,0.75
1249,2.0786937868844992,9.710414758872554,30.467652662384786,100.0,0.009999999776482582,1.2418848276138306,1.0
1250,2.2289473649585543,94.58641728886083,37.070223713236174,100.0,0.009999999776482582,1.6085096597671509,0.75
1251,2.045168707722473,105.37212546791977,37.89900608773023,100.0,0.009999999776482582,1.5216070413589478,0.75
1252,1.6297535943065713,6.778161595052987,31.253656364150146,100.0,0.009999999776482582,1.0920393466949463,1.0
1253,2.391365910808817,118.31373719216519,39.29909992574532,100.0,0.009999999776482582,1.7482037544250488,0.75
1254,1.909975528563175,116.09824478246688,40.67761884755732,100.0,0.009999999776482582,1.3137383460998535,0.75
1255,2.1157091206631655,96.9029416267312,33.452586456703315,100.0,0.009999999776482582,1.6584546566009521,0.75
1256,2.358345185819155,153.35090418300175,37.31278520380514,100.0,0.009999999776482582,1.6893129348754883,0.5
1257,2.1611221469187396,107.85913654530148,41.608082964333,100.0,0.009999999776482582,1.8219729661941528,0.75
1258,2.5232141202765526,155.96856886476337,39.62596685865808,100.0,0.009999999776482582,1.8956937789916992,0.5
1259,2.1091819438282333,111.25672379464301,51.35693865276637,100.0,0.009999999776482582,1.4563848972320557,0.75
1260,2.387405449060982,181.0821428811394,38.444819462763554,100.0,0.009999999776482582,1.7984622716903687,0.25
1261,1.82907564367574,105.68267081899474,36.15871574483227,100.0,0.009999999776482582,1.200294852256775,0.75
1262,1.6478654248581637,5.359415439503701,30.917547536823683,100.0,0.009999999776482582,0.9419514536857605,1.0
1263,2.06873911029165,97.31119859695872,35.055966900666604,100.0,0.009999999776482582,1.3488733768463135,0.75
1264,2.5654726428431114,146.0834138667422,34.17185685163338,100.0,0.009999999776482582,1.7084532976150513,0.5
1265,1.6103604636646103,0.29277658775371007,28.58891420466696,100.0,0.009999999776482582,0.9255144596099854,1.0
1266,2.339249093432756,141.3834010795428,36.9819928291693,100.0,0.009999999776482582,1.7120356559753418,0.5
1267,2.432864098199195,187.73873823027873,37.7429642778937,100.0,0.009999999776482582,1.9448524713516235,0.25
1268,2.2485840910208585,102.37953131684965,37.231814611758615,100.0,0.009999999776482582,1.5967297554016113,0.75
1269,2.655201415637977,98.52585181499389,34.91645563204268,100.0,0.009999999776482582,1.7657349109649658,0.75
1270,2.349973669191166,114.89887227246777,38.71471831121498,100.0,0.009999999776482582,1.5755553245544434,0.75
1271,2.056330154657886,96.01409036896646,37.61291776140663,100.0,0.009999999776482582,1.499935269355774,0.75
1272,2.397924665303449,155.12981986852824,37.972788758655554,100.0,0.009999999776482582,1.9006763696670532,0.5
1273,2.366121143056251,188.38465335464412,39.0582545125339,100.0,0.009999999776482582,1.9827015399932861,0.25
1274,1.9116682791846864,109.78281316687169,37.682416823124434,100.0,0.009999999776482582,1.3546319007873535,0.75
1275,2.1493848788245127,116.1329550191543,38.42956589437413,100.0,0.009999999776482582,1.7994862794876099,0.75
1276,1.8490242915653576,112.60099959554249,41.60252133332303,100.0,0.009999999776482582,1.2174395322799683,0.75
1277,1.6060086280771357,0.3202824356089004,28.69910268719734,100.0,0.009999999776482582,1.09661066532135,1.0
1278,2.064407506962917,151.51334592843668,38.827763544533624,100.0,0.009999999776482582,1.4464102983474731,0.5
1279,2.3478911595505445,113.05074258287283,41.29287383971969,100.0,0.009999999776482582,1.3037245273590088,0.75
1280,2.1744845727060507,97.90183732085076,33.67598044349867,100.0,0.009999999776482582,1.7800610065460205,0.75
1281,1.8162209127067959,110.61650493288604,36.85239035040646,100.0,0.009999999776482582,1.1863218545913696,0.75
1282,2.1812273552191677,111.87806614779748,37.381549314679425,100.0,0.009999999776482582,1.6519038677215576,0.75
1283,2.831140453501587,181.25573987955406,38.52936201932677,100.0,0.009999999776482582,1.9567193984985352,0.25
1284,2.4021629229459984,94.6951878787546,36.596874894499216,100.0,0.009999999776482582,1.4499244689941406,0.75
1285,1.649062039566702,5.669314881255311,30.74416168875099,100.0,0.009999999776482582,1.0837182998657227,1.0
1286,2.627072756104626,101.92010839063484,34.143827273125446,100.0,0.009999999776482582,1.5271642208099365,0.75
1287,2.231538346263765,108.27065344987443,37.37312243598814,100.0,0.009999999776482582,1.3210171461105347,0.75
1288,2.029268978837748,7.8306969652877445,30.710482979377495,100.0,0.009999999776482582,1.5724363327026367,1.0
1289,1.8901546123307325,97.65451514404836,32.758084407390236,100.0,0.009999999776482582,1.1898189783096313,0.75
1290,1.420253490378393,0.2562323897041469,28.46182974671358,100.0,0.009999999776482582,0.8009241819381714,1.0
1291,1.935380466801283,6.842767163988316,30.72192474918595,100.0,0.009999999776482582,1.0485773086547852,1.0
1292,2.3027083310701912,102.54584101738355,36.656645562609626,100.0,0.009999999776482582,1.1056396961212158,0.75
1293,1.8803630718276094,10.071666147378878,30.469736100729456,100.0,0.009999999776482582,1.3977973461151123,1.0
1294,1.712754682263033,6.504894189170693,30.614388571491983,100.0,0.009999999776482582,1.2394317388534546,1.0
1295,2.1373719063240677,110.78707246725253,39.077935719196326,100.0,0.009999999776482582,1.6457293033599854,0.75
1296,2.1087025264023747,111.22748521793432,41.9166750789721,100.0,0.009999999776482582,1.4869349002838135,0.75
1297,1.883148841320587,115.3587394503674,38.56036234442693,100.0,0.009999999776482582,1.3171446323394775,0.75
1298,1.741808879326238,97.41233225220299,31.883453949417156,100.0,0.009999999776482582,1.1757712364196777,0.75
1299,1.9902523829316194,106.83775770053705,46.129585371576084,100.0,0.009999999776482582,1.3312413692474365,0.75
1300,1.8010501321920105,5.608953952192559,30.59237076134294,100.0,0.009999999776482582,1.2245386838912964,1.0
1301,2.0093749000372205,96.21961505482055,31.565305592636957,100.0,0.009999999776482582,1.498270034790039,0.75
1302,2.92702309539136,194.09690223115877,39.81505662062221,100.0,0.009999999776482582,2.1513891220092773,0.25
1303,2.2557346212608627,176.27284060125572,37.34204374721664,100.0,0.009999999776482582,1.8038380146026611,0.25
1304,2.1981411859266378,129.32583624773713,49.41351100939435,100.0,0.009999999776482582,1.6426894664764404,0.75
1305,2.2526941602109587,109.23172508397222,39.966575165335044,100.0,0.009999999776482582,1.7101640701293945,0.75
1306,1.4092618334208908,0.22496513269129262,28.33605099521887,100.0,0.009999999776482582,0.7924087643623352,1.0
1307,1.8839356622099763,114.43523636213285,38.52788137772859,100.0,0.009999999776482582,1.1607686281204224,0.75
1308,1.6356954971231281,0.22602363351649174,28.39522459551658,100.0,0.009999999776482582,0.9440900087356567,1.0
1309,2.2793375598793477,142.67143134313517,37.081123336151926,100.0,0.009999999776482582,1.7272099256515503,0.5
1310,2.189444407387948,161.96153032657432,38.41932161308955,100.0,0.009999999776482582,1.725952386856079,0.5
1311,2.4223865668862166,184.46850655293187,36.943527474002494,100.0,0.009999999776482582,1.9693124294281006,0.25
1312,2.3670561063604607,6.866831724683333,30.556389723127342,100.0,0.009999999776482582,1.371647596359253,1.0
1313,2.6358382514818017,189.251614952559,37.40122633288824,100.0,0.009999999776482582,1.8242757320404053,0.25
1314,1.9918944708211404,118.53412028763195,40.996819180251116,100.0,0.009999999776482582,1.489213228225708,0.75
1315,2.1210243992050937,105.22230468151481,38.15043071776025,100.0,0.009999999776482582,1.5082967281341553,0.75
1316,2.069750455453868,98.01477688308773,35.38095453966401,100.0,0.009999999776482582,1.6628179550170898,0.75
1317,1.5592974997335105,0.24675687301965507,28.48617360984966,100.0,0.009999999776482582,1.0808401107788086,1.0
1318,2.0631447194463206,117.26512068434548,37.63776962931113,100.0,0.009999999776482582,1.2905266284942627,0.75
1319,1.9493170351856524,103.61933832264889,35.66677196987378,100.0,0.009999999776482582,1.3477197885513306,0.75
1320,1.993003725974063,8.092390906774074,30.184685845619228,100.0,0.009999999776482582,1.394005537033081,1.0
1321,2.0423621185177767,10.629055525457664,30.438079623718014,100.0,0.009999999776482582,1.7301568984985352,1.0
1322,1.9698190993003781,98.7184956142644,35.35180405244368,100.0,0.009999999776482582,1.509257435798645,0.75
1323,2.5495960042632704,169.74748560732755,34.45845275282983,100.0,0.009999999776482582,2.0894711017608643,0.25
1324,2.366974526066607,151.84144038407848,38.891338028590226,100.0,0.009999999776482582,2.0188770294189453,0.5
1325,1.793522856568662,7.624497080039401,30.16607159576849,100.0,0.009999999776482582,1.2548456192016602,1.0
1326,1.9899598500848745,125.9721165781906,45.990247771365134,100.0,0.009999999776482582,0.9975469708442688,0.75
1327,2.440384016355228,108.72914106603096,39.48280644231826,100.0,0.009999999776482582,1.4899141788482666,0.75
1328,2.0871150018707074,112.60912519940551,37.388072265870264,100.0,0.009999999776482582,1.4930775165557861,0.75
1329,2.3058415805081314,142.48603483190618,37.15506503619547,100.0,0.009999999776482582,1.8691140413284302,0.5
1330,2.2362051260502604,142.37855665155843,34.50891124256229,100.0,0.009999999776482582,1.745985984802246,0.5
1331,2.177520038952713,159.7952391806963,40.26560551371028,100.0,0.009999999776482582,1.7307589054107666,0.5
1332,2.641395263694335,146.7852145530396,38.69081453207309,100.0,0.009999999776482582,1.6817076206207275,0.5
1333,2.163207211462548,99.93117929283099,35.52491184049351,100.0,0.009999999776482582,1.6466000080108643,0.75
1334,1.9905000022268071,104.34715947020392,36.7395125355835,100.0,0.009999999776482582,1.315294861793518,0.75
1335,2.3277284219686134,106.8483010165998,39.32605657062852,100.0,0.009999999776482582,1.5843138694763184,0.75
1336,1.8546736084870172,109.97276119473571,36.79405514482412,100.0,0.009999999776482582,1.1752357482910156,0.75
1337,1.8063441941123244,4.290453580368884,30.407830381264855,100.0,0.009999999776482582,1.2352087497711182,1.0
1338,1.7688277771606615,109.63698076010007,36.407592105062406,100.0,0.009999999776482582,1.1662214994430542,0.75
1339,2.5769760104040786,157.46779887424734,37.73728204822441,100.0,0.009999999776482582,1.692619800567627,0.5
1340,2.7733609100171215,161.70244603347876,39.26513498190598,100.0,0.009999999776482582,1.7513712644577026,0.5
1341,2.3388959017586988,136.97851348744902,35.01171830739806,100.0,0.009999999776482582,1.6760718822479248,0.5
1342,2.5739954249763217,98.67398736636228,38.46820655604096,100.0,0.009999999776482582,1.5822761058807373,0.75
1343,1.784096781814516,5.879445637635481,30.503098997135268,100.0,0.009999999776482582,1.1129260063171387,1.0
1344,2.324515305861579,104.8500923743667,37.35482761425257,100.0,0.009999999776482582,1.8157273530960083,0.75
1345,1.588322523572686,0.20973659666683284,28.337942380850016,100.0,0.009999999776482582,0.932476818561554,1.0
1346,2.6039585728403614,159.5438168781863,41.66021105408078,100.0,0.009999999776482582,1.8156055212020874,0.5
1347,2.4341557673979035,106.72255959140556,38.79588995582538,100.0,0.009999999776482582,1.7795509099960327,0.75
1348,1.3257365318178793,0.18575780722359386,28.17821294132962,100.0,0.009999999776482582,0.6431150436401367,1.0
1349,2.0519868026462866,100.90047582558222,35.698538063625776,100.0,0.009999999776482582,1.6324845552444458,0.75
1350,1.9184910133448558,8.53476397774377,30.485004783207717,100.0,0.009999999776482582,1.544529914855957,1.0
1351,1.834498153952639,100.94177643071339,35.69511436797534,100.0,0.009999999776482582,1.3156181573867798,0.75
1352,2.166901748148708,114.68142373996966,44.83106883534076,100.0,0.009999999776482582,1.4751099348068237,0.75
1353,2.4006524494632844,117.99475880358673,40.53140028827673,100.0,0.009999999776482582,1.3731684684753418,0.75
1354,2.1346713146604794,156.0273003038884,38.51727231278077,100.0,0.009999999776482582,1.5581635236740112,0.5
1355,2.3627029087265283,11.067075300831704,30.872420270098427,100.0,0.009999999776482582,1.8281261920928955,1.0
1356,2.0555460942884007,100.64096093513108,36.19262106427752,100.0,0.009999999776482582,1.597455620765686,0.75
1357,1.752769008813567,93.8425850506318,32.026582168700344,100.0,0.009999999776482582,1.1783168315887451,0.75
1358,1.6490549556981335,5.299763784510099,30.60704155710374,100.0,0.009999999776482582,0.9446667432785034,1.0
1359,2.44580261517202,150.12128069270727,35.72104112321316,100.0,0.009999999776482582,1.6984941959381104,0.5
1360,2.2008417373548066,110.77559708353849,41.09467990182633,100.0,0.009999999776482582,1.6200947761535645,0.75
1361,2.2020104958266096,106.42089364229523,38.83911673491706,100.0,0.009999999776482582,1.676472783088684,0.75
1362,2.162037178363546,110.37534997635183,39.96005062009404,100.0,0.009999999776482582,1.655185580253601,0.75
1363,1.9431536886286687,8.609219937080239,30.192305044840435,100.0,0.009999999776482582,1.5417754650115967,1.0
1364,1.7336530596678865,7.278090882024949,30.5136321795228,100.0,0.009999999776482582,1.2279679775238037,1.0
1365,2.2123797847634386,115.86966596640471,37.45651072634663,100.0,0.009999999776482582,1.3046772480010986,0.75
1366,2.510325544286284,160.79503266610985,41.37077828198941,100.0,0.009999999776482582,1.9068312644958496,0.5
1367,2.1772170294476396,95.99360399367815,34.183816514393705,100.0,0.009999999776482582,1.624208688735962,0.75
1368,1.7616968433767983,5.127960263322694,31.118676150019173,100.0,0.009999999776482582,1.1013364791870117,1.0
1369,2.0085711254331637,106.74508749359246,39.808217198714416,100.0,0.009999999776482582,1.4677115678787231,0.75
1370,1.7930483888001103,111.59322361472297,37.50068768941443,100.0,0.009999999776482582,1.1672253608703613,0.75
1371,2.446851231019021,179.45272127895618,40.69737405004231,100.0,0.009999999776482582,1.8025530576705933,0.25
1372,3.4074410392114785,221.79998209018908,39.64570864012192,100.0,0.009999999776482582,2.0771312713623047,0.0
1373,2.2244535452802907,152.0690681731791,37.316432818728345,100.0,0.009999999776482582,1.5796849727630615,0.5
1374,1.7492129503263416,103.47251255618811,38.46214473085632,100.0,0.009999999776482582,1.1437636613845825,0.75
1375,1.6431048032242201,0.18197084817867595,28.202960110524913,100.0,0.009999999776482582,1.0934875011444092,1.0
1376,2.212427573741865,106.42199656161891,35.58267796998307,100.0,0.009999999776482582,1.4608266353607178,0.75
1377,1.468165151742316,0.16963208365521834,28.088885002853054,100.0,0.009999999776482582,0.7433243989944458,1.0
1378,1.6386296787151278,4.188025224562351,30.12604955363117,100.0,0.009999999776482582,1.0882352590560913,1.0
1379,2.4993517880605602,157.72251967484596,40.2946247967313,100.0,0.009999999776482582,1.325575828552246,0.5
1380,1.9746352121032233,105.04679268349426,34.327421085844975,100.0,0.009999999776482582,1.4962115287780762,0.75
1381,2.222453882835163,112.76097290430828,40.13462610644254,100.0,0.009999999776482582,1.6629149913787842,0.75
1382,1.9073007047353532,5.881137863185004,30.69218738461319,100.0,0.009999999776482582,1.3771181106567383,1.0
1383,2.096827601823988,107.77141033996332,37.30882166689673,100.0,0.009999999776482582,1.5023765563964844,0.75
1384,2.392569515130063,99.20997052390219,34.79528109457705,100.0,0.009999999776482582,1.643181562423706,0.75
1385,2.39711431114156,108.75523471892419,40.845073872315005,100.0,0.009999999776482582,1.6038553714752197,0.75
1386,2.331294754831525,103.13370251769535,34.33674078729672,100.0,0.009999999776482582,1.7731491327285767,0.75
1387,2.2787809474997633,101.70143397651105,34.09328128976663,100.0,0.009999999776482582,1.8189806938171387,0.75
1388,2.228880411386361,140.7186780326935,34.60238894298709,100.0,0.009999999776482582,1.7537429332733154,0.5
1389,1.9268446814188713,117.73285533545823,41.252771620137835,100.0,0.009999999776482582,1.3165123462677002,0.75
1390,2.4181744520453154,102.60895648506741,38.82196980343264,100.0,0.009999999776482582,1.456836462020874,0.75
1391,2.370209545492091,115.98586232253754,38.068006551891685,100.0,0.009999999776482582,1.4177281856536865,0.75
1392,1.4623091570212372,0.1513799814321408,27.974789621677107,100.0,0.009999999776482582,0.7717984318733215,1.0
1393,1.9149773454588934,5.510338063228215,30.323018724882683,100.0,0.009999999776482582,1.406509280204773,1.0
1394,1.857526891376676,101.61532566477212,36.95220210716774,100.0,0.009999999776482582,1.3188883066177368,0.75
1395,1.8753658821148285,96.9282487233153,32.90548259925108,100.0,0.009999999776482582,1.3163331747055054,0.75
1396,2.3155058038124743,103.70126109531239,38.9934957137158,100.0,0.009999999776482582,1.569946050643921,0.75
1397,2.1059669176307327,6.067094194466481,30.1050509027493,100.0,0.009999999776482582,1.671832799911499,1.0
1398,1.7312945252274485,3.445426764994761,29.937356469569508,100.0,0.009999999776482582,1.09909987449646,1.0
1399,2.185587098503456,101.64880178482947,35.02521912080432,100.0,0.009999999776482582,1.4175810813903809,0.75
1400,2.6158883993603346,182.0041348811763,38.44800425505496,100.0,0.009999999776482582,1.972334861755371,0.25
1401,1.4508182440797806,0.1375868274220907,27.927297456925196,100.0,0.009999999776482582,0.7918811440467834,1.0
1402,1.9180724882214109,7.675712020414884,29.845677126518048,100.0,0.009999999776482582,1.3884847164154053,1.0
1403,2.263906146310372,117.16785915296546,40.934865413640885,100.0,0.009999999776482582,1.5818901062011719,0.75
1404,2.533591638309297,182.47782263479502,37.80972773399764,100.0,0.009999999776482582,1.9211293458938599,0.25
1405,2.2600390790725986,100.09055609440894,33.99842857156927,100.0,0.009999999776482582,1.8070125579833984,0.75
1406,1.9395528852320474,112.53776116105828,40.15815543567869,100.0,0.009999999776482582,1.3409944772720337,0.75
1407,2.1896090289895227,112.93472206368122,40.11165338170847,100.0,0.009999999776482582,1.6538666486740112,0.75
1408,2.3124660135902007,99.63994388508648,38.27675960583829,100.0,0.009999999776482582,1.945270299911499,0.75
1409,2.151985950086756,92.98684002215256,39.227532993016254,100.0,0.009999999776482582,1.273388385772705,0.75
1410,2.0709989354710903,6.058499170937013,30.019582079424037,100.0,0.009999999776482582,1.540435552597046,1.0
1411,1.7701359044368985,5.406872583099088,30.073361349712176,100.0,0.009999999776482582,1.2211912870407104,1.0
1412,1.6560479958166276,0.14271723945710363,27.975538779534098,100.0,0.009999999776482582,1.0755689144134521,1.0
1413,2.0657359800301913,113.86910089731282,39.238252100877325,100.0,0.009999999776482582,1.5188713073730469,0.75
1414,1.6771803240447383,3.249013543099525,29.849209450130804,100.0,0.009999999776482582,1.0927923917770386,1.0
1415,2.296999450268318,93.26431805759125,39.22531252479299,100.0,0.009999999776482582,1.439465045928955,0.75
1416,2.671775590434758,156.03688404049555,38.977465533683684,100.0,0.009999999776482582,1.9958479404449463,0.5
1417,1.8285230599538012,4.188217703897157,30.263406156366408,100.0,0.009999999776482582,1.250402569770813,1.0
1418,2.3014442433287066,6.33445385320132,29.623383642918313,100.0,0.009999999776482582,1.397392749786377,1.0
1419,2.6049540696771674,125.67708439339897,40.7756801299707,100.0,0.009999999776482582,1.4257057905197144,0.75
1420,2.421470260063604,110.54076215931335,39.786865617364015,100.0,0.009999999776482582,1.5828063488006592,0.75
1421,2.096414639554846,4.015468248724656,30.167689857560354,100.0,0.009999999776482582,1.5339350700378418,1.0
1422,2.01332500283449,4.983986103697499,30.55599596713175,100.0,0.009999999776482582,1.5637027025222778,1.0
1423,2.235624512834981,7.010323994454258,30.330071693197326,100.0,0.009999999776482582,1.3794076442718506,1.0
1424,1.9832152596831372,8.264833035842164,29.859826377471535,100.0,0.009999999776482582,1.5586113929748535,1.0
1425,1.9804654743135277,110.98098071520603,38.15332353607872,100.0,0.009999999776482582,1.4724115133285522,0.75
1426,1.9395411706166015,111.10860697072398,40.62100168727065,100.0,0.009999999776482582,1.3227522373199463,0.75
1427,1.679080265293865,3.6226404584770315,29.868329766650007,100.0,0.009999999776482582,0.9403010606765747,1.0
1428,2.5382254638783905,121.02083914872533,37.89814394278791,100.0,0.009999999776482582,1.5693278312683105,0.75
1429,2.4497381393129953,95.93355223332213,36.84443883747112,100.0,0.009999999776482582,1.590195655822754,0.75
1430,1.9371215229894885,4.929474283682854,30.120830204497945,100.0,0.009999999776482582,1.3820664882659912,1.0
1431,2.0800467156055835,99.89531324691426,35.7729929380881,100.0,0.009999999776482582,1.4513230323791504,0.75
1432,2.7347524887153893,188.30917614156775,38.56273948671132,100.0,0.009999999776482582,2.0733346939086914,0.25
1433,1.9609704220731208,5.28827348720704,29.862873200868886,100.0,0.009999999776482582,1.3812586069107056,1.0
1434,1.747038150623372,115.2643015886618,41.183059924248724,100.0,0.009999999776482582,1.0101821422576904,0.75
1435,1.8284145743118325,6.379480711540188,29.61079516741281,100.0,0.009999999776482582,1.2265894412994385,1.0
1436,1.8990371492017104,5.750034231825614,29.63321288819357,100.0,0.009999999776482582,1.3729151487350464,1.0
1437,2.892037822968655,103.72143821465532,38.53359510964053,100.0,0.009999999776482582,1.8044049739837646,0.75
1438,2.2858979145231606,119.1040208120959,39.89280208722728,100.0,0.009999999776482582,1.7997236251831055,0.75
1439,2.339027147967689,118.62159923902819,38.750517947710804,100.0,0.009999999776482582,1.3335614204406738,0.75
1440,2.2315083088293255,111.21162296750387,37.702726252917415,100.0,0.009999999776482582,1.8011386394500732,0.75
1441,2.3949171482412797,115.39021327879067,42.22198499156014,100.0,0.009999999776482582,1.5956180095672607,0.75
1442,1.834934913932315,110.58046479609588,35.712379211543,100.0,0.009999999776482582,1.3121230602264404,0.75
1443,2.2591031728183455,136.77322085279448,35.918158030566836,100.0,0.009999999776482582,1.675443172454834,0.5
1444,2.053389424577466,101.23684849191483,36.878819086734126,100.0,0.009999999776482582,1.4911553859710693,0.75
1445,1.9291105273608158,106.25609920536257,34.443707031749895,100.0,0.009999999776482582,1.3312171697616577,0.75
1446,2.1950160108836774,104.89740914204076,37.8325579816389,100.0,0.009999999776482582,1.7639224529266357,0.75
1447,1.7991633347523663,5.72251601898797,29.88183273208131,100.0,0.009999999776482582,1.2416502237319946,1.0
1448,2.2633179993292285,4.8896917943094875,29.77587608443837,100.0,0.009999999776482582,1.496368169784546,1.0
1449,1.3105367847153586,0.10209118472708706,27.68231265457579,100.0,0.009999999776482582,0.5971957445144653,1.0
1450,1.7991922200057404,101.44443603780033,35.06970990082044,100.0,0.009999999776482582,1.1567530632019043,0.75
1451,2.435251497504097,115.22643910484507,39.92899883573332,100.0,0.009999999776482582,1.4918020963668823,0.75
1452,2.032519506550142,102.90273530315861,35.799393679002655,100.0,0.009999999776482582,1.491098165512085,0.75
1453,1.4565255736160057,0.09664955867792455,27.598860517653492,100.0,0.009999999776482582,0.7645664215087891,1.0
1454,2.408965765980603,136.25036451464786,36.69574525204549,100.0,0.009999999776482582,1.4971873760223389,0.5
1455,2.7523667743756026,108.78954399502071,38.077454179500116,100.0,0.009999999776482582,1.7929424047470093,0.75
1456,2.17717984969532,5.210711498749242,29.668400721004847,100.0,0.009999999776482582,1.7058789730072021,1.0
1457,2.4079944346095603,199.5695304882117,40.956309965420644,100.0,0.009999999776482582,1.8319804668426514,0.25
1458,2.6970689124238025,143.52519187870004,34.53183297663584,100.0,0.009999999776482582,1.796285629272461,0.5
1459,1.6354111389918937,2.635088655073932,29.63036248789666,100.0,0.009999999776482582,1.0490248203277588,1.0
1460,1.739446357152312,4.428247598736912,29.310905223252718,100.0,0.009999999776482582,1.0828158855438232,1.0
1461,2.7840011667671467,168.4612673218849,41.520621819085115,100.0,0.009999999776482582,1.8372342586517334,0.5
1462,1.937508553054247,103.35968375359188,35.7937427807942,100.0,0.009999999776482582,1.2958428859710693,0.75
1463,2.130382558306449,6.211112081247429,29.802423716762128,100.0,0.009999999776482582,1.688971996307373,1.0
1464,1.7258706426436816,0.10913005135621115,27.758827838345216,100.0,0.009999999776482582,1.0846790075302124,1.0
1465,2.151833909370131,106.42240392611038,38.84175348603314,100.0,0.009999999776482582,1.6146124601364136,0.75
1466,2.2852330610110205,150.14041423717043,37.82016540225166,100.0,0.009999999776482582,1.5217304229736328,0.5
1467,2.584130514890021,154.13765547211221,37.528201000062616,100.0,0.009999999776482582,1.7019456624984741,0.5
1468,2.138814447966938,88.82484196925255,32.33046206055525,100.0,0.009999999776482582,1.2674124240875244,0.75
1469,1.9267416392532781,103.10061271641295,35.87719706794661,100.0,0.009999999776482582,1.1723172664642334,0.75
1470,2.348813702879872,152.05927752069672,37.06081017065373,100.0,0.009999999776482582,1.7569149732589722,0.5
1471,2.2794580533263358,109.5915297564759,42.16216412979571,100.0,0.009999999776482582,1.4715427160263062,0.75
1472,2.8842550628887094,162.58450540770892,38.26593826773622,100.0,0.009999999776482582,2.0166642665863037,0.5
1473,2.008672410584708,5.4028571283950955,30.39103881425678,100.0,0.009999999776482582,1.555911898612976,1.0
1474,1.8418417823214153,3.1435651281629426,29.55926793577298,100.0,0.009999999776482582,1.386860728263855,1.0
1475,2.1794825553227177,160.5378056605575,37.724683846083394,100.0,0.009999999776482582,1.7229458093643188,0.5
1476,2.2822648961963163,116.40248837860233,44.35214866076116,100.0,0.009999999776482582,1.7733081579208374,0.75
1477,1.9886955395607138,5.948531241273164,29.522188587569847,100.0,0.009999999776482582,1.4132742881774902,1.0
1478,2.0744381376861916,3.1318745073138055,29.954193880925576,100.0,0.009999999776482582,1.2107267379760742,1.0
1479,1.9245146463505656,112.73636220262016,39.208958144972144,100.0,0.009999999776482582,1.3232334852218628,0.75
1480,1.7698958251532695,3.097554313057637,29.929817865414833,100.0,0.009999999776482582,1.2327477931976318,1.0
1481,2.5062666369700186,98.22231342908802,36.730474131763245,100.0,0.009999999776482582,1.6221225261688232,0.75
1482,2.14639592787783,102.97455832447359,34.648689704919306,100.0,0.009999999776482582,1.7702956199645996,0.75
1483,1.936755896676368,5.642892313443974,29.713208374019278,100.0,0.009999999776482582,1.3690965175628662,1.0
1484,2.0713774974476373,121.65796219273605,42.379398957893514,100.0,0.009999999776482582,1.4672620296478271,0.75
1485,1.9857958444459922,3.298760212360367,29.70645187130786,100.0,0.009999999776482582,1.3978625535964966,1.0
1486,2.0405235005732423,106.93793272744301,37.7997890483149,100.0,0.009999999776482582,1.5019638538360596,0.75
1487,2.2804947419276935,159.43354317320444,38.869304537449715,100.0,0.009999999776482582,1.5819380283355713,0.5
1488,2.791808131166234,148.78249386945814,37.55146496361395,100.0,0.009999999776482582,1.880063772201538,0.5
1489,1.7320763305569966,2.9699646530845722,30.061039888220883,100.0,0.009999999776482582,1.0830552577972412,1.0
1490,2.002548231220464,118.34131596581373,39.26218074731743,100.0,0.009999999776482582,1.181373119354248,0.75
1491,2.1147324786758643,95.06162465729928,34.885608839312575,100.0,0.009999999776482582,1.442255973815918,0.75
1492,2.4152037052528947,101.92441516346906,40.8611875456947,100.0,0.009999999776482582,1.9172108173370361,0.75
1493,2.267625481210787,112.59927806634924,38.404003255065994,100.0,0.009999999776482582,1.6042050123214722,0.75
1494,2.3452329644785905,180.96204886126142,35.29892924322995,100.0,0.009999999776482582,1.814995527267456,0.25
1495,2.153687815286623,100.80115418739139,34.24784814940387,100.0,0.009999999776482582,1.652336835861206,0.75
1496,1.666258214154674,4.074171941489476,29.86062089726427,100.0,0.009999999776482582,1.069093942642212,1.0
1497,2.467042228067526,100.31302094586897,38.05152193345755,100.0,0.009999999776482582,1.2878482341766357,0.75
1498,1.789386364326924,96.13116889085559,33.678504552323794,100.0,0.009999999776482582,1.1580314636230469,0.75
1499,2.2779548254804554,106.04500367858236,39.60400495266545,100.0,0.009999999776482582,1.6214547157287598,0.75
1500,2.3188079343591284,124.18183704008852,40.73439278115654,100.0,0.009999999776482582,1.4421942234039307,0.75
1501,2.381370142151905,143.66814129012195,34.5039744724754,100.0,0.009999999776482582,2.050764560699463,0.5
1502,2.3958657087892257,193.5482974316943,36.701641247778745,100.0,0.009999999776482582,1.9750953912734985,0.25
1503,2.146071375055619,104.64211950981868,37.090794145343615,100.0,0.009999999776482582,1.8148417472839355,0.75
1504,2.1846301792530283,148.49297364287978,35.34366412882539,100.0,0.009999999776482582,1.3757572174072266,0.5
1505,2.3619126559258308,187.5623188301386,38.04187060444101,100.0,0.009999999776482582,1.8241207599639893,0.25
1506,1.9191244309497708,110.41050477264977,36.86201177524711,100.0,0.009999999776482582,1.3231747150421143,0.75
1507,1.8113666662672874,3.17745580784147,29.786962963500986,100.0,0.009999999776482582,1.238016128540039,1.0
1508,1.7165560270706859,4.68993555279086,29.35667234629866,100.0,0.009999999776482582,1.2181899547576904,1.0
1509,2.5002933408970884,119.94895408268187,40.03528143439013,100.0,0.009999999776482582,1.7805873155593872,0.75
1510,2.1381607369684126,126.52195148643902,42.16704976446417,100.0,0.009999999776482582,1.6603708267211914,0.75
1511,2.4796593351928347,180.06575066388845,35.24383377831648,100.0,0.009999999776482582,2.0158162117004395,0.25
1512,2.2503185000579076,6.358000118226402,29.845441079823317,100.0,0.009999999776482582,1.7156943082809448,1.0
1513,2.195000697288664,106.84965972641659,35.36422402659777,100.0,0.009999999776482582,1.4109015464782715,0.75
1514,1.7736389379979207,3.488423082293327,29.604252420071568,100.0,0.009999999776482582,1.2077524662017822,1.0
1515,1.9298871397026298,101.30312913713273,35.10997199974209,100.0,0.009999999776482582,1.32655930519104,0.75
1516,2.8173342460722184,113.03949087582816,40.00438609637857,100.0,0.009999999776482582,1.597043514251709,0.75
1517,1.9741754458109835,114.67628360149693,37.05699819439665,100.0,0.009999999776482582,1.3166699409484863,0.75
1518,1.8798371228654862,4.827140222863493,30.104475288421977,100.0,0.009999999776482582,1.3714276552200317,1.0
1519,1.7957273435233068,2.5715982087938873,29.963149451325027,100.0,0.009999999776482582,1.2211651802062988,1.0
1520,2.3801698576827515,155.84809448207636,39.141459780356875,100.0,0.009999999776482582,1.4143354892730713,0.5
1521,1.9847036181494102,3.759483199622649,30.178383376982765,100.0,0.009999999776482582,1.4297411441802979,1.0
1522,2.492491609655246,206.111407744852,39.39544945318541,100.0,0.009999999776482582,1.820483922958374,0.25
1523,2.353093343236799,6.208167314195314,29.88080601435637,100.0,0.009999999776482582,1.4851305484771729,1.0
1524,2.3720238925116077,120.90276727915513,43.2076924678508,100.0,0.009999999776482582,1.592656135559082,0.75
1525,1.5135932442575772,0.09991904535402402,27.597527863696936,100.0,0.009999999776482582,0.9024347066879272,1.0
1526,2.016483773552945,103.96506675900052,37.100092747884176,100.0,0.009999999776482582,1.482558012008667,0.75
1527,2.206625552025131,161.80274712363155,39.35911205131903,100.0,0.009999999776482582,1.5702271461486816,0.5
1528,2.3011227960169243,105.20847103128492,37.689007982734665,100.0,0.009999999776482582,1.9512255191802979,0.75
1529,2.0518137181184706,102.6959227687494,36.487460284635155,100.0,0.009999999776482582,1.4619027376174927,0.75
1530,2.2500707376073787,164.4521174115957,39.225958854467024,100.0,0.009999999776482582,1.7151451110839844,0.5
1531,2.0970063443888884,96.04356647370574,34.151996908679294,100.0,0.009999999776482582,1.6368972063064575,0.75
1532,2.613888968540674,101.1704209238519,36.91143303929559,100.0,0.009999999776482582,1.565706491470337,0.75
1533,2.002733953032756,4.922829759650815,29.849314832212855,100.0,0.009999999776482582,1.3180897235870361,1.0
1534,1.8963359852998838,3.2928167639462544,29.60372268349589,100.0,0.009999999776482582,1.2111051082611084,1.0
1535,2.172251497479055,113.20907131929123,37.78900430461629,100.0,0.009999999776482582,0.9488213062286377,0.75
1536,2.2450101122413173,108.32010405731447,38.9879168599134,100.0,0.009999999776482582,1.642181634902954,0.75
1537,1.6635753959194495,3.1439311908924896,29.58481227277444,100.0,0.009999999776482582,1.0758064985275269,1.0
1538,1.9393531818748941,5.043277057988622,29.74327489948604,100.0,0.009999999776482582,1.385015606880188,1.0
1539,2.1139427635093924,107.34244281081908,36.970431213018436,100.0,0.009999999776482582,1.6133582592010498,0.75
1540,2.0424953001107915,106.86853722238558,34.825591707524254,100.0,0.009999999776482582,1.2908060550689697,0.75
1541,2.041717755752283,99.57268113570319,37.06383946106212,100.0,0.009999999776482582,1.476874589920044,0.75
1542,2.9143692685351614,125.39971427831786,40.38296580290894,100.0,0.009999999776482582,1.8837045431137085,0.75
1543,2.1387116840410183,160.44384499771465,36.57227432914381,100.0,0.009999999776482582,1.5967249870300293,0.5
1544,2.2506691253359796,154.64126867225744,39.3897326470713,100.0,0.009999999776482582,1.5299348831176758,0.5
1545,1.9898908734049565,100.42075256747322,35.706802002815444,100.0,0.009999999776482582,1.5981539487838745,0.75
1546,2.0893228929557797,111.36568380242821,39.59319792863333,100.0,0.009999999776482582,1.4605119228363037,0.75
1547,2.4955528202550856,122.01209342362665,45.085110104879135,100.0,0.009999999776482582,1.3492558002471924,0.75
1548,1.7307855228972902,2.476560852812794,29.60739788411563,100.0,0.009999999776482582,1.0527411699295044,1.0
1549,1.7466675371272156,4.190207084158455,29.302866153596412,100.0,0.009999999776482582,1.0889296531677246,1.0
1550,2.1223950537392517,108.7012563902613,38.28547821369182,100.0,0.009999999776482582,1.2930731773376465,0.75
1551,1.9095195367020474,5.078535953216449,29.454160718474032,100.0,0.009999999776482582,1.5303937196731567,1.0
1552,2.535972219334095,158.10533007593148,37.95217808769262,100.0,0.009999999776482582,1.7321343421936035,0.5
1553,2.574254397056051,149.7504454944684,38.120540575349544,100.0,0.009999999776482582,1.9830679893493652,0.5
1554,2.1089954963947877,5.090477381761571,29.824793637459287,100.0,0.009999999776482582,1.5543410778045654,1.0
1555,2.1347205758944794,114.91157377102054,40.03336124868967,100.0,0.009999999776482582,1.1590690612792969,0.75
1556,2.1221220220400223,97.47013852257804,32.30409715937283,100.0,0.009999999776482582,1.633489966392517,0.75
1557,2.136748064779091,4.176987235986145,29.5838654776648,100.0,0.009999999776482582,1.6751899719238281,1.0
1558,2.538132526484561,107.43303982161952,37.39756075937561,100.0,0.009999999776482582,1.8846217393875122,0.75
1559,2.305052542695005,121.78257921816623,44.72986806903244,100.0,0.009999999776482582,1.4956767559051514,0.75
1560,2.3122114560402607,4.69576311515817,29.84453637244796,100.0,0.009999999776482582,1.503941297531128,1.0
1561,2.3966015588863767,5.8388761615995,29.834812390672226,100.0,0.009999999776482582,1.5612850189208984,1.0
1562,2.3208853207914726,101.88195900831086,39.37017004779567,100.0,0.009999999776482582,1.7355461120605469,0.75
1563,1.8457777713857686,117.05587058109873,38.03945761462046,100.0,0.009999999776482582,1.1766263246536255,0.75
1564,2.5095822894799538,149.0410435373199,41.843122305174205,100.0,0.009999999776482582,1.4594225883483887,0.5
1565,2.2411451686790542,131.99045853434342,32.44624891079275,100.0,0.009999999776482582,1.5093955993652344,0.5
1566,2.393966172738335,161.99470379480678,37.952389646847486,100.0,0.009999999776482582,2.059049606323242,0.5
1567,1.810392971757579,2.0251470958046154,29.98554572598325,100.0,0.009999999776482582,1.246766448020935,1.0
1568,1.8968056014844707,5.495079826345622,29.99413435348229,100.0,0.009999999776482582,1.3712027072906494,1.0
1569,2.0213921627008933,116.21169738821278,37.67761834544364,100.0,0.009999999776482582,1.168801188468933,0.75
1570,2.0636207083508835,102.101614077565,38.365508454120835,100.0,0.009999999776482582,1.4811731576919556,0.75
1571,2.66345816054217,170.71576113522121,40.01670735915574,100.0,0.009999999776482582,1.571545124053955,0.5
1572,1.798235716935624,3.112085732965911,30.058109417821907,100.0,0.009999999776482582,1.2297489643096924,1.0
1573,1.8197318816679504,3.1672596697942574,29.49155825417557,100.0,0.009999999776482582,1.234184980392456,1.0
1574,1.7974032148091932,3.9079513028440087,29.592107295507226,100.0,0.009999999776482582,1.0997467041015625,1.0
1575,1.747890347851394,4.245579476067902,29.244266600597218,100.0,0.009999999776482582,1.0772074460983276,1.0
1576,1.7657208944945826,104.44507780899211,36.32692796110045,100.0,0.009999999776482582,1.1323648691177368,0.75
1577,2.0108044810854917,103.36305858749286,37.371044875809545,100.0,0.009999999776482582,1.4753196239471436,0.75
1578,2.2831176549986423,106.31609855580722,36.662146124669796,100.0,0.009999999776482582,1.60020112991333,0.75
1579,2.1823357111369885,104.19442094479051,34.556411268297055,100.0,0.009999999776482582,1.480276346206665,0.75
1580,2.748085465808189,155.4212130000061,38.02807874758467,100.0,0.009999999776482582,1.6664772033691406,0.5
1581,2.581397969057083,101.43222158528283,36.93555350286744,100.0,0.009999999776482582,1.6501091718673706,0.75
1582,1.74747513865546,0.08564768138405726,27.479092270499248,100.0,0.009999999776482582,1.0942744016647339,1.0
1583,2.7128566544631654,160.034108150866,36.44110525825651,100.0,0.009999999776482582,2.0074496269226074,0.5
1584,2.8801072808674113,157.17415749446494,38.09424604312265,100.0,0.009999999776482582,1.9146325588226318,0.5
1585,2.088896479772973,4.664050061010521,29.233512488196908,100.0,0.009999999776482582,1.5410927534103394,1.0
1586,1.6517781863796497,4.26385139452069,29.641015712837127,100.0,0.009999999776482582,1.068679928779602,1.0
1587,2.385561692226788,105.96597631742304,35.04063980353578,100.0,0.009999999776482582,1.4676227569580078,0.75
1588,2.016337555196839,5.0162354322297835,29.64073713593025,100.0,0.009999999776482582,1.5263372659683228,1.0
1589,2.21965608022592,102.80346798050068,37.077835237356915,100.0,0.009999999776482582,1.6322176456451416,0.75
1590,2.3280453633010136,161.83787683006258,38.833234071575355,100.0,0.009999999776482582,1.4085519313812256,0.5
1591,1.8692375967930883,4.129778834557306,29.770246863707747,100.0,0.009999999776482582,1.2272658348083496,1.0
1592,1.8685088373940095,117.16789403536185,40.17438638633135,100.0,0.009999999776482582,1.163844347000122,0.75
1593,2.758378156099498,118.60040861005955,42.84003854741731,100.0,0.009999999776482582,1.6302155256271362,0.75
1594,2.6741980941917745,125.73247993815795,41.73450786452531,100.0,0.009999999776482582,1.721139907836914,0.75
1595,2.292251276659615,107.09144157426884,38.02237234849792,100.0,0.009999999776482582,1.7998625040054321,0.75
1596,2.3145217106335534,113.92518591894112,37.50433000519082,100.0,0.009999999776482582,1.144192099571228,0.75
1597,2.6823961842436908,188.13761596699598,35.542855762283786,100.0,0.009999999776482582,2.060673236846924,0.25
1598,2.0913604601871008,108.62398267672123,43.564276629059044,100.0,0.009999999776482582,1.290435552597046,0.75
1599,2.3769956919591424,108.14948591119924,38.3492934169078,100.0,0.009999999776482582,1.4843873977661133,0.75
1600,1.963043577373573,105.21184384831024,34.70089208621046,100.0,0.009999999776482582,1.3246119022369385,0.75
1601,2.2666125332912697,99.35237572400307,33.0883016837619,100.0,0.009999999776482582,1.8226876258850098,0.75
1602,2.9375592496591847,160.55756718250643,40.41149742703012,100.0,0.009999999776482582,1.935018539428711,0.5
1603,1.710931090245426,0.08544872951771995,27.431637051382022,100.0,0.009999999776482582,0.9222143888473511,1.0
1604,2.4828326121684254,110.2612211287397,38.992515302312995,100.0,0.009999999776482582,1.3391237258911133,0.75
1605,2.5496334138732273,135.37381465940456,49.0695515916311,100.0,0.009999999776482582,1.7670429944992065,0.75
1606,1.8909155010457575,4.6518013236753735,29.683333322292345,100.0,0.009999999776482582,1.3850703239440918,1.0
1607,2.2083282964656665,105.05401980961861,39.77122156882003,100.0,0.009999999776482582,1.63007390499115,0.75
1608,2.414439049685899,149.00020855395664,34.35504837406597,100.0,0.009999999776482582,2.0687270164489746,0.5
1609,1.8114411447834833,2.8586939048620508,30.173193275986225,100.0,0.009999999776482582,1.2194470167160034,1.0
1610,2.3449931065795098,118.07196922579787,44.4740056073493,100.0,0.009999999776482582,1.6057531833648682,0.75
1611,2.3010097022875122,113.38882381045087,42.96522034016601,100.0,0.009999999776482582,1.4409267902374268,0.75
1612,1.9960282652262071,3.520258653206096,29.58829337705762,100.0,0.009999999776482582,1.3751845359802246,1.0
1613,2.1476079380109403,97.39791428124133,32.13189772414312,100.0,0.009999999776482582,1.646330714225769,0.75
1614,2.1784605864001643,109.9511249424299,38.468799084117066,100.0,0.009999999776482582,1.7492541074752808,0.75
1615,1.9304898847193936,2.446226448638231,29.700602135768317,100.0,0.009999999776482582,1.3706856966018677,1.0
1616,2.2935593664618725,118.37416776614373,44.32839526693042,100.0,0.009999999776482582,1.6524395942687988,0.75
1617,2.658480653792687,190.22530054439358,39.74802834155414,100.0,0.009999999776482582,1.8724281787872314,0.25
1618,2.02451661276327,116.5419001252159,40.93681869942611,100.0,0.009999999776482582,1.459640383720398,0.75
1619,2.4888623564969894,149.37345347191572,40.20092658354769,100.0,0.009999999776482582,1.546344518661499,0.5
1620,2.147746831182731,4.143103665350297,29.714814600707978,100.0,0.009999999776482582,1.5603623390197754,1.0
1621,2.4099839383383914,95.27358120640545,34.2236198496032,100.0,0.009999999776482582,1.7228126525878906,0.75
1622,2.330739507987852,153.84979806167664,38.23121776858095,100.0,0.009999999776482582,1.7374241352081299,0.5
1623,2.460286994422823,166.36749389424364,41.35361789345422,100.0,0.009999999776482582,1.5102806091308594,0.5
1624,2.8436758719179687,159.42682629836057,37.24606432138307,100.0,0.009999999776482582,1.9327664375305176,0.5
1625,3.0090487905576393,105.44734468045819,32.868929475403235,100.0,0.009999999776482582,1.7131881713867188,0.75
1626,1.884409892332614,2.2682883818735116,29.518811827783487,100.0,0.009999999776482582,1.2442721128463745,1.0
1627,2.181433838356103,168.95719952146825,39.697302001280946,100.0,0.009999999776482582,1.5820443630218506,0.5
1628,2.263928745953481,108.23688859942672,36.84324935536859,100.0,0.009999999776482582,1.6607481241226196,0.75
1629,2.208212579105437,108.73834332922905,37.67842688402038,100.0,0.009999999776482582,1.464690089225769,0.75
1630,1.9357432630067595,2.2616274521293107,29.43812388167256,100.0,0.009999999776482582,1.2101337909698486,1.0
1631,1.6461640544068608,0.07894182051085,27.32592294065257,100.0,0.009999999776482582,0.9360522031784058,1.0
1632,1.827083080618599,3.6398118272287325,29.953349689544964,100.0,0.009999999776482582,1.231104850769043,1.0
1633,2.283762745466078,116.7671879881235,40.43757147586103,100.0,0.009999999776482582,1.5863230228424072,0.75
1634,2.2495659033383317,105.56434831178578,38.94626577870552,100.0,0.009999999776482582,1.640694499015808,0.75
1635,2.1663869501758986,155.23083195534804,38.55834083493348,100.0,0.009999999776482582,1.5661842823028564,0.5
1636,1.980704728474639,108.54488078377351,41.12778006440693,100.0,0.009999999776482582,1.3180146217346191,0.75
1637,2.078848116074631,102.2673872176411,39.538755048011005,100.0,0.009999999776482582,1.2898613214492798,0.75
1638,2.3437445141528173,142.37651148353046,35.13319850427686,100.0,0.009999999776482582,1.3730978965759277,0.5
1639,2.696060916150782,111.34533985880773,39.19540367790089,100.0,0.009999999776482582,1.5767366886138916,0.75
1640,1.988807314887112,123.18010410624431,43.93275501871341,100.0,0.009999999776482582,1.300706386566162,0.75
1641,2.1937820040182188,102.38028131502837,33.54615123535978,100.0,0.009999999776482582,1.6214655637741089,0.75
1642,1.7060522417971873,0.08092162944354071,27.30525519590158,100.0,0.009999999776482582,1.0589563846588135,1.0
1643,1.704327853073332,3.9216450293402345,29.093039389065144,100.0,0.009999999776482582,0.9050280451774597,1.0
1644,2.2228694154971596,2.1164282933829006,29.777170457670696,100.0,0.009999999776482582,0.9076216816902161,1.0
1645,2.274974829730381,109.13922705665082,36.83201096638946,100.0,0.009999999776482582,1.659996747970581,0.75
1646,2.461577298817996,142.65834996808164,39.951628991945284,100.0,0.009999999776482582,1.5169041156768799,0.5
1647,1.8880755688939712,4.279959680818925,29.602429953531082,100.0,0.009999999776482582,1.2377617359161377,1.0
1648,2.172856966196799,162.6181014472035,38.872731758108436,100.0,0.009999999776482582,1.419904351234436,0.5
1649,2.1809773971348534,123.99922252973282,43.90996324716996,100.0,0.009999999776482582,1.6225687265396118,0.75
1650,1.6149164880113507,0.07132803082691182,27.25595826024686,100.0,0.009999999776482582,1.0553085803985596,1.0
1651,1.8939857404810192,111.8123324825903,38.13730241571275,100.0,0.009999999776482582,1.3246179819107056,0.75
1652,2.539268984067036,3.2839534970381714,29.44715497313495,100.0,0.009999999776482582,1.4041142463684082,1.0
1653,1.953123723908842,111.04206516502987,38.86746677184978,100.0,0.009999999776482582,1.3137898445129395,0.75
1654,2.338349197981195,111.40865268274413,43.2888373043333,100.0,0.009999999776482582,1.7447906732559204,0.75
1655,3.128264252827881,187.5175952963269,36.891663447892434,100.0,0.009999999776482582,2.0666117668151855,0.25
1656,2.055683641449493,3.7433317967225483,29.935206067736694,100.0,0.009999999776482582,1.5354832410812378,1.0
1657,2.4674287321949873,155.14506091800678,37.84453456513163,100.0,0.009999999776482582,1.84442138671875,0.5
1658,1.717590919992919,0.07624181392037015,27.304661511398383,100.0,0.009999999776482582,1.070686936378479,1.0
1659,2.3571280531485206,116.4008440007511,39.65142193896287,100.0,0.009999999776482582,1.8223299980163574,0.75
1660,1.956090124647403,4.6514537871088235,29.71277441019703,100.0,0.009999999776482582,1.5170661211013794,1.0
1661,2.340458686993413,106.11639773591217,35.512954699966265,100.0,0.009999999776482582,1.3288137912750244,0.75
1662,1.7415475993251752,2.4813746521050484,30.031082198352117,100.0,0.009999999776482582,1.0754828453063965,1.0
1663,2.5063665279930283,115.31577713556567,38.25046927216638,100.0,0.009999999776482582,1.453782558441162,0.75
1664,2.2201168495523356,107.21578429117368,37.901755007912975,100.0,0.009999999776482582,1.4274307489395142,0.75
1665,2.0591318932532117,125.56913232529979,40.309937862312395,100.0,0.009999999776482582,1.5030021667480469,0.75
1666,1.9141039595459437,1.8754994629188342,29.33315574949839,100.0,0.009999999776482582,1.3927586078643799,1.0
1667,2.372462331774022,158.7786219106997,35.56413182412723,100.0,0.009999999776482582,1.5091965198516846,0.5
1668,2.079485850760141,3.2475718852584468,29.13532201664797,100.0,0.009999999776482582,1.4045281410217285,1.0
1669,2.2852296746710707,154.6539240603411,37.9527264668152,100.0,0.009999999776482582,1.7178761959075928,0.5
1670,2.7067908495464033,137.17803508013458,36.321493800580654,100.0,0.009999999776482582,1.45742928981781,0.5
1671,1.7929479634434229,3.7807684301003563,29.140874078206984,100.0,0.009999999776482582,1.18406081199646,1.0
1672,1.9946005476868403,106.16190468216548,39.7917096285672,100.0,0.009999999776482582,1.3357584476470947,0.75
1673,1.7511843803940683,2.549276061609267,29.957981744759195,100.0,0.009999999776482582,1.0769195556640625,1.0
1674,2.482736167472013,105.41196529172412,42.48042113658677,100.0,0.009999999776482582,1.5999388694763184,0.75
1675,2.1356206635605015,106.05640781936955,37.174395380247155,100.0,0.009999999776482582,1.635017991065979,0.75
1676,2.6192645086797834,160.02221849266905,37.058641671516256,100.0,0.009999999776482582,1.7178539037704468,0.5
1677,2.0256036904903585,118.14126803184716,41.80371380001296,100.0,0.009999999776482582,1.4942800998687744,0.75
1678,1.9248470994627864,116.56083568469887,37.15201122133101,100.0,0.009999999776482582,1.335063099861145,0.75
1679,1.9305213664656884,1.8661722805407324,28.931718745875138,100.0,0.009999999776482582,1.2430717945098877,1.0
1680,1.6738629237659957,2.3844489906596014,29.738470835016322,100.0,0.009999999776482582,1.0571010112762451,1.0
1681,2.2911044967234266,143.9538464431498,36.4596615124419,100.0,0.009999999776482582,1.535240888595581,0.5
1682,2.431126992346204,159.85156236224003,36.53907463097997,100.0,0.009999999776482582,1.884462833404541,0.5
1683,2.433830070972126,106.83223107658993,34.89271023078225,100.0,0.009999999776482582,1.6624290943145752,0.75
1684,1.6752208165685465,2.732384433210845,29.81853378131946,100.0,0.009999999776482582,1.0537636280059814,1.0
1685,2.2640654662824384,155.56969674375176,35.83313835880143,100.0,0.009999999776482582,1.5646872520446777,0.5
1686,1.9727768675534008,3.1087921373672973,28.735950829821313,100.0,0.009999999776482582,1.4011207818984985,1.0
1687,2.446342954718939,94.23189025599211,37.42444287121661,100.0,0.009999999776482582,1.5261303186416626,0.75
1688,2.418580464198963,101.85004613902214,36.014102759377444,100.0,0.009999999776482582,1.26938796043396,0.75
1689,2.408781682320524,159.6306407023989,39.6060099407295,100.0,0.009999999776482582,1.8560813665390015,0.5
1690,1.6464504658189714,0.06548319901420373,27.15021090554841,100.0,0.009999999776482582,0.9136255383491516,1.0
1691,1.9480435366662725,3.1587405065462297,28.860803639252687,100.0,0.009999999776482582,1.214036226272583,1.0
1692,2.4752282465404667,96.58890168672016,39.664667375978524,100.0,0.009999999776482582,1.4049315452575684,0.75
1693,1.7577246191653801,2.8529060894694007,28.77327624437809,100.0,0.009999999776482582,1.0391173362731934,1.0
1694,1.8837488072704303,127.84339877390425,40.63209675052849,100.0,0.009999999776482582,1.1548340320587158,0.75
1695,2.2259714463798783,102.05390574619415,33.11688587120786,100.0,0.009999999776482582,1.3347225189208984,0.75
1696,2.003766396832433,3.929636762617912,28.952451451762663,100.0,0.009999999776482582,1.393217921257019,1.0
1697,2.2476226037271863,118.25429963395622,37.82608194911846,100.0,0.009999999776482582,1.142552137374878,0.75
1698,2.720925196168372,173.2804147145583,39.13533477934441,100.0,0.009999999776482582,1.7996796369552612,0.5
1699,2.5747355409670045,160.26673943131757,39.77634257601262,100.0,0.009999999776482582,1.8381950855255127,0.5
1700,2.4086432239976494,155.08299225680025,40.04887271118123,100.0,0.009999999776482582,1.7671539783477783,0.5
1701,1.6583211402304698,0.061117420174791805,27.08693452730554,100.0,0.009999999776482582,0.9213902354240417,1.0
1702,3.1292389792146094,183.17545936993898,37.24781285454342,100.0,0.009999999776482582,1.9816980361938477,0.25
1703,2.4936984520273624,182.09802389637812,36.58655061311093,100.0,0.009999999776482582,1.8790026903152466,0.25
1704,2.293517473218058,95.1626800162112,36.83778511511168,100.0,0.009999999776482582,1.569972276687622,0.75
1705,1.3983678628324059,0.05714734403200441,26.958159617345753,100.0,0.009999999776482582,0.6225332021713257,1.0
1706,2.2012901210529576,111.59985777789473,36.984370181732935,100.0,0.009999999776482582,1.5965876579284668,0.75
1707,2.662151954733052,164.1807106435549,36.98176189262485,100.0,0.009999999776482582,1.2984249591827393,0.5
1708,2.4152316524317174,113.20689596285237,41.279802592977084,100.0,0.009999999776482582,1.6501233577728271,0.75
1709,2.370923328153981,170.15132509511773,39.54202672545472,100.0,0.009999999776482582,1.7303423881530762,0.5
1710,2.76042175824876,154.58734787397782,38.857634769605646,100.0,0.009999999776482582,1.8384242057800293,0.5
1711,2.2354240530000444,109.29966186428665,37.399887491363664,100.0,0.009999999776482582,1.7638461589813232,0.75
1712,1.8428042247435938,111.86711251450711,36.521002042714386,100.0,0.009999999776482582,1.143788456916809,0.75
1713,1.7422301098359083,1.844906562828931,29.07582209290221,100.0,0.009999999776482582,1.037562370300293,1.0
1714,1.596567598468812,0.06099927995675815,27.011079883971366,100.0,0.009999999776482582,0.8959131240844727,1.0
1715,2.099622382051632,4.508207200772321,29.09088819020149,100.0,0.009999999776482582,1.6933882236480713,1.0
1716,1.8288597799031678,3.1145796319152734,29.229079258811915,100.0,0.009999999776482582,1.1031527519226074,1.0
1717,1.5537175519039197,0.05361432854220054,26.893965675466042,100.0,0.009999999776482582,0.7543925642967224,1.0
1718,2.1881961151464258,163.851564570121,40.48258815515161,100.0,0.009999999776482582,1.5778098106384277,0.5
1719,2.8252801206941283,168.01731733119132,35.63499749014674,100.0,0.009999999776482582,1.8673653602600098,0.25
1720,1.9320178626636342,3.295549005368675,29.713133084385895,100.0,0.009999999776482582,1.3860127925872803,1.0
1721,1.6894309630423623,0.059766599646223724,27.052637986103623,100.0,0.009999999776482582,1.059043526649475,1.0
1722,2.086464492050171,3.7107476793667242,29.494986036338254,100.0,0.009999999776482582,1.6741561889648438,1.0
1723,1.9618942118054523,2.6091584730867035,29.16180488358188,100.0,0.009999999776482582,1.3912657499313354,1.0
1724,2.618927206180132,5.419830853063641,29.202902308064406,100.0,0.009999999776482582,1.8521069288253784,1.0
1725,2.3796094375403865,160.77101965719467,40.18176547911003,100.0,0.009999999776482582,1.5050532817840576,0.5
1726,2.451951693130694,155.09406481545858,37.80634818787014,100.0,0.009999999776482582,1.8676280975341797,0.5
1727,2.2204826980627925,4.046831322909739,29.061733601683585,100.0,0.009999999776482582,1.1991857290267944,1.0
1728,1.655947873011868,0.05732468856596748,27.02170660833977,100.0,0.009999999776482582,1.0501413345336914,1.0
1729,2.1742689984099637,137.52226017390768,49.02423638375079,100.0,0.009999999776482582,1.4928617477416992,0.75
1730,1.7993963554127654,115.48811601658578,40.96616869012135,100.0,0.009999999776482582,0.9852436184883118,0.75
1731,2.146638880786426,172.26842906902127,38.68208818683378,100.0,0.009999999776482582,1.4204049110412598,0.5
1732,1.8185082783517912,1.848574698719902,29.083933404215664,100.0,0.009999999776482582,1.2070519924163818,1.0
1733,2.300785651353543,128.63282487214616,41.22617225436378,100.0,0.009999999776482582,1.447456955909729,0.75
1734,2.5898981735426574,99.36858359034834,34.58263054962136,100.0,0.009999999776482582,1.8136173486709595,0.75
1735,2.0585253600377023,2.2925789248992228,29.108973734702154,100.0,0.009999999776482582,1.1640995740890503,1.0
1736,1.8896494255968956,2.6142822729141084,28.88572034756328,100.0,0.009999999776482582,1.384393334388733,1.0
1737,2.387021287599481,163.54990821710405,48.231314538910446,100.0,0.009999999776482582,1.6821792125701904,0.5
1738,2.2931985735325755,169.73868442843767,37.80110412618391,100.0,0.009999999776482582,1.7344110012054443,0.5
1739,1.9059730246268456,3.5029078984162862,29.29482728013063,100.0,0.009999999776482582,1.2622411251068115,1.0
1740,2.2170077399090804,170.6539981041104,41.41113609175415,100.0,0.009999999776482582,1.4041776657104492,0.5
1741,2.1649885386076737,114.08260266812107,38.4873339332953,100.0,0.009999999776482582,1.4902524948120117,0.75
1742,2.5352493793902804,196.58603360294612,36.77324023157689,100.0,0.009999999776482582,2.1285531520843506,0.25
1743,2.4150425114806593,106.6785922957,38.274687566673975,100.0,0.009999999776482582,1.7672066688537598,0.75
1744,2.5837415485267,96.89560485386659,39.76126902877736,100.0,0.009999999776482582,1.1928085088729858,0.75
1745,2.6523393940265474,95.88057002457232,36.641639171099555,100.0,0.009999999776482582,1.6966867446899414,0.75
1746,1.9647811640077146,3.2433591799630794,29.477213894234723,100.0,0.009999999776482582,1.512286901473999,1.0
1747,2.185120451024315,2.5517241596720512,29.082488555020976,100.0,0.009999999776482582,1.3442800045013428,1.0
1748,2.321575875521441,120.52494177049826,41.1983458756829,100.0,0.009999999776482582,1.7788150310516357,0.75
1749,2.583957421311297,160.52085312276927,39.39097024810328,100.0,0.009999999776482582,1.5988593101501465,0.5
1750,1.8925505314006021,4.051704753901124,28.855893171113888,100.0,0.009999999776482582,1.3559162616729736,1.0
1751,1.874911966766364,107.26359843125658,35.696918994783374,100.0,0.009999999776482582,1.3064661026000977,0.75
1752,1.8424260132441603,109.04466393078867,39.689616480949795,100.0,0.009999999776482582,1.0123087167739868,0.75
1753,2.4520005645401812,145.0549133213501,38.332649725061245,100.0,0.009999999776482582,1.8283147811889648,0.5
1754,2.307238500236901,108.45290453934875,37.40904773696072,100.0,0.009999999776482582,1.5794196128845215,0.75
1755,2.2004353940667705,125.92433499439717,41.702926843658375,100.0,0.009999999776482582,1.752565860748291,0.75
1756,2.3016302229267085,86.92495785793476,30.906272233503245,100.0,0.009999999776482582,1.2079622745513916,0.75
1757,2.3511453654850003,123.42719856509501,41.34241708483634,100.0,0.009999999776482582,1.5541279315948486,0.75
1758,2.5333709922176872,170.870112950608,41.63161250558487,100.0,0.009999999776482582,1.6506946086883545,0.5
1759,2.084889042847888,109.5402647665395,39.97491877009755,100.0,0.009999999776482582,1.4208736419677734,0.75
1760,2.378705590238662,107.48274590194444,38.316800612887164,100.0,0.009999999776482582,1.8168351650238037,0.75
1761,2.375042737784779,121.6253398966189,45.15110342580973,100.0,0.009999999776482582,1.4710596799850464,0.75
1762,1.9884202759997427,3.830534754994975,29.004601503250626,100.0,0.009999999776482582,1.4087735414505005,1.0
1763,1.9480285418412144,1.9645336176730996,29.704207741820976,100.0,0.009999999776482582,1.2470791339874268,1.0
1764,2.6815603968162556,114.4180674558269,42.348474938355494,100.0,0.009999999776482582,1.7066768407821655,0.75
1765,2.355066913560591,152.49397312876283,34.63193396930983,100.0,0.009999999776482582,1.707020878791809,0.5
1766,2.284011855818137,108.25707913669312,34.397971003048305,100.0,0.009999999776482582,1.6441824436187744,0.75
1767,2.2262736959750913,120.30564355912925,38.36518869365944,100.0,0.009999999776482582,1.8021223545074463,0.75
1768,1.9017376249832814,2.5337670185174948,29.06818609901985,100.0,0.009999999776482582,1.3479220867156982,1.0
1769,1.9424030922901583,102.6052392358481,34.928461644454984,100.0,0.009999999776482582,1.3011438846588135,0.75
1770,2.3719840127353655,163.93893261910165,38.439230690494924,100.0,0.009999999776482582,1.7145178318023682,0.5
1771,2.224848389930324,158.61974047463087,39.68051194354534,100.0,0.009999999776482582,1.5778720378875732,0.5
1772,2.3794339297652547,110.78636892738096,37.80037316705923,100.0,0.009999999776482582,1.2960054874420166,0.75
1773,2.5151129680267803,158.3290029978275,39.46171742566643,100.0,0.009999999776482582,1.9755561351776123,0.5
1774,2.3342816473712,102.13412976082458,31.99986102581449,100.0,0.009999999776482582,1.9457734823226929,0.75
1775,1.6203926347244275,2.1477048293520307,28.889774723487225,100.0,0.009999999776482582,0.8990514278411865,1.0
1776,2.3255461995353084,156.09963536579642,35.0273192524232,100.0,0.009999999776482582,1.9018948078155518,0.5
1777,1.8212982917405107,3.4105290650236246,29.01396799494211,100.0,0.009999999776482582,1.2152191400527954,1.0
1778,2.3726607880120705,108.48277973120288,39.905806262686674,100.0,0.009999999776482582,1.5874509811401367,0.75
1779,2.089233140857657,117.44633611027685,39.858085240145414,100.0,0.009999999776482582,1.307956576347351,0.75
1780,2.2239025693315453,110.70121739307305,37.638595694964785,100.0,0.009999999776482582,1.4884346723556519,0.75
1781,2.5880543336167734,123.35277986922078,44.731778341384356,100.0,0.009999999776482582,1.6635408401489258,0.75
1782,1.8074574420924974,107.17645538086254,34.74521135602814,100.0,0.009999999776482582,1.1442967653274536,0.75
1783,1.8032155217330068,112.53324929768468,38.77723491967864,100.0,0.009999999776482582,0.9980475902557373,0.75
1784,2.399009361702226,164.57792298987607,40.32594021641434,100.0,0.009999999776482582,1.414468765258789,0.5
1785,2.3665762992579333,130.21817916666103,44.345328557131666,100.0,0.009999999776482582,1.6209485530853271,0.75
1786,2.3678854292104528,128.88104303868514,40.135155908976316,100.0,0.009999999776482582,1.3916852474212646,0.75
1787,2.088012027405847,150.62830736017992,35.21294533690675,100.0,0.009999999776482582,1.550894856452942,0.5
1788,2.418976601186822,104.214000912117,34.34735336985153,100.0,0.009999999776482582,1.835776448249817,0.75
1789,2.5427920116573666,169.65431755082574,45.11929196952184,100.0,0.009999999776482582,1.8544610738754272,0.5
1790,1.9726736874240494,2.264269341931737,30.036489044340414,100.0,0.009999999776482582,1.3896265029907227,1.0
1791,1.8326191507259035,2.1030053103594764,29.46963117921912,100.0,0.009999999776482582,1.2136783599853516,1.0
1792,2.7355425513302936,128.85664598533717,42.43408915871345,100.0,0.009999999776482582,1.6018731594085693,0.75
1793,2.2396539063761987,122.9026248198715,39.7129005579263,100.0,0.009999999776482582,1.4390077590942383,0.75
1794,2.3047546145220896,3.833345006539566,29.53998091520682,100.0,0.009999999776482582,1.5632820129394531,1.0
1795,2.562772371584611,124.92690331292538,38.34749734002373,100.0,0.009999999776482582,1.1516553163528442,0.75
1796,2.3569138090862314,110.61306776599847,38.05380950518982,100.0,0.009999999776482582,1.8040440082550049,0.75
1797,2.7602984822669794,161.50997319313896,43.647785669897004,100.0,0.009999999776482582,1.4417686462402344,0.5
1798,2.965766448027398,192.36517687276324,39.00561367599315,100.0,0.009999999776482582,2.0469155311584473,0.25
1799,2.0097931827781887,3.314750387878295,28.663128074116454,100.0,0.009999999776482582,1.3655338287353516,1.0
1800,2.2869616447996486,154.9979060736521,37.55081175885786,100.0,0.009999999776482582,1.5522971153259277,0.5
1801,2.0257569372169053,113.6222951699578,38.94110746194962,100.0,0.009999999776482582,1.4523966312408447,0.75
1802,1.6792181114139295,0.05262402309760021,26.848856061928164,100.0,0.009999999776482582,0.9348400831222534,1.0
1803,2.435418867070555,132.27213454113613,41.466148461337504,100.0,0.009999999776482582,1.4367862939834595,0.75
1804,2.4614177399069597,163.8992876653279,38.9141479254399,100.0,0.009999999776482582,1.5379867553710938,0.5
1805,1.6282038054237358,0.053270055445181264,26.915015657338675,100.0,0.009999999776482582,0.9006766676902771,1.0
1806,2.2861429307479773,101.15158745745237,32.53437346380891,100.0,0.009999999776482582,1.77250075340271,0.75
1807,1.8955980348935495,105.81369412086401,33.02860739220124,100.0,0.009999999776482582,1.1526694297790527,0.75
1808,2.4269057919807175,170.17231533886687,41.57716930570186,100.0,0.009999999776482582,1.3694210052490234,0.5
1809,2.4935464233989486,196.862503057561,40.07546793586005,100.0,0.009999999776482582,1.9830894470214844,0.25
1810,1.7555715083529315,3.2038361127563326,28.812997196642016,100.0,0.009999999776482582,1.0413075685501099,1.0
1811,2.0625349240503965,115.27959819956332,36.93608281983287,100.0,0.009999999776482582,1.486229658126831,0.75
1812,1.6756003703234872,0.051672853838781944,26.8706678008942,100.0,0.009999999776482582,0.9219077825546265,1.0
1813,2.879028813313759,198.5181230389486,40.56136612802165,100.0,0.009999999776482582,1.7211329936981201,0.25
1814,1.6235138221173477,3.0224120585386935,28.6107442080472,100.0,0.009999999776482582,0.9040547013282776,1.0
1815,2.4210918747500454,154.86684937401304,36.55605063813609,100.0,0.009999999776482582,1.7150249481201172,0.5
1816,1.6692925093298439,0.052124732056627404,26.859599888203256,100.0,0.009999999776482582,1.0464845895767212,1.0
1817,2.0972122693076933,1.3963050368377565,28.87986944186706,100.0,0.009999999776482582,1.0024709701538086,1.0
1818,2.6901533096619903,98.1815278092923,37.50098375632793,100.0,0.009999999776482582,1.4346003532409668,0.75
1819,1.7383385006705125,1.632203554157866,29.470347555842284,100.0,0.009999999776482582,1.0651283264160156,1.0
1820,2.2309589181393137,123.73214158548788,37.476772118866606,100.0,0.009999999776482582,1.6218920946121216,0.75
1821,1.762602346974916,1.1953252516782151,29.201276277320783,100.0,0.009999999776482582,1.0469144582748413,1.0
1822,2.1858944228104087,121.81210661987932,37.91874016782655,100.0,0.009999999776482582,1.5867993831634521,0.75
1823,1.7371805107708091,2.194603983524233,28.760002600850715,100.0,0.009999999776482582,0.9181851148605347,1.0
1824,2.443446905378235,116.24666541302966,41.02294274065444,100.0,0.009999999776482582,1.967841386795044,0.75
1825,2.138468173321552,1.9105394547398846,28.831550981641772,100.0,0.009999999776482582,1.3206599950790405,1.0
1826,2.024394513541332,2.3847575678995434,28.845742758031488,100.0,0.009999999776482582,1.5396524667739868,1.0
1827,2.124083779948463,162.39784815123505,37.934527876994466,100.0,0.009999999776482582,1.5435154438018799,0.5
1828,2.1054745666042542,112.26714616243595,37.57382446250405,100.0,0.009999999776482582,1.4860358238220215,0.75
1829,2.414017388338385,157.662000376034,36.88074971747405,100.0,0.009999999776482582,2.0212316513061523,0.5
1830,2.1900939403573263,128.66459811640723,43.969987812847975,100.0,0.009999999776482582,1.4610129594802856,0.75
1831,2.3590910587671217,124.44233650474924,44.670462661893,100.0,0.009999999776482582,1.469725489616394,0.75
1832,1.8411697237563582,1.7948638905626224,28.76122639645676,100.0,0.009999999776482582,1.0903809070587158,1.0
1833,1.9900064893676297,3.422233511696602,28.645691139333938,100.0,0.009999999776482582,1.1355805397033691,1.0
1834,2.3053396601820895,128.8903675528559,41.69536971163901,100.0,0.009999999776482582,1.6812450885772705,0.75
1835,1.7008234217754616,1.6777094808957977,29.48422717776412,100.0,0.009999999776482582,1.0526783466339111,1.0
1836,2.146983683155523,2.6582776980182623,28.701107769832102,100.0,0.009999999776482582,1.5577318668365479,1.0
1837,2.570121141146675,98.40563718853751,34.496707453565826,100.0,0.009999999776482582,1.3546578884124756,0.75
1838,2.0080083998252474,94.14369329146881,35.498176391091455,100.0,0.009999999776482582,1.0872281789779663,0.75
1839,1.9024227053768692,134.57018976563538,45.96340855139529,100.0,0.009999999776482582,1.141087293624878,0.75
1840,1.6175534042553579,0.03565106501060343,26.549472405858175,100.0,0.009999999776482582,0.8816009163856506,1.0
1841,2.4453474770985304,2.221627148252693,28.38607755895497,100.0,0.009999999776482582,1.1779735088348389,1.0
1842,1.9569311702274799,1.9690877254245467,28.698250313058317,100.0,0.009999999776482582,1.2212717533111572,1.0
1843,2.9406605543658073,194.60050141155608,37.87963818626488,100.0,0.009999999776482582,2.1762595176696777,0.25
1844,2.0971259136258946,110.03873705862301,39.23978239509079,100.0,0.009999999776482582,1.3260910511016846,0.75
1845,2.6099660291766518,165.74389146404155,40.51193366956817,100.0,0.009999999776482582,1.8610929250717163,0.5
1846,1.8619828675000998,1.0755019196219655,29.0891118050978,100.0,0.009999999776482582,1.0807392597198486,1.0
1847,2.2360288885895963,109.58026586246636,35.87458772516531,100.0,0.009999999776482582,1.2994928359985352,0.75
1848,2.0896270596441293,110.16821387592961,34.77003332772368,100.0,0.009999999776482582,1.481236219406128,0.75
1849,1.9159632349110896,3.2652871796523,30.43657959304369,100.0,0.009999999776482582,1.0125631093978882,1.0
1850,2.841155766060453,166.07639748142537,38.235880587469154,100.0,0.009999999776482582,1.7642122507095337,0.5
1851,2.004392059310999,3.0012385009802114,28.732350337652953,100.0,0.009999999776482582,1.3630534410476685,1.0
1852,2.717298567336954,124.35439711934815,40.26162909614216,100.0,0.009999999776482582,1.6211411952972412,0.75
1853,2.591404005136623,171.55142835866462,38.88839712419692,100.0,0.009999999776482582,1.859269618988037,0.5
1854,1.917883718750994,112.31034870019565,35.045763134325874,100.0,0.009999999776482582,1.1578419208526611,0.75
1855,2.5458614568276303,120.02566377557628,37.73496681161654,100.0,0.009999999776482582,1.4643146991729736,0.75
1856,3.0127270119284573,159.3235642144153,38.8097587104598,100.0,0.009999999776482582,1.9416007995605469,0.5
1857,2.4212860776413567,173.58481940983512,42.10518824560776,100.0,0.009999999776482582,1.7676165103912354,0.5
1858,2.212587819693759,120.77859384702654,37.61194246179566,100.0,0.009999999776482582,1.2452311515808105,0.75
1859,2.7672138123997128,197.9333040135886,37.97668140751647,100.0,0.009999999776482582,1.7509125471115112,0.25
1860,1.767518236848413,116.59569862886737,40.20088613931404,100.0,0.009999999776482582,1.0125960111618042,0.75
1861,1.9418806481852788,1.8313772196916742,28.76979890388621,100.0,0.009999999776482582,1.2110010385513306,1.0
1862,2.7520570877504866,173.47843107373464,38.377694268092846,100.0,0.009999999776482582,1.8648122549057007,0.5
1863,1.8878035418001193,113.06038871352048,44.28087671794065,100.0,0.009999999776482582,1.0155901908874512,0.75
1864,2.674412413821001,112.92017534994426,35.43444461051722,100.0,0.009999999776482582,1.6053924560546875,0.75
1865,2.3650246932445818,112.8459469331221,38.675407706051594,100.0,0.009999999776482582,1.7734463214874268,0.75
1866,2.183170934382039,122.38789133753669,40.648113845095814,100.0,0.009999999776482582,1.6170659065246582,0.75
1867,2.8949834539291444,186.31335019444597,36.775835821558694,100.0,0.009999999776482582,2.0545926094055176,0.25
1868,2.0741464661891857,2.822879808550422,28.90167556202374,100.0,0.009999999776482582,1.554990530014038,1.0
1869,2.2480201613121102,171.1803324167622,40.53149575045416,100.0,0.009999999776482582,1.5769401788711548,0.5
1870,2.813808360192822,175.86537329333675,37.95273709348998,100.0,0.009999999776482582,1.5609872341156006,0.5
1871,2.081327967729908,107.45853100374919,33.12725135159672,100.0,0.009999999776482582,1.3186776638031006,0.75
1872,1.581357888797078,1.5312784688694103,28.553093178223456,100.0,0.009999999776482582,0.8973231315612793,1.0
1873,2.2920359334982336,162.82989047859337,36.47259210734094,100.0,0.009999999776482582,1.7236970663070679,0.5
1874,1.9631584366134032,2.244952836749644,29.22884396239043,100.0,0.009999999776482582,1.3666000366210938,1.0
1875,1.6708022553479185,1.3094848316122818,28.983791596155424,100.0,0.009999999776482582,0.9157050848007202,1.0
1876,2.0714672772103557,114.31407776322436,37.11119157339576,100.0,0.009999999776482582,0.9918025732040405,0.75
1877,2.323568191717795,133.61812714348522,41.08336944333375,100.0,0.009999999776482582,1.5127084255218506,0.75
1878,1.943492110808312,108.79823100115742,34.06488110343443,100.0,0.009999999776482582,1.2986726760864258,0.75
1879,1.8711979282883004,1.637711415579961,28.68049629925004,100.0,0.009999999776482582,1.0821082592010498,1.0
1880,1.6474367544779798,1.5411009632115629,28.947187861347352,100.0,0.009999999776482582,0.9147763848304749,1.0
1881,1.7680884525060512,1.007272039739002,28.806730500979562,100.0,0.009999999776482582,1.0253974199295044,1.0
1882,1.6493447893317619,0.03324951564814164,26.445441009556212,100.0,0.009999999776482582,0.8746556043624878,1.0
1883,1.8522206159161454,0.7922136191126192,28.083760456687692,100.0,0.009999999776482582,1.0791258811950684,1.0
1884,2.468495727389899,123.1394197366678,43.16022616528357,100.0,0.009999999776482582,1.1297690868377686,0.75
1885,2.281322823233205,120.31864745145755,42.948952325607344,100.0,0.009999999776482582,1.409363865852356,0.75
1886,2.23435793656827,113.84074977641302,35.178752822859195,100.0,0.009999999776482582,1.4383429288864136,0.75
1887,2.216356646213993,170.3066440991738,39.94351277753989,100.0,0.009999999776482582,1.5358721017837524,0.5
1888,1.7257123518206963,1.3715010011067743,28.730889353137563,100.0,0.009999999776482582,1.0467568635940552,1.0
1889,2.7003102755076887,123.83684055923024,44.90087959674208,100.0,0.009999999776482582,1.566062331199646,0.75
1890,2.967336848523773,148.35734091326933,37.50283414934042,100.0,0.009999999776482582,1.9478237628936768,0.5
1891,2.4098013531635845,97.12936389619608,37.24663920500228,100.0,0.009999999776482582,1.4246208667755127,0.75
1892,2.3426975425883216,109.26188751434748,37.93180953852246,100.0,0.009999999776482582,1.13641357421875,0.75
1893,1.9566147843611685,0.9483762088909424,28.928340668965554,100.0,0.009999999776482582,1.2245935201644897,1.0
1894,2.642772890669286,151.39537847586416,35.515711285847786,100.0,0.009999999776482582,1.6913365125656128,0.5
1895,2.288545202543004,114.88214607809816,35.30870984289361,100.0,0.009999999776482582,1.7747166156768799,0.75
1896,2.4168076968705097,150.89322807429704,37.75259051735435,100.0,0.009999999776482582,1.4999592304229736,0.5
1897,2.6181349466585577,115.14770917307331,37.12048022839312,100.0,0.009999999776482582,1.343162178993225,0.75
1898,2.45244849961542,121.92286986906244,44.5518785340428,100.0,0.009999999776482582,1.4615907669067383,0.75
1899,1.9338782711951705,122.14343197795054,38.36917565908199,100.0,0.009999999776482582,1.3022596836090088,0.75
1900,2.77093210821281,178.05832984769884,41.12798189762239,100.0,0.009999999776482582,1.8754295110702515,0.5
1901,2.73734042752371,114.47357822701382,39.14407820917417,100.0,0.009999999776482582,1.822167158126831,0.75
1902,1.8433027557871742,1.4507570686185858,29.255226015472534,100.0,0.009999999776482582,1.2135637998580933,1.0
1903,2.1588000050214196,109.40352510013788,35.00595795136498,100.0,0.009999999776482582,1.4745603799819946,0.75
1904,1.8371264862811094,105.36199005932299,35.2393307284526,100.0,0.009999999776482582,1.1546268463134766,0.75
1905,2.0954052262820015,2.7300132402871524,28.44175165764201,100.0,0.009999999776482582,1.5240780115127563,1.0
1906,2.604308202546541,119.84953147807308,38.98317739887295,100.0,0.009999999776482582,1.4979479312896729,0.75
1907,2.513501000569706,164.45702974382672,41.18500551292209,100.0,0.009999999776482582,1.4069852828979492,0.5
1908,2.0319796239638737,1.63462135999536,29.294639362543766,100.0,0.009999999776482582,1.3921116590499878,1.0
1909,2.5382110987986235,116.83781006337705,36.86928791499492,100.0,0.009999999776482582,1.7021567821502686,0.75
1910,2.7128550937771903,141.22297662433996,36.967768289547436,100.0,0.009999999776482582,1.474404215812683,0.5
1911,2.500250024864154,158.8956478523788,37.85555826975953,100.0,0.009999999776482582,1.815177083015442,0.5
1912,2.541573998994436,204.78076159567613,39.9394024935452,100.0,0.009999999776482582,2.1492490768432617,0.25
1913,2.546422892766272,155.89811346459757,37.69003611960484,100.0,0.009999999776482582,1.3558191061019897,0.5
1914,1.518564444495062,0.035375383597340285,26.462931845436298,100.0,0.009999999776482582,0.7502413988113403,1.0
1915,1.7491980998534187,0.037525185431061606,26.553052723422553,100.0,0.009999999776482582,1.0653505325317383,1.0
1916,2.4919517972399587,155.9671191470093,36.35695046836258,100.0,0.009999999776482582,1.777523159980774,0.5
1917,2.936794045193309,136.21192266737376,34.78958232462996,100.0,0.009999999776482582,1.59311842918396,0.5
1918,2.0582729359105287,123.4110007179929,41.51021603541797,100.0,0.009999999776482582,1.4538427591323853,0.75
1919,2.4061044224998773,118.41171325963678,40.577185757572614,100.0,0.009999999776482582,1.56333589553833,0.75
1920,2.926869865903806,194.16502182250807,36.941017908947586,100.0,0.009999999776482582,1.9788861274719238,0.25
1921,2.2923807567959726,115.0826658395445,35.61159449595638,100.0,0.009999999776482582,1.1600372791290283,0.75
1922,1.587530839835816,0.03552233936071574,26.423498583583008,100.0,0.009999999776482582,0.8760058879852295,1.0
1923,1.9747091778835417,1.988220729943523,29.224358132693496,100.0,0.009999999776482582,1.3701329231262207,1.0
1924,1.8108498885069073,1.2937263659572489,29.04726494797946,100.0,0.009999999776482582,1.2123963832855225,1.0
1925,2.500568261140308,165.93272854890665,36.83945405832184,100.0,0.009999999776482582,1.6745662689208984,0.5
1926,1.7247624655619789,1.1934778553832088,28.473086994039328,100.0,0.009999999776482582,0.9240352511405945,1.0
1927,2.0925269844694205,2.214199681614968,28.62193322069704,100.0,0.009999999776482582,1.5277310609817505,1.0
1928,2.196186020322213,165.73775846078982,36.8773277627066,100.0,0.009999999776482582,1.578368902206421,0.5
1929,1.9841584715424496,112.46442147920858,37.693915411126525,100.0,0.009999999776482582,1.161585807800293,0.75
1930,2.46165318802248,121.28891018623291,42.121604015255926,100.0,0.009999999776482582,1.5482938289642334,0.75
1931,1.9776346878932372,114.18033520690075,38.720854493720026,100.0,0.009999999776482582,1.2796239852905273,0.75
1932,1.9305045095624207,2.2793669901459883,28.636975578298326,100.0,0.009999999776482582,1.3751826286315918,1.0
1933,1.6851641176541605,0.03213386815041711,26.402141053577083,100.0,0.009999999776482582,0.9251934289932251,1.0
1934,1.3669561087519888,0.027112527193143474,26.22482959840829,100.0,0.009999999776482582,0.5839308500289917,1.0
1935,1.976206079589911,109.961845739831,36.832937922038674,100.0,0.009999999776482582,1.1516015529632568,0.75
1936,2.1192182920168374,2.6415058951755808,28.34050164180822,100.0,0.009999999776482582,1.534562110900879,1.0
1937,2.426656414233982,168.7885165372269,40.78513787719381,100.0,0.009999999776482582,1.5641447305679321,0.5
1938,2.756297144937002,169.45188172946553,37.135842509226855,100.0,0.009999999776482582,1.4899969100952148,0.5
1939,2.020602863176256,0.8946328604101447,28.679305951176367,100.0,0.009999999776482582,1.3514493703842163,1.0
1940,2.197776604372098,145.05707255197743,34.14101365039,100.0,0.009999999776482582,1.3372504711151123,0.5
1941,2.5866455550382765,192.2460665109448,38.67424546799134,100.0,0.009999999776482582,1.751806378364563,0.25
1942,2.328439521428314,169.74943885518084,41.61157618009027,100.0,0.009999999776482582,1.7358847856521606,0.5
1943,2.0583502043821156,116.587188659768,36.267260695945716,100.0,0.009999999776482582,1.3323496580123901,0.75
1944,1.7867392573946248,122.68964247825582,40.8205361611694,100.0,0.009999999776482582,1.131717562675476,0.75
1945,2.5820308589684777,127.0003010985875,39.189002303553366,100.0,0.009999999776482582,1.4654006958007812,0.75
1946,2.7550543143610042,109.86700633533022,35.125799291745814,100.0,0.009999999776482582,1.4588561058044434,0.75
1947,1.8262223641057376,110.1984297725426,38.08575802220795,100.0,0.009999999776482582,1.1281261444091797,0.75
1948,2.951996325904248,113.49189864901228,40.538611359058166,100.0,0.009999999776482582,0.8898695707321167,0.75
1949,2.6604014717185884,142.45884877688417,41.38766725039194,100.0,0.009999999776482582,1.1408201456069946,0.75
1950,2.198028862386125,119.78812309845429,37.64630361450549,100.0,0.009999999776482582,1.1615896224975586,0.75
1951,2.338262425645382,106.45261838265446,35.642111393406026,100.0,0.009999999776482582,1.5972580909729004,0.75
1952,1.773062357408118,1.269787403847021,28.625867080893222,100.0,0.009999999776482582,1.044319748878479,1.0
1953,2.086561798263506,107.39767792924727,34.3809269593013,100.0,0.009999999776482582,1.4842054843902588,0.75
1954,2.5502562791882104,105.97433975723774,35.55721967296705,100.0,0.009999999776482582,1.9946584701538086,0.75
1955,2.795837442941582,166.7361887723867,36.64776011861446,100.0,0.009999999776482582,1.8578729629516602,0.5
1956,2.5042018062189975,160.3179481299244,36.994094615431095,100.0,0.009999999776482582,1.8907629251480103,0.5
1957,2.747175568233808,165.76060786410358,40.22203780186628,100.0,0.009999999776482582,1.8195306062698364,0.5
1958,2.551707901516263,169.5317587224822,40.057439704790745,100.0,0.009999999776482582,1.7449235916137695,0.5
1959,2.436647984295994,159.00565809530076,38.26336602192851,100.0,0.009999999776482582,1.7078157663345337,0.5
1960,2.1255013857077016,111.11344669186599,34.793333361733865,100.0,0.009999999776482582,1.6190061569213867,0.75
1961,1.80016644196726,1.2534095879070866,28.548546305743134,100.0,0.009999999776482582,1.1778345108032227,1.0
1962,2.020284252706584,1.9646803044222783,28.40335154972512,100.0,0.009999999776482582,1.3738853931427002,1.0
1963,2.3324034984587545,168.0616690554966,39.694826561473775,100.0,0.009999999776482582,1.727966547012329,0.5
1964,2.39639270696242,172.4875717571749,38.24527286369186,100.0,0.009999999776482582,1.5777995586395264,0.5
1965,2.285220522112337,1.8317203758888219,28.798777668465092,100.0,0.009999999776482582,1.2862441539764404,1.0
1966,2.4335951790281145,168.79133148076306,38.00951521019846,100.0,0.009999999776482582,1.905735969543457,0.5
1967,2.3987927462481213,130.4680611022229,40.06201250657244,100.0,0.009999999776482582,1.276334285736084,0.75
1968,2.6468999691304145,203.4605981309775,39.433754585016935,100.0,0.009999999776482582,1.9092047214508057,0.25
1969,2.4629671730164078,155.7877742470209,40.084465591640736,100.0,0.009999999776482582,1.6736599206924438,0.5
1970,2.106045551297589,2.164324577352895,29.87533091520695,100.0,0.009999999776482582,1.1231932640075684,1.0
1971,2.3216664689359856,109.73116434952529,33.376735707707404,100.0,0.009999999776482582,1.3904919624328613,0.75
1972,2.71146009187296,172.03998785748078,39.93303986261281,100.0,0.009999999776482582,2.024153709411621,0.5
1973,2.13018417765202,166.34738428392458,39.5534511178483,100.0,0.009999999776482582,1.529244303703308,0.5
1974,2.56840120113389,176.34054580169757,40.78232322579722,100.0,0.009999999776482582,1.8393603563308716,0.5
1975,1.674029729942734,1.5791545013820791,29.307522746926363,100.0,0.009999999776482582,1.0255180597305298,1.0
1976,2.962549294123985,196.6897796610227,37.75611407080992,100.0,0.009999999776482582,2.110100269317627,0.25
1977,1.7592045912820418,135.07350976429385,42.49831132771609,100.0,0.009999999776482582,0.9661927223205566,0.75
1978,1.9513755893048539,1.714911178047446,28.57342330837926,100.0,0.009999999776482582,0.9944303631782532,1.0
1979,2.490426631064285,166.4441389699658,36.85603760978895,100.0,0.009999999776482582,2.0460314750671387,0.5
1980,2.028233727393825,126.93720911446377,40.470244756712596,100.0,0.009999999776482582,1.1649638414382935,0.75
1981,1.8863030948361483,0.036374855249627705,26.39159214389218,100.0,0.009999999776482582,1.207323431968689,1.0
1982,2.682287429412042,183.70579136604718,39.858385830283424,100.0,0.009999999776482582,1.8399412631988525,0.5
1983,2.4369846879354826,122.61151446713095,40.251237534829734,100.0,0.009999999776482582,1.617514729499817,0.75
1984,1.9358892771519023,116.5025677812298,39.13894976362216,100.0,0.009999999776482582,1.168700933456421,0.75
1985,2.231467846013482,159.1164079566724,38.69330648215137,100.0,0.009999999776482582,1.690467119216919,0.5
1986,2.191745467319847,166.2115566853449,39.55570077811555,100.0,0.009999999776482582,1.5625817775726318,0.5
1987,2.2429583539420497,112.39522293482324,35.97167172236796,100.0,0.009999999776482582,1.6468756198883057,0.75
1988,2.24091819132179,2.0605316625218215,28.994519011730368,100.0,0.009999999776482582,1.3795480728149414,1.0
1989,2.620016599582054,200.55280648742564,39.24578103266726,100.0,0.009999999776482582,1.741404414176941,0.25
1990,2.7758309496685105,166.65969515246996,37.1827451370796,100.0,0.009999999776482582,1.9807579517364502,0.5
1991,1.7657493373066457,0.03711212405667862,26.46216349547011,100.0,0.009999999776482582,1.0510940551757812,1.0
1992,2.5116150741175876,164.23168873567,38.1655267140868,100.0,0.009999999776482582,1.661231279373169,0.5
1993,2.514329393133064,165.87847709837027,40.30216751029616,100.0,0.009999999776482582,1.8940231800079346,0.5
1994,2.1576545479704334,129.80730329634912,38.77074419788449,100.0,0.009999999776482582,1.2660551071166992,0.75
1995,2.4504950036560893,150.91899803486245,36.60535408695964,100.0,0.009999999776482582,1.7304106950759888,0.5
1996,2.462746920762415,2.487859585846681,29.309398290890122,100.0,0.009999999776482582,1.5511853694915771,1.0
1997,2.277496264076674,166.3512339880089,38.50865264409348,100.0,0.009999999776482582,1.7128510475158691,0.5
1998,2.2759676394804895,157.18710081423734,38.725410137577775,100.0,0.009999999776482582,1.5355144739151,0.5
1999,2.891063998147305,3.0078957504498245,29.39173340271525,100.0,0.009999999776482582,1.7184603214263916,1.0
2000,2.448078804159699,148.36104067160215,36.54478560104455,100.0,0.009999999776482582,1.6529910564422607,0.5
2001,1.8718331542347566,1.4838837445061863,29.217437875481746,100.0,0.009999999776482582,1.2120401859283447,1.0
2002,1.9310734031051433,1.719961373444384,28.51253763254083,100.0,0.009999999776482582,1.2353150844573975,1.0
2003,2.617584214717462,123.59891725162636,40.68589414113667,100.0,0.009999999776482582,1.7442307472229004,0.75
2004,2.5989394668332473,174.17247453921175,42.49674623811769,100.0,0.009999999776482582,1.6638736724853516,0.5
2005,2.4305788826174877,155.49606732913676,38.566944662274935,100.0,0.009999999776482582,1.5025475025177002,0.5
2006,2.506525892806862,119.85455063741126,43.609598629186955,100.0,0.009999999776482582,1.4352669715881348,0.75
2007,2.528598470870292,142.9571269724359,46.62486154075499,100.0,0.009999999776482582,1.7123141288757324,0.75
2008,2.913644832821525,210.40945123734758,39.085920588895696,100.0,0.009999999776482582,2.1704721450805664,0.25
2009,2.1275388838291467,120.9514303071809,38.45305387966357,100.0,0.009999999776482582,1.309686541557312,0.75
2010,2.478811111709051,163.24996289556233,40.02679845733292,100.0,0.009999999776482582,1.855674147605896,0.5
2011,2.3776612943074267,158.55658786051077,37.58845695613101,100.0,0.009999999776482582,1.7079155445098877,0.5
2012,2.24573231013434,164.28500485052038,35.9388112357958,100.0,0.009999999776482582,1.6971327066421509,0.5
2013,2.1644881303153163,107.07592017777226,39.195222449935955,100.0,0.009999999776482582,1.50050687789917,0.75
2014,2.019525047155151,2.6517075462661723,29.58435833663291,100.0,0.009999999776482582,1.5003154277801514,1.0
2015,1.8292288860604236,0.9711164170022404,28.270669679606577,100.0,0.009999999776482582,1.0889350175857544,1.0
2016,2.016019770256541,131.3526474441972,40.543895086354105,100.0,0.009999999776482582,1.2763118743896484,0.75
2017,2.0849673562228848,119.23816866072337,39.928210233208766,100.0,0.009999999776482582,1.3417441844940186,0.75
2018,2.239156862122758,111.6582004357847,35.30233006886827,100.0,0.009999999776482582,1.2536779642105103,0.75
2019,1.898460570728274,112.71126110786683,37.15659700112247,100.0,0.009999999776482582,1.1631242036819458,0.75
2020,1.8941559200868798,118.56766437667284,38.88825413378845,100.0,0.009999999776482582,1.1387066841125488,0.75
2021,2.3929670574741397,108.5122289047647,34.262578053826466,100.0,0.009999999776482582,1.4621096849441528,0.75
2022,1.9100475203847314,0.8153800562613912,28.07287846796042,100.0,0.009999999776482582,1.2314069271087646,1.0
2023,2.2437653648003466,115.61652129905204,37.341260065075154,100.0,0.009999999776482582,1.4564194679260254,0.75
2024,2.311540508237447,162.57284994263097,35.11859353668876,100.0,0.009999999776482582,1.3375526666641235,0.5
2025,2.220430979323048,122.80663620397522,37.517142949205265,100.0,0.009999999776482582,1.752707839012146,0.75
2026,2.181291010835811,108.33786739535667,34.871729274875946,100.0,0.009999999776482582,1.465749979019165,0.75
2027,1.9634632230807447,110.16294649823031,37.16534914096565,100.0,0.009999999776482582,1.2773683071136475,0.75
2028,2.4421237493301926,119.63199365434149,40.5679963828594,100.0,0.009999999776482582,1.7253602743148804,0.75
2029,1.989059146015454,110.45699881201209,37.216636231021475,100.0,0.009999999776482582,1.3027329444885254,0.75
2030,2.5223452849521784,119.04399560738388,38.91277463013027,100.0,0.009999999776482582,1.4640519618988037,0.75
2031,1.9815820930175292,1.9446224108831363,28.59049101423219,100.0,0.009999999776482582,1.3535243272781372,1.0
2032,2.113631312519699,123.041111636962,37.507097918875175,100.0,0.009999999776482582,1.4685542583465576,0.75
2033,2.1975054502206417,125.59952808518172,40.391027258470274,100.0,0.009999999776482582,1.4475009441375732,0.75
2034,2.8216441285562865,226.17728494858895,36.761449999413706,100.0,0.009999999776482582,2.2328476905822754,0.0
2035,2.4840473369199256,157.39343843671207,38.92983002600868,100.0,0.009999999776482582,1.6846996545791626,0.75
2036,2.697676035277155,168.1985674584491,38.9378124589129,100.0,0.009999999776482582,1.8666443824768066,0.5
2037,1.5941153424434114,1.5985342031430134,29.49560707357189,100.0,0.009999999776482582,0.8883931636810303,1.0
2038,2.6995448626101344,153.19971848792255,37.251116857067,100.0,0.009999999776482582,1.4716010093688965,0.5
2039,1.9352455467081866,2.8183948403674544,28.456175116127152,100.0,0.009999999776482582,1.2180620431900024,1.0
2040,2.1939803978340446,123.75657775259458,45.35125833615725,100.0,0.009999999776482582,1.4740009307861328,0.75
2041,1.6289540961799445,0.03477076876383174,26.34955088812329,100.0,0.009999999776482582,0.8920130729675293,1.0
2042,2.066783569916499,110.45361508712458,38.55621075658461,100.0,0.009999999776482582,1.2794910669326782,0.75
2043,2.158681156107525,1.6056332001474765,28.23135889798974,100.0,0.009999999776482582,1.5668158531188965,1.0
2044,1.5949081982873754,0.031530085042408534,26.255413820522605,100.0,0.009999999776482582,0.8933166861534119,1.0
2045,2.3951190099133863,115.41462681754896,37.62356007570611,100.0,0.009999999776482582,1.490862250328064,0.75
2046,2.6489331697023646,116.40487419919913,39.197803062900945,100.0,0.009999999776482582,1.7472995519638062,0.75
2047,2.419760775890008,159.58882135705556,38.212595623533446,100.0,0.009999999776482582,1.5478333234786987,0.5
2048,2.390136637650543,144.6933839495295,34.742771895836356,100.0,0.009999999776482582,1.6787066459655762,0.5
2049,2.7264250132221157,216.9850616859011,40.44007194709275,100.0,0.009999999776482582,2.0362892150878906,0.25
2050,2.3425906860965724,179.94210492680074,39.211740363825186,100.0,0.009999999776482582,1.7563323974609375,0.5
2051,1.9144387602093866,2.6715072245400076,28.392615675063045,100.0,0.009999999776482582,1.2209440469741821,1.0
2052,2.325428194349798,152.8879752088301,37.88999137723722,100.0,0.009999999776482582,1.3452632427215576,0.5
2053,2.4753908098317674,174.704390355287,45.32539988603239,100.0,0.009999999776482582,1.6767306327819824,0.5
2054,2.244307653960044,129.75694471994734,37.56895493341097,100.0,0.009999999776482582,0.9392805099487305,0.75
2055,1.7336299313431245,0.031699392977695764,26.27616804704246,100.0,0.009999999776482582,1.025256872177124,1.0
2056,2.126162827955367,121.39375751008517,40.39461670076209,100.0,0.009999999776482582,1.3078088760375977,0.75
2057,2.2793204174489947,116.5583700487966,36.106379113867135,100.0,0.009999999776482582,1.6145904064178467,0.75
2058,2.442715517873421,160.75493504725068,39.54974220141275,100.0,0.009999999776482582,1.7930867671966553,0.5
2059,2.0129032352603167,115.52757449809786,40.627524161636536,100.0,0.009999999776482582,1.3066792488098145,0.75
2060,2.108083590399009,163.46471402486134,41.63722144011983,100.0,0.009999999776482582,1.4069437980651855,0.5
2061,2.137025779375437,117.751643702212,40.54465059435531,100.0,0.009999999776482582,1.4284967184066772,0.75
2062,2.626015693771582,162.1664788953836,39.69044110179727,100.0,0.009999999776482582,1.849698781967163,0.5
2063,2.498074037076919,211.6031439326322,39.979433049568684,100.0,0.009999999776482582,1.7585996389389038,0.25
2064,2.388796824462737,185.0280585647016,42.71053664374995,100.0,0.009999999776482582,1.8532359600067139,0.5
2065,2.237070189003219,125.07713544472651,45.95169872371091,100.0,0.009999999776482582,1.4771347045898438,0.75
2066,1.95307100808499,107.68409477994594,34.68894204348419,100.0,0.009999999776482582,1.302132487297058,0.75
2067,2.3743454245538986,117.17722776311683,39.72380279841929,100.0,0.009999999776482582,1.7711727619171143,0.75
2068,2.4180931624317856,130.8469193296014,41.05073622430703,100.0,0.009999999776482582,1.319944143295288,0.75
2069,1.6952228174870725,1.3544075088417293,28.55296927531445,100.0,0.009999999776482582,0.9131034016609192,1.0
2070,3.3888491864581964,166.27923343879195,38.772110165843,100.0,0.009999999776482582,1.7946734428405762,0.75
2071,2.5148725549350526,168.37778391470593,41.7142007752361,100.0,0.009999999776482582,1.3630744218826294,0.5
2072,1.7323150491961026,2.6822706007919295,28.383197085327836,100.0,0.009999999776482582,1.0327686071395874,1.0
2073,1.6509528609428594,1.2110442290223944,29.020719397153858,100.0,0.009999999776482582,0.9203155040740967,1.0
2074,2.197186128012699,124.36629537240866,37.87452523767753,100.0,0.009999999776482582,1.2612743377685547,0.75
2075,2.5136557337776484,202.79170750042817,38.14671915900428,100.0,0.009999999776482582,1.8082151412963867,0.25
2076,2.1195556229466437,123.41161673502982,39.21223776292828,100.0,0.009999999776482582,1.2045567035675049,0.75
2077,1.6185362837022117,0.027657919592960087,26.17178596180192,100.0,0.009999999776482582,0.8810663223266602,1.0
2078,1.7551023764339855,1.7846923654613092,28.452747131423887,100.0,0.009999999776482582,0.9340168237686157,1.0
2079,2.4206599278211387,114.79778550483984,38.23084054972499,100.0,0.009999999776482582,1.4266867637634277,0.75
2080,2.571932080201979,170.7108176576905,38.946796589232676,100.0,0.009999999776482582,2.0437750816345215,0.5
2081,2.8983057500607865,99.95693168853929,38.82997401298645,100.0,0.009999999776482582,1.7169899940490723,0.75
2082,2.5125171790484426,152.19293897887428,38.382362349207646,100.0,0.009999999776482582,1.8145198822021484,0.5
2083,1.7988653593623947,113.40823888789048,37.854767444704876,100.0,0.009999999776482582,0.9797949194908142,0.75
2084,1.5697750398465555,0.02616888780003216,26.0503447554848,100.0,0.009999999776482582,0.7628762125968933,1.0
2085,2.479511273404845,168.9365188225059,38.67269345007229,100.0,0.009999999776482582,1.7135279178619385,0.5
2086,2.774436606197373,183.42916377559132,40.73778761181283,100.0,0.009999999776482582,1.9544949531555176,0.5
2087,2.608694713834215,89.24657793901095,31.747054327316672,100.0,0.009999999776482582,1.643955945968628,0.75
2088,1.599738141933766,0.026784376075849856,26.05995036772787,100.0,0.009999999776482582,0.8941707611083984,1.0
2089,2.109028993139433,114.85409981260841,39.43901731091635,100.0,0.009999999776482582,1.4384446144104004,0.75
2090,2.4419486578830965,167.044927228211,38.53992751876718,100.0,0.009999999776482582,1.7254865169525146,0.5
2091,1.9175389706568977,1.6305873129472452,28.677082802601564,100.0,0.009999999776482582,1.2001107931137085,1.0
2092,1.915357579342555,0.028272703360976915,26.138513841512726,100.0,0.009999999776482582,1.2245529890060425,1.0
2093,1.7544950902126135,0.025107322785593224,26.06255667198221,100.0,0.009999999776482582,1.0545424222946167,1.0
2094,2.426791400977998,134.3983437227498,39.669811617999855,100.0,0.009999999776482582,1.6571885347366333,0.75
2095,2.478752062647594,166.65520016160582,38.71055065773666,100.0,0.009999999776482582,1.6321837902069092,0.5
2096,2.024763017368327,117.98210804468782,40.02449168811878,100.0,0.009999999776482582,1.3388097286224365,0.75
2097,2.234910386954157,137.19877494704,44.79218218280201,100.0,0.009999999776482582,1.287156105041504,0.75
2098,1.8639293778239887,1.4649129371012979,28.184484826108285,100.0,0.009999999776482582,1.181246280670166,1.0
2099,1.6566853661993088,0.022932069671556064,25.96706588477381,100.0,0.009999999776482582,0.8817471265792847,1.0
2100,2.3599152274149753,114.3143034133835,36.207325152005396,100.0,0.009999999776482582,1.777300477027893,0.75
2101,1.9887057721433374,118.72859322323721,42.88808145955152,100.0,0.009999999776482582,1.1468000411987305,0.75
2102,2.22773623426777,112.5065845856649,33.87915814661487,100.0,0.009999999776482582,1.2925198078155518,0.75
2103,2.001059728559397,120.19621152138312,38.32840037354078,100.0,0.009999999776482582,0.9107075929641724,0.75
2104,2.662685614272146,147.95636305848663,40.30457296271707,100.0,0.009999999776482582,1.4584496021270752,0.75
2105,2.0147915377634513,130.55561000729196,40.687906893252936,100.0,0.009999999776482582,1.1439995765686035,0.75
2106,2.0792719175011243,94.85790413002321,35.994245737675804,100.0,0.009999999776482582,1.0930131673812866,0.75
2107,2.5641279342581695,187.01331845401427,43.838229835723624,100.0,0.009999999776482582,1.657958984375,0.5
2108,2.0491757070916385,107.44059480500914,35.99168512992331,100.0,0.009999999776482582,1.2771188020706177,0.75
2109,2.236595367409769,124.9874598805318,41.98632465016347,100.0,0.009999999776482582,1.4833650588989258,0.75
2110,2.264789134307871,112.07688930308208,35.65485589701331,100.0,0.009999999776482582,1.387352466583252,0.75
2111,2.3826227606443,136.55617172711518,40.738259742039446,100.0,0.009999999776482582,1.7456190586090088,0.75
2112,2.295575388623305,118.18354115721085,38.706023461635866,100.0,0.009999999776482582,1.6269885301589966,0.75
2113,2.4173218093092754,125.6544187307624,40.0635632396406,100.0,0.009999999776482582,1.4844869375228882,0.75
2114,2.4028673989639335,2.7730146550870804,28.3525632403328,100.0,0.009999999776482582,1.1239089965820312,1.0
2115,2.403872462193247,120.27312748003675,39.83679346713761,100.0,0.009999999776482582,1.3296078443527222,0.75
2116,1.8498452553090148,0.6608796721596691,27.5490834376659,100.0,0.009999999776482582,1.0783839225769043,1.0
2117,1.9403229854183763,113.9298843776122,37.254598679929295,100.0,0.009999999776482582,1.1279969215393066,0.75
2118,1.7587355359988004,0.020630779703982544,25.90209759080933,100.0,0.009999999776482582,1.0340176820755005,1.0
2119,2.4486805830168987,164.54963560081728,37.316476266566454,100.0,0.009999999776482582,1.8852607011795044,0.5
2120,2.394536060001276,118.73275900844845,38.45535941452011,100.0,0.009999999776482582,1.2501990795135498,0.75
2121,1.929049130633804,127.09127970144112,39.66192319259295,100.0,0.009999999776482582,1.1527937650680542,0.75
2122,2.2995397412350846,1.734442640712297,28.1634208707806,100.0,0.009999999776482582,1.694112777709961,1.0
2123,1.8997540092579972,0.8427620044916676,28.313280562107998,100.0,0.009999999776482582,1.2078608274459839,1.0
2124,2.3593915043105196,135.91397431649182,39.836086418960406,100.0,0.009999999776482582,1.309025764465332,0.75
2125,2.0959001633774403,139.8458030830729,43.022067380979145,100.0,0.009999999776482582,1.294722080230713,0.75
2126,2.0553065217632143,113.13435237534674,37.95934087802212,100.0,0.009999999776482582,1.4380624294281006,0.75
2127,2.612279049711893,158.10292573051225,38.01201054956755,100.0,0.009999999776482582,2.0688581466674805,0.5
2128,2.8146859856056152,98.1793960716663,36.019370336575655,100.0,0.009999999776482582,1.8845298290252686,1.0
2129,2.3946271932941534,107.07351470199448,42.35080199601512,100.0,0.009999999776482582,1.3718888759613037,0.75
2130,2.5116371859821855,133.02619404981044,44.057562670355125,100.0,0.009999999776482582,1.5765020847320557,0.75
2131,2.505581175644117,119.39392177331646,41.45033502830716,100.0,0.009999999776482582,1.7865114212036133,0.75
2132,1.82530627910766,1.0033782452275444,28.839145378735797,100.0,0.009999999776482582,1.0491857528686523,1.0
2133,2.2242134787166172,112.1685831717986,36.47384712394599,100.0,0.009999999776482582,1.4557170867919922,0.75
2134,1.7796554033813987,1.3346237625037394,28.08510429156421,100.0,0.009999999776482582,1.0147624015808105,1.0
2135,2.7046456603089695,165.28136831691108,40.54912116113411,100.0,0.009999999776482582,1.8278307914733887,0.5
2136,2.3092213490128084,2.9504434855562334,28.65658648448653,100.0,0.009999999776482582,1.4832220077514648,1.0
2137,1.960677776778616,115.1104220264482,38.499886771345686,100.0,0.009999999776482582,1.2809573411941528,0.75
2138,2.0660813388894432,118.49924162797683,39.046331101453106,100.0,0.009999999776482582,1.3232600688934326,0.75
2139,2.42535018565103,122.36387946441698,37.83829607981003,100.0,0.009999999776482582,1.5482243299484253,0.75
2140,2.5010539628821733,136.61189796770498,40.2091540867805,100.0,0.009999999776482582,1.2247000932693481,0.75
2141,2.0291828695244947,113.1895576588246,39.36101307164229,100.0,0.009999999776482582,1.2965023517608643,0.75
2142,2.2680043148117464,162.8225798196401,37.791480363142746,100.0,0.009999999776482582,1.5696934461593628,0.5
2143,2.387799592799808,116.77155918312991,43.064727866439846,100.0,0.009999999776482582,1.75396728515625,0.75
2144,2.365078932114463,170.7444673188835,38.42556705065159,100.0,0.009999999776482582,1.7289202213287354,0.5
2145,2.162599529011248,113.99130389584346,38.58331528755243,100.0,0.009999999776482582,1.618505835533142,0.75
2146,2.380439996547417,1.6361501907767424,28.941239179393662,100.0,0.009999999776482582,1.4597065448760986,1.0
2147,2.3354031580993313,118.53276458043982,42.58850848316271,100.0,0.009999999776482582,1.2797147035598755,0.75
2148,2.2386944977222742,113.71811798000506,35.3241622978761,100.0,0.009999999776482582,1.6179711818695068,0.75
2149,2.533998344847661,133.07541274091375,44.05336504564215,100.0,0.009999999776482582,1.466123342514038,0.75
2150,2.1681136433347183,1.2776228406504897,28.613133527485957,100.0,0.009999999776482582,1.5438523292541504,1.0
2151,2.0779555599869357,121.72975092054882,36.42538979497293,100.0,0.009999999776482582,1.3260438442230225,0.75
2152,2.3404432585779986,123.88970904517804,40.20388582270523,100.0,0.009999999776482582,1.3955297470092773,0.75
2153,1.7601244490384669,0.01920045305427712,25.818132143160664,100.0,0.009999999776482582,1.0436887741088867,1.0
2154,2.406060622280688,97.40738068954363,36.31416833614159,100.0,0.009999999776482582,1.4423048496246338,0.75
2155,2.225169249684247,135.20850099456206,43.732653759491065,100.0,0.009999999776482582,1.4248827695846558,0.75
2156,2.2970889331611,166.5665656406471,41.562842886986616,100.0,0.009999999776482582,1.3647453784942627,0.5
2157,2.526766746651916,115.63539382407895,37.64633162180502,100.0,0.009999999776482582,1.4423940181732178,0.75
2158,2.6363900391255344,161.98818118672878,38.316309230580956,100.0,0.009999999776482582,2.045102834701538,0.5
2159,2.150700337536208,165.26371723865637,37.293821792807464,100.0,0.009999999776482582,1.5066587924957275,0.5
2160,2.400681286102442,98.48505504094618,36.122196495159535,100.0,0.009999999776482582,1.5605725049972534,1.0
2161,2.1645331990991674,185.58269990325257,42.43210310936016,100.0,0.009999999776482582,1.4009230136871338,0.5
2162,2.014556416964864,118.97711988939345,38.584496679720054,100.0,0.009999999776482582,0.9795743227005005,0.75
2163,2.302196321759739,160.50384904881705,37.20218282101179,100.0,0.009999999776482582,1.694225549697876,0.5
2164,2.410990252307434,160.36118112492815,41.07482170283385,100.0,0.009999999776482582,1.6452898979187012,0.5
2165,2.0423042275173846,127.54659828386501,45.006696181111536,100.0,0.009999999776482582,1.2835681438446045,0.75
2166,2.3770521196294236,163.61182050667438,36.97692896668706,100.0,0.009999999776482582,1.7142839431762695,0.5
2167,2.002057603306442,0.02098794571261793,25.887022693631277,100.0,0.009999999776482582,1.2170017957687378,1.0
2168,1.8302586572346247,0.5609370849553547,27.7017926866929,100.0,0.009999999776482582,1.0660697221755981,1.0
2169,2.334284022780147,136.17870445594883,40.43442927923221,100.0,0.009999999776482582,1.7668697834014893,0.75
2170,2.676059720670887,177.00234946129686,39.47921332300056,100.0,0.009999999776482582,1.5281109809875488,0.5
2171,2.831947547918118,131.99096446021022,40.1192983092014,100.0,0.009999999776482582,1.5483683347702026,0.75
2172,2.3089753545522247,123.02934269645809,38.45654535803181,100.0,0.009999999776482582,1.4372551441192627,0.75
2173,2.074078461058946,135.87490932764373,41.44197414903337,100.0,0.009999999776482582,1.1072518825531006,0.75
2174,1.871201897933452,0.8039962671896155,28.53996075617607,100.0,0.009999999776482582,1.2043209075927734,1.0
2175,2.1378223689106686,1.8060685115225632,28.27699657701028,100.0,0.009999999776482582,1.549332618713379,1.0
2176,2.116112080805127,130.70553845425863,45.41587066524738,100.0,0.009999999776482582,1.460571527481079,0.75
2177,2.0874688600934594,118.94596697863754,41.512944241993004,100.0,0.009999999776482582,1.4339090585708618,0.75
2178,2.885920036833441,225.15347894896468,39.89665346989358,100.0,0.009999999776482582,1.7746503353118896,0.25
2179,2.818256158936475,170.48687449286035,40.62663441554216,100.0,0.009999999776482582,2.037446975708008,0.5
2180,2.920568073315795,177.05711176284166,39.32792290115048,100.0,0.009999999776482582,1.7941665649414062,0.5
2181,1.929302281275809,1.4012106814147156,27.809899988823382,100.0,0.009999999776482582,1.239905595779419,1.0
2182,2.042388824207103,1.5638163708670592,28.08636355345801,100.0,0.009999999776482582,1.366942286491394,1.0
2183,2.516495760172435,109.95164657720801,34.36549883768355,100.0,0.009999999776482582,1.9554710388183594,0.75
2184,2.5138849657026316,175.89890763710133,41.56127314926805,100.0,0.009999999776482582,1.9324969053268433,0.5
2185,2.5094117519587797,123.43881367351412,38.354956063054495,100.0,0.009999999776482582,1.6940655708312988,0.75
2186,2.071115744641294,124.05580374902209,39.58421036326087,100.0,0.009999999776482582,1.3136959075927734,0.75
2187,1.8737671885503036,1.97742276788666,27.8513146736485,100.0,0.009999999776482582,1.1937990188598633,1.0
2188,1.8327825226501269,0.8238566368640698,27.923900739069357,100.0,0.009999999776482582,1.1921203136444092,1.0
2189,2.5167903162913787,155.17786745471207,33.95864729731303,100.0,0.009999999776482582,1.740166187286377,0.5
2190,2.419348278174993,145.34260665260445,43.13774131975078,100.0,0.009999999776482582,1.3249616622924805,0.75
2191,1.830545920286061,112.85181954230107,35.416499149511175,100.0,0.009999999776482582,0.9698489904403687,0.75
2192,2.593090134171997,187.25431671091377,41.87853480678364,100.0,0.009999999776482582,1.3402385711669922,0.5
2193,1.8676579376066433,1.5063423632734323,28.171655787384815,100.0,0.009999999776482582,1.2022732496261597,1.0
2194,1.597178418855514,0.01732147463431514,25.719458641329695,100.0,0.009999999776482582,0.870956301689148,1.0
2195,2.4887171008173543,120.43572965234748,37.470600963840965,100.0,0.009999999776482582,2.0269315242767334,0.75
2196,2.059914253534807,2.5239460094087547,28.043684944357874,100.0,0.009999999776482582,1.518437385559082,1.0
2197,2.718021177385471,188.19535379281757,40.29170743354895,100.0,0.009999999776482582,1.5392680168151855,0.5
2198,2.024458456511571,119.04850438718073,40.521181969477155,100.0,0.009999999776482582,1.2715833187103271,0.75
2199,2.1454811379737513,2.303299293373422,28.098218045057195,100.0,0.009999999776482582,1.6513948440551758,1.0
2200,1.8515747139428753,124.13661148928092,40.90247448409401,100.0,0.009999999776482582,1.1043967008590698,0.75
2201,2.10395973930141,125.0333663039741,39.572852038881884,100.0,0.009999999776482582,1.3234031200408936,0.75
2202,2.6611658941545446,211.44520513316544,39.30681263640055,100.0,0.009999999776482582,2.1034348011016846,0.25
2203,2.729645084491119,205.02379262208245,39.92157990400332,100.0,0.009999999776482582,1.8755589723587036,0.25
2204,2.7706811354368126,176.62452864930518,40.08135110774532,100.0,0.009999999776482582,1.63468599319458,0.75
2205,2.2700274585321143,1.4265932782346082,28.507050207140704,100.0,0.009999999776482582,1.678339958190918,1.0
2206,1.922275185436188,0.8451850790257068,28.102018044626135,100.0,0.009999999776482582,1.2138922214508057,1.0
2207,1.7208990988848092,0.018498561066417486,25.7493056014296,100.0,0.009999999776482582,0.8801911473274231,1.0
2208,2.68469705816717,183.4181346846329,43.34252562855982,100.0,0.009999999776482582,1.7492059469223022,0.5
2209,1.8428091158727102,0.019211908509205997,25.810301903090988,100.0,0.009999999776482582,1.066602349281311,1.0
2210,2.2111428003455282,117.73453346307089,36.36251688308416,100.0,0.009999999776482582,1.6167125701904297,0.75
2211,1.7338057014699417,0.016706236081938747,25.673618905039834,100.0,0.009999999776482582,0.9170473217964172,1.0
2212,2.1350054244531127,123.60221694137289,37.56416184224985,100.0,0.009999999776482582,1.480531930923462,0.75
2213,2.9057473975945483,172.6538814735394,41.42688414000747,100.0,0.009999999776482582,2.031097650527954,0.5
2214,2.0798369225971474,0.9851650006572191,27.849201703877835,100.0,0.009999999776482582,1.367539644241333,1.0
2215,2.3546325617965804,126.93050726865084,41.29144222876918,100.0,0.009999999776482582,1.281707525253296,0.75
2216,1.861855750861466,139.5569962151225,42.30172973299906,100.0,0.009999999776482582,0.9731237292289734,0.75
2217,2.512277461989853,169.07809493369314,39.57683559558884,100.0,0.009999999776482582,1.8481879234313965,0.5
2218,2.072094855266476,114.01519661800755,37.428033759730916,100.0,0.009999999776482582,1.1636734008789062,0.75
2219,2.2205907428343585,135.81322526212494,40.71221853260675,100.0,0.009999999776482582,1.2977559566497803,0.75
2220,2.0699538406166105,139.13171187646557,42.289948432031046,100.0,0.009999999776482582,1.2918319702148438,0.75
2221,2.586015888103579,169.82417810404732,39.40427960348377,100.0,0.009999999776482582,1.7319493293762207,0.5
2222,1.7597702656512655,1.636507612545348,27.500386892498707,100.0,0.009999999776482582,1.0321893692016602,1.0
2223,2.8252852672275957,166.37650302566206,38.12666646631571,100.0,0.009999999776482582,1.6617445945739746,0.5
2224,2.2772067493476085,103.72874948480239,38.80524470545972,100.0,0.009999999776482582,1.3927206993103027,0.75
2225,2.1061677760611883,1.0696338737459683,27.901688234026153,100.0,0.009999999776482582,1.395812749862671,1.0
2226,2.4259586096023815,168.46135116360182,37.59537049086206,100.0,0.009999999776482582,1.75767183303833,0.5
2227,2.364726525924456,170.8867920260667,39.935973524700394,100.0,0.009999999776482582,1.5314147472381592,0.5
2228,2.2075148489712477,108.71902259846857,33.7788201840746,100.0,0.009999999776482582,1.608758807182312,0.75
2229,1.9846407147824967,1.01687826572701,27.571972485667832,100.0,0.009999999776482582,1.2107906341552734,1.0
2230,2.2555090626268903,128.80125367232813,38.56275730453388,100.0,0.009999999776482582,1.4322905540466309,0.75
2231,1.9602295578684903,0.753385092591433,27.84060390017357,100.0,0.009999999776482582,1.225562334060669,1.0
2232,2.4384661106288843,2.098303798043629,28.054885280173593,100.0,0.009999999776482582,1.3861885070800781,1.0
2233,2.216035433901169,1.027402389621236,27.955194379679483,100.0,0.009999999776482582,1.5681383609771729,1.0
2234,2.2390325737467713,112.48760939819692,39.726506884617976,100.0,0.009999999776482582,1.4133179187774658,0.75
2235,2.3194238554955398,1.4202859381623394,27.73380298664247,100.0,0.009999999776482582,1.4609971046447754,1.0
2236,3.1189923135990094,183.05842478753206,38.86957521424752,100.0,0.009999999776482582,2.0243592262268066,0.5
2237,1.9721326456479507,141.67961775644144,41.23379654604981,100.0,0.009999999776482582,1.1505578756332397,0.75
2238,2.3984778227796237,140.58505828877747,41.94914386375143,100.0,0.009999999776482582,1.3819305896759033,0.75
2239,2.4258690121006543,172.81891165862183,36.178421778521056,100.0,0.009999999776482582,1.4827232360839844,0.5
2240,2.695862219119809,133.27699430369398,45.36322217010335,100.0,0.009999999776482582,1.2976303100585938,0.75
2241,1.8695876044838813,0.7792611000924117,27.492471322775426,100.0,0.009999999776482582,1.083336591720581,1.0
2242,1.5501206627993322,0.014459669858893867,25.511582239048373,100.0,0.009999999776482582,0.7202494740486145,1.0
2243,2.6382446837659645,169.8446828558052,39.217786850990024,100.0,0.009999999776482582,1.5013129711151123,0.5
2244,2.5795691260264584,129.86601264708244,45.15104744300526,100.0,0.009999999776482582,1.3466408252716064,0.75
2245,1.6895097208026761,0.014037609981794031,25.521404699838218,100.0,0.009999999776482582,0.8675493597984314,1.0
2246,2.5846569595991284,123.18357629028354,36.46612869884315,100.0,0.009999999776482582,1.5582633018493652,0.75
2247,2.6255016362286407,1.8257491923468085,27.601220982980028,100.0,0.009999999776482582,1.6229982376098633,1.0
2248,1.6821682834895404,0.014125083664153147,25.485945024270315,100.0,0.009999999776482582,1.0119273662567139,1.0
2249,2.2062959609662585,0.5314453792915275,27.203568045684335,100.0,0.009999999776482582,1.142494559288025,1.0
2250,2.512074610718342,97.99933468454304,37.73114286681572,100.0,0.009999999776482582,1.552983045578003,1.0
2251,2.574360948379518,179.8000022247156,38.427467290771126,100.0,0.009999999776482582,1.64967679977417,0.5
2252,2.2005434534946136,1.2487175594206141,27.912660336634012,100.0,0.009999999776482582,1.6773059368133545,1.0
2253,2.1022514894612274,1.9710821724080019,27.74263861958291,100.0,0.009999999776482582,1.4949842691421509,1.0
2254,2.506586138125436,119.2166287730124,35.93374512696076,100.0,0.009999999776482582,1.9677977561950684,0.75
2255,2.3714000715591896,118.45610943989043,35.76621780977227,100.0,0.009999999776482582,1.396622896194458,0.75
2256,2.2601998670660355,1.554336303373605,28.822674710969633,100.0,0.009999999776482582,1.4548060894012451,1.0
2257,2.480268928048158,179.91974210319455,37.89271091006846,100.0,0.009999999776482582,1.3252589702606201,0.5
2258,2.3607365233957736,131.15774195399197,40.19693040210229,100.0,0.009999999776482582,1.4923804998397827,0.75
2259,2.3809820996769835,125.41260938143108,39.76899624745861,100.0,0.009999999776482582,1.7591915130615234,0.75
2260,1.895373212702346,0.6808745787928321,28.389862222961803,100.0,0.009999999776482582,1.1833468675613403,1.0
2261,2.723550675596167,114.07193375807826,35.56016952090168,100.0,0.009999999776482582,1.2767772674560547,0.75
2262,2.450796275308025,181.98091850377762,39.91702387996583,100.0,0.009999999776482582,1.6855418682098389,0.5
2263,1.7234848395108922,1.6346926787662857,27.726611772127594,100.0,0.009999999776482582,1.0326075553894043,1.0
2264,2.49752483410651,110.94166366304893,39.19585422186172,100.0,0.009999999776482582,1.7534172534942627,0.75
2265,2.6746940477403873,155.9905962853493,38.21568657886259,100.0,0.009999999776482582,1.5211946964263916,0.5
2266,2.164964486798424,121.45627065084535,39.024844304580476,100.0,0.009999999776482582,1.4559236764907837,0.75
2267,2.175652048096946,1.183122976398144,27.849088210901748,100.0,0.009999999776482582,1.6733300685882568,1.0
2268,2.7975956433815004,196.95969889591197,39.51353025955672,100.0,0.009999999776482582,1.818584680557251,0.25
2269,2.4563619409669193,158.78369684627947,38.76165549278239,100.0,0.009999999776482582,1.6369925737380981,0.5
2270,2.529626990015418,114.02393285024556,39.66895629193075,100.0,0.009999999776482582,1.7748663425445557,0.75
2271,2.8684515390473653,214.29312553062118,41.387852987738995,100.0,0.009999999776482582,2.1568470001220703,0.25
2272,2.6122124870548213,157.06425098570705,38.53358019787837,100.0,0.009999999776482582,1.6179953813552856,0.5
2273,2.708315487067783,179.25285758898093,41.07088388233798,100.0,0.009999999776482582,1.8319034576416016,0.5
2274,2.608979133467891,124.97784014248334,38.135611614129466,100.0,0.009999999776482582,1.4581787586212158,0.75
2275,2.2282839578968994,113.92145536898789,35.439192046239945,100.0,0.009999999776482582,1.625779628753662,0.75
2276,2.9150997883275833,201.69265400319307,40.64032260297923,100.0,0.009999999776482582,1.9034669399261475,0.25
2277,2.0030962859719956,0.7534265246039635,28.009820450893777,100.0,0.009999999776482582,1.3736716508865356,1.0
2278,1.8767913231714757,0.6542027905447713,27.828711902186566,100.0,0.009999999776482582,1.0597519874572754,1.0
2279,1.677316721845249,0.015226297252297842,25.547020661567302,100.0,0.009999999776482582,0.8830941319465637,1.0
2280,2.4015216409767284,0.5590803327789555,28.40768083090176,100.0,0.009999999776482582,0.9060794711112976,1.0
2281,1.9120772891212847,1.7419046447550197,27.702468305856613,100.0,0.009999999776482582,1.1734285354614258,1.0
2282,2.32750178785973,100.83813241831312,38.03387059374387,100.0,0.009999999776482582,1.3899662494659424,1.0
2283,2.0013956311309733,0.8372477601872527,27.723559385237724,100.0,0.009999999776482582,1.2188905477523804,1.0
2284,2.100382136094353,125.07402291587103,39.754420856176054,100.0,0.009999999776482582,1.3012348413467407,0.75
2285,2.51252634850582,159.21511811443952,37.76675727678316,100.0,0.009999999776482582,1.4965194463729858,0.75
2286,2.6192632518965415,130.1652037845556,42.71896697432231,100.0,0.009999999776482582,1.9436085224151611,0.75
2287,3.2826253225279203,233.6219472847367,41.90935589811608,100.0,0.009999999776482582,1.7635911703109741,0.25
2288,2.1384114439770117,0.7591529407553925,27.79363606141529,100.0,0.009999999776482582,1.4134907722473145,1.0
2289,1.7195895547911795,0.44139781403514894,27.946189394131544,100.0,0.009999999776482582,0.8782129287719727,1.0
2290,2.579930536548019,114.89530103878207,34.18952747391308,100.0,0.009999999776482582,1.7599871158599854,0.75
2291,2.3062673890199106,169.86815518987885,36.07467945243323,100.0,0.009999999776482582,1.7156007289886475,0.5
2292,2.342986975169576,127.69434142150185,39.05020365274463,100.0,0.009999999776482582,1.8349006175994873,0.75
2293,2.471274695907089,131.5707213500984,45.63798756328786,100.0,0.009999999776482582,1.8184502124786377,0.75
2294,2.4685116406532814,192.46340800605867,41.34804043967482,100.0,0.009999999776482582,1.543257236480713,0.5
2295,1.9421407916412918,120.16013174724901,36.78144045445499,100.0,0.009999999776482582,1.18400239944458,0.75
2296,2.528610064499015,115.36547383284845,37.67926206691461,100.0,0.009999999776482582,1.8497140407562256,0.75
2297,2.951389748521657,173.26565376156154,39.02414996983612,100.0,0.009999999776482582,1.6699713468551636,0.5
2298,2.4352854453156736,125.28110782706585,38.771066893915474,100.0,0.009999999776482582,1.39412260055542,0.75
2299,2.8661545950566585,175.0068188514423,37.3380442633927,100.0,0.009999999776482582,1.3906410932540894,0.5
2300,1.9809493580957644,106.52079910045049,33.557671349485936,100.0,0.009999999776482582,1.1840473413467407,0.75
2301,2.0769606401390264,0.80809730957029,27.684987555109206,100.0,0.009999999776482582,1.2117869853973389,1.0
2302,1.8595447372846299,0.6535968287800569,28.40256382357363,100.0,0.009999999776482582,1.214848518371582,1.0
2303,1.9739569068017848,0.6284036133655359,27.83948932413702,100.0,0.009999999776482582,1.1822500228881836,1.0
2304,2.186656744531919,122.97807223517569,39.95141227971702,100.0,0.009999999776482582,1.3045885562896729,0.75
2305,1.7991131212433198,125.57772610636584,39.885285232122705,100.0,0.009999999776482582,0.9749668836593628,0.75
2306,1.8042572126251293,0.5819658791712338,27.624081276335847,100.0,0.009999999776482582,1.0252901315689087,1.0
2307,1.8748869784299982,0.6439671976541546,27.285342432763848,100.0,0.009999999776482582,1.1968574523925781,1.0
2308,2.220218730396777,112.20794084332103,36.40645705356669,100.0,0.009999999776482582,1.5054665803909302,0.75
2309,2.1510300284163733,135.83047704918928,41.58208217063967,100.0,0.009999999776482582,1.4438450336456299,0.75
2310,2.457379447993122,120.86020260249512,42.55556073537849,100.0,0.009999999776482582,1.7498407363891602,0.75
2311,2.3750127847115508,127.97715339533589,38.380350466067746,100.0,0.009999999776482582,1.6318684816360474,0.75
2312,2.3915071589634795,120.50430565148564,38.103819183184356,100.0,0.009999999776482582,1.3896899223327637,0.75
2313,2.2709858804916565,121.98184543571263,37.895440943547044,100.0,0.009999999776482582,1.5706546306610107,0.75
2314,2.5983938668265054,154.62818463554788,40.10704322641012,100.0,0.009999999776482582,1.7994070053100586,0.5
2315,2.1600812842379136,119.96727634157149,37.98986743928647,100.0,0.009999999776482582,1.4865187406539917,0.75
2316,2.798849251956619,215.9879955932353,38.6223531338819,100.0,0.009999999776482582,1.7613011598587036,0.25
2317,2.417038347885385,165.251867944105,36.74409128146661,100.0,0.009999999776482582,1.7307509183883667,0.5
2318,2.1442851178677285,0.8161172325723187,27.469122546809746,100.0,0.009999999776482582,1.1143063306808472,1.0
2319,1.8619695866368617,0.7254496302131693,28.420555418465174,100.0,0.009999999776482582,1.1629345417022705,1.0
2320,2.2049984740336686,114.94593365761439,37.63582693528285,100.0,0.009999999776482582,1.4660139083862305,0.75
2321,2.464262440267098,107.68412181129894,37.24486118321231,100.0,0.009999999776482582,1.2416856288909912,1.0
2322,2.344232481512869,174.89508660134823,39.41504037891863,100.0,0.009999999776482582,1.7037091255187988,0.5
2323,2.890249311362164,133.61539767982043,41.71632534355724,100.0,0.009999999776482582,1.5929954051971436,0.75
2324,3.1443154813818714,168.8292245886282,36.93442666946378,100.0,0.009999999776482582,1.7030398845672607,0.5
2325,2.6391240075360236,140.12154646277503,43.8961547053517,100.0,0.009999999776482582,1.5202381610870361,0.75
2326,2.189545862579387,1.7077156362751194,27.808329517312192,100.0,0.009999999776482582,1.0336923599243164,1.0
2327,2.266870391792914,108.82391902114544,37.66602491228206,100.0,0.009999999776482582,1.3713130950927734,0.75
2328,2.435130672704441,122.85875774483397,36.556162780165145,100.0,0.009999999776482582,1.8036707639694214,0.75
2329,2.196244789925354,120.8690012010405,37.79060868455147,100.0,0.009999999776482582,1.4619174003601074,0.75
2330,2.7112256186577715,165.01103811974113,39.19316190858168,100.0,0.009999999776482582,1.8761539459228516,0.5
2331,2.6731551732332357,178.93371776537634,43.14145204845563,100.0,0.009999999776482582,1.7946966886520386,0.5
2332,2.2108160554588414,1.9815691953091812,27.762482213554662,100.0,0.009999999776482582,1.5362277030944824,1.0
2333,2.0462637890857622,123.47039486757387,35.38118214644372,100.0,0.009999999776482582,1.3238739967346191,0.75
2334,2.7721929483320147,159.89702596154322,36.745266707740804,100.0,0.009999999776482582,1.6016147136688232,0.5
2335,2.0644993662216007,127.84329974814177,41.24303042876495,100.0,0.009999999776482582,1.122267484664917,0.75
2336,2.6611578424943345,99.94781573677585,36.85208566559197,100.0,0.009999999776482582,1.233577847480774,0.75
2337,2.3546162898204552,129.32628352789095,42.06861932719943,100.0,0.009999999776482582,1.3194079399108887,0.75
2338,2.386796186621496,128.90293949064048,42.18060968702535,100.0,0.009999999776482582,1.7625058889389038,0.75
2339,1.9086310172086762,0.6501326836885873,27.839832283235552,100.0,0.009999999776482582,1.074627161026001,1.0
2340,2.368801536523961,125.79794007748724,39.65561986350431,100.0,0.009999999776482582,1.7741596698760986,0.75
2341,2.639367816297769,167.52057904306113,40.457640659070876,100.0,0.009999999776482582,1.9746240377426147,0.5
2342,2.8819258611307585,175.36922598924826,39.05518828801774,100.0,0.009999999776482582,1.5515714883804321,0.5
2343,2.875438155075545,178.63831459541512,40.532388363768405,100.0,0.009999999776482582,1.7330875396728516,0.5
2344,2.4312934159053063,103.04839240068536,36.79981191221973,100.0,0.009999999776482582,1.4098970890045166,0.75
2345,1.8829843100426658,113.98277765537954,38.40191377942325,100.0,0.009999999776482582,1.1463733911514282,0.75
2346,3.124701746932851,190.66351874248207,40.46062189139102,100.0,0.009999999776482582,1.6708509922027588,0.5
2347,2.2304789727538017,1.3828420005701811,28.40709092352959,100.0,0.009999999776482582,1.6575196981430054,1.0
2348,2.2690272844780974,115.63022753039726,41.13701324781273,100.0,0.009999999776482582,1.4696810245513916,0.75
2349,2.105379443197232,115.56002469929088,38.94473626444537,100.0,0.009999999776482582,1.128055453300476,0.75
2350,2.58115320317843,184.76364125759534,39.17855547230968,100.0,0.009999999776482582,2.0102901458740234,0.5
2351,2.6021183957508036,208.33600464303473,40.0382044841684,100.0,0.009999999776482582,1.9757252931594849,0.25
2352,2.001856974518496,119.48576497347577,38.73352580764007,100.0,0.009999999776482582,1.1433758735656738,0.75
2353,2.8186187119237442,123.81303684581356,40.12508647430035,100.0,0.009999999776482582,1.867091178894043,0.75
2354,2.220849650629754,1.101990014079699,27.349372720160197,100.0,0.009999999776482582,1.5464229583740234,1.0
2355,2.198010340339984,108.3749252735655,38.17432372908571,100.0,0.009999999776482582,1.234497308731079,1.0
2356,2.0895712978996657,1.7908016752753289,27.885833978750817,100.0,0.009999999776482582,1.3426272869110107,1.0
2357,2.18969336292284,1.2970751179689286,28.17256066240681,100.0,0.009999999776482582,1.5056095123291016,1.0
2358,2.0250611909118006,118.99238497782012,36.58940214201048,100.0,0.009999999776482582,1.1808459758758545,0.75
2359,2.055073206113439,134.80038931471591,37.7419138104275,100.0,0.009999999776482582,1.2823964357376099,0.75
2360,2.0550280632333866,114.47550995268753,35.86536530298069,100.0,0.009999999776482582,1.2928760051727295,0.75
2361,1.9036448388139133,0.7733650878694741,28.43156905293743,100.0,0.009999999776482582,1.1946040391921997,1.0
2362,1.8446733076632458,0.791159699034927,27.47560404866637,100.0,0.009999999776482582,1.0185860395431519,1.0
2363,2.4328404418859364,103.33971499179347,36.71344719407464,100.0,0.009999999776482582,1.5734927654266357,0.75
2364,2.118576473436663,1.0265158697048724,27.7676604193808,100.0,0.009999999776482582,1.3536746501922607,1.0
2365,2.4470103542571575,0.8405115040797311,27.544770205538168,100.0,0.009999999776482582,1.6837903261184692,1.0
2366,2.439208215856178,169.69396356899503,41.71131248180609,100.0,0.009999999776482582,1.361329197883606,0.5
2367,1.868577630785596,0.9404344312900496,27.438834837775122,100.0,0.009999999776482582,1.0658211708068848,1.0
2368,2.5130530082943143,120.0001845423617,37.68561215466908,100.0,0.009999999776482582,1.527899980545044,0.75
2369,2.176537808259305,1.3870243234173638,27.417577897128165,100.0,0.009999999776482582,1.512974739074707,1.0
2370,2.3626566207122237,2.0149825373667225,28.13572328509483,100.0,0.009999999776482582,1.3172857761383057,1.0
2371,2.2027481878562756,1.677888570238495,27.69493345225052,100.0,0.009999999776482582,1.55299973487854,1.0
2372,1.8808168429261924,125.84336102316892,40.638612767387926,100.0,0.009999999776482582,0.9813644289970398,0.75
2373,2.00113447311023,0.7076637632209621,27.216096349263886,100.0,0.009999999776482582,1.208112359046936,1.0
2374,2.335934061074845,121.77549216301578,40.35805465739157,100.0,0.009999999776482582,1.6296756267547607,0.75
2375,2.2224493980664692,116.87858771945668,35.693535554134414,100.0,0.009999999776482582,1.4860217571258545,0.75
2376,2.6253871131586717,172.7091624873357,36.60465835975815,100.0,0.009999999776482582,1.894456148147583,0.5
2377,2.192738781528522,126.9022114164738,41.79876781694848,100.0,0.009999999776482582,1.304722547531128,0.75
2378,2.395032259721234,128.19816929313671,42.86619732810235,100.0,0.009999999776482582,0.9996271729469299,0.75
2379,2.315131445901323,117.37737859330618,38.270033213015274,100.0,0.009999999776482582,1.6272697448730469,0.75
2380,2.621359407907824,1.169079768368813,27.513212669105055,100.0,0.009999999776482582,1.1939266920089722,1.0
2381,2.651124113934602,179.40661229448176,38.35211821504418,100.0,0.009999999776482582,1.8773021697998047,0.5
2382,2.728482777203069,205.85949202472514,39.9003916096631,100.0,0.009999999776482582,1.9346975088119507,0.25
2383,2.6024551467367885,166.89293670748194,38.00931355745644,100.0,0.009999999776482582,1.5615798234939575,0.5
2384,1.6006103304218113,0.012075795159954683,25.18817136476801,100.0,0.009999999776482582,0.7252751588821411,1.0
2385,2.419021870242275,132.41154019913805,39.60593600039952,100.0,0.009999999776482582,1.428627848625183,0.75
2386,2.4282257668571665,170.7266481209644,37.11315674764723,100.0,0.009999999776482582,1.762963891029358,0.5
2387,2.337736932782566,139.23346982216063,39.24680095453647,100.0,0.009999999776482582,1.7662842273712158,0.75
2388,1.9149812993519402,1.3254728797252282,27.429065984450137,100.0,0.009999999776482582,1.0461440086364746,1.0
2389,2.95755973772922,157.56910407920319,38.05187400382111,100.0,0.009999999776482582,1.799147605895996,0.5
2390,3.0263798721265522,201.24827292470422,38.383849642858436,100.0,0.009999999776482582,1.8106039762496948,0.25
2391,2.618564992230759,118.12768869460685,39.130859084892435,100.0,0.009999999776482582,1.7160242795944214,0.75
2392,2.287361238351478,1.4029715078355682,27.510036580047622,100.0,0.009999999776482582,1.516606330871582,1.0
2393,2.4554458177236342,106.94327262080277,37.49368032953779,100.0,0.009999999776482582,1.167260766029358,0.75
2394,2.1496022171983795,1.1466042872266953,28.505795418444006,100.0,0.009999999776482582,1.5016677379608154,1.0
2395,1.6421913338869851,0.012524771110835229,25.164413636209964,100.0,0.009999999776482582,0.8659133315086365,1.0
2396,2.1499797581021003,0.9219590162306501,27.5508928188944,100.0,0.009999999776482582,1.402806282043457,1.0
2397,2.4655779130217312,174.24819872369676,38.62193722816547,100.0,0.009999999776482582,1.3354027271270752,0.5
2398,2.6838941720988916,175.51643482304104,38.70784028640043,100.0,0.009999999776482582,1.7863099575042725,0.5
2399,2.661509482508024,123.15112205831521,40.02401888685825,100.0,0.009999999776482582,1.2840993404388428,0.75
2400,2.242883386606461,100.48047107652603,37.86423063843411,100.0,0.009999999776482582,1.2499468326568604,0.75
2401,2.051569718045663,112.84323594359992,35.21900248612309,100.0,0.009999999776482582,1.3482415676116943,0.75
2402,1.755278259031862,0.012003441846371626,25.171987437105198,100.0,0.009999999776482582,0.8852329254150391,1.0
2403,2.3535157456267517,152.59340967264504,36.871875378735425,100.0,0.009999999776482582,1.3526711463928223,0.5
2404,2.6087421691869936,172.0977677993109,38.05756136812871,100.0,0.009999999776482582,1.7340537309646606,0.5
2405,2.081186924188581,132.05211803423626,43.58890433592649,100.0,0.009999999776482582,1.1507171392440796,0.75
2406,2.1197046554557204,109.94833041565388,34.547344461241885,100.0,0.009999999776482582,1.2990459203720093,0.75
2407,2.440194381701571,121.18310208558297,40.007456372818524,100.0,0.009999999776482582,1.5920977592468262,0.75
2408,1.9209000772747433,0.012248740477835793,25.17649775289026,100.0,0.009999999776482582,1.0404011011123657,1.0
2409,2.2294144102129336,1.4251353095871424,27.551369127246357,100.0,0.009999999776482582,1.5355961322784424,1.0
2410,2.17313735943832,1.567113270705891,28.86345402612192,100.0,0.009999999776482582,1.2747161388397217,1.0
2411,1.7926823247097974,0.5902898711366682,27.701396138395527,100.0,0.009999999776482582,1.0270960330963135,1.0
2412,2.3035880775482145,1.572859763214736,28.85788334944845,100.0,0.009999999776482582,1.4681425094604492,1.0
2413,2.545091408824164,228.49786751440038,40.69633693729826,100.0,0.009999999776482582,1.7911425828933716,0.25
2414,2.3097886830318313,120.83173838036357,39.00889618597983,100.0,0.009999999776482582,1.2565813064575195,0.75
2415,2.5984311135020866,133.7758435636875,45.11113978049313,100.0,0.009999999776482582,1.4371178150177002,0.75
2416,1.7439464643897529,0.6230132319601115,28.05731748825056,100.0,0.009999999776482582,0.881298840045929,1.0
2417,1.9219676996902204,117.3106209035391,35.843293592272396,100.0,0.009999999776482582,1.1202890872955322,0.75
2418,1.8874915086849489,0.7941627800470822,27.491101421342183,100.0,0.009999999776482582,1.2114415168762207,1.0
2419,2.2629874161058936,139.96555550530724,41.92246815813325,100.0,0.009999999776482582,1.4577016830444336,0.75
2420,2.037115252656689,1.5261382093369642,27.535673449336436,100.0,0.009999999776482582,1.3270878791809082,1.0
2421,2.7630371776070284,189.27136478645028,40.69974922567341,100.0,0.009999999776482582,1.7023365497589111,0.5
2422,2.2025032959516087,153.38307222938923,44.16265624168583,100.0,0.009999999776482582,1.445502519607544,0.75
2423,2.1338168319118913,115.9473634613999,35.76777715865824,100.0,0.009999999776482582,1.4429572820663452,0.75
2424,2.8900200379964893,133.8055922274052,46.74988997406707,100.0,0.009999999776482582,1.7951111793518066,0.75
2425,3.2823968724705566,200.33945757603271,40.982475785921906,100.0,0.009999999776482582,1.4593524932861328,0.5
2426,2.3086131250842015,115.46698469557457,37.15106869933918,100.0,0.009999999776482582,1.4514551162719727,0.75
2427,1.8238763043418977,0.8147879836699958,27.191426931890028,100.0,0.009999999776482582,1.0432430505752563,1.0
2428,2.8733264321027594,0.9856143001758784,27.585167917592027,100.0,0.009999999776482582,1.4251749515533447,1.0
2429,2.418634173951601,128.0210007990909,39.932607548245514,100.0,0.009999999776482582,1.7782928943634033,0.75
2430,2.6439016376048117,193.04239097114942,39.921700484296764,100.0,0.009999999776482582,1.477909803390503,0.5
2431,2.0630830646782625,1.0839351739604786,27.28783019361997,100.0,0.009999999776482582,1.1833335161209106,1.0
2432,3.0791463768041485,224.8413978569229,40.764387248382214,100.0,0.009999999776482582,2.168229341506958,0.25
2433,2.4791377310671665,116.97860077280967,34.032894840759404,100.0,0.009999999776482582,1.2774213552474976,0.75
2434,2.485883419034837,134.09593582425157,41.092064428385285,100.0,0.009999999776482582,1.6002633571624756,0.75
2435,2.7571059884690436,128.1985954695783,36.71850596840747,100.0,0.009999999776482582,1.8977773189544678,0.75
2436,2.0753529985101733,0.8271702718879459,27.15367822294604,100.0,0.009999999776482582,1.2439746856689453,1.0
2437,2.823187056500116,138.40502912909156,37.69593936538628,100.0,0.009999999776482582,1.7543972730636597,0.5
2438,2.4991029729087333,126.04321373603752,37.684171484148315,100.0,0.009999999776482582,1.7095444202423096,0.75
2439,1.9992251829748113,0.7000244699994256,27.27836063112677,100.0,0.009999999776482582,1.2176289558410645,1.0
2440,2.2981909840755534,120.38995552493402,36.69361426710912,100.0,0.009999999776482582,1.466543197631836,0.75
2441,2.4151502599066546,181.26575258334398,39.475436218111035,100.0,0.009999999776482582,1.8685296773910522,0.5
2442,2.3611622113341166,187.8607414810047,39.612916853403526,100.0,0.009999999776482582,1.684788703918457,0.5
2443,1.912585069636732,0.5696196690138322,26.896729527214873,100.0,0.009999999776482582,1.1911033391952515,1.0
2444,2.395552288621094,122.03249193285652,41.23611956794907,100.0,0.009999999776482582,1.6469565629959106,0.75
2445,1.856199602235053,0.011948270064101572,25.12948114595306,100.0,0.009999999776482582,1.0125749111175537,1.0
2446,1.9049026263961262,0.5465968424354806,26.873666714642308,100.0,0.009999999776482582,1.205159068107605,1.0
2447,2.088972976492865,1.132527039837793,27.410218825418585,100.0,0.009999999776482582,1.345038652420044,1.0
2448,2.425924252939738,132.54460050903734,41.70904830349508,100.0,0.009999999776482582,1.3835601806640625,0.75
2449,2.6018663370037323,205.88575129956698,36.721175666368715,100.0,0.009999999776482582,1.8522214889526367,0.25
2450,2.550248242215778,164.24549050009432,35.89805033384449,100.0,0.009999999776482582,1.8833571672439575,0.5
2451,1.6134254353353756,0.010975848878635881,25.003686157217345,100.0,0.009999999776482582,0.7284213900566101,1.0
2452,2.6986433955602314,149.96987020697014,42.85398053634617,100.0,0.009999999776482582,1.255753755569458,0.75
2453,1.7889090840175492,121.07841049229643,36.63176557849347,100.0,0.009999999776482582,0.9460440278053284,0.75
2454,2.4690095082494765,187.62133317212013,40.23178378966713,100.0,0.009999999776482582,1.715927243232727,0.5
2455,3.1786376443071447,182.96348671249086,41.795119001334605,100.0,0.009999999776482582,1.8546444177627563,0.5
2456,2.550057673438944,1.8959285534073946,27.899133915974193,100.0,0.009999999776482582,1.3380026817321777,1.0
2457,1.7575455901579937,0.011512247200246151,25.070244510412117,100.0,0.009999999776482582,0.8728321194648743,1.0
2458,3.226183414974807,130.7299503662165,39.51710733914361,100.0,0.009999999776482582,1.7133748531341553,0.75
2459,2.5582401066810774,107.31736761469273,38.54620363925283,100.0,0.009999999776482582,1.1882195472717285,0.75
2460,1.873876101679515,117.8650527283043,36.550103856531784,100.0,0.009999999776482582,1.0963081121444702,0.75
2461,2.463570384282424,107.23665561474984,38.45087183777169,100.0,0.009999999776482582,1.5431106090545654,1.0
2462,2.1573312765163215,144.7191724813491,40.04981522652824,100.0,0.009999999776482582,1.4135518074035645,0.75
2463,2.0074065659232674,0.7810913735773176,27.068234568272874,100.0,0.009999999776482582,1.212045431137085,1.0
2464,2.635246968034364,134.28519557094654,46.655175693091856,100.0,0.009999999776482582,1.6179826259613037,0.75
2465,3.410205496213396,237.91154397721525,40.736544869511185,100.0,0.009999999776482582,2.1600077152252197,0.25
2466,2.1679193396632384,131.6704123563249,40.98003701028994,100.0,0.009999999776482582,1.060015320777893,0.75
2467,2.8867928017923017,114.04407787420251,39.44147136774043,100.0,0.009999999776482582,1.4648659229278564,0.75
2468,1.8900347434343763,0.541299378885854,28.07205794441914,100.0,0.009999999776482582,1.051062822341919,1.0
2469,2.7923801215478545,162.63548234658893,36.695864310448094,100.0,0.009999999776482582,2.0616488456726074,0.5
2470,2.337618492727043,1.2136503378906764,27.94864854841345,100.0,0.009999999776482582,1.8516933917999268,1.0
2471,2.246124474442295,0.853979525776141,27.447986090906195,100.0,0.009999999776482582,1.7001458406448364,1.0
2472,2.4929113279485593,173.16555591349842,37.91850843984101,100.0,0.009999999776482582,1.8680089712142944,0.5
2473,2.3087539948919904,123.41957393193377,43.48288846826821,100.0,0.009999999776482582,1.3959680795669556,0.75
2474,2.8998378036914865,124.03218568342061,44.586560507310736,100.0,0.009999999776482582,1.724354863166809,0.75
2475,2.3663528097055733,121.88550076588724,42.356972198486865,100.0,0.009999999776482582,1.4790620803833008,0.75
2476,1.921269438590106,0.5107625935175978,27.53356236283502,100.0,0.009999999776482582,1.019547939300537,1.0
2477,2.562707126089062,189.6446544541498,42.27785926853758,100.0,0.009999999776482582,1.7278287410736084,0.5
2478,2.03101383302641,0.8885078307567148,27.41107490106479,100.0,0.009999999776482582,1.0406148433685303,1.0
2479,2.560794344484569,199.84596058432254,37.06427713825517,100.0,0.009999999776482582,1.7559560537338257,0.25
2480,2.4865630086553034,131.97217569482171,43.638053528201816,100.0,0.009999999776482582,1.5682214498519897,0.75
2481,2.3616506030067264,124.18657225575677,38.973001889663344,100.0,0.009999999776482582,1.5952370166778564,0.75
2482,2.6479130739906265,119.81026104918979,39.29296712467056,100.0,0.009999999776482582,1.5985960960388184,0.75
2483,2.404297837425984,115.09999139637502,39.71207742016642,100.0,0.009999999776482582,1.4252415895462036,0.75
2484,2.0302645473287875,127.1178626196602,39.74999737849646,100.0,0.009999999776482582,1.1195330619812012,0.75
2485,2.633143996091488,218.44964937559755,38.86096573385889,100.0,0.009999999776482582,1.8089134693145752,0.25
2486,2.332297414370186,178.2744731436389,41.177033250983015,100.0,0.009999999776482582,1.4487299919128418,0.5
2487,3.2681226670913097,223.21846628411083,39.820969655298484,100.0,0.009999999776482582,1.7145837545394897,0.25
2488,1.6902071365932705,0.3703555351683585,27.56351542723887,100.0,0.009999999776482582,0.8591614961624146,1.0
2489,2.212034699188923,118.31399989776038,37.04390357141195,100.0,0.009999999776482582,1.463080644607544,0.75
2490,2.2663942914236945,119.73946237306502,36.02186428405991,100.0,0.009999999776482582,1.4724299907684326,0.75
2491,1.8512819318556921,0.012375833141515163,25.051499315591553,100.0,0.009999999776482582,1.0512068271636963,1.0
2492,2.237997515825093,130.00955165278222,46.294723700094615,100.0,0.009999999776482582,1.216557264328003,0.75
2493,2.701482406537622,163.3262852107199,37.774269109150374,100.0,0.009999999776482582,1.818566083908081,0.75
2494,2.1862257696046936,121.23232995941679,36.761412187534354,100.0,0.009999999776482582,1.3102182149887085,0.75
2495,2.857816548998252,118.33468165978933,38.64115690136019,100.0,0.009999999776482582,1.7411401271820068,0.75
2496,2.913955578132014,170.18294526460187,36.385897024472044,100.0,0.009999999776482582,1.8901562690734863,0.5
2497,2.7127889586005423,183.24162961431566,40.27386053433314,100.0,0.009999999776482582,1.9263999462127686,0.5
2498,2.067089372564909,131.42315025306974,41.10893647396488,100.0,0.009999999776482582,1.2757947444915771,0.75
2499,2.4538364123130645,97.20733951433344,36.57000789579599,100.0,0.009999999776482582,1.5458123683929443,1.0
2500,2.345682549908114,1.2547316639215302,27.3846604898846,100.0,0.009999999776482582,1.6962193250656128,1.0
2501,1.923813855876884,0.5614935001355872,28.06340125343991,100.0,0.009999999776482582,1.1950466632843018,1.0
2502,2.8069524793604113,132.13090111124166,40.11163747445398,100.0,0.009999999776482582,1.814661979675293,0.75
2503,2.0477452583388254,0.8105189738283186,27.62675200738753,100.0,0.009999999776482582,1.3720287084579468,1.0
2504,1.7246712032013825,0.5567019390254646,28.03467566546403,100.0,0.009999999776482582,0.858180046081543,1.0
2505,2.4382908301941004,127.58817182402592,41.39346988907934,100.0,0.009999999776482582,1.5722662210464478,0.75
2506,2.1354620607836923,0.7789546861620982,27.461477772601437,100.0,0.009999999776482582,1.1461352109909058,1.0
2507,2.698344980776414,159.41403831710528,37.8056952724834,100.0,0.009999999776482582,1.5802372694015503,0.5
2508,2.7393902101523278,115.57538785121974,38.29831609103059,100.0,0.009999999776482582,1.7673856019973755,0.75
2509,2.0739712608051044,0.5982091879904952,27.645461008691804,100.0,0.009999999776482582,0.9609742760658264,1.0
2510,2.5139354031461587,185.43247547298245,40.91355213267862,100.0,0.009999999776482582,1.8603243827819824,0.5
2511,2.609787836436288,112.62714690898764,37.628877054565244,100.0,0.009999999776482582,1.9513670206069946,0.75
2512,2.4568006175166532,181.65478299440525,42.40312851017885,100.0,0.009999999776482582,1.660653829574585,0.5
2513,2.058638713027708,0.5116134767395534,27.303745137903547,100.0,0.009999999776482582,1.208781123161316,1.0
2514,1.803449004268221,0.5554840009993085,27.996892869120035,100.0,0.009999999776482582,1.0466938018798828,1.0
2515,2.6298610268595333,129.29860804884314,40.559826466911,100.0,0.009999999776482582,1.7275640964508057,0.75
2516,2.2858068586530003,2.1579197765791487,27.56090054025391,100.0,0.009999999776482582,1.678004264831543,1.0
2517,2.709005740237196,174.34422968510327,40.5234976474586,100.0,0.009999999776482582,1.8611257076263428,0.5
2518,2.3189481031221,116.39398936620543,35.568956923283075,100.0,0.009999999776482582,1.6531994342803955,0.75
2519,2.050813657598223,139.91359561005171,41.739421028287715,100.0,0.009999999776482582,1.1316425800323486,0.75
2520,2.448896676268168,173.887770714525,35.68755020650558,100.0,0.009999999776482582,1.3773674964904785,0.5
2521,2.444243847005797,181.55660491531523,41.01251450916794,100.0,0.009999999776482582,1.7100508213043213,0.5
2522,2.9120701314532105,176.2240115672842,37.85672733194736,100.0,0.009999999776482582,1.5666818618774414,0.5
2523,2.2926519284796623,182.4844882472261,40.97477288631714,100.0,0.009999999776482582,1.527961015701294,0.5
2524,2.275356665233648,172.93213850327882,38.38654009636246,100.0,0.009999999776482582,1.5123937129974365,0.5
2525,3.059021493376668,180.73900077710312,40.288997488900776,100.0,0.009999999776482582,1.7444449663162231,0.5
2526,2.2508591107685403,120.61801379317762,40.29531675490188,100.0,0.009999999776482582,1.4585449695587158,0.75
2527,2.7489867102753234,182.86786182879217,39.88519167919243,100.0,0.009999999776482582,1.7017874717712402,0.5
2528,2.54769476977356,158.3244744560413,38.24973165223542,100.0,0.009999999776482582,1.6867539882659912,0.75
2529,2.6890025409125418,220.01755612654472,39.04177940334778,100.0,0.009999999776482582,2.134103298187256,0.25
2530,1.814569066154321,0.4914780812572857,27.256874166196813,100.0,0.009999999776482582,1.0409173965454102,1.0
2531,2.276773105573647,122.89796191088033,43.665410708021774,100.0,0.009999999776482582,1.2413854598999023,0.75
2532,2.2038350397352175,130.91910983994939,39.992258804513376,100.0,0.009999999776482582,1.4823296070098877,0.75
2533,2.5239816860947957,126.61298427379383,41.70599776742333,100.0,0.009999999776482582,1.3779022693634033,0.75
2534,2.216046031455484,184.05717698015124,40.69563397756479,100.0,0.009999999776482582,1.4112038612365723,0.5
2535,2.5672334101083893,133.6128784442891,37.98020969278419,100.0,0.009999999776482582,1.957547664642334,0.75
2536,1.8401923991151343,0.6451431631991709,28.058479382806528,100.0,0.009999999776482582,1.0556037425994873,1.0
2537,3.242201051760913,165.26424790799334,39.26456175856456,100.0,0.009999999776482582,1.7695338726043701,0.75
2538,2.0392969336576097,113.30418624785831,38.41063722561436,100.0,0.009999999776482582,1.1533682346343994,0.75
2539,2.1370101653561884,0.8406877617198335,27.24449562586181,100.0,0.009999999776482582,1.1065263748168945,1.0
2540,3.2071761299010113,179.7722233905602,38.65568595582671,100.0,0.009999999776482582,1.6823703050613403,0.5
2541,2.7416984735007643,142.00466543516242,40.15005960720712,100.0,0.009999999776482582,1.731421709060669,0.75
2542,2.3820461213422615,124.9324677266208,40.38624801848576,100.0,0.009999999776482582,1.111795425415039,0.75
2543,2.5720752330359176,181.93971279244795,39.10923777193109,100.0,0.009999999776482582,1.8584879636764526,0.5
2544,2.2064004087189244,134.80311724952585,39.70021320397357,100.0,0.009999999776482582,1.063075304031372,0.75
2545,2.741927192696542,153.86976615258607,37.644191440094424,100.0,0.009999999776482582,1.966399908065796,0.5
2546,2.4001789426072446,169.27090803408294,39.026157845494524,100.0,0.009999999776482582,1.3862355947494507,0.5
2547,1.851610701159195,0.013153816963954,24.989846193251296,100.0,0.009999999776482582,1.0481964349746704,1.0
2548,2.542182867794663,137.38942294035246,45.33429911516437,100.0,0.009999999776482582,1.4677895307540894,0.75
2549,2.5327704964159605,92.45822812739745,32.595651727604135,100.0,0.009999999776482582,1.477765440940857,1.0
2550,1.9753500038156706,0.3640276232323747,26.394844531008378,100.0,0.009999999776482582,1.0722143650054932,1.0
2551,1.8828741747685243,0.557595792466895,27.60272457599344,100.0,0.009999999776482582,1.0548276901245117,1.0
2552,2.293430023645233,1.237676387895001,27.20061892591608,100.0,0.009999999776482582,1.2593660354614258,1.0
2553,1.9474340030668364,129.3678040525836,39.55500246101755,100.0,0.009999999776482582,0.9677258729934692,0.75
2554,2.710072549210877,101.93465608311821,37.92403443670757,100.0,0.009999999776482582,1.5584341287612915,0.75
2555,2.7090088496035345,138.7179327461199,45.413205606501705,100.0,0.009999999776482582,1.3838896751403809,0.75
2556,2.2843380328195506,142.07959023031705,46.07272266605656,100.0,0.009999999776482582,1.109405517578125,0.75
2557,2.821000597279366,157.63873458176184,36.771199862952564,100.0,0.009999999776482582,1.736279010772705,0.75
2558,2.857968002237108,153.1782006174865,39.669741091668634,100.0,0.009999999776482582,1.6233766078948975,0.75
2559,2.3950259492079824,170.26471175780955,37.40523456048263,100.0,0.009999999776482582,1.3299548625946045,0.5
2560,1.9858226937474301,0.519936638639052,27.90054099439877,100.0,0.009999999776482582,1.197627305984497,1.0
2561,1.7718300971217462,0.5204316430012178,27.51703980794976,100.0,0.009999999776482582,0.8990916013717651,1.0
2562,2.238777176237885,0.7791309059351432,27.19128814080282,100.0,0.009999999776482582,1.526519775390625,1.0
2563,2.151973223636585,0.6415709031161061,27.53470329488896,100.0,0.009999999776482582,1.3032028675079346,1.0
2564,2.435050610229896,91.50037301379307,32.28753965063528,100.0,0.009999999776482582,1.5730026960372925,1.0
2565,2.4887533872234697,111.7325357349702,38.35213851596346,100.0,0.009999999776482582,1.479866862297058,0.75
2566,2.304479377913871,146.13618016985055,41.29187886376541,100.0,0.009999999776482582,1.4469139575958252,0.75
2567,1.7998053352637906,0.009623008628741764,24.80572962575631,100.0,0.009999999776482582,1.035631537437439,1.0
2568,2.1230870701591047,0.45693282387750966,27.38802705074171,100.0,0.009999999776482582,1.21061110496521,1.0
2569,2.2311871466342983,0.6140937777386224,27.316499847519225,100.0,0.009999999776482582,1.5417118072509766,1.0
2570,2.0528107818730574,0.6585158438485379,27.577807976865977,100.0,0.009999999776482582,1.349174976348877,1.0
2571,1.6959852971025866,0.008684238101361184,24.774040625788817,100.0,0.009999999776482582,0.8402497172355652,1.0
2572,2.8542204205365196,211.9742282010134,39.36384575794333,100.0,0.009999999776482582,2.1708250045776367,0.25
2573,2.7147597118050992,184.86059674546644,38.67044574220782,100.0,0.009999999776482582,1.6840126514434814,0.5
2574,1.682762180824449,0.008850822746214885,24.757042411845934,100.0,0.009999999776482582,0.8700283765792847,1.0
2575,2.6566569704790837,170.91560284505456,36.446622034578795,100.0,0.009999999776482582,1.541384220123291,0.5
2576,2.2987065275110847,176.2025241978336,36.683396754577856,100.0,0.009999999776482582,1.5751296281814575,0.5
2577,2.327852655111384,118.08275688182917,36.67353600760376,100.0,0.009999999776482582,1.6089160442352295,0.75
2578,2.701912114077214,115.38787734046042,33.99572666668241,100.0,0.009999999776482582,1.4582288265228271,0.75
2579,2.4285709329030634,139.87875585738783,40.34605428572348,100.0,0.009999999776482582,1.3598061800003052,0.75
2580,1.7423806875421723,0.009418853250237181,24.829138734744927,100.0,0.009999999776482582,0.870777428150177,1.0
2581,2.2017692271136116,177.96885322592973,37.29378571522916,100.0,0.009999999776482582,1.3997087478637695,0.5
2582,2.2751583197390026,118.99351895148835,35.88241027222029,100.0,0.009999999776482582,1.2342815399169922,0.75
2583,2.5614599123576878,129.4786198372466,44.50227659135544,100.0,0.009999999776482582,1.459167242050171,0.75
2584,2.3217037264154223,129.2775728068923,39.00030038081953,100.0,0.009999999776482582,1.4898290634155273,0.75
2585,2.6108204907902954,163.50791783702778,36.56610152549549,100.0,0.009999999776482582,1.8730964660644531,0.5
2586,2.2706026775912793,1.3875128080349157,27.329670925642912,100.0,0.009999999776482582,1.5454630851745605,1.0
2587,2.136884169767408,111.59989281752145,33.82256771455773,100.0,0.009999999776482582,1.4145681858062744,0.75
2588,2.972870372121544,127.28408384461626,43.58393412315381,100.0,0.009999999776482582,1.738437294960022,0.75
2589,2.231536436105019,120.68644498274676,37.50432838744178,100.0,0.009999999776482582,1.0834213495254517,0.75
2590,2.5556451784710728,134.70944781236088,40.07412202932467,100.0,0.009999999776482582,1.6143107414245605,0.75
2591,3.171423312555875,196.34644586399284,41.099824291595894,100.0,0.009999999776482582,1.7224936485290527,0.5
2592,1.7986318763485842,0.3393076771358902,26.853759785571132,100.0,0.009999999776482582,1.012387752532959,1.0
2593,3.124574866848452,214.52166669700094,40.06915842096779,100.0,0.009999999776482582,2.041102886199951,0.25
2594,2.4052070824217746,126.11616830121676,39.69562654514864,100.0,0.009999999776482582,1.551018238067627,0.75
2595,1.8404386155745422,0.6158536649323588,27.989112420332056,100.0,0.009999999776482582,1.056800365447998,1.0
2596,1.930309820766035,0.5542807542193902,27.920676204897166,100.0,0.009999999776482582,1.189186453819275,1.0
2597,2.469834411526936,177.32743273028163,36.96843460176368,100.0,0.009999999776482582,1.7497105598449707,0.5
2598,2.6359388385452664,173.4401163614357,39.651096968354956,100.0,0.009999999776482582,2.010373592376709,0.5
2599,2.8876086826121035,127.84011309057485,40.79560274261047,100.0,0.009999999776482582,1.773292064666748,0.75
2600,2.004720613302659,0.010242484291500818,24.814617586319567,100.0,0.009999999776482582,1.0611040592193604,1.0
2601,2.2454558467593957,124.3903178453883,36.65510873641518,100.0,0.009999999776482582,1.499246597290039,0.75
2602,2.2697815392457747,0.7698875237621755,27.014567031742537,100.0,0.009999999776482582,1.5219767093658447,1.0
2603,2.3685988154310667,134.61926170461922,44.60086000721562,100.0,0.009999999776482582,1.6078028678894043,0.75
2604,2.795865204418429,168.33750592075629,43.08398999401487,100.0,0.009999999776482582,1.6559900045394897,0.75
2605,2.448050516691053,133.36875036646083,41.105405521226224,100.0,0.009999999776482582,1.663466215133667,0.75
2606,2.0384260127557807,0.2729609680409782,26.098617727154934,100.0,0.009999999776482582,1.2066459655761719,1.0
2607,2.84171233617787,182.11788314460566,38.71842431557017,100.0,0.009999999776482582,1.888339638710022,0.5
2608,2.2823010699909196,132.48613568188185,41.0787676173823,100.0,0.009999999776482582,1.4633314609527588,0.75
2609,2.3954875377290494,136.68513732197252,40.86445927011281,100.0,0.009999999776482582,1.7614717483520508,0.75
2610,1.8981784928048615,0.009649563768433551,24.738199391520155,100.0,0.009999999776482582,1.037502408027649,1.0
2611,2.1905694128397486,130.51092905425043,39.85754450534686,100.0,0.009999999776482582,1.4409466981887817,0.75
2612,2.2336282902583076,0.6229386473638674,27.713361698966573,100.0,0.009999999776482582,1.5302881002426147,1.0
2613,2.634469446639338,197.58129163602985,40.68366418918536,100.0,0.009999999776482582,1.6452960968017578,0.5
2614,2.2070930984468986,0.6283245960182331,26.97944286675088,100.0,0.009999999776482582,1.3769938945770264,1.0
2615,2.4208375748625452,107.0442201948658,39.56277088763561,100.0,0.009999999776482582,1.2496390342712402,0.75
2616,2.238297571490513,96.40239497561207,38.695334127606806,100.0,0.009999999776482582,1.2157931327819824,0.75
2617,2.545778934251508,180.26807735677076,40.94355024101507,100.0,0.009999999776482582,1.4886280298233032,0.5
2618,2.169660347096577,117.21271892589348,35.66212985025961,100.0,0.009999999776482582,1.1589009761810303,0.75
2619,2.892629570804044,201.32717644605074,39.47047306789126,100.0,0.009999999776482582,2.0590295791625977,0.25
2620,2.222067470931223,1.4317182333203666,27.599918814005882,100.0,0.009999999776482582,1.4887654781341553,1.0
2621,2.560291702564208,118.78533602811964,43.49477618890551,100.0,0.009999999776482582,1.5854119062423706,0.75
2622,1.8383886940902627,0.3452319374378661,26.253189349202746,100.0,0.009999999776482582,1.0460411310195923,1.0
2623,2.2481601367210238,0.7844449212127912,26.75619109527073,100.0,0.009999999776482582,1.2948918342590332,1.0
2624,2.608764970276345,191.3296622534077,42.0812608206229,100.0,0.009999999776482582,1.4863312244415283,0.5
2625,2.154274770665524,120.93139074891145,40.31853622884647,100.0,0.009999999776482582,1.2807016372680664,0.75
2626,2.9133686694068945,183.42021333433962,42.68997249877412,100.0,0.009999999776482582,1.5774644613265991,0.5
2627,1.8528785100558163,1.244150217219569,27.312544594873373,100.0,0.009999999776482582,1.0490802526474,1.0
2628,2.3005743007407506,0.7416227873417128,27.113064446264758,100.0,0.009999999776482582,1.3670825958251953,1.0
2629,1.7489739346469295,0.00797422027847154,24.614725002404377,100.0,0.009999999776482582,0.8604828119277954,1.0
2630,2.6584268255487564,192.75115619452268,38.68630802621706,100.0,0.009999999776482582,1.7123173475265503,0.25
2631,2.4901577367600907,176.4420977102971,36.32127389589074,100.0,0.009999999776482582,1.6973545551300049,0.5
2632,2.1182446590735493,133.05588338001536,40.69950816911089,100.0,0.009999999776482582,1.1471960544586182,0.75
2633,2.5428022584908976,174.14968783353575,39.07909337844908,100.0,0.009999999776482582,1.8412050008773804,0.5
2634,2.1788086409541747,97.38192980614949,36.50954439891191,100.0,0.009999999776482582,1.204195261001587,0.75
2635,2.172985373024057,138.67969060806556,40.337512129170655,100.0,0.009999999776482582,1.3062057495117188,0.75
2636,2.1671913791227837,122.20638504293053,35.97901451857294,100.0,0.009999999776482582,1.4228336811065674,0.75
2637,2.2919698142337506,128.7824900515508,39.62831678968564,100.0,0.009999999776482582,1.4653220176696777,0.75
2638,2.392665621808308,119.80003721646791,38.69185248639516,100.0,0.009999999776482582,1.7958604097366333,0.75
2639,2.7279393582048197,126.8497607500009,39.38403548688622,100.0,0.009999999776482582,1.589215874671936,0.75
2640,1.741113876710212,0.008247186749930285,24.559330586290482,100.0,0.009999999776482582,0.868004560470581,1.0
2641,2.2570965345625034,116.56008581179648,34.947848479675955,100.0,0.009999999776482582,1.4421110153198242,0.75
2642,2.151604069263927,0.6820650829915893,27.577914235651374,100.0,0.009999999776482582,1.3491498231887817,1.0
2643,1.937104682313361,0.7082792997457437,26.690892795492037,100.0,0.009999999776482582,1.1844829320907593,1.0
2644,2.044444999758101,123.39210457318953,38.71525606182651,100.0,0.009999999776482582,1.2999087572097778,0.75
2645,2.4957570343975446,131.05409882462357,40.80060560108727,100.0,0.009999999776482582,1.5298209190368652,0.75
2646,2.080281465153042,127.54385378183254,39.686321200383034,100.0,0.009999999776482582,1.3008304834365845,0.75
2647,2.176161161423362,137.57263726801605,39.23632334460155,100.0,0.009999999776482582,1.1278738975524902,0.75
2648,2.7495252439696425,168.17375132848713,38.875559641344,100.0,0.009999999776482582,1.6672866344451904,0.5
2649,2.7529809736633806,227.13446716766535,42.25505502512622,100.0,0.009999999776482582,1.9253544807434082,0.5
2650,2.203156861784524,113.77023756656563,34.88792906726243,100.0,0.009999999776482582,1.3275383710861206,0.75
2651,2.0486598825867377,1.052878229589423,27.1688472891446,100.0,0.009999999776482582,1.207277536392212,1.0
2652,2.4136949576113893,120.48519355406751,37.80021594162203,100.0,0.009999999776482582,1.6194159984588623,0.75
2653,2.1384661353348404,0.5111474621196498,27.041309449191353,100.0,0.009999999776482582,1.5181207656860352,1.0
2654,2.3190420541665318,103.79369799417024,37.95569745122911,100.0,0.009999999776482582,1.2237412929534912,0.75
2655,2.0650452041434866,110.41287791707563,34.58076296380859,100.0,0.009999999776482582,1.2990124225616455,0.75
2656,1.9122845239864288,0.00838145961501091,24.55737447514844,100.0,0.009999999776482582,1.027166485786438,1.0
2657,1.479164583527245,0.0072482843007107955,24.48591175302728,100.0,0.009999999776482582,0.5563241243362427,1.0
2658,2.279549335069991,97.1164512892488,33.952237692492695,100.0,0.009999999776482582,1.5052554607391357,0.75
2659,2.6706388663653806,128.18659974444316,40.782831626540805,100.0,0.009999999776482582,1.698266625404358,0.75
2660,2.5668051641907765,0.6669169767343256,27.17481018460528,100.0,0.009999999776482582,1.5349397659301758,1.0
2661,2.439626297553907,172.02894828941885,37.011137493909594,100.0,0.009999999776482582,1.7005332708358765,0.5
2662,2.2814852501587297,1.0566477249332182,27.549060711965982,100.0,0.009999999776482582,1.008935809135437,1.0
2663,2.424198878005869,135.43042389194116,41.019635908417825,100.0,0.009999999776482582,1.6485923528671265,0.75
2664,2.6195391089998368,176.53521156544093,37.89890250770228,100.0,0.009999999776482582,2.0284385681152344,0.5
2665,2.384693669557056,0.6689583931866347,27.58177357087303,100.0,0.009999999776482582,1.4569146633148193,1.0
2666,2.5881075200612744,134.61635382308774,40.059205598759064,100.0,0.009999999776482582,1.3728408813476562,0.75
2667,1.858043030412377,121.18657406281508,37.67982746099947,100.0,0.009999999776482582,0.9890204668045044,0.75
2668,2.3474319521950067,133.74156808225942,39.07973613414945,100.0,0.009999999776482582,1.4454584121704102,0.75
2669,2.3126995403572597,120.42057683192589,43.33444581329091,100.0,0.009999999776482582,1.2332637310028076,0.75
2670,2.2899087729785177,100.62739221007456,35.25630515888525,100.0,0.009999999776482582,1.2497584819793701,0.75
2671,2.499651392923946,151.28213714867783,43.6732420694625,100.0,0.009999999776482582,1.3901431560516357,0.75
2672,1.916736346531411,0.007747497323714359,24.48422966744985,100.0,0.009999999776482582,1.1594011783599854,1.0
2673,2.1440502504542414,150.34737687488064,41.54782309376861,100.0,0.009999999776482582,1.3023488521575928,0.75
2674,2.440499255414802,100.75606512402992,38.07250217270173,100.0,0.009999999776482582,1.3831572532653809,0.75
2675,1.8948836531216198,0.3421082639184524,26.321576376998358,100.0,0.009999999776482582,1.0323935747146606,1.0
2676,1.5939970379613333,0.00661850118560238,24.377474244136547,100.0,0.009999999776482582,0.715080201625824,1.0
2677,2.355958356263969,135.13800213679164,37.73708853011509,100.0,0.009999999776482582,1.6222472190856934,0.75
2678,1.8661089883859174,0.006611345909284635,24.35421267280881,100.0,0.009999999776482582,1.0101687908172607,1.0
2679,2.8582960092980336,130.39186012454346,37.402275307300016,100.0,0.009999999776482582,1.6134785413742065,0.75
2680,2.2992935654822526,124.87582683135227,42.028108337282944,100.0,0.009999999776482582,1.476605772972107,0.75
2681,1.8907450534798071,0.006597507247905362,24.391825014121572,100.0,0.009999999776482582,1.0269442796707153,1.0
2682,2.1725109729286474,0.6748331855408497,27.559511012029922,100.0,0.009999999776482582,1.1270884275436401,1.0
2683,1.5657606969614577,0.005688291470222701,24.255164564463723,100.0,0.009999999776482582,0.6978350281715393,1.0
2684,2.2553811820877803,126.24188190614367,39.81089556161662,100.0,0.009999999776482582,1.4830572605133057,0.75
2685,1.5822553895603988,0.006006456665405479,24.357484319233183,100.0,0.009999999776482582,0.706828236579895,1.0
2686,2.1790438970360295,124.0518579421732,38.298275166848974,100.0,0.009999999776482582,1.3003278970718384,0.75
2687,2.742218180029748,179.40182512596715,39.34327175986998,100.0,0.009999999776482582,2.0563600063323975,0.5
2688,3.1423988902314592,212.85270071682456,39.769076011548535,100.0,0.009999999776482582,1.7377870082855225,0.25
2689,2.758404114274839,205.07261841924867,36.49496972581474,100.0,0.009999999776482582,1.8015260696411133,0.25
2690,2.9690953961668356,146.04782937677075,45.78627398137029,100.0,0.009999999776482582,1.5989291667938232,0.75
2691,2.8066700302473513,155.1681679348338,35.33625272451449,100.0,0.009999999776482582,1.6132087707519531,0.5
2692,1.9984392504358135,0.3999921262323054,26.432556548215853,100.0,0.009999999776482582,0.9312770366668701,1.0
2693,2.337957843476815,127.26678578727339,40.49209593603729,100.0,0.009999999776482582,1.4571813344955444,0.75
2694,2.6942340269363325,118.25704659993445,39.466628460804124,100.0,0.009999999776482582,1.600969910621643,0.75
2695,2.6328889155139277,190.28402610334865,40.725253593051455,100.0,0.009999999776482582,1.6803370714187622,0.5
2696,2.1829292165130547,0.6064331194278358,27.041207440981687,100.0,0.009999999776482582,1.5226224660873413,1.0
2697,2.2210364189490623,0.32139049429129035,26.08971673384773,100.0,0.009999999776482582,1.501791000366211,1.0
2698,2.418814306855693,132.94982260924488,40.6342728085557,100.0,0.009999999776482582,1.6376352310180664,0.75
2699,1.90482440160424,0.00718515350720707,24.454869597999807,100.0,0.009999999776482582,1.005745768547058,1.0
2700,1.847666945742166,0.3539262898858371,27.324612404816413,100.0,0.009999999776482582,1.003392219543457,1.0
2701,2.5163959729872434,170.32258835687978,38.23871599421287,100.0,0.009999999776482582,1.7362545728683472,0.5
2702,2.1925867877613987,137.40577521423896,44.56837535066314,100.0,0.009999999776482582,1.3077229261398315,0.75
2703,2.8984798596852936,160.3922201619603,38.68748923888756,100.0,0.009999999776482582,1.7732387781143188,0.5
2704,3.123597972657189,223.02342810079787,41.296126977015945,100.0,0.009999999776482582,2.0555524826049805,0.25
2705,2.0361744097564594,0.5256239486344233,26.852984529308284,100.0,0.009999999776482582,1.334660291671753,1.0
2706,2.3156907739808523,132.68672514612,45.12955769303673,100.0,0.009999999776482582,1.2557404041290283,0.75
2707,2.1541083855394554,138.76939587273267,41.77294159138519,100.0,0.009999999776482582,1.3014298677444458,0.75
2708,2.3661347644590895,129.88233673164336,40.91084223999052,100.0,0.009999999776482582,1.4422738552093506,0.75
2709,2.326340330803508,122.17785968377427,38.39824701157165,100.0,0.009999999776482582,1.4543120861053467,0.75
2710,2.2699714772979034,155.20644587949255,46.60171098616577,100.0,0.009999999776482582,1.290138840675354,0.75
2711,2.5327318987251233,124.53174570397236,44.63280295883103,100.0,0.009999999776482582,1.7600429058074951,0.75
2712,1.8235230913829823,0.0065453747276378645,24.287897876344754,100.0,0.009999999776482582,0.9988166093826294,1.0
2713,2.502302598031359,176.97252591288753,36.45957590534657,100.0,0.009999999776482582,1.730594515800476,0.5
2714,2.1731446407830743,102.46361596642329,34.90907416768342,100.0,0.009999999776482582,1.0623464584350586,0.75
2715,2.206706707433141,0.8344391068794823,26.669832718374956,100.0,0.009999999776482582,1.3774418830871582,1.0
2716,2.4289713121916607,0.8840843619001338,27.826542263698045,100.0,0.009999999776482582,1.2185343503952026,1.0
2717,2.423680209483398,119.57747562014343,35.378501359656454,100.0,0.009999999776482582,1.6371265649795532,0.75
2718,2.225784974649607,0.4276756823513874,26.96419883824306,100.0,0.009999999776482582,1.5209410190582275,1.0
2719,2.546885019285677,128.06814251406865,36.97704615507899,100.0,0.009999999776482582,1.5360901355743408,0.75
2720,2.795829083377451,183.32494369062107,39.26348948415189,100.0,0.009999999776482582,1.7824692726135254,0.5
2721,2.2188967076016826,133.2324226518355,46.03000131139495,100.0,0.009999999776482582,1.408569097518921,0.75
2722,2.2952677957838703,165.41556401798567,35.18005676913029,100.0,0.009999999776482582,1.420013189315796,0.5
2723,2.5073636691579844,139.30096007740642,40.37765388531846,100.0,0.009999999776482582,1.5235764980316162,0.75
2724,2.321091298471051,166.44118317638504,38.530754841792884,100.0,0.009999999776482582,1.567591667175293,0.5
2725,2.0362683462712985,0.8493333293692571,26.672031137115926,100.0,0.009999999776482582,1.3202848434448242,1.0
2726,2.500685085402984,130.32152441988254,40.499932755436745,100.0,0.009999999776482582,1.6236965656280518,0.75
2727,2.0967683915421444,0.28136374148181853,26.045467494194753,100.0,0.009999999776482582,1.3696086406707764,1.0
2728,2.331876679010493,121.41648115692054,40.30934952183041,100.0,0.009999999776482582,1.5989274978637695,0.75
2729,2.4158885462899207,194.24340299704363,39.386583577579884,100.0,0.009999999776482582,1.5666754245758057,0.5
2730,2.3187936112861385,174.54521004807353,38.300726423965195,100.0,0.009999999776482582,1.5554895401000977,0.5
2731,2.5477008560086625,124.58200936718913,35.736998673016195,100.0,0.009999999776482582,1.2802830934524536,0.75
2732,1.9983073853018576,129.07548064538193,39.828114466903,100.0,0.009999999776482582,1.1439433097839355,0.75
2733,1.841394450053963,0.006877425128385696,24.273649362370037,100.0,0.009999999776482582,1.0052169561386108,1.0
2734,1.7819715913294372,0.006958188361674804,24.33614024739797,100.0,0.009999999776482582,0.87165367603302,1.0
2735,2.1506891425851884,129.25931147058148,41.94050907334375,100.0,0.009999999776482582,1.4200550317764282,0.75
2736,1.9657772513108347,0.30731695024557104,26.953690973080562,100.0,0.009999999776482582,1.0465502738952637,1.0
2737,1.7593752151298772,0.23296243428818364,26.41094538474675,100.0,0.009999999776482582,0.8776090741157532,1.0
2738,2.1093252033671157,0.39449931303183655,26.8940761162141,100.0,0.009999999776482582,1.3399133682250977,1.0
2739,2.498553102378794,125.75875713748786,40.064183926273024,100.0,0.009999999776482582,1.6095306873321533,0.75
2740,2.1918325113513015,0.3382028255127804,26.288015555084876,100.0,0.009999999776482582,1.2296698093414307,1.0
2741,2.2125932141229034,0.36543137382910695,26.368224646645615,100.0,0.009999999776482582,1.5190263986587524,1.0
2742,2.683754971177213,142.99217290844686,40.98855197918975,100.0,0.009999999776482582,1.5989561080932617,0.75
2743,1.8857739366414656,0.3198699000743813,27.02823315800839,100.0,0.009999999776482582,1.0237364768981934,1.0
2744,2.594314465763481,136.99523145138716,41.165490708275705,100.0,0.009999999776482582,1.5918633937835693,0.75
2745,1.9759466966780912,0.21521647061851515,26.358540579467324,100.0,0.009999999776482582,1.159132480621338,1.0
2746,2.898639843250504,138.14851117784931,44.06125483564597,100.0,0.009999999776482582,1.7627325057983398,0.75
2747,2.3165017995801502,0.8706774852612064,27.856383915712527,100.0,0.009999999776482582,1.4200046062469482,1.0
2748,1.7779085244145814,0.22834637445409153,26.044187259556484,100.0,0.009999999776482582,1.0037763118743896,1.0
2749,2.487219853894741,192.48125077258547,38.81797786648154,100.0,0.009999999776482582,1.8712244033813477,0.5
2750,2.200397919349552,142.57617220538128,39.25450227914655,100.0,0.009999999776482582,1.4298018217086792,0.75
2751,2.2307865454981584,147.32922788560757,46.21505729041281,100.0,0.009999999776482582,0.9855682849884033,0.75
2752,1.9937535353106426,112.91413772330345,38.758174084914806,100.0,0.009999999776482582,1.131792426109314,0.75
2753,2.1410777260603586,166.75815930340738,38.470097646642884,100.0,0.009999999776482582,1.3837404251098633,0.5
2754,1.7452673350826904,0.0056172664235108255,24.230564408290704,100.0,0.009999999776482582,0.8488343954086304,1.0
2755,3.0563465187816923,125.53967305996342,44.504074522443275,100.0,0.009999999776482582,1.934012532234192,0.75
2756,2.7553043108530906,207.6538164605802,42.41825605235867,100.0,0.009999999776482582,1.5254108905792236,0.5
2757,2.1648980322148206,128.29158537711908,37.72456692214925,100.0,0.009999999776482582,1.434383511543274,0.75
2758,2.3445338457846914,151.94705314217813,44.04698714995894,100.0,0.009999999776482582,1.427187442779541,0.75
2759,2.4067804268851316,121.88041394704537,38.82421559259969,100.0,0.009999999776482582,1.6139684915542603,0.75
2760,2.2040028198100243,135.1310492441882,37.634217129128224,100.0,0.009999999776482582,1.1038978099822998,0.75
2761,2.6013865992084115,200.5495519555949,43.51177520136776,100.0,0.009999999776482582,1.484989047050476,0.5
2762,2.173800792329734,129.95405188945844,39.13275510145712,100.0,0.009999999776482582,1.3078289031982422,0.75
2763,2.4598335811303955,143.17395540208267,40.3154474301132,100.0,0.009999999776482582,1.5151784420013428,0.75
2764,2.2971327033909743,0.34578726978398416,26.485571004213913,100.0,0.009999999776482582,1.2489548921585083,1.0
2765,2.3489547886773603,130.48456750349777,41.51356340192463,100.0,0.009999999776482582,1.4422025680541992,0.75
2766,1.8010118442065608,0.005663883732094529,24.15315616282876,100.0,0.009999999776482582,0.8734186887741089,1.0
2767,2.6368674439705617,153.80241231640863,42.692907335162595,100.0,0.009999999776482582,1.6720898151397705,0.75
2768,2.0746095699834104,154.28930651581834,43.17665732564142,100.0,0.009999999776482582,1.262068748474121,0.75
2769,2.253896137583183,122.80850727564702,40.3177974527953,100.0,0.009999999776482582,1.4197442531585693,0.75
2770,1.7022345803693453,0.005215419358152528,24.086735794959505,100.0,0.009999999776482582,0.8687183260917664,1.0
2771,2.5189908249717923,177.67196042956263,40.596941940395084,100.0,0.009999999776482582,1.707688331604004,0.5
2772,2.0159889162674482,124.69739324656318,36.186530990226366,100.0,0.009999999776482582,1.1194911003112793,0.75
2773,2.6186776740761157,191.17347281187142,38.49872026208403,100.0,0.009999999776482582,1.5998457670211792,0.5
2774,1.8916749392045389,0.005656439986899481,24.123378140371294,100.0,0.009999999776482582,1.0302510261535645,1.0
2775,2.4581149980043993,179.80339653115124,41.01052797217709,100.0,0.009999999776482582,1.4173705577850342,0.5
2776,2.2940396779001215,103.1367757776033,38.35212833194201,100.0,0.009999999776482582,1.3742492198944092,0.75
2777,1.5550992358814384,0.00516982679688581,24.09801507281278,100.0,0.009999999776482582,0.6845664978027344,1.0
2778,2.605832826192936,181.46704772056032,40.13937968379057,100.0,0.009999999776482582,1.6433825492858887,0.5
2779,2.362424974033573,144.4571890081205,41.84043430535587,100.0,0.009999999776482582,1.6244471073150635,0.75
2780,2.637772165964638,190.9938534065517,40.279373025546484,100.0,0.009999999776482582,1.4893977642059326,0.5
2781,3.182378580627598,261.4776852524703,39.451332248591065,100.0,0.009999999776482582,2.183466672897339,0.0
2782,3.0321789516876367,182.77121711272693,39.7168438982558,100.0,0.009999999776482582,1.6320178508758545,0.5
2783,1.8651375134022536,0.594616044316952,26.590251697928103,100.0,0.009999999776482582,0.8482452034950256,1.0
2784,2.433407222353033,126.08286980597917,44.578900461429505,100.0,0.009999999776482582,1.7570714950561523,0.75
2785,2.371381558381874,127.02104484873146,39.88882000418196,100.0,0.009999999776482582,1.5937604904174805,0.75
2786,2.5628881766951213,128.8723494783444,37.315643309140526,100.0,0.009999999776482582,1.2621281147003174,0.75
2787,2.3907000722531224,0.9103872752460244,27.295944249589056,100.0,0.009999999776482582,1.1812098026275635,1.0
2788,2.821788039921956,128.4609910466331,40.76084433799473,100.0,0.009999999776482582,1.5888175964355469,0.75
2789,2.3113256611927957,134.06842399268385,42.748909902355805,100.0,0.009999999776482582,1.4812273979187012,0.75
2790,1.9613635292052416,150.0206783611325,42.06660725826255,100.0,0.009999999776482582,1.1078286170959473,0.75
2791,2.0702823499166043,0.0055691488090208584,24.15041073349931,100.0,0.009999999776482582,1.1777431964874268,1.0
2792,2.5717596648746426,131.0070078092402,43.542932409918485,100.0,0.009999999776482582,1.7196738719940186,0.75
2793,1.7390464225616469,0.25409394457038376,25.923482514857724,100.0,0.009999999776482582,0.8655720353126526,1.0
2794,2.7949405978974893,138.84659800551506,39.511044459897875,100.0,0.009999999776482582,1.5792927742004395,0.75
2795,2.2994913603455287,123.741681484326,36.73944243881511,100.0,0.009999999776482582,1.453440546989441,0.75
2796,2.554850838043466,120.16004598506949,35.768790630710996,100.0,0.009999999776482582,1.3815069198608398,0.75
2797,2.682101673847676,196.43071812578856,40.943318208778535,100.0,0.009999999776482582,2.0155844688415527,0.5
2798,2.088717526000919,0.1425907600430652,26.277117565524573,100.0,0.009999999776482582,1.171208143234253,1.0
2799,1.6387598234736493,0.19029167671370895,26.258471970169072,100.0,0.009999999776482582,0.8373361229896545,1.0
2800,2.089478126981434,0.5136935897818408,26.358885629491976,100.0,0.009999999776482582,1.3068119287490845,1.0
2801,2.2060005983592608,137.1720567260942,37.57972296312016,100.0,0.009999999776482582,1.4408420324325562,0.75
2802,3.1407885214890516,242.5614858808159,40.08407137771747,100.0,0.009999999776482582,1.961733102798462,0.25
2803,1.7580689656651738,0.9185991851782512,26.980388521499314,100.0,0.009999999776482582,0.8499313592910767,1.0
2804,2.1346166611048316,137.2803751373746,42.492258990461096,100.0,0.009999999776482582,1.2646151781082153,0.75
2805,3.09101155950785,248.85841937169158,41.0178737259059,100.0,0.009999999776482582,2.0605862140655518,0.25
2806,2.4635833258151374,133.3809965654865,39.90430478950405,100.0,0.009999999776482582,1.748293399810791,0.75
2807,2.0777371986884248,0.8455574690297071,26.798286815345318,100.0,0.009999999776482582,1.218531608581543,1.0
2808,2.0220556360085267,125.35402964158565,36.69946404758616,100.0,0.009999999776482582,1.1712514162063599,0.75
2809,2.6501503066964878,121.66865288371923,37.93617245253101,100.0,0.009999999776482582,1.7583363056182861,0.75
2810,1.8696301075229325,0.8709200693177439,26.94464778654883,100.0,0.009999999776482582,1.0025036334991455,1.0
2811,2.636623776947344,131.8054514727806,43.629279035276504,100.0,0.009999999776482582,1.2854969501495361,0.75
2812,2.2107098449774822,0.7727960667862859,26.628301882612405,100.0,0.009999999776482582,1.496819019317627,1.0
2813,2.7682118205678687,148.99275724379726,45.83459163564321,100.0,0.009999999776482582,1.5278680324554443,0.75
2814,2.065638277896396,0.19628296187630456,25.587648406705597,100.0,0.009999999776482582,1.209620475769043,1.0
2815,2.435066374862792,173.8531558391542,37.294640289492975,100.0,0.009999999776482582,1.55537748336792,0.5
2816,2.3387909932432835,103.34230340403926,34.87463549448081,100.0,0.009999999776482582,1.2189085483551025,0.75
2817,2.6597307065657203,1.0607379516923807,27.53059088548836,100.0,0.009999999776482582,1.6648650169372559,1.0
2818,2.1599323578005403,0.4089981520818728,26.717754644194773,100.0,0.009999999776482582,1.3517545461654663,1.0
2819,2.628537977122421,191.35994075513798,38.5666171628677,100.0,0.009999999776482582,1.4955329895019531,0.5
2820,3.38331891435113,264.6120034871474,40.835209881919845,100.0,0.009999999776482582,2.0728201866149902,0.0
2821,2.628109645779607,194.52298877337512,39.817753395187374,100.0,0.009999999776482582,1.3057361841201782,0.5
2822,1.8267420473923288,0.005938155104317599,24.063781745871935,100.0,0.009999999776482582,1.0077139139175415,1.0
2823,2.2624624496123356,133.6290574885762,40.833985991441025,100.0,0.009999999776482582,1.2672799825668335,0.75
2824,2.6408182415974997,182.12890205091998,41.52431238091129,100.0,0.009999999776482582,1.7572803497314453,0.5
2825,2.0657118249845645,0.17435767858355658,25.6055934047148,100.0,0.009999999776482582,0.8157358169555664,1.0
2826,2.7778054783539483,216.19221016332676,37.5593250945881,100.0,0.009999999776482582,1.9614402055740356,0.25
2827,2.558317192934148,1.1833528783202354,27.093158642876883,100.0,0.009999999776482582,1.4812402725219727,1.0
2828,2.107514735533705,125.81484943861014,41.33385161663338,100.0,0.009999999776482582,1.134833812713623,0.75
2829,2.1555103804116227,0.3881856356327684,26.87424920872464,100.0,0.009999999776482582,1.3281919956207275,1.0
2830,2.350527780724281,137.19796431568759,40.682975769820686,100.0,0.009999999776482582,1.5898008346557617,0.75
2831,2.168130003050502,0.7462933341746141,27.89304144907442,100.0,0.009999999776482582,1.0880353450775146,1.0
2832,1.8878966887417852,0.0052428130637411675,23.99930889423323,100.0,0.009999999776482582,1.1228469610214233,1.0
2833,2.508060722776873,124.90011517680031,40.88968570707643,100.0,0.009999999776482582,1.5856294631958008,0.75
2834,2.7053130643218393,191.87944148451052,40.17403164095083,100.0,0.009999999776482582,2.0576171875,0.5
2835,2.4230546239342314,140.58163861024073,41.54198221915126,100.0,0.009999999776482582,1.7612102031707764,0.75
2836,2.3671864013895054,125.28434725753213,36.80661892817042,100.0,0.009999999776482582,1.4647477865219116,0.75
2837,2.4507293960207943,132.40866601990163,38.36702035266391,100.0,0.009999999776482582,1.501291275024414,0.75
2838,2.5389630024470202,138.32348122628267,41.5002038991229,100.0,0.009999999776482582,1.366839051246643,0.75
2839,1.8400821268282386,0.005313185153997817,23.96835756587797,100.0,0.009999999776482582,0.9998122453689575,1.0
2840,2.240136967301147,123.88711084801092,36.56928155476612,100.0,0.009999999776482582,1.3277604579925537,0.75
2841,2.217129433916331,131.7871695276069,40.35381957951106,100.0,0.009999999776482582,1.2818691730499268,0.75
2842,2.4557288269873916,157.1175308010477,36.30257876667902,100.0,0.009999999776482582,1.3649203777313232,0.5
2843,3.1222408084551376,131.83637748277798,40.58440711339462,100.0,0.009999999776482582,1.5753663778305054,0.75
2844,2.739505572687834,212.37693937779764,42.141098752796374,100.0,0.009999999776482582,1.8367422819137573,0.5
2845,2.520968667865003,135.86444144724217,41.92834555981281,100.0,0.009999999776482582,1.927837610244751,0.75
2846,2.410298291483694,169.4793716328243,39.72211691717458,100.0,0.009999999776482582,1.3377101421356201,0.5
2847,2.2796896388366323,0.42945004917757307,26.78878291028431,100.0,0.009999999776482582,1.5064449310302734,1.0
2848,2.6579052750105467,168.10293525646253,39.815472113359945,100.0,0.009999999776482582,1.4594467878341675,0.5
2849,2.6305240173356887,115.2312222387333,33.97443240176229,100.0,0.009999999776482582,1.5699903964996338,0.75
2850,2.3039162658992054,0.25706611136463986,26.590109152928772,100.0,0.009999999776482582,1.117089033126831,1.0
2851,2.4811652863027565,118.34080788128743,39.590204516349424,100.0,0.009999999776482582,1.7738151550292969,0.75
2852,2.289601251285794,0.5315229414490906,26.409757506895996,100.0,0.009999999776482582,1.6824437379837036,1.0
2853,2.322891367367979,129.5365989759164,40.499026563308774,100.0,0.009999999776482582,1.4483249187469482,0.75
2854,2.1366825287737403,0.4048334741702923,26.641608073477208,100.0,0.009999999776482582,1.3648135662078857,1.0
2855,2.352189835675972,0.5206271627521555,26.974725002362785,100.0,0.009999999776482582,1.6484427452087402,1.0
2856,2.846805379419185,179.16811757785055,41.27049521350817,100.0,0.009999999776482582,1.5720707178115845,0.5
2857,2.7481969102197388,104.20026557150629,36.383702355323514,100.0,0.009999999776482582,1.2325770854949951,0.75
2858,2.26045576318014,130.43117537342408,39.31622344805527,100.0,0.009999999776482582,1.4512689113616943,0.75
2859,1.6194690475108897,0.005418697985936721,23.98038322321272,100.0,0.009999999776482582,0.7144068479537964,1.0
2860,2.4108700186424303,135.57965454818373,41.5772559147181,100.0,0.009999999776482582,1.5858757495880127,0.75
2861,1.8906562878924533,0.14250802363991105,25.8597561453327,100.0,0.009999999776482582,1.0399410724639893,1.0
2862,2.1271779515527816,136.245103962797,41.89604739431866,100.0,0.009999999776482582,1.2983710765838623,0.75
2863,3.003744120484679,170.62094343727324,36.310108141222784,100.0,0.009999999776482582,1.7449066638946533,0.5
2864,3.1272093921662347,214.47249657645435,41.33741658870778,100.0,0.009999999776482582,1.7558261156082153,0.5
2865,2.2306058221506273,132.85548051656534,38.81920446112186,100.0,0.009999999776482582,1.3117320537567139,0.75
2866,2.5813189725841625,118.50630678967731,35.3094155359301,100.0,0.009999999776482582,1.781303882598877,0.75
2867,3.1395804604893893,198.12796073643466,39.81471688230643,100.0,0.009999999776482582,1.6111819744110107,0.5
2868,2.939040045242323,208.88936309113006,39.5456278011335,100.0,0.009999999776482582,2.072542428970337,0.25
2869,2.6756027026150355,241.217558890517,39.604414313689304,100.0,0.009999999776482582,1.804513931274414,0.25
2870,1.9216226358777517,0.39131167322544924,27.24514250963326,100.0,0.009999999776482582,1.148805022239685,1.0
2871,3.076089963200839,236.38079754465795,41.27940717616775,100.0,0.009999999776482582,1.7069118022918701,0.25
2872,2.9864895163047978,201.70330335165855,41.96177993266062,100.0,0.009999999776482582,1.8706343173980713,0.5
2873,2.007459679907155,0.9544557361033189,27.015830178641007,100.0,0.009999999776482582,1.3409786224365234,1.0
2874,2.524757934112616,0.6197139210802306,28.461791233087524,100.0,0.009999999776482582,1.1874767541885376,1.0
2875,2.2964575963173766,134.0630730088206,41.8768460237977,100.0,0.009999999776482582,1.289762258529663,0.75
2876,2.6484631512192753,205.17621243048114,42.58888078601254,100.0,0.009999999776482582,1.6948878765106201,0.5
2877,2.4118050454491917,143.17721013668452,40.29088640128003,100.0,0.009999999776482582,1.207831621170044,0.75
2878,2.5766921157754266,140.50605061122425,39.720622961565205,100.0,0.009999999776482582,1.7930996417999268,0.75
2879,2.306749781895526,1.0136158346276543,27.138468319054255,100.0,0.009999999776482582,1.6676578521728516,1.0
2880,2.2240671683521334,150.4382057917827,42.724477685863064,100.0,0.009999999776482582,1.1550439596176147,0.75
2881,2.7976856087395787,134.59137632331627,40.37588482138131,100.0,0.009999999776482582,1.8533036708831787,0.75
2882,2.0570189144573527,133.2443731630315,40.3048628174509,100.0,0.009999999776482582,1.1292871236801147,0.75
2883,2.4439332719130333,0.7506303532145033,27.388507930876887,100.0,0.009999999776482582,1.8240368366241455,1.0
2884,2.2102818727866347,137.16821094671332,39.34791369389566,100.0,0.009999999776482582,1.3178640604019165,0.75
2885,2.7429827177079384,221.6797669921131,39.27830480259167,100.0,0.009999999776482582,2.160139560699463,0.25
2886,3.6545127809362605,246.1918430361859,41.665503999187784,100.0,0.009999999776482582,2.0161080360412598,0.25
2887,2.3662053997165,0.9574641927237088,26.80147395034698,100.0,0.009999999776482582,1.6706922054290771,1.0
2888,2.269561369649021,134.1377224791955,42.74802995325855,100.0,0.009999999776482582,1.4340026378631592,0.75
2889,2.919740743624655,104.02998656733773,39.486045751627735,100.0,0.009999999776482582,1.5370891094207764,0.75
2890,2.8168181007832067,156.25997619987118,36.78769025426429,100.0,0.009999999776482582,1.406388759613037,0.75
2891,2.197188551527872,0.31416814063731047,26.215850841415392,100.0,0.009999999776482582,1.3389338254928589,1.0
2892,2.304793239071285,111.74978975433298,33.94432330115827,100.0,0.009999999776482582,1.4483495950698853,0.75
2893,2.640409760743006,171.3276936065311,37.121040024610224,100.0,0.009999999776482582,1.7268247604370117,0.5
2894,2.855060974738054,1.1345200061055265,26.990009342670458,100.0,0.009999999776482582,1.4544382095336914,1.0
2895,1.8840314083114296,0.006244495650694139,24.051692084434052,100.0,0.009999999776482582,1.008954405784607,1.0
2896,2.202468867240528,100.74263450524101,36.55148454417025,100.0,0.009999999776482582,1.0880546569824219,0.75
2897,2.7732715613399312,141.37519910739934,40.79146357741942,100.0,0.009999999776482582,1.4614206552505493,0.75
2898,2.455482107094087,118.11470236414951,35.571086344489125,100.0,0.009999999776482582,1.620516061782837,0.75
2899,2.7880053525336885,128.04734826053507,39.49381424134824,100.0,0.009999999776482582,1.5376861095428467,0.75
2900,1.8710374595463402,0.22525135810327498,25.74478959617721,100.0,0.009999999776482582,1.0316358804702759,1.0
2901,2.3967653408153566,118.22812868642373,39.85206484957617,100.0,0.009999999776482582,1.4579908847808838,0.75
2902,2.450784015650157,124.58383145764655,42.205363847390046,100.0,0.009999999776482582,1.3581550121307373,0.75
2903,2.845604748469434,169.1234409584738,40.08561479230322,100.0,0.009999999776482582,1.6275146007537842,0.75
2904,2.444878219399314,149.20762349889455,45.97698910360431,100.0,0.009999999776482582,1.2808372974395752,0.75
2905,2.78879167165504,180.75153560810833,39.196013568711365,100.0,0.009999999776482582,1.666957974433899,0.5
2906,1.9656883223401835,163.31255937244075,44.557625863287946,100.0,0.009999999776482582,0.9740385413169861,0.75
2907,2.6079156577914113,197.2064984077659,41.09159752006241,100.0,0.009999999776482582,1.6754063367843628,0.5
2908,2.367594741921561,122.02643003306156,38.633917218802814,100.0,0.009999999776482582,1.5894699096679688,0.75
2909,2.5674541671273032,137.6426103056314,45.61485484320838,100.0,0.009999999776482582,1.2419428825378418,0.75
2910,2.768677768339808,135.54338318097646,39.98979593540279,100.0,0.009999999776482582,1.4955475330352783,0.75
2911,2.177358309107076,0.4590375626557648,27.0276781675739,100.0,0.009999999776482582,1.3394339084625244,1.0
2912,2.258545348697951,112.581897833293,33.22439678527342,100.0,0.009999999776482582,1.3072285652160645,0.75
2913,2.201582189373448,136.6760109762999,38.492952429455364,100.0,0.009999999776482582,1.4190688133239746,0.75
2914,2.3433199473118247,133.685523452222,44.50596193925662,100.0,0.009999999776482582,1.2380090951919556,0.75
2915,2.2444192970182155,127.1770046111939,40.127262450311804,100.0,0.009999999776482582,1.2970213890075684,0.75
2916,2.3250856899053294,0.39192324343954643,26.82461113683796,100.0,0.009999999776482582,1.24807870388031,1.0
2917,2.109877832849294,135.09518942156296,42.22536798446729,100.0,0.009999999776482582,0.9761565923690796,0.75
2918,1.7803005679755983,0.30859739136006475,26.292707840259247,100.0,0.009999999776482582,0.8950396776199341,1.0
2919,2.318067588746201,127.60531998182013,40.07948502937882,100.0,0.009999999776482582,1.6231684684753418,0.75
2920,2.3311679521951074,143.17209483489668,44.71696498058856,100.0,0.009999999776482582,1.3028007745742798,0.75
2921,3.1432224917392575,190.90183438212745,38.449126746161674,100.0,0.009999999776482582,1.9652574062347412,0.5
2922,2.424598969335482,125.63371691990837,38.675853914531885,100.0,0.009999999776482582,1.6044100522994995,0.75
2923,2.570162368799919,128.93623203537442,38.849192172122656,100.0,0.009999999776482582,1.7668921947479248,0.75
2924,2.3173967621992184,133.97833542637233,39.909438530478575,100.0,0.009999999776482582,1.569858431816101,0.75
2925,1.6978890773656152,0.004964322050876681,23.87424976757902,100.0,0.009999999776482582,0.722915530204773,1.0
2926,2.108782486591717,139.16802008893697,44.68071540218661,100.0,0.009999999776482582,1.141283631324768,0.75
2927,1.8006556250534564,0.19736872989276924,25.625087521110537,100.0,0.009999999776482582,0.8774175643920898,1.0
2928,3.124520263088364,153.819482082154,43.82833563539082,100.0,0.009999999776482582,1.2583098411560059,0.75
2929,2.645861444644111,132.56444280354535,43.53797722963367,100.0,0.009999999776482582,1.5110442638397217,0.75
2930,1.7753032335979633,0.303933357683163,26.093341047215116,100.0,0.009999999776482582,0.8898114562034607,1.0
2931,2.911339071915056,123.74113075705023,38.108674496307195,100.0,0.009999999776482582,1.8935115337371826,0.75
2932,2.690648765815439,206.26255382029075,41.07410144038173,100.0,0.009999999776482582,1.5166419744491577,0.5
2933,2.2698125285091013,122.52511546399909,39.46833680226369,100.0,0.009999999776482582,1.430680751800537,0.75
2934,1.7841981722702382,0.004495969887487748,23.79627767794661,100.0,0.009999999776482582,0.8627043962478638,1.0
2935,2.343014481796121,114.59313915382896,34.116199835430066,100.0,0.009999999776482582,1.472395658493042,0.75
2936,2.1935076944087637,127.97081895856775,40.0040422511986,100.0,0.009999999776482582,1.1184667348861694,0.75
2937,2.2529755826025464,0.40489896124882013,27.1842187260681,100.0,0.009999999776482582,1.347395658493042,1.0
2938,2.3712388897078,104.27897024903503,34.864402105816716,100.0,0.009999999776482582,1.2181460857391357,0.75
2939,2.6768868793378457,1.1033362297759217,27.61315568241155,100.0,0.009999999776482582,1.244142770767212,1.0
2940,2.385079924077056,125.71289873019931,37.606260483439165,100.0,0.009999999776482582,1.305974006652832,0.75
2941,1.565154242704104,0.0035887540690812663,23.648530757082654,100.0,0.009999999776482582,0.5803735256195068,1.0
2942,2.301946923466687,0.17942771187127796,26.23717753998652,100.0,0.009999999776482582,1.1280089616775513,1.0
2943,2.3103417607644494,114.76021979083124,36.1723626545178,100.0,0.009999999776482582,1.4466060400009155,0.75
2944,2.958509933982054,233.89412344627257,39.45971789764544,100.0,0.009999999776482582,1.9932705163955688,0.25
2945,1.9418740901963452,0.13825817074956998,25.977769198631634,100.0,0.009999999776482582,1.0139414072036743,1.0
2946,2.1612514680948838,118.01446389381616,34.987898920949675,100.0,0.009999999776482582,1.1533079147338867,0.75
2947,2.3365754740431846,100.07429268017688,38.76570227362866,100.0,0.009999999776482582,1.3941915035247803,0.75
2948,2.002171098629751,0.3227318203457508,26.128487814539497,100.0,0.009999999776482582,1.1723822355270386,1.0
2949,2.9402630116005244,114.8846939244894,38.99011858430365,100.0,0.009999999776482582,1.7619210481643677,0.75
2950,2.165897610869977,120.35369521366016,34.88148685259531,100.0,0.009999999776482582,1.3032333850860596,0.75
2951,2.338636154151041,0.42632788619174045,26.800272724894217,100.0,0.009999999776482582,1.6584053039550781,1.0
2952,2.4800450836794483,199.51073471487445,38.5944477333315,100.0,0.009999999776482582,1.3802273273468018,0.5
2953,2.3054544899806633,138.37689704456537,40.68451051164355,100.0,0.009999999776482582,1.4227845668792725,0.75
2954,2.6645654195731554,146.28746191770213,39.34428804673883,100.0,0.009999999776482582,1.4546394348144531,0.75
2955,1.9170640828957766,0.25273118564011576,26.928174095289215,100.0,0.009999999776482582,1.017740249633789,1.0
2956,2.298888095915981,0.13612326382729442,26.236383861998167,100.0,0.009999999776482582,1.354178547859192,1.0
2957,2.43712468068551,135.53230858539266,38.477676130094686,100.0,0.009999999776482582,1.7683391571044922,0.75
2958,1.6355629822683304,0.003516578732481248,23.59507027564121,100.0,0.009999999776482582,0.6850576996803284,1.0
2959,2.3184462557473426,120.76085582676058,35.325329778293174,100.0,0.009999999776482582,1.4310463666915894,0.75
2960,2.1671543453743554,132.90770919927803,37.031307738288135,100.0,0.009999999776482582,1.2910194396972656,0.75
2961,2.0529432930393208,0.43905316869077554,26.265574862539555,100.0,0.009999999776482582,1.1386854648590088,1.0
2962,2.641027076573311,139.20228362303044,38.64527268874196,100.0,0.009999999776482582,1.701988697052002,0.75
2963,2.36403751968512,100.62387524623571,38.802688370856735,100.0,0.009999999776482582,1.3719773292541504,0.75
2964,1.9940553569685175,140.7189875788833,39.64841831698039,100.0,0.009999999776482582,1.0909953117370605,0.75
2965,2.4942058593243708,158.65231321528546,42.800980008999026,100.0,0.009999999776482582,1.4585810899734497,0.75
2966,2.127523274038164,164.33363624049315,46.368469204946315,100.0,0.009999999776482582,1.2869703769683838,0.75
2967,2.1754477537293493,0.21120648091046845,25.900380007644273,100.0,0.009999999776482582,1.1835386753082275,1.0
2968,3.1452947043206243,204.9132298636406,43.25655905977084,100.0,0.009999999776482582,1.8755558729171753,0.5
2969,2.3167921430117135,141.19278177941032,39.848120628739146,100.0,0.009999999776482582,1.4486713409423828,0.75
2970,2.1754403136731266,154.32353748510158,41.50478962188129,100.0,0.009999999776482582,1.3015623092651367,0.75
2971,2.347657336975613,115.74315184887,34.061963002549206,100.0,0.009999999776482582,1.4889907836914062,0.75
2972,2.645496294611656,139.40558241713904,41.7700939317951,100.0,0.009999999776482582,1.6805522441864014,0.75
2973,2.658887102212723,185.07668044961753,38.38663300887351,100.0,0.009999999776482582,1.864037036895752,0.5
2974,2.6367412009210565,123.53719840594783,35.7537448981366,100.0,0.009999999776482582,1.6323684453964233,0.75
2975,2.321028999643603,0.42262690336702646,26.96547375725588,100.0,0.009999999776482582,1.6287448406219482,1.0
2976,2.937845689284071,222.63108966010103,43.51419834166313,100.0,0.009999999776482582,1.8267627954483032,0.5
2977,2.107259458634356,133.94058529003337,39.84734907548149,100.0,0.009999999776482582,1.2767376899719238,0.75
2978,3.122712354321962,200.85373722330039,42.76651892369283,100.0,0.009999999776482582,1.709859848022461,0.5
2979,2.667682284043906,135.61627732407658,39.328217850909944,100.0,0.009999999776482582,1.244107961654663,0.75
2980,2.1509432548340364,0.316072136099383,26.410593504305307,100.0,0.009999999776482582,1.3489456176757812,1.0
2981,2.701645281009755,206.69305999302,42.05188096326971,100.0,0.009999999776482582,1.606636881828308,0.5
2982,2.222054236935821,1.0745777938691798,26.776256332865376,100.0,0.009999999776482582,1.4637575149536133,1.0
2983,2.541882850946731,141.12700882235998,39.87093379413995,100.0,0.009999999776482582,1.5828852653503418,0.75
2984,2.896350941824842,192.43395220628287,39.3313088358953,100.0,0.009999999776482582,1.7738820314407349,0.5
2985,2.6777937025932883,1.349627316678457,27.472969318669755,100.0,0.009999999776482582,1.4692673683166504,1.0
2986,2.41383394934843,134.171637571055,36.0593015222349,100.0,0.009999999776482582,1.605055809020996,0.75
2987,2.5258479444459447,155.6169304103182,41.49416040749603,100.0,0.009999999776482582,1.5723787546157837,0.75
2988,2.062967969528841,0.28787846795495137,26.60311820679914,100.0,0.009999999776482582,1.174957036972046,1.0
2989,3.2430337969479384,239.10798451929855,39.77093993890101,100.0,0.009999999776482582,2.0691819190979004,0.25
2990,2.0742695787078245,139.30053768111702,39.69890278914177,100.0,0.009999999776482582,1.1415218114852905,0.75
2991,2.115605415538391,0.3173226018177874,26.0101223351797,100.0,0.009999999776482582,1.1692750453948975,1.0
2992,2.266452542731117,0.16844440021681986,25.40793668305909,100.0,0.009999999776482582,1.3389045000076294,1.0
2993,2.6580088044288033,182.14392159756824,37.6640912332183,100.0,0.009999999776482582,1.7086554765701294,0.5
2994,2.0405972433258515,137.7790008087242,39.086484621151754,100.0,0.009999999776482582,0.995610237121582,0.75
2995,2.548002762720615,130.51946258427736,41.966291896517426,100.0,0.009999999776482582,1.9317312240600586,0.75
2996,1.5381318293311892,0.004009084761321082,23.624676409796706,100.0,0.009999999776482582,0.5534681081771851,1.0
2997,2.168390273184658,0.2844023859433489,26.531775454890596,100.0,0.009999999776482582,1.4765377044677734,1.0
2998,2.401898456788544,155.6262327734185,40.82387161599171,100.0,0.009999999776482582,1.4620007276535034,0.75
2999,2.32005645083756,159.63463472945276,43.00204928479895,100.0,0.009999999776482582,1.283892273902893,0.75
3000,2.150794167840498,0.31826264966252343,26.674172758588202,100.0,0.009999999776482582,1.3298879861831665,1.0
3001,2.429029287194505,137.08649222499676,44.95304965770792,100.0,0.009999999776482582,1.3913803100585938,0.75
3002,2.6904430184379127,197.30909019091038,43.026406146127435,100.0,0.009999999776482582,1.4964509010314941,0.5
3003,2.1258065178099264,140.2659221348889,40.113924857823854,100.0,0.009999999776482582,0.9999513030052185,0.75
3004,2.151043522326848,138.72880857869492,42.80127373440944,100.0,0.009999999776482582,1.2672829627990723,0.75
3005,2.5358260172141116,115.37839075168229,37.63722858541188,100.0,0.009999999776482582,1.2083195447921753,1.0
3006,2.367276362845328,0.7708902547123972,26.67346114466819,100.0,0.009999999776482582,1.4792050123214722,1.0
3007,2.4306659541594704,129.70174467696611,39.332653702355884,100.0,0.009999999776482582,1.5771491527557373,0.75
3008,2.303910549639645,149.01580216973147,41.331826435046416,100.0,0.009999999776482582,1.2868993282318115,0.75
3009,1.9766636219921017,116.31751084171518,34.19701922890589,100.0,0.009999999776482582,1.1007599830627441,0.75
3010,2.9587102627611324,237.05775549976354,41.5390211427753,100.0,0.009999999776482582,1.7036547660827637,0.25
3011,2.938721075400227,239.55391297711913,40.21521161384048,100.0,0.009999999776482582,1.9907386302947998,0.25
3012,1.6266710655455068,0.00374486275636073,23.568861822063543,100.0,0.009999999776482582,0.6861846446990967,1.0
3013,2.15449607005261,0.16094003198102913,25.349181587844463,100.0,0.009999999776482582,1.230797290802002,1.0
3014,1.9178316354461238,0.20757278828140918,26.789803746722896,100.0,0.009999999776482582,0.903057336807251,1.0
3015,2.932255188616076,191.69767248075007,40.801345998632314,100.0,0.009999999776482582,1.8320400714874268,0.5
3016,2.8903680129520515,126.66899295521837,36.05869134457964,100.0,0.009999999776482582,1.578879475593567,0.75
3017,2.5772030142177518,203.48305119726223,41.52120062172863,100.0,0.009999999776482582,1.7165861129760742,0.5
3018,3.3428242406880213,231.3024413178726,40.05335447680382,100.0,0.009999999776482582,1.9545741081237793,0.25
3019,2.2933248086469096,142.8070082552232,40.17480893013609,100.0,0.009999999776482582,1.3053951263427734,0.75
3020,2.394973833047807,180.34821079128045,39.017643475905416,100.0,0.009999999776482582,1.5455087423324585,0.5
3021,2.4947563706297373,123.98213310835811,39.45931816670608,100.0,0.009999999776482582,1.5177708864212036,0.75
3022,2.505545472657261,165.08144198946934,42.5817115094265,100.0,0.009999999776482582,1.580862045288086,0.75
3023,3.210183554325596,105.23667693851544,38.69413069145925,100.0,0.009999999776482582,1.7044024467468262,1.0
3024,1.9484659178111685,0.004677484614090081,23.692607558062033,100.0,0.009999999776482582,1.0218541622161865,1.0
3025,2.2792788797082792,0.3863654682422738,27.194513854108678,100.0,0.009999999776482582,1.350832462310791,1.0
3026,2.9039030673491566,162.11500101264377,35.90730454463721,100.0,0.009999999776482582,1.618103265762329,0.5
3027,2.8248058639801736,163.34982702859827,44.60639866049025,100.0,0.009999999776482582,1.6135040521621704,0.75
3028,2.0010485237204936,0.004209002710621457,23.63245409239378,100.0,0.009999999776482582,1.012555718421936,1.0
3029,2.6029291722773458,128.12276724040245,38.17893897045232,100.0,0.009999999776482582,1.2619744539260864,0.75
3030,2.7036575477835845,178.77700712327942,39.2353011398895,100.0,0.009999999776482582,1.6569201946258545,0.5
3031,2.746951388223899,171.71420280146194,38.82443818909838,100.0,0.009999999776482582,1.788792610168457,0.5
3032,2.5710888502248026,182.96467925187827,39.51370791881075,100.0,0.009999999776482582,1.7103707790374756,0.5
3033,2.3217609136433297,139.55235911164772,40.74789872122018,100.0,0.009999999776482582,1.4572378396987915,0.75
3034,2.5988909911595854,190.32732328246408,39.618397110863626,100.0,0.009999999776482582,1.5802332162857056,0.5
3035,1.9191938688603847,0.8010326333061432,26.64571340906769,100.0,0.009999999776482582,1.0155154466629028,1.0
3036,1.8912009191696453,0.004273925650552881,23.568662958822618,100.0,0.009999999776482582,0.8747313022613525,1.0
3037,1.9271506965636434,0.2877324383252555,27.321192157264832,100.0,0.009999999776482582,0.8727763891220093,1.0
3038,2.8946426011690867,196.26384908931252,40.397241204745654,100.0,0.009999999776482582,1.800186276435852,0.5
3039,2.45012527569695,0.3863310255267951,26.07159013072994,100.0,0.009999999776482582,1.8445065021514893,1.0
3040,2.3315717933249847,155.15187316035752,39.4215965399608,100.0,0.009999999776482582,1.4201675653457642,0.75
3041,2.4328811398745995,0.8666544405616098,26.91202889054859,100.0,0.009999999776482582,1.6581794023513794,1.0
3042,2.7080247223633824,190.3587251285638,37.1785133650212,100.0,0.009999999776482582,2.0117745399475098,0.5
3043,2.6707185295092466,131.282731446635,41.020135084071484,100.0,0.009999999776482582,1.5552443265914917,0.75
3044,2.096563053516214,0.20979070547251508,26.51781476068678,100.0,0.009999999776482582,1.3086128234863281,1.0
3045,2.5645253725176964,0.9945684845472793,27.66009581472906,100.0,0.009999999776482582,1.4761319160461426,1.0
3046,3.147790924366638,182.83695633600723,42.35901281236427,100.0,0.009999999776482582,1.2314120531082153,0.5
3047,2.3128173461232997,147.73752736431803,39.54822261203229,100.0,0.009999999776482582,1.3141368627548218,0.75
3048,2.42333740411673,118.56226697314091,34.99254818604222,100.0,0.009999999776482582,1.4566333293914795,0.75
3049,1.9811406903170792,0.7078028615918418,26.62478511422809,100.0,0.009999999776482582,1.196989893913269,1.0
3050,2.598497297498655,131.05261619880343,36.10020504994085,100.0,0.009999999776482582,1.2604238986968994,0.75
3051,2.640987388537215,137.23831520425932,42.17435235226749,100.0,0.009999999776482582,1.602839708328247,0.75
3052,2.264452900644461,0.36111544124625866,26.864380490963228,100.0,0.009999999776482582,1.486020803451538,1.0
3053,2.462742339813649,132.21405419230166,42.812610790467424,100.0,0.009999999776482582,1.408049464225769,0.75
3054,2.5816583253059666,219.18911403445313,43.474336426842555,100.0,0.009999999776482582,1.691117286682129,0.5
3055,2.5185921309623573,175.81416715579223,36.863140513506444,100.0,0.009999999776482582,1.5744967460632324,0.5
3056,2.62718509033308,138.640623401248,38.77994092812433,100.0,0.009999999776482582,1.6246600151062012,0.75
3057,2.6598846045149105,125.16914036482655,36.756236492703216,100.0,0.009999999776482582,1.2871251106262207,0.75
3058,2.6512594862698977,184.12260120660312,42.54941941511199,100.0,0.009999999776482582,1.4184296131134033,0.5
3059,2.416384050275386,162.72451196166344,43.03136897409648,100.0,0.009999999776482582,1.6048765182495117,0.75
3060,2.796078903329146,188.43173046336224,44.952537522840935,100.0,0.009999999776482582,1.7142918109893799,0.5
3061,2.168402189767004,0.2495633216769805,26.272445301823407,100.0,0.009999999776482582,1.3804340362548828,1.0
3062,2.535136145004962,121.58313746592634,39.45535402370658,100.0,0.009999999776482582,1.6040782928466797,0.75
3063,2.5889787489293856,197.95249395453382,39.45779052809701,100.0,0.009999999776482582,1.8540563583374023,0.5
3064,2.609269987262495,100.37381836882497,38.28603836781217,100.0,0.009999999776482582,1.6505577564239502,0.75
3065,2.164597873284521,131.28297626306218,38.64807502381627,100.0,0.009999999776482582,1.3167850971221924,0.75
3066,2.541873544828675,131.9476716454445,42.899999585832454,100.0,0.009999999776482582,1.478529930114746,0.75
3067,2.0640784129470733,0.15191303388156094,25.40787497228473,100.0,0.009999999776482582,1.1773364543914795,1.0
3068,2.414720872005046,132.23864542787922,39.610290354869775,100.0,0.009999999776482582,1.4628958702087402,0.75
3069,2.884843512358454,173.84433211950247,36.90534241689695,100.0,0.009999999776482582,1.9984800815582275,0.5
3070,2.6182713721609474,163.04060482419283,46.38261217272206,100.0,0.009999999776482582,0.9053348302841187,0.75
3071,1.8987613911815184,0.21524878808688447,26.57384520011073,100.0,0.009999999776482582,1.0136951208114624,1.0
3072,2.459399814127101,133.7396096934088,43.18501738085355,100.0,0.009999999776482582,1.441718339920044,0.75
3073,2.885674036499279,206.63835397972304,43.281559018530345,100.0,0.009999999776482582,1.8142142295837402,0.5
3074,3.2494793986849113,205.53876823754763,39.644321570561154,100.0,0.009999999776482582,1.8259059190750122,0.5
3075,2.574617059744799,204.09178947780165,40.093031660658916,100.0,0.009999999776482582,1.6914262771606445,0.5
3076,2.8416459628472364,172.78306213843612,36.69074013938862,100.0,0.009999999776482582,1.6746742725372314,0.5
3077,2.073557056244423,0.08884516172695815,24.8153725296576,100.0,0.009999999776482582,1.0569896697998047,1.0
3078,2.018050385395659,0.5865695406298008,27.486700577226433,100.0,0.009999999776482582,0.9162378311157227,1.0
3079,2.5616948268140565,123.15534378934602,38.913824155991435,100.0,0.009999999776482582,1.783022165298462,0.75
3080,2.217374822884871,0.853948989863837,26.9008910946514,100.0,0.009999999776482582,1.3728328943252563,1.0
3081,2.5524037518894422,125.85582728760497,43.525373028231655,100.0,0.009999999776482582,1.5461052656173706,0.75
3082,2.4323840591177937,151.88653558416604,44.44187683263858,100.0,0.009999999776482582,1.647781252861023,0.75
3083,2.963486473032921,237.86180703850852,39.77442960706053,100.0,0.009999999776482582,2.041609287261963,0.25
3084,2.054712005125075,0.23323123421192374,26.114937923291762,100.0,0.009999999776482582,1.2035489082336426,1.0
3085,1.7650694883747435,0.1278014050275438,26.443127250865192,100.0,0.009999999776482582,0.8500902652740479,1.0
3086,2.3298428474370314,0.3398627924112953,26.72791083344178,100.0,0.009999999776482582,1.5044769048690796,1.0
3087,2.1171314851479908,0.7927501556643641,26.946860973401822,100.0,0.009999999776482582,1.3063416481018066,1.0
3088,2.2972789324846348,155.51422050461338,41.15510944729659,100.0,0.009999999776482582,0.8929944634437561,0.75
3089,2.279099284140685,106.47499595395048,36.59787590224075,100.0,0.009999999776482582,1.2284467220306396,0.75
3090,2.4130631903872923,135.55489277729006,39.589852071377166,100.0,0.009999999776482582,1.267454743385315,0.75
3091,2.4208601200689523,123.25905893417051,35.76821967113833,100.0,0.009999999776482582,1.4351638555526733,0.75
3092,2.6604002461943597,169.30001923590925,36.539033828257566,100.0,0.009999999776482582,1.8141453266143799,0.5
3093,3.0952442947147967,153.99992995130407,42.155330561640305,100.0,0.009999999776482582,1.7083983421325684,0.75
3094,2.5076363571449156,162.30021952741546,37.13528386795504,100.0,0.009999999776482582,1.5194766521453857,0.5
3095,2.9038940223363476,189.94390360564833,38.951024400163476,100.0,0.009999999776482582,1.7816646099090576,0.5
3096,2.0251412284421004,0.15739251084776887,25.283711830218234,100.0,0.009999999776482582,1.0382483005523682,1.0
3097,2.254998245972508,126.03359572223586,43.73067108935109,100.0,0.009999999776482582,0.9568982720375061,0.75
3098,2.571941435471884,131.2778579679897,39.237682268882054,100.0,0.009999999776482582,1.6274440288543701,0.75
3099,2.7557190108114487,173.2704357485764,38.34608839297741,100.0,0.009999999776482582,1.4058623313903809,0.5
3100,2.192470445333809,0.11984636907595506,26.39510233453994,100.0,0.009999999776482582,1.3063793182373047,1.0
3101,2.6809642847446367,125.4722689902633,38.03929894996401,100.0,0.009999999776482582,1.9107918739318848,0.75
3102,2.2497974217400234,127.77604846174093,38.16085768721439,100.0,0.009999999776482582,1.2770845890045166,0.75
3103,2.0268516762196445,0.14331943378668008,25.88737742318606,100.0,0.009999999776482582,1.020042896270752,1.0
3104,2.898542974795645,0.8185090229297949,27.106729262545958,100.0,0.009999999776482582,1.500889778137207,1.0
3105,2.8663817218348133,184.29071366216252,42.15355649125556,100.0,0.009999999776482582,1.655022382736206,0.5
3106,2.8025570827908766,204.31352245330407,42.14296110512031,100.0,0.009999999776482582,1.6342179775238037,0.5
3107,2.641642533511656,136.67354602718163,39.49989754557625,100.0,0.009999999776482582,1.7962980270385742,0.75
3108,2.0754812647556498,0.21894043673954947,26.636617743941652,100.0,0.009999999776482582,1.1824487447738647,1.0
3109,2.790862325302692,181.74966731505933,37.92272802895119,100.0,0.009999999776482582,1.729311227798462,0.5
3110,2.209343145932195,0.5564646435491084,27.267480028171867,100.0,0.009999999776482582,1.1034832000732422,1.0
3111,2.2489737582430545,0.23894560111139124,26.357855460374648,100.0,0.009999999776482582,1.3199915885925293,1.0
3112,2.213467344742012,0.853333714189355,27.02158629671196,100.0,0.009999999776482582,1.348062515258789,1.0
3113,2.4624060325218604,136.7558424742537,40.61235342432781,100.0,0.009999999776482582,1.5018701553344727,0.75
3114,2.2788804660288307,143.28265434327184,42.52983136626621,100.0,0.009999999776482582,1.2934386730194092,0.75
3115,2.221047692014568,137.86534816958203,41.55638281543935,100.0,0.009999999776482582,1.2679930925369263,0.75
3116,2.4135214542768577,113.69335068590452,35.05567813838685,100.0,0.009999999776482582,1.59831964969635,0.75
3117,2.103987902763909,119.97790283224815,34.30988745868616,100.0,0.009999999776482582,1.2679518461227417,0.75
3118,1.9098471342088028,0.2741902031114461,27.374655327262527,100.0,0.009999999776482582,1.0014692544937134,1.0
3119,2.7220522898152866,126.50582569719458,36.840180749034175,100.0,0.009999999776482582,1.6996722221374512,0.75
3120,2.863141526112101,201.15495133250226,41.0414107628495,100.0,0.009999999776482582,1.5515059232711792,0.5
3121,2.308562980123083,137.55617046735819,40.9131831071906,100.0,0.009999999776482582,1.4166479110717773,0.75
3122,2.3528836619897397,0.9240976567752917,27.7436201986494,100.0,0.009999999776482582,1.009889841079712,1.0
3123,2.317318763701939,107.70807067392819,38.4094227363192,100.0,0.009999999776482582,1.2432948350906372,0.75
3124,2.5279467312470363,157.20630853805292,39.46853307048146,100.0,0.009999999776482582,1.5918841361999512,0.75
3125,2.1835643391814914,0.6513909990373108,26.612920555051844,100.0,0.009999999776482582,1.1963980197906494,1.0
3126,2.590443311034885,141.9931694675966,40.29277493174363,100.0,0.009999999776482582,1.6005628108978271,0.75
3127,2.73207701521984,136.23073474242292,41.28512777566398,100.0,0.009999999776482582,1.1117677688598633,0.75
3128,2.961281880662643,185.1186080057606,40.67441486411995,100.0,0.009999999776482582,1.4194798469543457,0.5
3129,2.880016257588561,154.96843481196862,42.67261276441849,100.0,0.009999999776482582,1.8899590969085693,0.75
3130,2.1205779045380644,0.3109379715206539,25.99665591719456,100.0,0.009999999776482582,1.3083693981170654,1.0
3131,2.940116212863664,123.69551115571383,36.74920241726486,100.0,0.009999999776482582,1.4549319744110107,0.75
3132,2.040310622243487,0.1695632926658761,25.47884381358875,100.0,0.009999999776482582,1.0175687074661255,1.0
3133,2.440870872816514,136.2949377454526,43.52124374845984,100.0,0.009999999776482582,1.4083549976348877,0.75
3134,2.957472853502231,221.68837726776445,39.87178702906123,100.0,0.009999999776482582,1.9180474281311035,0.25
3135,2.272698946784323,0.1642313646332743,25.339349749396604,100.0,0.009999999776482582,1.3604081869125366,1.0
3136,1.772554586480148,0.003265739566057285,23.35396999677906,100.0,0.009999999776482582,0.7285201549530029,1.0
3137,2.5168273772751903,143.59101459713307,38.56369647252587,100.0,0.009999999776482582,1.676832914352417,0.75
3138,2.060986230147665,0.2752274118712164,26.598618182157807,100.0,0.009999999776482582,1.1627681255340576,1.0
3139,2.726830642691835,100.54123026991977,38.8941579340945,100.0,0.009999999776482582,1.6168910264968872,0.75
3140,3.0134501045313353,194.58111356888375,44.54676127831617,100.0,0.009999999776482582,1.6329182386398315,0.5
3141,2.6211632305788224,165.28991894033,42.029263920609075,100.0,0.009999999776482582,1.1921257972717285,0.75
3142,2.4853720146196747,131.28619493344857,37.60466371798167,100.0,0.009999999776482582,1.5967152118682861,0.75
3143,2.330082830539638,145.0599812238354,44.85421595036052,100.0,0.009999999776482582,1.296483039855957,0.75
3144,2.607171483626902,102.30978395663067,38.295443469697716,100.0,0.009999999776482582,1.540191411972046,0.75
3145,2.7694579599230202,143.2656862004603,39.99609035380693,100.0,0.009999999776482582,1.7469547986984253,0.75
3146,2.7493061028098973,179.15931980128371,37.24803143183945,100.0,0.009999999776482582,1.7430100440979004,0.5
3147,2.769694226497652,195.52702348152522,41.3142546414658,100.0,0.009999999776482582,1.6021422147750854,0.5
3148,2.375099806744467,142.1567622142116,42.29309425957499,100.0,0.009999999776482582,1.6149399280548096,0.75
3149,2.3299083035672736,133.22791234519673,40.44936242590208,100.0,0.009999999776482582,1.4305000305175781,0.75
3150,2.8884823211894175,169.19059535646866,43.62246277305089,100.0,0.009999999776482582,1.5864639282226562,0.75
3151,2.6373660604319014,167.46551860202908,38.5840467106188,100.0,0.009999999776482582,1.622222661972046,0.5
3152,1.99745759158854,139.99434458725517,40.10346332597395,100.0,0.009999999776482582,1.1184688806533813,0.75
3153,2.591603993727804,165.77798959318554,43.38989259065549,100.0,0.009999999776482582,1.3691462278366089,0.75
3154,2.3538186268930574,131.03555944877786,38.64666401795633,100.0,0.009999999776482582,1.3000202178955078,0.75
3155,2.6746719968760417,127.59508469808357,39.69912509794557,100.0,0.009999999776482582,1.9850155115127563,0.75
3156,2.649410204370702,218.54247312919773,42.723499298342006,100.0,0.009999999776482582,1.7533689737319946,0.5
3157,2.270776441019115,120.31324624182425,38.914689926322716,100.0,0.009999999776482582,1.0585792064666748,0.75
3158,2.555600283564145,142.57484863847816,38.91936192610398,100.0,0.009999999776482582,1.768804669380188,0.75
3159,2.6558101962506075,169.73101178691797,39.4750826954308,100.0,0.009999999776482582,1.435476541519165,0.5
3160,2.0324766430610484,0.0039218690318229684,23.47313762234424,100.0,0.009999999776482582,1.0121804475784302,1.0
3161,2.587746479840657,172.07917592509233,38.626456792836095,100.0,0.009999999776482582,1.6230273246765137,0.5
3162,2.4749604706149784,131.88900144751625,38.03591625190928,100.0,0.009999999776482582,1.635026454925537,0.75
3163,1.7963282571370223,0.779052572720376,26.735825997296388,100.0,0.009999999776482582,0.8484772443771362,1.0
3164,2.2118203616535475,0.1907838411627478,26.126604993833805,100.0,0.009999999776482582,1.3375874757766724,1.0
3165,2.5831621322984315,138.45989964404964,44.54599477540004,100.0,0.009999999776482582,1.3679335117340088,0.75
3166,2.1858021844070765,0.7825158574751313,26.761590317501785,100.0,0.009999999776482582,1.337766170501709,1.0
3167,2.3935163566978215,133.52531897191108,40.37336626485921,100.0,0.009999999776482582,1.5582259893417358,0.75
3168,1.737394696610437,0.003258644984364855,23.37313854204461,100.0,0.009999999776482582,0.7116211652755737,1.0
3169,2.142223312672415,0.500072691909415,26.482040986129046,100.0,0.009999999776482582,1.1713279485702515,1.0
3170,2.603046283758565,186.2014485686093,38.30800981249919,100.0,0.009999999776482582,1.7253661155700684,0.5
3171,2.017567612863342,0.10053105855098698,25.38525441035792,100.0,0.009999999776482582,1.1564927101135254,1.0
3172,2.358116733758311,213.5337202451872,42.47856669039671,100.0,0.009999999776482582,1.5364340543746948,0.5
3173,2.5369323520571423,133.65423799207343,40.39756729932331,100.0,0.009999999776482582,1.591012954711914,0.75
3174,2.6597568798227145,119.3118866755492,38.829034418477576,100.0,0.009999999776482582,1.8424439430236816,0.75
3175,2.2551918907213584,0.08812441401891527,25.683676784785323,100.0,0.009999999776482582,1.3179619312286377,1.0
3176,2.7448778864254133,144.31449649158407,44.28302478566124,100.0,0.009999999776482582,1.9223289489746094,0.75
3177,2.7905665802992283,201.23428908308765,40.21452513112,100.0,0.009999999776482582,2.0267200469970703,0.5
3178,2.5838581819502986,203.1032902553408,39.520675765127095,100.0,0.009999999776482582,1.4127132892608643,0.5
3179,2.0209284253172997,137.1780697008541,40.03082405288807,100.0,0.009999999776482582,1.1160718202590942,0.75
3180,2.1110711949696292,0.2534832111918554,25.726876666264964,100.0,0.009999999776482582,1.170858383178711,1.0
3181,2.641565952453779,133.93932917935302,39.56158225896405,100.0,0.009999999776482582,1.9175221920013428,0.75
3182,2.5077527143431784,107.23408293798477,39.147767131122855,100.0,0.009999999776482582,1.551743507385254,0.75
3183,2.617159316439724,134.4918222599699,41.64735486774963,100.0,0.009999999776482582,1.6603487730026245,0.75
3184,2.942182378502249,158.8691876622984,41.72441168990295,100.0,0.009999999776482582,1.6029378175735474,0.75
3185,2.1907434272129764,0.20895611207407913,25.669757175783424,100.0,0.009999999776482582,1.3787477016448975,1.0
3186,2.2952808361081494,166.66798006635443,43.46623109388188,100.0,0.009999999776482582,1.3087644577026367,0.75
3187,2.6159635537072234,202.3132798274038,42.719425371110326,100.0,0.009999999776482582,1.4796452522277832,0.5
3188,2.339603518355425,135.64434685188073,39.582590616885746,100.0,0.009999999776482582,1.3037371635437012,0.75
3189,2.7399453407373064,207.91522025483664,41.2160276852296,100.0,0.009999999776482582,1.5447437763214111,0.5
3190,2.835661395350945,0.10728220446704491,26.237995792481442,100.0,0.009999999776482582,1.2848376035690308,1.0
3191,2.2162990012191623,0.14988644665242415,26.04069587211864,100.0,0.009999999776482582,0.8305931687355042,1.0
3192,3.0731992138369004,244.7126094668155,42.88397495101372,100.0,0.009999999776482582,2.0521750450134277,0.25
3193,2.537014661288091,145.5679996906619,45.00885427920581,100.0,0.009999999776482582,1.4758388996124268,0.75
3194,3.2488584230011694,193.68380732779679,40.23599078591729,100.0,0.009999999776482582,1.787365198135376,0.5
3195,2.9299693176230255,198.67235492217907,39.98113407782531,100.0,0.009999999776482582,1.8253601789474487,0.5
3196,2.3124201722080855,125.00761778773304,38.53167293438285,100.0,0.009999999776482582,1.3121665716171265,0.75
3197,2.1205646435534047,121.53499373823823,37.602614694526274,100.0,0.009999999776482582,1.2487294673919678,0.75
3198,2.1363589939861334,0.345229125434731,27.85006275004224,100.0,0.009999999776482582,1.1529393196105957,1.0
3199,2.213973570377699,0.1743670666009196,25.36856791867856,100.0,0.009999999776482582,1.3633832931518555,1.0
3200,2.7344054352873797,137.1324322442263,40.123736171193364,100.0,0.009999999776482582,1.455513834953308,0.75
3201,3.1741158182627114,147.63789120773845,42.00418582885478,100.0,0.009999999776482582,1.605211615562439,0.75
3202,3.102951515201283,181.06858840357998,41.29234077004188,100.0,0.009999999776482582,1.3931273221969604,0.75
3203,2.3317878020394067,125.19906493180065,36.129661832186265,100.0,0.009999999776482582,1.128173589706421,0.75
3204,2.420457306407535,142.92018181899175,40.28014736359824,100.0,0.009999999776482582,1.437508225440979,0.75
3205,2.3679347397436694,122.4694543530952,40.013984092703375,100.0,0.009999999776482582,1.4581941366195679,0.75
3206,2.8282822754897423,1.0678840171756305,27.688997438930382,100.0,0.009999999776482582,1.3949506282806396,1.0
3207,2.279624355585917,138.89957184139132,38.892012916203285,100.0,0.009999999776482582,1.277531385421753,0.75
3208,2.7524504972333217,147.5667643608845,43.42165287903037,100.0,0.009999999776482582,1.3651175498962402,0.75
3209,2.6624013058832374,139.12775456799443,38.372430147901994,100.0,0.009999999776482582,1.1125102043151855,0.75
3210,2.160163469937358,123.72137920363866,40.22886413615991,100.0,0.009999999776482582,1.1446189880371094,0.75
3211,2.3963953179701982,125.77487902722886,38.939358619176836,100.0,0.009999999776482582,1.472198724746704,0.75
3212,2.4586827437268473,146.594747731408,42.525893844253204,100.0,0.009999999776482582,1.4319348335266113,0.75
3213,2.088856401305982,0.16253723824722272,26.145691214485137,100.0,0.009999999776482582,1.1729762554168701,1.0
3214,2.8172103246185287,134.95372801901186,41.576678246431314,100.0,0.009999999776482582,1.5167293548583984,0.75
3215,3.3886174042606756,217.1812578835239,42.2021692755326,100.0,0.009999999776482582,1.8421560525894165,0.5
3216,2.110212632056629,0.1824132295317086,26.299066838920155,100.0,0.009999999776482582,1.03762948513031,1.0
3217,2.6847401468554866,136.04808389082734,40.90407226442843,100.0,0.009999999776482582,1.937211513519287,0.75
3218,2.5647217613886033,195.1080406549816,42.60784928416078,100.0,0.009999999776482582,1.2808667421340942,0.5
3219,2.4345569127807085,0.4154157372119786,26.879292474721364,100.0,0.009999999776482582,1.4533659219741821,1.0
3220,2.2142410958091534,0.486038374618584,26.34150046037382,100.0,0.009999999776482582,1.3014171123504639,1.0
3221,2.2891005188877367,0.7353799165435126,26.671253412362308,100.0,0.009999999776482582,1.343729019165039,1.0
3222,2.3975163150533514,139.170916177786,44.15892547117138,100.0,0.009999999776482582,1.2833895683288574,0.75
3223,3.171181186432666,271.16652415109274,39.940375773828556,100.0,0.009999999776482582,2.2197694778442383,0.0
3224,2.689362494632211,125.88702257926171,39.13022551644696,100.0,0.009999999776482582,1.398585557937622,0.75
3225,2.775869639840634,165.05428090992325,43.85731475595057,100.0,0.009999999776482582,1.0791904926300049,0.75
3226,2.246135130985683,126.47502524958074,40.304164546600184,100.0,0.009999999776482582,1.1107919216156006,0.75
3227,3.1861989091166296,215.70460015078507,44.486160168935406,100.0,0.009999999776482582,1.8734349012374878,0.5
3228,2.681679483631261,189.91770999586208,40.12765396213925,100.0,0.009999999776482582,1.5298359394073486,0.5
3229,2.7359269839167384,176.2528721070934,40.83043784309495,100.0,0.009999999776482582,1.494215488433838,0.5
3230,2.3596505682088718,133.26566496710362,39.138794127435006,100.0,0.009999999776482582,1.4236869812011719,0.75
3231,1.9004683475841084,0.09186720783532289,25.617786650715058,100.0,0.009999999776482582,0.8740078210830688,1.0
3232,2.5543505601305303,144.56084396284055,41.28195374434453,100.0,0.009999999776482582,1.4713190793991089,0.75
3233,2.604437817227118,127.94289184043137,43.7992339566477,100.0,0.009999999776482582,1.4146124124526978,0.75
3234,3.228668030461432,231.72789866422693,41.22432420531458,100.0,0.009999999776482582,1.355710506439209,0.5
3235,2.5378064475538005,149.32788349530915,43.255505301850654,100.0,0.009999999776482582,1.6045000553131104,0.75
3236,2.2801572783753117,128.1066484731576,38.065037366910154,100.0,0.009999999776482582,1.2855935096740723,0.75
3237,2.6414675749392202,200.9669888581631,40.73223658280538,100.0,0.009999999776482582,1.709062099456787,0.5
3238,3.2214136241081603,0.44614644826853117,27.46540821152729,100.0,0.009999999776482582,1.602062463760376,1.0
3239,2.592960733757092,166.4530531026091,45.308459162845665,100.0,0.009999999776482582,1.4037964344024658,0.75
3240,2.537534381454865,0.9257881888932968,27.180434177706818,100.0,0.009999999776482582,1.169048547744751,1.0
3241,2.7417801532694943,220.99873470071142,39.60455657463741,100.0,0.009999999776482582,1.8242132663726807,0.25
3242,2.5314412287661665,0.3188208527471032,25.979109894761862,100.0,0.009999999776482582,1.4951682090759277,1.0
3243,2.357460593617929,143.98096726308825,41.58928227255267,100.0,0.009999999776482582,1.3206498622894287,0.75
3244,2.442000724758269,134.52725785869077,43.29635963316669,100.0,0.009999999776482582,1.2343353033065796,0.75
3245,2.2652190845404245,167.51767920018855,41.3978399689605,100.0,0.009999999776482582,1.2561570405960083,0.75
3246,2.504074322378783,0.19779214623087818,25.518824486377724,100.0,0.009999999776482582,1.294330358505249,1.0
3247,2.484336848812898,140.41932205051236,41.5214348928165,100.0,0.009999999776482582,1.4282729625701904,0.75
3248,2.5078536713383137,0.8732971393603567,27.651734845946194,100.0,0.009999999776482582,1.0100518465042114,1.0
3249,2.3443784929705536,0.13048452343148545,25.11132724024346,100.0,0.009999999776482582,1.2475628852844238,1.0
3250,2.398650936265071,110.79516018140902,42.38967326499611,100.0,0.009999999776482582,1.0657124519348145,0.75
3251,2.606908675738355,142.85500772957138,38.07183774688075,100.0,0.009999999776482582,1.6340440511703491,0.75
3252,1.7937052762792436,0.0028626085806901748,23.1803082308753,100.0,0.009999999776482582,0.6886832118034363,1.0
3253,1.9076688343134334,0.0028254196043138017,23.1158974002664,100.0,0.009999999776482582,0.9871003031730652,1.0
3254,3.252484986997823,257.03944516838317,42.40860452209983,100.0,0.009999999776482582,1.9759857654571533,0.25
3255,2.4510710472289468,195.4954327648285,39.224162546852796,100.0,0.009999999776482582,1.4120328426361084,0.5
3256,2.054353171034647,0.0030526972687025078,23.20826247072116,100.0,0.009999999776482582,1.0139747858047485,1.0
3257,2.984899784230495,180.9900682094816,37.318693211579834,100.0,0.009999999776482582,1.5166051387786865,0.5
3258,2.2866009231304107,0.30081984456517874,26.5578320152219,100.0,0.009999999776482582,1.3674097061157227,1.0
3259,2.567815703516189,139.9470363241851,42.82615018296027,100.0,0.009999999776482582,1.6255064010620117,0.75
3260,2.357370609355502,101.54991270540803,38.86763125796151,100.0,0.009999999776482582,1.2273961305618286,0.75
3261,2.565437002110545,0.31535923567931623,28.32227168546421,100.0,0.009999999776482582,1.1331968307495117,1.0
3262,2.4997570571084817,146.79261960233052,39.139185566808045,100.0,0.009999999776482582,1.6040668487548828,0.75
3263,2.7351803309455467,184.41452875501804,38.8479730400024,100.0,0.009999999776482582,1.5768835544586182,0.5
3264,2.52687075166872,140.3834056922763,41.219405022079236,100.0,0.009999999776482582,1.57916259765625,0.75
3265,2.539229726124523,163.5670346797175,42.028131927018734,100.0,0.009999999776482582,1.428213119506836,0.75
3266,2.734222464378114,192.33305955608057,40.62773391871996,100.0,0.009999999776482582,1.6053237915039062,0.5
3267,2.543814958567092,0.18193111805650705,25.666921317520412,100.0,0.009999999776482582,1.2787755727767944,1.0
3268,2.839264055381207,134.39626458360982,36.658553861753624,100.0,0.009999999776482582,1.58000910282135,0.75
3269,3.102209773144815,187.56159994465438,41.48172571025864,100.0,0.009999999776482582,2.039785385131836,0.5
3270,2.050917013728821,0.38227630656638645,26.80546844254638,100.0,0.009999999776482582,1.1590465307235718,1.0
3271,2.472954358537702,0.5021759254930036,26.041843740905595,100.0,0.009999999776482582,1.647864580154419,1.0
3272,2.3947717072173633,0.1726095175633332,25.264897920057585,100.0,0.009999999776482582,1.5033047199249268,1.0
3273,2.4380487582936294,0.30716035355778465,25.58199011062111,100.0,0.009999999776482582,1.6308174133300781,1.0
3274,2.5299144587770033,133.83405569121885,39.21237759616397,100.0,0.009999999776482582,1.4579123258590698,0.75
3275,2.1680543752241874,0.09878744942422839,24.749213306960073,100.0,0.009999999776482582,1.182434320449829,1.0
3276,2.1894692929926394,129.96089199514722,37.62963326684407,100.0,0.009999999776482582,1.164081335067749,0.75
3277,2.1034447256868862,0.7741140606328398,27.108947768874245,100.0,0.009999999776482582,1.1911404132843018,1.0
3278,2.2552282865652353,139.16516128633543,40.21486952885816,100.0,0.009999999776482582,1.290597915649414,0.75
3279,2.864108542561028,173.4302936521447,41.644982811110694,100.0,0.009999999776482582,1.4841108322143555,0.75
3280,2.667256594511069,135.96140307771452,43.044893052951764,100.0,0.009999999776482582,1.803909182548523,0.75
3281,1.9483214471210895,0.6265716748930127,26.60858854541025,100.0,0.009999999776482582,1.0244438648223877,1.0
3282,3.994321462422252,251.92087169981733,39.185861549362514,100.0,0.009999999776482582,2.079756259918213,0.25
3283,1.8675983147824151,0.0029947773325902107,23.192013722911163,100.0,0.009999999776482582,0.8636379837989807,1.0
3284,3.153773734917304,0.2005169977981985,25.354760277576702,100.0,0.009999999776482582,1.656040072441101,1.0
3285,1.9629476625395808,0.18984403189505453,27.112942376839886,100.0,0.009999999776482582,1.0051147937774658,1.0
3286,1.9975417456415245,0.06228852535300086,25.22968548297981,100.0,0.009999999776482582,1.0302659273147583,1.0
3287,1.963163676552036,0.13496362263409664,26.02478729667956,100.0,0.009999999776482582,0.9906531572341919,1.0
3288,2.2149406463177166,168.5828814746994,42.90388690633598,100.0,0.009999999776482582,1.2491611242294312,0.75
3289,2.208067815556696,156.17179338234683,39.83401754934668,100.0,0.009999999776482582,0.8915124535560608,0.75
3290,2.9450650694517324,196.44031662013003,39.916707908984925,100.0,0.009999999776482582,2.0331947803497314,0.5
3291,2.626156636631609,139.8502418128243,40.095576730474995,100.0,0.009999999776482582,1.9230504035949707,0.75
3292,2.6269221404201097,138.22817598818992,40.126662117590975,100.0,0.009999999776482582,1.613521695137024,0.75
3293,2.7051100363585614,179.35168314483258,37.7804537515551,100.0,0.009999999776482582,1.459092140197754,0.5
3294,2.3904737303919963,0.22479249578633406,25.826723051803068,100.0,0.009999999776482582,1.2620351314544678,1.0
3295,2.5026944403013105,132.23425887381018,38.360778115359686,100.0,0.009999999776482582,1.3938031196594238,0.75
3296,2.902867820625797,132.14020332493803,35.96485571450397,100.0,0.009999999776482582,1.8602468967437744,0.75
3297,2.320617002194268,127.88420782203113,38.176519955789516,100.0,0.009999999776482582,1.3905096054077148,0.75
3298,3.1524200184228444,234.54028925612093,39.83685278921687,100.0,0.009999999776482582,1.98408043384552,0.25
3299,1.940232794742987,0.1652389158680627,26.42188772334584,100.0,0.009999999776482582,1.0028733015060425,1.0
3300,2.505272434207532,0.25498729935548115,27.112755147193283,100.0,0.009999999776482582,1.502974510192871,1.0
3301,3.3542562417422648,216.98669277958146,39.745233953926075,100.0,0.009999999776482582,1.5590356588363647,0.5
3302,2.4104670679482383,124.93877498615723,36.18950633616453,100.0,0.009999999776482582,1.4605118036270142,0.75
3303,2.339686843680577,0.7250245455173181,26.77201192221116,100.0,0.009999999776482582,1.3371992111206055,1.0
3304,2.697709899237028,144.0434415104833,44.44125303384729,100.0,0.009999999776482582,1.7680805921554565,0.75
3305,2.4902637757173904,185.77448211763672,38.7111908219465,100.0,0.009999999776482582,1.5666167736053467,0.5
3306,3.0142666548432278,250.1286805281746,44.36421088947787,100.0,0.009999999776482582,1.6630463600158691,0.5
3307,2.5195177759355003,191.4837178506143,38.55519784445418,100.0,0.009999999776482582,1.3966830968856812,0.5
3308,2.403597503379665,127.16317922242807,38.65519637864001,100.0,0.009999999776482582,1.4629201889038086,0.75
3309,3.3677703576633724,243.54709586775164,42.595971492854325,100.0,0.009999999776482582,1.689044713973999,0.25
3310,2.657334075305356,126.97594022147742,36.27898743017201,100.0,0.009999999776482582,1.4678864479064941,0.75
3311,2.344187107527788,0.13036413083682064,25.59341587128016,100.0,0.009999999776482582,1.3353524208068848,1.0
3312,2.233773941886174,125.48786212897497,36.31641369752145,100.0,0.009999999776482582,1.4303321838378906,0.75
3313,2.4077633105324963,162.29552822978695,39.012805097415615,100.0,0.009999999776482582,1.4241468906402588,0.75
3314,1.7359026210853694,0.002891833781586156,23.061443165951772,100.0,0.009999999776482582,0.7203969955444336,1.0
3315,1.9895038126295952,0.10270037259374777,24.837052572431503,100.0,0.009999999776482582,1.036283016204834,1.0
3316,2.2872245936310964,130.25698230178799,36.68264126619828,100.0,0.009999999776482582,1.4277496337890625,0.75
3317,2.2858478777973645,0.12140840837376897,25.577223782281916,100.0,0.009999999776482582,0.9637399911880493,1.0
3318,2.868451263068674,192.0868961241173,41.3821916431428,100.0,0.009999999776482582,1.5958540439605713,0.5
3319,2.3388014007479176,132.4901577430835,40.02119677434083,100.0,0.009999999776482582,1.4347809553146362,0.75
3320,1.961616451935468,0.002671097947657459,23.060516720648828,100.0,0.009999999776482582,0.8560135960578918,1.0
3321,1.9837007795488624,0.17807526321791586,27.113410176942214,100.0,0.009999999776482582,0.9876917600631714,1.0
3322,2.5853051592226817,134.98698281880456,40.04543877531397,100.0,0.009999999776482582,1.778692603111267,0.75
3323,3.702019147972489,217.12020342105248,39.23341266224639,100.0,0.009999999776482582,1.5797641277313232,0.75
3324,2.9250839461838543,194.92500768656916,40.77382315933319,100.0,0.009999999776482582,1.7005436420440674,0.5
3325,2.715856489020644,174.36195307356428,43.806736229312676,100.0,0.009999999776482582,1.9206912517547607,0.75
3326,1.7771114573001534,0.002573668037601805,23.04007910249372,100.0,0.009999999776482582,0.8359048962593079,1.0
3327,3.3971512430499184,265.82916090994263,42.68603016994349,100.0,0.009999999776482582,1.6367610692977905,0.25
3328,2.557936561125407,198.42348927944136,41.61247895703974,100.0,0.009999999776482582,1.53057062625885,0.5
3329,1.9116934850445637,0.10622370231915182,25.43070402054724,100.0,0.009999999776482582,0.8624698519706726,1.0
3330,1.8182416643048498,0.002696615772478048,23.09409066324206,100.0,0.009999999776482582,0.727468729019165,1.0
3331,3.32006086458322,175.9020322938295,38.27434118340634,100.0,0.009999999776482582,1.3699651956558228,0.75
3332,2.0135375734881635,0.13697642917911032,25.97003032879286,100.0,0.009999999776482582,1.1631286144256592,1.0
3333,1.934711895794553,128.973501995998,39.43011655117477,100.0,0.009999999776482582,0.9792367815971375,0.75
3334,2.201484635154757,123.75493455220305,38.61634006008627,100.0,0.009999999776482582,1.123882532119751,0.75
3335,2.679672067831893,0.7203669819271835,27.389973114042476,100.0,0.009999999776482582,1.3182908296585083,1.0
3336,2.260030633902264,0.18165738000705106,25.399519229315082,100.0,0.009999999776482582,1.3232191801071167,1.0
3337,2.618282866851637,193.11355042524178,39.92463270748834,100.0,0.009999999776482582,1.87957763671875,0.5
3338,2.636926622204683,0.6066528137927462,26.540481973613687,100.0,0.009999999776482582,1.8350319862365723,1.0
3339,2.571696750537188,133.80421450244364,44.884387042576435,100.0,0.009999999776482582,1.6020677089691162,0.75
3340,2.372390532909611,118.51483110948263,33.06336853321644,100.0,0.009999999776482582,1.4217898845672607,0.75
3341,2.916092799328261,209.82538479012882,39.94876370745922,100.0,0.009999999776482582,1.8744261264801025,0.5
3342,2.609050264529941,106.27321747722895,36.99608701250268,100.0,0.009999999776482582,0.9817789793014526,0.75
3343,3.506293306967367,187.1728061388893,38.85508578032013,100.0,0.009999999776482582,1.6500022411346436,0.5
3344,2.2527194977723597,150.13716034441669,42.48810301639645,100.0,0.009999999776482582,1.1187777519226074,0.75
3345,2.22792241215469,0.6718135358851048,26.583180124560084,100.0,0.009999999776482582,1.33597993850708,1.0
3346,2.3862508025342413,0.10982962108815343,25.222863881311362,100.0,0.009999999776482582,1.3428326845169067,1.0
3347,2.11076958737157,0.18090916164321763,25.380960319931923,100.0,0.009999999776482582,1.0355795621871948,1.0
3348,2.4962375056350252,174.71643714819655,42.511366535979604,100.0,0.009999999776482582,1.4221845865249634,0.75
3349,2.1405583770272,128.60555616945499,35.69928765959417,100.0,0.009999999776482582,0.9834538102149963,0.75
3350,2.0894043739384234,125.22964651641647,35.584206652503056,100.0,0.009999999776482582,1.2446835041046143,0.75
3351,3.042990608865716,252.10034259711273,42.3813169093503,100.0,0.009999999776482582,1.8511561155319214,0.25
3352,2.5870175940168814,143.27024498653586,40.66356305224908,100.0,0.009999999776482582,1.437575340270996,0.75
3353,1.7244647779717879,0.0022914989285107937,22.920299716720166,100.0,0.009999999776482582,0.6992744207382202,1.0
3354,2.152751478124584,0.09966526946202409,24.913110568083574,100.0,0.009999999776482582,1.1722519397735596,1.0
3355,2.7056046740921986,125.30783134645833,38.97609040829111,100.0,0.009999999776482582,1.586943507194519,0.75
3356,2.444489713551309,0.18398066590768816,26.068852929947354,100.0,0.009999999776482582,1.51423180103302,1.0
3357,3.2162965412872886,205.02152808855737,40.6756660009684,100.0,0.009999999776482582,1.970841884613037,0.5
3358,2.8133061591735515,138.04200235837592,41.05619723538213,100.0,0.009999999776482582,1.7483983039855957,0.75
3359,3.004002426101468,210.59301742066197,41.805113290807114,100.0,0.009999999776482582,1.498633623123169,0.5
3360,2.4018621857623943,0.42032921784455796,26.12894718153809,100.0,0.009999999776482582,1.5155278444290161,1.0
3361,2.188714647494144,133.65054548693143,43.3684223114532,100.0,0.009999999776482582,1.1281695365905762,0.75
3362,2.8773423957242548,172.30632049887174,40.47757491344943,100.0,0.009999999776482582,1.8338017463684082,0.5
3363,2.0689236509099813,0.21820693621516654,27.46731113179559,100.0,0.009999999776482582,1.0382871627807617,1.0
3364,1.6577636792953403,0.002642576229246295,22.98561290168982,100.0,0.009999999776482582,0.6785712242126465,1.0
3365,2.9902435272139885,197.05094485904672,42.4482267381708,100.0,0.009999999776482582,1.6206010580062866,0.5
3366,2.178908816756095,0.08710895063001986,25.374305823306536,100.0,0.009999999776482582,1.1988590955734253,1.0
3367,2.5235507285579017,0.2019944227788622,26.251749634725954,100.0,0.009999999776482582,1.6932339668273926,1.0
3368,2.259901470018867,158.02971132051385,44.27536477003011,100.0,0.009999999776482582,1.2999889850616455,0.75
3369,2.4040953067260515,150.50116922938597,43.855134917947396,100.0,0.009999999776482582,1.3047103881835938,0.75
3370,2.7333700872922244,124.68478962802268,40.97263352279255,100.0,0.009999999776482582,1.3552093505859375,0.75
3371,3.0128205334165967,143.31267164953985,41.165406922683765,100.0,0.009999999776482582,1.2225332260131836,0.75
3372,2.6096498108932784,214.23288469483415,41.08321170475377,100.0,0.009999999776482582,1.51646888256073,0.5
3373,1.8195929888227322,0.0024202992306519944,22.8861223491431,100.0,0.009999999776482582,0.6892750859260559,1.0
3374,2.4268665622486214,179.4743265551597,43.458246058722644,100.0,0.009999999776482582,1.3930962085723877,0.75
3375,2.666081742286227,152.28784424213242,46.16408030181053,100.0,0.009999999776482582,1.5927096605300903,0.75
3376,3.1481842903037642,236.45872612379267,38.626812857085945,100.0,0.009999999776482582,2.190769910812378,0.25
3377,2.6773711995739955,129.52735418423617,39.406379171081234,100.0,0.009999999776482582,1.66969895362854,0.75
3378,2.783375911708367,131.75122705716709,39.10616183500717,100.0,0.009999999776482582,1.675661563873291,0.75
3379,2.2928279501262665,0.08668885585400303,24.77476787509948,100.0,0.009999999776482582,1.359872579574585,1.0
3380,2.301655270748551,112.57700950335945,40.68603589692296,100.0,0.009999999776482582,1.071345567703247,0.75
3381,2.7508920799501206,115.71588401692414,40.050307660188,100.0,0.009999999776482582,1.368646264076233,0.75
3382,2.523245909846768,128.95467477758714,38.279277034377344,100.0,0.009999999776482582,1.6331006288528442,0.75
3383,2.4888799150021264,0.36620471950539535,25.920520055571114,100.0,0.009999999776482582,1.4728631973266602,1.0
3384,2.701227014918197,145.7222303015939,45.400863480987695,100.0,0.009999999776482582,1.2525813579559326,0.75
3385,2.9185545090546254,187.70769093035068,41.298939257805934,100.0,0.009999999776482582,1.5477522611618042,0.5
3386,3.329777030332237,193.44805424751627,41.11092217659098,100.0,0.009999999776482582,1.4411590099334717,0.5
3387,2.48291051018259,194.40162609806646,39.6360346653903,100.0,0.009999999776482582,1.4007960557937622,0.5
3388,2.9187725964659217,182.38653126225068,38.061393065082214,100.0,0.009999999776482582,1.673825979232788,0.5
3389,2.464509178967555,127.63541883979053,40.263632412888334,100.0,0.009999999776482582,1.785661220550537,0.75
3390,2.183656792267645,0.16694356757776102,26.361222577271754,100.0,0.009999999776482582,1.1445379257202148,1.0
3391,1.8776984137501394,0.0028849183223051207,22.983956416513994,100.0,0.009999999776482582,0.7281160354614258,1.0
3392,2.0960907277760206,0.0028351825138929385,22.965456307057938,100.0,0.009999999776482582,0.9931520819664001,1.0
3393,2.621778608640982,148.19245494888332,39.740609751370386,100.0,0.009999999776482582,1.7280219793319702,0.75
3394,2.257091285440226,134.16426746448522,43.59736404830348,100.0,0.009999999776482582,1.125112771987915,0.75
3395,2.557799679066579,141.34222058167774,40.996207070363276,100.0,0.009999999776482582,1.564216136932373,0.75
3396,2.8903793126997557,160.49060983923593,47.114296909813795,100.0,0.009999999776482582,1.718453288078308,0.75
3397,2.369813497816958,0.5946972757082621,26.467870905825006,100.0,0.009999999776482582,1.3257694244384766,1.0
3398,1.9702841351284026,0.14998302930079802,26.25934129571221,100.0,0.009999999776482582,1.0090796947479248,1.0
3399,2.7108440691184508,0.726818582986096,27.619339194236645,100.0,0.009999999776482582,1.279589295387268,1.0
3400,2.5515333945200407,0.17933017953504532,26.86118055286638,100.0,0.009999999776482582,0.992803692817688,1.0
3401,3.2000567224339185,211.3934966889193,40.40916149608228,100.0,0.009999999776482582,1.8504085540771484,0.5
3402,2.3418837945446107,172.53138023807534,42.39462276558643,100.0,0.009999999776482582,1.3074233531951904,0.75
3403,2.1002788431415143,151.23956374423818,40.49344874366387,100.0,0.009999999776482582,0.9632927179336548,0.75
3404,2.773214372427788,211.3150429445715,41.46341390801965,100.0,0.009999999776482582,1.5464773178100586,0.5
3405,2.4545655839142393,185.9501659084101,37.444834204477154,100.0,0.009999999776482582,1.534395694732666,0.5
3406,2.808227174752566,185.71432002790576,36.02852196169734,100.0,0.009999999776482582,1.8929294347763062,0.5
3407,2.3130068763019067,126.13308778065552,37.38337753965372,100.0,0.009999999776482582,1.3059918880462646,0.75
3408,2.481126004129985,150.2872152440165,40.166482474986374,100.0,0.009999999776482582,1.3000860214233398,0.75
3409,2.4665160041772283,134.74145911097878,40.362040190675046,100.0,0.009999999776482582,1.4679923057556152,0.75
3410,2.311912454398402,145.72575203551142,39.968755541788354,100.0,0.009999999776482582,1.108701229095459,0.75
3411,2.6716524379612707,139.75310596785528,41.89756752938864,100.0,0.009999999776482582,1.6385126113891602,0.75
3412,2.621375735999583,154.5702509978843,39.331790753232674,100.0,0.009999999776482582,1.2176026105880737,0.75
3413,3.077181513984446,132.09427122631584,37.01628793375409,100.0,0.009999999776482582,1.408003807067871,0.75
3414,2.3474057423380787,125.96382978107455,37.342243364495054,100.0,0.009999999776482582,1.2997288703918457,0.75
3415,1.9487530033814358,0.0024862352469166155,22.903427423255597,100.0,0.009999999776482582,0.8566563129425049,1.0
3416,2.63818099705246,208.74012115405623,39.310877827729215,100.0,0.009999999776482582,1.5164355039596558,0.5
3417,2.456091173981211,139.97204707949132,41.78060027427843,100.0,0.009999999776482582,1.2813525199890137,0.75
3418,2.602836873289184,120.57650808478991,36.417653973431584,100.0,0.009999999776482582,1.7686312198638916,0.75
3419,2.546746545065819,126.62895921524367,35.68341742876346,100.0,0.009999999776482582,1.4597936868667603,0.75
3420,3.110832404869065,175.34855762628993,43.60406709908521,100.0,0.009999999776482582,1.400878667831421,0.75
3421,2.5416697482782427,143.50049647190792,38.85249956502518,100.0,0.009999999776482582,1.5947527885437012,0.75
3422,2.860309239582249,196.97994716488452,38.58350893266536,100.0,0.009999999776482582,2.041910171508789,0.5
3423,2.4387059471267953,148.41271170839414,40.716100119528065,100.0,0.009999999776482582,1.5953526496887207,0.75
3424,2.256440192401549,0.7351688548267561,27.030136328731444,100.0,0.009999999776482582,1.2850799560546875,1.0
3425,2.414883167506317,0.1936188149639468,26.299599662566845,100.0,0.009999999776482582,1.4534552097320557,1.0
3426,1.9749519860449247,0.15461629335087726,26.96231217613471,100.0,0.009999999776482582,1.008188247680664,1.0
3427,3.43861452202537,207.04527149227502,40.48629056658203,100.0,0.009999999776482582,1.8231987953186035,0.5
3428,3.1917860718993594,130.15272244394055,36.409749782504576,100.0,0.009999999776482582,1.2561672925949097,0.75
3429,2.073339168716409,0.12746867901743125,25.041380479460248,100.0,0.009999999776482582,0.780365526676178,1.0
3430,2.6069855228334076,199.02798637485986,38.265480980987526,100.0,0.009999999776482582,1.7253178358078003,0.5
3431,2.190498902732003,0.5966274825246594,26.665539976826214,100.0,0.009999999776482582,1.3233146667480469,1.0
3432,2.47564255522822,143.6102924369686,41.47386322248107,100.0,0.009999999776482582,1.4152827262878418,0.75
3433,2.978930778049194,176.56581895734985,40.44829835119505,100.0,0.009999999776482582,1.4135253429412842,0.75
3434,2.6864274509710424,150.11979286152402,38.544610460826355,100.0,0.009999999776482582,1.3295791149139404,0.75
3435,1.9741182492662857,0.16288512351525766,25.2449100482287,100.0,0.009999999776482582,1.0036263465881348,1.0
3436,3.379773728418775,246.57845203191243,42.12428745043027,100.0,0.009999999776482582,1.660496711730957,0.5
3437,2.0634123264623554,0.5939703415608035,26.804437936565993,100.0,0.009999999776482582,1.0160170793533325,1.0
3438,2.5885520557380888,126.46890960372262,40.14659251871159,100.0,0.009999999776482582,1.4428949356079102,0.75
3439,2.1550736938999107,0.1340715748022716,25.804961428622683,100.0,0.009999999776482582,1.131593942642212,1.0
3440,2.6095490196445925,136.34790515733977,38.1879293611861,100.0,0.009999999776482582,1.3713743686676025,0.75
3441,2.402583086465235,146.27871096633461,39.94210620341943,100.0,0.009999999776482582,1.115369200706482,0.75
3442,2.2820021304702998,0.1880749753485995,27.374457365163096,100.0,0.009999999776482582,1.3285024166107178,1.0
3443,2.5774149289737953,146.41542676133918,39.85461270857001,100.0,0.009999999776482582,1.7355844974517822,0.75
3444,2.2477325916164035,0.15712707914781443,26.39323409742523,100.0,0.009999999776482582,1.146740198135376,1.0
3445,3.234828912565906,171.72840664608407,43.44460179542931,100.0,0.009999999776482582,1.2261629104614258,0.75
3446,2.4574637948925493,164.1705004261947,45.23701471969304,100.0,0.009999999776482582,1.4221203327178955,0.75
3447,2.809908211557277,212.2138133740988,41.80686316156991,100.0,0.009999999776482582,1.4621503353118896,0.5
3448,2.4320604047400507,141.87556003287054,42.87013482049931,100.0,0.009999999776482582,1.4237929582595825,0.75
3449,2.689668274471789,197.25423151222546,47.328442146056936,100.0,0.009999999776482582,1.5687761306762695,0.75
3450,3.3461668655978936,202.22332103340625,40.32764220215737,100.0,0.009999999776482582,1.8030884265899658,0.5
3451,2.4795133241055,134.01622815482423,38.84085525635052,100.0,0.009999999776482582,1.552242636680603,0.75
3452,2.081590263666413,0.328881822838976,25.801705695282024,100.0,0.009999999776482582,1.0146528482437134,1.0
3453,2.2716900578574037,0.10171360226432818,24.80319548328379,100.0,0.009999999776482582,0.9516381621360779,1.0
3454,3.1366375341221047,274.0581941976343,41.73459559962564,100.0,0.009999999776482582,1.7882994413375854,0.25
3455,2.526594131058078,207.68718025985444,42.89110926541255,100.0,0.009999999776482582,1.4207484722137451,0.5
3456,2.5954914544455026,138.93216967721222,38.15458651709143,100.0,0.009999999776482582,1.6513047218322754,0.75
3457,3.0157341742235,134.8564729221176,38.84057336399744,100.0,0.009999999776482582,1.7540836334228516,0.75
3458,2.8563298765698093,219.35682213741842,42.592388023300344,100.0,0.009999999776482582,1.3738006353378296,0.5
3459,2.7486519567916052,149.49719660777714,40.409486436339265,100.0,0.009999999776482582,1.5578314065933228,0.75
3460,2.7295492016768503,166.05641232134792,42.693502784401254,100.0,0.009999999776482582,1.4728635549545288,0.75
3461,2.195807778541831,139.39067828998222,41.76959661411563,100.0,0.009999999776482582,1.1290147304534912,0.75
3462,2.5936026460801984,151.05492822266427,41.988813381401144,100.0,0.009999999776482582,1.3329215049743652,0.75
3463,2.6643407240802737,134.47109802229426,35.983697311832856,100.0,0.009999999776482582,1.7669068574905396,0.75
3464,2.4295516466036227,0.19018076665003042,25.225064332819553,100.0,0.009999999776482582,1.6131309270858765,1.0
3465,2.503585582691294,192.4341823007691,37.61187613127391,100.0,0.009999999776482582,1.535081148147583,0.5
3466,2.0324266895853262,0.17313742890114855,26.28896294902824,100.0,0.009999999776482582,1.0221452713012695,1.0
3467,2.378876858271998,138.51169550422233,40.10053910833206,100.0,0.009999999776482582,1.45759916305542,0.75
3468,2.766232414865002,145.07733111687875,37.39788070673393,100.0,0.009999999776482582,1.5200486183166504,0.75
3469,2.1380494889621136,0.1480553965096638,26.213132179243754,100.0,0.009999999776482582,1.0155560970306396,1.0
3470,2.773154923836107,105.41532717477875,38.26776823978042,100.0,0.009999999776482582,1.8691377639770508,0.75
3471,2.0232922958328823,0.0022394893335016875,22.765028052013704,100.0,0.009999999776482582,0.9873263835906982,1.0
3472,2.4224408570149034,126.30870628592153,38.14955194883365,100.0,0.009999999776482582,1.303273320198059,0.75
3473,1.7080932041257029,0.0022324562692763307,22.764709868908252,100.0,0.009999999776482582,0.6854740381240845,1.0
3474,1.7886493093584817,0.002097740943353824,22.693031793067007,100.0,0.009999999776482582,0.8208385705947876,1.0
3475,1.914498177125301,0.00224547849213159,22.800574338154956,100.0,0.009999999776482582,0.7161418199539185,1.0
3476,2.831772092531009,241.54762681848743,40.01495652770793,100.0,0.009999999776482582,1.829748272895813,0.25
3477,2.7589580383787724,166.29735261791288,40.299952479380984,100.0,0.009999999776482582,1.2208566665649414,0.75
3478,3.3994502311371844,211.16988375583603,41.08395502387307,100.0,0.009999999776482582,1.6200672388076782,0.5
3479,1.717821811748641,0.0020207426790949125,22.664615695434527,100.0,0.009999999776482582,0.6948760747909546,1.0
3480,3.1306317216698503,145.05387961067518,40.2276654138671,100.0,0.009999999776482582,1.2120764255523682,0.75
3481,2.536598290591276,139.74187371995245,40.27390303789026,100.0,0.009999999776482582,1.4330344200134277,0.75
3482,3.0552519212435088,230.70771872361829,42.22322928460675,100.0,0.009999999776482582,1.5185997486114502,0.5
3483,2.990573083971513,142.8686206013851,43.304552949016006,100.0,0.009999999776482582,1.4329355955123901,0.75
3484,3.1426795931339173,215.26078912356166,41.533612820724,100.0,0.009999999776482582,1.8281331062316895,0.5
3485,2.1838915683025055,0.16614230515951445,25.330909754210893,100.0,0.009999999776482582,1.018349528312683,1.0
3486,2.944855828383202,136.65410844009907,40.71649623370459,100.0,0.009999999776482582,1.5474839210510254,0.75
3487,2.8036645862323124,170.63327325674484,39.202664831000995,100.0,0.009999999776482582,1.7423468828201294,0.75
3488,3.1707001400377113,215.10148778965802,40.1810623157493,100.0,0.009999999776482582,1.8228678703308105,0.5
3489,2.650678181109881,160.6249696349545,42.008400709687656,100.0,0.009999999776482582,1.2406483888626099,0.75
3490,2.9801385349819713,239.92990509050557,39.858740839354965,100.0,0.009999999776482582,1.8322741985321045,0.25
3491,2.0571081803334113,0.5857213595326646,26.668857959515503,100.0,0.009999999776482582,1.0370761156082153,1.0
3492,2.562144303761447,144.67756632046985,41.21334051336414,100.0,0.009999999776482582,1.6315760612487793,0.75
3493,2.1812313457773724,147.277207409112,41.32911372856103,100.0,0.009999999776482582,0.9716922640800476,0.75
3494,2.4683654042433405,126.2374412883376,34.7368578077878,100.0,0.009999999776482582,1.6076850891113281,0.75
3495,2.2561173101364806,144.65541813539386,41.85577701651019,100.0,0.009999999776482582,1.1358983516693115,0.75
3496,2.5123568841963917,163.08343394491226,42.75240393008985,100.0,0.009999999776482582,1.252427577972412,0.75
3497,2.505430502630692,141.0944379095659,39.09248017818932,100.0,0.009999999776482582,1.6271650791168213,0.75
3498,1.7975762748309156,0.002342507787814194,22.7376580698949,100.0,0.009999999776482582,0.6945914626121521,1.0
3499,2.9042316424200765,207.51714646816666,39.02531124733971,100.0,0.009999999776482582,1.7353379726409912,0.5
3500,2.6564645367266855,144.64972227263212,42.966982762993766,100.0,0.009999999776482582,1.5860172510147095,0.75
3501,2.8588415971535532,0.3350812801579989,28.694853177725598,100.0,0.009999999776482582,1.2661124467849731,1.0
3502,2.4419385332287082,163.92150623820123,44.2003823825803,100.0,0.009999999776482582,1.43180513381958,0.75
3503,2.6555889610241565,134.68864682997997,40.46372640523061,100.0,0.009999999776482582,1.2401487827301025,0.75
3504,3.5436342725753063,108.99299752315457,37.149934790791335,100.0,0.009999999776482582,1.587701678276062,1.0
3505,2.6836188880056326,131.7994349857086,39.350005996028436,100.0,0.009999999776482582,1.6862215995788574,0.75
3506,3.0319783634914184,184.08227507191404,43.20091620330208,100.0,0.009999999776482582,1.3986307382583618,0.75
3507,1.7392157866493694,0.002295382408418444,22.771852397036227,100.0,0.009999999776482582,0.6942055821418762,1.0
3508,1.83820657700503,0.002086752806550483,22.69529264313188,100.0,0.009999999776482582,0.6988346576690674,1.0
3509,2.3948462480967585,150.0091894674875,40.72060843344129,100.0,0.009999999776482582,1.4180296659469604,0.75
3510,2.226672289199206,0.21556467908536858,25.72746511824567,100.0,0.009999999776482582,1.161015510559082,1.0
3511,2.061004615675523,0.1900290217949725,25.54469584144293,100.0,0.009999999776482582,1.163081407546997,1.0
3512,3.1727079113799848,207.82133571971482,42.83980760297606,100.0,0.009999999776482582,1.6578714847564697,0.5
3513,3.1258036060169236,217.62743410649927,40.21434760612397,100.0,0.009999999776482582,1.8850147724151611,0.5
3514,2.7708832720467904,194.94912022108417,38.36914627266691,100.0,0.009999999776482582,1.888305425643921,0.5
3515,2.868127124607255,207.2551508571318,41.587237767939634,100.0,0.009999999776482582,1.622765302658081,0.5
3516,2.634743438726199,0.1778597631475335,26.472263768388707,100.0,0.009999999776482582,1.2561134099960327,1.0
3517,2.4202715784609636,0.5767811226917368,26.68632416565051,100.0,0.009999999776482582,1.4769494533538818,1.0
3518,3.1543161694858126,182.25877128705866,38.7527321999278,100.0,0.009999999776482582,1.9685604572296143,0.5
3519,3.404207587648537,269.91632861215066,38.739505295748955,100.0,0.009999999776482582,2.1256284713745117,0.25
3520,2.5062052379828845,139.18039739937518,38.74255124222674,100.0,0.009999999776482582,1.1704282760620117,0.75
3521,2.5123211192857124,132.59653905783784,37.287518342776735,100.0,0.009999999776482582,1.6081798076629639,0.75
3522,3.068954036463224,261.2916160699449,40.41318901308357,100.0,0.009999999776482582,1.788440227508545,0.25
3523,3.1799086047077676,186.40699825952052,38.56084061283894,100.0,0.009999999776482582,1.6232235431671143,0.5
3524,2.200451111539108,0.11335739466864862,24.735296740715864,100.0,0.009999999776482582,1.3182653188705444,1.0
3525,2.3097410152236777,0.22131690164831647,26.178029193351524,100.0,0.009999999776482582,1.0947338342666626,1.0
3526,2.575486993823252,222.93753071298485,40.08207667253836,100.0,0.009999999776482582,1.5110561847686768,0.5
3527,2.1708842906916477,0.6382565421017992,26.854349585503517,100.0,0.009999999776482582,1.038144826889038,1.0
3528,2.278657300743911,0.16932295363791727,26.409601702782602,100.0,0.009999999776482582,1.190214991569519,1.0
3529,3.2215597166091636,186.88698722935564,36.603972272766185,100.0,0.009999999776482582,1.694362998008728,0.5
3530,2.4109360348992546,0.6193461663545606,26.655241338688747,100.0,0.009999999776482582,1.4557969570159912,1.0
3531,2.3827704076250464,0.13185450857625058,25.464448153697838,100.0,0.009999999776482582,1.3744595050811768,1.0
3532,2.6379751451046833,0.2537782651358065,26.813231458527603,100.0,0.009999999776482582,1.6835050582885742,1.0
3533,2.060745159561926,0.47604663028137334,26.560059429119704,100.0,0.009999999776482582,1.01143479347229,1.0
3534,2.283869096949172,147.35631694513677,42.47791465218406,100.0,0.009999999776482582,1.0914256572723389,0.75
3535,2.711794610339375,189.88450983485475,37.194241335733466,100.0,0.009999999776482582,1.7214617729187012,0.5
3536,2.1027066459041603,160.35045495172423,42.91807291323962,100.0,0.009999999776482582,0.9760240316390991,0.75
3537,2.4006169800677566,0.10731220582983392,25.289756695386355,100.0,0.009999999776482582,1.489476203918457,1.0
3538,1.9700695338929872,0.002075888725291239,22.650023982735338,100.0,0.009999999776482582,0.8368484377861023,1.0
3539,3.079570799926782,189.39107867401938,36.08245842371791,100.0,0.009999999776482582,1.7902133464813232,0.5
3540,2.5667598422627393,136.47526790265655,37.65581587962694,100.0,0.009999999776482582,1.4311034679412842,0.75
3541,2.532775315766755,0.2363232458531506,26.664488948903752,100.0,0.009999999776482582,1.4682390689849854,1.0
3542,3.2185921192338167,141.61259809795857,37.91791411710598,100.0,0.009999999776482582,1.7158074378967285,0.75
3543,2.621885297250948,219.87355043316018,40.48475574863422,100.0,0.009999999776482582,1.5601494312286377,0.5
3544,2.6257820532792033,175.18621925489788,39.63871941523334,100.0,0.009999999776482582,1.745625376701355,0.75
3545,2.4910885755432735,193.8857312245856,43.52736214130984,100.0,0.009999999776482582,1.1955918073654175,0.75
3546,2.5647069778217637,139.25931655251833,41.159388721490934,100.0,0.009999999776482582,1.2787022590637207,0.75
3547,2.909337164164071,315.71619171356866,42.39127387395381,100.0,0.009999999776482582,1.8170644044876099,0.25
3548,3.1615403051253947,151.64427150761898,40.24628996960191,100.0,0.009999999776482582,1.671919822692871,0.75
3549,2.033370609876836,0.06979986563600254,26.11882224221409,100.0,0.009999999776482582,0.861614465713501,1.0
3550,2.594967948030755,0.2442499537510301,27.27082405503635,100.0,0.009999999776482582,1.1472920179367065,1.0
3551,2.548157181384902,204.00462929904552,40.7332482839417,100.0,0.009999999776482582,1.3986189365386963,0.5
3552,2.792040032305484,213.55626705213385,41.60853774662787,100.0,0.009999999776482582,1.668565034866333,0.5
3553,2.6801817556832566,108.80060891572667,37.37342630186155,100.0,0.009999999776482582,1.3797552585601807,0.75
3554,2.377696820994306,0.10035137668879189,25.336150657013956,100.0,0.009999999776482582,1.340367078781128,1.0
3555,2.5205182862336692,143.55695239768323,39.591166999904374,100.0,0.009999999776482582,1.2867287397384644,0.75
3556,2.143904844837111,0.1822996133354413,27.285118747722723,100.0,0.009999999776482582,1.0102397203445435,1.0
3557,2.0385642342265826,0.0021742048875064983,22.7125521344056,100.0,0.009999999776482582,0.8659308552742004,1.0
3558,3.106286929721028,184.16896247555076,44.93903201736334,100.0,0.009999999776482582,1.4532296657562256,0.75
3559,2.1038064783324217,0.0023442862006000102,22.717795304542545,100.0,0.009999999776482582,1.0050917863845825,1.0
3560,2.3649175021147895,149.70514281112094,41.118199171348294,100.0,0.009999999776482582,1.1180801391601562,0.75
3561,2.727713776465827,0.6498699066579793,27.956423604250418,100.0,0.009999999776482582,1.2866191864013672,1.0
3562,2.831568325766961,196.48623783473033,39.43425889242275,100.0,0.009999999776482582,1.7160441875457764,0.5
3563,2.887947400883764,110.75675947080703,37.05261139702958,100.0,0.009999999776482582,1.7074869871139526,0.75
3564,3.2227381950629237,284.19618756320847,41.114272619696386,100.0,0.009999999776482582,1.7317168712615967,0.25
3565,2.922300407724538,120.19335599816206,39.61217644819764,100.0,0.009999999776482582,1.2845828533172607,0.75
3566,2.3075587794303343,192.59985050984167,43.23080466945946,100.0,0.009999999776482582,1.246881127357483,0.75
3567,2.7450642814219,125.8342238471616,35.28042125465787,100.0,0.009999999776482582,1.682010293006897,0.75
3568,3.102213021924649,241.49946568945842,40.73345749180412,100.0,0.009999999776482582,1.9531574249267578,0.25
3569,2.957907922549498,249.43224869753075,39.31256755278569,100.0,0.009999999776482582,1.9777439832687378,0.25
3570,2.8112025537034184,175.72331405864688,41.85115163095821,100.0,0.009999999776482582,1.4265873432159424,0.75
3571,3.3212841788719474,185.91181651909505,40.229312279292934,100.0,0.009999999776482582,1.871462345123291,0.5
3572,2.7738867562035177,216.5687778194487,41.79498115049593,100.0,0.009999999776482582,1.6608574390411377,0.5
3573,2.3803447434207885,156.5488813355617,42.6341123327313,100.0,0.009999999776482582,1.3090229034423828,0.75
3574,2.536922015587278,0.24906528759839344,26.396892403572352,100.0,0.009999999776482582,1.5124350786209106,1.0
3575,2.665793993000496,0.13237760807887228,24.957416225695297,100.0,0.009999999776482582,1.2469465732574463,1.0
3576,2.5056879547207114,0.376133925665117,28.07886603289437,100.0,0.009999999776482582,1.6206588745117188,1.0
3577,2.6197773347697506,155.0067360897264,40.644573495240984,100.0,0.009999999776482582,1.441543459892273,0.75
3578,2.740014037046337,161.08084152987124,43.147691972647706,100.0,0.009999999776482582,1.7636429071426392,0.75
3579,2.1702415873963616,0.11169479377117675,25.552856175050124,100.0,0.009999999776482582,0.8901189565658569,1.0
3580,2.873968685408477,196.57429577508452,39.43363951873854,100.0,0.009999999776482582,1.4388833045959473,0.75
3581,2.4352470969654187,0.9068150211298658,26.999806631294007,100.0,0.009999999776482582,1.3315942287445068,1.0
3582,2.945905285544881,192.92348395398548,45.48989621670283,100.0,0.009999999776482582,1.6571900844573975,0.75
3583,2.516822283091247,125.78222095109905,38.77272442413212,100.0,0.009999999776482582,1.459575891494751,0.75
3584,2.2870444276626376,129.13471484442826,36.59081396001555,100.0,0.009999999776482582,1.1452810764312744,0.75
3585,3.0339713056883717,245.890063815318,40.40101271130892,100.0,0.009999999776482582,1.8177908658981323,0.25
3586,2.2260525220436786,0.5859419133994042,26.77357325502615,100.0,0.009999999776482582,1.0113078355789185,1.0
3587,3.123706902868929,192.74109465975846,40.30015275412917,100.0,0.009999999776482582,1.9424067735671997,0.75
3588,2.5381379788763305,166.69301990379327,41.75426216610433,100.0,0.009999999776482582,1.2379441261291504,0.75
3589,2.770575100079658,175.63510202531359,42.241320385209875,100.0,0.009999999776482582,1.1665856838226318,0.75
3590,2.6112125141082316,124.09370062269068,34.23152359687922,100.0,0.009999999776482582,1.4390583038330078,0.75
3591,2.2669342984085397,0.29290832202765404,25.84079664242141,100.0,0.009999999776482582,1.2984602451324463,1.0
3592,3.1057279449197286,0.3830040877958601,28.293352440410143,100.0,0.009999999776482582,1.6083804368972778,1.0
3593,2.80948671896371,205.34310767125297,41.64163861866106,100.0,0.009999999776482582,1.6813197135925293,0.5
3594,3.1700010394050553,115.4830679364402,34.806029609714855,100.0,0.009999999776482582,1.5266841650009155,0.75
3595,2.9285552989043886,221.8269577298754,41.823924773949436,100.0,0.009999999776482582,1.7175081968307495,0.5
3596,2.588385444278714,212.7354542281042,42.43210792108312,100.0,0.009999999776482582,1.530228614807129,0.5
3597,2.5163107672845846,143.41841251134946,41.54063551349049,100.0,0.009999999776482582,1.2923080921173096,0.75
3598,2.6812648645618884,190.90449309008073,39.082882733537375,100.0,0.009999999776482582,1.7160203456878662,0.5
3599,2.109528240008883,0.002390266549240976,22.701040899279505,100.0,0.009999999776482582,1.0067685842514038,1.0
3600,2.372122511904917,131.49501092433258,36.82786821180422,100.0,0.009999999776482582,1.129415512084961,0.75
3601,3.2732625272447775,231.1387088664961,42.44278975237017,100.0,0.009999999776482582,1.5698082447052002,0.5
3602,2.828006798853977,197.42743630859752,37.829289922446,100.0,0.009999999776482582,1.5248243808746338,0.5
3603,3.0175947808306387,132.20685028250702,38.75506693610583,100.0,0.009999999776482582,1.4433491230010986,0.75
3604,3.119104866407597,276.32630279482487,40.94739911548417,100.0,0.009999999776482582,1.9410821199417114,0.25
3605,2.1186155065813397,0.00233799200466752,22.724987148245887,100.0,0.009999999776482582,0.8662313222885132,1.0
3606,2.229495856635422,0.042724887465916114,24.541367815337445,100.0,0.009999999776482582,1.1732723712921143,1.0
3607,3.276725896836972,243.43037716157465,39.567352121891886,100.0,0.009999999776482582,1.4810653924942017,0.5
3608,2.4601683088941377,0.6355262545784659,26.78242750208912,100.0,0.009999999776482582,1.6069507598876953,1.0
3609,2.735245808324458,131.61682317296686,37.26075466934125,100.0,0.009999999776482582,1.6713151931762695,0.75
3610,3.243483397656123,176.6028051266719,40.214738138889764,100.0,0.009999999776482582,1.689452052116394,0.5
3611,2.03371345983468,0.04479300207574602,24.71252677134423,100.0,0.009999999776482582,1.1517547369003296,1.0
3612,2.9170813846717305,163.61988803531926,35.55653474319369,100.0,0.009999999776482582,1.7960734367370605,0.5
3613,2.4070894188513923,133.3432294982128,38.62625311101856,100.0,0.009999999776482582,1.4554765224456787,0.75
3614,2.1263619751073923,0.15548391326961478,26.498469196498522,100.0,0.009999999776482582,1.0327584743499756,1.0
3615,3.4911373133040486,221.22864325977622,43.914206473471445,100.0,0.009999999776482582,1.6155896186828613,0.5
3616,3.14568157968956,167.98197482974194,40.92517014042221,100.0,0.009999999776482582,1.4906275272369385,0.75
3617,2.4792164057249644,109.75610416305658,37.18088267897657,100.0,0.009999999776482582,1.218101143836975,0.75
3618,3.525958450978628,150.46371593612596,44.35980309391734,100.0,0.009999999776482582,1.6769754886627197,0.75
3619,2.885799554116051,209.0775122969406,39.806531532806105,100.0,0.009999999776482582,2.037628650665283,0.5
3620,2.811379665329753,148.76308787712242,41.19500722178244,100.0,0.009999999776482582,1.363994836807251,0.75
3621,2.4781391818534364,153.18060047697242,37.61320011946754,100.0,0.009999999776482582,1.4403969049453735,0.75
3622,3.072404265854011,208.4790771225599,38.971904587736724,100.0,0.009999999776482582,1.7348437309265137,0.5
3623,2.9458222120428217,128.09501628204734,38.57022143449404,100.0,0.009999999776482582,1.6686043739318848,1.0
3624,2.6687465981015546,130.6011218460564,39.80709998386121,100.0,0.009999999776482582,1.7450644969940186,0.75
3625,2.7639901915228697,172.08899088411889,41.82292479390226,100.0,0.009999999776482582,1.4150367975234985,0.75
3626,2.261949593693548,0.11847690229623989,26.11453905098753,100.0,0.009999999776482582,1.018976092338562,1.0
3627,3.0964954551105,0.6492890289222929,26.81364633446629,100.0,0.009999999776482582,1.2809369564056396,1.0
3628,2.291190302954447,0.20770388175590812,26.468030021255608,100.0,0.009999999776482582,1.3175554275512695,1.0
3629,3.0662393587551913,258.36273366076296,41.8830048454628,100.0,0.009999999776482582,1.7626086473464966,0.25
3630,3.264408985337953,231.29627761742438,41.584581303470046,100.0,0.009999999776482582,1.3405474424362183,0.5
3631,3.579097268848784,220.66587585302202,39.98792999994237,100.0,0.009999999776482582,1.7147010564804077,0.5
3632,2.840676895809367,209.39533623108449,40.99400947048456,100.0,0.009999999776482582,1.8593339920043945,0.5
3633,2.250781219615027,0.0026657082727366906,22.74957502529876,100.0,0.009999999776482582,1.1367096900939941,1.0
3634,2.515919733701377,0.6024508934935178,27.023631387424814,100.0,0.009999999776482582,1.348598599433899,1.0
3635,2.7315521334475075,186.06907833169655,39.42504356393851,100.0,0.009999999776482582,1.666083574295044,0.5
3636,2.488348232356123,157.81518122830204,39.15092910851326,100.0,0.009999999776482582,1.3259499073028564,0.75
3637,2.509282291110416,154.63405801746205,40.3740850630163,100.0,0.009999999776482582,1.2805399894714355,0.75
3638,2.5197116015804792,153.43310644423497,42.73654004144216,100.0,0.009999999776482582,1.3937952518463135,0.75
3639,2.748345637237744,178.9105812645352,39.167559122000654,100.0,0.009999999776482582,1.4966766834259033,0.5
3640,2.302226221251278,0.1721117488893732,25.93296660514056,100.0,0.009999999776482582,1.2930711507797241,1.0
3641,3.4476384979841863,214.2035887808673,42.71435697555769,100.0,0.009999999776482582,1.8330434560775757,0.5
3642,2.5818106639973464,0.08653784860568829,24.128793785101497,100.0,0.009999999776482582,1.535519003868103,1.0
3643,2.458855964426468,129.44872338870977,36.14193098865505,100.0,0.009999999776482582,1.4378341436386108,0.75
3644,2.5328218810766816,185.36567084700926,43.127992445306404,100.0,0.009999999776482582,1.4139726161956787,0.75
3645,2.2939948588143593,0.16734357175710857,25.597588428449086,100.0,0.009999999776482582,1.3219068050384521,1.0
3646,3.0102129455579165,202.1866687204605,40.403924001927756,100.0,0.009999999776482582,1.6990468502044678,0.5
3647,2.6486047863831246,110.06438411208553,36.09882642621932,100.0,0.009999999776482582,1.4199453592300415,0.75
3648,3.1057782485504895,210.61388313004318,41.63585647966139,100.0,0.009999999776482582,1.798714280128479,0.5
3649,2.518910225523717,0.2087100841370686,26.73081301155089,100.0,0.009999999776482582,1.6558334827423096,1.0
3650,2.636169146013157,0.6137443588445859,27.13826126181551,100.0,0.009999999776482582,1.6390607357025146,1.0
3651,2.4600808683144835,0.8431184534387776,27.16978009025887,100.0,0.009999999776482582,1.3280940055847168,1.0
3652,2.7512336616541404,219.1752696342598,39.519226029729694,100.0,0.009999999776482582,1.5721814632415771,0.5
3653,2.0463867349151466,0.0021018406840435364,22.56769912358571,100.0,0.009999999776482582,1.0031025409698486,1.0
3654,3.218182139135508,0.9572872333443123,28.334829813481445,100.0,0.009999999776482582,1.2950475215911865,1.0
3655,3.1079703605346443,237.98937789595934,40.954930372623814,100.0,0.009999999776482582,2.0573770999908447,0.5
3656,2.901330565024552,0.840295120421128,27.82387836077988,100.0,0.009999999776482582,1.4832839965820312,1.0
3657,1.9047662015272266,0.00208572588589695,22.575482215437063,100.0,0.009999999776482582,0.7272225022315979,1.0
3658,2.4758276710271914,151.86528298806752,40.331063261492474,100.0,0.009999999776482582,1.2932997941970825,0.75
3659,2.4887107661796475,0.18519411410327014,26.69075683176425,100.0,0.009999999776482582,1.3562337160110474,1.0
3660,2.6649053779988026,114.97439267685957,40.19421391340808,100.0,0.009999999776482582,1.198870301246643,0.75
3661,2.4102268690913315,135.5025368392025,43.47909717560059,100.0,0.009999999776482582,1.4260244369506836,0.75
3662,2.776697702113825,131.869850635744,41.24392616292989,100.0,0.009999999776482582,1.4608912467956543,0.75
3663,3.431488518149034,280.45539843258496,40.92430015557501,100.0,0.009999999776482582,1.8380224704742432,0.25
3664,3.2791253154404036,283.933570252905,39.831065884452954,100.0,0.009999999776482582,1.720762848854065,0.25
3665,2.43735683185051,108.1413538441159,34.60344168652659,100.0,0.009999999776482582,1.2051101922988892,0.75
3666,2.7154482508907365,159.98317078722746,41.376415767621104,100.0,0.009999999776482582,1.7060232162475586,0.75
3667,2.1541865703258267,0.17106345401090498,27.10059307620811,100.0,0.009999999776482582,1.1624467372894287,1.0
3668,2.4626160512442348,0.07714877995288587,25.25381649373975,100.0,0.009999999776482582,0.9599912166595459,1.0
3669,2.5473293072785053,145.49346935685594,47.323000761590556,100.0,0.009999999776482582,1.3887975215911865,0.75
3670,2.091021983841515,0.11142956213346815,26.223739002158062,100.0,0.009999999776482582,0.9861862063407898,1.0
3671,2.739536463662305,219.83435552570592,39.910959951052384,100.0,0.009999999776482582,1.3387055397033691,0.5
3672,1.9556269082849416,0.0018570995670803057,22.60348671098848,100.0,0.009999999776482582,0.8328379988670349,1.0
3673,2.6147512752918387,123.5049584466925,33.88279074849483,100.0,0.009999999776482582,1.748460292816162,0.75
3674,2.6066039204186016,134.206690629276,38.3414975508158,100.0,0.009999999776482582,1.439091444015503,0.75
3675,2.8274695111572496,152.6903888787984,38.061694171655475,100.0,0.009999999776482582,1.7187652587890625,0.75
3676,2.9830133671464303,186.11971270256421,43.03270068152418,100.0,0.009999999776482582,1.6713104248046875,0.75
3677,2.8171697672383957,161.21181918186667,41.484950297721234,100.0,0.009999999776482582,1.7574365139007568,0.75
3678,2.9820007368358574,114.5863483419136,39.36392028618092,100.0,0.009999999776482582,1.3327409029006958,0.75
3679,2.511011616286731,155.16213267249384,37.800973659121766,100.0,0.009999999776482582,1.3201663494110107,0.75
3680,2.6046022388937917,109.67666467056902,35.40465102770252,100.0,0.009999999776482582,1.5639259815216064,0.75
3681,2.5787201376415396,0.5170247417973708,26.949303563118622,100.0,0.009999999776482582,1.3278552293777466,1.0
3682,2.630858992346007,0.1576689397326009,26.281551262644925,100.0,0.009999999776482582,1.3390096426010132,1.0
3683,3.5561319051415397,148.12126942211776,38.38664083837618,100.0,0.009999999776482582,1.8456538915634155,0.75
3684,1.8955295737264983,0.17103855182182243,27.218352220059522,100.0,0.009999999776482582,0.8646240234375,1.0
3685,2.4718318475929437,131.04260717739885,35.97151254405688,100.0,0.009999999776482582,1.3836250305175781,0.75
3686,2.6897059882747882,219.66326523714176,40.961060076362436,100.0,0.009999999776482582,1.349819540977478,0.5
3687,3.0879154953007464,157.1809175108841,40.517476212929374,100.0,0.009999999776482582,1.375544548034668,0.75
3688,2.8721068735152224,220.82206835243343,37.763952626100505,100.0,0.009999999776482582,1.5715808868408203,0.5
3689,3.5307499514620617,218.41748012543326,41.10678901577712,100.0,0.009999999776482582,1.5807503461837769,0.5
3690,3.164900790956661,127.1254808316414,35.60989414493129,100.0,0.009999999776482582,1.570622205734253,0.75
3691,2.26126506359523,135.2766781047923,36.439238916837624,100.0,0.009999999776482582,0.8994919061660767,0.75
3692,2.9404979162130966,197.14541588927088,37.638584471479064,100.0,0.009999999776482582,1.655500888824463,0.5
3693,2.239370173622074,0.4288648612425966,26.66609348786331,100.0,0.009999999776482582,1.185699224472046,1.0
3694,2.6652268128273033,198.17399326991142,39.134825480961204,100.0,0.009999999776482582,1.387589693069458,0.5
3695,4.340843387015846,256.88668277859205,39.51647025110237,100.0,0.009999999776482582,1.9507383108139038,0.5
3696,2.8644692458737184,201.81107914924573,38.812885817398325,100.0,0.009999999776482582,1.453333854675293,0.5
3697,2.277489368568395,0.0018469939224732576,22.525251788472854,100.0,0.009999999776482582,0.998023509979248,1.0
3698,2.2183497855803544,0.08423177827907843,25.12438494074995,100.0,0.009999999776482582,1.0300750732421875,1.0
3699,2.8306434122597763,189.64642056803638,42.39636224617057,100.0,0.009999999776482582,1.3772883415222168,0.75
3700,2.926150653848489,133.00739049114662,38.78250677878512,100.0,0.009999999776482582,1.5062885284423828,0.75
3701,3.066844597320421,263.0507147964983,40.0133134821646,100.0,0.009999999776482582,1.8176510334014893,0.25
3702,2.325224806479816,153.72392816195716,40.38303093069774,100.0,0.009999999776482582,1.2441695928573608,0.75
3703,2.8408455509082278,141.76859684287234,42.77278272951453,100.0,0.009999999776482582,1.763283133506775,0.75
3704,2.2159534706096826,139.13769401297557,36.76365621759065,100.0,0.009999999776482582,1.1384332180023193,0.75
3705,2.6493380780221965,146.1326630181162,47.13894512437467,100.0,0.009999999776482582,1.4208564758300781,0.75
3706,2.8652143871302376,154.2600088267615,40.474254419200044,100.0,0.009999999776482582,1.5120823383331299,0.75
3707,2.1179020454493296,0.0707708775825545,26.22251892307836,100.0,0.009999999776482582,0.9874463081359863,1.0
3708,3.193477045743478,212.4988928239338,40.878764621605384,100.0,0.009999999776482582,1.5616248846054077,0.5
3709,2.7584763392002167,138.94149421494353,40.37524769608769,100.0,0.009999999776482582,1.6422665119171143,0.75
3710,2.7565002071022686,188.32748603519852,42.444150146739396,100.0,0.009999999776482582,1.5344021320343018,0.75
3711,2.829653873209777,159.8706858910682,39.75235805664003,100.0,0.009999999776482582,1.7660876512527466,0.75
3712,2.559023985908866,158.52779612393846,44.02496952063457,100.0,0.009999999776482582,1.5663070678710938,0.75
3713,2.725239137823896,0.6250465704920279,28.312540758227115,100.0,0.009999999776482582,0.9797760844230652,1.0
3714,2.3742376147514856,0.5409317939502003,27.062472077491723,100.0,0.009999999776482582,1.3369054794311523,1.0
3715,1.9503218348196167,0.001640803577658337,22.494686690297538,100.0,0.009999999776482582,0.8180564045906067,1.0
3716,2.7249830045175294,198.06461044476333,38.05677637873796,100.0,0.009999999776482582,1.5453572273254395,0.5
3717,3.026384068824085,191.9694706610691,40.011620635929305,100.0,0.009999999776482582,1.6621490716934204,0.5
3718,2.3755336537069858,151.25286326544756,43.56254259306447,100.0,0.009999999776482582,0.9119317531585693,0.75
3719,3.0413631021698544,187.128887897514,37.625463713919,100.0,0.009999999776482582,2.0618643760681152,0.5
3720,2.9798912599468337,155.37507453674357,41.22577054620354,100.0,0.009999999776482582,1.072627067565918,0.75
3721,3.3734592201865032,178.58590883055513,41.799645784241335,100.0,0.009999999776482582,1.1665410995483398,0.75
3722,2.2312404556272303,0.5363114181643447,27.133632369573224,100.0,0.009999999776482582,1.024686574935913,1.0
3723,2.6219795128138053,130.8441021287604,37.689046010167964,100.0,0.009999999776482582,1.6221665143966675,0.75
3724,2.6259934346443727,190.12616803461523,42.34493873664689,100.0,0.009999999776482582,1.2566661834716797,0.75
3725,2.794021519670943,128.07539649096557,34.71139876973038,100.0,0.009999999776482582,1.5791231393814087,0.75
3726,3.2611131170336147,156.82429826495473,43.24982693917176,100.0,0.009999999776482582,1.3995754718780518,0.75
3727,2.4882058678779817,0.11308780338828571,24.580844278299057,100.0,0.009999999776482582,1.541154384613037,1.0
3728,3.164105855652458,113.317983299455,42.02411657994886,100.0,0.009999999776482582,1.6330740451812744,0.75
3729,2.897796896538334,153.30020053666584,39.88343248338835,100.0,0.009999999776482582,1.6681618690490723,0.75
3730,2.6011599205485214,153.94284373355333,39.79539454571279,100.0,0.009999999776482582,1.4452996253967285,0.75
3731,2.7441614873868785,125.05853615310707,34.7816696581462,100.0,0.009999999776482582,1.6285125017166138,0.75
3732,2.1856626251104556,0.0017227906414682569,22.52042129876752,100.0,0.009999999776482582,0.9870443344116211,1.0
3733,3.617761826647162,211.30852496330596,40.95271352886253,100.0,0.009999999776482582,1.7486402988433838,0.5
3734,1.9429669641562746,0.0015986407440025878,22.44705358942361,100.0,0.009999999776482582,0.8263803720474243,1.0
3735,2.2366670986740464,0.0017075045958041275,22.45850113200194,100.0,0.009999999776482582,0.9880935549736023,1.0
3736,3.379197684032453,201.41702199079313,39.21083027735053,100.0,0.009999999776482582,1.4741637706756592,0.5
3737,3.663665902336455,216.45231616528835,39.05615334712809,100.0,0.009999999776482582,1.6056374311447144,0.5
3738,2.783145686051507,133.8930895662863,37.1895070212068,100.0,0.009999999776482582,1.591660499572754,0.75
3739,2.618321617240956,0.16630263058647307,26.044753640534704,100.0,0.009999999776482582,1.64483642578125,1.0
3740,3.530098151135438,257.6330773886396,43.06909969285798,100.0,0.009999999776482582,1.4106403589248657,0.5
3741,2.3231014867572948,0.20096865101087558,27.09408529209287,100.0,0.009999999776482582,1.3090910911560059,1.0
3742,2.5597015956120446,190.58915017345683,41.01588823831601,100.0,0.009999999776482582,0.8835152387619019,0.75
3743,3.382194169653576,179.01059501760534,36.92316987880229,100.0,0.009999999776482582,1.6338353157043457,0.5
3744,2.738387105547973,147.59031655572792,42.17445562037018,100.0,0.009999999776482582,1.5369032621383667,0.75
3745,2.767833286150676,159.6406782434235,40.679911201121804,100.0,0.009999999776482582,1.3718547821044922,0.75
3746,2.247338245301905,0.05340350813181534,24.088560924254853,100.0,0.009999999776482582,1.0272555351257324,1.0
3747,2.2523141049268816,0.0016173704762746906,22.435212292965808,100.0,0.009999999776482582,0.9935948848724365,1.0
3748,2.729115628561227,177.0767256886362,41.67015720990082,100.0,0.009999999776482582,1.2530001401901245,0.75
3749,3.5339197787738508,327.93808871858135,41.2795460213619,100.0,0.009999999776482582,2.260817527770996,0.0
3750,2.351571500794661,0.604940174227693,27.563890695780387,100.0,0.009999999776482582,1.3042649030685425,1.0
3751,2.3244163079075792,155.3862297687698,37.729605673255705,100.0,0.009999999776482582,1.1070016622543335,0.75
3752,2.744750857504307,135.9006266634794,39.27806189542155,100.0,0.009999999776482582,1.5672292709350586,0.75
3753,2.3628332756961803,126.09023194370648,34.64161373725735,100.0,0.009999999776482582,1.1269028186798096,0.75
3754,2.7705815075630107,150.98965290409492,39.76575050091297,100.0,0.009999999776482582,1.5176479816436768,0.75
3755,3.066118646066181,203.70534343477013,42.04831833327864,100.0,0.009999999776482582,1.5517160892486572,0.75
3756,2.02812528241695,0.0015802437151199486,22.47251310649457,100.0,0.009999999776482582,0.7100433111190796,1.0
3757,2.21890325126467,0.47347269331088176,27.153807550333465,100.0,0.009999999776482582,1.1291420459747314,1.0
3758,2.560150509749333,179.45487161759704,40.04702182699146,100.0,0.009999999776482582,1.2437893152236938,0.75
3759,2.85876378944228,154.81904966143833,37.9190170045549,100.0,0.009999999776482582,1.7665886878967285,0.75
3760,2.5292273687551385,123.95595414807376,34.00349046155933,100.0,0.009999999776482582,1.410386323928833,0.75
3761,3.3945155415547728,208.5548212847424,40.7689254682489,100.0,0.009999999776482582,1.6942622661590576,0.5
3762,2.3169168297914453,128.890154677403,39.717746285538446,100.0,0.009999999776482582,1.121659517288208,0.75
3763,2.775443334326637,166.9798171212821,39.953014223343004,100.0,0.009999999776482582,1.5899112224578857,0.75
3764,3.2564020555132704,256.37913320217086,41.969333404731465,100.0,0.009999999776482582,1.7822729349136353,0.5
3765,2.744236907901032,202.95267091143407,42.16789482508576,100.0,0.009999999776482582,1.4320738315582275,0.75
3766,3.381480241286614,229.8168592808828,36.39568666387067,100.0,0.009999999776482582,1.9190610647201538,0.25
3767,2.8305616831614633,202.0002386101262,40.70741625910501,100.0,0.009999999776482582,1.539109706878662,0.5
3768,2.448435303227063,211.47753773775958,40.3048771211765,100.0,0.009999999776482582,1.4141366481781006,0.5
3769,3.061839880405,236.39091886275082,40.815115044858906,100.0,0.009999999776482582,1.6412049531936646,0.5
3770,2.920937312968417,195.68932752136402,41.985460837281316,100.0,0.009999999776482582,1.609960675239563,0.5
3771,2.910423036509433,0.08034643737595601,25.273375844203624,100.0,0.009999999776482582,1.3928987979888916,1.0
3772,2.9440739020817532,196.6898117854277,39.910979151170075,100.0,0.009999999776482582,1.506886601448059,0.5
3773,2.1305171592280563,0.0626829532788061,26.077547265737817,100.0,0.009999999776482582,0.9970763921737671,1.0
3774,2.543065605791951,170.99535709171056,41.724516529174416,100.0,0.009999999776482582,1.2672418355941772,0.75
3775,2.4174912200147203,185.6511389180592,40.535824030079084,100.0,0.009999999776482582,1.1296064853668213,0.75
3776,3.3076542013461516,250.84040496124754,41.24925393688689,100.0,0.009999999776482582,1.949149250984192,0.5
3777,3.710203016502642,193.2736985888497,37.745465017293846,100.0,0.009999999776482582,1.5983083248138428,0.5
3778,3.1507070005642763,260.1382790192279,40.09951608478058,100.0,0.009999999776482582,1.6919764280319214,0.5
3779,2.957661133513772,226.78963875109363,41.487687160774136,100.0,0.009999999776482582,1.6388694047927856,0.5
3780,2.4726878789718563,127.27461638224617,34.70820297495155,100.0,0.009999999776482582,1.120240330696106,0.75
3781,2.847056116022024,177.35733016741216,40.245340373589904,100.0,0.009999999776482582,1.4991676807403564,0.75
3782,2.8680639155393846,206.47245457316518,41.39632321692994,100.0,0.009999999776482582,1.6754751205444336,0.5
3783,2.6411430964870357,171.37009149000178,44.32919768625417,100.0,0.009999999776482582,1.6254072189331055,0.75
3784,2.4348897616789675,0.08199466894061609,24.451471102142644,100.0,0.009999999776482582,1.3177721500396729,1.0
3785,2.890650524942123,0.4298109207390497,29.279208985308166,100.0,0.009999999776482582,1.0738916397094727,1.0
3786,2.274109898946458,157.29981230882396,42.44611842642707,100.0,0.009999999776482582,0.9792506694793701,0.75
3787,2.627868253325544,133.97739676929132,41.476452712769685,100.0,0.009999999776482582,1.2840644121170044,0.75
3788,2.7879549467753404,124.11732225335125,34.713772570645695,100.0,0.009999999776482582,1.6294965744018555,0.75
3789,2.410382882118099,126.94900642623026,38.090475157367166,100.0,0.009999999776482582,1.1188299655914307,0.75
3790,2.5311026438767077,132.6952300127349,39.26396205084019,100.0,0.009999999776482582,1.4069182872772217,0.75
3791,2.6579060763962046,143.795611512713,40.78372201178684,100.0,0.009999999776482582,1.2356226444244385,0.75
3792,2.29584489710813,0.05107644597703215,24.779575081105737,100.0,0.009999999776482582,1.140339970588684,1.0
3793,2.3077639392750187,130.29829993584565,37.827697467930875,100.0,0.009999999776482582,1.1028659343719482,0.75
3794,2.9945953468149784,219.877968991237,42.99788595287682,100.0,0.009999999776482582,1.5081825256347656,0.75
3795,2.406627778854596,201.97767002767262,44.30714298530438,100.0,0.009999999776482582,1.2617802619934082,0.75
3796,3.5036328728321036,230.65877322130405,37.65618071924043,100.0,0.009999999776482582,1.7992607355117798,0.5
3797,2.4953690948004836,131.11769671338342,36.54444130537047,100.0,0.009999999776482582,1.3326435089111328,0.75
3798,2.627228314049907,0.12362889611661253,24.649180907337126,100.0,0.009999999776482582,1.6314401626586914,1.0
3799,1.974109735011427,0.18525224051606765,27.567017556078657,100.0,0.009999999776482582,0.8473845720291138,1.0
3800,3.3830928750739444,206.24376741951914,38.44122158524474,100.0,0.009999999776482582,1.6960556507110596,0.5
3801,2.5699578566296086,125.94470679948101,34.73209333429545,100.0,0.009999999776482582,1.394171118736267,0.75
3802,3.0605537542697627,243.41946487818834,39.22653453869375,100.0,0.009999999776482582,1.7644286155700684,0.25
3803,2.101162098804512,0.14319824377650328,27.047274765944046,100.0,0.009999999776482582,1.0016025304794312,1.0
3804,2.9836163880481097,192.9413972769418,39.50963068926601,100.0,0.009999999776482582,1.767926812171936,0.5
3805,2.02389558078916,0.04399570663298126,24.166442018937275,100.0,0.009999999776482582,0.8864659070968628,1.0
3806,2.6409697327634185,129.4486649115675,40.060539298995984,100.0,0.009999999776482582,1.2485214471817017,0.75
3807,3.1795484464534303,0.7203135404268305,28.715131027445675,100.0,0.009999999776482582,1.7265832424163818,1.0
3808,2.6308776625856396,135.96878057720673,40.91828934916934,100.0,0.009999999776482582,1.300367832183838,0.75
3809,2.6087898635375284,129.15998989830715,34.438182611551404,100.0,0.009999999776482582,1.4509342908859253,0.75
3810,2.624893419198934,110.50067858857771,34.65775912821381,100.0,0.009999999776482582,1.331260085105896,0.75
3811,2.8661086672545726,156.93718948585143,44.7038430230668,100.0,0.009999999776482582,1.4138681888580322,0.75
3812,3.3261445782619217,0.290402180294151,28.22801461889702,100.0,0.009999999776482582,1.610973834991455,1.0
3813,3.5249949527362965,205.2506673433662,40.912843118074875,100.0,0.009999999776482582,1.914137840270996,0.5
3814,2.157082089919591,0.0017111590777794039,22.42090498358888,100.0,0.009999999776482582,0.8302040696144104,1.0
3815,2.0316689412787317,0.0015500452023073014,22.41219125833816,100.0,0.009999999776482582,0.8222228288650513,1.0
3816,2.4277772739072097,0.6404079318250356,27.8838766293525,100.0,0.009999999776482582,1.3318538665771484,1.0
3817,2.636134723829753,0.15347706716341872,26.123383176694162,100.0,0.009999999776482582,1.613128662109375,1.0
3818,3.975097157836237,330.559478261713,40.54324607806094,100.0,0.009999999776482582,2.1231088638305664,0.25
3819,2.7050767905011655,108.04670416352558,38.11427252512068,100.0,0.009999999776482582,1.3830325603485107,0.75
3820,3.104087535564138,242.6335827348771,41.826541920712955,100.0,0.009999999776482582,1.8308017253875732,0.5
3821,2.222836158658177,144.95492418966785,40.772987322400205,100.0,0.009999999776482582,0.972382664680481,0.75
3822,1.895556828894355,0.0015394828548302183,22.34790145865409,100.0,0.009999999776482582,0.6816211342811584,1.0
3823,2.744847942744912,134.29911837879433,38.41157798606312,100.0,0.009999999776482582,1.458169937133789,0.75
3824,2.214506765858194,0.04389213920170487,24.4251941732169,100.0,0.009999999776482582,1.013526439666748,1.0
3825,3.074100142080383,228.45195873757055,40.824943827794016,100.0,0.009999999776482582,2.055155038833618,0.5
3826,2.647995554479409,128.66722870816707,34.70879585303971,100.0,0.009999999776482582,1.439917802810669,0.75
3827,3.8619877264867144,261.261928567815,39.71885837285488,100.0,0.009999999776482582,2.012538433074951,0.25
3828,3.326939838479498,139.51965019708547,37.62235937645422,100.0,0.009999999776482582,1.561171293258667,0.75
3829,2.8887154696402173,191.46482733472462,39.963848552925654,100.0,0.009999999776482582,1.2787494659423828,0.5
3830,2.442502496593939,151.14165221095212,44.28748172571441,100.0,0.009999999776482582,1.0365952253341675,0.75
3831,2.7202154336711533,135.9771278874169,43.18131214686037,100.0,0.009999999776482582,1.5740859508514404,0.75
3832,3.5076076620933114,214.41258783022215,39.504084829773944,100.0,0.009999999776482582,1.8318942785263062,0.5
3833,2.7869619669827,220.86147184603865,41.29868716783065,100.0,0.009999999776482582,1.522080421447754,0.5
3834,2.2787533486360276,0.2834120930677837,27.62206320284437,100.0,0.009999999776482582,1.1472492218017578,1.0
3835,3.1819364948331263,0.31589229744376324,28.551368776217323,100.0,0.009999999776482582,1.4176288843154907,1.0
3836,2.847097365784434,0.0648076567318383,26.63287849715888,100.0,0.009999999776482582,1.0957508087158203,1.0
3837,2.220381333749486,133.7654413910243,37.358509662886796,100.0,0.009999999776482582,0.9714889526367188,0.75
3838,3.545402485847943,248.17635724066199,40.727074850780454,100.0,0.009999999776482582,1.9337612390518188,0.5
3839,3.441535654388466,141.2360758705694,40.03878284085123,100.0,0.009999999776482582,1.5330957174301147,0.75
3840,2.5811361467470815,0.07160380897845052,24.72383239463578,100.0,0.009999999776482582,1.3368878364562988,1.0
3841,2.9755415025804233,137.51633470783986,39.069042558866705,100.0,0.009999999776482582,1.7527759075164795,0.75
3842,3.1460601585390986,230.45315843029044,40.948968474324516,100.0,0.009999999776482582,1.823160171508789,0.5
3843,3.025320662462445,152.00835642206437,41.260885946899734,100.0,0.009999999776482582,1.6769468784332275,0.75
3844,2.5087717360787387,0.16196157529737543,26.292106486103563,100.0,0.009999999776482582,1.5056207180023193,1.0
3845,3.4695571471882105,207.99494313538068,39.845131796172254,100.0,0.009999999776482582,1.9585578441619873,0.5
3846,2.371949504439981,0.10084116815194105,24.50118439370396,100.0,0.009999999776482582,1.3100543022155762,1.0
3847,2.1414002870086737,0.09664697422929514,25.38635199446899,100.0,0.009999999776482582,1.000623106956482,1.0
3848,2.2000805893149993,141.96116028040956,37.99455688794117,100.0,0.009999999776482582,0.9802150726318359,0.75
3849,1.9684914723963682,0.13924884392263648,27.239123603397488,100.0,0.009999999776482582,0.8607399463653564,1.0
3850,2.5334741007495754,155.78096838267248,41.482776145402234,100.0,0.009999999776482582,1.042284369468689,0.75
3851,3.149326325629603,181.21486940067783,41.01894417663173,100.0,0.009999999776482582,1.1570367813110352,1.0
3852,2.155186910786542,0.03958947462587964,23.997388768728673,100.0,0.009999999776482582,0.9965213537216187,1.0
3853,2.1401571988242716,0.0013977595351663324,22.33588681577073,100.0,0.009999999776482582,0.9729380011558533,1.0
3854,3.2367037661765914,153.9550947102193,40.14324961494058,100.0,0.009999999776482582,1.633278489112854,0.75
3855,2.0937110544660857,0.0014580819720511925,22.399873369723846,100.0,0.009999999776482582,0.835726261138916,1.0
3856,2.4214403859778963,165.5031533764599,41.70224701646205,100.0,0.009999999776482582,1.136603832244873,0.75
3857,2.7806433209357904,217.61681069606442,43.03972973453876,100.0,0.009999999776482582,1.7133084535598755,0.5
3858,3.399888222979712,264.35879385553307,38.56911873595919,100.0,0.009999999776482582,2.1197562217712402,0.25
3859,2.505232085914347,154.40732686382472,40.27875675867771,100.0,0.009999999776482582,1.2811548709869385,0.75
3860,2.3568663898020783,0.0833559352730056,24.745236799261956,100.0,0.009999999776482582,1.2663044929504395,1.0
3861,2.3779158571474346,0.04990798732754778,24.185788694604923,100.0,0.009999999776482582,1.0958595275878906,1.0
3862,3.4329267090542626,184.49000053321825,40.874352882230816,100.0,0.009999999776482582,1.4940717220306396,0.75
3863,1.7517568277843392,0.0013445162272747438,22.305415661947524,100.0,0.009999999776482582,0.5468393564224243,1.0
3864,2.531920215816175,0.06609494985186816,23.99890859699114,100.0,0.009999999776482582,1.4604288339614868,1.0
3865,3.108388932033336,136.19029075111482,38.577372604663125,100.0,0.009999999776482582,1.3750065565109253,0.75
3866,2.5911364997164963,114.581442638773,38.57577602510915,100.0,0.009999999776482582,1.3563040494918823,0.75
3867,2.1950773537644257,0.10039360400660943,26.612230269926197,100.0,0.009999999776482582,1.1257562637329102,1.0
3868,2.428924609871551,144.63229033081447,37.35017582190372,100.0,0.009999999776482582,1.2756743431091309,0.75
3869,2.390804349839079,159.4110353373562,39.82534424752888,100.0,0.009999999776482582,1.1186898946762085,0.75
3870,2.9654799658195987,211.41340307292134,39.28543346138396,100.0,0.009999999776482582,1.874469518661499,0.5
3871,2.490426019307745,0.2526096679415789,26.377196946930123,100.0,0.009999999776482582,1.2861249446868896,1.0
3872,2.7443750410312346,161.9436059536519,42.45658852544724,100.0,0.009999999776482582,1.2913706302642822,0.75
3873,3.652747500926311,168.38019531509605,39.96068439026658,100.0,0.009999999776482582,1.3194034099578857,0.75
3874,2.751832064785493,158.02105742826794,39.688961650086625,100.0,0.009999999776482582,1.458626389503479,0.75
3875,2.7785259126022837,116.52869792945316,36.43555590778797,100.0,0.009999999776482582,1.3586127758026123,0.75
3876,2.800871909613388,165.07404687059994,40.568332551800715,100.0,0.009999999776482582,1.5871704816818237,0.75
3877,2.443002107968339,0.5398471772068619,27.524039229072393,100.0,0.009999999776482582,1.1625609397888184,1.0
3878,2.640624513888147,153.4852228333388,43.717057053406435,100.0,0.009999999776482582,1.1933257579803467,0.75
3879,3.8347217115171093,298.0784145097893,41.328085482531826,100.0,0.009999999776482582,1.785257339477539,0.25
3880,2.9035404987098046,212.01440676492902,40.138341001302706,100.0,0.009999999776482582,1.4887454509735107,0.5
3881,3.2203838810865486,300.59472506657113,38.32101392938822,100.0,0.009999999776482582,2.255563974380493,0.0
3882,2.412507833900732,153.02842756541898,42.02929647069057,100.0,0.009999999776482582,1.2366058826446533,0.75
3883,2.8771422764589523,225.06967899244455,39.313487115538784,100.0,0.009999999776482582,1.4736688137054443,0.75
3884,2.853094807229026,0.1637251388154157,27.94283982803863,100.0,0.009999999776482582,1.270662784576416,1.0
3885,3.1238849959606525,266.80131759480145,38.94613896994701,100.0,0.009999999776482582,1.8169901371002197,0.25
3886,3.526863298368002,268.1549949172989,43.32526943063611,100.0,0.009999999776482582,1.7196404933929443,0.5
3887,2.889062374978731,196.2386224295856,40.31958420456147,100.0,0.009999999776482582,1.5615390539169312,0.5
3888,2.534238896316793,130.08909168822726,36.017339905145654,100.0,0.009999999776482582,1.4502567052841187,0.75
3889,3.8905173673490836,228.76071727383345,38.00162393615972,100.0,0.009999999776482582,2.058673858642578,0.25
3890,2.5421816902444667,160.76739995381268,40.17608083568077,100.0,0.009999999776482582,1.0364302396774292,0.75
3891,3.087707942057448,258.91246489258134,39.25289967123613,100.0,0.009999999776482582,1.9231386184692383,0.25
3892,3.0760467984348594,217.73845674888736,43.63120753211338,100.0,0.009999999776482582,1.6731559038162231,0.5
3893,2.9812445621005406,161.83474456594607,40.8454735692252,100.0,0.009999999776482582,1.2144103050231934,0.75
3894,2.155568738495345,0.0702019577859792,24.838673100685234,100.0,0.009999999776482582,1.02791166305542,1.0
3895,2.2010082688793724,0.06628934733827688,24.291054107649163,100.0,0.009999999776482582,1.199798583984375,1.0
3896,2.083460644067862,0.05475624530503543,24.01070219421838,100.0,0.009999999776482582,0.989830493927002,1.0
3897,3.6605688391833713,233.2760595527551,42.609487676025175,100.0,0.009999999776482582,1.7093580961227417,0.5
3898,2.0967915989002095,0.001636450067336694,22.364952467280823,100.0,0.009999999776482582,0.8377173542976379,1.0
3899,2.843712545474882,198.91511241699334,39.40235044697688,100.0,0.009999999776482582,1.3453350067138672,0.75
3900,3.73523245919213,285.6952091896975,42.282526302499264,100.0,0.009999999776482582,1.9440057277679443,0.75
3901,2.078660628585134,0.001566384487970121,22.340946492661054,100.0,0.009999999776482582,0.832497239112854,1.0
3902,1.9328990040329503,0.0015617244919360893,22.376859591021358,100.0,0.009999999776482582,0.8225085139274597,1.0
3903,2.5927918471486047,128.88205093091074,35.53353973475853,100.0,0.009999999776482582,1.1158010959625244,0.75
3904,2.438949864457143,155.07057235655316,43.43585100066117,100.0,0.009999999776482582,0.9242101907730103,0.75
3905,3.0856662719231673,0.24863494120856666,27.72659587215495,100.0,0.009999999776482582,1.6002750396728516,1.0
3906,2.804629406987971,248.77191312112203,40.873122215441064,100.0,0.009999999776482582,1.5240039825439453,0.5
3907,2.9794319199914012,204.43044320935002,39.00561059425878,100.0,0.009999999776482582,1.8962830305099487,0.5
3908,2.9324052703504773,206.83270207112403,40.881466490865996,100.0,0.009999999776482582,1.5669832229614258,0.75
3909,2.7188140314410867,0.5595301551187754,27.589974677798907,100.0,0.009999999776482582,1.823926329612732,1.0
3910,3.737488413896569,188.13235892451885,38.79247621884673,100.0,0.009999999776482582,1.7793703079223633,0.5
3911,3.3607387233602273,138.77926177125704,39.46427284463113,100.0,0.009999999776482582,1.8341386318206787,0.75
3912,3.196584551060175,210.56489727613436,38.093202574712784,100.0,0.009999999776482582,1.5059723854064941,0.5
3913,2.612718394291273,151.68134576308162,39.86056015486899,100.0,0.009999999776482582,1.1926896572113037,0.75
3914,2.349576653692562,113.84606414895387,38.49519616575038,100.0,0.009999999776482582,1.2026689052581787,0.75
3915,2.26722334656911,171.36496825736674,42.5054509135578,100.0,0.009999999776482582,0.9744223356246948,0.75
3916,2.446182156785807,0.6081180167133198,27.836628016631913,100.0,0.009999999776482582,1.1359596252441406,1.0
3917,2.807052125656663,192.62265339117073,39.18796857051682,100.0,0.009999999776482582,1.638740062713623,0.5
3918,2.8370065609683435,151.92621755868234,40.34383412563239,100.0,0.009999999776482582,1.593239426612854,0.75
3919,2.605573417555082,0.0859760711662291,24.623487825154893,100.0,0.009999999776482582,1.324875831604004,1.0
3920,3.8220183464166557,319.20910556686727,40.44233770985017,100.0,0.009999999776482582,2.048269271850586,0.25
3921,2.9005994195693336,216.1102657033644,39.011601943855354,100.0,0.009999999776482582,1.7387648820877075,0.5
3922,2.505632066541216,0.08540177078103123,24.321772875964207,100.0,0.009999999776482582,1.4523961544036865,1.0
3923,2.1420244047511225,0.07668912205580779,25.102117531365828,100.0,0.009999999776482582,0.9944508075714111,1.0
3924,1.9669792811446973,0.0014581269328413549,22.32389677952991,100.0,0.009999999776482582,0.6908213496208191,1.0
3925,2.715221858843172,120.7702934274149,38.497360406623294,100.0,0.009999999776482582,1.7825934886932373,0.75
3926,2.6934536017144213,146.0351325323263,40.100856487550374,100.0,0.009999999776482582,1.552140235900879,0.75
3927,2.22358952808944,0.05454437312844015,24.780058006106344,100.0,0.009999999776482582,1.0121781826019287,1.0
3928,2.3487105519871294,0.17298760575603736,27.01013574619532,100.0,0.009999999776482582,1.1715452671051025,1.0
3929,2.652726729019733,135.6533941009766,43.22155228623075,100.0,0.009999999776482582,1.4256041049957275,0.75
3930,3.045040219514555,189.15400325336276,42.57854246741386,100.0,0.009999999776482582,1.1737675666809082,1.0
3931,2.5368864784288743,130.46773461288527,39.7973699818796,100.0,0.009999999776482582,1.2426929473876953,0.75
3932,2.6670409649165836,192.54134384845378,37.88885131580408,100.0,0.009999999776482582,1.3558157682418823,0.75
3933,3.2727959582149175,272.19752535824307,39.70001132744025,100.0,0.009999999776482582,2.0075206756591797,0.5
3934,2.888648843647249,161.18785061691412,42.14069773801575,100.0,0.009999999776482582,1.4044108390808105,0.75
3935,1.7124000810409572,0.001166113475179135,22.212576554102775,100.0,0.009999999776482582,0.5541152358055115,1.0
3936,3.0018272849404006,192.1982923991473,38.19146080706735,100.0,0.009999999776482582,1.5178852081298828,0.75
3937,2.9499654804771596,221.46673682934062,38.46595521631973,100.0,0.009999999776482582,1.490584135055542,0.5
3938,2.6262029671481257,136.9723468850915,37.57935070392914,100.0,0.009999999776482582,1.413894534111023,0.75
3939,2.527266318177086,164.06113034088023,42.98557392002422,100.0,0.009999999776482582,1.2743072509765625,0.75
3940,2.8006903820529154,130.66379157553726,39.34385253322974,100.0,0.009999999776482582,1.7560323476791382,0.75
3941,2.663731634057301,0.07755137558765328,24.403927202546782,100.0,0.009999999776482582,1.1685106754302979,1.0
3942,2.2503444689591965,0.07371316542670737,25.107601773985753,100.0,0.009999999776482582,0.9950756430625916,1.0
3943,2.577787983682351,0.06240595261772476,24.745651006112496,100.0,0.009999999776482582,1.443355917930603,1.0
3944,1.9686165046706308,0.0010796993115667157,22.126860286449364,100.0,0.009999999776482582,0.8342059850692749,1.0
3945,3.233432144299992,287.7581333754016,40.006325838165814,100.0,0.009999999776482582,1.3968138694763184,0.5
3946,2.4753362611204945,0.044957770170561046,24.215338900151124,100.0,0.009999999776482582,1.061392068862915,1.0
3947,2.8627314139151103,200.83935273102844,39.461626585737726,100.0,0.009999999776482582,1.7568286657333374,0.75
3948,3.0574787621356334,210.932641539973,39.84819826383347,100.0,0.009999999776482582,1.6847832202911377,0.5
3949,2.945736509133563,168.8623187566153,40.31712620945851,100.0,0.009999999776482582,1.7362439632415771,0.75
3950,3.5784957017558074,194.51566254100794,37.090090010792224,100.0,0.009999999776482582,1.791588306427002,0.5
3951,2.588645963862847,171.89758871395622,42.78921922103161,100.0,0.009999999776482582,1.035239815711975,0.75
3952,2.219480372306286,0.05087689405660595,24.653614791156475,100.0,0.009999999776482582,1.0059826374053955,1.0
3953,2.465836756614227,0.0583176089138717,24.533425604108636,100.0,0.009999999776482582,1.1225063800811768,1.0
3954,3.016406472311732,209.64960346529733,40.17584658196794,100.0,0.009999999776482582,1.8614498376846313,0.5
3955,2.308811846632894,0.07911278024230754,24.806704669524883,100.0,0.009999999776482582,0.9747984409332275,1.0
3956,2.1944996091757725,0.0011292571844274497,22.174771841009584,100.0,0.009999999776482582,0.9695180058479309,1.0
3957,2.3734784982413424,0.08836487068884198,26.428341674414263,100.0,0.009999999776482582,1.3168621063232422,1.0
3958,2.568964417583058,0.16132849112609987,27.359194639495115,100.0,0.009999999776482582,1.227722406387329,1.0
3959,3.017999318388912,235.93106946095494,39.979804445316546,100.0,0.009999999776482582,1.884529709815979,0.5
3960,2.4395485985222076,123.57995471428151,33.763393065934984,100.0,0.009999999776482582,1.2241580486297607,0.75
3961,2.8410631859818043,155.89759522023587,40.463473914414294,100.0,0.009999999776482582,1.6237339973449707,0.75
3962,3.024408350870379,220.69080232909047,39.67398268857537,100.0,0.009999999776482582,1.6605315208435059,0.5
3963,2.104155001753002,0.0011311457505556559,22.10159054794235,100.0,0.009999999776482582,0.9577138423919678,1.0
3964,2.95966810311307,209.32428695174363,39.40829250840062,100.0,0.009999999776482582,1.730928659439087,0.5
3965,2.8230869185015286,113.92975561185634,38.573308387798996,100.0,0.009999999776482582,1.5194103717803955,0.75
3966,3.197828942716324,267.04401722913883,39.16706774055136,100.0,0.009999999776482582,2.1870741844177246,0.25
3967,2.631874319252381,190.11559629406375,36.856644227444086,100.0,0.009999999776482582,1.3839170932769775,0.5
3968,2.0288820452539857,0.001202848188483177,22.180569195762438,100.0,0.009999999776482582,0.8097840547561646,1.0
3969,2.052751826220132,0.0011821797246720565,22.22998589715348,100.0,0.009999999776482582,0.7969664335250854,1.0
3970,2.9906657753809682,187.25008839762302,42.45544131092514,100.0,0.009999999776482582,1.4193261861801147,0.5
3971,1.9445522703744345,0.0010722907237839595,22.15846768317056,100.0,0.009999999776482582,0.6806321144104004,1.0
3972,2.814043381614518,216.48402502274533,39.29587487474603,100.0,0.009999999776482582,1.5315815210342407,0.5
3973,3.0620973191998826,248.0174866832355,40.571733376761834,100.0,0.009999999776482582,1.7021458148956299,0.5
3974,2.357555654718196,0.23710556256623183,26.472273673910866,100.0,0.009999999776482582,1.1601438522338867,1.0
3975,2.820854370743653,199.82693755780352,41.629779027614255,100.0,0.009999999776482582,1.4419312477111816,0.75
3976,2.766169982370152,255.33719078314118,40.16587791592607,100.0,0.009999999776482582,1.5256328582763672,0.5
3977,2.6811051034343434,195.42912280669753,39.668957171334355,100.0,0.009999999776482582,1.39913809299469,0.75
3978,2.857899085905646,215.20210278645078,38.27897678621975,100.0,0.009999999776482582,1.6736449003219604,0.5
3979,2.968457459067665,273.55348772164,41.67013057864675,100.0,0.009999999776482582,1.7989225387573242,0.25
3980,2.9819012178820725,221.2629076806529,40.194796175695444,100.0,0.009999999776482582,1.5600361824035645,0.5
3981,3.7513162051844553,339.8813356371135,41.10617244937363,100.0,0.009999999776482582,2.184697151184082,0.0
3982,2.8804166205525847,216.92444099813852,43.878413160369206,100.0,0.009999999776482582,1.5834736824035645,0.75
3983,1.9367243726757237,0.0013913800731585743,22.316430816408342,100.0,0.009999999776482582,0.6846551895141602,1.0
3984,2.4356674260253883,0.1296095955346444,25.953177104393205,100.0,0.009999999776482582,1.2991522550582886,1.0
3985,2.714886609807302,202.57764310015457,38.15595490686445,100.0,0.009999999776482582,1.3959094285964966,0.5
3986,2.757641865526638,193.70848178338858,39.17718046145118,100.0,0.009999999776482582,1.3651933670043945,0.75
3987,2.855433869868421,140.66036114870877,38.63188883707468,100.0,0.009999999776482582,1.586357593536377,0.75
3988,3.21787650880472,139.42051981570788,38.64469010004479,100.0,0.009999999776482582,1.2156518697738647,0.75
3989,3.0754808022551274,234.3789173300574,42.52253659913198,100.0,0.009999999776482582,1.426598072052002,0.5
3990,2.1253374042532585,149.44577543819605,38.33474853090329,100.0,0.009999999776482582,0.97711580991745,0.75
3991,2.845929516925282,0.07924593087920435,24.448002892916055,100.0,0.009999999776482582,1.3977622985839844,1.0
3992,3.095226035637216,222.6636254281119,39.684957725757826,100.0,0.009999999776482582,1.8562521934509277,0.5
3993,2.7901434133178293,216.15816765030573,39.21455335406265,100.0,0.009999999776482582,1.5209448337554932,0.5
3994,2.717157962627063,147.09637519863267,37.04332351070972,100.0,0.009999999776482582,1.574549913406372,0.75
3995,2.637825653314302,0.7422365076375059,28.797792660301592,100.0,0.009999999776482582,1.324008584022522,1.0
3996,2.0734038316834313,0.0013255514471643423,22.257060181093014,100.0,0.009999999776482582,0.8300148248672485,1.0
3997,3.4496055942029558,242.79851682314865,40.10815117640689,100.0,0.009999999776482582,1.6463103294372559,0.5
3998,2.0402641379585793,0.02138213687892637,23.28418013164421,100.0,0.009999999776482582,0.8812045454978943,1.0
3999,2.892082384580861,132.914816094502,35.90893590057976,100.0,0.009999999776482582,1.5910553932189941,0.75
4000,3.2851154780481875,254.9644725367768,41.51262601173428,100.0,0.009999999776482582,1.6391468048095703,0.5
4001,2.1974112181343255,0.0530361990580342,24.55384055207558,100.0,0.009999999776482582,1.1505053043365479,1.0
4002,2.560096230157258,188.43438880714447,36.83568228201466,100.0,0.009999999776482582,1.5526444911956787,0.5
4003,2.2125522439521808,0.00129746919032318,22.26187740887404,100.0,0.009999999776482582,0.8310725688934326,1.0
4004,2.4884722088342994,133.5742408307019,36.464323481437766,100.0,0.009999999776482582,1.1096597909927368,0.75
4005,2.584874986927642,245.05813270238167,41.10800534402241,100.0,0.009999999776482582,1.3104076385498047,0.5
4006,3.5450822440238388,317.22505471765584,38.971703987694696,100.0,0.009999999776482582,2.166978359222412,0.25
4007,2.9821615187006567,193.6728121228132,38.76775505238702,100.0,0.009999999776482582,1.7480721473693848,0.75
4008,2.9070701504938885,127.77744836512461,35.78279554688477,100.0,0.009999999776482582,1.765515923500061,0.75
4009,3.0818011647348675,205.7955734232322,38.3689967191687,100.0,0.009999999776482582,2.0495989322662354,0.5
4010,2.1962395716148215,0.0013536583392643544,22.220061987132333,100.0,0.009999999776482582,0.9820950627326965,1.0
4011,3.338725142643917,273.43397482233996,41.88829931781927,100.0,0.009999999776482582,1.646240472793579,0.5
4012,2.313700370313944,0.045390051460129616,24.008243180425026,100.0,0.009999999776482582,1.001857042312622,1.0
4013,3.780995312890506,274.0885331150819,39.57710604207517,100.0,0.009999999776482582,2.056483745574951,0.25
4014,2.1689712417274585,193.74004171355216,37.90556863098336,100.0,0.009999999776482582,0.9837456941604614,0.75
4015,2.9285668545636203,189.30621687380068,37.53636698253539,100.0,0.009999999776482582,1.6558802127838135,0.5
4016,1.9718178024500754,0.001281577047215556,22.202349247779342,100.0,0.009999999776482582,0.6851570010185242,1.0
4017,2.2603214748629,0.08983585105247899,26.74536947362325,100.0,0.009999999776482582,1.113473653793335,1.0
4018,3.4907245564070393,226.7787970899438,39.741793589911616,100.0,0.009999999776482582,1.5540671348571777,0.5
4019,3.4311574812263057,137.82190006583053,40.690056871472365,100.0,0.009999999776482582,1.8555494546890259,0.75
4020,3.067123171416192,265.2698638238146,40.60685253064627,100.0,0.009999999776482582,1.8757338523864746,0.5
4021,2.4979540278819017,136.40327878026724,35.84838750049906,100.0,0.009999999776482582,1.257077932357788,0.75
4022,2.8955453745808284,151.64997462801165,39.72490506537116,100.0,0.009999999776482582,1.7082363367080688,0.75
4023,2.1327802955057957,0.0012952737316671054,22.223716334002884,100.0,0.009999999776482582,0.8182992339134216,1.0
4024,2.7413113827841276,142.23387007460812,43.18425827120738,100.0,0.009999999776482582,1.2132039070129395,0.75
4025,2.8807190715742657,169.8903950116473,39.951008538493525,100.0,0.009999999776482582,1.5819276571273804,0.75
4026,3.027387906423527,182.06216315519802,41.384868429592856,100.0,0.009999999776482582,1.7776734828948975,0.5
4027,2.7830828433125383,0.6260334753038059,28.288292934507457,100.0,0.009999999776482582,1.472747564315796,1.0
4028,1.9105183479231478,0.001209855983947532,22.261875627791337,100.0,0.009999999776482582,0.685014009475708,1.0
4029,3.0334442591892135,246.6543525723459,41.33747558936622,100.0,0.009999999776482582,1.9167935848236084,0.25
4030,3.2959924924066444,266.00923825653354,40.37301681560132,100.0,0.009999999776482582,2.031217575073242,0.5
4031,2.773071146816328,157.93502773894156,37.39046622659397,100.0,0.009999999776482582,1.3565447330474854,0.75
4032,2.528594655234497,156.8982143081188,37.73619307594539,100.0,0.009999999776482582,1.240951657295227,0.75
4033,2.9231252665955494,0.13551466954689545,26.719931554275114,100.0,0.009999999776482582,1.436126470565796,1.0
4034,2.2058756400712465,0.08567786568105049,26.73819895553168,100.0,0.009999999776482582,1.01033616065979,1.0
4035,2.5727761992888736,136.7589314139418,38.00571938164184,100.0,0.009999999776482582,1.2428321838378906,0.75
4036,2.4658100531767118,0.16506318670795964,27.18547089645194,100.0,0.009999999776482582,1.3125672340393066,1.0
4037,2.598422850072483,155.9180699693981,37.68420254367244,100.0,0.009999999776482582,1.2951891422271729,0.75
4038,2.866421013434049,0.2548298197552968,28.671332437866756,100.0,0.009999999776482582,0.9238200187683105,1.0
4039,3.1155243622406537,138.74529986828304,38.62532868681195,100.0,0.009999999776482582,1.370303750038147,0.75
4040,2.2988546005711488,131.93405611007765,35.59419240889697,100.0,0.009999999776482582,1.100982427597046,0.75
4041,2.8091746171011436,150.86282091203378,42.9559612495115,100.0,0.009999999776482582,1.4125010967254639,0.75
4042,2.6947069870882667,134.97300937459616,39.18853908608518,100.0,0.009999999776482582,1.0372320413589478,0.75
4043,3.322922704585032,147.7431460272022,37.859947284831044,100.0,0.009999999776482582,1.5592535734176636,0.75
4044,2.845723789414519,165.37256940918084,38.437448516942304,100.0,0.009999999776482582,1.568082332611084,0.75
4045,1.9762647207217972,0.0010838454705567261,22.096870218151164,100.0,0.009999999776482582,0.8283776044845581,1.0
4046,2.7100496170155264,124.68595125179841,33.60052091099087,100.0,0.009999999776482582,1.4404222965240479,0.75
4047,2.7170664266067206,0.5420292202159043,28.023420001786963,100.0,0.009999999776482582,1.4986462593078613,1.0
4048,3.2100572638654907,220.33188988536833,40.7355275612985,100.0,0.009999999776482582,1.1949458122253418,0.75
4049,2.9366535072865463,138.83775083003147,37.092749563569384,100.0,0.009999999776482582,1.527193546295166,0.75
4050,2.100603091707685,0.10593571612796407,26.986288159906007,100.0,0.009999999776482582,0.8550657629966736,1.0
4051,3.124173022739919,178.22340417610997,37.21215748398696,100.0,0.009999999776482582,1.6458525657653809,0.5
4052,2.5892945619215366,0.5557110947699059,28.185026676798756,100.0,0.009999999776482582,1.3069300651550293,1.0
4053,2.896842626286485,198.62341421318445,38.138722198618936,100.0,0.009999999776482582,1.4854815006256104,0.5
4054,3.2259966449748454,238.13517321646762,40.92531699840297,100.0,0.009999999776482582,1.6242517232894897,0.5
4055,3.292923080969506,308.12194820993795,39.21480170403596,100.0,0.009999999776482582,2.163656234741211,0.25
4056,2.8811775465368026,225.30266373620444,39.415085671313776,100.0,0.009999999776482582,1.6775412559509277,0.5
4057,2.746984525673452,133.15842330859184,38.510385252584136,100.0,0.009999999776482582,1.5720373392105103,0.75
4058,2.602599045326046,138.65496486148479,36.43324426703426,100.0,0.009999999776482582,1.2657792568206787,0.75
4059,2.0175218514044513,0.0009036949842482164,22.064076016326307,100.0,0.009999999776482582,0.8142861723899841,1.0
4060,2.9641615954165923,177.8746779469238,41.583372998170965,100.0,0.009999999776482582,1.6487089395523071,0.75
4061,2.0282941487404216,0.08024308721114781,26.925509388153202,100.0,0.009999999776482582,0.8461812138557434,1.0
4062,2.9784489518758726,137.68308327707408,40.374620846601516,100.0,0.009999999776482582,1.6768264770507812,0.75
4063,2.7942545841137276,0.83302656491649,30.21151667148064,100.0,0.009999999776482582,0.9450901746749878,1.0
4064,2.3058693363471865,0.001085536148016849,22.182174628836158,100.0,0.009999999776482582,0.9630609750747681,1.0
4065,2.9700765611797473,141.83186225494688,39.3668830695615,100.0,0.009999999776482582,1.4221651554107666,0.75
4066,3.1575126801579034,194.00596273839656,37.25906780944826,100.0,0.009999999776482582,2.0398409366607666,0.5
4067,2.7836691159368967,160.94545900872333,42.96733343515047,100.0,0.009999999776482582,1.209001898765564,0.75
4068,3.6663716867775404,176.14908543832695,40.54459987676986,100.0,0.009999999776482582,1.7013472318649292,0.75
4069,2.9995509062192696,221.61865178949066,42.64987698158179,100.0,0.009999999776482582,1.8397057056427002,0.5
4070,3.922646352110359,172.3094601334245,42.858196481263825,100.0,0.009999999776482582,1.5849952697753906,0.75
4071,2.620886950938653,114.13208365287532,37.32921288431077,100.0,0.009999999776482582,1.0354092121124268,0.75
4072,2.4029553301778765,0.06308415393072322,25.003443164654367,100.0,0.009999999776482582,1.1435487270355225,1.0
4073,2.9266067630389188,0.6266289547686885,29.498562745784554,100.0,0.009999999776482582,1.2148349285125732,1.0
4074,2.159648762334568,0.0009294504177532355,22.082107947262195,100.0,0.009999999776482582,0.8098996877670288,1.0
4075,2.719857746216604,148.57603093314682,38.07729262404645,100.0,0.009999999776482582,1.7450048923492432,0.75
4076,2.7242301354073426,167.49443166849926,40.59222603399225,100.0,0.009999999776482582,1.4312703609466553,0.75
4077,2.282601110313963,0.7742629842170515,29.071281911251333,100.0,0.009999999776482582,1.1676745414733887,1.0
4078,2.785601688802261,0.0765267494930646,24.228938894887783,100.0,0.009999999776482582,1.5364360809326172,1.0
4079,3.4276464535359343,262.26689216068286,38.943484121534595,100.0,0.009999999776482582,2.0359253883361816,0.25
4080,3.3824094430725986,306.2905518976761,40.00442081784924,100.0,0.009999999776482582,2.0893378257751465,0.25
4081,2.400749836813925,140.46151408220283,40.934905405341894,100.0,0.009999999776482582,1.0793170928955078,0.75
4082,2.554584551299797,158.5947846366949,41.734164159518585,100.0,0.009999999776482582,1.0943764448165894,0.75
4083,3.918968634177465,232.14675607519524,40.66514156983249,100.0,0.009999999776482582,1.7363566160202026,0.5
4084,3.247597656959544,208.5407984333433,38.59230214074566,100.0,0.009999999776482582,1.6864550113677979,0.5
4085,3.0350785599751244,246.8168527657216,37.203048965075745,100.0,0.009999999776482582,1.8378723859786987,0.25
4086,3.2111239560068756,173.27999528385348,38.8502876356617,100.0,0.009999999776482582,1.757946252822876,0.5
4087,3.1634689008518335,202.1475903701761,40.70486765230634,100.0,0.009999999776482582,1.558422327041626,0.5
4088,3.509380639451051,171.38829707685198,42.23302796619798,100.0,0.009999999776482582,1.8653887510299683,0.75
4089,3.0646376901346453,0.8654716234470616,29.05102672558586,100.0,0.009999999776482582,1.4426323175430298,1.0
4090,2.6288811052219505,0.04532775352931656,24.38056677528777,100.0,0.009999999776482582,1.2924715280532837,1.0
4091,2.6591025475131587,157.6971194978541,40.08236132684802,100.0,0.009999999776482582,1.4111194610595703,0.75
4092,3.4258668041101124,222.33224246511998,39.40825144732864,100.0,0.009999999776482582,1.6825389862060547,0.5
4093,2.2413717639555357,0.08170759990543201,27.050974896741575,100.0,0.009999999776482582,1.0025014877319336,1.0
4094,3.25755108257692,199.94558016169808,39.34579577179844,100.0,0.009999999776482582,1.362983226776123,0.75
4095,3.150009950738767,160.90887038245816,40.86331016455521,100.0,0.009999999776482582,1.7168030738830566,0.75
4096,2.525980271731467,0.17541404981275355,27.761321837310717,100.0,0.009999999776482582,1.3126777410507202,1.0
4097,2.6610894803250793,131.83922041131657,35.45271105050823,100.0,0.009999999776482582,1.6137115955352783,0.75
4098,3.1231721848541314,0.08782022539211097,27.41747384395622,100.0,0.009999999776482582,1.4029453992843628,1.0
4099,2.7812439517544094,176.08516794855385,41.827407156281566,100.0,0.009999999776482582,1.4133412837982178,0.75
4100,3.4414530336958173,189.8583527728078,37.849063578855684,100.0,0.009999999776482582,1.6584819555282593,0.75
4101,2.639582568545556,111.50648586765315,33.9896599930746,100.0,0.009999999776482582,1.167583703994751,0.75
4102,3.4982327308567434,294.17693172040657,40.97770343152522,100.0,0.009999999776482582,1.5851414203643799,0.75
4103,2.7529890246904603,130.53708604462201,37.90651521194377,100.0,0.009999999776482582,1.436617136001587,0.75
4104,2.602884799660464,0.6794202583678789,28.737715520585986,100.0,0.009999999776482582,1.4577956199645996,1.0
4105,2.6273242258733043,180.00643224211714,43.61056781320121,100.0,0.009999999776482582,1.0394195318222046,0.75
4106,2.624505959388047,144.5956540695605,37.47466693239004,100.0,0.009999999776482582,1.4479646682739258,0.75
4107,3.2193637782435247,140.77059186500279,40.163044518737,100.0,0.009999999776482582,1.6146740913391113,0.75
4108,3.397004809672235,204.51198490813874,41.24985177027943,100.0,0.009999999776482582,1.5796208381652832,0.5
4109,2.7017105005807474,0.6373492860698527,28.31695504274018,100.0,0.009999999776482582,1.6288669109344482,1.0
4110,3.040681904558094,150.2606121153119,42.617840598016166,100.0,0.009999999776482582,1.6421618461608887,0.75
4111,2.4106541837287274,173.79515462956647,41.82961946222732,100.0,0.009999999776482582,0.8988529443740845,0.75
4112,2.838681788262019,139.1169657595687,35.94373581904926,100.0,0.009999999776482582,1.7454884052276611,0.75
4113,2.4673454440162343,0.043021487084488,24.598098391290428,100.0,0.009999999776482582,1.2568840980529785,1.0
4114,2.681257703950706,0.047435841019786366,23.834396831197022,100.0,0.009999999776482582,1.4598034620285034,1.0
4115,2.2131201603446202,0.05601057985360482,26.601579785346633,100.0,0.009999999776482582,0.9816677570343018,1.0
4116,2.8029041360209286,222.13926156667915,38.72998284163816,100.0,0.009999999776482582,1.543009638786316,0.5
4117,2.637524133136045,134.4669967370334,37.060193469446524,100.0,0.009999999776482582,1.3941445350646973,0.75
4118,2.241264607815939,132.59740717919436,39.78528943921871,100.0,0.009999999776482582,0.9693622589111328,0.75
4119,3.275157232378877,217.91615652969784,40.656816953866084,100.0,0.009999999776482582,1.3799397945404053,0.75
4120,2.7926604266800816,0.1191107254267595,26.99368313944289,100.0,0.009999999776482582,1.2251073122024536,1.0
4121,3.6681516926828768,235.8796032978571,39.63166564161405,100.0,0.009999999776482582,1.6438168287277222,0.5
4122,2.8048061380354143,0.2731558184793959,28.182328577739845,100.0,0.009999999776482582,1.591369867324829,1.0
4123,1.9406980939584788,0.0008072886124458623,22.103076775004702,100.0,0.009999999776482582,0.6644271612167358,1.0
4124,2.679761068146251,169.44217040374298,40.975029133925446,100.0,0.009999999776482582,1.2305793762207031,0.75
4125,2.994511721181809,304.8762353910597,39.90938486119393,100.0,0.009999999776482582,1.4457824230194092,0.5
4126,2.539036801184071,142.42653766558126,40.79038586375084,100.0,0.009999999776482582,1.4323238134384155,0.75
4127,2.6742295085793026,175.31897386752306,43.56801967209723,100.0,0.009999999776482582,1.4288458824157715,0.75
4128,3.6440906516466964,284.3094919484528,38.89301103143124,100.0,0.009999999776482582,2.0787606239318848,0.25
4129,2.7453311423541495,0.040424749253703894,24.810093540348458,100.0,0.009999999776482582,1.0625284910202026,1.0
4130,2.345765927659031,0.030434549110517132,23.86297036588653,100.0,0.009999999776482582,1.1131571531295776,1.0
4131,3.2903977071481916,247.5709030457151,39.81581583738769,100.0,0.009999999776482582,1.5631139278411865,0.5
4132,2.8256053424744976,125.14881005472068,33.7824695685126,100.0,0.009999999776482582,1.5342351198196411,0.75
4133,2.284891349808939,0.04070021600359068,24.60024055479815,100.0,0.009999999776482582,0.9924615621566772,1.0
4134,3.435639501233031,259.6265277496535,37.81493065577306,100.0,0.009999999776482582,1.8609637022018433,0.25
4135,2.725081738949199,0.7370592391095422,28.398881177107747,100.0,0.009999999776482582,1.4527053833007812,1.0
4136,2.231568136831833,0.01818576453099376,23.905402268243392,100.0,0.009999999776482582,1.160407543182373,1.0
4137,2.848351087386189,141.08383430154942,38.915289370826244,100.0,0.009999999776482582,1.7297121286392212,0.75
4138,2.992173528849715,251.05413321076898,38.49681104393544,100.0,0.009999999776482582,1.6670645475387573,0.5
4139,3.7271732648770484,223.0768903939453,40.50707257434912,100.0,0.009999999776482582,1.9526164531707764,0.5
4140,2.4281912603251694,0.028235810719455568,23.844585114440925,100.0,0.009999999776482582,1.319070816040039,1.0
4141,2.6474238360639566,0.02656168466300508,24.11615467933205,100.0,0.009999999776482582,1.4848815202713013,1.0
4142,2.797718516053465,179.26554616894234,43.89361102449924,100.0,0.009999999776482582,1.2180001735687256,0.75
4143,3.12432183866324,140.85905773956142,36.04785911887128,100.0,0.009999999776482582,1.6488358974456787,0.75
4144,2.883951338616413,200.8986771065166,40.682613350085056,100.0,0.009999999776482582,1.6102404594421387,0.75
4145,3.158562660611051,141.61027579011895,34.84941708352294,100.0,0.009999999776482582,1.497054100036621,0.75
4146,2.1643309610861996,0.012040604750669195,23.00694407040042,100.0,0.009999999776482582,0.9908736348152161,1.0
4147,2.658413889064154,0.06381259559442122,26.100927092545735,100.0,0.009999999776482582,1.076151967048645,1.0
4148,2.3040422651100756,0.5304883378468974,28.221652973624053,100.0,0.009999999776482582,0.9850634336471558,1.0
4149,3.0469175916292626,161.29331983059825,42.82055788301237,100.0,0.009999999776482582,1.52815580368042,0.75
4150,3.011815467719342,156.17051266099136,41.44509662897637,100.0,0.009999999776482582,1.5010299682617188,0.75
4151,3.366251593168553,145.63399889492567,36.90321290817013,100.0,0.009999999776482582,1.7031749486923218,0.75
4152,3.3548572741015135,166.2743649705903,42.994431954839285,100.0,0.009999999776482582,1.8492913246154785,0.75
4153,2.54833118485011,0.03079188238956128,26.166087125615938,100.0,0.009999999776482582,0.9147132635116577,1.0
4154,2.3821468108486643,0.1998159349565381,26.828878128931805,100.0,0.009999999776482582,1.1468390226364136,1.0
4155,3.10256403503838,195.99799760047222,42.60926926876737,100.0,0.009999999776482582,1.5295624732971191,0.75
4156,2.188947564155008,0.024406480175157924,23.791657683275908,100.0,0.009999999776482582,0.9877119064331055,1.0
4157,2.569234631816135,159.48515255321493,41.37558935920896,100.0,0.009999999776482582,1.2923531532287598,0.75
4158,2.534960696947555,199.53541676603217,38.750494269263285,100.0,0.009999999776482582,1.3929951190948486,0.5
4159,3.64518858084993,176.240952215373,42.61815422015161,100.0,0.009999999776482582,1.394299864768982,0.75
4160,3.5191124791457886,219.47199888131126,39.078586282637104,100.0,0.009999999776482582,1.8240025043487549,0.5
4161,2.4830199947221634,0.08852744047575438,26.820968401189113,100.0,0.009999999776482582,1.303807258605957,1.0
4162,3.622669214336995,257.9804224624013,39.15429766979083,100.0,0.009999999776482582,1.9220670461654663,0.25
4163,2.1907212006677166,0.0006949381231646678,21.98462305476832,100.0,0.009999999776482582,0.9406485557556152,1.0
4164,2.3860877133223126,128.3940233813057,35.277566021039284,100.0,0.009999999776482582,1.1075347661972046,0.75
4165,2.7176836579451655,0.038977699521682514,24.62253470441967,100.0,0.009999999776482582,1.1040576696395874,1.0
4166,3.04320934942803,217.85213720609804,41.39255019546582,100.0,0.009999999776482582,1.848524808883667,0.5
4167,2.5902339266495042,0.11862877586023228,27.51186777152426,100.0,0.009999999776482582,1.2947057485580444,1.0
4168,3.492520281681967,227.0116745379158,40.917477972665694,100.0,0.009999999776482582,1.4345207214355469,0.5
4169,2.669673375909206,174.13217169488013,42.61595861659387,100.0,0.009999999776482582,1.2532868385314941,0.75
4170,2.6124518281449722,0.48542022328951473,28.158340987608902,100.0,0.009999999776482582,1.2977359294891357,1.0
4171,2.2595014966015485,0.04365607067442827,24.495579807524603,100.0,0.009999999776482582,1.1116957664489746,1.0
4172,2.891905050146286,201.2935649187129,38.49881087740244,100.0,0.009999999776482582,1.475471019744873,0.5
4173,2.592075814460375,0.7088532039610097,29.104042748138184,100.0,0.009999999776482582,1.2974754571914673,1.0
4174,3.1548439715559415,226.1037275152386,39.850460231551104,100.0,0.009999999776482582,1.7103385925292969,0.75
4175,2.738641255875736,0.0697812294229077,24.579741078559323,100.0,0.009999999776482582,1.7942321300506592,1.0
4176,3.4338844647768108,295.8629497927921,39.313412253420445,100.0,0.009999999776482582,1.8857784271240234,0.25
4177,2.6270286838546086,0.05100257049432482,26.631555038767537,100.0,0.009999999776482582,1.295365810394287,1.0
4178,2.7390931232731854,142.7418679815845,36.18458976211398,100.0,0.009999999776482582,1.432739496231079,0.75
4179,2.635282986267486,0.47362266482410126,28.194559698841378,100.0,0.009999999776482582,1.2912566661834717,1.0
4180,2.5827760571512917,0.05056416833062218,24.492743047016763,100.0,0.009999999776482582,1.4960172176361084,1.0
4181,2.708599226835887,0.1578930734461099,26.93299923912775,100.0,0.009999999776482582,1.2035404443740845,1.0
4182,3.2136999831250828,228.05313251118682,39.00921259647999,100.0,0.009999999776482582,1.4164143800735474,0.5
4183,2.6043541763255647,171.60034626935604,38.8842806663407,100.0,0.009999999776482582,1.4220107793807983,0.75
4184,2.3512907179901847,0.44300373614812466,27.968756116136383,100.0,0.009999999776482582,1.1669855117797852,1.0
4185,2.213022525444263,0.03464957230946486,24.55255725307446,100.0,0.009999999776482582,0.9884511232376099,1.0
4186,2.801956069039754,0.06982843367201792,25.208095074183692,100.0,0.009999999776482582,1.7642145156860352,1.0
4187,2.696683314758357,201.60131075721705,39.14682246246367,100.0,0.009999999776482582,1.4299216270446777,0.75
4188,2.8651665520852236,282.64994087147136,40.674351634190906,100.0,0.009999999776482582,1.3793115615844727,0.5
4189,3.361951877692567,254.2615202665425,39.297024832008354,100.0,0.009999999776482582,1.9520883560180664,0.25
4190,2.66142929112853,176.05022189104358,45.30527385476416,100.0,0.009999999776482582,1.4296667575836182,0.75
4191,3.2542083447572687,145.84686241310064,37.38425638604733,100.0,0.009999999776482582,1.3219196796417236,0.75
4192,3.261044489985589,199.1357555612419,38.79390698309618,100.0,0.009999999776482582,1.773909568786621,0.5
4193,3.22277014549609,137.19702938798736,37.6734692167726,100.0,0.009999999776482582,1.5445914268493652,0.75
4194,3.2388056377192687,242.7936236281696,37.35008527800144,100.0,0.009999999776482582,1.8449392318725586,0.5
4195,3.151274559107701,294.55973874018053,39.75886886212649,100.0,0.009999999776482582,1.6082886457443237,0.5
4196,3.4072359533278243,296.6163888203085,41.59746818185635,100.0,0.009999999776482582,1.7494181394577026,0.5
4197,3.020754242885722,230.893785266781,39.16535277049249,100.0,0.009999999776482582,1.6945457458496094,0.5
4198,3.317995362672982,273.7858189757739,38.53976325487908,100.0,0.009999999776482582,1.9971057176589966,0.5
4199,2.6845915370143256,202.40208284351294,37.05269780538247,100.0,0.009999999776482582,1.2853537797927856,0.75
4200,2.6334754832834326,128.97624150004395,35.31744994318834,100.0,0.009999999776482582,1.417507529258728,0.75
4201,2.5416490717587874,120.31342059243472,40.23840855191674,100.0,0.009999999776482582,1.0546627044677734,0.75
4202,2.2372862506387623,0.02072341522489613,23.606903511162756,100.0,0.009999999776482582,1.0081772804260254,1.0
4203,3.3791703478814874,0.5898188201657613,28.57359573542208,100.0,0.009999999776482582,1.548912763595581,1.0
4204,2.4450229441240645,0.03794461867034844,24.397899684786076,100.0,0.009999999776482582,1.3172752857208252,1.0
4205,2.7924803629957875,207.53869653282297,39.8189271781989,100.0,0.009999999776482582,1.3720965385437012,0.5
4206,2.5487862419992267,126.38181340585642,35.96694135561737,100.0,0.009999999776482582,1.4391257762908936,0.75
4207,2.702361197882402,128.4935035587831,35.620942057975455,100.0,0.009999999776482582,1.3904640674591064,0.75
4208,2.9790652557432202,132.86386025188406,36.318819049140686,100.0,0.009999999776482582,0.99946129322052,0.75
4209,2.6040660140158156,162.4537256087877,37.66536347139894,100.0,0.009999999776482582,1.4326050281524658,0.75
4210,3.0673189715417295,213.89324930705084,38.858390984578676,100.0,0.009999999776482582,1.8368330001831055,0.5
4211,2.8470226384955764,148.62320316454878,37.05124901527123,100.0,0.009999999776482582,1.3538345098495483,0.75
4212,2.1660620605279908,0.0006964610251292837,21.982818187696385,100.0,0.009999999776482582,0.9543642401695251,1.0
4213,2.62080552126128,229.09633120904772,39.699223239992854,100.0,0.009999999776482582,1.0846405029296875,0.75
4214,3.09876754690813,136.38633936467744,36.73651353073326,100.0,0.009999999776482582,1.368804693222046,0.75
4215,2.784794145940467,137.9998419888937,36.12159571371554,100.0,0.009999999776482582,1.1855323314666748,0.75
4216,2.6826227869675616,208.01168621779988,39.22814712443322,100.0,0.009999999776482582,1.0839557647705078,0.75
4217,2.7039723999223964,180.62216490897862,38.85790809119213,100.0,0.009999999776482582,1.3147552013397217,0.5
4218,3.059281388343438,138.3764541538996,34.728384358740044,100.0,0.009999999776482582,1.4628491401672363,0.75
4219,2.7613930746135913,206.2069687185579,36.63531162173702,100.0,0.009999999776482582,1.359656572341919,0.75
4220,3.4523917429770385,223.95560035257526,38.082723458827815,100.0,0.009999999776482582,1.788651466369629,0.5
4221,3.66236372088673,277.9450784400922,39.48893635669113,100.0,0.009999999776482582,1.9588801860809326,0.25
4222,2.9718787380859455,162.7116258966739,43.17527973663683,100.0,0.009999999776482582,1.7091560363769531,0.75
4223,2.5018680849775885,0.04873551978815117,25.736460355111056,100.0,0.009999999776482582,1.2992546558380127,1.0
4224,2.0245614635516924,0.0006700185747466598,21.97737733235918,100.0,0.009999999776482582,0.6686983108520508,1.0
4225,2.85626140208249,0.13190725815733287,27.0093759493959,100.0,0.009999999776482582,1.4571428298950195,1.0
4226,2.4332533900125144,0.0006976022286126858,21.929563318246505,100.0,0.009999999776482582,1.067917823791504,1.0
4227,3.193326634543061,208.19915252892912,37.99167266711722,100.0,0.009999999776482582,1.9498010873794556,0.5
4228,2.5577246872786117,154.0413748312337,37.545425171126155,100.0,0.009999999776482582,1.0431482791900635,0.75
4229,3.39722467336588,245.6600891033861,39.378890293487366,100.0,0.009999999776482582,1.4743289947509766,0.5
4230,3.1981231325681994,147.55135788330645,39.56161184703599,100.0,0.009999999776482582,1.8692312240600586,0.75
4231,3.0117748213203446,214.0852319945901,37.65282748393742,100.0,0.009999999776482582,1.6501423120498657,0.5
4232,2.0161674479466964,0.03195465095242222,24.438048444750297,100.0,0.009999999776482582,0.8545588254928589,1.0
4233,2.727613010177252,167.63948933923388,43.87507828552486,100.0,0.009999999776482582,1.3618098497390747,0.75
4234,1.9777596141242584,0.04748162981714705,26.665335187325656,100.0,0.009999999776482582,0.8685757517814636,1.0
4235,3.2874628250432067,310.47918886082635,39.37316722874855,100.0,0.009999999776482582,1.5744247436523438,0.5
4236,3.0084496665194105,177.21641953262753,39.54286716011528,100.0,0.009999999776482582,1.1580514907836914,0.75
4237,2.497094421576631,0.027123102491966675,24.091486205610796,100.0,0.009999999776482582,1.2645924091339111,1.0
4238,3.427036558293671,217.71095768589495,39.04303705895297,100.0,0.009999999776482582,1.6353061199188232,0.5
4239,3.369899453343515,164.4735839736841,39.47481042101783,100.0,0.009999999776482582,1.5116251707077026,0.75
4240,2.5680341877387116,217.32412878090463,40.09133994304554,100.0,0.009999999776482582,1.0902082920074463,0.75
4241,3.011277598407834,211.93253992117255,38.5023243242059,100.0,0.009999999776482582,1.6761139631271362,0.5
4242,3.1247852831701843,152.0713481894169,37.543830012376276,100.0,0.009999999776482582,1.3687303066253662,0.75
4243,2.4379551960784784,0.04639216321285715,24.70897841975783,100.0,0.009999999776482582,1.2956128120422363,1.0
4244,2.7210617757552487,0.076169360359325,26.07747992530898,100.0,0.009999999776482582,1.432441234588623,1.0
4245,3.392649552513883,232.98884790382314,39.67868712272243,100.0,0.009999999776482582,1.818909764289856,0.5
4246,3.660603893182654,229.8003554452123,38.86391842288904,100.0,0.009999999776482582,1.9453433752059937,0.5
4247,3.0191000092247755,268.1864383484077,39.10397128601994,100.0,0.009999999776482582,1.5080718994140625,0.5
4248,2.2235003140727505,156.21002587132665,39.59343811015964,100.0,0.009999999776482582,0.9677340388298035,0.75
4249,2.2824306968496013,0.0006561496421056776,21.98328815279837,100.0,0.009999999776482582,0.9480224847793579,1.0
4250,2.5691421696298438,135.6986452261626,36.077474892523426,100.0,0.009999999776482582,1.2976291179656982,0.75
4251,2.266895286110745,0.01833995097779154,25.374344752226257,100.0,0.009999999776482582,0.9954452514648438,1.0
4252,2.7402619419139578,0.13019897346591877,27.88283973943318,100.0,0.009999999776482582,1.2085869312286377,1.0
4253,2.4421553301961687,0.029021793016119447,24.07165661839908,100.0,0.009999999776482582,1.3179723024368286,1.0
4254,3.006895815499572,0.08420920004443863,27.844470481251047,100.0,0.009999999776482582,1.2376614809036255,1.0
4255,3.249331536441205,157.57620909035163,39.01625283362239,100.0,0.009999999776482582,1.5469117164611816,0.75
4256,3.370137275695104,282.63863424829606,38.26872075214889,100.0,0.009999999776482582,1.8189566135406494,0.25
4257,3.88104141928902,361.18954672226516,38.79629522312876,100.0,0.009999999776482582,2.1905572414398193,0.0
4258,2.111767419256544,0.14720224687432265,28.015461094077043,100.0,0.009999999776482582,0.8521742820739746,1.0
4259,3.11292477589525,115.46653408837476,35.376678213180945,100.0,0.009999999776482582,1.4503024816513062,0.75
4260,3.2779135471130703,132.44962887580382,38.86739346119719,100.0,0.009999999776482582,1.6616443395614624,0.75
4261,2.7962129624869747,141.467635175066,40.44944351343626,100.0,0.009999999776482582,1.727148175239563,0.75
4262,3.7256026247789475,296.4037598188229,41.231709790065814,100.0,0.009999999776482582,1.8198493719100952,0.25
4263,2.489210569784971,137.75052427184102,35.23737963467469,100.0,0.009999999776482582,1.259146809577942,0.75
4264,2.760669962682639,118.08826689631775,34.896558387824726,100.0,0.009999999776482582,1.3285826444625854,0.75
4265,3.0103090212516572,256.8765367931677,40.959792863110124,100.0,0.009999999776482582,1.4653698205947876,0.5
4266,2.4222487014482055,180.61034839220702,43.08352168282917,100.0,0.009999999776482582,1.096049189567566,0.75
4267,2.6819981631885828,0.5444852450549883,29.437099991580627,100.0,0.009999999776482582,0.9184297323226929,1.0
4268,2.3635350587482793,178.2785010309799,43.05244678694831,100.0,0.009999999776482582,0.9705028533935547,0.75
4269,3.2461512499785803,266.4091286441763,40.08197097571013,100.0,0.009999999776482582,1.819421648979187,0.5
4270,2.422268613350339,0.22084894835877264,26.859940220735332,100.0,0.009999999776482582,1.2970235347747803,1.0
4271,3.5378124507431,150.40409774530514,41.33085610747847,100.0,0.009999999776482582,1.3065170049667358,0.75
4272,2.631096319636049,179.9902163790495,43.662318464149216,100.0,0.009999999776482582,1.396187663078308,0.75
4273,3.6784265934153644,258.31474089546464,38.42764220561358,100.0,0.009999999776482582,1.9407780170440674,0.5
4274,2.5710424491668307,143.804026950962,36.290616862196075,100.0,0.009999999776482582,1.0914982557296753,0.75
4275,2.943591143959665,189.02196005567887,41.38255845551432,100.0,0.009999999776482582,1.340951681137085,0.75
4276,2.2751557330059855,0.10063203170546252,27.238443714634887,100.0,0.009999999776482582,0.9931656122207642,1.0
4277,3.0819828980580843,180.1453811688972,36.397724706163,100.0,0.009999999776482582,1.3925241231918335,0.5
4278,3.1818302846747657,212.34976689540073,37.41246229674115,100.0,0.009999999776482582,2.0110583305358887,0.5
4279,2.1415308608235333,0.02852716593093402,24.15162608782307,100.0,0.009999999776482582,0.9864344596862793,1.0
4280,2.908579707589987,155.02211235539028,42.408466556067125,100.0,0.009999999776482582,1.7052102088928223,0.75
4281,2.8094080961899026,203.49454916404977,36.63774835803142,100.0,0.009999999776482582,1.430092453956604,0.75
4282,3.4751695743973405,182.88971650650078,41.04723250298969,100.0,0.009999999776482582,1.6104140281677246,0.75
4283,1.919511994432188,0.0005801377785028499,21.90525890738751,100.0,0.009999999776482582,0.6496243476867676,1.0
4284,3.1698613436007976,213.97379603496233,37.47034078804896,100.0,0.009999999776482582,1.8345656394958496,0.5
4285,2.3517664301389494,0.023376643259423353,23.710753070720543,100.0,0.009999999776482582,1.1106784343719482,1.0
4286,2.4221706970876955,0.04805433785579146,24.949178055882864,100.0,0.009999999776482582,1.0933550596237183,1.0
4287,3.210232759011928,163.01460460212786,37.58352404762488,100.0,0.009999999776482582,1.8174406290054321,0.75
4288,2.9013584080144454,0.027419787407867675,23.886515462985198,100.0,0.009999999776482582,1.1870578527450562,1.0
4289,2.553271342655552,144.03731692544216,39.67684717216241,100.0,0.009999999776482582,1.2386945486068726,0.75
4290,3.206906363881257,256.36948364973364,38.315466844583426,100.0,0.009999999776482582,1.7509046792984009,0.25
4291,3.22893735015515,0.560482259578148,28.633529754227403,100.0,0.009999999776482582,1.392186164855957,1.0
4292,3.083607903646523,219.5432873515606,39.04803112820055,100.0,0.009999999776482582,1.717024564743042,0.5
4293,3.350198516176542,245.5912359509977,38.077013016968145,100.0,0.009999999776482582,1.726808786392212,0.25
4294,2.597200096614637,0.05501894558678083,24.532171812872857,100.0,0.009999999776482582,1.3032183647155762,1.0
4295,2.75682751206549,196.4857435033154,39.27335374800229,100.0,0.009999999776482582,1.2342510223388672,0.75
4296,2.50243526470489,127.6258637591805,35.99294015440125,100.0,0.009999999776482582,1.2549047470092773,0.75
4297,2.2773826642864075,0.018899582828694906,23.61860166137338,100.0,0.009999999776482582,1.0206995010375977,1.0
4298,2.8074677808285267,123.67649155967096,41.74326562980445,100.0,0.009999999776482582,1.2509303092956543,0.75
4299,3.3597788102500648,317.99122750921026,40.691277021658486,100.0,0.009999999776482582,1.7605931758880615,0.25
4300,2.869950253241358,160.3770179002963,40.16762733654784,100.0,0.009999999776482582,1.1764509677886963,0.75
4301,3.041858307508467,0.08337625001168271,27.075972363881224,100.0,0.009999999776482582,1.3738902807235718,1.0
4302,3.322852320517858,0.07246310015258897,26.41259719287718,100.0,0.009999999776482582,1.6410529613494873,1.0
4303,2.069043409835296,0.0005441701130978085,21.855519552343747,100.0,0.009999999776482582,0.8059836626052856,1.0
4304,3.033186483797133,218.82461362872678,41.31032429826077,100.0,0.009999999776482582,1.4372224807739258,0.5
4305,2.5220865575395606,145.37774632509863,36.07406944203179,100.0,0.009999999776482582,1.2875938415527344,0.75
4306,2.508636796340874,0.10492691528787389,27.3144566942175,100.0,0.009999999776482582,1.2964253425598145,1.0
4307,3.0355354122271274,0.073469101075156,26.713399124212447,100.0,0.009999999776482582,1.3603363037109375,1.0
4308,2.8145544847484874,0.15209430130595158,28.53121284527403,100.0,0.009999999776482582,0.9089268445968628,1.0
4309,3.0927220167035174,0.6093799623597853,28.841891814326207,100.0,0.009999999776482582,1.6955902576446533,1.0
4310,2.904775135648923,137.91659028670503,35.873899201096464,100.0,0.009999999776482582,1.4940448999404907,0.75
4311,2.934600048952894,142.15284184650562,39.95398828968831,100.0,0.009999999776482582,1.40300452709198,0.75
4312,2.0693183540480544,0.07030859084733188,27.10197615689815,100.0,0.009999999776482582,0.8299495577812195,1.0
4313,2.4697181338078833,0.5199715248411254,28.138907774072358,100.0,0.009999999776482582,1.2448198795318604,1.0
4314,2.568754384523694,177.95485972891746,40.30170746339314,100.0,0.009999999776482582,1.2088663578033447,0.75
4315,2.1343571683402476,0.0004667304328759236,21.766274653807187,100.0,0.009999999776482582,0.9398273825645447,1.0
4316,2.6557869036094126,133.40542690731922,37.601153333984115,100.0,0.009999999776482582,1.3931622505187988,0.75
4317,3.180918275429389,254.88332756312806,37.79764256160765,100.0,0.009999999776482582,2.0352089405059814,0.5
4318,1.9782557561598235,0.025766899810860836,24.266055362173418,100.0,0.009999999776482582,0.842591404914856,1.0
4319,3.02334902287793,179.71565716641328,43.54162031918054,100.0,0.009999999776482582,1.5256729125976562,0.75
4320,2.966272891549924,199.3512136752303,41.32280476946806,100.0,0.009999999776482582,1.3485970497131348,0.75
4321,2.6371666014687607,139.44954500705114,35.36468842890026,100.0,0.009999999776482582,1.2657699584960938,0.75
4322,3.0553155799647285,172.66282819653634,39.892745914789074,100.0,0.009999999776482582,1.6200661659240723,0.75
4323,3.067933934089868,223.73056782501527,39.3678596022048,100.0,0.009999999776482582,1.5245856046676636,0.5
4324,2.752249984045742,128.93873704699075,33.899674547536115,100.0,0.009999999776482582,1.4338836669921875,0.75
4325,2.232768623415979,0.030981520181701618,24.435416986739934,100.0,0.009999999776482582,0.9881229400634766,1.0
4326,3.0353810850635745,141.29597969770677,37.180562855607526,100.0,0.009999999776482582,1.0187608003616333,0.75
4327,2.5276530305435405,0.014873888727006868,23.407079709121533,100.0,0.009999999776482582,1.2487661838531494,1.0
4328,2.4212318299517617,0.45778837524709426,28.53735878574954,100.0,0.009999999776482582,1.2363121509552002,1.0
4329,3.7864559613030995,235.21818215417477,38.753602629418175,100.0,0.009999999776482582,1.737017035484314,0.5
4330,2.9827436601658794,177.42467021363572,41.13784804040018,100.0,0.009999999776482582,1.5456576347351074,0.75
4331,2.259749807487606,0.03006420084931361,24.072793948025478,100.0,0.009999999776482582,1.150638222694397,1.0
4332,2.897495020589433,0.41646708877692834,28.35575337852762,100.0,0.009999999776482582,1.336409568786621,1.0
4333,2.8366723223216503,161.19599724904356,40.498340905849915,100.0,0.009999999776482582,1.2213159799575806,0.75
4334,2.6268874423364545,161.89767886313737,38.6830413070122,100.0,0.009999999776482582,1.2279746532440186,0.75
4335,3.986798974623652,300.35466959708657,39.432717112707444,100.0,0.009999999776482582,2.0229499340057373,0.25
4336,2.958400367407419,206.5898145990877,38.49151337631213,100.0,0.009999999776482582,1.4273626804351807,0.75
4337,2.6148815602089672,146.07167117968228,40.659983072121165,100.0,0.009999999776482582,1.3918416500091553,0.75
4338,2.8103566919105725,179.54759876548286,41.41970662008346,100.0,0.009999999776482582,1.408954381942749,0.75
4339,2.8612502863220954,163.46607151878587,39.30313627454248,100.0,0.009999999776482582,1.211921215057373,0.75
4340,2.730351194980108,0.05409856078573216,24.715868538443583,100.0,0.009999999776482582,1.5929967164993286,1.0
4341,3.253219234411799,283.65644293807617,40.90699396890225,100.0,0.009999999776482582,1.715042233467102,0.5
4342,2.3168954364867296,133.8734448379707,35.803106212153665,100.0,0.009999999776482582,1.0840415954589844,0.75
4343,2.600140685091464,138.8937494385424,38.443657424485046,100.0,0.009999999776482582,1.357224941253662,0.75
4344,2.314313463679997,174.40672386612306,42.947897825253044,100.0,0.009999999776482582,0.9591934084892273,0.75
4345,2.8699502750772146,0.019961292480701075,24.47746340601032,100.0,0.009999999776482582,1.1731353998184204,1.0
4346,2.6119063031214536,199.53785332009198,39.42668496751057,100.0,0.009999999776482582,1.0932726860046387,0.75
4347,2.9283088822083045,238.49202589298338,42.1256767089883,100.0,0.009999999776482582,1.5187081098556519,0.5
4348,1.9317400199567212,0.0004530699827059672,21.74060499576049,100.0,0.009999999776482582,0.6364650130271912,1.0
4349,2.9939439247226227,183.83975005822913,41.81957319673475,100.0,0.009999999776482582,1.419000506401062,0.75
4350,3.199035146591964,301.74719973268026,40.09759847519246,100.0,0.009999999776482582,1.7994308471679688,0.25
4351,2.2424028205946924,0.00045977996094888904,21.761023934539132,100.0,0.009999999776482582,0.9130076169967651,1.0
4352,2.6266530523519847,0.030489370645992376,24.001307410384904,100.0,0.009999999776482582,1.428444504737854,1.0
4353,2.467296511584014,149.71551937583573,38.62769781657727,100.0,0.009999999776482582,1.0874412059783936,0.75
4354,3.075439155276833,149.02261441149048,35.868191716533424,100.0,0.009999999776482582,1.8825531005859375,0.75
4355,3.23857275922436,132.9815269743411,35.646554607912364,100.0,0.009999999776482582,1.8433287143707275,0.75
4356,2.5737927022181375,0.16029330166073263,26.6613542714754,100.0,0.009999999776482582,1.2947944402694702,1.0
4357,2.6933511947390434,0.3500168521518862,28.079180644349556,100.0,0.009999999776482582,1.4173320531845093,1.0
4358,3.232457725018713,143.35901126935602,38.65241329672573,100.0,0.009999999776482582,1.1383562088012695,0.75
4359,2.7282616733421556,201.24037206010064,39.28057717461899,100.0,0.009999999776482582,0.9583137035369873,0.75
4360,2.8795810151690295,176.1332996620545,41.30248519582315,100.0,0.009999999776482582,1.4647526741027832,0.75
4361,2.541665530353314,0.025276876860924485,23.826683114316264,100.0,0.009999999776482582,1.490087866783142,1.0
4362,2.736498483401827,148.38588619972103,35.99908452663595,100.0,0.009999999776482582,1.2901830673217773,0.75
4363,2.908766343722115,179.826484640612,36.65063897076505,100.0,0.009999999776482582,1.7993911504745483,0.5
4364,2.3269362398611566,0.03847404297764636,26.671954201651783,100.0,0.009999999776482582,1.1487290859222412,1.0
4365,3.1108556211277585,209.86952989353384,37.451781499207605,100.0,0.009999999776482582,1.2377583980560303,0.75
4366,3.3570576047922938,170.45900014127983,37.44929454297201,100.0,0.009999999776482582,1.6305238008499146,0.5
4367,2.3398023705398847,147.2317123713107,37.238900763638355,100.0,0.009999999776482582,0.9532754421234131,0.75
4368,3.1317148208872276,171.85056701458214,41.634354477184004,100.0,0.009999999776482582,1.4905681610107422,0.75
4369,2.260510215530567,155.77409749513401,40.9806809057071,100.0,0.009999999776482582,0.9452467560768127,0.75
4370,2.232969709851137,0.024554323295369357,24.13438771464464,100.0,0.009999999776482582,0.9792228937149048,1.0
4371,3.344318594542032,199.09233638210688,36.37371586469593,100.0,0.009999999776482582,2.034468650817871,0.5
4372,3.4381053451072963,267.3849446433485,40.85673252910514,100.0,0.009999999776482582,1.8223896026611328,0.25
4373,1.8786296267858522,0.0003693281865431852,21.63099935025469,100.0,0.009999999776482582,0.6529600620269775,1.0
4374,2.7465593969366133,121.99724694011009,34.96125292827305,100.0,0.009999999776482582,1.3169212341308594,0.75
4375,2.2701003358890013,0.01791824628791387,23.742432084937562,100.0,0.009999999776482582,0.953041672706604,1.0
4376,1.928610800693019,0.00033530356361159854,21.581734634283745,100.0,0.009999999776482582,0.6555980443954468,1.0
4377,3.3547315810396015,227.15947650596775,40.43198987285564,100.0,0.009999999776482582,1.9741008281707764,0.5
4378,2.3626355740373337,0.031148103905830365,25.888138759124875,100.0,0.009999999776482582,1.1510343551635742,1.0
4379,2.4163114244009383,0.023959528543527047,24.18421108044476,100.0,0.009999999776482582,0.8827082514762878,1.0
4380,3.352733275744822,254.77441855067931,39.170829864997074,100.0,0.009999999776482582,1.8601837158203125,0.25
4381,2.356534571920642,0.014698494399288126,23.45301265601772,100.0,0.009999999776482582,1.1067005395889282,1.0
4382,2.855383199995217,0.4168451962051316,29.29467250654825,100.0,0.009999999776482582,1.2419366836547852,1.0
4383,2.5633806964427155,169.55072972569548,40.20793517951804,100.0,0.009999999776482582,1.2644093036651611,0.75
4384,3.2494396136514534,180.19562639220362,40.0096120026875,100.0,0.009999999776482582,1.6341772079467773,0.75
4385,2.4523396961537856,0.027238740490867493,24.61643687155514,100.0,0.009999999776482582,1.096401572227478,1.0
4386,2.9576258861752116,160.42202601772556,40.12355233271155,100.0,0.009999999776482582,1.032851219177246,1.0
4387,2.5488325309526934,0.010819205936720469,23.29610801593885,100.0,0.009999999776482582,1.2408782243728638,1.0
4388,2.990068713927182,215.09625825114605,38.89209871462429,100.0,0.009999999776482582,1.5215445756912231,0.5
4389,2.7459423745491534,187.19317605523028,41.049044572816086,100.0,0.009999999776482582,0.9969362020492554,0.75
4390,2.8268709756746055,145.23111789197912,39.30016670428375,100.0,0.009999999776482582,1.5429282188415527,0.75
4391,2.9737028488847725,0.3932068457124752,28.06368285540642,100.0,0.009999999776482582,1.399247646331787,1.0
4392,3.6250107907208355,211.92801494982538,38.462392343234185,100.0,0.009999999776482582,1.4831675291061401,0.75
4393,3.447619366664628,275.48039176264166,40.99592335243567,100.0,0.009999999776482582,1.9458014965057373,0.5
4394,3.468210927357929,0.12063097389059625,27.624959879805008,100.0,0.009999999776482582,1.7036067247390747,1.0
4395,3.1724368158002805,185.07517397669386,37.61881155882226,100.0,0.009999999776482582,1.5548115968704224,0.5
4396,2.629462860141845,0.06551108594471976,26.56197646917611,100.0,0.009999999776482582,1.2782999277114868,1.0
4397,2.749426961507022,145.16589599367987,40.874902690263546,100.0,0.009999999776482582,1.3252512216567993,0.75
4398,1.7188174271980297,0.000330873715179943,21.679806688418235,100.0,0.009999999776482582,0.5254072546958923,1.0
4399,2.5508958325239868,138.83802981484345,34.646305306343585,100.0,0.009999999776482582,1.2964634895324707,0.75
4400,3.5669480922262506,252.4252535717314,39.81856341344211,100.0,0.009999999776482582,1.710435390472412,0.5
4401,3.200265998449098,216.01871182418645,39.027540644016,100.0,0.009999999776482582,1.5359067916870117,0.75
4402,3.141253101517532,238.89462621672854,42.08291586546631,100.0,0.009999999776482582,1.6994552612304688,0.5
4403,2.1192845618679574,0.0003339462176717222,21.664582584014703,100.0,0.009999999776482582,0.7682958841323853,1.0
4404,2.8707827693350914,200.28225324352644,38.41242033099646,100.0,0.009999999776482582,1.5339573621749878,0.5
4405,2.6094534226736914,123.91772942937725,36.802394104975676,100.0,0.009999999776482582,1.1553536653518677,0.75
4406,2.97760662921855,227.41931507677344,38.052640767602696,100.0,0.009999999776482582,1.8423757553100586,0.5
4407,2.6857852947243575,175.74609434316085,41.36407072183407,100.0,0.009999999776482582,1.272949457168579,0.75
4408,3.5101879254023536,142.17275085357912,42.7770535010922,100.0,0.009999999776482582,1.059373378753662,0.75
4409,3.491677379972453,237.87857264672542,38.47253454212681,100.0,0.009999999776482582,1.605565071105957,0.5
4410,2.5505058160941005,147.3478154234963,38.80069727538202,100.0,0.009999999776482582,1.2584103345870972,0.75
4411,3.024475624315258,227.31584103750012,39.10371299150246,100.0,0.009999999776482582,1.6762770414352417,0.5
4412,3.057403512735676,127.74173871245267,41.887096841855104,100.0,0.009999999776482582,1.5722849369049072,0.75
4413,3.202828076807688,167.23966015675185,42.17603598356269,100.0,0.009999999776482582,1.503446102142334,1.0
4414,2.5942837419553952,0.06159038502504264,26.84198912026964,100.0,0.009999999776482582,1.3043928146362305,1.0
4415,2.755918242987382,149.58546148663058,36.04496331723297,100.0,0.009999999776482582,1.439727783203125,0.75
4416,3.4843896031658375,332.8886369569143,37.79360966314437,100.0,0.009999999776482582,2.1658530235290527,0.25
4417,2.8026672222372078,0.1802455984049325,26.777462493083164,100.0,0.009999999776482582,1.6026575565338135,1.0
4418,2.9834458793959007,162.5390303103917,42.33076870843344,100.0,0.009999999776482582,1.5225145816802979,0.75
4419,3.5644947829735303,303.877556010645,40.04589937267138,100.0,0.009999999776482582,1.7530025243759155,0.25
4420,2.495881012126217,0.13855371566412286,28.228883767475974,100.0,0.009999999776482582,1.2801162004470825,1.0
4421,2.6718112877190214,140.3551568382153,37.35688978305648,100.0,0.009999999776482582,1.5756239891052246,0.75
4422,2.9531537069770772,209.66994176662212,38.40419086962094,100.0,0.009999999776482582,1.723414421081543,0.75
4423,2.404842214222112,0.13513099556997935,28.21695624373243,100.0,0.009999999776482582,1.1399023532867432,1.0
4424,2.3978576395620954,0.3900345958471484,28.32816837528722,100.0,0.009999999776482582,1.118796467781067,1.0
4425,2.4314161083964247,0.050965218956732776,26.87359347602607,100.0,0.009999999776482582,1.1054733991622925,1.0
4426,2.326153563021051,0.008627872727248628,23.487942280571364,100.0,0.009999999776482582,1.1179218292236328,1.0
4427,2.641859940125069,207.82644007531076,40.42653596278225,100.0,0.009999999776482582,1.2145142555236816,0.75
4428,3.9910609497655023,144.48170728613286,34.168100602439715,100.0,0.009999999776482582,1.1746389865875244,1.0
4429,2.8215502615055312,138.8819359466133,35.60082540107798,100.0,0.009999999776482582,1.4619191884994507,0.75
4430,2.6902657735251996,0.008595482063317242,24.906536143856794,100.0,0.009999999776482582,1.2585604190826416,1.0
4431,2.251671494499172,166.77842271617703,39.62749995127828,100.0,0.009999999776482582,0.9575020670890808,0.75
4432,2.652078211893357,120.49333830260662,36.69338143135286,100.0,0.009999999776482582,1.1863346099853516,0.75
4433,2.817438658038094,208.16645819012362,37.10477319194602,100.0,0.009999999776482582,1.4100292921066284,0.75
4434,3.2102940122270134,255.99849529537062,38.3975815437734,100.0,0.009999999776482582,1.6197335720062256,0.5
4435,2.7522471729827918,0.10004937705313365,27.461184692874163,100.0,0.009999999776482582,1.4272661209106445,1.0
4436,3.3061864342179845,224.6610013631622,39.43565109658426,100.0,0.009999999776482582,2.017819404602051,0.5
4437,3.075835848210844,145.16603970922426,40.76173173393452,100.0,0.009999999776482582,1.8357622623443604,0.75
4438,3.1819489921120057,218.63896417486725,38.48612606378025,100.0,0.009999999776482582,2.013361930847168,0.5
4439,2.224823913287809,0.0003718053585411243,21.75409193442666,100.0,0.009999999776482582,0.7761629223823547,1.0
4440,2.82255825464393,138.22928762752875,36.391893946409645,100.0,0.009999999776482582,1.5792977809906006,0.75
4441,3.022643424923295,257.63312201163546,38.65862896666343,100.0,0.009999999776482582,1.4802658557891846,0.5
4442,2.3488375714946383,0.05944744138178898,27.17802691042239,100.0,0.009999999776482582,1.101120114326477,1.0
4443,2.7759138552763627,0.034729740150252444,26.557077218217582,100.0,0.009999999776482582,1.4363253116607666,1.0
4444,3.1942981443054332,207.90207674422822,39.77801076588716,100.0,0.009999999776482582,1.9454618692398071,0.5
4445,2.6897595127019622,196.90951592490046,37.16175501547399,100.0,0.009999999776482582,1.2854278087615967,0.75
4446,2.7890534732235137,204.2194477486582,38.13815100565607,100.0,0.009999999776482582,1.4109363555908203,0.75
4447,2.88661811758908,158.66355417827927,40.25123451592264,100.0,0.009999999776482582,1.5187896490097046,0.75
4448,2.7331010576261914,0.017330019254939707,23.827757927040214,100.0,0.009999999776482582,1.1411657333374023,1.0
4449,2.6364597912207137,172.85188138255532,39.61454348962821,100.0,0.009999999776482582,1.221688151359558,0.75
4450,2.7439347649431447,144.50009914969587,40.81111115999373,100.0,0.009999999776482582,1.5213217735290527,0.75
4451,2.1992204848861965,0.016117720083347064,24.07386542353469,100.0,0.009999999776482582,0.9667325019836426,1.0
4452,1.8685005810934678,0.0002870064148422922,21.603642308928293,100.0,0.009999999776482582,0.6677225828170776,1.0
4453,3.5661643844256625,172.13226314225915,40.343753550106825,100.0,0.009999999776482582,1.4444258213043213,0.75
4454,3.4116718680328493,250.1791809293708,38.769469099296394,100.0,0.009999999776482582,1.6631839275360107,0.5
4455,2.510970204860351,0.029818110728464534,24.49203719353891,100.0,0.009999999776482582,1.153969645500183,1.0
4456,2.9251170576979186,234.7590083284053,39.267980711059856,100.0,0.009999999776482582,1.6609992980957031,0.5
4457,1.9382060042054108,0.0002971862879025687,21.662535379875965,100.0,0.009999999776482582,0.6742504835128784,1.0
4458,2.491830643455649,0.0003414543417634827,21.761312031044284,100.0,0.009999999776482582,1.0414690971374512,1.0
4459,2.836270395349646,141.18237056503722,35.087167041684445,100.0,0.009999999776482582,1.7175194025039673,0.75
4460,3.0497862594077825,237.5623199236705,41.17170863137947,100.0,0.009999999776482582,1.5726592540740967,0.75
4461,2.7311202651316338,196.64198535519654,40.61095474045339,100.0,0.009999999776482582,1.2226439714431763,0.75
4462,2.499246351771066,0.07358878385489238,27.14641905275867,100.0,0.009999999776482582,1.1540664434432983,1.0
4463,2.940140865261976,241.62957354107127,40.06526968326681,100.0,0.009999999776482582,1.6864573955535889,0.5
4464,2.21937509465734,0.018199171087312487,24.329522467001656,100.0,0.009999999776482582,0.9538675546646118,1.0
4465,3.2801473442053464,280.9225763605121,38.67750210179191,100.0,0.009999999776482582,1.9510949850082397,0.25
4466,3.292691076922458,249.03756358155456,40.19019563557974,100.0,0.009999999776482582,1.6224931478500366,0.5
4467,3.480752143628412,299.9697577798408,39.754731835393315,100.0,0.009999999776482582,1.763393521308899,0.5
4468,2.3279132055095455,0.00031751066423995835,21.69194468712461,100.0,0.009999999776482582,0.9194643497467041,1.0
4469,2.270645445627728,0.013998018091938347,24.164651598472535,100.0,0.009999999776482582,0.9555991888046265,1.0
4470,2.5904561807276174,0.046996733881184936,25.42223312231959,100.0,0.009999999776482582,1.1585623025894165,1.0
4471,2.833704244140949,239.593570011407,39.40884239917084,100.0,0.009999999776482582,1.4146625995635986,0.5
4472,2.7598111968829806,165.15947983895597,39.741382784148925,100.0,0.009999999776482582,1.2261615991592407,0.75
4473,3.480812295923183,202.4240146160593,38.8636556065472,100.0,0.009999999776482582,1.8058316707611084,0.5
4474,2.1218696285962872,0.016179240896556313,24.26081242497406,100.0,0.009999999776482582,0.9679310917854309,1.0
4475,2.6250981638491018,113.54888950576378,38.94954800312254,100.0,0.009999999776482582,1.3447986841201782,0.75
4476,3.542925127444581,240.030312167194,38.33535207335812,100.0,0.009999999776482582,1.7620972394943237,0.5
4477,2.5812902630845667,0.4112779760203718,28.336938184094567,100.0,0.009999999776482582,1.0766501426696777,1.0
4478,2.6552584266421344,0.04741554137125334,25.260323983550165,100.0,0.009999999776482582,1.187050223350525,1.0
4479,2.368554708964086,0.35605280500047065,28.36933893971959,100.0,0.009999999776482582,1.095564603805542,1.0
4480,2.763190422976124,156.91020755298376,39.69721105989421,100.0,0.009999999776482582,1.3916561603546143,0.75
4481,2.2075149235694984,0.0126607307102091,24.043518074410226,100.0,0.009999999776482582,0.964077353477478,1.0
4482,2.988645658375446,214.34220195391157,38.85796932465,100.0,0.009999999776482582,1.5089738368988037,0.5
4483,2.710905816129607,173.46455511423892,39.720124865469394,100.0,0.009999999776482582,1.2526838779449463,0.75
4484,2.2373126545825457,0.017587229205087398,25.942728377436335,100.0,0.009999999776482582,0.9673771858215332,1.0
4485,2.63152001643716,0.026496174570917283,24.709722802189514,100.0,0.009999999776482582,1.4353859424591064,1.0
4486,2.257096455868182,0.0503314013525599,26.948497830881443,100.0,0.009999999776482582,0.9771135449409485,1.0
4487,2.5788008245756475,139.2194834295374,38.49768299150757,100.0,0.009999999776482582,1.3921009302139282,0.75
4488,2.473772794300773,183.52460290721862,42.38588558099509,100.0,0.009999999776482582,1.2539339065551758,0.75
4489,2.83224170219129,181.50311074606836,39.136194717738114,100.0,0.009999999776482582,1.6149027347564697,0.75
4490,2.242526154779434,173.727927045374,37.7082186116464,100.0,0.009999999776482582,0.9456974267959595,0.75
4491,2.6024910552909373,231.03650472188502,38.26811084969063,100.0,0.009999999776482582,1.0876433849334717,0.75
4492,3.3353688212762234,265.608063726438,40.00785995550523,100.0,0.009999999776482582,1.9448490142822266,0.5
4493,3.0512672972863633,213.43864331167137,39.150127095535254,100.0,0.009999999776482582,1.7071764469146729,0.5
4494,2.4832889697215883,149.48426635620004,37.11341390927234,100.0,0.009999999776482582,1.2649611234664917,0.75
4495,3.6383238396201003,307.7138744797462,38.33942858580639,100.0,0.009999999776482582,1.4385006427764893,0.5
4496,2.061827097433703,0.0002486456878421781,21.512804915020794,100.0,0.009999999776482582,0.8066520094871521,1.0
4497,2.0936630891438894,0.0002493758772804451,21.61919141974462,100.0,0.009999999776482582,0.759263813495636,1.0
4498,3.1300269094140085,250.51496147799944,39.20843492059388,100.0,0.009999999776482582,1.667831540107727,0.5
4499,3.320570775003118,247.6832983452174,36.52279133538179,100.0,0.009999999776482582,1.5319572687149048,0.5
4500,2.687549760597223,120.6613333746218,35.6339432336581,100.0,0.009999999776482582,1.3158185482025146,0.75
4501,2.4274812398987464,0.016543009686104258,24.779314363541616,100.0,0.009999999776482582,0.87720787525177,1.0
4502,2.3277444402120024,0.00025555643698706854,21.61716611981969,100.0,0.009999999776482582,1.0368216037750244,1.0
4503,3.1138373672611026,167.69233544611075,41.149759007515165,100.0,0.009999999776482582,1.214379906654358,0.75
4504,3.3713154722417347,266.091743595911,40.561512705838105,100.0,0.009999999776482582,1.451992154121399,0.5
4505,2.5888952470832303,177.79015930565635,39.63056108235796,100.0,0.009999999776482582,1.088119387626648,0.75
4506,2.7462244864358354,124.04412267994749,39.11401905069215,100.0,0.009999999776482582,1.1262173652648926,1.0
4507,2.3390738922265277,0.011030270664337634,23.515715001059522,100.0,0.009999999776482582,1.088586688041687,1.0
4508,2.9145454836864118,219.3090356861467,39.38047095656362,100.0,0.009999999776482582,1.6010217666625977,0.75
4509,2.6390497271216047,126.10707526624898,36.99268186223152,100.0,0.009999999776482582,1.3403205871582031,0.75
4510,3.333047331572882,174.64427276139054,42.06223270277801,100.0,0.009999999776482582,1.4781427383422852,0.75
4511,2.6398341106018113,129.41539684480443,42.06278134834999,100.0,0.009999999776482582,1.1801011562347412,0.75
4512,3.515787104136842,283.70796585724975,40.13079894408456,100.0,0.009999999776482582,1.4138808250427246,0.5
4513,3.202323588115957,205.4178322003126,37.98623558318163,100.0,0.009999999776482582,1.7064428329467773,0.5
4514,2.8854017211353633,145.612749432274,35.14229969877645,100.0,0.009999999776482582,1.0139858722686768,0.75
4515,2.4555156728040517,0.28761962582073713,28.114006252903557,100.0,0.009999999776482582,1.089513897895813,1.0
4516,3.0408655205445023,0.3607646732206332,29.19449796374041,100.0,0.009999999776482582,1.3058769702911377,1.0
4517,3.272574311410126,328.2120171150781,38.752773406051226,100.0,0.009999999776482582,1.816935420036316,0.25
4518,1.7483846151390852,0.0002244933731321298,21.52098373780901,100.0,0.009999999776482582,0.5032864212989807,1.0
4519,2.732115034277544,0.012695465652831257,24.424500671421644,100.0,0.009999999776482582,1.00248122215271,1.0
4520,2.925279591610484,170.80704025793767,39.41147181281241,100.0,0.009999999776482582,1.404703140258789,0.75
4521,3.0623474304088747,207.54598491085923,38.890389125235025,100.0,0.009999999776482582,1.329337239265442,0.75
4522,3.2752878785358606,255.99527336463527,36.61202895803455,100.0,0.009999999776482582,1.9739701747894287,0.25
4523,2.4906192510257004,0.02362458848747719,26.607580840275535,100.0,0.009999999776482582,1.0786187648773193,1.0
4524,3.066765976240433,230.3393321711182,39.19384320220324,100.0,0.009999999776482582,1.0396461486816406,0.75
4525,2.883712949119347,0.0659028436437614,26.514210615478657,100.0,0.009999999776482582,1.7771897315979004,1.0
4526,3.9014518043088677,229.94147580632156,38.140086092481454,100.0,0.009999999776482582,1.8411250114440918,0.25
4527,3.64631476300573,327.9538846411208,39.48635501847758,100.0,0.009999999776482582,1.7791410684585571,0.25
4528,2.879342375551086,182.49862235925278,40.41179308070452,100.0,0.009999999776482582,1.553779125213623,0.75
4529,2.7334897012179447,0.0124277212850423,23.4904903857356,100.0,0.009999999776482582,1.4325145483016968,1.0
4530,2.5971461161205833,233.40650545257657,41.38197740136549,100.0,0.009999999776482582,1.228615164756775,0.75
4531,2.7939713062568585,186.13381081988373,41.75719980198152,100.0,0.009999999776482582,1.4039565324783325,0.75
4532,2.9552700267072236,175.09313890065422,40.78896731489324,100.0,0.009999999776482582,1.3892252445220947,0.75
4533,3.505567036621241,288.43940295141266,39.26724031250102,100.0,0.009999999776482582,1.4641427993774414,0.5
4534,3.3658581691783476,253.15403573901386,38.07194647403115,100.0,0.009999999776482582,2.035287380218506,0.5
4535,3.091512012479911,138.8797533507798,38.72359003940861,100.0,0.009999999776482582,1.7288224697113037,0.75
4536,2.3411615705576265,0.00025339357023492355,21.638129166493982,100.0,0.009999999776482582,0.9142978191375732,1.0
4537,2.384522728883286,0.011721474696445768,23.52158353505072,100.0,0.009999999776482582,1.123605489730835,1.0
4538,3.7246908917268295,245.68849288881938,40.45563400118875,100.0,0.009999999776482582,1.9422264099121094,0.5
4539,2.522213469469906,0.01587775682508371,24.136192035576705,100.0,0.009999999776482582,1.2496974468231201,1.0
4540,3.341367975188064,270.9675569149023,38.60108510297511,100.0,0.009999999776482582,1.6307804584503174,0.5
4541,2.940274365105597,167.2804089202712,38.73427074163107,100.0,0.009999999776482582,1.42038893699646,0.75
4542,3.0815961698232193,231.58835564278425,39.61819101816077,100.0,0.009999999776482582,1.5749832391738892,0.5
4543,3.609967446724607,297.6223011658661,38.41349762544842,100.0,0.009999999776482582,1.7454402446746826,0.25
4544,3.798792823785918,273.57991640776464,39.67725813102951,100.0,0.009999999776482582,1.8710103034973145,0.25
4545,2.5994346838393745,0.050871313938413966,26.812158642855874,100.0,0.009999999776482582,1.0917751789093018,1.0
4546,2.5858087364652516,132.9899464363124,36.24476310291325,100.0,0.009999999776482582,1.4055562019348145,0.75
4547,2.335584676932022,0.000322399439403775,21.754419507739218,100.0,0.009999999776482582,0.9119056463241577,1.0
4548,2.6192842551324227,0.05639518237570676,26.804823061960374,100.0,0.009999999776482582,1.2782918214797974,1.0
4549,2.9995017196636327,269.4415550479886,39.87268796487856,100.0,0.009999999776482582,1.5206831693649292,0.5
4550,3.2592027653419713,194.78704926808095,38.38295978176937,100.0,0.009999999776482582,1.4823105335235596,0.5
4551,3.5455490867176436,293.6985879429031,38.6593675419772,100.0,0.009999999776482582,1.7529020309448242,0.5
4552,3.232648285443067,207.66926543469881,37.2096845124884,100.0,0.009999999776482582,1.766737461090088,0.75
4553,3.1490115422470044,194.66370115630218,40.968972743463745,100.0,0.009999999776482582,1.6212282180786133,0.5
4554,2.7317389594878296,140.332524170454,35.61455302157078,100.0,0.009999999776482582,1.0958895683288574,0.75
4555,3.6908938231834707,317.9063337799942,36.807740565904126,100.0,0.009999999776482582,1.6543786525726318,0.5
4556,2.7837292092068204,0.030908503747185893,24.56375143718709,100.0,0.009999999776482582,1.3990365266799927,1.0
4557,2.2030512771638735,168.05725285534703,44.78179085847193,100.0,0.009999999776482582,0.9453018307685852,0.75
4558,3.2554355296267685,172.56283396140734,38.04986498435334,100.0,0.009999999776482582,1.8002510070800781,0.75
4559,2.970590062546108,161.21243616500684,42.612522675872384,100.0,0.009999999776482582,1.5872435569763184,0.75
4560,3.668491589583384,257.3001165753686,39.29079819957681,100.0,0.009999999776482582,1.5849673748016357,0.75
4561,2.7426477646689222,191.00132618238806,40.577647831797954,100.0,0.009999999776482582,1.2896969318389893,0.75
4562,3.2204310698593903,288.66501179938234,38.49381521461098,100.0,0.009999999776482582,1.7566590309143066,0.25
4563,2.3403613385447315,163.99971346619662,42.43437459647743,100.0,0.009999999776482582,0.9466121792793274,0.75
4564,2.278869461782719,0.38988367057932444,28.525469205218037,100.0,0.009999999776482582,0.9816528558731079,1.0
4565,3.225950652220055,226.0295238743351,40.46001345413479,100.0,0.009999999776482582,1.399364948272705,0.75
4566,3.1459975754380456,253.67990890883954,38.37459295912616,100.0,0.009999999776482582,1.4143449068069458,0.5
4567,2.336990149103006,0.4743239605578496,28.84875063238514,100.0,0.009999999776482582,0.979438066482544,1.0
4568,3.515653216477251,310.89971971729017,39.739767294321126,100.0,0.009999999776482582,2.111426830291748,0.25
4569,3.1470745197624144,161.27243869168657,38.64188759113529,100.0,0.009999999776482582,1.4808465242385864,0.75
4570,2.5858183789662985,173.07131076369924,39.07443898024118,100.0,0.009999999776482582,1.2650032043457031,0.75
4571,3.099560586890365,230.94803229879128,38.707349362636656,100.0,0.009999999776482582,1.6980088949203491,0.5
4572,2.8680763994123915,118.69134957893628,35.950516901474046,100.0,0.009999999776482582,1.4274519681930542,0.75
4573,2.805870446857699,148.24600342733032,37.90161522464452,100.0,0.009999999776482582,1.5840718746185303,0.75
4574,2.4590582754824055,0.07409618655657858,27.407108702094128,100.0,0.009999999776482582,1.155418872833252,1.0
4575,3.1129163798663697,152.2666375518684,37.938803677546275,100.0,0.009999999776482582,1.5780236721038818,0.75
4576,2.5456892147850696,0.4669412383014416,28.781700445213453,100.0,0.009999999776482582,1.1482726335525513,1.0
4577,3.3149371238084666,213.86633862131862,39.488445107925635,100.0,0.009999999776482582,1.7400312423706055,0.5
4578,2.6641177386846104,178.8228113691716,40.32035486274754,100.0,0.009999999776482582,1.2061238288879395,0.75
4579,3.485589639765533,189.88512289516308,38.390978717630055,100.0,0.009999999776482582,1.4796147346496582,0.75
4580,2.6081014238500635,0.4754721455366947,29.65648689329848,100.0,0.009999999776482582,0.8957029581069946,1.0
4581,2.5836646439744135,183.60632989528517,36.655550150665306,100.0,0.009999999776482582,1.2997972965240479,0.5
4582,3.117868168778055,249.2564684791826,40.71687527337082,100.0,0.009999999776482582,1.4469561576843262,0.5
4583,3.1832346817147044,166.32043682505085,41.51527648043131,100.0,0.009999999776482582,1.4739391803741455,0.75
4584,3.2497732537603063,289.960835936487,40.03929829886691,100.0,0.009999999776482582,1.7785428762435913,0.25
4585,2.9995817631848074,145.48612554679028,35.88941219005992,100.0,0.009999999776482582,1.6493988037109375,0.75
4586,2.568584969551013,147.2384460642478,40.83192068664082,100.0,0.009999999776482582,1.0259857177734375,0.75
4587,2.998473408206244,241.6926864699484,40.36458574803288,100.0,0.009999999776482582,1.6591863632202148,0.5
4588,3.0522320583209144,186.22839150440677,40.60807603753731,100.0,0.009999999776482582,1.4870781898498535,0.75
4589,3.1187657760919456,238.66123063051563,38.891359749691084,100.0,0.009999999776482582,1.6757745742797852,0.5
4590,2.512806431459455,0.012353289561805767,23.39866091689849,100.0,0.009999999776482582,1.2874727249145508,1.0
4591,2.9188718900207706,195.12070434068252,38.39627570077817,100.0,0.009999999776482582,1.2291748523712158,0.75
4592,2.7117501031738525,186.61838440872523,42.234209449941545,100.0,0.009999999776482582,1.3913094997406006,0.75
4593,2.797253508031481,0.03045984385501468,24.35225689564817,100.0,0.009999999776482582,1.563396692276001,1.0
4594,2.473401042720133,0.013731718401558537,24.167417707473263,100.0,0.009999999776482582,1.2421156167984009,1.0
4595,3.0575027260118524,264.0468299083398,38.557305993621014,100.0,0.009999999776482582,1.7050012350082397,0.5
4596,2.8039359335822893,192.89222526840067,38.6395607253982,100.0,0.009999999776482582,1.4357460737228394,0.5
4597,2.505063300788614,221.6071094304763,38.6201756462661,100.0,0.009999999776482582,1.1031440496444702,0.75
4598,3.0691973298421957,245.97021550449472,40.128782846120906,100.0,0.009999999776482582,1.6822688579559326,0.5
4599,2.669007229972229,159.30914563719028,39.43458080541319,100.0,0.009999999776482582,1.2603353261947632,0.75
4600,2.8348470742806566,0.03509991095489988,26.84020849849759,100.0,0.009999999776482582,1.4737226963043213,1.0
4601,2.4705045932320244,215.79986633584045,39.32865413443434,100.0,0.009999999776482582,0.933993935585022,0.75
4602,2.2882075282343366,0.018923163783565268,24.574741120332178,100.0,0.009999999776482582,0.9626208543777466,1.0
4603,2.981525435650443,214.9587446740827,38.13377588456304,100.0,0.009999999776482582,1.3683223724365234,0.5
4604,2.6351781226752116,0.022409625910915942,24.41854303554706,100.0,0.009999999776482582,1.2790297269821167,1.0
4605,2.749283536278844,152.3027514631307,38.24517385057716,100.0,0.009999999776482582,1.2251720428466797,0.75
4606,2.633130865801134,0.06851335002058459,27.495379549239093,100.0,0.009999999776482582,1.288473129272461,1.0
4607,2.187303282229702,0.024236831468882874,26.73495706250857,100.0,0.009999999776482582,0.9885362982749939,1.0
4608,3.4744690458623917,165.15856122028953,38.595028909942805,100.0,0.009999999776482582,1.7415188550949097,0.75
4609,3.1602315356913544,268.05726631730266,38.876056719717546,100.0,0.009999999776482582,1.713606357574463,0.5
4610,2.995551903019577,171.81715773076354,38.42324279074881,100.0,0.009999999776482582,1.619591474533081,0.5
4611,3.577820441449456,149.03333810384697,41.81586872915084,100.0,0.009999999776482582,1.1146842241287231,0.75
4612,3.107590297066588,195.51010158315086,38.23397444679648,100.0,0.009999999776482582,1.3882734775543213,0.5
4613,2.9448063167058867,168.0998078226649,38.394777782259645,100.0,0.009999999776482582,1.1955102682113647,0.75
4614,3.1329366353009775,156.2658331574895,42.57287150232925,100.0,0.009999999776482582,1.8187837600708008,0.75
4615,2.9521532551652077,151.0919573921276,39.87574213499488,100.0,0.009999999776482582,1.7110968828201294,0.75
4616,3.2971478178727236,260.2080417681654,39.78126558563373,100.0,0.009999999776482582,1.833409309387207,0.5
4617,2.873688508842195,187.90232529665664,41.21869834466293,100.0,0.009999999776482582,1.5629963874816895,0.75
4618,3.0017316230863234,0.06966157722059971,27.171363039689588,100.0,0.009999999776482582,1.3789780139923096,1.0
4619,3.0437904371058457,167.13529111423617,39.85629559199826,100.0,0.009999999776482582,1.494850516319275,0.75
4620,2.9503133492209606,210.13629802147875,38.21626136313573,100.0,0.009999999776482582,1.6083632707595825,0.5
4621,3.096837820623496,247.94457289803606,38.934916678583335,100.0,0.009999999776482582,1.6386752128601074,0.5
4622,2.703793138612818,139.034202900354,35.66357864878464,100.0,0.009999999776482582,1.078330159187317,0.75
4623,3.5021419809893524,213.72787274238277,37.23874238979214,100.0,0.009999999776482582,1.3140647411346436,0.75
4624,1.7255866884483666,0.00018847560190978426,21.518980230485695,100.0,0.009999999776482582,0.5194478034973145,1.0
4625,2.6034047752635505,0.47898467477024637,28.959946167117817,100.0,0.009999999776482582,1.2669833898544312,1.0
4626,2.707678319760551,209.81099319678327,36.86867715026623,100.0,0.009999999776482582,1.2702817916870117,0.75
4627,2.822470227028945,161.96757666425313,38.72422804912536,100.0,0.009999999776482582,1.1753137111663818,0.75
4628,3.241986064064414,171.4749124168376,38.9051331524039,100.0,0.009999999776482582,1.1433788537979126,0.75
4629,2.491363238442545,0.024898272864319677,26.848950738806344,100.0,0.009999999776482582,1.0804156064987183,1.0
4630,2.6121250699082808,0.13466592296722074,26.799079578917617,100.0,0.009999999776482582,1.1078600883483887,1.0
4631,2.7286870747847014,157.64181822213095,37.956820787562236,100.0,0.009999999776482582,1.4216877222061157,0.75
4632,3.3199626714607153,279.4545156435477,37.61829037342891,100.0,0.009999999776482582,1.6230018138885498,0.75
4633,3.0059968240799573,222.7204972040954,39.06336335350804,100.0,0.009999999776482582,1.6930599212646484,0.5
4634,2.4602327679850498,0.007840672387842012,23.7858866047994,100.0,0.009999999776482582,1.077833652496338,1.0
4635,3.1102876213296855,182.5149933357827,38.59424354244844,100.0,0.009999999776482582,1.5253684520721436,0.75
4636,3.067799895616774,240.56633977681236,39.81708506989138,100.0,0.009999999776482582,1.5059988498687744,0.5
4637,3.006312268012887,0.018461398274158342,24.363505165166483,100.0,0.009999999776482582,1.338963508605957,1.0
4638,2.766063170350551,0.013365943683684406,23.607653785681403,100.0,0.009999999776482582,1.4394558668136597,1.0
4639,2.815049990682728,139.85095522440426,36.033267798000324,100.0,0.009999999776482582,1.5195679664611816,0.75
4640,3.1786539305114245,257.1179325609191,38.30236687297305,100.0,0.009999999776482582,1.84425687789917,0.5
4641,3.1750737260447615,253.55236669399568,41.19449370037685,100.0,0.009999999776482582,1.5017467737197876,0.5
4642,2.834089805039323,228.27847040527263,38.74532759761631,100.0,0.009999999776482582,1.409654140472412,0.75
4643,2.6551217563824645,0.03520947138912179,26.887878513274178,100.0,0.009999999776482582,1.4386229515075684,1.0
4644,2.8623626772394624,180.09160521963173,42.74092790007203,100.0,0.009999999776482582,1.5528216361999512,0.75
4645,2.7987995587458903,187.99727819948416,38.52623622269691,100.0,0.009999999776482582,1.1532343626022339,0.75
4646,2.748101876316828,153.4823154942245,41.04550666436677,100.0,0.009999999776482582,1.5644652843475342,0.75
4647,3.074686258360061,0.035326008169753925,27.33987345106381,100.0,0.009999999776482582,1.378053903579712,1.0
4648,2.9183008627527656,285.02730123200223,40.360651235002116,100.0,0.009999999776482582,1.3829987049102783,0.5
4649,2.6470199493533597,0.036758450600418525,26.203681401367458,100.0,0.009999999776482582,1.4672086238861084,1.0
4650,2.339135048942534,182.1681917442353,39.76051943572815,100.0,0.009999999776482582,0.9408568143844604,0.75
4651,3.5172620387105624,236.7959317737374,39.06557902852731,100.0,0.009999999776482582,1.5903717279434204,0.5
4652,3.8425490030690708,253.24349190786103,40.886539570899046,100.0,0.009999999776482582,1.6774930953979492,0.5
4653,3.6679690129919966,300.9979487133822,37.89999995100729,100.0,0.009999999776482582,1.6227424144744873,0.5
4654,2.435764295451614,0.034450299578093764,26.76968976442391,100.0,0.009999999776482582,1.1316602230072021,1.0
4655,2.260245074421701,146.29296123145565,34.98252321541046,100.0,0.009999999776482582,0.9573743343353271,0.75
4656,2.4652214599585807,0.5106285073496054,29.292352947302803,100.0,0.009999999776482582,0.9596346616744995,1.0
4657,3.504824426872645,196.27000618386944,38.11451918264705,100.0,0.009999999776482582,1.5177663564682007,0.5
4658,2.1000015621864625,0.00018347824030339399,21.57203856983157,100.0,0.009999999776482582,0.7909789085388184,1.0
4659,2.8874391005711573,190.2699624474875,41.800971819930346,100.0,0.009999999776482582,1.3456974029541016,0.75
4660,2.9514374783960906,255.124266840612,32.318435792768724,100.0,0.009999999776482582,1.1501158475875854,0.75
4661,3.3108128669206986,170.67089831979007,44.425449447549944,100.0,0.009999999776482582,1.5435447692871094,0.75
4662,3.329316755767617,272.88934853103825,38.48205669264469,100.0,0.009999999776482582,1.865102767944336,0.25
4663,2.4979480821283833,0.42733191684334365,28.612229174019024,100.0,0.009999999776482582,1.0897536277770996,1.0
4664,2.6772721405541153,0.14100675756032574,26.82553773510045,100.0,0.009999999776482582,1.4136836528778076,1.0
4665,1.8897481525849753,0.00015131261766499133,21.480428436537043,100.0,0.009999999776482582,0.6469850540161133,1.0
4666,3.2865825499913863,242.90187536507878,40.297837898876466,100.0,0.009999999776482582,1.6805894374847412,0.5
4667,3.09643752959,166.87619345762414,40.55546639436812,100.0,0.009999999776482582,1.5449025630950928,0.75
4668,3.3036962175249234,205.26134507358537,36.79442909951955,100.0,0.009999999776482582,1.8197239637374878,0.5
4669,3.3735872265141373,216.79688898794748,40.0920434762602,100.0,0.009999999776482582,1.7406580448150635,0.5
4670,2.901511225856346,183.29719437325448,38.86326261724612,100.0,0.009999999776482582,1.5344839096069336,0.75
4671,3.3428376851915016,265.9291806552471,39.54168619778685,100.0,0.009999999776482582,1.7478461265563965,0.25
4672,3.2023757119518748,148.17601821617572,38.61137652609529,100.0,0.009999999776482582,1.383690595626831,0.75
4673,2.141263505664158,0.00018486542296441137,21.557837958099554,100.0,0.009999999776482582,0.7948355674743652,1.0
4674,2.981705862341531,135.19704903674386,35.43771959225156,100.0,0.009999999776482582,1.3273838758468628,0.75
4675,2.7342872877028115,0.0611269490196524,27.247160404157505,100.0,0.009999999776482582,1.2584277391433716,1.0
4676,2.2017359503015888,0.00017614541627353536,21.613015007567487,100.0,0.009999999776482582,0.7688735723495483,1.0
4677,3.0516865551211096,0.035017805052063804,27.85277872971037,100.0,0.009999999776482582,1.2229511737823486,1.0
4678,3.5538587419392313,273.62400394125837,39.53824291980731,100.0,0.009999999776482582,1.7947983741760254,0.25
4679,1.9026734302816464,0.00013455212567793317,21.43704977474778,100.0,0.009999999776482582,0.632727861404419,1.0
4680,3.746875348565051,292.9222393419928,40.80586628147391,100.0,0.009999999776482582,1.8816702365875244,0.5
4681,2.3857782070950586,181.9122803815593,38.597789312242945,100.0,0.009999999776482582,0.9501066207885742,0.75
4682,2.8559785034597738,0.4254930090146141,28.567184636269285,100.0,0.009999999776482582,1.441779613494873,1.0
4683,3.074180727568134,133.52397905825148,34.80438534209892,100.0,0.009999999776482582,1.3986091613769531,0.75
4684,2.7387579821748447,185.18112081215202,39.12406473984179,100.0,0.009999999776482582,1.1787314414978027,0.75
4685,2.440650464050718,0.007395829453200205,23.441491998782897,100.0,0.009999999776482582,1.1042252779006958,1.0
4686,3.2810503692706825,198.44188648738336,38.152250961452346,100.0,0.009999999776482582,1.5347141027450562,0.5
4687,2.6426423070461413,139.89902060128395,36.64510960564703,100.0,0.009999999776482582,1.224227786064148,0.75
4688,3.01257180496385,190.38124235492955,38.85473081491286,100.0,0.009999999776482582,1.2768778800964355,0.75
4689,3.022672221946326,210.69645803817076,37.965391136575356,100.0,0.009999999776482582,1.5177786350250244,0.75
4690,2.3069752689578444,0.006504311027711157,23.274813894945254,100.0,0.009999999776482582,0.9748154282569885,1.0
4691,3.063183974093624,191.48013767256174,41.40580245324478,100.0,0.009999999776482582,1.7034708261489868,0.75
4692,2.5681932003931527,0.10643161897308269,28.612369474530563,100.0,0.009999999776482582,1.0589317083358765,1.0
4693,2.6275676853974734,152.58608015971527,40.42244554842319,100.0,0.009999999776482582,1.1978507041931152,0.75
4694,2.293439929250116,0.00016161846422084895,21.451467544864325,100.0,0.009999999776482582,0.9018204808235168,1.0
4695,3.8172196608235796,324.2680680323082,36.606660160649284,100.0,0.009999999776482582,1.7002613544464111,0.5
4696,3.3669991333878113,284.8206442962862,40.7753589417609,100.0,0.009999999776482582,1.8160314559936523,0.5
4697,2.9732308468025717,249.46067087168097,39.38761735901741,100.0,0.009999999776482582,1.5000059604644775,0.5
4698,2.392252144590466,0.00991564199690237,24.178648090239363,100.0,0.009999999776482582,1.1003412008285522,1.0
4699,2.5242310305134263,140.69976220385917,38.635702119285384,100.0,0.009999999776482582,1.1895105838775635,0.75
4700,2.3866956064455986,0.011359947777063117,24.050860312872434,100.0,0.009999999776482582,1.0842928886413574,1.0
4701,2.2235124092451826,0.0055108148983558525,23.321539302658934,100.0,0.009999999776482582,0.9479004144668579,1.0
4702,3.0701597184130844,231.55691705714884,38.656432180441676,100.0,0.009999999776482582,1.4913355112075806,0.5
4703,2.674086120556276,175.0839625856471,37.252336069235064,100.0,0.009999999776482582,1.2243671417236328,0.75
4704,3.6797235384400557,276.732337583759,38.42690972739416,100.0,0.009999999776482582,1.734927773475647,0.25
4705,2.8879346938950228,0.032682617581955474,27.745200770373224,100.0,0.009999999776482582,1.0152825117111206,1.0
4706,2.88820516531592,199.73235489412076,38.84933722194726,100.0,0.009999999776482582,1.3636990785598755,0.75
4707,2.4677901369985333,0.008437602766718254,23.798892527258474,100.0,0.009999999776482582,1.2773659229278564,1.0
4708,2.5089671382985412,0.030848354258781727,26.731881276913757,100.0,0.009999999776482582,1.1069517135620117,1.0
4709,2.5187010646444126,149.12875139071951,37.15153557319936,100.0,0.009999999776482582,1.0981570482254028,0.75
4710,3.228095105382973,186.81176103218104,39.13743732353613,100.0,0.009999999776482582,1.168626308441162,0.75
4711,3.434262617011367,169.44569455524626,38.034784189287265,100.0,0.009999999776482582,1.2707067728042603,1.0
4712,3.307613312870256,190.23752164957594,38.10026478050549,100.0,0.009999999776482582,1.719599723815918,0.5
4713,2.9158414314706675,251.79314917549848,41.68087926580599,100.0,0.009999999776482582,1.5353248119354248,0.5
4714,2.618533989490346,230.7768019192555,38.68636065181418,100.0,0.009999999776482582,1.0718989372253418,0.75
4715,2.4625178131753382,0.121200222757794,26.671594752835414,100.0,0.009999999776482582,1.070513367652893,1.0
4716,3.1553892204558576,148.92786992568966,38.39856094035355,100.0,0.009999999776482582,1.425628423690796,0.75
4717,2.581186581372167,0.02294630692789936,26.509758316386378,100.0,0.009999999776482582,1.2906545400619507,1.0
4718,3.1881105046079257,245.74846261532613,40.39777688368286,100.0,0.009999999776482582,1.4245920181274414,0.5
4719,2.979764089495074,123.13161467675144,39.85014110136781,100.0,0.009999999776482582,1.2422595024108887,0.75
4720,2.3454907389393758,135.8330044787991,36.04074016624385,100.0,0.009999999776482582,1.0949232578277588,0.75
4721,2.7826918813606794,174.55986004773933,41.31555826033786,100.0,0.009999999776482582,1.2085665464401245,0.75
4722,2.8652701750141873,170.30333706203402,39.8940698348544,100.0,0.009999999776482582,1.5459551811218262,0.75
4723,2.4205047310473207,0.006383358888286127,23.818665813316137,100.0,0.009999999776482582,1.0795197486877441,1.0
4724,2.6906226828840127,174.38446745217723,39.13644527132503,100.0,0.009999999776482582,1.335846185684204,0.75
4725,3.189407626767468,212.4116666114983,41.792767770629005,100.0,0.009999999776482582,1.6046395301818848,0.5
4726,2.809137902832673,269.05921016821895,38.43204804064908,100.0,0.009999999776482582,1.3766849040985107,0.5
4727,3.496513896384371,195.70886779057153,41.435214605901336,100.0,0.009999999776482582,1.387387752532959,0.75
4728,2.875487705815629,188.72679014564983,38.68809520065191,100.0,0.009999999776482582,1.1919910907745361,0.75
4729,2.0835923001531778,0.00014476302105963294,21.36294133851959,100.0,0.009999999776482582,0.800116240978241,1.0
4730,3.6998919714782463,291.9645115027446,39.634989540912684,100.0,0.009999999776482582,1.8430805206298828,0.5
4731,3.2384158735399717,237.12621835297028,39.67846024654331,100.0,0.009999999776482582,1.3082493543624878,0.75
4732,2.6656711155075343,0.014849845500532784,24.67419265326198,100.0,0.009999999776482582,1.2449355125427246,1.0
4733,2.7837340509138455,0.02446646430544348,27.35964025796196,100.0,0.009999999776482582,0.8565855026245117,1.0
4734,2.6474309548747272,138.67119096472388,34.66299005207149,100.0,0.009999999776482582,1.2663143873214722,0.75
4735,2.856178946088216,168.13962377561037,40.36633267573073,100.0,0.009999999776482582,1.4189317226409912,0.75
4736,2.907276503500496,212.6903525391094,36.15689810457869,100.0,0.009999999776482582,1.6248573064804077,0.75
4737,3.3029648223447614,227.64881816209984,39.135862083478976,100.0,0.009999999776482582,1.9474769830703735,0.5
4738,2.611400908952715,164.38660465799512,41.932658782234135,100.0,0.009999999776482582,1.3933265209197998,0.75
4739,3.4514670653207946,261.71925329194227,39.0817939913829,100.0,0.009999999776482582,1.7986862659454346,0.5
4740,3.034313578812249,158.94479862445598,37.03591444710087,100.0,0.009999999776482582,1.1218352317810059,0.75
4741,3.4851016464369264,212.93713603160123,36.419432419207524,100.0,0.009999999776482582,1.6297472715377808,0.75
4742,2.921699343860924,137.70433339562703,34.93565553196925,100.0,0.009999999776482582,1.5349136590957642,0.75
4743,3.134264470991354,154.52783540836896,37.615987917710065,100.0,0.009999999776482582,1.3177616596221924,0.75
4744,3.390965976521293,244.0518895158309,39.00609645510958,100.0,0.009999999776482582,2.024857997894287,0.5
4745,2.771541930174244,237.66929314366,40.19723195888081,100.0,0.009999999776482582,0.8476262092590332,0.75
4746,3.0598426997180557,256.84931782093605,39.88568411457635,100.0,0.009999999776482582,1.4920289516448975,0.5
4747,4.002595206620082,263.49352443793634,38.19238544100341,100.0,0.009999999776482582,1.9359979629516602,0.25
4748,3.0448613795413166,288.13786069340705,38.30412018998759,100.0,0.009999999776482582,1.517798900604248,0.5
4749,3.074761986601056,142.34100908279794,39.20144433103287,100.0,0.009999999776482582,1.2946712970733643,0.75
4750,2.6668986456398427,126.74269646334933,38.859793068913824,100.0,0.009999999776482582,1.01665461063385,1.0
4751,3.4973280134487394,217.59196639820067,36.96253377214019,100.0,0.009999999776482582,1.5164483785629272,0.75
4752,3.534140373068891,266.95104872182117,39.64124507500036,100.0,0.009999999776482582,1.2213871479034424,0.5
4753,1.9292911443275662,0.00015033780107714717,21.509942444442817,100.0,0.009999999776482582,0.6323103308677673,1.0
4754,3.1895060262430888,166.85983245886624,39.03483934691733,100.0,0.009999999776482582,1.2388876676559448,0.75
4755,2.81552840135712,165.03227820984986,39.89969230186618,100.0,0.009999999776482582,1.1255079507827759,0.75
4756,3.033742532569061,135.1091359265791,34.921959794855155,100.0,0.009999999776482582,1.0341850519180298,0.75
4757,3.227574181550491,208.23847859560547,40.993727017939236,100.0,0.009999999776482582,1.4907855987548828,0.75
4758,3.095477612065584,285.1721075805682,37.5803226289676,100.0,0.009999999776482582,1.4809162616729736,0.5
4759,2.848692666224082,153.0538654125752,37.846776078366496,100.0,0.009999999776482582,1.409451961517334,0.75
4760,3.474620674053046,252.1966813767491,38.33391113707917,100.0,0.009999999776482582,1.6087021827697754,0.5
4761,2.354464173119392,0.3969035548136325,28.5373728094402,100.0,0.009999999776482582,0.9530704021453857,1.0
4762,3.055688783388324,149.4472447618363,36.30816285457553,100.0,0.009999999776482582,1.5695722103118896,0.75
4763,2.5836607344276823,0.0036059696006971935,23.538185341394847,100.0,0.009999999776482582,1.1946525573730469,1.0
4764,2.6013345614333288,0.03096029290609965,26.65411493537092,100.0,0.009999999776482582,1.2998833656311035,1.0
4765,2.778594076716449,230.6996623013675,38.60671877111603,100.0,0.009999999776482582,1.2245700359344482,0.75
4766,3.474682835381795,293.58296852397046,37.83602822481944,100.0,0.009999999776482582,1.215317964553833,0.5
4767,2.7271903411515854,141.20926395008834,38.215416482965864,100.0,0.009999999776482582,1.349178433418274,0.75
4768,2.784164270026547,136.32521875851546,33.44876141012785,100.0,0.009999999776482582,1.3086484670639038,0.75
4769,2.572484231266119,0.025248352649438654,27.23656365072783,100.0,0.009999999776482582,1.131633996963501,1.0
4770,3.729771404160102,272.15307697307094,37.29905755730847,100.0,0.009999999776482582,1.346635341644287,0.5
4771,3.136976735395637,239.96938070434842,40.69023717714574,100.0,0.009999999776482582,1.2856773138046265,0.75
4772,2.519937441844143,154.15866964451422,40.47336842327373,100.0,0.009999999776482582,1.2252857685089111,0.75
4773,2.7820571925824567,141.49048259892209,37.85276468904036,100.0,0.009999999776482582,1.3781354427337646,0.75
4774,3.3147612091714342,195.79466024980965,41.34467298896374,100.0,0.009999999776482582,1.2622712850570679,0.75
4775,3.0519625756519635,267.2937879364353,38.816388062504494,100.0,0.009999999776482582,1.6964330673217773,0.5
4776,3.2235989957736715,227.5604953837999,38.23824612560166,100.0,0.009999999776482582,1.3159334659576416,0.75
4777,3.2846714257201124,254.26381807630622,39.78837270270739,100.0,0.009999999776482582,1.7067960500717163,0.5
4778,2.469084228051384,138.89837598174122,35.66434797017949,100.0,0.009999999776482582,1.2623858451843262,0.75
4779,2.178793338302852,0.31433142261770414,28.428492025535505,100.0,0.009999999776482582,0.9602769017219543,1.0
4780,3.127841362934725,148.023064385412,38.36737987471203,100.0,0.009999999776482582,1.6860677003860474,0.75
4781,2.9704023882972868,0.03645669244396444,26.58644478276892,100.0,0.009999999776482582,1.2028337717056274,1.0
4782,3.407673997139896,168.44083446481943,38.19650622967907,100.0,0.009999999776482582,1.5527427196502686,0.75
4783,2.357946863097195,217.1352659292892,36.843058463472424,100.0,0.009999999776482582,0.9310078024864197,0.75
4784,2.547620077866007,232.26049878206308,38.40980419932608,100.0,0.009999999776482582,1.0832527875900269,0.75
4785,2.4513525123368636,153.70395963013794,36.40231655512982,100.0,0.009999999776482582,1.0723981857299805,0.75
4786,2.8858805611987024,121.54251338431045,35.24395599026955,100.0,0.009999999776482582,1.4388847351074219,1.0
4787,2.666581937646079,170.14140334176201,40.106214267509166,100.0,0.009999999776482582,1.005526065826416,0.75
4788,2.8348782805086135,173.6612075574309,40.58359362443949,100.0,0.009999999776482582,1.3887314796447754,0.75
4789,2.9634624842187276,292.97221833127776,38.931298917859834,100.0,0.009999999776482582,1.533785104751587,0.5
4790,2.438028237993861,0.00013128347747825956,21.536097099996443,100.0,0.009999999776482582,0.8843615055084229,1.0
4791,3.586874932409297,330.5490667425886,37.78264917497317,100.0,0.009999999776482582,1.9058563709259033,0.25
4792,2.7251010114095156,157.23288078366227,36.09035252626029,100.0,0.009999999776482582,1.4033935070037842,0.75
4793,3.5417921242499184,157.91078738048674,37.549785273241106,100.0,0.009999999776482582,1.7717409133911133,0.75
4794,2.8966412037174614,226.91580749081405,39.98300051236096,100.0,0.009999999776482582,1.3806583881378174,0.75
4795,3.1764568624508116,229.89107382751664,36.51677601451758,100.0,0.009999999776482582,1.4288289546966553,0.5
4796,3.067985655281525,244.5980262138234,38.56740304093253,100.0,0.009999999776482582,1.654995083808899,0.5
4797,2.8779202809635556,0.3953716073937765,28.897227763453266,100.0,0.009999999776482582,1.336214303970337,1.0
4798,2.638512054784279,0.03054608509687649,26.819150907856248,100.0,0.009999999776482582,1.2309895753860474,1.0
4799,2.243736946978838,0.058976652412581654,27.85433347091946,100.0,0.009999999776482582,0.8378655910491943,1.0
4800,1.9971957929632338,0.00012109075836598737,21.439755941333463,100.0,0.009999999776482582,0.7487032413482666,1.0
4801,3.0355676950967903,248.25124326910515,38.93882530116204,100.0,0.009999999776482582,1.2692914009094238,0.5
4802,2.1836230775307874,0.005083002317583116,23.296412398134564,100.0,0.009999999776482582,0.9390164017677307,1.0
4803,2.5298346639633444,0.0031298562457825183,24.824677672304613,100.0,0.009999999776482582,1.0935404300689697,1.0
4804,3.464067639262175,204.98370736109536,37.569788789303615,100.0,0.009999999776482582,1.6944730281829834,0.5
4805,2.4314258621712246,0.014451265998226706,24.65890617872848,100.0,0.009999999776482582,1.125859260559082,1.0
4806,3.0531868225670666,345.31541173523624,35.844588147413255,100.0,0.009999999776482582,1.2509647607803345,0.5
4807,2.9775573369660533,178.35312558880108,38.5214620954396,100.0,0.009999999776482582,1.746368646621704,0.75
4808,2.2182171968807887,0.007794377083669432,24.223770819029607,100.0,0.009999999776482582,0.9513454437255859,1.0
4809,3.216534151913931,233.69466348819313,38.531576594023065,100.0,0.009999999776482582,1.8983886241912842,0.75
4810,2.6607260751324335,207.3118857203898,38.300381084086716,100.0,0.009999999776482582,1.2006088495254517,0.75
4811,2.6936837677158536,0.006981600862755731,23.959496432939275,100.0,0.009999999776482582,1.41269850730896,1.0
4812,2.7584490107029094,149.43921614707517,38.31080967225954,100.0,0.009999999776482582,1.2452404499053955,0.75
4813,2.447927328357571,0.00307333011136378,24.84962233895967,100.0,0.009999999776482582,1.0970072746276855,1.0
4814,2.8198850189296905,0.2969842383934066,28.58448793787303,100.0,0.009999999776482582,1.063062310218811,1.0
4815,2.012261476554096,0.0012076511108156003,22.681789125760105,100.0,0.009999999776482582,0.818446159362793,1.0
4816,2.9154003728249904,0.1298402843905098,27.607706126411887,100.0,0.009999999776482582,1.1635091304779053,1.0
4817,3.06873774109748,194.69300496046898,38.719158367643814,100.0,0.009999999776482582,1.5828062295913696,0.75
4818,2.9081348605758324,156.7135940691145,39.51324905954597,100.0,0.009999999776482582,1.3774086236953735,0.75
4819,2.630067731185378,190.48454620221432,38.39740213082835,100.0,0.009999999776482582,1.0524479150772095,0.75
4820,2.8399220069917783,195.54003210217,38.73124547254416,100.0,0.009999999776482582,1.397063970565796,0.75
4821,2.9275964103176286,146.89391202814028,38.19062843899391,100.0,0.009999999776482582,1.3048365116119385,0.75
4822,2.7749330778815864,196.7722759945168,42.848835882828624,100.0,0.009999999776482582,1.3763254880905151,0.75
4823,2.8130699047831733,180.72771288985226,39.20904513945756,100.0,0.009999999776482582,1.3863306045532227,0.75
4824,3.063113938456899,0.03111882109444157,26.647210111899348,100.0,0.009999999776482582,1.5299773216247559,1.0
4825,2.846441483765449,196.73494765269996,38.98077579590722,100.0,0.009999999776482582,1.1648151874542236,0.75
4826,2.838984174854447,0.013516239025099368,24.28126175825244,100.0,0.009999999776482582,1.5836610794067383,1.0
4827,3.4595337588293966,253.0090149221787,39.26994737275781,100.0,0.009999999776482582,1.8290854692459106,0.5
4828,3.0213070757195863,178.3527838428562,38.7907035575309,100.0,0.009999999776482582,1.5203707218170166,0.75
4829,3.4012475803475373,192.89038636277206,36.37010081699502,100.0,0.009999999776482582,1.7220001220703125,0.5
4830,3.0007862379223327,0.02349259527866031,25.25679589449552,100.0,0.009999999776482582,1.5279347896575928,1.0
4831,3.612239667440259,271.07698200187787,38.73286977001522,100.0,0.009999999776482582,1.6829403638839722,0.25
4832,2.2924117149514425,0.003316485657945473,23.262584067285363,100.0,0.009999999776482582,0.9595949053764343,1.0
4833,3.1989864598918447,325.6775777142809,38.48491445636125,100.0,0.009999999776482582,1.53619384765625,0.5
4834,3.013645271041804,245.97211952496048,39.692594546508886,100.0,0.009999999776482582,1.314112663269043,0.5
4835,3.308458595396384,194.6649598056571,34.303079239277594,100.0,0.009999999776482582,1.6979806423187256,0.5
4836,2.24807205109909,0.005417706712937005,23.741054503145595,100.0,0.009999999776482582,0.9301789999008179,1.0
4837,2.709174427917185,122.0927451084824,37.22148800252097,100.0,0.009999999776482582,1.3385062217712402,0.75
4838,3.231891867437725,225.3006170672985,37.41863070942082,100.0,0.009999999776482582,1.8175979852676392,0.5
4839,2.6388678525315385,0.04244957383050957,27.272543519139006,100.0,0.009999999776482582,1.2555004358291626,1.0
4840,3.2903305295006104,242.49417290923432,38.949489450798744,100.0,0.009999999776482582,1.8589292764663696,0.5
4841,2.723315482308141,0.3514482552067343,29.451234842827173,100.0,0.009999999776482582,1.0610952377319336,1.0
4842,3.291836963571948,250.00428807149748,38.63524533291676,100.0,0.009999999776482582,1.7448772192001343,0.5
4843,2.503855549881047,175.45196040004234,39.32217071313218,100.0,0.009999999776482582,1.0523849725723267,0.75
4844,3.250823456262727,315.62528511882573,38.54625997169527,100.0,0.009999999776482582,1.8097314834594727,0.25
4845,3.423421273042983,360.970977750883,37.987539717881994,100.0,0.009999999776482582,1.9217983484268188,0.25
4846,2.89781920679002,160.74491946178216,37.482699897360796,100.0,0.009999999776482582,1.3421006202697754,0.75
4847,2.7992281946540247,137.67786743634625,34.04160596671639,100.0,0.009999999776482582,1.3702312707901,0.75
4848,2.9237508888351016,184.8107302896169,42.24225359659369,100.0,0.009999999776482582,1.55122971534729,0.75
4849,3.686815422314113,298.27995538787815,36.990236161939826,100.0,0.009999999776482582,2.037076711654663,0.25
4850,2.67279410471438,184.06063571371953,42.50985210795647,100.0,0.009999999776482582,1.0201202630996704,0.75
4851,3.2454443313179833,191.27728142849705,41.21037393356624,100.0,0.009999999776482582,1.8517316579818726,0.75
4852,2.394392751782743,0.01616135369749603,26.590749505710875,100.0,0.009999999776482582,1.1301090717315674,1.0
4853,3.4105083988972567,0.035982604908063646,26.82151987615458,100.0,0.009999999776482582,1.5216606855392456,1.0
4854,3.289292393531218,127.85954439648685,39.02897591920183,100.0,0.009999999776482582,1.8018500804901123,0.75
4855,2.4288178718941924,0.528804132793873,29.498871568382853,100.0,0.009999999776482582,0.9504573345184326,1.0
4856,2.432299217023335,0.37260223772679657,28.727247562316727,100.0,0.009999999776482582,0.9539197683334351,1.0
4857,1.94108329805427,9.399351392083713e-05,21.34571749530594,100.0,0.009999999776482582,0.646486759185791,1.0
4858,3.361142663633271,188.16203633982184,39.1756816120946,100.0,0.009999999776482582,1.6395641565322876,0.75
4859,3.0098016404559806,0.4923122805153023,28.71281008945671,100.0,0.009999999776482582,1.7577135562896729,1.0
4860,3.0459419199437123,215.07244648520452,39.23153892002578,100.0,0.009999999776482582,1.4451730251312256,0.5
4861,3.4955843005862897,150.95907215399063,40.806127771714536,100.0,0.009999999776482582,1.8859494924545288,0.75
4862,3.4964569863267223,280.47732002860624,38.50528621661716,100.0,0.009999999776482582,1.9918612241744995,0.5
4863,2.8782978797913708,139.84995865168798,35.42600743020165,100.0,0.009999999776482582,1.5072152614593506,0.75
4864,3.429010201118375,183.82805171823884,39.44821332067429,100.0,0.009999999776482582,1.3761297464370728,0.75
4865,2.5796882768837905,217.22637519028018,39.06827278969068,100.0,0.009999999776482582,1.0740138292312622,0.75
4866,2.698735038018573,179.33053161094819,37.13213391812534,100.0,0.009999999776482582,1.4004656076431274,0.75
4867,3.0269538940621192,147.89790461596888,36.205535394604524,100.0,0.009999999776482582,1.3821189403533936,0.75
4868,3.622294794015989,0.060232625905673354,27.973453964496976,100.0,0.009999999776482582,1.602036476135254,1.0
4869,3.346394499843543,153.52895882310875,39.97743374071095,100.0,0.009999999776482582,1.5595993995666504,0.75
4870,2.1157136925686935,0.023430741639227412,27.226157994992672,100.0,0.009999999776482582,0.846777081489563,1.0
4871,2.9682626963091554,143.07315527874047,38.69061353438696,100.0,0.009999999776482582,1.5576825141906738,0.75
4872,2.97168047565037,149.30565256119073,38.27245226373591,100.0,0.009999999776482582,0.9345234632492065,1.0
4873,2.3827624974655808,9.869402031168849e-05,21.430244498429342,100.0,0.009999999776482582,0.9192523956298828,1.0
4874,2.9192521483528204,146.5288934554033,37.6717985880184,100.0,0.009999999776482582,1.528949499130249,0.75
4875,2.3282103110913015,0.0246050415593677,26.543857379237725,100.0,0.009999999776482582,0.9545999765396118,1.0
4876,2.5195080397144642,0.008583188502661845,23.862835694428806,100.0,0.009999999776482582,1.2669939994812012,1.0
4877,2.0842023502191025,8.871794694584968e-05,21.374405711888187,100.0,0.009999999776482582,0.6119784116744995,1.0
4878,2.7762723449211695,149.18473233792088,41.229050265907055,100.0,0.009999999776482582,1.191161870956421,1.0
4879,3.1952267794900555,191.91832314879844,41.21941159687441,100.0,0.009999999776482582,1.4934861660003662,0.75
4880,2.483235005006559,0.004925524139559992,23.54462512941038,100.0,0.009999999776482582,1.3043358325958252,1.0
4881,3.5064275239914715,319.07849984842716,38.70199161076879,100.0,0.009999999776482582,2.132385015487671,0.25
4882,3.3420667326682674,242.91542963492412,38.423186380060436,100.0,0.009999999776482582,1.216781735420227,0.75
4883,3.452851063414271,248.30712813157388,38.982813041178,100.0,0.009999999776482582,2.0123825073242188,0.5
4884,2.6727712754056263,0.009895383294761265,24.349657592777433,100.0,0.009999999776482582,1.0765997171401978,1.0
4885,2.9941698108280668,147.99287983578418,40.187033333576345,100.0,0.009999999776482582,1.3525002002716064,0.75
4886,2.3322829329869252,0.022310261997140552,26.559575193171003,100.0,0.009999999776482582,0.9611617922782898,1.0
4887,2.8365797033650413,0.0054578316625282725,24.106788040642563,100.0,0.009999999776482582,1.3408948183059692,1.0
4888,1.9519555163380466,8.404584418221916e-05,21.27220974909441,100.0,0.009999999776482582,0.6345174312591553,1.0
4889,3.482688503952405,201.46010137851462,38.96931592175893,100.0,0.009999999776482582,1.5227560997009277,0.75
4890,2.300421647185447,0.004011615659557954,23.793816900634763,100.0,0.009999999776482582,0.9403788447380066,1.0
4891,3.5517281258417563,268.0122224746831,40.2579935497166,100.0,0.009999999776482582,1.6927447319030762,0.5
4892,3.153076582724736,177.76970995003754,39.8274977953386,100.0,0.009999999776482582,1.4484789371490479,0.75
4893,2.5574408642828756,180.20580116485846,41.78262674243712,100.0,0.009999999776482582,1.0512183904647827,0.75
4894,4.141370325060529,290.8232437583732,38.33658102583037,100.0,0.009999999776482582,1.7238192558288574,0.5
4895,3.0932490158262436,207.37173127679927,40.594732853222226,100.0,0.009999999776482582,1.568697214126587,0.5
4896,2.2409839685021704,0.006162963976843998,24.178292908511,100.0,0.009999999776482582,0.9491599798202515,1.0
4897,2.7394333386665353,154.85607113470584,35.842893672455716,100.0,0.009999999776482582,1.2609561681747437,0.75
4898,2.6847806443738698,213.74979000218187,39.53069284619432,100.0,0.009999999776482582,1.062495470046997,0.75
4899,3.184367614125784,223.30565009001816,37.72393864553003,100.0,0.009999999776482582,1.281742811203003,0.5
4900,3.204923865270705,243.66757295845298,39.86099259207583,100.0,0.009999999776482582,1.4832780361175537,0.5
4901,2.2824033811117683,0.3671307031733897,28.946088836541954,100.0,0.009999999776482582,0.9089022278785706,1.0
4902,2.7646347909713187,172.6978557033698,39.16040422789159,100.0,0.009999999776482582,1.3310258388519287,0.75
4903,2.4074428161528045,0.02822940341826215,26.95347539536946,100.0,0.009999999776482582,0.9381190538406372,1.0
4904,2.8908668256120875,0.02222898569902005,26.385467049371808,100.0,0.009999999776482582,1.3453221321105957,1.0
4905,1.7016062964225473,8.162983711750001e-05,21.292539044968933,100.0,0.009999999776482582,0.4895749092102051,1.0
4906,2.453960159863834,0.0034896664574258756,23.256617588585037,100.0,0.009999999776482582,1.0931909084320068,1.0
4907,2.8137796839766356,175.3779064593284,39.74684271925894,100.0,0.009999999776482582,1.193397045135498,0.75
4908,3.5430387634655527,266.3368744667672,37.069879734959116,100.0,0.009999999776482582,1.7361897230148315,0.5
4909,2.3782155204589905,0.00707853191451696,24.35636809735712,100.0,0.009999999776482582,1.0695884227752686,1.0
4910,2.7279267093834725,0.01981064356694699,26.0792819540293,100.0,0.009999999776482582,1.2867673635482788,1.0
4911,3.2772817750184013,0.02914435647906294,27.04470306036274,100.0,0.009999999776482582,1.5026350021362305,1.0
4912,3.5430778322548577,327.3661375613822,38.71119716705947,100.0,0.009999999776482582,1.7707273960113525,0.25
4913,2.1982054322142544,8.474545317719834e-05,21.321033941713146,100.0,0.009999999776482582,0.8851373195648193,1.0
4914,2.3290430227806276,157.60466482787285,36.40809148952103,100.0,0.009999999776482582,0.9276613593101501,0.75
4915,3.2130832160884837,191.0020379342517,39.50267881232713,100.0,0.009999999776482582,1.3235647678375244,0.75
4916,2.759021811251434,241.72677561855284,40.92195532997318,100.0,0.009999999776482582,1.3767921924591064,0.75
4917,3.3516264456348224,255.9503276784566,39.40125145359505,100.0,0.009999999776482582,1.503925085067749,0.5
4918,2.6564734173797424,0.01777175894666873,25.415381425970494,100.0,0.009999999776482582,1.1347463130950928,1.0
4919,2.7250844329098523,0.005008995436163593,24.184390834841658,100.0,0.009999999776482582,0.8684712648391724,1.0
4920,3.6614216067988927,288.28761249281774,39.18261091767255,100.0,0.009999999776482582,1.9341121912002563,0.25
4921,2.401159254220732,7.889106662607533e-05,21.36087252520374,100.0,0.009999999776482582,0.8889514803886414,1.0
4922,3.837250436641355,278.56371620541137,39.246170814324906,100.0,0.009999999776482582,1.5690439939498901,0.25
4923,3.0528957228690916,189.08008049666967,39.68474783087975,100.0,0.009999999776482582,1.261042594909668,0.75
4924,4.3869691202463486,253.16274069266788,35.82328913236146,100.0,0.009999999776482582,1.2214241027832031,0.75
4925,2.5504028957133813,0.006207575542012788,24.305567054993503,100.0,0.009999999776482582,1.076117992401123,1.0
4926,2.256541941240186,0.016955797812289394,26.368540822202803,100.0,0.009999999776482582,0.9264571070671082,1.0
4927,3.5170342291811765,245.7788394943775,37.67014307356109,100.0,0.009999999776482582,1.6075057983398438,0.5
4928,2.524481387031501,192.39256880389922,38.436230444886604,100.0,0.009999999776482582,1.07383131980896,0.75
4929,2.5500619818632146,145.181422505006,36.92035169278516,100.0,0.009999999776482582,1.0366580486297607,0.75
4930,3.7995860082409556,237.58970274594083,38.71596122102404,100.0,0.009999999776482582,1.3766396045684814,0.75
4931,2.539862100360098,217.41043444789193,36.70916482235254,100.0,0.009999999776482582,1.0758962631225586,0.75
4932,3.7190813581715974,229.54013671351194,40.120030763289286,100.0,0.009999999776482582,1.2942142486572266,0.75
4933,3.231010239608932,189.2308970997428,37.996234196917,100.0,0.009999999776482582,1.2017467021942139,0.75
4934,3.4306311244257865,0.5207215930290936,29.21904692783991,100.0,0.009999999776482582,1.5794380903244019,1.0
4935,2.69031673692069,157.0846780290066,39.86547188878841,100.0,0.009999999776482582,1.0610109567642212,0.75
4936,2.194039541602817,6.560383101384995e-05,21.39418440531539,100.0,0.009999999776482582,0.7379322052001953,1.0
4937,2.8703977587880596,192.91476010294335,39.22438816088841,100.0,0.009999999776482582,1.3403499126434326,0.75
4938,2.4694030483761837,0.0054353795852685105,23.90901791241769,100.0,0.009999999776482582,1.1431958675384521,1.0
4939,3.282474024589379,191.26546445911166,38.3175996101956,100.0,0.009999999776482582,1.8858774900436401,0.75
4940,3.426184007608615,291.41056206356893,38.725157752050734,100.0,0.009999999776482582,1.8373210430145264,0.5
4941,2.7365183135785753,0.02250636570475075,27.7671693877075,100.0,0.009999999776482582,0.8365281820297241,1.0
4942,3.357382900019512,255.61209940125667,39.549612402077564,100.0,0.009999999776482582,1.6148122549057007,0.5
4943,2.771411490052212,188.410876286034,41.11765767547809,100.0,0.009999999776482582,1.2011497020721436,0.75
4944,2.5144536094658254,8.45107290161568e-05,21.32813483371363,100.0,0.009999999776482582,1.0518691539764404,1.0
4945,2.977769535890795,161.8938000863508,40.784776929114166,100.0,0.009999999776482582,1.4722514152526855,0.75
4946,2.9670395236202647,178.94233542397336,37.19824236208337,100.0,0.009999999776482582,1.7043392658233643,0.75
4947,2.2289911998451117,0.008223070950345895,24.697522351178215,100.0,0.009999999776482582,0.9526947736740112,1.0
4948,2.3018328083610187,0.019089197181979448,26.713808726256957,100.0,0.009999999776482582,0.9333734512329102,1.0
4949,3.321816236792782,274.2634736745696,38.81389280272024,100.0,0.009999999776482582,1.3483226299285889,0.5
4950,2.381093447796795,162.14344572687767,38.19457946293001,100.0,0.009999999776482582,1.0603958368301392,0.75
4951,2.517675372602455,0.014113608746458717,26.899129718371153,100.0,0.009999999776482582,1.1234010457992554,1.0
4952,3.5880109022774747,273.0624469399803,38.554349070338056,100.0,0.009999999776482582,1.6938977241516113,0.25
4953,2.2520834917507235,7.692505457253936e-05,21.329126987927552,100.0,0.009999999776482582,0.8922571539878845,1.0
4954,2.764915552438565,154.12651282156307,37.02753697742238,100.0,0.009999999776482582,1.205366611480713,0.75
4955,3.3699514213689246,154.3780529449345,38.032561322933965,100.0,0.009999999776482582,1.831430435180664,0.75
4956,2.277760084542895,0.00437152443396281,24.03868149869604,100.0,0.009999999776482582,0.9594144821166992,1.0
4957,1.892893450906314,6.085817240832726e-05,21.31648690433777,100.0,0.009999999776482582,0.6124528646469116,1.0
4958,1.9822056694854366,2.968740921402917e-05,21.219597650907875,100.0,0.009999999776482582,0.6198398470878601,1.0
4959,3.36327740718563,148.09410219383597,38.240163001614754,100.0,0.009999999776482582,1.4802978038787842,0.75
4960,2.1606040483591182,0.003917995041252868,23.554597296431346,100.0,0.009999999776482582,0.7767784595489502,1.0
4961,3.9014688227482277,229.75711622310294,39.80217821256631,100.0,0.009999999776482582,1.2189149856567383,0.5
4962,2.755733785062002,0.27916057330819033,28.504589071361703,100.0,0.009999999776482582,1.442220687866211,1.0
4963,2.0936153047246715,2.9786202381653485e-05,21.256875475606925,100.0,0.009999999776482582,0.7627896070480347,1.0
4964,2.8345026457858937,148.57816142238832,34.92039588118218,100.0,0.009999999776482582,1.164819598197937,0.75
4965,2.342395429174214,169.24999222644283,38.59754246903625,100.0,0.009999999776482582,0.8937012553215027,0.75
4966,3.6728727127455523,170.86937619231523,40.178835352395026,100.0,0.009999999776482582,1.7408902645111084,0.75
4967,3.0458092535520063,168.02965598661467,37.995831131580836,100.0,0.009999999776482582,1.6235557794570923,0.75
4968,2.6352087341619703,188.07932423351707,37.73074857528089,100.0,0.009999999776482582,1.1961755752563477,0.75
4969,2.3525781968856885,0.002173825730359358,23.191909821258854,100.0,0.009999999776482582,1.0833072662353516,1.0
4970,3.3114234302235888,255.31053594138854,39.85145551190201,100.0,0.009999999776482582,1.8205610513687134,0.5
4971,2.764480515646732,153.00849258158374,36.12289777110988,100.0,0.009999999776482582,1.2480708360671997,0.75
4972,3.071092477901138,156.36994405169995,36.50432653285772,100.0,0.009999999776482582,1.4892585277557373,0.75
4973,3.528906000176762,307.84462183786644,38.668114351712504,100.0,0.009999999776482582,2.163052797317505,0.25
4974,2.901536768057927,222.46083987880894,39.02661319883853,100.0,0.009999999776482582,1.4972050189971924,0.5
4975,3.74436822691432,300.81021429502954,40.471389270447894,100.0,0.009999999776482582,1.8924973011016846,0.5
4976,3.0049616551899683,206.76539795716974,39.584516127715744,100.0,0.009999999776482582,1.4185466766357422,0.5
4977,2.976596576223291,221.01936020651306,39.47887964138529,100.0,0.009999999776482582,1.3585076332092285,0.75
4978,3.3467755991389327,155.13069381714368,37.55225105401754,100.0,0.009999999776482582,1.2254769802093506,0.75
4979,3.0747676319928683,149.17426851964245,35.4820666755776,100.0,0.009999999776482582,1.7359309196472168,0.75
4980,2.9780230602457824,273.8818133557946,39.524296756925025,100.0,0.009999999776482582,1.5059109926223755,0.5
4981,3.1220343937970725,191.42099312981753,39.03482032308858,100.0,0.009999999776482582,1.6974546909332275,0.75
4982,1.6054182514727695,4.882312824937128e-05,21.334728093986495,100.0,0.009999999776482582,0.4577188193798065,1.0
4983,2.20809642560103,7.217025972684427e-05,21.321076880622158,100.0,0.009999999776482582,0.884346067905426,1.0
4984,2.9932986873556953,120.54637783304771,38.674671588850565,100.0,0.009999999776482582,1.4231748580932617,0.75
4985,3.4122632216794213,233.0437559708114,37.474050221708026,100.0,0.009999999776482582,1.593482494354248,0.5
4986,3.4560796734527686,229.5230660996322,38.91450647509875,100.0,0.009999999776482582,1.652261734008789,0.5
4987,2.9759070614008882,250.42421757781824,38.35614899524377,100.0,0.009999999776482582,1.5050734281539917,0.5
4988,2.5313868846088234,191.36085334635328,38.012767593724156,100.0,0.009999999776482582,1.0491079092025757,0.75
4989,2.5583215727754642,215.44090439579156,37.514020728311756,100.0,0.009999999776482582,1.0476717948913574,0.75
4990,3.1803376847221747,129.62758665007098,37.88691596216226,100.0,0.009999999776482582,1.4877426624298096,0.75
4991,2.6937514342575595,157.15879447723432,39.93174101558768,100.0,0.009999999776482582,1.366798996925354,0.75
4992,2.612287476975353,220.8811084814597,38.72889575602001,100.0,0.009999999776482582,0.9124139547348022,0.75
4993,2.999165676919112,200.9184960881892,38.377892233107715,100.0,0.009999999776482582,1.4133026599884033,0.75
4994,2.8041258894027257,192.91826494907423,39.32438570027962,100.0,0.009999999776482582,1.2796306610107422,0.75
4995,2.1239408828255018,8.111737283940466e-05,21.336044109194518,100.0,0.009999999776482582,0.7733513116836548,1.0
4996,3.4479167527610133,237.63267411201548,38.618036450922915,100.0,0.009999999776482582,1.7664427757263184,0.5
4997,2.759756922428679,241.58060487946753,41.23842671793622,100.0,0.009999999776482582,1.3728671073913574,0.5
4998,3.114788994483961,257.3149272025878,37.2520140527502,100.0,0.009999999776482582,1.5473659038543701,0.5
4999,3.105859400676063,150.17617216421812,37.368131529509554,100.0,0.009999999776482582,1.6956214904785156,0.75
