t,x,g_raw,g_ratio,alpha,gamma,loss,acc
0,45.56798155525869,4226.180280329801,265.1047873572816,1488.9677747074143,0.009999999776482582,2.0942182540893555,0.5
1,67.79907684103625,12362.317939362338,648.5798664464139,3060.977012414243,0.009999999776482582,1.923627257347107,1.0
2,84.53935078263054,6796.308274809244,680.9989345787116,4244.718296396989,0.009999999776482582,1.589132308959961,1.0
3,108.71937722203093,8591.895976925925,553.976661308532,5954.54070694869,0.009999999776482582,3.305396795272827,1.0
4,104.77289552714556,7740.398357788181,830.2740046279723,5675.47637831124,0.009999999776482582,1.4205701351165771,1.0
5,131.06845546108772,64477.54824383223,632.2967814472914,7534.892776624106,0.009999999776482582,5.743465900421143,0.5
6,126.31528128313445,80374.47314085954,797.7698236404732,7198.785462966359,0.009999999776482582,3.112053871154785,0.75
7,109.27048060443505,1133.104568977056,815.4394575877697,5993.510429174883,0.009999999776482582,1.3712437152862549,1.0
8,91.89229483687286,102.51720867776402,1165.8343533167144,4764.661008576595,0.009999999776482582,1.1482996940612793,1.0
9,120.64955011828144,106756.60796143526,307.3939123436158,6798.149254312689,0.009999999776482582,5.719369888305664,0.25
10,120.99392015196635,64821.32461113289,738.5376476246214,6822.500410528029,0.009999999776482582,1.9333751201629639,0.75
11,120.17280548316651,6247.51672453541,1021.0178534987365,6764.437601297225,0.009999999776482582,1.7080049514770508,1.0
12,117.00214704569596,13567.722899612796,1094.4946856344889,6540.2334274027635,0.009999999776482582,2.299111843109131,1.0
13,109.44668370080322,27.425332872973794,968.4091655198391,6005.970134449976,0.009999999776482582,2.0432028770446777,1.0
14,131.06306626416304,122705.26193849347,442.544473853355,7534.511694754747,0.009999999776482582,3.2542128562927246,0.25
15,116.77901710444458,1475.0761210638332,897.0962888246539,6524.455422570021,0.009999999776482582,1.6354261636734009,1.0
16,122.67673983600999,72580.82471112575,655.2584805039934,6941.496260921594,0.009999999776482582,2.4356954097747803,0.5
17,113.76003820017597,34413.95443968904,705.3871211302263,6310.9768393088325,0.009999999776482582,1.5833730697631836,0.75
18,117.61105366311247,61487.64001470606,637.99311490653,6583.290542456019,0.009999999776482582,2.2600202560424805,0.5
19,121.50162874444112,1167.0107304313508,886.5856921603206,6858.401592506412,0.009999999776482582,3.8312103748321533,1.0
20,125.04180416668689,56942.63262163704,794.4811388220908,7108.735118377869,0.009999999776482582,2.2766079902648926,0.75
21,123.5792605465118,1438.6247118910535,1059.5371108658962,7005.315468922481,0.009999999776482582,2.0948657989501953,1.0
22,118.05779882794248,156.00355667259376,648.8145873660735,6614.88086749335,0.009999999776482582,2.0815534591674805,1.0
23,104.28942242450675,90.03079706796488,852.1392502675274,5641.2889406811555,0.009999999776482582,1.3185838460922241,1.0
24,125.3756920582905,126323.36318467454,301.22246479957045,7132.345059463189,0.009999999776482582,3.576054096221924,0.5
25,113.04586840919922,46.71237357052467,871.3216799489524,6260.476335655068,0.009999999776482582,1.3465579748153687,1.0
26,134.1167737617006,206180.6325575878,485.0020353359095,7750.446012595342,0.009999999776482582,4.415809631347656,0.5
27,128.20596804351888,432.50668309716315,830.1308639953535,7332.480047723763,0.009999999776482582,4.9570631980896,1.0
28,121.18960635623074,65.56637766701306,846.064966649267,6836.337808858656,0.009999999776482582,2.2526888847351074,1.0
29,121.53865369927969,38278.3499231109,1338.9800781611264,6861.019707821186,0.009999999776482582,2.2564516067504883,0.75
30,121.5843015986424,54864.36265872453,951.0358152886615,6864.247570351468,0.009999999776482582,2.269374132156372,0.75
31,123.02591118312338,139109.0696623293,401.99907655076566,6966.186928481999,0.009999999776482582,3.426610231399536,0.75
32,121.91164830673615,113969.24733952033,643.8852726359927,6887.394970083298,0.009999999776482582,3.13409423828125,0.75
33,130.51786370345704,107634.64641851628,586.2550617896337,7495.95923250159,0.009999999776482582,5.402238845825195,0.25
34,124.04062920311532,537.1417483482143,1156.034164292577,7037.9398529596065,0.009999999776482582,3.762564182281494,1.0
35,109.45583097106709,1047.569647026173,760.0349474771808,6006.61695788219,0.009999999776482582,2.6638121604919434,1.0
36,105.52532344404281,103.69268413379196,910.5281353344325,5728.682197496753,0.009999999776482582,1.4465398788452148,1.0
37,113.987474132512,1897.3784271635636,702.7830121339457,6327.059330163319,0.009999999776482582,1.9604474306106567,1.0
38,101.79710284450816,37943.94510948999,889.1256829791805,5465.051586978574,0.009999999776482582,1.419466495513916,0.75
39,104.9444432837425,84188.16085779326,338.4802219216228,5687.60689435697,0.009999999776482582,2.1183273792266846,0.75
40,112.79117679212865,76178.35409243841,430.26090918955987,6242.466535883414,0.009999999776482582,2.0822362899780273,0.5
41,109.4673054288452,10272.734336663656,1063.467995766132,6007.428341819551,0.009999999776482582,1.4879212379455566,1.0
42,104.89938105609635,37541.706651210094,696.0860540448452,5684.420445951221,0.009999999776482582,1.513534665107727,0.75
43,112.85219605519892,100684.15967767779,553.0646571868557,6246.781341069187,0.009999999776482582,2.9025626182556152,0.75
44,127.2663328306818,278681.503043465,399.55963875715094,7266.03639230929,0.009999999776482582,11.89975357055664,0.75
45,123.43442924014782,55543.46901079709,1144.7702673383912,6995.074131346146,0.009999999776482582,5.39025354385376,0.75
46,130.16270592421458,166545.28761016307,549.5288898934236,7470.845251267847,0.009999999776482582,10.712156295776367,0.5
47,112.13323998944489,38876.377102607286,1302.087434751345,6195.942389486189,0.009999999776482582,1.3716589212417603,0.75
48,113.87289266849191,72681.27782961144,760.2940677674065,6318.95702491951,0.009999999776482582,1.5087733268737793,0.75
49,111.80207967685608,13090.412735117709,1051.900594498195,6172.52532146235,0.009999999776482582,2.599546432495117,1.0
50,110.03482059750006,847.0559485883626,989.2587739156727,6047.558577248615,0.009999999776482582,1.5686115026474,1.0
51,111.11745874607922,38930.56720472373,638.9444358031776,6124.114282164742,0.009999999776482582,1.7843042612075806,0.75
52,113.3487431992398,3277.8269960055795,921.9621753461624,6281.893272683669,0.009999999776482582,4.493061065673828,1.0
53,125.06309854382327,91507.90310311277,533.9332279070063,7110.240890232079,0.009999999776482582,5.007692337036133,0.75
54,122.36265628639876,3448.709897707199,1083.8047238593258,6919.286728055417,0.009999999776482582,5.9621806144714355,1.0
55,121.7404692958581,80713.40293817208,764.2288943905089,6875.290528851654,0.009999999776482582,2.538560628890991,0.5
56,131.59575714108408,97042.44726144517,512.1531734887515,7572.179428557217,0.009999999776482582,7.045035362243652,0.75
57,102.30750936693464,38617.148129700676,1599.9831212800952,5501.143545468516,0.009999999776482582,1.2593363523483276,0.75
58,102.09570234767324,14131.161213111433,1355.5415682066227,5486.166209147032,0.009999999776482582,1.5266255140304565,1.0
59,94.67372299341383,3897.539600851832,922.1966361486408,4961.341860324712,0.009999999776482582,1.247328519821167,1.0
60,105.27415544341157,4383.576613942452,704.3528846171088,5710.92156032917,0.009999999776482582,2.301542282104492,1.0
61,108.20652835217219,1481.7847906040085,774.6476513949666,5918.27604474461,0.009999999776482582,3.086721897125244,1.0
62,99.10003542249919,232.81649518281958,806.8779432799438,5274.336066775271,0.009999999776482582,1.2504916191101074,1.0
63,101.43839848348738,51629.59157222181,519.9053957604137,5439.686819211546,0.009999999776482582,2.456813335418701,0.75
64,108.28826286077647,56642.29339263516,605.4325194342746,5924.055670125801,0.009999999776482582,1.9263641834259033,0.75
65,118.04432306163196,44843.016170217066,855.8229646483937,6613.927966664444,0.009999999776482582,3.2489938735961914,0.75
66,124.40941416487267,54172.66890076955,703.276110549055,7064.017441992333,0.009999999776482582,4.283261775970459,0.75
67,131.82519978289818,116780.17588187107,667.3047736925027,7588.403818215894,0.009999999776482582,4.744770526885986,0.5
68,110.62341405094044,69356.60929300507,880.9602584515947,6089.179304170423,0.009999999776482582,1.9915498495101929,0.75
69,116.32585021584754,38937.03819523734,1115.5230503294092,6492.411003438178,0.009999999776482582,1.90337336063385,1.0
70,118.64833240450375,36372.238124683696,1145.5601156733312,6656.638784752798,0.009999999776482582,5.8469319343566895,0.75
71,103.26008149016666,115463.79574935614,477.94316967892814,5568.5019980347615,0.009999999776482582,1.6353877782821655,0.75
72,116.45341019100951,111161.72952720331,507.77407271499425,6501.431047513315,0.009999999776482582,4.2982354164123535,0.5
73,120.22234377129568,38598.335921943544,798.6365695991926,6767.940561702826,0.009999999776482582,3.7092108726501465,1.0
74,112.71621269459162,9745.89820966354,1064.3451018468088,6237.165661036281,0.009999999776482582,1.6777355670928955,1.0
75,131.879825513246,89815.75553871828,524.4857959801543,7592.26652275741,0.009999999776482582,2.846975088119507,0.25
76,119.11817671507741,16816.103059709392,1164.8822792926146,6689.862500769088,0.009999999776482582,3.059316635131836,1.0
77,123.09103865290304,44366.09636194021,509.5723706213034,6970.792233924937,0.009999999776482582,2.078742027282715,0.75
78,114.60012448123977,84102.25219201998,617.7527247063522,6370.381172623347,0.009999999776482582,2.3806867599487305,0.75
79,121.96842372114193,130190.40679005532,467.49988054602824,6891.409683473405,0.009999999776482582,3.003131628036499,0.5
80,121.3470518724319,47707.86172706487,697.8096542756206,6847.471124726457,0.009999999776482582,2.379377841949463,0.75
81,116.13498329003241,18273.273558809007,1674.9658067258542,6478.91438679842,0.009999999776482582,1.752268671989441,1.0
82,135.19200394943138,88367.986478315,977.4328448897013,7826.477884441772,0.009999999776482582,3.014738082885742,0.5
83,134.1421277506906,146259.68082689427,660.5688417742886,7752.238848458472,0.009999999776482582,3.6082754135131836,0.5
84,128.02106000469192,1964.0322004874,1084.377846317661,7319.4047969803505,0.009999999776482582,3.6776185035705566,1.0
85,138.2785390443747,219376.1008805852,642.9993303126763,8044.733513297871,0.009999999776482582,4.931560516357422,0.5
86,132.30497108431334,198926.76930161114,706.3401315090673,7622.329493407154,0.009999999776482582,7.860343933105469,0.5
87,96.96991264782436,3625.494797593844,1459.6602313343433,5123.710439194034,0.009999999776482582,1.044524073600769,1.0
88,112.07334261175463,68678.59828696577,342.3456882963033,6191.706915262669,0.009999999776482582,2.170426845550537,0.5
89,122.7889462074413,82826.97648229741,708.1919413956612,6949.430618187942,0.009999999776482582,2.3308258056640625,0.5
90,126.67284245425671,57170.023429172245,654.6730543503912,7224.069393282157,0.009999999776482582,2.7264463901519775,0.75
91,121.15027110878881,94247.17354183501,604.0396688408018,6833.55632771473,0.009999999776482582,3.2374987602233887,0.75
92,126.07450909463675,79617.66722568024,758.4920964868264,7181.759936349888,0.009999999776482582,2.5716135501861572,0.5
93,110.70432520325488,56750.214289812684,597.3714435691716,6094.9007082324715,0.009999999776482582,5.3532609939575195,0.75
94,118.41825479846943,104714.64715604989,340.35358352905837,6640.369495389137,0.009999999776482582,4.7228803634643555,0.75
95,116.9706424034677,25.433420159730996,1326.4998580373558,6538.005665433468,0.009999999776482582,2.4273524284362793,1.0
96,122.58204662408845,76077.4964515919,635.870278311509,6934.8002973635585,0.009999999776482582,2.466878652572632,0.75
97,122.79582011730454,55680.76799230011,695.803050119427,6949.916687347617,0.009999999776482582,2.556978225708008,0.75
98,104.10623395654213,5215.079902464914,1153.5213538630308,5628.335284544116,0.009999999776482582,1.3428016901016235,1.0
99,109.16105987446468,1438.5031541616618,876.4122218492852,5985.773050692228,0.009999999776482582,2.090193748474121,1.0
100,111.40148636289263,126.46253583687034,678.2991453915434,6144.198494465346,0.009999999776482582,1.5500192642211914,1.0
101,122.35504911005079,64573.21889743393,442.58160268999796,6918.748808023221,0.009999999776482582,3.2326550483703613,0.75
102,141.45602719226574,101963.35484865008,816.7311952175647,8269.420630913,0.009999999776482582,4.0526838302612305,0.25
103,127.47980322946837,92176.78638755323,571.4153048431921,7281.131349825132,0.009999999776482582,3.470411777496338,0.5
104,131.66680386235336,143315.7987817242,386.31401733223817,7577.203297183948,0.009999999776482582,6.720056533813477,0.5
105,120.74751357219674,63184.366584001735,719.6574990070293,6805.076463815094,0.009999999776482582,4.60255241394043,0.75
106,131.8486057634165,39836.69311230316,632.1172808515985,7590.05890615103,0.009999999776482582,4.932839393615723,0.75
107,123.39968807773798,109028.25007626571,480.57916626319434,6992.617507975373,0.009999999776482582,5.906271934509277,0.75
108,131.05796126277596,100878.0222856871,728.5910706374675,7534.1507089717325,0.009999999776482582,5.511802673339844,0.5
109,133.85179511506308,39978.437638063566,841.5924731451471,7731.708794525131,0.009999999776482582,6.365543365478516,0.75
110,127.31099164370748,46.590824193617586,882.4947775922806,7269.194314387304,0.009999999776482582,2.0946247577667236,1.0
111,103.2829525099567,7539.528886898252,1028.6970261608337,5570.119257729956,0.009999999776482582,1.4914803504943848,1.0
112,101.27428777171941,0.026265196736181926,1118.533280061827,5428.082192827217,0.009999999776482582,1.9636375904083252,1.0
113,120.55217028178828,79908.29884387589,371.00692662036505,6791.263313671178,0.009999999776482582,5.583590984344482,0.5
114,126.6682982552088,44278.62700994888,668.3827899751103,7223.748063055756,0.009999999776482582,4.686933517456055,0.75
115,138.13715131380326,71990.22739246,715.8987146538531,8034.735678476889,0.009999999776482582,4.557264804840088,0.5
116,104.8807240007555,5055.0837559412685,1301.846433511318,5683.10116487365,0.009999999776482582,1.2814323902130127,1.0
117,126.20703245870375,613.0972983871799,636.3447275026559,7191.130952480551,0.009999999776482582,2.43369722366333,1.0
118,127.78112162858555,54285.75041540713,986.910322816394,7302.438231056768,0.009999999776482582,2.9711689949035645,0.75
119,130.82688377736474,144823.64159325755,687.842993513277,7517.810715956413,0.009999999776482582,6.0512542724609375,0.25
120,130.37419544567882,792.7300593395321,1111.6005976630547,7485.800136627574,0.009999999776482582,2.971769094467163,1.0
121,126.78452692705146,133289.32081750577,573.5278013493198,7231.966845957557,0.009999999776482582,6.250553131103516,0.5
122,123.56430847863773,144710.60047241766,347.1827074294103,7004.258175589935,0.009999999776482582,4.459060192108154,0.75
123,119.09630656000739,100942.22516822981,416.1454000238312,6688.316014401314,0.009999999776482582,2.4610307216644287,0.75
124,134.28099324619302,78872.4718382215,818.6682670063097,7762.058330536271,0.009999999776482582,4.440540313720703,0.75
125,134.28036639775317,77167.78500694822,800.8267962295912,7762.014004715818,0.009999999776482582,6.411749362945557,0.75
126,138.9645188575641,100749.86727840136,805.648783870499,8093.240642134838,0.009999999776482582,2.6085424423217773,0.5
127,125.57792837135382,83146.68912268407,1089.0342005602563,7146.645630273961,0.009999999776482582,3.1694118976593018,0.75
128,118.46677433103636,36647.602524650036,759.1929693826519,6643.800417366842,0.009999999776482582,1.661454677581787,0.75
129,121.298926267069,33806.449728295476,855.8680767287823,6844.068058200574,0.009999999776482582,1.6007695198059082,0.75
130,100.08059044737091,0.1715632161770407,997.1423198794444,5343.673251352243,0.009999999776482582,0.9731271266937256,1.0
131,108.78820422086098,38956.363403240925,786.6321192336211,5959.407614160126,0.009999999776482582,1.4761158227920532,0.5
132,118.9976738097076,156181.88572870038,402.37008293684124,6681.3414774917055,0.009999999776482582,4.739913463592529,0.5
133,109.24685778909753,75407.39790786836,509.2294828410277,5991.840008376724,0.009999999776482582,2.0595457553863525,0.75
134,122.12413217914077,68827.56589956941,685.7145729787225,6902.42016816688,0.009999999776482582,2.1973636150360107,0.5
135,130.4559824110074,144772.3629678279,700.2921457896203,7491.583471338158,0.009999999776482582,3.0096123218536377,0.25
136,134.43519915423428,49898.85301756707,1004.2519668510998,7772.962566644912,0.009999999776482582,4.270707130432129,0.75
137,128.9540446511065,169684.3893474958,426.71596330327554,7385.378176336997,0.009999999776482582,4.401698112487793,0.75
138,133.79308782761942,92112.93380049652,818.1741155966394,7727.557474178751,0.009999999776482582,6.764060974121094,0.5
139,114.44442783706212,5835.533481137038,1425.5860424470966,6359.371523310935,0.009999999776482582,2.5551648139953613,1.0
140,123.70153011156614,4524.810060901349,574.5284261183757,7013.961416559565,0.009999999776482582,4.7416582107543945,1.0
141,120.76390700025793,21401.641804357667,828.7072960650776,6806.235678870339,0.009999999776482582,2.18220853805542,1.0
142,133.46554318547697,169271.45482973344,568.3885772381425,7704.396078098609,0.009999999776482582,6.66147518157959,0.5
143,129.09836922982848,136882.54651139377,1036.6200174754167,7395.583682096502,0.009999999776482582,3.6686618328094482,0.75
144,126.62584267530754,77390.93518554862,966.5644670816338,7220.74593639762,0.009999999776482582,4.713535308837891,0.75
145,135.0888014273548,118683.03116267784,680.6889377255937,7819.180209002326,0.009999999776482582,4.533780574798584,0.5
146,128.02169973728434,125018.84391201599,532.4465276170779,7319.450033867333,0.009999999776482582,3.2841744422912598,0.75
147,133.88191942290064,54093.137482881335,764.9259696620853,7733.838950038902,0.009999999776482582,3.8130218982696533,0.5
148,132.13482160094676,77399.42896258128,675.5985797278432,7610.297852311431,0.009999999776482582,6.351074695587158,0.5
149,127.0480295935639,60378.93283837417,995.8368006812676,7250.599694253742,0.009999999776482582,1.957150936126709,0.75
150,111.4972705313703,18215.294903532085,1557.3921027118597,6150.971601941041,0.009999999776482582,1.1532683372497559,1.0
151,120.33611881568363,93344.67641535356,696.8937992665766,6775.985843255498,0.009999999776482582,1.7650260925292969,0.75
152,124.5572123101447,95186.95432105211,630.4036294696813,7074.468571219072,0.009999999776482582,10.773629188537598,0.5
153,105.85187642175298,76459.40020173018,480.05890862504305,5751.7734708218895,0.009999999776482582,2.01405668258667,0.75
154,114.73316133041133,8108.718538146223,1525.6619214917043,6379.788498405757,0.009999999776482582,6.068275451660156,1.0
155,110.97040985041544,191.85207782782507,589.6483039340975,6113.716134012052,0.009999999776482582,7.720280170440674,1.0
156,111.70278447411835,31524.365057470095,522.2431781984685,6165.503941095925,0.009999999776482582,9.179697036743164,0.75
157,115.77896291559492,123.45634860412255,532.11855624642,6453.739409576959,0.009999999776482582,2.6029677391052246,1.0
158,123.57575198519088,9397.605072019436,489.3095993831705,7005.067370898671,0.009999999776482582,4.529772758483887,1.0
159,121.67375836360502,122519.35811319966,482.2483846411097,6870.573253323399,0.009999999776482582,3.762315511703491,0.75
160,122.8446407243367,137710.17226209433,384.25984950607113,6953.368898957456,0.009999999776482582,3.6333816051483154,0.75
161,121.29219393528605,83705.29601955159,567.8821770372363,6843.592000335765,0.009999999776482582,2.702941417694092,0.75
162,116.59443880738856,61156.14186917741,835.4784041025387,6511.4034885864585,0.009999999776482582,1.6311752796173096,0.75
163,97.43518610675261,242.5761451134852,1265.164113441069,5156.610940320623,0.009999999776482582,0.9433521032333374,1.0
164,101.85790005877207,53265.48141316222,311.5446452340556,5469.350690608922,0.009999999776482582,3.812591314315796,0.75
165,128.22998745682955,97942.06548220056,514.7025417762994,7334.178512829656,0.009999999776482582,3.2605466842651367,0.25
166,123.74788975969447,68428.54010761164,581.5143698981072,7017.239608397515,0.009999999776482582,2.2999274730682373,0.75
167,129.2227514106389,124534.55188667453,611.741552499577,7404.379017401694,0.009999999776482582,4.861994743347168,0.25
168,136.51301012419793,70989.55865102515,512.9703971252609,7919.889112413492,0.009999999776482582,4.986783027648926,0.75
169,134.81012395123113,47076.662000950375,1181.778148335297,7799.474316819519,0.009999999776482582,5.841122627258301,0.75
170,131.79097666823864,2750.752033938226,920.9509308366488,7585.983827131499,0.009999999776482582,5.43351411819458,1.0
171,137.28515868307022,93113.47608339963,482.79552065282206,7974.489421207355,0.009999999776482582,9.875986099243164,0.5
172,138.24535386252728,128229.80645742244,603.605768825074,8042.386916706541,0.009999999776482582,7.564137935638428,0.5
173,140.40591712333162,128635.28668696202,696.0637518162698,8195.165057458216,0.009999999776482582,11.639915466308594,0.5
174,131.20579377779072,19321.012566733825,1075.5853597308671,7544.604268557944,0.009999999776482582,3.845986843109131,1.0
175,127.1088607198561,3945.6865652911288,729.4912204272501,7254.901195877581,0.009999999776482582,4.969097137451172,1.0
176,124.6134025505817,84422.7158411089,652.5887349861567,7078.441905681474,0.009999999776482582,3.805236339569092,0.5
177,128.19009931802296,64861.11523818742,609.0646685497951,7331.35793553138,0.009999999776482582,2.6396889686584473,0.75
178,132.90529480933304,145330.91232153954,705.4350847178652,7664.779693418185,0.009999999776482582,3.1670360565185547,0.5
179,142.94429309050116,66970.36328118612,1075.9841392600447,8374.659158754986,0.009999999776482582,10.363387107849121,0.75
180,142.22183821746563,240221.22320482088,482.7196702151472,8323.57279887758,0.009999999776482582,14.646126747131348,0.75
181,132.9542088415674,152290.59628563427,778.0490666971186,7668.23851132785,0.009999999776482582,5.2186994552612305,0.75
182,125.44328213547873,88280.31593495558,580.9987528344316,7137.12450124738,0.009999999776482582,3.215365171432495,0.75
183,132.0877608179445,63120.334652383135,730.0771191789925,7606.970081697242,0.009999999776482582,3.521404266357422,0.75
184,117.91870750160514,14018.494393306957,1502.573228295946,6605.045416424636,0.009999999776482582,1.247750997543335,1.0
185,115.79796860321252,438.9811225888143,1192.7100997735918,6455.0833432032505,0.009999999776482582,1.610630750656128,1.0
186,132.68881790734775,75050.78207784824,528.593649091016,7649.472139503433,0.009999999776482582,5.27360725402832,0.5
187,135.49955339144816,107890.6485620948,773.0187556167115,7848.225376307873,0.009999999776482582,3.994647264480591,0.5
188,137.99621271252528,224589.05070508312,432.8778184359268,8024.76960256788,0.009999999776482582,8.16358470916748,0.75
189,128.35420551500948,162759.76248266635,607.1324599106874,7342.962242665666,0.009999999776482582,4.789223670959473,0.75
190,132.59294587047015,53810.49291994197,922.4287108164757,7642.692818661522,0.009999999776482582,3.469118118286133,0.75
191,124.47898811840942,84520.04046921476,576.5272953814722,7068.937168000324,0.009999999776482582,3.292844533920288,0.75
192,124.40413934823587,1639.1234464834847,726.6012538437417,7063.644448202615,0.009999999776482582,1.7319761514663696,1.0
193,136.14220501234493,76623.61258934044,846.7610354194868,7893.668674161187,0.009999999776482582,5.981229782104492,0.5
194,133.35375688263608,108786.78287841979,918.4741632941561,7696.491424798534,0.009999999776482582,2.7528162002563477,0.25
195,119.83806658874781,71638.11675765815,862.4705814187937,6740.767483946659,0.009999999776482582,2.0750503540039062,0.75
196,126.93315005268171,90481.27970511017,513.8543645180165,7242.476311344856,0.009999999776482582,4.307914733886719,0.75
197,109.73034662920459,9585.412445743295,1257.8582857952795,6026.028558837514,0.009999999776482582,1.2551653385162354,1.0
198,124.17422550197294,123406.28989508828,567.6816210825366,7047.386738649579,0.009999999776482582,2.824415922164917,0.25
199,130.53834249439558,144260.15518894445,535.4727046495063,7497.407332476811,0.009999999776482582,4.213974952697754,0.5
200,116.27639957021186,137.50728771272392,1052.3858951600641,6488.914240424455,0.009999999776482582,3.5996580123901367,1.0
201,119.65135516495897,22991.905705221023,767.8538286645369,6727.5647119190835,0.009999999776482582,1.6583917140960693,1.0
202,133.91970456876663,476.12591198477236,591.1997491225177,7736.510820119341,0.009999999776482582,5.515462875366211,1.0
203,121.97797573001208,184683.64760310456,388.78176828890713,6892.085126855276,0.009999999776482582,18.501689910888672,0.5
204,133.95980176412513,112298.11704927139,477.17637321788203,7739.346180262393,0.009999999776482582,13.19911003112793,0.5
205,125.30211089690177,69899.19238366387,609.2410620337079,7127.141975047536,0.009999999776482582,5.364765167236328,0.75
206,136.23936341856125,203058.38595581558,471.4896387267218,7900.538956984843,0.009999999776482582,7.5914154052734375,0.75
207,136.67640887773783,146247.56985904282,602.4813978903139,7931.443394678605,0.009999999776482582,4.531147003173828,0.25
208,124.29372436916928,95818.89149676575,476.1080954238834,7055.836764197727,0.009999999776482582,2.2210488319396973,0.75
209,123.72741862258174,97915.6666301765,1100.0624000421042,7015.792049641012,0.009999999776482582,4.129223346710205,0.75
210,130.3562774351912,57734.80986060679,865.6621696898679,7484.533115023565,0.009999999776482582,2.5502352714538574,0.75
211,126.33368046257524,12864.761970321322,1449.1862645767162,7200.086509076564,0.009999999776482582,2.3212404251098633,1.0
212,138.22573854039882,70718.11209479343,563.3838885166849,8040.999874494264,0.009999999776482582,4.346160888671875,0.75
213,93.1650565183141,185.28046028700865,485.3999976550193,4854.660763195294,0.009999999776482582,0.8200019001960754,1.0
214,116.71576333533507,68848.94603379241,379.9798452397765,6519.9826105883485,0.009999999776482582,2.8556699752807617,0.5
215,105.95479972423202,73951.24018094831,562.5492632067367,5759.051402034566,0.009999999776482582,2.6762239933013916,0.75
216,115.20556956657921,1163.6817103840444,711.6554301657519,6413.193515193203,0.009999999776482582,3.1339545249938965,1.0
217,135.41764708173852,96300.39127782684,513.6954787065412,7842.433602495793,0.009999999776482582,4.490386962890625,0.5
218,125.33679491655873,67111.77852421887,657.5556627329989,7129.594557729616,0.009999999776482582,3.8964929580688477,0.75
219,118.35691016158081,3061.8365965168928,802.0010965488304,6636.031682310967,0.009999999776482582,3.8923704624176025,1.0
220,131.66665266120913,104848.22563209967,507.28927152024414,7577.192605421243,0.009999999776482582,7.828366279602051,0.5
221,109.72190710644031,96633.44744074509,416.23226790355267,6025.431781774723,0.009999999776482582,1.6810591220855713,0.75
222,105.93106560482714,232.167831895294,571.6406252572318,5757.373110683029,0.009999999776482582,2.156060218811035,1.0
223,113.50345346106,144593.5416051322,328.9443959279466,6292.833172748105,0.009999999776482582,4.535077095031738,0.75
224,124.0925327367167,81860.49576211155,438.7310370529945,7041.6100650315775,0.009999999776482582,6.711272239685059,0.75
225,135.4626504259664,89988.63121419221,650.5291176562245,7845.615887126598,0.009999999776482582,4.784060478210449,0.75
226,124.1016801708073,10908.961202447783,833.6085490483784,7042.256900048336,0.009999999776482582,4.736882209777832,1.0
227,127.94389186270051,58898.84313996153,895.9644398751301,7313.948069342428,0.009999999776482582,9.969593048095703,0.75
228,138.77866084886077,141091.14180040316,813.2904805984696,8080.098216949412,0.009999999776482582,6.674623966217041,0.25
229,125.36551423215191,15340.462101076293,641.9340153309462,7131.625363177244,0.009999999776482582,4.919512748718262,1.0
230,119.08349450882753,27205.65809167313,1453.0828763357024,6687.41004631698,0.009999999776482582,5.55904483795166,0.75
231,123.79976477013258,77139.7752558968,665.8176460124407,7020.907803534398,0.009999999776482582,2.4461474418640137,0.75
232,123.02790181029921,432.81704210987664,1007.5515555101704,6966.327690071519,0.009999999776482582,2.513221263885498,1.0
233,119.52592703928626,66007.42154282397,582.885924791227,6718.695415571281,0.009999999776482582,4.9901533126831055,0.75
234,115.53470132185342,64882.85517366411,911.0908777831463,6436.467139504675,0.009999999776482582,1.7865867614746094,0.75
235,121.9720787869078,80614.51020685642,555.8448199755544,6891.6681411460695,0.009999999776482582,3.256483793258667,0.75
236,121.27929069801006,126704.35099774983,505.9791436918812,6842.67958428368,0.009999999776482582,3.002527952194214,0.5
237,132.67021925830528,81836.84088572426,511.9777387864974,7648.156988462614,0.009999999776482582,5.888368129730225,0.75
238,123.86727274022918,47571.96452064734,1277.9651157612732,7025.68143934705,0.009999999776482582,1.9238940477371216,0.75
239,134.4961949806445,103307.59136092037,556.0742003673088,7777.275714573336,0.009999999776482582,5.887176036834717,0.5
240,135.1349449011522,167762.9978194776,916.5351747162605,7822.443114681822,0.009999999776482582,4.306636810302734,0.5
241,123.0979339627466,24479.49115638152,1314.6224531435507,6971.279816323897,0.009999999776482582,2.465742349624634,1.0
242,132.80211402180979,117329.57149410364,692.5176824931792,7657.48355487641,0.009999999776482582,3.6952764987945557,0.5
243,124.57729404045062,98354.22546414897,826.6945710385512,7075.888594170899,0.009999999776482582,3.309845447540283,0.5
244,136.30620868737245,114775.99460885073,649.6698681931414,7905.265731744133,0.009999999776482582,3.0097947120666504,0.5
245,125.96438538360314,20920.44887995662,879.0041282448606,7173.972848542923,0.009999999776482582,9.616903305053711,0.75
246,96.95454605726385,5992.937864414937,1411.081268485765,5122.623834058181,0.009999999776482582,1.0105879306793213,1.0
247,128.3139641951613,87007.21603507348,436.6785669342012,7340.116691165586,0.009999999776482582,3.2986128330230713,0.5
248,113.65780367286224,517.3344895129192,449.56172647941446,6303.747612890438,0.009999999776482582,1.8716758489608765,1.0
249,115.3483167628952,99373.15072363357,465.42697039906983,6423.2874808022225,0.009999999776482582,2.281461238861084,0.5
250,101.38411476261295,14402.036520868474,1233.4595164459495,5435.848298905878,0.009999999776482582,1.6465418338775635,1.0
251,129.35851655076937,65546.63691217396,520.3651380098526,7413.979266588706,0.009999999776482582,3.0278468132019043,0.25
252,109.97584839181383,3743.2855004679905,787.4603008560367,6043.388523955469,0.009999999776482582,1.7319676876068115,1.0
253,121.80654274557244,10152.92392044558,936.4204807662361,6879.9627265991285,0.009999999776482582,9.710001945495605,1.0
254,116.7168631385816,68235.93697658072,462.4066004292927,6520.060380074782,0.009999999776482582,7.217939376831055,0.75
255,97.53346551086054,990.2663669949545,679.5127182167029,5163.560491350293,0.009999999776482582,1.4773911237716675,1.0
256,125.38323727719448,140375.4927315751,250.22778266995223,7132.878598349379,0.009999999776482582,20.872028350830078,0.5
257,136.1304571776047,103573.9575559559,682.2861515387578,7892.837959142548,0.009999999776482582,9.00547981262207,0.25
258,130.12682618921897,123542.50393595661,712.0427269380765,7468.3081169461,0.009999999776482582,7.262178897857666,0.75
259,137.90892577120093,60549.36778462821,607.7639558740233,8018.59735255819,0.009999999776482582,4.034648895263672,0.75
260,109.20110636406547,117847.74855187007,607.5369797937386,5988.604825320553,0.009999999776482582,2.7105820178985596,0.75
261,121.03947717366239,82440.37508138559,751.2056159498705,6825.721846900281,0.009999999776482582,3.070125102996826,0.75
262,127.27365873503838,78137.61078924351,719.2840628651998,7266.5544229854695,0.009999999776482582,3.4440395832061768,0.75
263,120.8343601724414,9728.537860303546,1149.2182375423774,6811.217576346575,0.009999999776482582,1.7882027626037598,1.0
264,134.6259712612116,95183.5719768059,619.1471109934579,7786.452478437832,0.009999999776482582,3.895029067993164,0.5
265,126.09289861306561,11442.14180052916,954.9537402176934,7183.060299308869,0.009999999776482582,2.8278636932373047,1.0
266,117.59285243736224,129133.50421245677,597.1334558121661,6582.0034940830465,0.009999999776482582,3.5978212356567383,0.75
267,131.57937406869578,24612.476965126774,761.8550807035068,7571.020945774189,0.009999999776482582,5.541481971740723,1.0
268,111.11814794961452,3903.0993707935577,1176.0904735516576,6124.163017250001,0.009999999776482582,1.6720099449157715,1.0
269,123.37324802141265,144224.36218938822,407.9900946452286,6990.747873922052,0.009999999776482582,6.395360946655273,0.25
270,129.7234726172281,82600.31631382345,897.621858470247,7439.786106083355,0.009999999776482582,3.298220157623291,0.75
271,109.42931305429147,40.45293775351108,547.1187707893811,6004.741818146601,0.009999999776482582,1.8104475736618042,1.0
272,130.005209333556,65241.580610895515,673.6546364814184,7459.708323813758,0.009999999776482582,3.665055751800537,0.5
273,116.35750989160638,175450.90460842743,465.1751202455834,6494.64972816658,0.009999999776482582,4.3702006340026855,0.75
274,125.41769674196027,122465.72171223965,481.25799168388346,7135.315302265309,0.009999999776482582,5.901908874511719,0.5
275,131.0489846609295,94138.92371959274,543.739090837569,7533.515953875573,0.009999999776482582,5.852630138397217,0.75
276,104.37622927681346,1923.5716324600116,1066.5214127855425,5647.427242549247,0.009999999776482582,4.128701686859131,1.0
277,105.607532744912,14863.408423384295,1254.7605118762858,5734.495396474604,0.009999999776482582,1.679830551147461,1.0
278,113.02590410269202,75774.63986773982,436.3242946835891,6259.064615996172,0.009999999776482582,2.5973830223083496,0.75
279,115.33944005362937,43496.01564253277,1080.5151710530379,6422.659789328324,0.009999999776482582,3.363567352294922,1.0
280,120.5355953029671,68975.1209325491,653.3563366819282,6790.091260765698,0.009999999776482582,10.23076343536377,0.5
281,128.83653469501294,164802.2892203722,642.4475707394951,7377.068791031103,0.009999999776482582,7.9440765380859375,0.5
282,132.60613002359943,118027.73025725753,719.0322615731205,7643.625098886323,0.009999999776482582,8.222028732299805,0.5
283,133.66714885790975,11539.570371490723,1190.0296916430227,7718.652054934854,0.009999999776482582,6.706113815307617,1.0
284,130.42637222797322,92463.22955148548,641.9961004449043,7489.489670710634,0.009999999776482582,2.91357684135437,0.75
285,118.35144041690803,117727.04203176635,592.0030259337668,6635.64490473465,0.009999999776482582,2.9731478691101074,0.75
286,110.85262265613525,33067.03149102685,642.1523630719519,6105.387144589275,0.009999999776482582,1.3540555238723755,1.0
287,121.12190177011416,42921.9932280634,488.2804039177298,6831.550269898375,0.009999999776482582,5.375471591949463,0.75
288,128.34786712397425,53939.534137715185,993.0449649430756,7342.514041210385,0.009999999776482582,3.893566370010376,0.75
289,122.55453876246321,103672.13380167173,597.4349469526733,6932.855156468405,0.009999999776482582,7.560866355895996,0.75
290,116.3939804865925,91.75328725901176,596.9657274035611,6497.228643487027,0.009999999776482582,1.0567342042922974,1.0
291,128.42026628952627,57066.478841921795,716.6202280931038,7347.6335441222745,0.009999999776482582,5.993431568145752,0.75
292,138.80232176936164,130634.76150191494,528.975382688034,8081.771332246786,0.009999999776482582,6.048266410827637,0.5
293,135.8335960484984,148752.02410508136,823.8530546694464,7871.846261195496,0.009999999776482582,3.5916526317596436,0.5
294,120.26523615994907,130664.46473107509,632.2141696310637,6770.9735760605845,0.009999999776482582,3.3011837005615234,0.75
295,119.05656775504187,221.72837025116837,1039.8557829268234,6685.505996824664,0.009999999776482582,4.490352630615234,1.0
296,142.4614818402563,182439.1283231066,408.96239640010583,8340.518522151298,0.009999999776482582,5.6364898681640625,0.25
297,141.8461750032911,95334.25091654182,827.714892173076,8297.008833613718,0.009999999776482582,5.937924385070801,0.5
298,133.51720912544923,101134.02641351675,773.0716743909821,7708.049489406829,0.009999999776482582,2.2003095149993896,0.75
299,128.6648548870134,94725.80092011149,503.3704242003339,7364.928937342667,0.009999999776482582,4.2993927001953125,0.75
300,119.07057394050693,73.43966898659838,533.4206045459315,6686.496404748928,0.009999999776482582,9.669462203979492,1.0
301,141.81813892125086,104184.21708458921,454.84759480880507,8295.026341100875,0.009999999776482582,14.785165786743164,0.5
302,142.26612620886004,247598.42207160956,473.58417986358825,8326.704499349216,0.009999999776482582,6.9640398025512695,0.5
303,142.56628245629406,128512.31558416027,536.8035159406131,8347.929202300473,0.009999999776482582,14.014954566955566,0.25
304,128.4289096272911,163594.6088015153,635.1020728321793,7348.244733388312,0.009999999776482582,3.219456672668457,0.5
305,122.76073585223833,65775.73866143257,886.6233438307097,6947.4358024396415,0.009999999776482582,3.9364380836486816,0.75
306,138.75315576349686,118965.48326186385,528.525956158248,8078.294696732115,0.009999999776482582,8.142363548278809,0.5
307,131.1962092590487,152044.38668317994,657.0393986231608,7543.926526332122,0.009999999776482582,11.238736152648926,0.75
308,123.05091495142754,886.3512661132995,980.0655933237662,6967.954999476537,0.009999999776482582,1.757331371307373,1.0
309,136.9668572686937,160112.90836578122,274.5790218309618,7951.981633923696,0.009999999776482582,11.407644271850586,0.75
310,130.74373798983933,108611.75387392302,618.2466347383308,7511.931295964454,0.009999999776482582,4.1319780349731445,0.75
311,140.4915055024698,89119.66233859154,817.4535328351609,8201.217198430848,0.009999999776482582,8.134879112243652,0.5
312,123.90440379327127,164607.12562808997,590.7954676031903,7028.307057097216,0.009999999776482582,4.340769290924072,0.75
313,118.90221205608545,145836.41635465174,340.1744294995564,6674.591168673689,0.009999999776482582,5.635246276855469,0.75
314,130.8653533713194,136029.33856659487,383.35998482933616,7520.5309848541065,0.009999999776482582,11.662126541137695,0.5
315,135.11193356937417,113.05179493430111,983.893081724608,7820.815933219911,0.009999999776482582,11.296142578125,1.0
316,141.00332380749876,204011.16496476933,385.24058116099746,8237.408987147966,0.009999999776482582,24.455106735229492,0.75
317,130.69077436462734,511.7210744720562,808.6660557283109,7508.186122502445,0.009999999776482582,4.0263895988464355,1.0
318,117.6575610510793,11100.682956054941,1387.1000203218998,6586.579181300197,0.009999999776482582,2.3261301517486572,1.0
319,129.81373430490834,35.492914816526444,458.99929489366156,7446.168706896329,0.009999999776482582,7.8660383224487305,1.0
320,118.57453136550544,62421.31085234557,720.7508685859399,6651.42015231178,0.009999999776482582,4.218060493469238,0.75
321,106.73956893374519,36815.1306458474,1056.9732311159328,5814.544144563173,0.009999999776482582,1.8200442790985107,0.75
322,123.67658172104512,27994.803278414194,897.0137289459971,7012.19726144886,0.009999999776482582,15.206819534301758,0.75
323,130.59723298986597,149380.24682998084,511.70969452804013,7501.57160786237,0.009999999776482582,6.484771251678467,0.25
324,141.3339970534394,119497.00052767356,573.4104586717564,8260.791613626732,0.009999999776482582,5.494874954223633,0.5
325,127.22901823105853,165325.17758530064,733.1957090606982,7263.397795580021,0.009999999776482582,2.8588719367980957,0.75
326,136.49351817568606,40346.44658627395,683.3161951308942,7918.510794218743,0.009999999776482582,4.324557304382324,0.5
327,134.01790745043408,132091.9691070466,431.0496283340212,7743.454960080336,0.009999999776482582,11.880366325378418,0.5
328,146.54360336253748,220620.50041882336,556.1902543819593,8629.174238838961,0.009999999776482582,10.297332763671875,0.0
329,148.1206726114106,236706.0366385327,643.1330846430753,8740.692245300748,0.009999999776482582,8.29016399383545,0.25
330,130.00377373318824,11144.244220316534,1223.8021648399736,7459.60680938045,0.009999999776482582,4.103373050689697,1.0
331,128.7787008413909,74912.86695809681,888.8052374759487,7372.979233095367,0.009999999776482582,3.0912158489227295,0.5
332,141.79440530144743,216559.02118661167,529.2372706102534,8293.348085077245,0.009999999776482582,14.156057357788086,0.25
333,143.08552035709096,191000.0710047109,462.586453482751,8384.645646817826,0.009999999776482582,8.457804679870605,0.5
334,138.17231759648936,68144.59906227712,1251.493951977044,8037.222363029661,0.009999999776482582,7.338199615478516,0.75
335,134.65374686671606,64605.83262195989,821.7200069812344,7788.4165520866845,0.009999999776482582,6.661111831665039,0.75
336,129.97725761568424,71040.14028978503,993.9613186666779,7457.731796875282,0.009999999776482582,7.034039497375488,0.75
337,124.09023326844226,10337.854062386767,1198.9384370580844,7041.447464614335,0.009999999776482582,11.23381233215332,1.0
338,117.25253488925863,130735.06089451021,386.4922403878143,6557.938897962364,0.009999999776482582,3.3205432891845703,0.75
339,113.44334276839336,1793.4146832094784,745.7543404168034,6288.582614557329,0.009999999776482582,3.04433536529541,1.0
340,130.2226961367349,71795.16715068312,430.28045628984216,7475.087290044688,0.009999999776482582,8.906045913696289,0.75
341,125.46737262782149,1.5315532979776454,1344.3960951368301,7138.827992506669,0.009999999776482582,7.703067779541016,1.0
342,118.13506090067841,152896.12520632238,447.51455341830183,6620.344237179098,0.009999999776482582,15.505386352539062,0.5
343,130.45873791728258,107000.09157238822,422.2624518691574,7491.778319197135,0.009999999776482582,13.344255447387695,0.5
344,140.0335932818412,192769.36942953395,503.07417817291855,8168.837226520624,0.009999999776482582,21.427143096923828,0.25
345,130.93378141990593,189282.75014070203,579.7463354702866,7525.36968142364,0.009999999776482582,14.117621421813965,0.5
346,117.5445171675223,377.5647865710642,740.9858586934353,6578.585601724676,0.009999999776482582,0.8502945899963379,1.0
347,125.64919965442066,165499.55462283723,414.3527884009747,7151.685378155207,0.009999999776482582,12.295812606811523,0.5
348,146.24212909613564,206706.8004677649,549.6505397174509,8607.856335891654,0.009999999776482582,10.778021812438965,0.0
349,139.90503476483997,43564.40299786917,553.4650073124662,8159.746573374033,0.009999999776482582,7.982613563537598,0.75
350,143.4657081451039,118539.7475359241,982.3756487079174,8411.529554566716,0.009999999776482582,11.727767944335938,0.25
351,145.80057243316884,218545.18345531923,741.1079871572082,8576.632901138131,0.009999999776482582,6.751712322235107,0.5
352,136.22169934493104,188398.50014486926,578.9316516953332,7899.289891809903,0.009999999776482582,5.746192932128906,0.25
353,140.39782499426298,126303.04363341618,723.9890618390327,8194.59284536137,0.009999999776482582,13.070985794067383,0.25
354,140.28454152866587,97899.31925568591,599.4830365223536,8186.582324417222,0.009999999776482582,6.269574165344238,0.75
355,138.26009606795296,294410.1520361904,445.45106774438284,8043.429370207614,0.009999999776482582,8.006175994873047,0.25
356,131.73400016055362,10090.201589509892,719.4133357377983,7581.954893996998,0.009999999776482582,4.264434814453125,1.0
357,133.36158851581018,72853.36341630103,832.9417058120777,7697.045216662487,0.009999999776482582,5.392906188964844,0.5
358,118.67719330344218,169.61408391127412,502.3529365011836,6658.679601867588,0.009999999776482582,3.274049758911133,1.0
359,121.38534391169358,47024.857625625744,594.8532773658476,6850.17883834453,0.009999999776482582,4.263614654541016,0.75
360,140.97799643096192,119621.81304963051,462.09243057080624,8235.618033109447,0.009999999776482582,11.612317085266113,0.25
361,127.74256948684935,35833.89836255603,1414.6756786514063,7299.7121250253895,0.009999999776482582,10.574254035949707,0.75
362,139.69980818012368,161195.70989881075,525.6250101750213,8145.234553932353,0.009999999776482582,8.790729522705078,0.5
363,128.30261228929885,1868.5524013616107,968.876224019903,7339.313973141488,0.009999999776482582,4.8095808029174805,1.0
364,105.77112278806487,7170.580350690626,1182.996298157233,5746.0632052454885,0.009999999776482582,1.4238624572753906,1.0
365,122.56802908030978,49854.35004505906,470.8156763492984,6933.809086268164,0.009999999776482582,9.817702293395996,0.75
366,126.73603583275143,80865.85026417003,889.6229209108711,7228.537934911733,0.009999999776482582,4.298405647277832,0.75
367,126.22233474450141,125392.41749807414,629.7537181039825,7192.213010486364,0.009999999776482582,3.401632785797119,0.75
368,118.99922382328003,100739.4671696155,1103.810803600642,6681.451082332273,0.009999999776482582,2.3007266521453857,0.75
369,111.43641677234763,5953.339320288918,741.4797127514953,6146.668499907466,0.009999999776482582,2.652496099472046,1.0
370,131.27918925662243,81054.63244830955,539.4168372665852,7549.794222954981,0.009999999776482582,4.86704683303833,0.5
371,121.8552589746092,169634.60830746155,356.53358060794534,6883.407557413246,0.009999999776482582,7.756534576416016,0.75
372,120.5498298915761,107179.29884683675,668.691045810936,6791.097819574458,0.009999999776482582,6.625361442565918,0.75
373,121.14906342262859,218480.1005056483,357.6161874200183,6833.470929592158,0.009999999776482582,16.887075424194336,0.5
374,135.9300216636933,120586.27605508614,534.8291987153508,7878.664726767677,0.009999999776482582,4.561771392822266,0.5
375,117.97272507191333,36684.85784665976,1125.9995785708209,6608.865116643243,0.009999999776482582,3.6229407787323,0.75
376,138.81282591470196,157902.67937489378,438.7834136463707,8082.514103275245,0.009999999776482582,8.941078186035156,0.5
377,142.67345701148315,101233.15693799793,1000.2154786263452,8355.50774886503,0.009999999776482582,5.351818084716797,0.5
378,131.31698784020105,108482.38565875664,819.6033306267337,7552.4670432453895,0.009999999776482582,7.966399192810059,0.75
379,136.0731180115036,41878.99545263718,711.2639420645164,7888.783381640421,0.009999999776482582,7.056275844573975,0.75
380,134.55599595672754,150389.21702379631,479.42360001795186,7781.504372028939,0.009999999776482582,7.3313212394714355,0.75
381,148.45000219438242,228335.27200755654,674.6502732519622,8763.979858440216,0.009999999776482582,11.0435209274292,0.0
382,134.81829867693952,20165.844634107794,1615.1626672413333,7800.052369504918,0.009999999776482582,7.296802043914795,1.0
383,143.83784564321408,191940.3105850623,427.1719536866299,8437.844208757442,0.009999999776482582,7.780175685882568,0.75
384,142.09112621575449,158453.00477871596,609.5949233654618,8314.329868130008,0.009999999776482582,10.099910736083984,0.5
385,128.96509915560122,169291.90232524733,633.1698336284026,7386.159864461698,0.009999999776482582,5.914963722229004,0.75
386,142.16589709319967,141991.8418782345,615.2294446524494,8319.617079962998,0.009999999776482582,9.126286506652832,0.5
387,134.53458344553104,40.94250487840225,807.3840637845464,7779.990246657664,0.009999999776482582,5.609984397888184,1.0
388,136.19287265002907,96768.77833817487,520.5549052432428,7897.251493337137,0.009999999776482582,17.036157608032227,0.75
389,135.08537049031395,66598.90982617646,677.9603774136751,7818.937599960671,0.009999999776482582,4.711069107055664,0.5
390,132.5428193396092,135471.05194388982,581.6480846830607,7639.148262329293,0.009999999776482582,6.227514266967773,0.75
391,145.91708794267845,167318.12473798616,820.2915994862605,8584.871966957005,0.009999999776482582,20.41860580444336,0.5
392,147.06556762619942,148711.9327558109,655.369214717021,8666.083470421194,0.009999999776482582,6.772670269012451,0.25
393,144.46851049634822,135664.49425083032,644.0539744262012,8482.439896116946,0.009999999776482582,5.800192356109619,0.5
394,120.67285827391461,425.90646930382076,912.2843055912193,6799.797424836824,0.009999999776482582,1.6122894287109375,1.0
395,102.26267033713478,34152.91353391723,746.7301142703495,5497.972879869314,0.009999999776482582,1.6841131448745728,0.75
396,116.41837592799796,124395.82118635572,243.1340673138114,6498.953698359687,0.009999999776482582,19.23062515258789,0.75
397,123.01261585605369,148555.11322608835,335.5216888794102,6965.246786905382,0.009999999776482582,7.551830768585205,0.5
398,137.66200985067437,112703.34249563074,325.49711988190387,8001.137389249367,0.009999999776482582,13.678695678710938,0.75
399,150.45247494708374,228821.77052605068,787.2296102947704,8905.579074539864,0.009999999776482582,11.641790390014648,0.0
400,138.56038776176334,209099.23193675178,727.3613437697611,8064.663650867575,0.009999999776482582,13.273359298706055,0.75
401,133.85711548669218,90712.96751529035,744.8241006937504,7732.08500960772,0.009999999776482582,6.310703754425049,0.75
402,126.3123004073926,58583.36054125216,803.8433513331587,7198.5746787408225,0.009999999776482582,4.614444732666016,0.75
403,139.79667073042282,211616.22794065444,363.3106348242793,8152.083916138789,0.009999999776482582,15.43288516998291,0.5
404,121.21054727170029,103816.4673935582,831.7985314473375,6837.81858666744,0.009999999776482582,4.49884033203125,0.75
405,119.06592039097566,41220.712390601395,675.7725719897871,6686.167342111337,0.009999999776482582,2.171987771987915,0.75
406,121.4451227666993,68988.20893283491,764.3944491471258,6854.405931570504,0.009999999776482582,6.615952968597412,0.5
407,146.72909877505074,178265.21991595082,568.5132998476422,8642.291024056902,0.009999999776482582,14.593111038208008,0.25
408,128.73058617247486,28002.78730230519,1288.1325698403082,7369.576939909497,0.009999999776482582,5.24838924407959,0.75
409,113.00527653134829,25614.73843685676,1187.101371375981,6257.605995433983,0.009999999776482582,2.321959972381592,0.75
410,110.15125054708749,22599.828409270074,564.0617710554737,6055.791592938772,0.009999999776482582,2.184515953063965,1.0
411,87.04075159569747,475.48473034216505,1279.3392505528127,4421.59780389765,0.009999999776482582,1.0436575412750244,1.0
412,101.36602515621833,42420.02599387195,349.0487845607347,5434.569143381003,0.009999999776482582,3.1198267936706543,0.5
413,135.91326946560676,71928.81159430061,387.63962501011696,7877.480142301395,0.009999999776482582,9.69607162475586,0.5
414,110.00450568724818,254853.64447165144,392.5604946366856,6045.41494382239,0.009999999776482582,6.360526084899902,0.75
415,120.58759151815899,46526.54083186639,865.9069590693806,6793.768026555089,0.009999999776482582,8.331427574157715,0.75
416,123.25145138317349,122197.28942026816,380.1175929559605,6982.135367971609,0.009999999776482582,12.451152801513672,0.5
417,132.04732425713934,94544.78980392829,1054.5914560544518,7604.110724283237,0.009999999776482582,12.314685821533203,0.5
418,123.89816298341037,124839.97627706612,568.4515257049194,7027.865755819615,0.009999999776482582,4.284115791320801,0.75
419,131.61640095584704,121174.93618005863,466.6097320962957,7573.639197727009,0.009999999776482582,4.713376998901367,0.75
420,125.02824476771173,166157.55794499014,564.4057348240295,7107.776303700828,0.009999999776482582,5.865993022918701,0.75
421,128.08625520420722,45447.22202317493,547.3542730531406,7324.014891740629,0.009999999776482582,8.937845230102539,0.75
422,133.7789502606704,106842.1510263659,598.3417283450581,7726.55777598319,0.009999999776482582,4.098804473876953,0.5
423,142.35433061304548,116093.96839364766,516.3481870390139,8332.941625158966,0.009999999776482582,7.327722549438477,0.5
424,134.95880059500647,74699.8796523176,964.7902110728404,7809.987566591589,0.009999999776482582,7.203096866607666,0.75
425,112.24080712696377,5002.353852218295,922.9195151407923,6203.548696403579,0.009999999776482582,1.0957584381103516,1.0
426,113.59954030497357,23226.069534344246,663.3307508169707,6299.627683064063,0.009999999776482582,2.2884299755096436,1.0
427,94.82756145164174,72.85221011203687,464.9071355620424,4972.2201132555765,0.009999999776482582,1.0866248607635498,1.0
428,68.03594684873057,122.37395983262473,824.6356868996711,3077.7266073147416,0.009999999776482582,0.5608104467391968,1.0
429,104.43625345144642,28944.15035249511,216.6099224007277,5651.671682861152,0.009999999776482582,2.9989631175994873,0.75
430,107.95987175406397,56714.52826142289,424.97444385515126,5900.8344186896165,0.009999999776482582,3.0454368591308594,0.75
431,123.55940497067161,114031.05245183063,375.05862064483904,7003.911437846211,0.009999999776482582,9.001641273498535,0.75
432,134.6165983321008,69999.64376708104,795.2983219268436,7785.789698176351,0.009999999776482582,5.945652961730957,0.75
433,118.8371962648724,99042.23959123147,761.7940890347464,6669.993760265787,0.009999999776482582,6.579954147338867,0.5
434,142.83969975931936,143312.86754557447,621.5282129508395,8367.263136170102,0.009999999776482582,8.627979278564453,0.25
435,120.40346607466968,127643.40608798387,490.75999729557026,6780.748114834984,0.009999999776482582,4.432792663574219,0.75
436,125.48742829480456,97217.8169159448,730.6263324867678,7140.246172464087,0.009999999776482582,5.5919671058654785,0.5
437,131.8136242883684,98892.42146825687,796.7619282747851,7587.585289749441,0.009999999776482582,11.020273208618164,0.5
438,142.10505755232438,103377.94704620319,589.8599005941415,8315.314983325638,0.009999999776482582,7.307028293609619,0.5
439,124.4673647716078,289920.211483308,528.9380897162958,7068.1152557953565,0.009999999776482582,5.584467887878418,0.5
440,129.98048155866942,72384.79833296676,531.2145966924784,7457.959768915769,0.009999999776482582,8.387195587158203,0.75
441,110.00286127156751,58521.74001270216,1388.1278832372316,6045.29866360284,0.009999999776482582,1.2552847862243652,0.75
442,125.64034631212189,96201.55038875453,489.1799913710913,7151.059339010518,0.009999999776482582,19.18381118774414,0.5
443,125.93044060120347,153130.2316348293,493.3528947531905,7171.572538939717,0.009999999776482582,5.674570560455322,0.5
444,145.73795763031092,203651.03522027476,722.9210156690552,8572.20527185381,0.009999999776482582,9.005678176879883,0.25
445,149.5418334324756,186228.72950001358,600.1518760364537,8841.185626767674,0.009999999776482582,15.672961235046387,0.25
446,140.9514505352226,609.1760888374408,1050.1155870949133,8233.740914920307,0.009999999776482582,6.1200785636901855,1.0
447,132.83045463753768,74264.18954517588,557.7113151952207,7659.487581630552,0.009999999776482582,5.200011253356934,0.75
448,123.76005787965047,18770.117504061815,1411.0425759250072,7018.100042700481,0.009999999776482582,5.513887405395508,0.75
449,121.37816346516738,6418.145900254474,707.6373624568694,6849.671093308806,0.009999999776482582,4.057610511779785,1.0
450,128.44764146606985,127392.3437380052,300.38411666569215,7349.569302565895,0.009999999776482582,7.157230377197266,0.75
451,144.23428977779483,137971.05248463215,381.460784581443,8465.877638230184,0.009999999776482582,13.271895408630371,0.75
452,138.15593670695395,57155.504774438,778.5287112560177,8036.064034600922,0.009999999776482582,7.908952236175537,0.75
453,130.39884309738164,182986.93506913626,470.1757325830125,7487.543025840478,0.009999999776482582,5.084622383117676,0.5
454,97.09595300519011,31.11147940945214,705.6466668388997,5132.623027780238,0.009999999776482582,1.0197457075119019,1.0
455,120.93348674029514,63151.886385253274,303.43788917013177,6818.22703217253,0.009999999776482582,5.25615930557251,0.75
456,123.5798488780794,0.1935771150375111,893.6881884106289,7005.357071130884,0.009999999776482582,11.394601821899414,1.0
457,118.6271379635415,20484.153826079266,598.6947520986542,6655.140079603438,0.009999999776482582,11.454935073852539,1.0
458,106.34656315174324,113214.15242624792,450.2718298044825,5786.75384850095,0.009999999776482582,3.529581069946289,0.75
459,119.51346103216783,84866.0113451379,344.07196370072546,6717.813917017315,0.009999999776482582,3.759819507598877,0.75
460,122.28676896724872,30733.620507713076,1104.1655965712282,6913.920570194316,0.009999999776482582,2.280031681060791,0.75
461,119.64626654680131,89.42643429258625,925.0664022168448,6727.204884629957,0.009999999776482582,3.182830333709717,1.0
462,122.61251278637387,771.3623739981152,1307.74180678348,6936.954626150984,0.009999999776482582,2.463832378387451,1.0
463,127.44885274805478,139724.20554914905,556.5090183992062,7278.942773775766,0.009999999776482582,7.754857063293457,0.5
464,126.27300695912228,91786.2957804743,679.4615686153983,7195.796153307493,0.009999999776482582,7.730841636657715,0.75
465,139.73309269960507,167399.71217176973,568.0950674641143,8147.588174904454,0.009999999776482582,8.547621726989746,0.5
466,124.36266531211969,149919.8604824662,535.6993354875691,7060.711728646446,0.009999999776482582,8.366580963134766,0.5
467,132.14822221817943,116351.27577107171,734.4534119427934,7611.245439185129,0.009999999776482582,3.6692442893981934,0.5
468,145.45631235260913,117949.22600805212,734.2396663315203,8552.2895199481,0.009999999776482582,8.694713592529297,0.25
469,130.78160993738447,170258.35861401944,606.2682880203084,7514.609303980955,0.009999999776482582,11.303704261779785,0.75
470,126.99871982188313,59470.78014085565,849.807087658303,7247.112892744644,0.009999999776482582,8.694378852844238,0.75
471,129.68539572881474,88312.50464874432,727.9067410803863,7437.093606251047,0.009999999776482582,21.018896102905273,0.5
472,129.23411478213112,94911.49544077396,423.89262660870577,7405.182546185483,0.009999999776482582,22.500301361083984,0.75
473,122.10246116702393,110821.36962499014,474.67075213582757,6900.887763631693,0.009999999776482582,4.874821662902832,0.75
474,140.51781711334027,119684.71974109157,475.503033997994,8203.077749825894,0.009999999776482582,12.153104782104492,0.5
475,128.69612933610404,89240.1479746529,649.8949677337191,7367.140421853109,0.009999999776482582,2.4328012466430664,0.75
476,139.9027988855142,209408.9885518736,791.7524550994076,8159.588469470049,0.009999999776482582,12.673263549804688,0.25
477,134.5358249101309,157.8731308668491,789.9565939387932,7780.078033327381,0.009999999776482582,6.740194320678711,1.0
478,130.6755830274471,36573.950826634245,1242.5670265382166,7507.111909915368,0.009999999776482582,6.61402702331543,0.75
479,121.99111688408551,164321.04088846306,462.0325817992936,6893.014366523047,0.009999999776482582,8.344156265258789,0.75
480,128.57960249436334,86115.1137257942,503.26906392189017,7358.900554707456,0.009999999776482582,12.428600311279297,0.75
481,123.6426032515626,77.97777191259675,515.5696181404976,7009.794569758548,0.009999999776482582,5.049790382385254,1.0
482,125.49175632364498,68657.18239487572,685.4279494659879,7140.55221682361,0.009999999776482582,5.6277923583984375,0.5
483,120.62056325451583,102406.15472242473,564.4267079270384,6796.0995299502165,0.009999999776482582,10.636689186096191,0.75
484,142.54863830750293,174773.87726578498,429.4353900605964,8346.681546054364,0.009999999776482582,20.669384002685547,0.5
485,146.79438590578204,98990.45346358119,564.4983781663939,8646.90761947398,0.009999999776482582,10.781564712524414,0.75
486,133.89598456909832,126033.668883789,625.5102098750757,7734.833527205174,0.009999999776482582,5.526123046875,0.75
487,135.3289392519711,108676.67621162086,655.4486422859414,7836.160878365077,0.009999999776482582,7.521483421325684,0.5
488,136.25002891317112,66560.26467842051,699.2792127652971,7901.293137372084,0.009999999776482582,6.843926429748535,0.75
489,136.33901452936794,186071.8560403176,549.4371684127053,7907.585504387124,0.009999999776482582,13.338493347167969,0.25
490,135.00366024556624,110913.60403576276,744.2175149556258,7813.159690329701,0.009999999776482582,6.937649726867676,0.75
491,131.83531558510356,32818.43332328004,1242.376816175425,7589.119128654234,0.009999999776482582,11.412202835083008,0.75
492,124.45851652340816,40492.41171136542,992.4520745473505,7067.489576865525,0.009999999776482582,6.114564418792725,0.75
493,120.65958341396895,95551.5039806332,1054.5735374582184,6798.858730535188,0.009999999776482582,4.051754951477051,0.75
494,126.60376815604756,69266.55207050066,646.090895148289,7219.184998992219,0.009999999776482582,12.750642776489258,0.75
495,138.69259976581384,145733.6860855545,518.4637661238506,8074.012650052338,0.009999999776482582,8.178393363952637,0.5
496,128.55197129928462,84039.21810795358,679.6153427456327,7356.946692634792,0.009999999776482582,29.21146583557129,0.75
497,125.73134063718005,606.1072649775682,980.8568100464901,7157.493746210501,0.009999999776482582,3.9004712104797363,1.0
498,125.86299284738013,48845.1175501622,770.799495599479,7166.803161151089,0.009999999776482582,6.746044158935547,0.75
499,128.32221058084764,51662.602696986934,612.6746557088856,7340.69981108433,0.009999999776482582,7.914067268371582,0.75
500,134.09684840249605,59994.036900511055,1006.088445083841,7749.037046985167,0.009999999776482582,11.77568244934082,0.75
501,134.00726629575217,114441.86085605777,810.1817071582782,7742.70250082249,0.009999999776482582,2.29768705368042,0.5
502,133.34996780643462,90293.6028759498,494.5926314147761,7696.223490955667,0.009999999776482582,7.689174652099609,0.75
503,133.23812623266465,114861.1011510558,638.7149490818701,7688.314929327643,0.009999999776482582,5.095782279968262,0.75
504,148.23537959874926,105341.81178675614,587.7515528218322,8748.803426572202,0.009999999776482582,9.050270080566406,0.75
505,128.65736192686498,124217.15848950853,583.579474899683,7364.399093787067,0.009999999776482582,4.824522018432617,0.75
506,135.29868635385196,53763.98966040908,954.5609297390879,7834.021629952018,0.009999999776482582,10.3043212890625,0.75
507,120.11389425858754,52740.308625060556,603.5283347544012,6760.271860111183,0.009999999776482582,8.76307487487793,0.75
508,132.58285673843255,78744.20466481401,864.9465820994943,7641.979394128918,0.009999999776482582,9.431913375854492,0.75
509,134.7459404363505,50592.386118858914,1003.839872197104,7794.935760486427,0.009999999776482582,5.533984661102295,0.75
510,148.45967659336762,243443.2045334496,570.3035645205824,8764.663956294076,0.009999999776482582,18.71990394592285,0.0
511,130.67741761579768,68692.91714858936,1141.9452930934026,7507.241637659208,0.009999999776482582,3.9882779121398926,0.5
512,129.76889895305803,71532.70721139283,894.0006485113377,7442.9983013729625,0.009999999776482582,5.617374897003174,0.5
513,117.79495443644834,101598.281956935,631.6321607169718,6596.294567259527,0.009999999776482582,3.160306930541992,0.75
514,143.11461539096567,60758.62303114465,707.0714457004655,8386.703020124649,0.009999999776482582,6.397462844848633,0.5
515,122.27680372962149,526.8218327257106,747.156121578862,6913.215906505705,0.009999999776482582,11.981189727783203,1.0
516,126.31789471234478,84908.02628378871,525.0333394887255,7198.970264246184,0.009999999776482582,16.245323181152344,0.75
517,127.5409737693503,123356.12919559558,575.254298915227,7285.456852124223,0.009999999776482582,7.659084320068359,0.75
518,139.2418501650325,190581.95375046748,374.89209155827984,8112.851343795794,0.009999999776482582,11.96765422821045,0.5
519,121.66576985176727,3707.2077873941475,1002.6988869221991,6870.00836822696,0.009999999776482582,3.06972599029541,1.0
520,137.3338300613896,95110.83667836057,766.5244469569644,7977.931080529418,0.009999999776482582,13.01702880859375,0.75
521,131.6684773958415,677.3279450364771,842.0186011991748,7577.321636387175,0.009999999776482582,9.530200958251953,1.0
522,126.95109376896289,0.2254160103254735,480.25393178451105,7243.745150661598,0.009999999776482582,4.921742916107178,1.0
523,137.960954313268,294574.7873654282,366.0303526485842,8022.276404251435,0.009999999776482582,27.67262840270996,0.5
524,127.1840907031238,24680.469556180808,1172.3583830693597,7260.220872084672,0.009999999776482582,2.6215758323669434,0.75
525,125.29245201022121,180432.96565001158,432.76983865863684,7126.458974102572,0.009999999776482582,9.335817337036133,0.5
526,125.92129797802687,94.13133436346695,818.5208725425307,7170.926044113181,0.009999999776482582,5.302343368530273,1.0
527,121.98585703716519,98485.12504553262,693.6451185552403,6892.642431274631,0.009999999776482582,2.481926202774048,0.75
528,129.6970364052943,110552.14779609402,520.2711397133946,7437.916743875344,0.009999999776482582,5.072105407714844,0.5
529,133.82317797842006,87504.17195929009,743.8428891761239,7729.68521437394,0.009999999776482582,14.29401683807373,0.75
530,130.73080908000708,66935.43247764776,803.4700786799405,7511.017064549918,0.009999999776482582,4.781827926635742,0.75
531,139.3673127047275,174441.42483333894,606.8853533197238,8121.723073634174,0.009999999776482582,11.191787719726562,0.75
532,138.29722260011368,101280.09639909514,720.0005271288153,8046.054668276396,0.009999999776482582,10.130535125732422,0.5
533,136.826215567557,576.4819914419412,974.8123563412768,7942.03655247127,0.009999999776482582,11.020511627197266,1.0
534,130.74596810848422,493.4041364907975,997.5967180949234,7512.088992518127,0.009999999776482582,3.2032275199890137,1.0
535,134.07607443805955,144804.7448946471,623.5514387566704,7747.568074648078,0.009999999776482582,17.0459041595459,0.5
536,144.2879565276758,181420.07221681776,513.8156758443346,8469.672531171178,0.009999999776482582,12.435504913330078,0.25
537,136.06462688649873,28610.739476716946,1047.4247482971314,7888.182955670643,0.009999999776482582,5.42648983001709,1.0
538,144.17707598648326,148303.73389701883,652.4475163497693,8461.83192625289,0.009999999776482582,11.471195220947266,0.25
539,143.9327248314577,216593.20285512292,809.0930061085011,8444.553323106862,0.009999999776482582,5.165103912353516,0.25
540,142.39944428853835,163891.7144922096,735.3972110407493,8336.131711554173,0.009999999776482582,8.293122291564941,0.5
541,135.903768058897,110411.07874117153,611.9486445577106,7876.8082771086565,0.009999999776482582,12.933206558227539,0.75
542,142.03774836250022,64954.32765719795,931.2446112433215,8310.555403699625,0.009999999776482582,11.525599479675293,0.75
543,140.8735974943519,202024.58064285267,620.8770251415973,8228.235756588743,0.009999999776482582,11.001596450805664,0.5
544,135.4122075734185,187964.46539828918,564.1572288194791,7842.04896299793,0.009999999776482582,4.886654376983643,0.5
545,138.52922769378833,124196.16851734105,605.9513554943182,8062.460254495304,0.009999999776482582,6.978009223937988,0.25
546,142.97202075802323,74891.99029125622,894.3325717087454,8376.619842604541,0.009999999776482582,8.86520767211914,0.75
547,135.1189506444399,40792.16317483613,555.0189022448209,7821.312125903321,0.009999999776482582,6.467244625091553,0.75
548,104.7835453947028,113.08382683955544,536.4231450398912,5676.229453675505,0.009999999776482582,1.624891757965088,1.0
549,141.12845283107515,93148.72873487657,496.4130847605864,8246.25713333414,0.009999999776482582,11.798014640808105,0.5
550,145.26554491574908,77646.61520945872,903.2024078007225,8538.799938389358,0.009999999776482582,11.788860321044922,0.5
551,118.7319174418209,0.009243503453978983,617.6469459895227,6662.549265055613,0.009999999776482582,4.295393466949463,1.0
552,133.5668910156678,141605.78556602358,415.9393670416794,7711.562604229395,0.009999999776482582,14.7581787109375,0.5
553,149.11916833500152,291977.8075094443,596.6520774249154,8811.29805581607,0.009999999776482582,11.762983322143555,0.25
554,140.9827939599841,89984.15216781176,678.0085061901323,8235.957276850884,0.009999999776482582,10.787835121154785,0.5
555,136.84886627232885,154224.8189390647,639.736308465899,7943.6382332109815,0.009999999776482582,5.180773735046387,0.5
556,140.16976440387674,98368.50027168108,927.4623066386185,8178.466183573663,0.009999999776482582,8.948551177978516,0.75
557,131.42304185406675,117146.32962847353,919.5450441946708,7559.966353888866,0.009999999776482582,5.269861698150635,0.75
558,118.84233905711754,12652.959690624275,1048.6474475166888,6670.357418322802,0.009999999776482582,2.7009716033935547,1.0
559,134.0673212384899,55094.32283389701,627.7560657844331,7746.949116814194,0.009999999776482582,7.569908142089844,0.75
560,141.01371067850587,41166.531112058954,577.0704481533855,8238.14346545253,0.009999999776482582,12.120819091796875,0.75
561,140.56173025508187,85319.07995024574,739.5609395484352,8206.182943860966,0.009999999776482582,32.15701675415039,0.5
562,145.54687587842466,105322.05663532113,751.6289392686806,8558.693464393986,0.009999999776482582,11.594404220581055,0.5
563,131.1366492888794,24489.64702457312,1002.0763339313278,7539.714910930358,0.009999999776482582,2.9872636795043945,1.0
564,128.5557261459506,220868.75936518487,521.1431854056221,7357.212206032545,0.009999999776482582,10.565526962280273,0.75
565,136.11237792975538,57991.11999772034,1189.1899523376767,7891.559536093005,0.009999999776482582,7.190066814422607,0.75
566,128.17841162424116,93811.10837693243,639.6001361629147,7330.531473211089,0.009999999776482582,8.062822341918945,0.75
567,125.3495773920234,70285.10784002898,1050.7236848486302,7130.498434450621,0.009999999776482582,16.442245483398438,0.75
568,118.13566909158233,101073.95299146083,539.4855010207995,6620.387243684488,0.009999999776482582,5.088856220245361,0.75
569,129.4909439126163,149.0168946329454,680.0946690107437,7423.343494192989,0.009999999776482582,8.468883514404297,1.0
570,123.23932982962982,491.7769472534904,564.9458513600925,6981.27822648123,0.009999999776482582,2.9936883449554443,1.0
571,131.7621086661974,164684.57540713027,474.40375044917755,7583.942507740817,0.009999999776482582,10.77202033996582,0.25
572,115.939179094448,54829.55455240226,1024.3004452133478,6465.0686450441935,0.009999999776482582,4.8262858390808105,0.75
573,132.6137391027739,249849.514980775,345.3374616157971,7644.163153471532,0.009999999776482582,25.511640548706055,0.75
574,128.00443781995804,429.4505986405681,889.2153052640851,7318.22940604182,0.009999999776482582,3.7946135997772217,1.0
575,139.22424715440587,54418.56055494629,708.3296790337837,8111.606596519027,0.009999999776482582,6.029745101928711,0.75
576,126.19088224613071,58261.817111893295,621.2046532254733,7189.98893572297,0.009999999776482582,12.144929885864258,0.75
577,131.25813401880296,122019.3363515477,591.4888574684843,7548.305361163476,0.009999999776482582,6.544739723205566,0.75
578,122.72151719774772,75637.39339665689,472.9102357170182,6944.662565837614,0.009999999776482582,9.502664566040039,0.75
579,133.362145003707,111657.26912118065,471.16359770049604,7697.084567135474,0.009999999776482582,9.880356788635254,0.75
580,132.82067262344808,165172.02314386913,365.1708792559048,7658.7958740779295,0.009999999776482582,8.462857246398926,0.75
581,129.46425310327092,101219.97502990771,665.988018408867,7421.456128846683,0.009999999776482582,6.621841907501221,0.75
582,131.39561928647527,63687.48876133997,571.9278773539211,7558.0272443208805,0.009999999776482582,12.04572868347168,0.75
583,141.16680538530227,147770.30718731458,567.1468000924195,8248.969126097414,0.009999999776482582,12.081040382385254,0.75
584,137.68597366977903,238611.2260977128,404.9583969588589,8002.8319231676915,0.009999999776482582,4.374197006225586,0.75
585,129.56982785566404,149363.94151824305,501.43486195080504,7428.921549866077,0.009999999776482582,9.006608009338379,0.75
586,117.36361999348564,0.03775554314628358,649.6567598415874,6565.793967979009,0.009999999776482582,5.448199272155762,1.0
587,134.26274198928135,120886.7763629381,417.5499276343841,7760.7677443507455,0.009999999776482582,8.101444244384766,0.5
588,142.10227258685094,130375.50534275029,510.17158259922763,8315.118052342496,0.009999999776482582,6.365564823150635,0.5
589,106.6893978118404,398.16809474500036,648.7321647627213,5810.996435100973,0.009999999776482582,0.7035383582115173,1.0
590,128.60379148099275,138711.64282141632,364.187075654497,7360.611010712587,0.009999999776482582,18.02054786682129,0.75
591,140.0659677207289,108978.46792594131,487.54079189616994,8171.1264937088945,0.009999999776482582,18.237817764282227,0.75
592,134.37540281412828,109609.42221915493,468.4004989781343,7768.7342370093575,0.009999999776482582,8.092588424682617,0.75
593,137.44157150972012,113708.41963586478,613.28479545948,7985.549713344503,0.009999999776482582,6.157817840576172,0.75
594,137.4897629050297,2998.7191906029007,777.9343884560598,7988.957432021013,0.009999999776482582,6.124650001525879,1.0
595,142.2093174110779,139339.95081510342,571.2188378533489,8322.687425347754,0.009999999776482582,13.750267028808594,0.5
596,135.5759759415874,182728.14875650796,451.654790954159,7853.629381519656,0.009999999776482582,23.07167625427246,0.75
597,137.25760886245448,252.14882761260233,815.7519127681982,7972.541313300461,0.009999999776482582,9.195937156677246,1.0
598,128.93059065224554,55956.58534449148,1251.6360919205122,7383.719692920115,0.009999999776482582,5.049455642700195,0.75
599,126.81369179259154,71.21994219056367,549.3258224899431,7234.029157213756,0.009999999776482582,21.02311134338379,1.0
600,133.90872362516157,93465.44277916005,710.9313505767562,7735.734333645598,0.009999999776482582,8.315722465515137,0.75
601,119.41981077550126,5988.982972194509,1150.622345672473,6711.191703100233,0.009999999776482582,6.2135162353515625,1.0
602,142.37020351219394,202063.7069877047,485.1951657795913,8334.064032479426,0.009999999776482582,16.30029296875,0.25
603,131.82382375286258,173910.8486097423,494.79926643779885,7588.306516130705,0.009999999776482582,5.656230926513672,0.75
604,136.0334119408061,203168.25939965286,562.0347392853871,7885.975678775262,0.009999999776482582,10.815080642700195,0.5
605,133.787742988261,114112.8494008896,832.9228946500361,7727.179528929653,0.009999999776482582,6.176675319671631,0.5
606,133.61371491697363,142267.63232672823,543.627361575449,7714.873624422148,0.009999999776482582,8.270832061767578,0.75
607,134.0238722724945,238923.39117108478,576.455088299982,7743.876745658586,0.009999999776482582,8.162005424499512,0.5
608,131.25498372379843,182952.5835636501,402.53386002847924,7548.0825969323405,0.009999999776482582,12.748492240905762,0.75
609,141.71180319199624,124839.0928022595,649.6059097804056,8287.507109747774,0.009999999776482582,7.85737419128418,0.25
610,141.92595187573207,122369.67712453345,778.9314192417651,8302.650030271841,0.009999999776482582,11.747657775878906,0.5
611,134.64116175609746,199407.19674202608,472.34351712101693,7787.526631464435,0.009999999776482582,5.780185222625732,0.5
612,139.33962504750528,83679.78516636188,960.2549516607211,8119.76521900019,0.009999999776482582,6.152448654174805,0.5
613,149.4765861541916,150651.78619116865,709.8377456740103,8836.571849404067,0.009999999776482582,12.155994415283203,0.5
614,147.66586893792237,251631.29083130317,817.8670658902086,8708.532085539122,0.009999999776482582,26.250911712646484,0.25
615,144.8212792341179,329552.2955263581,369.219026374009,8507.384943017218,0.009999999776482582,21.341968536376953,0.75
616,130.21794010621807,1.509666810114391,697.9368749215296,7474.750980753079,0.009999999776482582,18.766799926757812,1.0
617,134.96568946035725,139729.5097790259,533.256708075725,7810.474693286407,0.009999999776482582,5.887170791625977,0.75
618,129.93725041186136,6599.929451336151,971.3934999696672,7454.902800230001,0.009999999776482582,7.2318572998046875,1.0
619,130.88813381504283,96732.61153229217,632.4301260379567,7522.141839718069,0.009999999776482582,7.0743303298950195,0.5
620,125.62090319837856,178086.99757640075,498.93154842197157,7149.684474028771,0.009999999776482582,8.17310905456543,0.75
621,131.28217926822478,46368.44754020174,971.7493176154792,7550.00565319714,0.009999999776482582,14.768688201904297,0.75
622,135.13793733270396,142681.29116002822,374.9759379174757,7822.654716043882,0.009999999776482582,14.561640739440918,0.75
623,146.04034610560282,148620.05087604068,505.106954168919,8593.58782050579,0.009999999776482582,14.277615547180176,0.5
624,140.20870810747246,194472.68610274149,802.3556579551911,8181.219977798195,0.009999999776482582,7.8435444831848145,0.5
625,141.51671859749953,203867.11662948548,556.8987444834048,8273.71225255604,0.009999999776482582,7.778594017028809,0.25
626,123.75886266693979,3860.069061288582,860.435742467928,7018.015526602733,0.009999999776482582,2.9481098651885986,1.0
627,127.01058009055343,111880.80312466527,429.2733642667497,7247.9515582117165,0.009999999776482582,7.958179473876953,0.5
628,124.38795872037217,47.12873941670878,715.2129121419995,7062.500280713489,0.009999999776482582,3.5946154594421387,1.0
629,133.5560313018557,117.03033788512035,545.8290833718128,7710.794690178737,0.009999999776482582,4.8561577796936035,1.0
630,111.22280844644274,135940.2650729456,669.8729212752089,6131.5637892642435,0.009999999776482582,4.351937294006348,0.75
631,124.20818096998472,44486.49270700488,537.3526366328434,7049.787803855724,0.009999999776482582,4.224562644958496,0.75
632,104.7375894965486,2517.3038835066254,951.0604975610966,5672.979811878876,0.009999999776482582,2.7279679775238037,1.0
633,122.33101435664786,138284.70820933388,357.7855651322597,6917.049258185944,0.009999999776482582,11.926655769348145,0.75
634,124.2342568793855,18.384350764010208,477.38489648641087,7051.631688285739,0.009999999776482582,11.115099906921387,1.0
635,116.46609611957405,4.422242233938284,601.6849633116998,6502.328097192424,0.009999999776482582,8.304162979125977,1.0
636,122.0375181903472,43873.9139508322,461.4451611883899,6896.2955040984725,0.009999999776482582,7.611114501953125,0.75
637,130.46092868820665,141050.20659964587,521.3063215612322,7491.933233387645,0.009999999776482582,17.780733108520508,0.75
638,144.68943522088068,162760.09931397007,601.5000442642354,8498.061965265517,0.009999999776482582,10.68851089477539,0.5
639,141.32897058574537,63152.62331255202,829.249051855604,8260.436181132449,0.009999999776482582,12.359134674072266,0.5
640,133.28006274912062,13.771251707354477,882.8959761078727,7691.28035187739,0.009999999776482582,8.953937530517578,1.0
641,145.54400463498877,143711.84967753603,551.6326606331564,8558.490432507933,0.009999999776482582,18.056806564331055,0.25
642,150.8996925884431,191226.71438275522,704.3606724369199,8937.202809423143,0.009999999776482582,9.7003812789917,0.0
643,141.38276135518072,83534.20653872602,600.7636262096651,8264.239843766645,0.009999999776482582,9.864128112792969,0.75
644,136.23536993320357,179.80531270022183,1019.818703048017,7900.256568924685,0.009999999776482582,7.304326057434082,1.0
645,115.81910250850294,45579.294111805146,686.1073794487975,6456.577767743214,0.009999999776482582,8.02254581451416,0.75
646,130.49573548609456,94387.48849951534,565.7661078114617,7494.394497986235,0.009999999776482582,7.087738037109375,0.5
647,118.70420521935947,1906.6186236946426,1144.9158937169675,6660.589673359985,0.009999999776482582,6.347738265991211,1.0
648,118.03919433156165,237.4530182715282,555.2400318524406,6613.565302974483,0.009999999776482582,8.505101203918457,1.0
649,143.2755785290732,115640.24251598894,420.88606547277124,8398.08507471002,0.009999999776482582,9.960050582885742,0.5
650,130.48925510334863,177163.16700810834,715.1325326441984,7493.936255987381,0.009999999776482582,14.025885581970215,0.5
651,139.31286377129823,133840.84382769605,559.5611690138666,8117.872870788394,0.009999999776482582,23.12331771850586,0.5
652,139.25962629124146,11427.151822570058,1098.9404621204985,8114.108332452984,0.009999999776482582,8.728645324707031,1.0
653,148.9213680378377,202089.89623752472,670.9282614407608,8797.311165365307,0.009999999776482582,14.572538375854492,0.25
654,137.99365874355306,107677.06428304978,1011.3636590064928,8024.589005851185,0.009999999776482582,5.67031192779541,0.75
655,133.7789667173478,101826.5646271888,660.68702912261,7726.558939670744,0.009999999776482582,8.198514938354492,0.75
656,146.4971180297109,281405.4893506278,343.4529956174345,8625.887159561855,0.009999999776482582,29.1420955657959,0.5
657,147.9045052625962,100552.56890773715,727.5392412948634,8725.406580565901,0.009999999776482582,9.70584487915039,0.5
658,151.67370779553718,251917.82412643556,663.5155410962843,8991.935112984269,0.009999999776482582,17.038434982299805,0.25
659,136.427575588564,88.15570453921174,659.7149400571019,7913.8478500506035,0.009999999776482582,8.299196243286133,1.0
660,133.98712615477797,119716.80937292923,643.7704988451326,7741.278347524905,0.009999999776482582,8.281285285949707,0.5
661,143.26035199034098,124076.6209809805,685.858865234049,8397.008372944423,0.009999999776482582,11.948592185974121,0.75
662,127.97560299699434,70.4835747632951,906.6696510061947,7316.190432816079,0.009999999776482582,13.762168884277344,1.0
663,112.4940131093811,29.006562450474565,1043.5884894472458,6221.453443708463,0.009999999776482582,12.958105087280273,1.0
664,114.1402487937268,20903.703157816286,913.269081200668,6337.862359687051,0.009999999776482582,3.5424489974975586,0.75
665,105.93608413976692,1654.5172141247974,843.7972762994334,5757.727982234956,0.009999999776482582,2.7065300941467285,1.0
666,140.5259778976602,125896.69626386574,361.1702450692826,8203.654816685306,0.009999999776482582,10.21264934539795,0.0
667,138.36724774553892,147910.3575044641,1056.1020663283145,8051.006299046953,0.009999999776482582,6.674214839935303,0.75
668,133.53778497581067,1453.4542314290825,1182.052031575042,7709.5044526655465,0.009999999776482582,17.053707122802734,1.0
669,136.89939012039824,154077.3097036843,559.5425035651629,7947.210884709641,0.009999999776482582,17.540496826171875,0.5
670,140.66665136978818,233274.00630934458,651.3656618469105,8213.602144733824,0.009999999776482582,13.947725296020508,0.25
671,138.72183106342175,162258.80384623117,815.7944324841892,8076.079658864953,0.009999999776482582,5.253698348999023,0.5
672,138.66524995779722,68895.91627519547,733.3642512572055,8072.078685472592,0.009999999776482582,16.13483428955078,0.25
673,126.20504726879044,237500.39966559826,734.2616373382796,7190.990575371721,0.009999999776482582,14.775650978088379,0.5
674,127.22713454120554,69930.83907236868,672.6436692853537,7263.264595761849,0.009999999776482582,11.620232582092285,0.75
675,138.52515330152113,51247.18337456919,549.3928712344564,8062.172145331102,0.009999999776482582,12.73119831085205,0.75
676,145.8948742828957,210841.4674674587,605.2330551697883,8583.301190621749,0.009999999776482582,12.317848205566406,0.5
677,137.57412662620538,123326.65624828156,556.8589835186591,7994.922974757918,0.009999999776482582,20.25708770751953,0.75
678,105.26677513527609,59.511219618525395,880.4471320937354,5710.399682643119,0.009999999776482582,16.238494873046875,1.0
679,133.40691550350869,224267.48083585847,322.73713209586697,7700.250386829027,0.009999999776482582,21.610748291015625,0.5
680,135.03960845457308,5134.793064537185,674.0809485319984,7815.701666598137,0.009999999776482582,7.553223133087158,1.0
681,119.55899196287608,53702.93014334615,788.6973570880481,6721.033508438911,0.009999999776482582,3.180844306945801,0.75
682,145.31006136211818,134999.99478516506,607.5306038351379,8541.94779341056,0.009999999776482582,15.574716567993164,0.5
683,142.48962568197908,191137.540786516,747.7419150940984,8342.508634586336,0.009999999776482582,12.05842399597168,0.5
684,149.81746422424888,183033.7866424643,605.3009696546598,8860.676081254693,0.009999999776482582,20.698612213134766,0.5
685,142.5472975898892,121812.1856578969,895.2951221274978,8346.58674098755,0.009999999776482582,18.025665283203125,0.75
686,136.11695507366676,84902.99866755902,711.9464551325916,7891.883195922559,0.009999999776482582,3.913998603820801,0.75
687,134.67942574234016,203.93538134500014,1045.7469782275382,7790.232361392347,0.009999999776482582,8.65578556060791,1.0
688,140.31526076270683,106758.31164468889,555.8504558982711,8188.754548460477,0.009999999776482582,8.274235725402832,0.5
689,137.66704019523928,3116.7534965072437,624.9157570758877,8001.493095885645,0.009999999776482582,12.314029693603516,1.0
690,143.94310521787227,77231.6495660628,698.3358400075832,8445.28734287174,0.009999999776482582,18.94073486328125,0.5
691,140.92733067577674,121925.11639626794,777.0741159748449,8232.035347049105,0.009999999776482582,8.675686836242676,0.5
692,144.74893707254077,249554.38978553293,497.39127576425705,8502.26947098073,0.009999999776482582,13.713359832763672,0.5
693,144.82778141364952,115460.89989398718,740.0519621876851,8507.844726314332,0.009999999776482582,11.25314998626709,0.75
694,135.07962888252246,35075.57970555878,659.3494965795396,7818.531598350247,0.009999999776482582,6.978084564208984,1.0
695,126.55192013023873,88459.16057497058,895.6724069173337,7215.5187119973325,0.009999999776482582,4.974311828613281,0.75
696,135.02038049065223,122324.16942363165,524.753770215666,7814.342015329618,0.009999999776482582,22.347095489501953,0.5
697,139.17421097431554,22791.437138115805,495.61055659822074,8108.068429086859,0.009999999776482582,5.881427764892578,1.0
698,143.36801381039578,409710.40069499775,447.747535337619,8404.621375070448,0.009999999776482582,25.476455688476562,0.25
699,148.2569685009033,214381.22257134315,477.350237753005,8750.330024932824,0.009999999776482582,20.955976486206055,0.25
700,148.170074687682,355663.8781204793,504.8114750821053,8744.185573868783,0.009999999776482582,98.41159057617188,0.5
701,141.07636149718843,79332.22986279105,908.7075285627593,8242.573641494368,0.009999999776482582,6.03284215927124,0.75
702,136.10477810487848,154159.56870365597,479.7615189046908,7891.022135899363,0.009999999776482582,12.430390357971191,0.5
703,135.97586933585046,214273.71634564447,603.6479394212856,7881.906715667995,0.009999999776482582,11.458038330078125,0.5
704,134.5435139736087,63838.06595436367,841.2892924063626,7780.6217437771365,0.009999999776482582,14.621408462524414,0.75
705,132.47612355442917,10241.917685909642,514.393677686771,7634.432057883613,0.009999999776482582,5.461094379425049,1.0
706,132.78645208443163,182660.77483402606,588.2081963803017,7656.376065122876,0.009999999776482582,6.720747947692871,0.5
707,137.44759925787807,114704.91685844057,481.0022682123526,7985.975948564363,0.009999999776482582,9.486283302307129,0.75
708,132.69751259027336,158082.26247819667,613.9404054949416,7650.086959497783,0.009999999776482582,13.010459899902344,0.5
709,141.52443908665495,85380.74819546519,576.9731547797334,8274.258185184008,0.009999999776482582,13.813509941101074,0.75
710,136.14161217816596,228548.99128446716,489.72808765175483,7893.626753563312,0.009999999776482582,7.4889116287231445,0.5
711,126.84858882087711,118750.87544743423,552.3269161097348,7236.496802200574,0.009999999776482582,7.661525249481201,0.75
712,129.5546637480267,133995.16490442128,510.0629181013342,7427.849262739373,0.009999999776482582,9.959901809692383,0.5
713,139.32246134584364,35277.800600090246,1002.4792297332475,8118.55153621855,0.009999999776482582,11.767545700073242,0.75
714,133.7537277664781,95100.26981203143,691.355678889729,7724.77423840402,0.009999999776482582,11.864307403564453,0.75
715,112.79133142883124,101492.92867156953,765.6535177221052,6242.477470581944,0.009999999776482582,8.806217193603516,0.75
716,127.59300736793486,77299.58362026379,334.72630105779575,7289.136261374849,0.009999999776482582,11.517566680908203,0.75
717,135.4384318100967,128146.90875649755,697.529131889807,7843.903335973259,0.009999999776482582,7.590213775634766,0.5
718,135.60912745453504,46853.3338006862,814.019656249765,7855.973597309645,0.009999999776482582,21.488134384155273,0.75
719,129.94098848189444,283950.29886392894,367.4111010133735,7455.167127315448,0.009999999776482582,16.167112350463867,0.5
720,116.37763502070527,3055.5800517209727,805.4296765308413,6496.072819941717,0.009999999776482582,3.572937488555908,1.0
721,135.03366460894705,147675.4662837323,406.0643021674628,7815.281364309315,0.009999999776482582,16.095924377441406,0.25
722,146.4790067009488,130426.39886699757,730.0203426625068,8624.606468000995,0.009999999776482582,10.559369087219238,0.75
723,149.13418668715036,217934.6844015558,575.8173068438314,8812.360036254264,0.009999999776482582,23.40903663635254,0.25
724,140.06661892647196,326453.29575520713,467.7126789127063,8171.172541887384,0.009999999776482582,20.317472457885742,0.5
725,133.79891329587826,160.3486961245642,740.789441518127,7727.969405745737,0.009999999776482582,4.8336992263793945,1.0
726,124.60477019600039,99997.16284057575,566.836992217684,7077.831493060298,0.009999999776482582,10.587905883789062,0.75
727,130.0192616665489,0.0003223762278562759,532.7147499195094,7460.701994930374,0.009999999776482582,2.774901866912842,1.0
728,136.5446925802415,1.1298312527608735e-05,800.9621617316539,7922.129447985513,0.009999999776482582,9.456571578979492,1.0
729,126.95322047397251,3987.0744098376326,1237.8005824176971,7243.895534611556,0.009999999776482582,7.17193603515625,1.0
730,119.80070381904613,128793.95144201431,595.3858456754537,6738.125481006079,0.009999999776482582,8.254965782165527,0.5
731,136.10155245841835,220907.15740683442,607.3694073813849,7890.794043402448,0.009999999776482582,25.886415481567383,0.75
732,146.61217475900247,207980.26853103563,582.3451520803513,8634.02307184965,0.009999999776482582,14.232498168945312,0.25
733,141.51968707201615,215715.71997329383,545.7075828604131,8273.922159863892,0.009999999776482582,10.323482513427734,0.25
734,137.92453268201712,128786.85000849802,581.0198530868167,8019.700951263505,0.009999999776482582,8.29330062866211,0.75
735,120.16252401612205,138478.32546758477,518.6973696977051,6763.710576336767,0.009999999776482582,6.173708915710449,0.75
736,145.65602206327114,146049.84974056648,439.3827478004715,8566.4114291921,0.009999999776482582,21.86245346069336,0.5
737,143.27940627422953,12704.28661584203,436.1922658354342,8398.355742919031,0.009999999776482582,16.691570281982422,1.0
738,139.10222662039004,174075.33543771208,517.6958135109421,8102.978258409859,0.009999999776482582,7.622501850128174,0.5
739,116.74688061618662,4798.9477584567285,887.0943731349988,6522.182981389794,0.009999999776482582,2.8483071327209473,1.0
740,113.55253744540518,11861.767408324391,460.74148887822497,6296.304008342222,0.009999999776482582,7.546080589294434,1.0
741,128.64324344169614,183.8977468898916,727.6184536040759,7363.400744905803,0.009999999776482582,7.367171287536621,1.0
742,127.53120088471165,341375.1804939792,445.1501785225348,7284.765790134989,0.009999999776482582,45.32707595825195,0.5
743,112.82844285559644,28.321899873783867,573.6751094985057,6245.101700515261,0.009999999776482582,1.8124431371688843,1.0
744,135.79646075950035,131387.34968745697,342.35808063035074,7869.220343911645,0.009999999776482582,9.07373046875,0.5
745,139.66035952596073,141819.44094222953,768.2318659083221,8142.4450535518245,0.009999999776482582,18.575477600097656,0.75
746,131.95144293838322,25.410385417248428,1288.9253054253334,7597.330747099452,0.009999999776482582,9.67742919921875,1.0
747,145.60259341639306,143970.36638647554,465.51220955160284,8562.633373033785,0.009999999776482582,20.258323669433594,0.5
748,142.50897759048658,136096.686860501,716.0735988368197,8343.877050246923,0.009999999776482582,12.542654991149902,0.25
749,131.03858877119234,274658.1281979436,420.25151452788634,7532.780837836938,0.009999999776482582,38.161781311035156,0.5
750,132.25622960838555,154397.4763543917,550.8926760871628,7618.882877330304,0.009999999776482582,10.199207305908203,0.5
751,131.6237440520283,144236.5688787396,470.5441404862482,7574.158444074608,0.009999999776482582,20.768238067626953,0.75
752,135.41370954375665,110716.14192885165,586.2642289005289,7842.15517059661,0.009999999776482582,12.668733596801758,0.75
753,114.31826830112763,491.3998630066227,461.7874104492264,6350.450507348187,0.009999999776482582,2.4171934127807617,1.0
754,138.11547201875618,119659.82088219083,368.7562885412725,8033.202688237637,0.009999999776482582,10.963521003723145,0.5
755,113.35200434514569,1204.7724485971012,1015.8278335424659,6282.123875423823,0.009999999776482582,5.2865166664123535,1.0
756,133.56499016903368,71646.82025078533,446.65983636863575,7711.428191217805,0.009999999776482582,10.996391296386719,0.75
757,125.2076239178068,2658.705164823748,1094.5603955202826,7120.460594662499,0.009999999776482582,6.026889801025391,1.0
758,135.16421992093947,159150.21776503662,524.463242324525,7824.513215185106,0.009999999776482582,9.060545921325684,0.5
759,130.65615655653468,119894.48496343938,637.7268153015108,7505.738221784497,0.009999999776482582,8.836612701416016,0.75
760,150.22250632915836,337829.97130265937,407.60133842391673,8889.31749196311,0.009999999776482582,29.356292724609375,0.0
761,140.9641231098043,66.89330346071661,1068.3047155712538,8234.637020310161,0.009999999776482582,9.889479637145996,1.0
762,122.35270384315906,18530.58351254832,743.2498516172523,6918.5829690858545,0.009999999776482582,7.1473870277404785,1.0
763,129.4002836047706,127410.01837186365,399.4845136956871,7416.932706078651,0.009999999776482582,8.058869361877441,0.5
764,132.85432553602107,57354.43097977962,920.3733811074837,7661.1755449290695,0.009999999776482582,6.824375152587891,0.75
765,130.5372773304733,71992.22165480375,1041.2379710073637,7497.33201241255,0.009999999776482582,8.951787948608398,0.75
766,135.18146268614555,70543.21401979754,518.3608963108655,7825.732488722425,0.009999999776482582,14.419424057006836,0.75
767,144.4920140199633,222645.1537395103,472.6262296470404,8484.101881537215,0.009999999776482582,13.439483642578125,0.75
768,117.41255336367543,244.46817358470355,677.2312134329063,6569.254153317681,0.009999999776482582,4.458915710449219,1.0
769,133.48563739269426,54412.21088300312,952.6130803477167,7705.816983320052,0.009999999776482582,11.327798843383789,0.75
770,134.86049312242505,134032.42829525907,619.2882622472312,7803.036030778936,0.009999999776482582,10.712259292602539,0.75
771,142.6306555075534,337717.03441139014,508.35677531870726,8352.481161164316,0.009999999776482582,12.357550621032715,0.5
772,131.18080910525848,139305.33459516158,620.7623287567664,7542.837547867089,0.009999999776482582,20.05178451538086,0.75
773,135.50033873827144,187943.09665684053,463.49620302601096,7848.280909894731,0.009999999776482582,21.745079040527344,0.25
774,124.89224209759273,96.213117006101,1092.6081534928137,7098.159258250231,0.009999999776482582,8.749357223510742,1.0
775,138.5248578698903,59772.051692000816,649.7106357857784,8062.151254716096,0.009999999776482582,7.099607467651367,0.75
776,121.685790052998,135387.04820892765,651.6283392808093,6871.424040323673,0.009999999776482582,6.359257698059082,0.75
777,140.35566279736125,157176.86489908703,490.4894967398337,8191.6114644550535,0.009999999776482582,21.77676010131836,0.5
778,136.95933096926296,90999.74525746983,976.9399925173193,7951.449432874724,0.009999999776482582,14.356689453125,0.75
779,128.3999009996271,845.7627951484229,869.2694798384133,7346.193470053115,0.009999999776482582,6.611956596374512,1.0
780,127.69938785868162,18268.443420242944,810.6598683646221,7296.65865791069,0.009999999776482582,14.812967300415039,1.0
781,139.20636401666968,90243.71015109918,541.4478565216016,8110.342040843335,0.009999999776482582,10.303279876708984,0.75
782,133.54681449327296,166535.36296962833,562.974562941848,7710.14294954032,0.009999999776482582,5.857579708099365,0.75
783,134.6140451901918,144913.25381600874,641.1447497769956,7785.609159943099,0.009999999776482582,9.297740936279297,0.5
784,115.28187006217209,57855.54365354834,786.877680779126,6418.588889661791,0.009999999776482582,3.651803970336914,0.75
785,135.15651327339066,89562.4269002854,542.5507999126339,7823.9682613273335,0.009999999776482582,9.175045013427734,0.5
786,124.92252367339108,816.0774301524091,635.3487529060129,7100.30053452454,0.009999999776482582,18.922130584716797,1.0
787,135.81247479938426,153347.10755452537,757.7744512970072,7870.352731601361,0.009999999776482582,12.643739700317383,0.75
788,133.41021982417715,732.352827675625,839.7281300608553,7700.484042550816,0.009999999776482582,13.043460845947266,1.0
789,130.43582122446236,50.55880934189324,1069.9479162565333,7490.157829862355,0.009999999776482582,8.584869384765625,1.0
790,132.96297342862192,139271.17460447928,471.7567866014527,7668.8582743956285,0.009999999776482582,10.833184242248535,0.75
791,136.99634093076065,92116.46667191452,758.3260579878519,7954.066487977662,0.009999999776482582,12.586772918701172,0.75
792,120.25118204079114,52444.78033537238,809.5899005277117,6769.979778640344,0.009999999776482582,11.053899765014648,0.75
793,140.69926487331395,206496.06109008336,490.20446087052807,8215.908316704095,0.009999999776482582,23.549331665039062,0.25
794,148.0353741577648,266055.00028055144,559.8020158103556,8734.66060559206,0.009999999776482582,21.500160217285156,0.75
795,131.83731516591558,107196.40190800955,398.84759756274997,7589.260523374901,0.009999999776482582,5.480364799499512,0.75
796,112.42853882280816,62937.69616372608,603.8170391058774,6216.823614093601,0.009999999776482582,5.4815778732299805,0.75
797,120.07702666719125,101207.42089500042,484.13765628879275,6757.664872308651,0.009999999776482582,3.484231948852539,0.75
798,141.94546662006854,250319.7646413165,502.53232880362754,8304.029960409069,0.009999999776482582,16.785720825195312,0.25
799,140.60822300927063,19.032457138372983,832.7470566074725,8209.47054791878,0.009999999776482582,8.7431001663208,1.0
800,147.7768160815704,217127.9442467335,757.186752766863,8716.37740006231,0.009999999776482582,20.840635299682617,0.25
801,142.295825592893,143652.12149941124,600.6441609802171,8328.80460757393,0.009999999776482582,9.323683738708496,0.5
802,131.1928726098438,84373.40265810207,875.3880410960157,7543.690584589007,0.009999999776482582,3.38492751121521,0.75
803,120.31511027935262,5.153812080786214e-07,1048.168823664183,6774.500283828106,0.009999999776482582,16.046253204345703,1.0
804,118.90385931521601,5.570195760439383,552.9289796700739,6674.707649959783,0.009999999776482582,5.699160575866699,1.0
805,132.60467652916807,73139.55994529158,761.1894799721781,7643.522319124747,0.009999999776482582,11.469654083251953,0.75
806,122.83351758159846,130.95713412402077,527.3637427382517,6952.582357272843,0.009999999776482582,5.6443023681640625,1.0
807,140.01953901667872,137999.96592822988,435.70181488474157,8167.843418776085,0.009999999776482582,15.553077697753906,0.5
808,134.49255035289397,26423.265828751406,1872.9068428172286,7777.017994995502,0.009999999776482582,2.4904885292053223,0.75
809,138.00033249158471,174833.7233395003,681.2869178662925,8025.060921131158,0.009999999776482582,12.245746612548828,0.75
810,146.98280396082654,188996.7924365226,518.7807303626805,8660.231071120117,0.009999999776482582,21.266578674316406,0.25
811,133.20209200864048,115699.80671968212,542.3158342644865,7685.766870749718,0.009999999776482582,3.3242857456207275,0.75
812,96.75582744911114,12.989260268991291,1262.762985275606,5108.572007834388,0.009999999776482582,1.035646677017212,1.0
813,100.18846397537028,0.5677328327739044,824.6258094138431,5351.301223808801,0.009999999776482582,15.094460487365723,1.0
814,129.0801123602425,84491.68600285114,270.0022369434218,7394.292699026535,0.009999999776482582,12.977058410644531,0.75
815,140.24951287897278,230901.90814253947,440.1319047818577,8184.105372193588,0.009999999776482582,17.795413970947266,0.25
816,134.80770457408565,91698.57816467181,496.2361256027278,7799.303237384462,0.009999999776482582,12.85073471069336,0.75
817,138.94949729865561,26846.073756553185,1094.762070066196,8092.178434939677,0.009999999776482582,11.796586990356445,1.0
818,126.2269477991824,111.14795815119614,1306.275653282339,7192.539209644765,0.009999999776482582,7.755519866943359,1.0
819,143.81963404467922,139279.80039150722,865.5857491572704,8436.556426902243,0.009999999776482582,13.605466842651367,0.75
820,135.41726772947675,220320.8262863463,602.8026903238443,7842.406777669927,0.009999999776482582,10.538064956665039,0.5
821,134.02390323692526,67639.61572348402,621.6708251873316,7743.878935221024,0.009999999776482582,17.73253631591797,0.75
822,119.92102894413124,156.4593535100643,914.9071109508235,6746.633933051759,0.009999999776482582,3.639070510864258,1.0
823,125.59811245768357,112787.50456756017,605.1256659724205,7148.072891043489,0.009999999776482582,11.546539306640625,0.75
824,125.39211611089911,124633.61312144074,498.51040592361943,7133.50644004698,0.009999999776482582,8.469050407409668,0.5
825,142.71187981127207,200165.60655815626,307.1797562552576,8358.224708845197,0.009999999776482582,16.98504066467285,0.5
826,128.00979247856617,97.99980437420304,1182.3402773948858,7318.608045631482,0.009999999776482582,16.70589828491211,1.0
827,113.90553705106147,3392.6082579205167,1126.3821521563648,6321.26538041432,0.009999999776482582,3.4780430793762207,1.0
828,111.19718553622855,79754.44308773431,484.5069319031786,6129.751937394784,0.009999999776482582,5.099609375,0.75
829,142.88555321553986,126250.23941364783,419.1310104502799,8370.505534074156,0.009999999776482582,13.685405731201172,0.25
830,135.08840899440057,180.95368467257353,568.2392762751745,7819.152459212164,0.009999999776482582,4.596572399139404,1.0
831,133.9558667019479,60729.71856978263,737.638149715263,7739.067923432758,0.009999999776482582,5.600454807281494,0.75
832,128.38962604193966,63375.36765806555,818.3372137300865,7345.4669053834905,0.009999999776482582,9.909187316894531,0.75
833,134.06823855124654,4847.468733910667,766.9312694739156,7747.01398200004,0.009999999776482582,7.214369773864746,1.0
834,127.29388337783168,137680.4105584592,451.1756247742827,7267.984551590996,0.009999999776482582,25.334630966186523,0.75
835,141.31299291505348,115745.05808071584,452.10343950857094,8259.30636518763,0.009999999776482582,28.942707061767578,0.75
836,133.8362532428172,113554.09041068966,787.6982088287956,7730.609794838984,0.009999999776482582,10.482927322387695,0.5
837,140.1065853347846,152184.46316675347,723.2752707326125,8173.998653793154,0.009999999776482582,27.39923858642578,0.75
838,129.64700820470605,145022.56294482053,655.9568048786446,7434.379140691172,0.009999999776482582,10.161672592163086,0.5
839,146.47190088407498,172826.37879418468,503.65749468645515,8624.104000190773,0.009999999776482582,19.664081573486328,0.25
840,142.26583521124084,225757.18456343998,568.5197678214081,8326.683922272845,0.009999999776482582,15.53214168548584,0.5
841,140.97600062705703,54609.124459801285,975.6788686173821,8235.476905462121,0.009999999776482582,15.270198822021484,0.75
842,142.25039048007207,99441.40503635589,812.1464520274353,8325.591791644141,0.009999999776482582,11.14699935913086,0.75
843,141.53975267026712,57685.547934693896,1258.3311625217411,8275.341042082926,0.009999999776482582,14.208922386169434,0.75
844,139.28437277015107,230036.2699216188,645.9991520415488,8115.858209953239,0.009999999776482582,16.937461853027344,0.25
845,130.02488683988287,0.0072670605087150186,564.6161585502535,7461.099763206341,0.009999999776482582,2.3627781867980957,1.0
846,136.34242423893014,213612.76326371767,553.9520411148542,7907.826612387461,0.009999999776482582,9.77237606048584,0.5
847,134.4338869228267,526.1065020497618,833.3455064473183,7772.869775899868,0.009999999776482582,18.546680450439453,1.0
848,128.48202571787814,320.5238981700053,1228.6806728429772,7352.000688009546,0.009999999776482582,23.339033126831055,1.0
849,141.7356864263795,109365.51994140103,755.5098473318981,8289.195945344678,0.009999999776482582,19.03774642944336,0.5
850,122.02370881970556,140.19045181689285,614.2311265638781,6895.319013379662,0.009999999776482582,4.388007640838623,1.0
851,130.06466983064905,129505.28674425022,369.48914914836587,7463.9129052573335,0.009999999776482582,6.351241111755371,0.75
852,133.74466333794493,80.2157124425496,945.2692424366745,7724.133272891277,0.009999999776482582,12.48220443725586,1.0
853,123.44974033943329,6.508215853169873,426.1002419442195,6996.1568125729045,0.009999999776482582,5.639955043792725,1.0
854,133.0303006961601,145722.31871666713,514.197959218751,7673.619132336231,0.009999999776482582,20.68191146850586,0.5
855,147.9369418387929,234951.85548395163,570.0403389688984,8727.700241618822,0.009999999776482582,37.390480041503906,0.25
856,146.96460714631172,203371.0645266891,580.4391711092354,8658.944334675223,0.009999999776482582,23.85593605041504,0.5
857,147.56163896166467,217963.86241103473,706.9389039117186,8701.161756573465,0.009999999776482582,24.365501403808594,0.5
858,149.81650738733475,247318.85361068862,593.6633919609226,8860.608421229459,0.009999999776482582,24.563358306884766,0.25
859,134.37610683828098,252141.52262418787,1034.5820459660079,7768.7840200927985,0.009999999776482582,8.122966766357422,0.75
860,133.33815603522189,62461.13550752298,1052.4571801745767,7695.3882548496,0.009999999776482582,5.508184432983398,0.75
861,138.20616571198437,177262.7740479447,345.29999625817567,8039.615837105191,0.009999999776482582,16.452560424804688,0.75
862,145.3595538535479,87712.44913877046,950.7880691241503,8545.447515431653,0.009999999776482582,21.58545684814453,0.75
863,144.83830454856317,49733.7081292211,602.1889707930721,8508.588840136941,0.009999999776482582,13.071210861206055,0.75
864,118.9279858048259,375.30873051369775,879.9495596417695,6676.413686664345,0.009999999776482582,5.522417068481445,1.0
865,134.93168578800424,168483.4401577821,413.234741919807,7808.070219446152,0.009999999776482582,15.51666259765625,0.5
866,140.02459360284033,180820.5865251974,926.6631479868755,8168.2008395885405,0.009999999776482582,23.181175231933594,0.5
867,151.85190285924548,322360.8635105162,399.6206688930004,9004.535674614825,0.009999999776482582,19.384443283081055,0.5
868,133.97958848505533,353241.38807981124,571.7808902439141,7740.745342457793,0.009999999776482582,21.85747528076172,0.5
869,132.0460386623285,13922.191428389995,1046.1683165329373,7604.019817070047,0.009999999776482582,12.961917877197266,1.0
870,125.5399158493173,181801.3342696755,345.93676085219124,7143.957681928556,0.009999999776482582,15.522175788879395,0.75
871,137.46932390175164,107589.4934210194,427.3659873169331,7987.512145518051,0.009999999776482582,15.41256332397461,0.5
872,134.23557101660336,84494.49744636573,475.9541578800972,7758.846425607867,0.009999999776482582,29.280548095703125,0.75
873,116.47939618866482,1787.1998305897193,941.7488377873499,6503.268574087695,0.009999999776482582,10.439549446105957,1.0
874,123.89719562712735,211491.24654758014,344.09494005347227,7027.797351946861,0.009999999776482582,26.67673110961914,0.5
875,144.51695189319003,194061.98408390628,417.9677942098177,8485.865292947099,0.009999999776482582,19.380584716796875,0.5
876,137.28390510174572,171591.1662884342,488.90048834458355,7974.400777737611,0.009999999776482582,29.24155616760254,0.75
877,145.41684217342217,240367.14131133226,681.1519927716768,8549.498497486173,0.009999999776482582,20.451704025268555,0.25
878,127.57925947330828,2717.9908790219074,1219.891813839824,7288.164117759152,0.009999999776482582,9.452569961547852,1.0
879,131.19172573053538,214419.20039198326,357.6051269256246,7543.609486251557,0.009999999776482582,23.933889389038086,0.5
880,141.71288132487112,93437.99653280701,950.4723806045286,8287.58334687496,0.009999999776482582,12.472309112548828,0.75
881,139.25763058344234,238426.84030259823,597.5435873540853,8113.967211601507,0.009999999776482582,7.478596210479736,0.75
882,148.27696923205835,427424.30165928486,416.2055587710131,8751.744320258018,0.009999999776482582,51.65908432006836,0.5
883,138.83082842408422,201920.08690394796,707.5078940631797,8083.787099980402,0.009999999776482582,25.996662139892578,0.5
884,127.70765525607779,16506.019600741012,847.6653126048562,7297.243263613265,0.009999999776482582,7.401329040527344,1.0
885,131.7359978710826,73159.94030255944,458.66827746190194,7582.09615646587,0.009999999776482582,14.098941802978516,0.5
886,120.75922154845081,94195.98479628674,606.6269921810474,6805.904360353237,0.009999999776482582,4.255732536315918,0.75
887,141.12986438373926,177318.8834420545,527.5344617147745,8246.356947301872,0.009999999776482582,34.00999069213867,0.25
888,144.20538867087598,1.2567346278040918,733.8181515126715,8463.833977921397,0.009999999776482582,8.4345121383667,1.0
889,144.48043604469387,104082.60367811288,1401.5089276718436,8483.28317765225,0.009999999776482582,18.86038589477539,0.75
890,143.99271841149493,162736.5012268623,482.20715765024534,8448.795600008169,0.009999999776482582,20.729583740234375,0.75
891,130.55187821677137,190468.5276644672,441.06900216912146,7498.364472929868,0.009999999776482582,10.372247695922852,0.75
892,145.2436935074233,192517.91014394295,585.6532862376748,8537.25477764476,0.009999999776482582,15.90848159790039,0.25
893,126.69647986772874,63.561722986747185,542.0133384931962,7225.740846346248,0.009999999776482582,5.72595739364624,1.0
894,137.63680864062945,104936.18634084612,362.5691327526355,7999.355356718683,0.009999999776482582,31.04930305480957,0.75
895,133.55499735392095,79260.75787714997,668.3696869360697,7710.721577465042,0.009999999776482582,8.440081596374512,0.75
896,141.1504255735324,89128.93716446687,723.7329772128735,8247.81087387983,0.009999999776482582,12.188387870788574,0.75
897,146.26001717912013,139079.38897901322,596.5901625994669,8609.121241256638,0.009999999776482582,39.627872467041016,0.25
898,142.89166955331444,243043.31562955238,459.7011005023051,8370.938033659037,0.009999999776482582,27.614337921142578,0.5
899,141.47605042257211,70604.09688090866,736.976375862895,8270.83651720226,0.009999999776482582,17.18779945373535,0.75
900,117.89598907366155,63535.85540965516,881.6878741168282,6603.438946831736,0.009999999776482582,4.7215576171875,0.75
901,139.53379476689352,103911.23148300193,453.66240991539235,8133.495383377495,0.009999999776482582,12.468917846679688,0.75
902,137.46383550331132,63331.888557057675,715.6289849483668,7987.1240488931435,0.009999999776482582,9.832992553710938,0.5
903,142.11497054992944,163245.57001305887,453.25415073248587,8316.015953008337,0.009999999776482582,12.80990219116211,0.75
904,138.76090687248828,320638.9738543394,331.3514311333809,8078.842794555472,0.009999999776482582,20.614906311035156,0.75
905,137.11143420898327,166952.2966098996,483.49912144846354,7962.204984720091,0.009999999776482582,24.107450485229492,0.75
906,135.18569868063125,73127.44095008323,677.5319773014551,7826.032025131981,0.009999999776482582,12.687244415283203,0.75
907,139.17986655490094,124742.45953588713,445.4710436333891,8108.468347525899,0.009999999776482582,29.58780288696289,0.75
908,138.64640783190433,121843.13346196098,794.9900060151352,8070.7463176526135,0.009999999776482582,16.6210880279541,0.75
909,132.48305532952403,10.508979129598169,455.7307415127403,7634.922218820029,0.009999999776482582,13.5437650680542,1.0
910,138.90741013170108,233344.32767531087,484.53388002128474,8089.20235956458,0.009999999776482582,17.766843795776367,0.25
911,135.2322619365093,166900.76056641064,527.7751766580948,7829.324614518021,0.009999999776482582,13.044257164001465,0.75
912,130.80576975404975,67.32965037204008,787.5899629447975,7516.317697314297,0.009999999776482582,6.586440563201904,1.0
913,141.30231039739303,217286.69757558714,455.432859275798,8258.550981063352,0.009999999776482582,19.162616729736328,0.5
914,136.5384392093044,94453.51422643258,679.3456152957353,7921.687258486816,0.009999999776482582,8.315411567687988,0.75
915,147.41237681508326,202840.72160124642,552.3687847349622,8690.607104620889,0.009999999776482582,17.433807373046875,0.5
916,149.10089567263697,141992.2925155528,671.2927827981421,8810.005956004283,0.009999999776482582,27.253036499023438,0.25
917,146.85397416927157,166185.32375075773,686.0681987620783,8651.12123555813,0.009999999776482582,16.972156524658203,0.5
918,131.5143712847263,164.50727124317262,534.9050801955443,7566.42445713685,0.009999999776482582,8.586788177490234,1.0
919,143.26790661762664,64917.60740316901,967.8373592046197,8397.542577117805,0.009999999776482582,22.687786102294922,0.75
920,147.13006374603154,169291.0580570265,582.9417953175019,8670.644131732253,0.009999999776482582,32.21979904174805,0.75
921,128.33729501880458,0.895770973829076,602.5101470730392,7341.7664645941595,0.009999999776482582,15.490806579589844,1.0
922,143.5643955083988,97269.35799860512,460.4491711046242,8418.507953280332,0.009999999776482582,17.276168823242188,0.5
923,139.82846189247954,66503.86317486619,781.4775453277955,8154.331938550109,0.009999999776482582,17.079416275024414,0.75
924,123.37015406967537,151209.23761268533,622.3582134997051,6990.529093846238,0.009999999776482582,8.396248817443848,0.75
925,113.06779988521062,3194.5231104210357,772.9965168550159,6262.027158160359,0.009999999776482582,26.835044860839844,1.0
926,141.13301966124322,153117.62743597457,379.4552324209075,8246.58006385641,0.009999999776482582,23.37808609008789,0.25
927,134.79480746642372,115312.07562844589,690.9126472746348,7798.391254770756,0.009999999776482582,11.123629570007324,0.75
928,124.64348233641866,81764.8982647388,653.3004548308927,7080.568912947472,0.009999999776482582,7.614680290222168,0.75
929,133.15107335294746,43135.38975500469,989.983688016923,7682.159230324726,0.009999999776482582,25.3681583404541,0.75
930,137.71103384363323,88755.45606021344,855.2341082990831,8004.603982721705,0.009999999776482582,11.377805709838867,0.5
931,140.88987233583939,137724.5785775402,504.4125921740219,8229.386586128703,0.009999999776482582,10.276984214782715,0.75
932,146.52536414315472,143695.64301077026,520.9383148558592,8627.884503853362,0.009999999776482582,16.276996612548828,0.75
933,146.63632102913795,158773.59895547625,623.7113114177571,8635.730507278322,0.009999999776482582,30.446487426757812,0.25
934,144.50640456153144,252222.0757157174,561.0395472869557,8485.11946811988,0.009999999776482582,15.75794792175293,0.5
935,135.43954708451747,61213.34164505266,868.1306670998096,7843.982199460169,0.009999999776482582,8.380373001098633,0.75
936,142.4013749125894,100.2470531355632,688.9302405603864,8336.268230191865,0.009999999776482582,22.081890106201172,1.0
937,141.27765428523358,148703.89250843244,586.9294007859769,8256.807493593107,0.009999999776482582,21.478498458862305,0.75
938,144.60474643935459,98522.50116956873,701.5882990360033,8492.07343680222,0.009999999776482582,6.10006856918335,0.75
939,148.74797732877352,115671.65929697166,678.1827270604252,8785.050330130804,0.009999999776482582,19.66530990600586,0.5
940,140.9402907406063,190129.68685613212,759.0111965383164,8232.951781501451,0.009999999776482582,17.418371200561523,0.75
941,129.40088968752343,71.28237717807106,1251.5966987143142,7416.97556351208,0.009999999776482582,8.645476341247559,1.0
942,136.5494640963503,97612.58896531584,438.0123458701553,7922.466852297109,0.009999999776482582,25.325153350830078,0.75
943,134.98346139744604,253439.08180849563,479.63232032363885,7811.731385721772,0.009999999776482582,13.048293113708496,0.5
944,146.30355271533702,107379.02311981487,741.5133551933931,8612.199733981433,0.009999999776482582,17.60662269592285,0.75
945,146.4616580700619,149892.44515479045,475.8917313895186,8623.379708470475,0.009999999776482582,24.092025756835938,0.5
946,142.06961043789835,90342.69846059478,1041.2626378113443,8312.80844054799,0.009999999776482582,15.067675590515137,0.75
947,123.71368381642665,46.196280510897246,585.2198028889774,7014.820831539685,0.009999999776482582,8.319253921508789,1.0
948,121.17282600546135,714.1414481850057,748.8623937488568,6835.151233654763,0.009999999776482582,15.199687004089355,1.0
949,135.8756330667503,72784.0335500627,1002.1136377705182,7874.818790446447,0.009999999776482582,11.941953659057617,0.75
950,131.27113134665848,101738.57546869693,448.69828326102805,7549.224430565668,0.009999999776482582,10.666109085083008,0.75
951,130.16198927119632,1227.392768225516,849.4960874332045,7470.794575169775,0.009999999776482582,5.688106536865234,1.0
952,145.53844487198796,76736.35703194163,961.0583114461838,8558.097289539295,0.009999999776482582,17.957332611083984,0.75
953,138.189704324471,136179.06517620225,502.44244882734887,8038.451816488849,0.009999999776482582,15.05451774597168,0.75
954,151.2963986328719,265311.5231485888,479.192106136128,8965.254759112515,0.009999999776482582,25.897003173828125,0.25
955,138.61096830788577,133358.60699416004,633.2907895810957,8068.240311609234,0.009999999776482582,14.558810234069824,0.5
956,143.1371496128647,168325.50572829935,618.7988617089826,8388.296464106355,0.009999999776482582,16.402278900146484,0.75
957,126.38122631359712,63.17348131215242,457.9049359808914,7203.448579908442,0.009999999776482582,10.025964736938477,1.0
958,146.83628835024757,84265.27750491131,540.8599263461126,8649.870632718967,0.009999999776482582,18.249629974365234,0.5
959,141.18337531986242,176052.792575339,623.956400537746,8250.140822312194,0.009999999776482582,13.557636260986328,0.5
960,148.82312937204412,267021.3903416533,585.1173761461722,8790.364495030699,0.009999999776482582,28.594100952148438,0.25
961,146.44168654028365,334276.2954274166,411.0226273379512,8621.967478038327,0.009999999776482582,24.88021469116211,0.25
962,149.57551166128752,232267.81899014645,702.7128706029143,8843.567087785286,0.009999999776482582,11.961400985717773,0.25
963,146.32277621357557,119261.04317151866,606.7039802721299,8613.559069471816,0.009999999776482582,13.687910079956055,0.75
964,134.40522835859198,147481.586355789,1325.8629493966341,7770.843266313306,0.009999999776482582,8.542426109313965,0.75
965,136.07501229933192,204166.90391905658,588.988207111186,7888.917330864547,0.009999999776482582,8.987765312194824,0.5
966,138.10558069521576,0.0065427896327858994,1247.700265633817,8032.503251175323,0.009999999776482582,15.760366439819336,1.0
967,131.60076936713222,0.3270847926441376,546.0780741302393,7572.533853993655,0.009999999776482582,10.787445068359375,1.0
968,131.24664836782142,123722.21000684645,420.61796368034334,7547.493185730284,0.009999999776482582,9.373727798461914,0.75
969,136.12784959544507,172117.66301558746,356.5578478930719,7892.65357132043,0.009999999776482582,35.43106460571289,0.75
970,144.1883189075168,236216.2744065073,464.9070241973166,8462.62693772202,0.009999999776482582,37.85866165161133,0.5
971,151.6853777961353,232124.14694648233,562.1205334984975,8992.760324180948,0.009999999776482582,23.618850708007812,0.5
972,141.4583311942142,161121.54687046362,812.3083844742611,8269.583551916221,0.009999999776482582,12.598960876464844,0.5
973,153.31529802614205,381536.9057027934,341.0204773007158,9108.015538796266,0.009999999776482582,44.067726135253906,0.5
974,147.46328121520648,69949.98539617716,1229.5350428540587,8694.206665785328,0.009999999776482582,27.692873001098633,0.75
975,141.98300703213985,230126.95250687178,975.6716549631459,8306.684524829076,0.009999999776482582,22.35021209716797,0.5
976,143.18423304167266,227210.984242144,665.793090502025,8391.62583605486,0.009999999776482582,21.817739486694336,0.25
977,141.48776681458483,0.051622271732496325,624.9618463871665,8271.665008837055,0.009999999776482582,10.311558723449707,1.0
978,128.67184612688436,19.384258527529504,543.1550456953861,7365.423303163104,0.009999999776482582,9.714256286621094,1.0
979,136.7370902397683,0.06905392855808987,657.7195688109977,7935.734306144831,0.009999999776482582,17.65460777282715,1.0
980,140.8494359873149,154042.52974447815,1151.8916679764195,8226.52724372553,0.009999999776482582,20.907716751098633,0.75
981,144.59110761824627,290620.50947714463,482.11643946024986,8491.10900601291,0.009999999776482582,35.29730224609375,0.75
982,135.76593730564397,351.2992773568906,697.2578556343452,7867.061963912273,0.009999999776482582,11.387219429016113,1.0
983,130.85218515805406,315061.26475572964,466.3714217180314,7519.599831771853,0.009999999776482582,30.393484115600586,0.5
984,131.158749628595,35.863025430839556,542.9834237176872,7541.277674156496,0.009999999776482582,7.887538909912109,1.0
985,145.33611561588404,113006.2460270705,507.95782560611536,8543.790146523395,0.009999999776482582,29.16598129272461,0.75
986,147.20889456694434,170204.42618210326,557.5871665411694,8676.21843102331,0.009999999776482582,23.546674728393555,0.5
987,141.4741218580087,355646.0287336643,396.20334801302596,8270.70014419543,0.009999999776482582,17.71422004699707,0.5
988,147.73999502707443,5.484097041355925,788.4441533160718,8713.773702985505,0.009999999776482582,16.373992919921875,1.0
989,137.3839216016699,272412.3976593844,382.28818137759606,7981.47316260137,0.009999999776482582,53.61432647705078,0.75
990,142.82984017791517,131149.79061223267,627.9447644578349,8366.565943663478,0.009999999776482582,22.315265655517578,0.75
991,134.1385140723361,162369.1198834083,675.9425790939587,7751.983317379937,0.009999999776482582,9.219944953918457,0.75
992,149.35030004118724,175997.05382576326,759.6366412008844,8827.64188290062,0.009999999776482582,14.1200590133667,0.5
993,139.42646057418273,123281.3868416204,761.6673001506018,8125.90554849558,0.009999999776482582,15.583724975585938,0.75
994,137.34757308543,191225.4505325757,453.17580043676236,7978.902879735343,0.009999999776482582,19.353097915649414,0.75
995,145.87098321802458,229268.91599205814,446.3972327216104,8581.611801313968,0.009999999776482582,25.622745513916016,0.5
996,151.22790566870853,366837.540160981,359.82934797881035,8960.411472220949,0.009999999776482582,42.04396057128906,0.5
997,134.29671202334046,269876.61863825936,546.5070216403211,7763.169839553869,0.009999999776482582,12.902185440063477,0.75
998,148.11209713715826,221358.87150049396,444.72891261917476,8740.0858548117,0.009999999776482582,15.352004051208496,0.5
999,146.01279665645197,173324.97759282342,916.6165822902635,8591.63973886599,0.009999999776482582,12.458558082580566,0.5
1000,126.66783126624547,53.48320143382664,937.3562765339881,7223.715041247572,0.009999999776482582,3.3713250160217285,1.0
1001,146.89310002582644,210507.86062519677,353.57700642217793,8653.887910215713,0.009999999776482582,30.980037689208984,0.25
1002,147.2259137874895,378500.9546938882,428.1155317736551,8677.421897230066,0.009999999776482582,37.91935348510742,0.5
1003,125.79795628079292,5.878239800335112,652.4925885512904,7162.204283671163,0.009999999776482582,6.680098533630371,1.0
1004,128.0231117257892,305072.04124093935,357.69670757205336,7319.549878654315,0.009999999776482582,14.964496612548828,0.75
1005,145.5844162239447,117524.1241614603,499.59813596925756,8561.348024108007,0.009999999776482582,29.220125198364258,0.75
1006,133.0833071120395,111298.85511421901,789.1612600812178,7677.367331619666,0.009999999776482582,14.943441390991211,0.5
1007,131.71084455340548,117297.70362440681,561.4222572518698,7580.317510508976,0.009999999776482582,8.122285842895508,0.75
1008,143.39183567139176,95077.11707244877,556.3494759513396,8406.305870821274,0.009999999776482582,11.21512222290039,0.75
1009,129.92233077432098,152870.90686424228,590.9653647448921,7453.847800117086,0.009999999776482582,11.544386863708496,0.5
1010,134.85119912534103,327.69890056975316,648.6063373408963,7802.378831973231,0.009999999776482582,4.415075302124023,1.0
1011,149.82811514440368,270934.0762362328,358.8989604755119,8861.429231050426,0.009999999776482582,29.11456298828125,0.25
1012,141.54290445293927,5.2956072737740145e-08,691.9123811785845,8275.563911510282,0.009999999776482582,18.148860931396484,1.0
1013,143.48030819260381,218661.43571835154,650.4320947594621,8412.561955770787,0.009999999776482582,16.053363800048828,0.5
1014,139.8469000102479,100236.09538213925,717.384834470307,8155.635738074388,0.009999999776482582,20.52068328857422,0.75
1015,144.4010974692904,183245.9521635636,478.1376894879809,8477.672973933653,0.009999999776482582,16.87411880493164,0.5
1016,135.78170255447316,225904.65428957954,581.8521529254128,7868.176759043851,0.009999999776482582,19.61764144897461,0.5
1017,122.7207116630053,117.82734048068559,512.7082568584668,6944.6056047189595,0.009999999776482582,2.007540225982666,1.0
1018,135.21146144887757,203786.6362419418,344.0111364432805,7827.853766667947,0.009999999776482582,22.453115463256836,0.5
1019,133.89450165657317,51343.988367209764,766.2062670090945,7734.72866722602,0.009999999776482582,5.558979034423828,0.75
1020,130.54825764351347,106225.75846166963,569.7340373114776,7498.108454297674,0.009999999776482582,23.57959747314453,0.75
1021,139.6442655148774,73794.46884230875,639.0530802534336,8141.307010924165,0.009999999776482582,12.778379440307617,0.5
1022,148.12845659367548,238873.07111044778,569.4188647549379,8741.242667664974,0.009999999776482582,22.700077056884766,0.5
1023,150.76491972412092,113489.73164793139,1101.6127932600712,8927.67272622287,0.009999999776482582,29.722332000732422,0.75
1024,144.21651134799282,4550.302313423128,1424.0610234612484,8464.620486680906,0.009999999776482582,23.571361541748047,1.0
1025,144.83607933860142,240384.96625884197,487.49807067401235,8508.431490686959,0.009999999776482582,35.419891357421875,0.5
1026,132.53042347458475,71.07658966001706,520.2048414203947,7638.271723675785,0.009999999776482582,10.448563575744629,1.0
1027,137.91063018963746,167091.42259063863,531.0377639421258,8018.717875703483,0.009999999776482582,13.45443058013916,0.25
1028,132.5364232959382,1475.369204696956,714.5908995697175,7638.695984130385,0.009999999776482582,14.453855514526367,1.0
1029,148.64563453258256,232557.4674688389,502.63674931698023,8777.813447783947,0.009999999776482582,32.60790252685547,0.25
1030,146.72793930737743,1.382737191112547,763.1973975698565,8642.20903556871,0.009999999776482582,31.292768478393555,1.0
1031,145.24304770624855,105719.46764606019,733.1196062384425,8537.209111635084,0.009999999776482582,29.597986221313477,0.75
1032,140.66699435953342,154639.07285987082,367.1860852042503,8213.626398286833,0.009999999776482582,23.348297119140625,0.75
1033,135.22484634476726,72301.86565274013,954.997282611462,7828.800241851191,0.009999999776482582,10.591985702514648,0.75
1034,145.5174578741007,200740.44419743548,592.7175594396373,8556.613253142237,0.009999999776482582,11.96784496307373,0.5
1035,134.9524916483504,121835.89123060109,771.6854010627465,7809.541447212581,0.009999999776482582,26.241701126098633,0.75
1036,140.47088202745704,75517.68934730315,549.6946432255326,8199.758867529159,0.009999999776482582,20.01205825805664,0.75
1037,138.38294760865912,126149.97288950397,597.095754914251,8052.116470612431,0.009999999776482582,27.626407623291016,0.75
1038,136.5016372027043,163281.7514332894,576.7590833659413,7919.084908328273,0.009999999776482582,11.192739486694336,0.5
1039,128.52907438451828,154918.07655170676,563.653325899945,7355.3276018493425,0.009999999776482582,14.730607032775879,0.75
1040,140.49927810656575,131107.9433778211,605.8674312951933,8201.766816219933,0.009999999776482582,10.684356689453125,0.5
1041,144.14292476153014,107314.24152524347,565.8387922071851,8459.417018646442,0.009999999776482582,11.71943187713623,0.75
1042,132.5032905880768,43902.11616502182,965.5828141527027,7636.353098089063,0.009999999776482582,14.94929313659668,0.75
1043,142.38381208908783,198711.6187451709,592.8207539087147,8335.026324634366,0.009999999776482582,22.710845947265625,0.5
1044,135.91436461307484,11.918480636506212,705.3048182706268,7877.557582567579,0.009999999776482582,22.930578231811523,1.0
1045,138.93774397910553,183315.05397776482,418.83107872772115,8091.3473320781695,0.009999999776482582,20.513568878173828,0.5
1046,142.04640518847623,240508.6579888301,396.2959111208321,8311.167546746496,0.009999999776482582,22.25596046447754,0.5
1047,138.0199137543568,0.032192824370587854,647.6596148178483,8026.4455549320555,0.009999999776482582,15.006660461425781,1.0
1048,136.63516606832846,86015.2292590588,1054.1367496011298,7928.527025667223,0.009999999776482582,18.166629791259766,0.75
1049,128.2131282039745,0.20823963692928793,436.73821328691474,7332.986358287188,0.009999999776482582,17.68716812133789,1.0
1050,134.2773536576701,85204.37687424425,471.0166158700385,7761.800967293211,0.009999999776482582,18.760211944580078,0.75
1051,131.8552792872821,122399.78238831331,705.3028013971107,7590.530805579732,0.009999999776482582,9.293715476989746,0.75
1052,139.29147349789335,115718.12840227109,831.3606295182692,8116.36031789987,0.009999999776482582,17.1010684967041,0.75
1053,138.67977895041162,165038.66126500652,675.8634598546363,8073.106062230724,0.009999999776482582,20.26372528076172,0.75
1054,150.67286055662967,222889.56373851013,441.9370895167852,8921.16302169183,0.009999999776482582,48.65449905395508,0.25
1055,137.51602331866013,0.013602992147532755,733.8053579707273,7990.814363147545,0.009999999776482582,7.678205490112305,1.0
1056,126.40923887616424,5.394034035984995,490.56277916711593,7205.429409308041,0.009999999776482582,8.168811798095703,1.0
1057,147.64605197627452,211005.18647529912,381.74535997157284,8707.130784956618,0.009999999776482582,26.260677337646484,0.25
1058,149.127755659244,246216.7412979898,577.4653165168568,8811.905284243767,0.009999999776482582,27.82685661315918,0.5
1059,144.65523109893044,220872.15431365796,752.8249525337129,8495.643317197024,0.009999999776482582,21.354019165039062,0.5
1060,151.21068783273586,177916.500572903,687.4614633526652,8959.1939614841,0.009999999776482582,25.5778751373291,0.5
1061,149.71348778783474,220506.5952075522,689.419423515829,8853.32368064439,0.009999999776482582,39.39040756225586,0.75
1062,134.3451414575279,179998.54863736365,669.5487199919243,7766.594390478638,0.009999999776482582,13.825462341308594,0.5
1063,144.33716252489776,109308.32546335012,617.5966705068093,8473.151994561944,0.009999999776482582,16.90776824951172,0.75
1064,136.51117521170107,343458.96072614234,316.1270837279178,7919.759361748562,0.009999999776482582,28.69862174987793,0.5
1065,128.5926964829073,161.1218848481002,482.7986926800541,7359.826459197761,0.009999999776482582,15.142576217651367,1.0
1066,146.4945920151103,116983.11336020158,526.2316509778556,8625.708539559751,0.009999999776482582,30.05169677734375,0.75
1067,130.13489204921254,183489.8118069559,784.5106348685888,7468.878471499348,0.009999999776482582,14.204456329345703,0.75
1068,132.84082999797027,89919.11320866845,542.575689002036,7660.2212459972825,0.009999999776482582,22.98975944519043,0.75
1069,127.54025599576988,17982.158995031838,1100.7126770040575,7285.406096788756,0.009999999776482582,6.978453636169434,1.0
1070,121.71554558273499,148601.64081604575,638.5512257178378,6873.528118733581,0.009999999776482582,17.382598876953125,0.75
1071,125.12390427676522,0.0029516112765053133,559.9614881720648,7114.540596236733,0.009999999776482582,20.61252784729004,1.0
1072,132.73687471457495,277271.87874291383,357.97870477059524,7652.870341163078,0.009999999776482582,31.130664825439453,0.5
1073,147.95161729375363,230058.52432427686,465.3941677169978,8728.737975048924,0.009999999776482582,22.727611541748047,0.25
1074,151.22363098522518,198545.05265194678,626.7245496676722,8960.109200027982,0.009999999776482582,23.335464477539062,0.25
1075,144.497193439578,60194.1085877752,743.2177154542971,8484.468129595425,0.009999999776482582,17.872257232666016,0.75
1076,139.46105397654276,220553.6650997033,714.5470243048366,8128.35172343094,0.009999999776482582,37.91640090942383,0.75
1077,137.95858348140928,276964.2892048349,434.6156792273428,8022.108757559492,0.009999999776482582,31.780864715576172,0.5
1078,138.40237505740888,127006.97645639464,757.0351803741042,8053.490227888314,0.009999999776482582,39.10572052001953,0.75
1079,144.05900354672832,0.017929891089354444,825.7388955517689,8453.48276650042,0.009999999776482582,43.813053131103516,1.0
1080,137.2869039934689,0.0007713779017043269,495.2866009000758,7974.612835912484,0.009999999776482582,21.16130256652832,1.0
1081,146.28855734397953,206271.66191966695,458.173769151989,8611.13937856512,0.009999999776482582,18.4825382232666,0.5
1082,148.9924730949551,112420.67679096553,803.6178774134634,8802.339159047098,0.009999999776482582,14.227471351623535,0.75
1083,139.33548195531588,81691.86983197714,796.0207853512255,8119.472251914643,0.009999999776482582,14.17969036102295,0.75
1084,140.622194035828,29938.879231718773,612.0246970855878,8210.458469679992,0.009999999776482582,22.30001449584961,1.0
1085,153.14377465661443,295381.3722424521,820.9332572601318,9095.8867472134,0.009999999776482582,44.6120719909668,0.5
1086,152.78326084095642,202327.8750225792,764.5952856125734,9070.394028962226,0.009999999776482582,23.72860336303711,0.5
1087,149.39965576287972,337520.8405931048,531.6646569205747,8831.131933635272,0.009999999776482582,27.213407516479492,0.25
1088,139.71572905687208,256957.62655851303,517.3655709532648,8146.360353853552,0.009999999776482582,14.173062324523926,0.5
1089,128.92057099039434,278.77403446578774,1090.9785261629372,7383.011180775918,0.009999999776482582,6.177711009979248,1.0
1090,143.42261846341142,524.0338321696971,515.3955611457328,8408.482589187834,0.009999999776482582,12.24924087524414,1.0
1091,145.0391901444609,75191.69786539895,857.3945399364598,8522.793898790776,0.009999999776482582,27.174299240112305,0.5
1092,141.44503935013475,50750.52178180171,796.4115291468429,8268.643656629443,0.009999999776482582,34.08531951904297,0.75
1093,149.27647097585867,238966.5616503104,417.36417527710023,8822.421268656659,0.009999999776482582,32.192787170410156,0.5
1094,142.09861901730991,192257.87642767493,545.0774374583245,8314.859700471152,0.009999999776482582,29.52875518798828,0.75
1095,147.741512674458,138309.04704669394,874.5800789691931,8713.881019142262,0.009999999776482582,15.96479606628418,0.25
1096,123.07561639861548,17.109807760250334,646.6595719403732,6969.701692685531,0.009999999776482582,5.27890157699585,1.0
1097,148.53208050936075,153209.13239369885,521.2399486589104,8769.78379512002,0.009999999776482582,24.77654266357422,0.75
1098,144.81727600783123,205907.1546497218,631.5734518098545,8507.101866154724,0.009999999776482582,17.594501495361328,0.5
1099,144.8352417217456,249407.97956524754,533.3503272432284,8508.37226097209,0.009999999776482582,17.693288803100586,0.75
1100,154.04675795193438,315940.0110474508,637.7201073022214,9159.73866559576,0.009999999776482582,30.938724517822266,0.25
1101,142.99447034518238,187164.54133420237,677.8665339105929,8378.207301879185,0.009999999776482582,15.393922805786133,0.5
1102,124.69922145242076,7.609730399512149,572.1408126677321,7084.510347417097,0.009999999776482582,6.480350494384766,1.0
1103,148.5216309097085,174521.2643734122,402.6858665931143,8769.044881136138,0.009999999776482582,23.420469284057617,0.75
1104,129.0691433986317,56.57426346571185,685.5753241247243,7393.517059825741,0.009999999776482582,8.366966247558594,1.0
1105,129.91534778395732,0.04438865379012605,479.9688125920585,7453.3540176373035,0.009999999776482582,14.93545150756836,1.0
1106,135.89621557495514,238174.3319796437,361.3341512619996,7876.274224495792,0.009999999776482582,31.697446823120117,0.75
1107,143.80775865433833,248878.87466494043,562.0091513592647,8435.71669214886,0.009999999776482582,35.08662033081055,0.5
1108,142.42718405315352,12.9750969244568,1014.8292916708975,8338.093250815567,0.009999999776482582,18.473602294921875,1.0
1109,149.52319834525755,241131.01406687303,477.8587721461375,8839.867899103981,0.009999999776482582,25.110187530517578,0.25
1110,133.3510476339937,139241.87510875563,764.4679323077203,7696.299847917669,0.009999999776482582,15.649247169494629,0.75
1111,144.16207386121891,103911.61783065548,399.65601960325387,8460.771093253094,0.009999999776482582,28.094921112060547,0.75
1112,137.72415408695056,58.90508605937267,1049.6511281092228,8005.531743744303,0.009999999776482582,10.319774627685547,1.0
1113,133.30463668401077,158715.32418796374,735.3528614195484,7693.01802841368,0.009999999776482582,16.305301666259766,0.5
1114,147.6137012208306,162408.00429072723,468.80863320215724,8704.843192476314,0.009999999776482582,20.54824447631836,0.75
1115,144.0269162334464,186239.04691595197,675.5659006060903,8451.213802590008,0.009999999776482582,20.57710838317871,0.25
1116,152.04303578939636,285488.27657714195,550.8254014461846,9018.051101001369,0.009999999776482582,30.609664916992188,0.0
1117,128.65363721809734,21.28655122214815,634.3028418347355,7364.135711505843,0.009999999776482582,2.8411669731140137,1.0
1118,133.70013810949888,136533.9517233648,591.349717330475,7720.984796870261,0.009999999776482582,10.895206451416016,0.5
1119,140.70267323151901,150176.89033158284,568.2179781672787,8216.149329147021,0.009999999776482582,21.447368621826172,0.75
1120,139.4819666048945,1.525992001667853e-06,851.249143643722,8129.830500995926,0.009999999776482582,9.3853759765625,1.0
1121,110.08751405529547,24.05704408586037,690.0276562767583,6051.284646583314,0.009999999776482582,1.0722475051879883,1.0
1122,143.20329998315754,53717.4357287879,388.57204448338905,8392.974101075712,0.009999999776482582,24.292516708374023,0.75
1123,145.22463614657423,262692.6737353039,726.2968360511923,8535.907190091562,0.009999999776482582,29.71872329711914,0.25
1124,134.51862537194108,169602.1743430291,431.3491099047926,7778.861816466667,0.009999999776482582,11.411762237548828,0.75
1125,134.34376090902217,228790.9958929816,625.5426444276605,7766.496768882572,0.009999999776482582,29.278661727905273,0.5
1126,133.57322175007636,362.9268724927327,730.5174756344627,7712.010264267903,0.009999999776482582,16.573463439941406,1.0
1127,143.085136440908,159445.6179187421,585.7703792099967,8384.618499267137,0.009999999776482582,17.67304229736328,0.75
1128,135.86859880343604,82304.41719812187,588.162956628757,7874.32138234449,0.009999999776482582,25.456605911254883,0.75
1129,144.01636776603772,184708.44463594843,448.1556009566197,8450.467897451419,0.009999999776482582,27.825571060180664,0.25
1130,148.30751796992058,283410.1196198849,426.5088183053187,8753.904488144592,0.009999999776482582,36.4010009765625,0.5
1131,148.6267006225759,266813.93959974806,592.4942875783837,8776.474589709085,0.009999999776482582,23.929893493652344,0.5
1132,142.01766625422175,145299.01796398917,687.833083877594,8309.135354020535,0.009999999776482582,18.267810821533203,0.75
1133,143.71095056142332,209467.494702873,672.3845783098832,8428.871180742837,0.009999999776482582,13.528172492980957,0.75
1134,145.32321227509834,176506.2415418099,368.7239081335,8542.877723151913,0.009999999776482582,22.698810577392578,0.75
1135,141.15607091940043,208566.67141449664,512.2648397002494,8248.21006859968,0.009999999776482582,30.112945556640625,0.5
1136,128.00859111960008,1680.6199466214307,1063.5003934819374,7318.523094918608,0.009999999776482582,9.67436408996582,1.0
1137,144.63305325947323,367556.77384799795,292.07023894306917,8494.075073795117,0.009999999776482582,34.07814025878906,0.75
1138,125.49311663883246,6.4221784653452,608.7678577856058,7140.64840767761,0.009999999776482582,13.482624053955078,1.0
1139,135.5759545557294,140148.92669596875,524.3495956649297,7853.627869278991,0.009999999776482582,36.76020431518555,0.5
1140,137.26870519995734,208144.21980690776,650.783392017154,7973.325959528413,0.009999999776482582,33.79669952392578,0.5
1141,132.88718094979865,245233.36548465595,472.65260453773396,7663.498822900896,0.009999999776482582,14.055912017822266,0.5
1142,146.4550520260279,175042.7378122894,433.0380422750754,8622.912580687847,0.009999999776482582,36.59700012207031,0.5
1143,126.58906849359992,38.8347242998839,557.6605591562266,7218.145553797917,0.009999999776482582,9.254209518432617,1.0
1144,140.46746857496754,55181.53603430579,680.4386948243932,8199.517494858268,0.009999999776482582,24.558212280273438,0.75
1145,136.29570502693352,16.97199416735767,820.0856744273045,7904.522995004108,0.009999999776482582,4.445733070373535,1.0
1146,144.6354943311531,23.90808585685717,654.975646758555,8494.247687298019,0.009999999776482582,17.08680534362793,1.0
1147,148.14832805960822,232794.70554461307,531.9356668801775,8742.647822364348,0.009999999776482582,39.295379638671875,0.5
1148,126.20513923806833,122395.01070009453,559.8244023918328,7190.997078719963,0.009999999776482582,10.383305549621582,0.75
1149,140.81926437897897,245189.7825740612,490.3800222250074,8224.393743490347,0.009999999776482582,20.524396896362305,0.5
1150,147.02453619438356,108477.9375397642,1069.1171953230069,8663.182048380502,0.009999999776482582,22.394760131835938,0.75
1151,135.88991138261667,163703.32538482954,624.2991494016316,7875.828441304952,0.009999999776482582,24.1947021484375,0.5
1152,145.58926941723382,245753.14621005728,332.1259841733245,8561.691203991177,0.009999999776482582,35.12462615966797,0.75
1153,146.39313457779676,215716.4450428164,796.425467914736,8618.534262870246,0.009999999776482582,43.990116119384766,0.25
1154,125.81758936079079,10.429661726794238,557.036025275249,7163.59258158112,0.009999999776482582,4.603640556335449,1.0
1155,140.24245536200178,273475.4957308991,350.7086191481117,8183.6063197748435,0.009999999776482582,22.114032745361328,0.5
1156,147.82624820460947,174092.2311870084,773.3744545496102,8719.872853302826,0.009999999776482582,32.17934799194336,0.75
1157,146.78740524192128,130467.60431633348,1111.9560043775068,8646.414001506291,0.009999999776482582,14.033852577209473,0.5
1158,140.49204738092152,103393.38279025715,923.3497724567773,8201.255515838104,0.009999999776482582,14.593025207519531,0.75
1159,133.93103664056676,0.0005920126621025616,711.3053190188685,7737.3121356336305,0.009999999776482582,34.2559928894043,1.0
1160,132.4176908262981,329857.8386771518,359.39188296938875,7630.300152225091,0.009999999776482582,16.61834716796875,0.75
1161,140.0603446922285,181955.53755666065,454.0991895513311,8170.728877098787,0.009999999776482582,42.32189178466797,0.75
1162,133.83972381015494,186957.5075762361,438.06205011418564,7730.855206225372,0.009999999776482582,14.236068725585938,0.75
1163,147.96733006941076,151917.26621405745,654.8827631175901,8729.849059688053,0.009999999776482582,38.0351448059082,0.5
1164,134.58147002939003,279.4285614500709,836.7329056800144,7783.305699270474,0.009999999776482582,23.187210083007812,1.0
1165,140.04933392129013,0.2748387794367188,592.7221321471609,8169.950281469246,0.009999999776482582,23.703763961791992,1.0
1166,131.28747373491868,161237.69369963108,526.2425314196392,7550.380036485258,0.009999999776482582,83.17155456542969,0.75
1167,141.24087172863395,258312.79932973595,540.2763060999079,8254.206518786521,0.009999999776482582,36.77101135253906,0.5
1168,144.0310359414435,3.5707475134827966e-07,611.4037153881704,8451.505116128312,0.009999999776482582,19.969011306762695,1.0
1169,155.66790315224102,492958.9050034624,343.07566013800374,9274.373378721051,0.009999999776482582,53.77458572387695,0.5
1170,142.41802973659497,161122.41579474875,785.6789429526724,8337.44592912449,0.009999999776482582,21.11876678466797,0.75
1171,145.1939356482298,228139.34772565824,428.35602860350184,8533.736290890276,0.009999999776482582,31.140714645385742,0.5
1172,134.70520243244684,38.697988121079824,720.3575165946999,7792.0550873734255,0.009999999776482582,33.768714904785156,1.0
1173,130.88268217131423,162041.29201707058,605.7958619075531,7521.756342098995,0.009999999776482582,20.036712646484375,0.75
1174,130.53842337078203,228805.7031403081,391.5096619150677,7497.413051422503,0.009999999776482582,21.586301803588867,0.75
1175,135.78213795238796,8.934903073871533,826.3754182814766,7868.207546980088,0.009999999776482582,31.766464233398438,1.0
1176,150.53885110199528,265238.27536178724,312.75095575925394,8911.686920855715,0.009999999776482582,40.645023345947266,0.75
1177,129.13963838074616,112042.19153549169,867.6678714989604,7398.5019137733925,0.009999999776482582,9.39194107055664,0.75
1178,138.15888211086303,178581.04130046527,489.7963587638333,8036.272310535794,0.009999999776482582,25.20037078857422,0.5
1179,126.58871801496552,20.828302593672795,477.3484002742608,7218.120770689222,0.009999999776482582,4.9759416580200195,1.0
1180,131.78122906394105,152791.92326736893,307.8772566518319,7585.294552770325,0.009999999776482582,12.294912338256836,0.75
1181,143.25521390390537,212029.82508169409,778.6063495569251,8396.645047645465,0.009999999776482582,44.7905387878418,0.75
1182,138.61167254848127,155948.92976098473,466.2363256591677,8068.290109997818,0.009999999776482582,14.963062286376953,0.75
1183,148.06558665290393,173240.11895999455,611.751927474699,8736.796997022277,0.009999999776482582,17.71076202392578,0.5
1184,127.52104499048147,453.7898238641329,821.5849656859272,7284.047644702127,0.009999999776482582,21.317424774169922,1.0
1185,127.13874822682116,60829.7891555179,681.2001131936634,7257.014606685151,0.009999999776482582,14.58110237121582,0.75
1186,134.59365245238968,132568.95703294565,581.6965001240163,7784.167144972852,0.009999999776482582,11.073027610778809,0.5
1187,136.83358599368026,367434.70519387914,304.4475742240789,7942.557731378681,0.009999999776482582,18.693180084228516,0.75
1188,134.36648635508323,5.228521136179063,1021.6749761473465,7768.103734741868,0.009999999776482582,25.53078842163086,1.0
1189,146.35178146626941,163531.3995415253,543.964636774882,8615.610094155512,0.009999999776482582,41.134864807128906,0.5
1190,141.59786270506663,191696.69160029784,842.2184252728681,8279.45012939212,0.009999999776482582,15.987674713134766,0.75
1191,136.31537555440798,7.093869188391589,956.6034742363105,7905.913940906815,0.009999999776482582,18.479637145996094,1.0
1192,137.51030269951647,206570.9711830213,448.73911171144164,7990.409845690189,0.009999999776482582,15.54008674621582,0.75
1193,146.49187212666922,251244.78884651672,488.2832620240103,8625.516210315513,0.009999999776482582,21.745716094970703,0.25
1194,146.07719138076922,394313.3126292641,404.48117115418796,8596.193230279032,0.009999999776482582,37.482948303222656,0.25
1195,140.30091330386657,97634.43606639154,543.7535590995745,8187.740008351473,0.009999999776482582,17.40972900390625,0.75
1196,139.71739311472322,181004.86025480117,475.57023739327497,8146.478023013818,0.009999999776482582,31.33095932006836,0.75
1197,141.0295152191911,207652.89787221974,633.9661062241064,8239.261038996949,0.009999999776482582,27.572772979736328,0.25
1198,143.23871081574762,98.93292325846383,626.7045491417251,8395.478078285603,0.009999999776482582,12.07770824432373,1.0
1199,129.18074543060928,37.27031101908732,594.5816275528327,7401.408682931142,0.009999999776482582,11.376103401184082,1.0
1200,141.55477464408892,239563.99142546256,440.5264805208569,8276.403278617514,0.009999999776482582,25.718219757080078,0.25
1201,146.3234071377326,188721.5890124952,579.780120578401,8613.60368349512,0.009999999776482582,19.955242156982422,0.5
1202,139.4012749504001,0.00012126493640275777,603.0420516452232,8124.124618103499,0.009999999776482582,9.67451286315918,1.0
1203,123.58232015428928,14.903888789834973,452.62019616699143,7005.531820461987,0.009999999776482582,19.236461639404297,1.0
1204,124.23002009986527,0.7409270912514292,517.9539333216583,7051.33209636468,0.009999999776482582,12.248482704162598,1.0
1205,140.91964308708265,138021.25889779997,574.2667686535555,8231.491740884521,0.009999999776482582,16.71927833557129,0.75
1206,150.20556408008832,330300.074122332,358.8518332633785,8888.11946857725,0.009999999776482582,33.73617172241211,0.5
1207,144.94005575883546,219460.12302350273,428.9303468689773,8515.783890153132,0.009999999776482582,26.79080581665039,0.75
1208,150.68295535255822,270188.23334950005,441.8772351325391,8921.876846730516,0.009999999776482582,22.788002014160156,0.5
1209,145.7019814486793,2.7124748124358122,580.5211014970647,8569.661317580063,0.009999999776482582,21.055097579956055,1.0
1210,138.67989794064187,146716.68407001745,633.3977827372453,8073.114476289444,0.009999999776482582,35.69875717163086,0.75
1211,133.00240363820828,175935.8745408189,470.8459297420739,7671.646470519916,0.009999999776482582,26.189231872558594,0.5
1212,140.1043435881489,120.92699958193242,1103.3768546548818,8173.840134998888,0.009999999776482582,48.494667053222656,1.0
1213,142.25235386159656,108575.54136371515,639.7201752797356,8325.73062663423,0.009999999776482582,58.58653259277344,0.5
1214,135.62591647836103,22987.003475494563,1128.9981377032682,7857.160785804285,0.009999999776482582,8.113930702209473,0.75
1215,132.67975614791123,141.80476425422924,1235.288770563366,7648.831362728337,0.009999999776482582,10.455099105834961,1.0
1216,127.69108648020028,367.2475989049693,1050.3230240601408,7296.071649331464,0.009999999776482582,5.818375587463379,1.0
1217,139.92150370188085,88243.94993040663,478.4631590508348,8160.9111278339315,0.009999999776482582,19.28802490234375,0.5
1218,142.37591077782858,145647.39750609503,518.8870534923539,8334.467605681031,0.009999999776482582,20.939510345458984,0.75
1219,148.8073139584753,90327.83731380287,608.0760232284279,8789.246152640964,0.009999999776482582,24.77603530883789,0.75
1220,146.39394862750214,232226.6101564301,399.5685977889017,8618.591826100503,0.009999999776482582,11.407096862792969,0.5
1221,141.93730422409175,6.003180052154622,663.9137725620135,8303.452779585885,0.009999999776482582,20.722780227661133,1.0
1222,145.2912467344776,324755.8882244091,370.28207822170543,8540.61737005198,0.009999999776482582,28.383159637451172,0.75
1223,132.11217662382978,183928.54942582847,429.9342845027251,7608.696576586688,0.009999999776482582,14.899909973144531,0.75
1224,147.0808060524388,0.12397936233349169,729.4904927065586,8667.16101277835,0.009999999776482582,36.59670639038086,1.0
1225,141.65486190119162,171474.13272463772,507.01193977121756,8283.480666875701,0.009999999776482582,35.27593994140625,0.75
1226,133.61482786262928,88405.58637703751,1112.6165387343838,7714.952323236996,0.009999999776482582,23.705421447753906,0.75
1227,121.79794746841887,12.432695985672474,625.7089950297385,6879.354935803741,0.009999999776482582,6.136496067047119,1.0
1228,137.94349688227223,104297.78850025784,359.65223453863007,8021.041951227903,0.009999999776482582,12.269708633422852,0.75
1229,150.46284655659187,134645.05612306405,644.7046758811215,8906.312473670545,0.009999999776482582,42.17844009399414,0.5
1230,146.29555948373473,172736.3747133529,630.6767741742409,8611.634515140147,0.009999999776482582,32.0745849609375,0.75
1231,142.2447652612006,124770.47437918585,1060.7142291751472,8325.194020148117,0.009999999776482582,17.463003158569336,0.75
1232,140.1761939319214,185120.51013611184,490.2815894804189,8178.920829525668,0.009999999776482582,17.439603805541992,0.75
1233,148.26800610695338,0.24404160828475735,610.0664300144753,8751.110518131645,0.009999999776482582,21.621604919433594,1.0
1234,150.15537114119383,226342.45003465528,639.4308851017711,8884.570216388121,0.009999999776482582,25.240982055664062,0.5
1235,141.6171238107244,128650.25229649288,728.8280040209272,8280.812124185144,0.009999999776482582,13.902975082397461,0.5
1236,137.52408669696717,260030.7149279834,586.2388576967703,7991.384542215326,0.009999999776482582,25.86058235168457,0.5
1237,134.6134986369805,81591.82438606105,505.9410068169627,7785.570511973396,0.009999999776482582,12.042150497436523,0.75
1238,141.00853159301218,173243.15021709376,365.59942655449083,8237.777241020745,0.009999999776482582,32.841102600097656,0.5
1239,132.35736927183018,179221.52490013876,625.1729411126278,7626.034683536417,0.009999999776482582,14.204912185668945,0.5
1240,120.04088701648531,34553.4867398211,934.1378980369182,6755.109358780103,0.009999999776482582,9.426532745361328,0.75
1241,141.44562785722647,275456.9380138922,368.7094107971939,8268.685271249538,0.009999999776482582,28.28154182434082,0.5
1242,151.6115243785528,222574.1662381091,575.4813761584205,8987.537987935995,0.009999999776482582,38.44459533691406,0.5
1243,154.14263616874905,247321.7163520556,701.8702351123542,9166.5184234345,0.009999999776482582,32.421607971191406,0.25
1244,131.61390121875962,0.46728540165060034,997.805588999682,7573.462435865177,0.009999999776482582,6.424077987670898,1.0
1245,149.68985842636727,198076.47158181292,546.0073945427878,8851.652796955103,0.009999999776482582,30.366701126098633,0.25
1246,143.49571889379493,174233.99709769274,510.95749907262046,8413.651680065544,0.009999999776482582,21.44068717956543,0.5
1247,149.80929544576009,241515.7451412117,824.1576974345679,8860.098449110163,0.009999999776482582,29.919902801513672,0.5
1248,147.12537885048314,57392.35835496011,491.4715459833201,8670.31285254942,0.009999999776482582,19.31157684326172,1.0
1249,136.04498850981213,56402.97228246053,1138.4499190389743,7886.794283220274,0.009999999776482582,14.219939231872559,0.75
1250,139.6776035020449,151746.35487857467,474.51314892845215,8143.664412712973,0.009999999776482582,39.167667388916016,0.75
1251,149.94887968546686,271508.70848119183,431.6999536869499,8869.968755158363,0.009999999776482582,31.9385986328125,0.75
1252,133.6386438970195,0.7492905541165378,894.284383500384,7716.636406975817,0.009999999776482582,14.794658660888672,1.0
1253,141.93065955889097,244680.48163088207,432.18417603200356,8302.982920816317,0.009999999776482582,28.892446517944336,0.5
1254,145.7880579512794,442429.15290546056,420.0860736348699,8575.747974827374,0.009999999776482582,100.7318115234375,0.5
1255,138.31276676050553,70364.4404476271,980.106935342563,8047.153829762336,0.009999999776482582,33.7154655456543,0.75
1256,148.9390531211614,158457.0349480578,895.8653487337824,8798.561716181499,0.009999999776482582,22.974355697631836,0.75
1257,149.58597434120085,207305.87421347038,600.0366312930335,8844.30692670296,0.009999999776482582,30.518291473388672,0.5
1258,135.7355042928004,132595.8135930535,497.4088632430711,7864.909979194186,0.009999999776482582,11.427654266357422,0.75
1259,144.71753165832513,167837.8714998296,477.20252456441455,8500.048725640638,0.009999999776482582,17.967824935913086,0.25
1260,148.822014601017,229661.00596905485,558.0076995035978,8790.285667139855,0.009999999776482582,22.219417572021484,0.5
1261,135.16832211024956,0.022452527588511986,677.5666445857393,7824.803289938841,0.009999999776482582,9.526005744934082,1.0
1262,140.58801752169705,90304.57346229852,754.5858467471866,8208.04177382062,0.009999999776482582,34.68555450439453,0.75
1263,119.91223770533632,130.18314230885886,594.5231591238322,6746.012285381285,0.009999999776482582,19.805137634277344,1.0
1264,142.31728858162236,182935.3590279734,438.0879826469815,8330.322302321652,0.009999999776482582,29.28607749938965,0.5
1265,147.99908158461963,175651.7888941156,1050.3640189744426,8732.094278584284,0.009999999776482582,30.39593505859375,0.5
1266,148.63000334522485,223097.16095886868,426.7513628856694,8776.70813243143,0.009999999776482582,22.679929733276367,0.25
1267,154.54401284057911,304046.11126437347,649.5581943273107,9194.900643374896,0.009999999776482582,38.629573822021484,0.0
1268,142.85326920559785,138036.53405231927,741.4428709867474,8368.222661313877,0.009999999776482582,16.89324378967285,0.75
1269,146.21373024917244,89281.05372200623,771.5124185164035,8605.84819147985,0.009999999776482582,19.31682777404785,0.5
1270,152.6826469291897,267707.95876454056,542.4470457126179,9063.279399804018,0.009999999776482582,27.74726676940918,0.25
1271,153.5224471671525,263249.2037281159,651.0475870879876,9122.66350638695,0.009999999776482582,25.75998306274414,0.5
1272,137.51933187354618,206054.84963572945,568.893160586703,7991.048318280095,0.009999999776482582,20.29226303100586,0.75
1273,131.43211797346632,79469.6580834252,1079.7508158702815,7560.6081460882715,0.009999999776482582,9.297903060913086,0.75
1274,145.37195950524134,201228.0875050031,490.60139933914,8546.32474612187,0.009999999776482582,20.166799545288086,0.5
1275,147.78254133431864,224268.9036611109,442.8579513092799,8716.782245171955,0.009999999776482582,21.85456085205078,0.5
1276,147.05443538078126,306755.10747350723,537.3704630807381,8665.29628506623,0.009999999776482582,32.18622589111328,0.25
1277,150.53267007830664,339947.93173087883,612.8437755765386,8911.249847188756,0.009999999776482582,22.824037551879883,0.25
1278,141.65892653647475,294934.409502293,510.50786021201577,8283.768086102278,0.009999999776482582,34.482295989990234,0.25
1279,129.9095959557108,20.223171657824842,622.0836570701268,7452.947293316213,0.009999999776482582,9.00834846496582,1.0
1280,130.8045228001197,8.795591857929928,792.7235327853653,7516.229522482072,0.009999999776482582,15.541874885559082,1.0
1281,122.76823771719961,119956.9183327232,764.219982658754,6947.966275673982,0.009999999776482582,7.027719974517822,0.75
1282,133.07068455844032,22.105761756634593,854.1874730704048,7676.47476332259,0.009999999776482582,28.176578521728516,1.0
1283,133.41293442109543,43001.6907864287,1192.4791871548316,7700.675997619936,0.009999999776482582,15.960308074951172,0.75
1284,138.54984400295422,57392.29955306489,685.8260359224137,8063.918078684333,0.009999999776482582,38.03566360473633,0.75
1285,140.41050014774765,305909.24216611823,365.80452579587944,8195.489133111081,0.009999999776482582,45.93928146362305,0.5
1286,132.58235200202694,90698.47733091537,712.2233133064385,7641.943703116755,0.009999999776482582,15.118581771850586,0.75
1287,143.7539616022304,53671.280270669355,661.7960073115053,8431.912585253183,0.009999999776482582,21.338003158569336,0.75
1288,139.13868855152168,1.9463210350271367,953.1339876322154,8105.55656109026,0.009999999776482582,13.212198257446289,1.0
1289,142.61560451116983,247172.1030330997,648.5186934433101,8351.416872381084,0.009999999776482582,24.099956512451172,0.5
1290,148.532905235514,106410.63616463581,645.9920389441206,8769.842113305192,0.009999999776482582,49.788169860839844,0.75
1291,140.20948375335746,186214.2324764807,594.2972035390027,8181.274825410547,0.009999999776482582,14.233763694763184,0.75
1292,138.9085799743773,217524.40018935033,601.2115670102911,8089.2850816918535,0.009999999776482582,18.008987426757812,0.5
1293,145.30798651874147,213392.6944849178,419.62342038214194,8541.801076709782,0.009999999776482582,25.03586769104004,0.5
1294,143.18590098769909,9.742317725998086,1086.177417276786,8391.743780156481,0.009999999776482582,31.402099609375,1.0
1295,145.9696625648545,20538.665319887616,620.7365699216595,8588.589633165859,0.009999999776482582,30.588314056396484,1.0
1296,136.41467443846378,0.06251921034624205,880.7065801657235,7912.93558158727,0.009999999776482582,6.4953436851501465,1.0
1297,152.0246547432837,212645.16203389788,593.8715276436407,9016.751337138347,0.009999999776482582,60.60840606689453,0.75
1298,135.09753505584985,614.9552879528867,1082.5525887391975,7819.797782922837,0.009999999776482582,18.109086990356445,1.0
1299,141.28972178614626,167036.03174060112,624.2098546697492,8257.660812904049,0.009999999776482582,27.380292892456055,0.75
1300,145.4885532966044,174849.71661643923,573.2946721008834,8554.569347421351,0.009999999776482582,26.048160552978516,0.5
1301,134.92432293109746,77837.44568814503,608.7835275313535,7807.5495757745475,0.009999999776482582,17.624385833740234,0.75
1302,139.14672309582252,42166.979586955116,406.5073783771303,8106.124701242571,0.009999999776482582,23.23780059814453,0.75
1303,138.7301670436916,180893.48219449492,692.6501177104342,8076.669114212119,0.009999999776482582,35.36858367919922,0.5
1304,148.53089111785582,267303.10722882056,527.1377896056048,8769.699690652427,0.009999999776482582,36.56412887573242,0.5
1305,140.42503245611226,123284.63021648156,1060.213840431561,8196.516744333141,0.009999999776482582,10.798590660095215,0.75
1306,142.40065377854165,708.4769414543539,932.5430551643693,8336.217237230423,0.009999999776482582,13.207823753356934,1.0
1307,129.829644076883,100888.89765860376,564.1057166467541,7447.293721574754,0.009999999776482582,11.560741424560547,0.75
1308,137.13857590073633,75010.84546250121,893.9433786937237,7964.1242329449005,0.009999999776482582,16.24150848388672,0.5
1309,147.01362265018813,334231.21615036426,302.45269559345417,8662.410327866024,0.009999999776482582,41.78567123413086,0.5
1310,145.82195670965947,211967.39961127777,355.89102735660816,8578.145029971769,0.009999999776482582,25.13899040222168,0.75
1311,145.16565164642947,107327.53106183703,603.3480558420268,8531.736267430439,0.009999999776482582,26.996299743652344,0.75
1312,131.1422825559347,95.49531056367479,1053.462017075534,7540.113251531016,0.009999999776482582,11.554999351501465,1.0
1313,139.52883319107278,201.50258502997139,798.1041709702884,8133.144539529114,0.009999999776482582,27.554519653320312,1.0
1314,145.36061118628572,142028.2711234049,517.2492827928016,8545.522281735779,0.009999999776482582,31.944507598876953,0.5
1315,130.83870990977678,87861.45360826912,594.1663096143354,7518.646967574207,0.009999999776482582,8.42020034790039,0.75
1316,141.63959118170695,65843.53092650414,668.2210188964253,8282.40084099273,0.009999999776482582,23.401607513427734,0.75
1317,140.25562285305207,266281.0289890617,402.1898420316687,8184.537421787695,0.009999999776482582,25.699298858642578,0.75
1318,147.88967679823577,133305.29211391113,391.5370425923924,8724.358027507405,0.009999999776482582,29.262287139892578,0.75
1319,150.58255371487607,155094.83715164973,487.9405353445202,8914.777227935836,0.009999999776482582,33.68224334716797,0.5
1320,129.38755700958959,13.306100736163069,1042.806323451903,7416.03278077439,0.009999999776482582,4.055436134338379,1.0
1321,143.2780423802679,56330.15377386745,742.3165394061541,8398.259299002104,0.009999999776482582,19.80193519592285,0.75
1322,148.69774554704304,332752.79604245065,495.2191976900072,8781.498331280018,0.009999999776482582,26.493820190429688,0.5
1323,148.263929046007,68867.57946018969,630.4524045304087,8750.822220259317,0.009999999776482582,21.024625778198242,0.75
1324,136.34579161628665,116056.93558379085,641.0466480471102,7908.064726985201,0.009999999776482582,15.439038276672363,0.5
1325,153.9320419860202,237087.0164568621,693.886617440955,9151.626849429647,0.009999999776482582,25.315608978271484,0.25
1326,143.67118493765415,80929.91835181596,1347.9564364277032,8426.059266750084,0.009999999776482582,18.764341354370117,0.75
1327,141.0391257825868,222919.4280232468,740.4614211369682,8239.94062289704,0.009999999776482582,12.303485870361328,0.75
1328,144.0653063478014,210141.25609979223,630.5276783964881,8453.92845131185,0.009999999776482582,27.632888793945312,0.75
1329,147.58762462286325,174927.4099154426,499.7395724510594,8702.999259356255,0.009999999776482582,25.90049934387207,0.5
1330,146.8316421680217,122016.54170802253,816.1557492793679,8649.54209103961,0.009999999776482582,22.777074813842773,0.5
1331,144.62635286435315,165635.84900054958,641.897060072884,8493.601274241399,0.009999999776482582,17.035329818725586,0.5
1332,142.09470674835725,211461.48317909226,728.366587257311,8314.58305540014,0.009999999776482582,22.528223037719727,0.5
1333,138.2742398699605,15440.720415629214,431.48473176847557,8044.429509297763,0.009999999776482582,11.87414836883545,1.0
1334,133.00259488888958,548.5723300191379,883.8109446957184,7671.659994272743,0.009999999776482582,11.363760948181152,1.0
1335,137.19185043466817,175766.27007677246,338.16424915988915,7967.8913914406385,0.009999999776482582,11.102455139160156,0.5
1336,137.99235092565482,168658.75450398185,591.6602118082765,8024.496527195012,0.009999999776482582,12.750264167785645,0.75
1337,145.26694602689795,198856.96535349553,736.3864784300085,8538.899014014773,0.009999999776482582,18.18613052368164,0.25
1338,140.73017518773705,162830.08516071818,1122.738480877101,8218.094052457953,0.009999999776482582,7.825107574462891,0.75
1339,144.87288983497555,120162.23780804526,728.8867825161582,8511.03444117594,0.009999999776482582,18.594865798950195,0.75
1340,151.02226102865168,277665.8216388274,559.3742885315386,8945.869891174283,0.009999999776482582,26.956722259521484,0.5
1341,124.70192479324496,0.11263297513454984,713.6721245634126,7084.701506543253,0.009999999776482582,9.09776496887207,1.0
1342,142.57441500751602,252254.24699775808,412.8518270267251,8348.504272735947,0.009999999776482582,15.603989601135254,0.5
1343,149.68464830744296,191415.1247336631,384.2580181884115,8851.28437808175,0.009999999776482582,20.10038185119629,0.5
1344,144.06548522413192,139061.705451236,982.1168672924106,8453.941100047341,0.009999999776482582,13.227643966674805,0.75
1345,137.39306547569385,55300.55686059964,953.7568776426318,7982.119745878051,0.009999999776482582,26.12059783935547,0.75
1346,150.01028127085613,125333.53020566808,400.38795419298765,8874.310595189228,0.009999999776482582,23.692638397216797,0.75
1347,140.0764115968623,99701.37460698944,747.8282262497859,8171.865002970275,0.009999999776482582,21.86411476135254,0.75
1348,140.7574434556626,277283.41053034837,408.66276643833896,8220.022251160004,0.009999999776482582,49.87691879272461,0.5
1349,146.4236700745612,179747.57100881072,505.6414073314204,8620.693494449912,0.009999999776482582,35.478755950927734,0.5
1350,146.10946709853627,4718.247080623949,722.6992784176203,8598.475516681532,0.009999999776482582,19.76502227783203,1.0
1351,125.84643700494489,1.7560057853774325,1195.5706720711182,7165.632461421198,0.009999999776482582,4.150425910949707,1.0
1352,137.42427785658347,97661.91166739698,420.91354130079094,7984.326841410618,0.009999999776482582,15.403937339782715,0.75
1353,128.34669663683272,14.697930496153308,901.1275166902683,7342.431273511562,0.009999999776482582,21.24180030822754,1.0
1354,146.8349614051308,155667.74689530086,501.14775081029904,8649.776801535452,0.009999999776482582,27.805652618408203,0.75
1355,146.92441934818422,36047.12354601398,678.4737570034209,8656.102567812752,0.009999999776482582,17.61583709716797,0.75
1356,139.12194885907965,154729.02472183225,498.8644722710602,8104.37286092538,0.009999999776482582,32.545318603515625,0.75
1357,148.2258783975195,129095.06386242193,761.159362888322,8748.131575909401,0.009999999776482582,41.53271484375,0.75
1358,131.02306399395368,132031.1605358181,792.033505137552,7531.683046976039,0.009999999776482582,15.127988815307617,0.75
1359,138.68769456102805,67906.78048966068,858.0122934437006,8073.665792322794,0.009999999776482582,24.786951065063477,0.5
1360,136.54818270024688,284533.62781386543,447.1590229529656,7922.3762419836785,0.009999999776482582,28.79500961303711,0.75
1361,142.87363638523343,130103.17121762242,599.1322158365867,8369.662869010419,0.009999999776482582,22.99323272705078,0.75
1362,151.76453566732192,201943.87108483614,601.0800167932579,8998.357749910225,0.009999999776482582,25.651729583740234,0.0
1363,137.81108536545665,310059.7615060943,387.8387713083533,8011.678844060348,0.009999999776482582,24.2651309967041,0.75
1364,149.11421982106535,293446.78696363716,556.9491921851318,8810.948135602037,0.009999999776482582,42.92008972167969,0.5
1365,141.50394346585517,384854.3473811255,278.894785366697,8272.80889513259,0.009999999776482582,18.58682632446289,0.75
1366,140.13952128451749,123174.03527097516,692.0357790127549,8176.3276266380435,0.009999999776482582,33.40117645263672,0.75
1367,139.9840840301402,253205.89876047097,508.79509846579975,8165.336319344192,0.009999999776482582,19.849987030029297,0.5
1368,141.52586178494477,0.00041937370578860536,1030.2413198868803,8274.358787283243,0.009999999776482582,11.715824127197266,1.0
1369,151.83228241191773,189708.8137615572,798.5977096149782,9003.148269988527,0.009999999776482582,32.168609619140625,0.25
1370,139.38883139614404,22427.641682345962,698.6320256466129,8123.244707240405,0.009999999776482582,17.81073760986328,1.0
1371,130.76625275389978,13208.909716358668,724.4141367446831,7513.52336403995,0.009999999776482582,11.237014770507812,1.0
1372,141.87805668987252,109884.90132022221,467.01782054448904,8299.263257211627,0.009999999776482582,22.77499008178711,0.75
1373,142.91681523310703,161797.1596177138,583.3025520409476,8372.716139524458,0.009999999776482582,16.103656768798828,0.75
1374,140.17858505347016,179373.889010406,542.5218610167904,8179.08991094585,0.009999999776482582,16.99445152282715,0.75
1375,139.11920616179313,11.369215016575895,1232.8012787247533,8104.17891881793,0.009999999776482582,12.944986343383789,1.0
1376,140.83775673424142,6.7073350589119105,1053.7238480662236,8225.701378266134,0.009999999776482582,8.637781143188477,1.0
1377,153.3978853375566,204521.57741365768,565.3883405880265,9113.855467724288,0.009999999776482582,35.74242401123047,0.5
1378,143.76848364957374,176150.3134914098,938.3796161704673,8432.93947089605,0.009999999776482582,15.194820404052734,0.5
1379,136.37522576538055,0.1416182631934726,1327.762472998558,7910.146079868846,0.009999999776482582,27.069019317626953,1.0
1380,139.3776984530894,152631.73271499434,443.556991347767,8122.457472554044,0.009999999776482582,22.80719566345215,0.75
1381,140.9157804585437,18300.744072934005,1197.3909368580717,8231.218605995438,0.009999999776482582,7.168905258178711,1.0
1382,115.0045618930204,32.29561905825332,758.086930555947,6398.979824161679,0.009999999776482582,1.201314926147461,1.0
1383,139.80220509681016,8321.382346003329,597.4536740853696,8152.475263257495,0.009999999776482582,16.88450813293457,1.0
1384,125.77973191121151,167834.64689616833,771.365641709633,7160.915598747409,0.009999999776482582,6.896828651428223,0.75
1385,121.0591865028492,63751.79914005917,748.0685692259211,6827.1155365567,0.009999999776482582,6.143381118774414,0.75
1386,145.62483737920104,135132.85622652102,480.86346850311605,8564.206292162053,0.009999999776482582,20.24331283569336,0.25
1387,138.07207507444548,618.0156817906749,749.8889330138442,8030.133995648823,0.009999999776482582,8.355841636657715,1.0
1388,138.77245864389792,243075.02525275474,455.7435708705886,8079.659645508355,0.009999999776482582,32.09876251220703,0.75
1389,151.93199644552303,210622.39926928046,706.9158238782945,9010.199266799144,0.009999999776482582,28.241004943847656,0.25
1390,148.45251473149915,160175.4563419779,785.4660187662613,8764.15752542004,0.009999999776482582,15.291990280151367,0.75
1391,133.3149474590424,69997.39374021301,584.8577768003331,7693.747125805837,0.009999999776482582,17.607574462890625,0.75
1392,134.3122907612956,357285.10088483914,331.6980831176326,7764.271446094729,0.009999999776482582,35.61945343017578,0.5
1393,124.6114182556432,61415.1085414434,683.7258557851256,7078.301591858266,0.009999999776482582,10.63199234008789,0.75
1394,141.62083691052996,123544.47374129912,500.9084433370295,8281.07468557134,0.009999999776482582,18.764949798583984,0.75
1395,133.0321666694012,134218.33833170653,730.0704093516624,7673.751079374134,0.009999999776482582,25.78650665283203,0.75
1396,142.44589100384803,90641.23294875245,437.1847325519377,8339.416060102427,0.009999999776482582,33.880104064941406,0.75
1397,139.988544267046,78799.9152016758,925.3922704236985,8165.6517124243865,0.009999999776482582,14.118061065673828,0.75
1398,142.6635512699054,56498.060241994805,1147.4633239152129,8354.80729227185,0.009999999776482582,13.459453582763672,0.75
1399,130.08824970604448,5.920346469616591,1630.632591540813,7465.580289678527,0.009999999776482582,43.5109977722168,1.0
1400,111.75333720049701,1.2311405551270551,568.2306030280538,6169.078634642823,0.009999999776482582,5.260432243347168,1.0
1401,137.35509357586125,1.6138866520449133,636.0744954722134,7979.434670017289,0.009999999776482582,34.4465217590332,1.0
1402,134.32120076173516,51331.56137506753,892.0073152509553,7764.901491660136,0.009999999776482582,21.906009674072266,0.75
1403,152.21771053334422,239565.05552258005,432.85944315531964,9030.402733143208,0.009999999776482582,28.605098724365234,0.5
1404,136.6687409000269,159213.85447684058,635.1375378082295,7930.901175249415,0.009999999776482582,10.598871231079102,0.75
1405,139.0337093047445,98.61031225961482,826.4452691368224,8098.133249571874,0.009999999776482582,14.452481269836426,1.0
1406,144.84932645661542,180917.2535014166,608.072502029002,8509.368223296095,0.009999999776482582,17.544559478759766,0.5
1407,145.92381147600244,150704.94025965943,575.8894278120013,8585.347402663592,0.009999999776482582,14.251516342163086,0.5
1408,125.09720917549619,63448.12523995983,994.7495722285068,7112.652927399144,0.009999999776482582,21.747772216796875,0.75
1409,140.42103843019547,106832.64162497211,612.522814904814,8196.23431804887,0.009999999776482582,16.60158920288086,0.75
1410,139.42320857168554,205500.54559006804,607.9573975891306,8125.675592305796,0.009999999776482582,23.207172393798828,0.75
1411,125.3596036134623,2.104656013051612,1254.3494363481263,7131.2074104375715,0.009999999776482582,3.588684320449829,1.0
1412,137.0717597213186,125641.72012220677,456.64250671061416,7959.399515160072,0.009999999776482582,11.29308032989502,0.75
1413,139.31845890716568,135218.31824805666,482.6917592858397,8118.268515049587,0.009999999776482582,21.543190002441406,0.75
1414,146.26879670158235,253335.00354888375,434.5131393665293,8609.742060439672,0.009999999776482582,34.34393310546875,0.75
1415,143.71588567627882,140596.4104871326,610.8591745196762,8429.22015347865,0.009999999776482582,20.348987579345703,0.5
1416,134.5446156817211,13.601991526673544,696.6381781141263,7780.69964796079,0.009999999776482582,9.989870071411133,1.0
1417,139.30379702773521,280390.92230340873,410.35141184553714,8117.231741574842,0.009999999776482582,52.07360076904297,0.5
1418,139.24318745006894,0.1575867649863984,1253.379761790402,8112.945906137582,0.009999999776482582,17.975242614746094,1.0
1419,128.78577370486775,35.410677258822,794.8233005552655,7373.479370699013,0.009999999776482582,7.8833327293396,1.0
1420,152.9011461243046,270707.7425132148,554.6565929541422,9078.729954476952,0.009999999776482582,46.259857177734375,0.25
1421,133.72236264379646,4.930486240595082,1155.896632590861,7722.556342166182,0.009999999776482582,8.346549987792969,1.0
1422,150.11142405698433,287787.98165576666,279.81361660575044,8881.46262220711,0.009999999776482582,22.249494552612305,0.5
1423,153.3950401495299,326803.31029847596,624.2079426401775,9113.65427827305,0.009999999776482582,36.73247146606445,0.5
1424,145.82468795036675,113512.80928387465,576.1289852488978,8578.33816195951,0.009999999776482582,28.05435562133789,0.75
1425,128.82145070356208,84191.17987435189,1028.7832415454548,7376.002169094691,0.009999999776482582,7.124484062194824,0.75
1426,136.31353766104547,2039.137962888331,1245.7736362052124,7905.783979458373,0.009999999776482582,14.476572036743164,1.0
1427,138.14358417580596,146.35955754973094,1288.4074554166086,8035.190560180337,0.009999999776482582,13.68024730682373,1.0
1428,147.81146697798368,153440.98387676914,535.9085980900379,8718.827640527583,0.009999999776482582,25.120641708374023,0.5
1429,140.0851638310503,0.013509333890530143,1213.857967335174,8172.483892539917,0.009999999776482582,13.83227252960205,1.0
1430,134.42499630000256,1.1344090932499356,1174.2024890135513,7772.241100567912,0.009999999776482582,24.151222229003906,1.0
1431,145.77319734335748,198163.93906570566,576.0845418976645,8574.697148827536,0.009999999776482582,23.705820083618164,0.5
1432,134.47705214950977,38.023285039185055,1129.4394659492302,7775.922083229813,0.009999999776482582,16.960203170776367,1.0
1433,134.59160201513384,70558.58213121565,498.53221306656746,7784.022154082117,0.009999999776482582,15.891956329345703,0.75
1434,121.13976868797059,64.63196176126124,950.0214186377294,6832.81367863099,0.009999999776482582,4.2267680168151855,1.0
1435,124.40823062660645,36.83603558549376,687.8891346128403,7063.933751420018,0.009999999776482582,2.324747085571289,1.0
1436,136.84311892574542,114436.9637909399,644.1402471789718,7943.231825798061,0.009999999776482582,11.400278091430664,0.75
1437,146.74357251026137,154250.2525695325,549.5302690874524,8643.314493443486,0.009999999776482582,27.229759216308594,0.75
1438,150.8881480770242,304082.2485495791,405.8762779356848,8936.38647184004,0.009999999776482582,28.606952667236328,0.25
1439,135.55490567913813,246243.70577514637,475.1368842246654,7852.139457303806,0.009999999776482582,17.732288360595703,0.5
1440,143.84649039464844,64001.43857556738,1156.1809990441734,8438.455497987135,0.009999999776482582,25.82530975341797,0.75
1441,148.69943077915454,112883.26774456313,628.2769121358695,8781.61749771842,0.009999999776482582,19.5045166015625,0.75
1442,133.5038965121804,47323.01057878794,758.942149896085,7707.108125485367,0.009999999776482582,10.163469314575195,0.75
1443,140.53929711651546,144324.32607555683,555.8578271111559,8204.596647702192,0.009999999776482582,27.636085510253906,0.5
1444,141.06468543699367,105377.15708715962,577.2143214196273,8241.748001810392,0.009999999776482582,24.177928924560547,0.5
1445,148.85851806765552,82149.56079675842,882.3658891448148,8792.866906886544,0.009999999776482582,29.657028198242188,0.75
1446,144.4447694283685,114413.929451113,478.27391669409326,8480.761113416527,0.009999999776482582,15.657917022705078,0.75
1447,153.31571296391883,256291.4377168276,542.7815498873866,9108.044879951516,0.009999999776482582,37.99524688720703,0.0
1448,149.1795491360015,208998.218950104,769.1140841644667,8815.567713956254,0.009999999776482582,17.486465454101562,0.5
1449,148.16702762516167,147866.9238646078,759.7590962366652,8743.970109431775,0.009999999776482582,19.56535530090332,0.75
1450,129.53629757211644,218695.444899714,1140.4426834680683,7426.550550380798,0.009999999776482582,13.036537170410156,0.75
1451,148.40516164175347,66963.37720152373,593.3068443099712,8760.809085158446,0.009999999776482582,30.00515365600586,0.75
1452,137.93239195318668,0.0015675493011517625,501.090639551134,8020.2566974704005,0.009999999776482582,12.146295547485352,1.0
1453,132.36746680453078,6.101457310527777,1065.5211361093966,7626.748702098226,0.009999999776482582,12.951803207397461,1.0
1454,111.86345648003373,1.735279797174318,986.7416744446219,6176.865409088979,0.009999999776482582,7.251065731048584,1.0
1455,126.05333097831492,8.362074004554772,1026.42522209769,7180.26238555146,0.009999999776482582,17.478744506835938,1.0
1456,132.16487020042914,7.637695745784594,934.6182680065593,7612.422654322273,0.009999999776482582,15.184040069580078,1.0
1457,148.35398636242573,120553.6525793491,517.030393456685,8757.19036953462,0.009999999776482582,25.740154266357422,0.5
1458,132.95333479921783,117447.73939673974,462.14064371807154,7668.176705886866,0.009999999776482582,55.03207778930664,0.75
1459,133.57842856102823,215626.90440374974,343.4194240281741,7712.378449227309,0.009999999776482582,17.112873077392578,0.75
1460,133.02665022850022,83597.28911972728,639.3155192934462,7673.360999805668,0.009999999776482582,26.14649200439453,0.75
1461,139.435291224058,146878.86299774016,440.2045247532688,8126.529983009509,0.009999999776482582,8.931293487548828,0.75
1462,140.48732079493558,171586.44175388463,546.8025894395965,8200.921288633499,0.009999999776482582,23.698772430419922,0.75
1463,147.5564760830978,158501.33786699348,869.5450354374418,8700.796678168828,0.009999999776482582,28.765472412109375,0.5
1464,144.18855291047456,316454.0288897805,359.2916229536553,8462.643484581567,0.009999999776482582,31.2380313873291,0.5
1465,146.96283319459343,1170.0790621060107,952.8409234535695,8658.818894679913,0.009999999776482582,46.303855895996094,1.0
1466,135.98089995749658,0.6069473167233024,882.9346183354384,7882.262441897289,0.009999999776482582,15.08509349822998,1.0
1467,137.9846331585644,283036.3066965083,417.41968378969284,8023.9507870502,0.009999999776482582,42.709373474121094,0.75
1468,154.17216536054895,235791.39457918511,615.3221598311408,9168.606496995191,0.009999999776482582,32.090171813964844,0.0
1469,146.2215085683519,159623.22128389138,542.393250702008,8606.398213394956,0.009999999776482582,30.61989974975586,0.75
1470,140.23840206261426,64707.470982234954,679.0040542186001,8183.319702134171,0.009999999776482582,20.803285598754883,0.75
1471,146.0422458831286,132121.88824261285,389.357534673223,8593.722157918397,0.009999999776482582,37.758094787597656,0.75
1472,135.89397499014268,149529.85646242605,632.6131896657523,7876.115787856581,0.009999999776482582,20.038423538208008,0.75
1473,151.5310173221689,205543.57793478353,628.5002616901457,8981.845158378605,0.009999999776482582,39.36163330078125,0.25
1474,144.50120669903853,188068.39511849335,544.7247026678216,8484.751915925524,0.009999999776482582,14.106002807617188,0.75
1475,146.22764582109633,56384.24441812744,955.7451448219367,8606.832191922975,0.009999999776482582,19.342809677124023,0.75
1476,148.16755119740185,121825.17290551944,789.7049802162479,8744.007132366885,0.009999999776482582,16.219837188720703,0.5
1477,152.63897591491886,317614.8010187948,518.7508690870187,9060.191327130527,0.009999999776482582,27.087196350097656,0.25
1478,142.99609393673853,221808.31938322037,550.0032916681134,8378.322109579469,0.009999999776482582,18.855884552001953,0.5
1479,144.52058021545608,70937.41179730081,812.7300404922304,8486.12185952856,0.009999999776482582,30.457759857177734,0.75
1480,123.08249914220876,231513.65556533265,481.38288458770813,6970.188386497523,0.009999999776482582,16.04680824279785,0.75
1481,144.67047773873634,311521.29836493946,278.1866170441732,8496.721440353384,0.009999999776482582,22.394344329833984,0.5
1482,145.8448067147222,60498.586457577505,500.44668956095455,8579.760803669757,0.009999999776482582,29.382946014404297,0.75
1483,141.89101252247207,238.0369700070165,939.8842385629102,8300.179392393762,0.009999999776482582,45.52605438232422,1.0
1484,133.0962715013076,727.9853453507257,987.4782834705155,7678.284071862497,0.009999999776482582,9.698223114013672,1.0
1485,143.12906148969827,4.704400380235408,659.6166859887528,8387.724535275593,0.009999999776482582,25.53519058227539,1.0
1486,136.95555876611098,87303.32656714864,1236.9350707509154,7951.182692161989,0.009999999776482582,16.026988983154297,0.75
1487,143.2854603746774,235438.61354883792,643.1652852805588,8398.78384156679,0.009999999776482582,17.36585235595703,0.5
1488,141.53311447807226,189499.2350775371,478.0113942154526,8274.871641033727,0.009999999776482582,23.497257232666016,0.5
1489,147.42670421847635,183424.32357917668,469.94520657116453,8691.62022656548,0.009999999776482582,14.603645324707031,0.75
1490,146.46340368478323,287259.1628951314,466.33249112856106,8623.503144694922,0.009999999776482582,20.68212890625,0.5
1491,136.00642007424716,103536.21605830782,698.1900890977125,7884.067025016724,0.009999999776482582,14.282529830932617,0.75
1492,139.45653991621214,217304.23699133302,474.6373346202144,8128.032524378978,0.009999999776482582,15.18945026397705,0.5
1493,146.02022726318063,138539.78045453207,522.2231148492496,8592.165173275274,0.009999999776482582,20.527164459228516,0.5
1494,143.10089009622607,133428.38082886089,627.5779232659643,8385.732474596256,0.009999999776482582,17.954376220703125,0.5
1495,152.38470744441392,222336.42234635117,555.717565738153,9042.211448975488,0.009999999776482582,25.261600494384766,0.25
1496,143.64922192260255,165927.50123618884,527.3443520442196,8424.506214050467,0.009999999776482582,14.046220779418945,0.75
1497,145.4099161787338,389783.1801438081,293.96932645125565,8549.008745294908,0.009999999776482582,31.66901969909668,0.5
1498,137.63276787039499,216722.27998550812,679.6627145376605,7999.06962504175,0.009999999776482582,61.18468475341797,0.75
1499,145.3464400953519,9.519111324909696,927.3293304979727,8544.520212986128,0.009999999776482582,29.64013671875,1.0
1500,141.81631828234978,67493.99468279119,684.2582134573465,8294.897599753036,0.009999999776482582,30.982799530029297,0.75
1501,147.56363703836166,54126.97239069168,1128.535832531422,8701.303044934877,0.009999999776482582,29.505414962768555,0.75
1502,133.96457918115684,135579.17305069146,625.5285610306759,7739.684001841118,0.009999999776482582,17.820566177368164,0.75
1503,138.72873299742824,82508.24771467914,537.2748278114074,8076.567709672921,0.009999999776482582,15.077850341796875,0.75
1504,140.4720837898669,251097.51492182474,748.9430708585052,8199.843846770422,0.009999999776482582,32.83650207519531,0.75
1505,136.61424766942375,225865.9428505687,407.2528072027412,7927.04784005385,0.009999999776482582,24.028640747070312,0.5
1506,140.80285068175965,160101.6714226188,530.6519725379744,8223.233095158721,0.009999999776482582,23.35678482055664,0.5
1507,143.84917285583265,167514.92388062458,590.9673604227182,8438.645180668405,0.009999999776482582,25.101764678955078,0.5
1508,145.19404954132648,185668.26889153392,269.7023431433199,8533.744344519564,0.009999999776482582,21.583133697509766,0.75
1509,135.65963031658393,133443.77605272265,557.6748592863778,7859.54476484102,0.009999999776482582,19.74123191833496,0.5
1510,144.31792000521202,180081.14539815107,362.5219192920705,8471.791314023541,0.009999999776482582,21.007286071777344,0.5
1511,120.8417340462643,5.636538532528395,975.4975038456097,6811.738999048348,0.009999999776482582,2.360079288482666,1.0
1512,147.01422961449884,294430.92671998695,423.9597462855877,8662.453247636335,0.009999999776482582,27.791654586791992,0.25
1513,145.06314586987045,142326.8285445926,480.83054394031325,8524.487860386267,0.009999999776482582,34.58865737915039,0.75
1514,155.04550231645797,329162.8957932397,583.9343278048577,9230.36205805376,0.009999999776482582,34.607608795166016,0.0
1515,142.86404338303052,79646.36838770294,1015.4810826602561,8368.984526900575,0.009999999776482582,15.93021011352539,0.75
1516,149.26940841216535,159349.1054969643,644.0619591775741,8821.921859373171,0.009999999776482582,26.03106689453125,0.25
1517,145.87483835660842,95188.49316913652,860.4035385007755,8581.884406571988,0.009999999776482582,13.019190788269043,0.75
1518,148.94884377892274,212286.72774944358,571.5314391999143,8799.254034947,0.009999999776482582,24.32931137084961,0.25
1519,150.79296153939885,151631.37409900158,729.7429682662047,8929.655624145456,0.009999999776482582,30.146297454833984,0.25
1520,155.81200022642162,553246.5631085748,347.8807576513815,9284.562797138205,0.009999999776482582,32.418296813964844,0.25
1521,143.04703260920377,123163.11725578942,889.3662662759054,8381.924094215965,0.009999999776482582,20.148338317871094,0.75
1522,138.10035480606305,3760.2918219914413,1068.653596331576,8032.133717154724,0.009999999776482582,10.66152286529541,1.0
1523,138.06181802620054,176454.64245804318,618.2837278139737,8029.408697394942,0.009999999776482582,24.040489196777344,0.75
1524,129.12983598543744,22.068033055650037,1304.0567938976117,7397.808765020311,0.009999999776482582,9.817481994628906,1.0
1525,143.47616984965092,177046.2777785009,562.8312785357001,8412.26932451411,0.009999999776482582,18.754247665405273,0.25
1526,150.18064418167125,161912.51168496336,670.2046335829968,8886.357328205362,0.009999999776482582,23.579273223876953,0.5
1527,140.18094208226142,167367.4642051035,574.2113212895438,8179.256581592787,0.009999999776482582,16.559810638427734,0.75
1528,148.2409197851364,168099.55595287116,859.4382942199453,8749.195185235787,0.009999999776482582,23.859981536865234,0.5
1529,146.81761111330525,482330.43669003283,591.0886590980983,8648.549924556335,0.009999999776482582,86.30475616455078,0.75
1530,137.6996999959822,0.008547614812745286,856.3040103508663,8003.802541633124,0.009999999776482582,21.089305877685547,1.0
1531,132.7103997332647,14.692037003475969,705.4417452481118,7650.9982374878955,0.009999999776482582,7.39545202255249,1.0
1532,131.35292547452795,856.1044805034668,819.9553444914509,7555.00827175514,0.009999999776482582,10.289358139038086,1.0
1533,150.18508975317044,171056.43636552466,615.1852710712152,8886.671684262668,0.009999999776482582,21.678817749023438,0.25
1534,150.6559171659112,233234.7370782325,653.2227398399715,8919.96491757752,0.009999999776482582,29.139963150024414,0.5
1535,135.17820550039738,22.848133659346413,1247.2809685093448,7825.502166013659,0.009999999776482582,9.476102828979492,1.0
1536,130.2152658888533,1.3127984624470788,506.4616549184669,7474.561881010263,0.009999999776482582,18.058460235595703,1.0
1537,130.19932671649727,3.0419358620203656e-08,795.9921329874353,7473.434787366743,0.009999999776482582,19.04757308959961,1.0
1538,125.94700111112336,4.212260762538444e-08,930.2128135424402,7172.743568717627,0.009999999776482582,14.155073165893555,1.0
1539,143.09900200113933,18.13911678179653,716.4945142761966,8385.598963274395,0.009999999776482582,25.821964263916016,1.0
1540,150.7148850665382,177237.99806108972,519.3203567284863,8924.134666450536,0.009999999776482582,25.434337615966797,0.5
1541,147.88006954540177,521.1463148381147,826.1630289648974,8723.678677704353,0.009999999776482582,20.711671829223633,1.0
1542,131.94786046865826,0.004172001479068415,1029.5364093897663,7597.077422851184,0.009999999776482582,7.737684726715088,1.0
1543,145.50219441918773,132189.78502555302,495.8384429742565,8555.53394095298,0.009999999776482582,20.053340911865234,0.5
1544,153.42227234338765,441514.52451073047,454.03424003006853,9115.579926099083,0.009999999776482582,27.998741149902344,0.25
1545,134.11505808339456,6.66475628963439e-16,inf,7750.324693240115,0.009999999776482582,27.11777114868164,1.0
1546,145.23016851201191,66944.38144995325,692.4171982557671,8536.298395718753,0.009999999776482582,29.94095230102539,0.75
1547,129.04216507051856,0.30477822909323227,850.0280115969398,7391.609363400236,0.009999999776482582,2.9502086639404297,1.0
1548,140.01099154461207,183943.76847694148,424.9956708420927,8167.239008382666,0.009999999776482582,22.51272201538086,0.75
1549,141.86843807069033,248484.83177412002,415.98431915232624,8298.583103669302,0.009999999776482582,42.177154541015625,0.25
1550,148.78703263135742,226468.32153253307,547.9994021299118,8787.812015763207,0.009999999776482582,22.797775268554688,0.25
1551,144.4704125416172,194143.1223769236,976.7377265228788,8482.574393886622,0.009999999776482582,17.047794342041016,0.75
1552,151.59754068278372,228239.47683343678,687.3396614411919,8986.54917030719,0.009999999776482582,38.69628143310547,0.25
1553,142.07460798682362,137432.3576348049,669.355124147757,8313.161828133056,0.009999999776482582,8.966986656188965,0.75
1554,138.24052265950843,6.186312909584708e-05,961.3378626445863,8042.045291803348,0.009999999776482582,11.019701957702637,1.0
1555,154.4972736108827,392648.59065657057,463.0828239592856,9191.59561049633,0.009999999776482582,85.02342224121094,0.25
1556,147.02778483086755,128863.32892017232,1107.5618158128364,8663.411766552148,0.009999999776482582,34.8046760559082,0.5
1557,145.88417525802276,94735.7781339159,946.6067227354392,8582.544639236472,0.009999999776482582,17.93653678894043,0.75
1558,152.83354615613013,339350.83015948004,486.8253383524819,9073.949813279549,0.009999999776482582,37.30870056152344,0.25
1559,131.8650499721284,10.924826629838224,1047.6541531128976,7591.22171201685,0.009999999776482582,10.66854190826416,1.0
1560,147.27562792655,42041.15207539641,601.6752297355285,8680.937292438583,0.009999999776482582,29.708209991455078,0.75
1561,138.61253907960543,78696.88063097556,860.7394105983592,8068.351384303669,0.009999999776482582,26.225082397460938,0.75
1562,146.91815193974017,141297.65531648364,545.6808907432904,8655.65938569132,0.009999999776482582,19.118297576904297,0.5
1563,144.53715562786832,0.05537234496974413,1247.3090054906377,8487.29394309421,0.009999999776482582,24.238407135009766,1.0
1564,137.80820562414576,135373.8268351341,479.59675649307655,8011.475211271017,0.009999999776482582,20.415315628051758,0.75
1565,144.69709367604764,193872.10539474638,528.5752961149796,8498.603511334852,0.009999999776482582,16.444782257080078,0.5
1566,137.27871154124583,0.7111109490642461,1201.3063727982621,7974.033529746566,0.009999999776482582,15.116923332214355,1.0
1567,131.99583705836386,696.6368268144541,727.4563431211129,7600.469952154907,0.009999999776482582,6.127688884735107,1.0
1568,136.38541662563432,78995.18435908051,591.9150542026407,7910.866697825504,0.009999999776482582,12.623502731323242,0.75
1569,135.12615014265174,249361.04906832203,451.9731690354823,7821.821218125291,0.009999999776482582,19.708986282348633,0.5
1570,135.25118031951874,2.6306068182126836,792.0246215288129,7830.662374645041,0.009999999776482582,2.9413442611694336,1.0
1571,126.70557751847575,0.07797087305410164,743.4764211518681,7226.384161074195,0.009999999776482582,16.141965866088867,1.0
1572,140.57732705227627,168864.43301813805,452.32287657351054,8207.285827410025,0.009999999776482582,28.042797088623047,0.5
1573,152.4566943669672,344836.92035871954,496.5510389367363,9047.301801285761,0.009999999776482582,31.3524169921875,0.25
1574,134.66407808676757,80281.27824363433,1318.3499847049816,7789.14709519079,0.009999999776482582,9.647806167602539,0.75
1575,152.82175738449848,184864.74135928435,575.1295775042315,9073.116203524027,0.009999999776482582,33.1916618347168,0.5
1576,143.48518374095806,61.736152829778625,928.4636926367676,8412.90671642937,0.009999999776482582,18.569807052612305,1.0
1577,145.18471653668072,123161.63445481686,529.076761248164,8533.084387404087,0.009999999776482582,16.945627212524414,0.75
1578,146.10395771452085,124681.00749611895,883.6430962985517,8598.085936120835,0.009999999776482582,11.190369606018066,0.75
1579,152.514845575749,221553.78536484626,488.22409130023306,9051.41380009705,0.009999999776482582,49.83762741088867,0.25
1580,145.8704009977789,94190.61680117207,1030.3711349018965,8581.570631250466,0.009999999776482582,15.707366943359375,0.75
1581,153.83482660717078,246420.23765559142,553.6127132454031,9144.752537946837,0.009999999776482582,29.288516998291016,0.5
1582,144.03771523871143,239778.50949257723,791.6010020442562,8451.977423806886,0.009999999776482582,21.098583221435547,0.5
1583,142.49592410331886,64426.92311366941,1256.3550868443697,8342.95400969727,0.009999999776482582,29.148052215576172,0.75
1584,143.22472308706907,80198.26239036197,538.7067571506695,8394.48897548097,0.009999999776482582,9.498870849609375,0.75
1585,137.06986915340568,283747.5260410528,416.25859036627713,7959.265828979277,0.009999999776482582,52.650978088378906,0.5
1586,123.69574626402513,132084.96115187692,569.6214896085213,7013.552428084319,0.009999999776482582,7.1998491287231445,0.75
1587,134.61992834193487,181844.28163983618,461.01611958219235,7786.025170435072,0.009999999776482582,11.035293579101562,0.5
1588,132.69899033016446,683.8333258597893,686.5577642070358,7650.191453708701,0.009999999776482582,16.853687286376953,1.0
1589,132.42576373756663,97972.54976767203,555.8570944605875,7630.871005389372,0.009999999776482582,16.501201629638672,0.75
1590,150.36731081493897,190357.56300986285,440.7364667498619,8899.556932997493,0.009999999776482582,20.449472427368164,0.25
1591,140.07696192142055,80359.2668906673,1057.346046603577,8171.903917620146,0.009999999776482582,16.827529907226562,0.75
1592,141.27432088813586,72627.22547152119,787.1273225379216,8256.571781813582,0.009999999776482582,12.197412490844727,0.75
1593,136.47905915972854,133903.5301095594,501.3047423126834,7917.488365662652,0.009999999776482582,12.232168197631836,0.75
1594,147.31039811998997,60833.5384289403,741.2028693522673,8683.39596865682,0.009999999776482582,18.394115447998047,0.75
1595,143.38504625857567,279471.1612637544,614.900296337764,8405.825776632108,0.009999999776482582,26.405628204345703,0.75
1596,141.07797164519963,4.934540176154263e-10,inf,8242.687498572264,0.009999999776482582,5.085606575012207,1.0
1597,150.67559130954368,119160.91247747779,762.4076024558744,8921.356119186647,0.009999999776482582,21.455265045166016,0.5
1598,152.4042155849827,246266.0452711332,557.3259252805858,9043.590912145897,0.009999999776482582,24.045570373535156,0.5
1599,151.45381096940662,203793.03005332855,1004.1532445817327,8976.38572877373,0.009999999776482582,27.34298324584961,0.25
1600,147.03467102611214,195240.1518602549,627.6791195553294,8663.898704437936,0.009999999776482582,14.02973461151123,0.5
1601,122.69195492342514,181985.14834161152,453.7032991031597,6942.572152939584,0.009999999776482582,10.443075180053711,0.75
1602,146.12957860921532,158867.05930613066,538.1285895750905,8599.8976454685,0.009999999776482582,21.41815185546875,0.25
1603,149.031661014866,157116.544377461,696.1040700133308,8805.110222339956,0.009999999776482582,21.473602294921875,0.5
1604,124.61412103493808,32.6786953440462,427.2760777952134,7078.4927112774585,0.009999999776482582,19.109058380126953,1.0
1605,128.1749046599601,183477.74169482433,333.7459858831294,7330.283488117451,0.009999999776482582,6.380057334899902,0.75
1606,148.2510540299152,225656.2446334219,343.00733637465373,8749.91179978872,0.009999999776482582,32.01832580566406,0.25
1607,147.1001989066512,103912.85251134298,700.8447321004353,8668.532323799041,0.009999999776482582,12.588802337646484,0.75
1608,136.9641424287923,315.67986314446085,1098.4276633527284,7951.7896616727085,0.009999999776482582,5.770447731018066,1.0
1609,135.4343706904016,52891.33314295437,703.299399772221,7843.616165341582,0.009999999776482582,19.36634063720703,0.75
1610,131.58678380110496,2.5524649642532645e-05,1073.7189619126002,7571.544904114811,0.009999999776482582,30.582733154296875,1.0
1611,148.63106834641457,179986.12742289895,749.4461847860005,8776.783440988514,0.009999999776482582,14.657052993774414,0.5
1612,141.89990915859426,132447.23403779385,854.1627802821403,8300.808492939137,0.009999999776482582,9.576204299926758,0.75
1613,146.60562082635303,427523.9065698647,284.17437730058174,8633.559628976693,0.009999999776482582,36.1571159362793,0.25
1614,137.73307694739265,2.012029291666655e-09,939.79691185863,8006.162698668539,0.009999999776482582,23.20787811279297,1.0
1615,140.6847860336358,78296.47904244582,998.4536928127303,8214.884486369478,0.009999999776482582,17.715152740478516,0.75
1616,147.6228078890169,161144.58769862514,721.634109324276,8705.487144847062,0.009999999776482582,32.506160736083984,0.5
1617,151.8345929195459,154504.80515212024,548.9100959400523,9003.311651022552,0.009999999776482582,34.214210510253906,0.5
1618,150.71049554973692,272704.5005893594,372.1027316597534,8923.824274143186,0.009999999776482582,13.958643913269043,0.75
1619,153.3478388609468,235364.02750119343,758.1848640449108,9110.31657220277,0.009999999776482582,30.367488861083984,0.25
1620,145.37487990176749,84611.5757366912,900.7910231266897,8546.531253730149,0.009999999776482582,21.925519943237305,0.75
1621,142.84091988428173,41.65980730216905,1042.8454059570302,8367.349413867505,0.009999999776482582,19.42116928100586,1.0
1622,147.6060877438293,98983.67644529333,1108.712173039214,8704.304826911179,0.009999999776482582,14.261595726013184,0.75
1623,141.5892003434926,6.77858872677241,1060.032983286385,8278.83759491104,0.009999999776482582,9.100300788879395,1.0
1624,143.61037911977266,162799.48534018002,737.940116060355,8421.75955473917,0.009999999776482582,31.312301635742188,0.25
1625,131.68292644390837,191762.97683568744,401.1627749084515,7578.343360091976,0.009999999776482582,8.659420013427734,0.75
1626,135.9007816648705,57664.95057089397,925.3580786991457,7876.597102673177,0.009999999776482582,15.901620864868164,0.75
1627,141.7722949268229,110829.23990055843,1078.6947542904618,8291.784612260808,0.009999999776482582,27.937259674072266,0.75
1628,122.60168845252207,74.50075105095797,469.0392958949226,6936.1892138944895,0.009999999776482582,3.0095648765563965,1.0
1629,129.14654641119435,3.2804376480275517,1042.7013119064213,7398.99039567405,0.009999999776482582,8.37500286102295,1.0
1630,140.08761592270307,311932.67733688804,409.1325289043668,8172.657285289141,0.009999999776482582,36.250911712646484,0.5
1631,139.91376573587704,188655.36067570385,494.02107459224766,8160.363959379894,0.009999999776482582,16.82305908203125,0.5
1632,139.44681113986897,17.572803243818566,790.0131119269528,8127.344581383528,0.009999999776482582,19.232065200805664,1.0
1633,131.354582499371,297981.4025804324,582.8390077507088,7555.125443596064,0.009999999776482582,39.17485809326172,0.5
1634,137.30306374622103,142185.71652913312,633.082239923696,7975.755527276938,0.009999999776482582,8.777587890625,0.75
1635,137.23522195399414,3.4544897601277063,935.0980873782443,7970.958286173325,0.009999999776482582,16.616348266601562,1.0
1636,145.57261942669908,108515.27324863302,682.8499512305416,8560.513846843816,0.009999999776482582,16.434812545776367,0.5
1637,144.68179167162816,207078.543852444,518.9956950439231,8497.521473225905,0.009999999776482582,34.489810943603516,0.75
1638,148.3879742923368,163939.35743230546,468.11600716718783,8759.593730192468,0.009999999776482582,18.748668670654297,0.5
1639,129.00115444462435,14.481710261916394,1368.1866581577503,7388.709412591646,0.009999999776482582,7.92343807220459,1.0
1640,142.57244431641388,4.13914463704535e-05,805.6540037406896,8348.364920869679,0.009999999776482582,14.448799133300781,1.0
1641,148.1508879066385,259865.46198296675,369.7451674798789,8742.82883473135,0.009999999776482582,20.643714904785156,0.5
1642,150.3663340471138,233418.34915966657,480.29509137387146,8899.48786361407,0.009999999776482582,28.284080505371094,0.75
1643,149.9555747700669,117036.84950446208,921.2314317889425,8870.442179193626,0.009999999776482582,20.445667266845703,0.75
1644,137.98680498439012,345187.45821034367,539.5975718933561,8024.104361591482,0.009999999776482582,77.21350860595703,0.75
1645,141.81868803781052,120323.07839317988,852.5331045645448,8295.06517033053,0.009999999776482582,33.952030181884766,0.5
1646,151.2596633306898,154672.9345825367,475.0881085230615,8962.657125768863,0.009999999776482582,34.0516471862793,0.5
1647,133.85370450050135,29.094716073555464,1276.6329552875322,7731.843811334187,0.009999999776482582,9.31161880493164,1.0
1648,137.17420745615098,66.42731531120641,1103.4083800085675,7966.643817947153,0.009999999776482582,12.851255416870117,1.0
1649,118.39118923061866,43578.51632715838,1230.3574735593518,6638.455630051499,0.009999999776482582,7.834192276000977,0.75
1650,142.76908230715534,165479.31714525257,357.3660758136729,8362.269622098118,0.009999999776482582,20.46660041809082,0.25
1651,140.82601399639876,213762.8803571912,544.7365342468257,8224.87102366024,0.009999999776482582,18.851768493652344,0.5
1652,137.0886896511205,74361.25252117726,780.7221551616838,7960.596667423609,0.009999999776482582,13.196610450744629,0.75
1653,143.10703840117284,1.369134238737744,1053.5614419410304,8386.16723464961,0.009999999776482582,17.918460845947266,1.0
1654,99.75803838448743,5.250710956513235,1338.1497888924746,5320.8648914412215,0.009999999776482582,0.4051460921764374,1.0
1655,138.0761933795414,88351.09971067644,289.4982612412312,8030.4252099849255,0.009999999776482582,15.145320892333984,0.75
1656,132.1617484898381,235626.49462100992,452.0688104298179,7612.201911357363,0.009999999776482582,18.98330307006836,0.5
1657,148.19332866797845,233684.56412992845,489.2036674587922,8745.829913536692,0.009999999776482582,28.861770629882812,0.25
1658,144.1848206426154,136450.84144805916,467.67806160950323,8462.379567780492,0.009999999776482582,28.37303924560547,0.5
1659,143.08804251090697,185870.3847348735,736.5293484414885,8384.82399381543,0.009999999776482582,32.69578170776367,0.5
1660,139.10319092591965,233174.55584683313,703.763602795017,8103.046446557183,0.009999999776482582,10.901151657104492,0.75
1661,151.22610007608182,214314.97318217764,528.2250342419394,8960.283794827988,0.009999999776482582,29.124887466430664,0.25
1662,142.45683213080153,207081.63329611006,673.5003249131966,8340.189731053892,0.009999999776482582,12.396852493286133,0.75
1663,132.4569577878359,155.58236520249164,997.0030754394778,7633.076804723792,0.009999999776482582,5.454419136047363,1.0
1664,141.50181679856703,44509.119189497396,916.6290569675094,8272.658513849998,0.009999999776482582,17.82131576538086,0.75
1665,150.92979479249377,235664.06154056516,406.3122114864883,8939.331401929932,0.009999999776482582,48.02758026123047,0.5
1666,128.63091020935414,118482.10105664181,881.8668916408592,7362.5286351458835,0.009999999776482582,17.006519317626953,0.75
1667,138.9169594600104,175835.6402652799,549.985031336173,8089.877613398147,0.009999999776482582,18.258893966674805,0.5
1668,141.454549849883,1.1204308137966756,701.3989301145886,8269.316164810765,0.009999999776482582,14.164615631103516,1.0
1669,152.3640244366922,170585.1111193668,574.0712457527433,9040.748908386095,0.009999999776482582,23.614246368408203,0.75
1670,146.26605238076255,149809.90922492306,744.5395754649358,8609.548003528642,0.009999999776482582,17.611995697021484,0.75
1671,138.21358497934148,2.6533293462690223e-06,948.1722099846662,8040.1404696827785,0.009999999776482582,21.344783782958984,1.0
1672,130.90690814563337,11.120507776686116,589.0928871665254,7523.469413584344,0.009999999776482582,7.837945938110352,1.0
1673,128.93408793512654,6.397435246471423e-06,966.5052261002772,7383.966993420839,0.009999999776482582,7.78110408782959,1.0
1674,141.38075665938922,0.00017634818892818118,623.8228511686204,8264.098087354623,0.009999999776482582,17.657978057861328,1.0
1675,150.52453250479792,245994.58884293196,381.64941729124183,8910.674421616432,0.009999999776482582,21.328411102294922,0.5
1676,142.5244450681218,102558.50059476316,1066.9616824954153,8344.970789327883,0.009999999776482582,15.138998031616211,0.75
1677,150.11681640325017,163581.09026045338,590.1689791009161,8881.84392677325,0.009999999776482582,33.96702575683594,0.75
1678,133.11599611001856,145538.9303438888,957.0452093394962,7679.678841967397,0.009999999776482582,10.86304759979248,0.75
1679,139.17824501491347,156633.74599046455,636.0679980109632,8108.353684896512,0.009999999776482582,18.499670028686523,0.75
1680,140.74027208840107,20.93309040824723,904.8590836648438,8218.808026327077,0.009999999776482582,8.079315185546875,1.0
1681,140.72609175714146,1989.394266446065,538.3663630876566,8217.805304173835,0.009999999776482582,18.573944091796875,1.0
1682,139.1535085184895,156945.2555077405,532.9125983087374,8106.60451327959,0.009999999776482582,21.306949615478516,0.5
1683,141.11021135479615,55758.53047427602,805.08146304446,8244.967238758485,0.009999999776482582,11.813246726989746,0.75
1684,144.1545416914538,155589.38855152467,778.5739170186572,8460.238477099974,0.009999999776482582,14.19317626953125,0.5
1685,147.42375647027032,165893.79370108573,658.300021515032,8691.411784860258,0.009999999776482582,14.084005355834961,0.5
1686,148.29444815221777,95746.48395182223,889.82460015958,8752.980292827184,0.009999999776482582,14.488451957702637,0.5
1687,147.09096844589763,158896.6906513771,722.5413923944827,8667.879617785846,0.009999999776482582,24.60257339477539,0.75
1688,140.92878695957896,112757.91652661252,960.8875669160261,8232.138324053178,0.009999999776482582,20.99512481689453,0.5
1689,138.51866910787763,126363.94108288002,619.534444400054,8061.713633855368,0.009999999776482582,32.398231506347656,0.75
1690,142.84242363503606,171102.91825567206,570.4161510566009,8367.455747363296,0.009999999776482582,14.548521041870117,0.5
1691,127.01937173344814,66994.07079405672,438.746124268831,7248.57323445697,0.009999999776482582,11.106831550598145,0.75
1692,136.09087401591123,0.27828919696823967,742.2185754485757,7890.0389474411495,0.009999999776482582,11.378902435302734,1.0
1693,140.9379571294032,231162.7390092126,695.1576167252936,8232.786766763253,0.009999999776482582,25.793567657470703,0.5
1694,149.93599757896345,276527.2568999518,443.8470346639116,8869.057833309296,0.009999999776482582,29.247081756591797,0.75
1695,152.51268010383254,180147.15599417596,746.271340428911,9051.260674854551,0.009999999776482582,27.960731506347656,0.5
1696,143.85007793058446,201861.7997540065,714.5527837001665,8438.70918047824,0.009999999776482582,13.04013729095459,0.5
1697,147.72986929047718,112501.03412184803,818.2507420744386,8713.057690064647,0.009999999776482582,11.652765274047852,0.5
1698,143.14364527895165,210.60447717405629,944.1314196178305,8388.755786823589,0.009999999776482582,17.350982666015625,1.0
1699,144.97009736964662,166309.62369015315,676.8146216287478,8517.908197979788,0.009999999776482582,14.989701271057129,0.5
1700,149.58451915906716,195287.11517919524,521.3979740431112,8844.20402760027,0.009999999776482582,15.535969734191895,0.5
1701,155.29640376077748,316808.9658986495,473.95444494783965,9248.103846443135,0.009999999776482582,32.68295669555664,0.25
1702,143.92905542876449,47866.039932825195,1086.1170348475202,8444.293851638791,0.009999999776482582,10.623732566833496,0.75
1703,151.00133795177047,157877.96303220993,737.0105198932783,8944.390374770988,0.009999999776482582,19.87312889099121,0.25
1704,144.087494132971,115798.50413925215,649.3382542009895,8455.497397996773,0.009999999776482582,23.06865119934082,0.75
1705,132.7523544317356,103716.71876766146,772.4667141065202,7653.964945727577,0.009999999776482582,23.15981674194336,0.75
1706,145.95594398709193,212841.9713737126,459.62629811004734,8587.619562609561,0.009999999776482582,19.089046478271484,0.25
1707,145.18742287264683,85828.57643868063,738.8318980521209,8533.27575832326,0.009999999776482582,16.663883209228516,0.75
1708,148.2243749744326,178743.30161105716,1001.1405185524617,8748.025265583688,0.009999999776482582,25.652095794677734,0.25
1709,149.58218371428578,104391.31366943948,721.9375575381811,8844.03888320575,0.009999999776482582,23.8059024810791,0.75
1710,139.28648761738071,4.232499293049993,936.4575427800037,8116.007755413712,0.009999999776482582,16.433866500854492,1.0
1711,149.46655129536836,261347.86781931273,498.97557631868017,8835.862262648829,0.009999999776482582,40.24720001220703,0.25
1712,150.73464082251775,242610.92853504396,724.0894457101708,8925.531639046736,0.009999999776482582,19.267282485961914,0.5
1713,137.8643474289572,5650.521316761517,706.334570244334,8015.445120744688,0.009999999776482582,10.758421897888184,1.0
1714,143.54778079736082,266081.07985020743,450.21428219527496,8417.333090823138,0.009999999776482582,12.856801986694336,0.5
1715,127.42452141816165,175162.00613118068,651.6384997717032,7277.222252367981,0.009999999776482582,17.053691864013672,0.75
1716,141.64813132324252,24949.007936849932,570.3611753668278,8283.004733028309,0.009999999776482582,19.659008026123047,0.75
1717,144.387048762682,142460.39618471774,614.123238596506,8476.679559246599,0.009999999776482582,16.826990127563477,0.75
1718,148.059718819242,237437.17343070055,499.5183833938207,8736.382069705232,0.009999999776482582,18.960163116455078,0.25
1719,138.14840847654276,1.826257284498421,1137.2182617066528,8035.531697008111,0.009999999776482582,6.641602993011475,1.0
1720,136.73596468683482,0.0001221310464212604,966.0226692294987,7935.654715841871,0.009999999776482582,16.069726943969727,1.0
1721,133.73516069741444,0.7608375237255365,1095.7089504905962,7723.461320452385,0.009999999776482582,10.303241729736328,1.0
1722,143.85051850557608,139878.84641733722,719.5998011503034,8438.74033449687,0.009999999776482582,23.124691009521484,0.75
1723,126.4396123346669,9.84487137941662e-06,1214.156163627262,7207.577182808784,0.009999999776482582,8.965768814086914,1.0
1724,139.63407827582745,98240.60574281095,888.7734288803083,8140.586649030728,0.009999999776482582,16.033798217773438,0.5
1725,139.3024577281708,152853.77786042614,853.3731375245935,8117.137036781386,0.009999999776482582,20.121124267578125,0.75
1726,147.91708012384288,219591.12373483647,441.49305351877547,8726.295776432706,0.009999999776482582,26.064960479736328,0.75
1727,148.6964860391914,63.87915793057998,1156.9234670261185,8781.409268732614,0.009999999776482582,15.904027938842773,1.0
1728,155.63620956219265,347840.65189653373,414.4282774135918,9272.132255839264,0.009999999776482582,58.23078155517578,0.25
1729,145.68975224629858,217829.00851158696,710.6758008891987,8568.796564005614,0.009999999776482582,16.59458351135254,0.75
1730,132.69649680493188,0.20420251048546256,979.1542622560067,7650.015131100675,0.009999999776482582,9.18908405303955,1.0
1731,143.92065312959505,120681.3428633066,479.8377341030837,8443.699706737581,0.009999999776482582,33.21711730957031,0.75
1732,137.07025425568085,8.991887425668472e-05,727.0886607715215,7959.293060401133,0.009999999776482582,20.84457015991211,1.0
1733,136.62000535663677,254209.678822247,357.39510567912765,7927.454978675242,0.009999999776482582,21.24512481689453,0.75
1734,139.09007304860992,184232.48647507568,473.90412010801555,8102.118852840144,0.009999999776482582,24.07498550415039,0.5
1735,145.2955140947365,73.79741493251193,642.2941557741626,8540.919124403772,0.009999999776482582,21.93722915649414,1.0
1736,153.0665259184229,208838.53211900682,474.9497334331709,9090.424320442373,0.009999999776482582,20.476839065551758,0.5
1737,139.07469626446158,495731.06981193024,313.49510997177606,8101.03152689346,0.009999999776482582,33.43522262573242,0.5
1738,130.56324597935833,105095.84195147459,837.4291335646449,7499.168312217543,0.009999999776482582,23.620676040649414,0.75
1739,142.93478706647582,513.9359199593407,629.8124598564982,8373.986967061792,0.009999999776482582,27.3011474609375,1.0
1740,133.55298336221574,6.04521751089408e-06,630.3426464452672,7710.579163718686,0.009999999776482582,19.938657760620117,1.0
1741,127.6134573950339,1.4930184723960718,1166.1272532593637,7290.582327396239,0.009999999776482582,7.725857257843018,1.0
1742,140.31045004402804,0.00026267172668708385,481.1206167576256,8188.41437204965,0.009999999776482582,19.422016143798828,1.0
1743,154.01966238056178,407995.1769883434,444.8294771764731,9157.82267864365,0.009999999776482582,42.12702178955078,0.0
1744,150.4861069497307,199285.5051141322,557.4479087666267,8907.957266804526,0.009999999776482582,25.32599639892578,0.25
1745,150.07393808397453,259936.75206630168,472.68705834468915,8878.811907291882,0.009999999776482582,38.77207946777344,0.5
1746,150.49451998780557,244550.56410330965,554.6943426274961,8908.55217107716,0.009999999776482582,31.822166442871094,0.5
1747,142.47780421923326,12.207650244688493,1134.929514411658,8341.672713170827,0.009999999776482582,10.053682327270508,1.0
1748,150.2711534398432,164543.34618532128,467.369796831796,8892.757435267802,0.009999999776482582,23.508113861083984,0.5
1749,148.82109673032244,247825.9862646644,777.566483499691,8790.220762501,0.009999999776482582,26.890533447265625,0.5
1750,134.94252270860463,170817.33677109386,490.9938479307873,7808.836521739094,0.009999999776482582,8.904031753540039,0.75
1751,125.45308636650377,92685.41519483196,432.21710960745133,7137.817779807966,0.009999999776482582,9.611994743347168,0.75
1752,137.15240970379764,142718.36967232425,425.03110434955914,7965.102451333399,0.009999999776482582,17.207862854003906,0.75
1753,150.90274159659774,142036.98730922258,502.4341949242277,8937.418411440198,0.009999999776482582,35.22789001464844,0.5
1754,137.90495967455837,40.116013324185964,1336.755028580814,8018.316901213819,0.009999999776482582,18.189380645751953,1.0
1755,139.16850748310398,238920.91631328824,422.7220452947728,8107.665122782942,0.009999999776482582,88.36158752441406,0.75
1756,133.40659668395514,202145.86859349362,623.7695883191412,7700.227842402993,0.009999999776482582,22.761581420898438,0.75
1757,144.28519891693387,61.05471598998782,1096.6507738577236,8469.477534500767,0.009999999776482582,27.85083770751953,1.0
1758,144.2133976969157,212104.2710503639,636.1894726076002,8464.400313621805,0.009999999776482582,20.07913589477539,0.5
1759,150.85539422652838,108951.45202437011,747.595743431985,8934.070375629395,0.009999999776482582,36.96729278564453,0.5
1760,153.59376769662407,287495.0287866263,360.65918161646135,9127.70673658889,0.009999999776482582,48.78465270996094,0.5
1761,144.53477042122378,0.0029423213427843867,1188.4700870826296,8487.125279929807,0.009999999776482582,26.551082611083984,1.0
1762,138.14078516541494,0.20284817778607683,984.7903903061816,8034.99263605044,0.009999999776482582,13.909723281860352,1.0
1763,133.66563790962772,108610.62333989462,392.3046121414475,7718.54521248618,0.009999999776482582,12.128266334533691,0.75
1764,151.08239615542988,203128.59511670025,494.7250768628304,8950.122177154384,0.009999999776482582,37.012359619140625,0.5
1765,145.72546234967177,61.93250216076648,1220.4612112706482,8571.321703305344,0.009999999776482582,19.894968032836914,1.0
1766,147.07704220921022,49.61089273524267,943.4908831139604,8666.894863214033,0.009999999776482582,11.080183029174805,1.0
1767,142.51566742841092,231452.02766521543,726.2622965248635,8344.350103278302,0.009999999776482582,20.85129737854004,0.5
1768,152.44852061237293,325621.11824699555,460.7030326901622,9046.723817269958,0.009999999776482582,22.365345001220703,0.25
1769,148.65816506192147,204587.67594912235,609.9560408721941,8778.699508844857,0.009999999776482582,15.504069328308105,0.5
1770,144.68395861252642,0.5559925698056438,859.9102698987768,8497.674702343313,0.009999999776482582,9.811026573181152,1.0
1771,142.86340136185675,1.9505052889610816e-05,910.2962623185092,8368.939128183014,0.009999999776482582,22.271408081054688,1.0
1772,142.30526786976955,179519.83279731194,635.0406817190667,8329.472291567188,0.009999999776482582,18.525550842285156,0.75
1773,143.4297350317143,232923.42825715724,760.3944346331413,8408.985817255056,0.009999999776482582,20.983829498291016,0.5
1774,136.34754514122756,216009.37573523456,496.13984760508004,7908.188722558528,0.009999999776482582,16.60777473449707,0.75
1775,140.72897094239528,129922.48258514443,582.7258779098166,8218.008897643158,0.009999999776482582,12.786975860595703,0.75
1776,135.62541992544394,3029.761498910987,575.4316555812817,7857.125673464446,0.009999999776482582,28.661542892456055,1.0
1777,147.90759869929173,240528.18080390472,510.98388527968257,8725.625324221986,0.009999999776482582,29.51653289794922,0.5
1778,132.1845934298052,0.27425975448722206,983.5226537467295,7613.817326891394,0.009999999776482582,12.83226203918457,1.0
1779,139.37005740925784,115890.49505659887,642.0442244747766,8121.917157678212,0.009999999776482582,14.636850357055664,0.75
1780,127.39805765224597,170861.09264813713,497.48359701904144,7275.350941757812,0.009999999776482582,13.115549087524414,0.5
1781,144.19654140805432,93004.62865324477,450.03899597586854,8463.208368669793,0.009999999776482582,19.4106502532959,0.75
1782,148.41547612364766,122619.0902121335,694.0988543766225,8761.53844467094,0.009999999776482582,25.223690032958984,0.75
1783,153.0611034226792,275081.2627251819,637.8259032027609,9090.040883940888,0.009999999776482582,29.366220474243164,0.25
1784,140.6587003728786,153993.73058495464,523.6698625082608,8213.039912399781,0.009999999776482582,14.462923049926758,0.75
1785,134.31139385793912,2.4587894183400376,911.2922891888925,7764.208024102083,0.009999999776482582,6.400991439819336,1.0
1786,133.42787205180093,156862.00998484236,412.06197160317885,7701.732270068803,0.009999999776482582,10.604294776916504,0.75
1787,146.0456961909371,181935.11980697128,537.3759246977297,8593.966136709283,0.009999999776482582,20.475791931152344,0.5
1788,141.6486772852164,126257.27595492994,779.8485352773317,8283.043339190324,0.009999999776482582,39.8872184753418,0.75
1789,149.9427558133588,170179.3240919155,700.8456420691816,8869.535722804325,0.009999999776482582,57.27903747558594,0.5
1790,145.30655316479513,230021.90453152746,435.94117619661375,8541.699721125831,0.009999999776482582,29.33709716796875,0.75
1791,144.03536720416648,163912.79177382923,751.8245843356228,8451.811389162724,0.009999999776482582,24.49843978881836,0.5
1792,150.8861546213181,97835.25226123996,939.3446309629763,8936.245510238976,0.009999999776482582,28.066259384155273,0.75
1793,144.26193989133571,193335.086876539,670.1672976758468,8467.83283806857,0.009999999776482582,18.17595672607422,0.75
1794,131.76445885595382,208854.1878861902,534.0872031737647,7584.108694784683,0.009999999776482582,11.310930252075195,0.75
1795,143.634558699064,26.246452391232,575.837725910886,8423.469345530908,0.009999999776482582,17.667991638183594,1.0
1796,148.0227641012166,113501.44524589034,758.1955848902381,8733.768920988718,0.009999999776482582,21.251333236694336,0.5
1797,139.44253706543674,70.68392655097871,1381.2547359968269,8127.042352257893,0.009999999776482582,11.490169525146484,1.0
1798,148.46615691460772,195258.61016582625,503.07735335692456,8765.12219394372,0.009999999776482582,31.975034713745117,0.5
1799,146.1797615455977,73721.68711380001,605.1692229044775,8603.44619035818,0.009999999776482582,30.251712799072266,0.75
1800,143.14035429656707,4.033403601238733,939.6559584535846,8388.523074280944,0.009999999776482582,14.790099143981934,1.0
1801,132.64541308258205,96381.36713418753,644.509310741772,7646.402889670458,0.009999999776482582,13.762126922607422,0.75
1802,133.78722909804424,53.600259469900955,814.2993177487458,7727.143190631539,0.009999999776482582,12.31367015838623,1.0
1803,131.1345996497413,0.9500914142516204,804.5005185982355,7539.569976476268,0.009999999776482582,27.179349899291992,1.0
1804,139.3945520534342,265320.7206052303,465.95574740598767,8123.6492273951835,0.009999999776482582,25.74477767944336,0.5
1805,132.28612030682794,96086.86945443967,636.5114407114352,7620.996513814198,0.009999999776482582,8.105878829956055,0.75
1806,139.4980192214731,1.4708083314075102,727.4535793097484,8130.965616527867,0.009999999776482582,16.12427520751953,1.0
1807,150.08953218849942,63.039509771241164,1021.1635445973824,8879.914600436405,0.009999999776482582,18.63614845275879,1.0
1808,151.51259690183988,235258.17240868733,752.2876676577987,8980.542610278862,0.009999999776482582,38.48843002319336,0.5
1809,148.20597536988762,258716.98998091623,476.33885170862686,8746.72418941344,0.009999999776482582,28.39167022705078,0.5
1810,151.28119518056033,204051.87756551013,656.4576896393405,8964.179689838078,0.009999999776482582,22.574748992919922,0.5
1811,149.64098001617035,277984.54275770334,563.550440840607,8848.196497957404,0.009999999776482582,31.42386245727539,0.75
1812,139.2489078691209,72772.57396294638,722.3505325755569,8113.350409446017,0.009999999776482582,10.1046142578125,0.75
1813,141.93452906050408,1.2807562675365617e-05,660.4346137247353,8303.256541715466,0.009999999776482582,37.458778381347656,1.0
1814,140.4746379547559,373194.2482161942,455.7534488796725,8200.02445734082,0.009999999776482582,52.47840881347656,0.5
1815,145.92519723059675,248574.71402311,338.4300621658352,8585.445392393536,0.009999999776482582,34.98434829711914,0.75
1816,145.542929716588,179255.0854345432,574.9508929331672,8558.414422683221,0.009999999776482582,31.748531341552734,0.75
1817,144.46248348655516,261286.27013121487,510.6811595160473,8482.013713108478,0.009999999776482582,28.538082122802734,0.5
1818,153.6895601988499,222070.94732778534,434.0281612087957,9134.480433362092,0.009999999776482582,28.517793655395508,0.25
1819,148.83840518760098,264691.29555469507,766.3030248688375,8791.444681268049,0.009999999776482582,16.01549530029297,0.5
1820,146.16881339018428,205354.2469450814,676.9259656718468,8602.672022408984,0.009999999776482582,36.45591735839844,0.5
1821,138.6880819249161,116464.31508480567,716.7170331239332,8073.693183668229,0.009999999776482582,18.703752517700195,0.5
1822,153.15220197439047,212633.89553281036,663.1938384227187,9096.482661234852,0.009999999776482582,41.42203140258789,0.25
1823,153.40808446676678,233240.5626734486,563.8730621189076,9114.576670396891,0.009999999776482582,25.891841888427734,0.0
1824,151.68733183415682,172933.99848439897,617.133760148629,8992.89849847156,0.009999999776482582,37.639366149902344,0.25
1825,134.72470584208332,59.682465588693496,994.0435474489879,7793.434216009294,0.009999999776482582,5.528566837310791,1.0
1826,145.58480378843845,106692.58618191237,822.2468927664091,8561.37542963871,0.009999999776482582,11.545881271362305,0.75
1827,150.71841927653645,366806.8014443731,533.1873544161933,8924.384578148267,0.009999999776482582,90.44406127929688,0.5
1828,125.00453095688128,62230.71841582507,1157.0496741060506,7106.099448412885,0.009999999776482582,7.463990211486816,0.75
1829,140.16303654871396,112689.18070571517,755.7597970978934,8177.990442260431,0.009999999776482582,19.17172622680664,0.5
1830,150.22933904387276,214251.50581270337,416.2987793794631,8889.800648123954,0.009999999776482582,25.225858688354492,0.5
1831,149.28623991275302,154741.64777047257,648.6648705585065,8823.11205149228,0.009999999776482582,27.691734313964844,0.5
1832,155.7363235008809,251609.12387739457,674.6115721178835,9279.211530810562,0.009999999776482582,26.27220916748047,0.25
1833,147.60744604395077,156027.60364228868,977.2085057762447,8704.400875275467,0.009999999776482582,19.607223510742188,0.75
1834,129.85107693226513,24.052526675460403,1161.1966061545352,7448.809285527769,0.009999999776482582,3.4824771881103516,1.0
1835,143.48177442797538,125499.96597631578,571.1883554051303,8412.665636472035,0.009999999776482582,20.286035537719727,0.75
1836,154.3161002658813,192818.10047923095,514.955047441886,9178.784448099366,0.009999999776482582,25.206565856933594,0.25
1837,142.62792730388554,147336.95023833093,721.787727673603,8352.288243932257,0.009999999776482582,4.836626052856445,0.75
1838,146.8506947539601,164437.77470912816,421.5239096485479,8650.889340948459,0.009999999776482582,17.007497787475586,0.5
1839,149.29225870817635,85711.23188269972,839.0664350237074,8823.537653644747,0.009999999776482582,16.52294158935547,0.75
1840,141.27609471933332,0.09978741411603671,690.2359808584905,8256.697213286603,0.009999999776482582,21.511119842529297,1.0
1841,152.16450052305538,209038.14736421773,728.1608809184846,9026.640137255004,0.009999999776482582,26.712488174438477,0.5
1842,146.4461110750344,269942.8945083901,754.8277358342161,8622.280346541263,0.009999999776482582,31.02001190185547,0.5
1843,146.9131462634564,119468.36924107598,657.9518987067518,8655.305423403008,0.009999999776482582,17.397167205810547,0.75
1844,146.65784295462865,141729.02229720654,482.8818879664229,8637.25236957299,0.009999999776482582,21.647172927856445,0.75
1845,148.36453269120753,179631.6426171402,513.6656061681182,8757.936123446236,0.009999999776482582,25.79425811767578,0.5
1846,151.4383405204745,177248.28513364022,655.0067549682689,8975.291779585885,0.009999999776482582,16.65410804748535,0.5
1847,138.53901703253558,152468.03319078093,595.6751413557715,8063.1524799904455,0.009999999776482582,13.603594779968262,0.75
1848,130.32858526086616,171.53992103834335,897.1043761539044,7482.574940975389,0.009999999776482582,10.052593231201172,1.0
1849,140.870695070361,0.0008830988242002667,1092.7283783356938,8228.030519857632,0.009999999776482582,16.353878021240234,1.0
1850,147.82208388713605,152706.0226026069,531.8780326034191,8719.57838533115,0.009999999776482582,27.620479583740234,0.75
1851,149.44466697102365,6.146562184909758,911.9795963161313,8834.314774340735,0.009999999776482582,15.328248977661133,1.0
1852,146.9187869605772,178334.00993786528,434.7369953349064,8655.7042893998,0.009999999776482582,16.436412811279297,0.75
1853,129.76240419160675,158725.16325392536,898.3551896896573,7442.53904262449,0.009999999776482582,19.342010498046875,0.75
1854,123.13024725746043,2.5799944494634087e-06,882.1803706974008,6973.564759874265,0.009999999776482582,6.332855701446533,1.0
1855,137.4606718316076,183923.04153343086,348.10965477604,7986.9003387664325,0.009999999776482582,22.73259925842285,0.5
1856,151.01428268120227,187043.991778422,606.4063524753674,8945.305724823913,0.009999999776482582,16.416927337646484,0.25
1857,140.0197043065691,61704.3174902239,808.279731144809,8167.855106784761,0.009999999776482582,8.94571304321289,0.75
1858,142.40037389891003,230410.4165332529,366.28360237896226,8336.197446331204,0.009999999776482582,13.441706657409668,0.75
1859,139.45106664041418,201970.99039366803,598.6728182897137,8127.645497109098,0.009999999776482582,25.675050735473633,0.75
1860,144.0414633553155,0.2967227514032428,718.0405094808171,8452.242461307282,0.009999999776482582,18.174514770507812,1.0
1861,143.90149487188845,100675.21229478192,517.8494929601652,8442.344984547515,0.009999999776482582,11.539922714233398,0.75
1862,140.2713644109818,0.0010786272449901633,1190.139249712676,8185.650541684097,0.009999999776482582,10.095704078674316,1.0
1863,145.14696504279362,82468.22405449694,727.1297465019866,8530.414896928476,0.009999999776482582,58.21047592163086,0.75
1864,143.31394385813712,41051.5816335407,1188.30103037449,8400.79797080987,0.009999999776482582,16.18594741821289,0.75
1865,140.22032950191607,9.018698881505962e-05,535.6368553375222,8182.0417519476705,0.009999999776482582,11.42283821105957,1.0
1866,150.39387752989032,229347.80106676987,601.0904541038211,8901.435523358527,0.009999999776482582,49.87726593017578,0.25
1867,139.61953315047327,68628.64378968516,970.0315754478336,8139.558131491379,0.009999999776482582,14.975234985351562,0.75
1868,139.32939940080757,126544.39115262347,375.7557846327393,8119.042141218206,0.009999999776482582,21.810014724731445,0.75
1869,149.56188407576644,141250.45534799277,573.4197239605459,8842.603451488856,0.009999999776482582,34.397621154785156,0.75
1870,146.80477841567148,162000.38638370304,597.322874177645,8647.642496516211,0.009999999776482582,14.188438415527344,0.75
1871,144.14673940493532,230567.04583016704,533.5039257559016,8459.686760402052,0.009999999776482582,16.95049285888672,0.5
1872,144.8859240393472,210290.5976404347,568.8310011439042,8511.956118197024,0.009999999776482582,16.72268295288086,0.5
1873,141.39753706333585,152326.38526849664,827.004148727761,8265.284666318792,0.009999999776482582,17.472536087036133,0.5
1874,136.38326506433887,4.996819234015589,859.6805557938013,7910.714556233358,0.009999999776482582,7.709406852722168,1.0
1875,143.88300256446786,153728.89312766262,569.1867045065725,8441.03735315473,0.009999999776482582,16.54648208618164,0.5
1876,151.30465933895553,180689.9680615,432.98177587536,8965.838891657786,0.009999999776482582,13.229308128356934,0.75
1877,146.03684788298494,0.000667278523668672,724.3305521184861,8593.340453554221,0.009999999776482582,19.645423889160156,1.0
1878,139.94121583679407,0.4741009838088374,699.9882422220255,8162.305015889386,0.009999999776482582,29.073719024658203,1.0
1879,151.40180354562182,277096.82694071997,670.886019116372,8972.708170400285,0.009999999776482582,28.250438690185547,0.25
1880,155.0579665804037,230333.71125362,843.3989883683412,9231.243433344183,0.009999999776482582,24.653099060058594,0.5
1881,140.40330720488194,0.0012123268171598824,745.5494662207424,8194.980504431933,0.009999999776482582,23.06549072265625,1.0
1882,146.70102387375223,202189.00092392584,586.8147705315897,8640.305786549634,0.009999999776482582,34.478965759277344,0.5
1883,154.8170074820048,318621.87984860485,554.6508454999629,9214.204689920916,0.009999999776482582,28.25725555419922,0.25
1884,151.43712722112136,192507.23879929932,642.5267976474631,8975.205984542199,0.009999999776482582,23.60917854309082,0.5
1885,144.69650781740302,0.3187270189406537,753.9091031633296,8498.562083992227,0.009999999776482582,20.18726348876953,1.0
1886,132.57238215729896,12.290543419885173,1374.2650565796096,7641.238713650001,0.009999999776482582,8.774839401245117,1.0
1887,150.12468099917555,135412.77127534794,590.800761137242,8882.400049505244,0.009999999776482582,46.513519287109375,0.25
1888,139.81944735757563,100510.24983147584,985.4321472994209,8153.694501124718,0.009999999776482582,9.89550495147705,0.75
1889,137.89166401933622,4.964843173863377e-05,622.4878489739448,8017.376736432826,0.009999999776482582,17.37247085571289,1.0
1890,131.84178773550425,132325.79327036123,534.9910722369652,7589.576788526001,0.009999999776482582,7.9642486572265625,0.75
1891,145.8023196197112,87514.63573732154,666.1591929075213,8576.756448509472,0.009999999776482582,21.161243438720703,0.75
1892,145.56157106583856,346716.4987003376,576.5453600451026,8559.732593148892,0.009999999776482582,52.635009765625,0.5
1893,137.62932731103425,156427.33990056344,643.5130422182702,7998.826335584869,0.009999999776482582,21.94769287109375,0.75
1894,146.90464056383465,140753.70621974304,673.5896193217468,8654.703966830279,0.009999999776482582,48.42534255981445,0.75
1895,134.9031659015209,168731.71368662766,786.7412008253868,7806.053516065872,0.009999999776482582,13.417886734008789,0.75
1896,132.21345186989979,129653.20530939389,667.7938489486452,7615.857970135972,0.009999999776482582,19.136978149414062,0.75
1897,146.97928453310487,246116.18125693768,444.08523397335676,8659.982204709408,0.009999999776482582,32.8002815246582,0.25
1898,142.65366872351137,132017.75015151262,726.6748949095693,8354.108475860701,0.009999999776482582,20.20024299621582,0.5
1899,137.69983532862142,0.28263157447718135,1285.6106002852168,8003.8121112992285,0.009999999776482582,27.16743278503418,1.0
1900,145.5628480296972,227913.47805100481,441.1522642532404,8559.822890048625,0.009999999776482582,34.91856384277344,0.5
1901,152.291177511756,355214.213533145,436.51230266566836,9035.597743431505,0.009999999776482582,57.81273651123047,0.25
1902,147.5499913323735,104220.93318955098,672.2924866235445,8700.338127300696,0.009999999776482582,29.115562438964844,0.75
1903,146.53985013189316,119271.22530968089,1055.5125643668039,8628.908839713626,0.009999999776482582,19.274303436279297,0.5
1904,150.87367524258366,275345.5052290967,503.61908523889025,8935.363066148875,0.009999999776482582,29.0659122467041,0.25
1905,146.97523923633167,104274.16081347983,658.6611365471113,8659.696152951048,0.009999999776482582,24.068544387817383,0.75
1906,143.6255272531086,176371.43609485796,798.0221419924363,8422.830712288182,0.009999999776482582,28.050167083740234,0.75
1907,151.89218841272393,174411.69788955577,911.9006064433713,9007.384353971382,0.009999999776482582,36.13855743408203,0.25
1908,140.69996842100662,171297.46143908534,508.4341771761907,8215.95806609601,0.009999999776482582,12.764749526977539,0.75
1909,138.89897292291585,78037.86522461548,523.3356857839426,8088.6057461282935,0.009999999776482582,12.874653816223145,0.75
1910,145.56557010444783,124267.68914138223,631.4706315140788,8560.015373891581,0.009999999776482582,64.12715148925781,0.75
1911,132.44775856512157,80188.08480758898,538.990456909016,7632.426307620489,0.009999999776482582,7.247101783752441,0.75
1912,145.81960129481388,66266.83300697136,600.3588131112704,8577.97847345045,0.009999999776482582,21.54635238647461,0.75
1913,148.6689606654047,139680.284098868,558.7455864129845,8779.462889514325,0.009999999776482582,29.71613311767578,0.5
1914,150.9709843648078,235894.7396679017,544.1771954378727,8942.244006430183,0.009999999776482582,35.51174545288086,0.5
1915,153.17262969025188,242152.18810727933,533.1650693052363,9097.927149579964,0.009999999776482582,29.035808563232422,0.5
1916,148.24196556265682,144526.77405140392,593.0578455681776,8749.269134445285,0.009999999776482582,17.92144775390625,0.75
1917,148.2399195408886,165172.30898646338,523.9493436948801,8749.124455783309,0.009999999776482582,25.1564998626709,0.5
1918,145.0696466436702,241044.43933867975,645.0428606635542,8524.947544281014,0.009999999776482582,13.166911125183105,0.5
1919,145.26353400564622,266437.9595964311,491.04796287367367,8538.657742549825,0.009999999776482582,26.134023666381836,0.5
1920,127.66139827651793,0.8216655107545592,713.265518490936,7293.97233169373,0.009999999776482582,9.091435432434082,1.0
1921,144.4626808220165,160405.6037731097,430.8679590620459,8482.027667129374,0.009999999776482582,17.815677642822266,0.5
1922,136.47983524347225,15.828527172889892,1085.9179979826065,7917.543244236949,0.009999999776482582,10.022685050964355,1.0
1923,144.56651538149106,279059.45810235373,564.0176269360634,8489.37003531182,0.009999999776482582,56.923561096191406,0.75
1924,149.68366048264792,114467.07406458427,621.4870617994782,8851.214526835869,0.009999999776482582,16.23362922668457,0.5
1925,141.9135009771316,191532.47433860146,597.9728415716232,8301.769600074134,0.009999999776482582,27.73154067993164,0.75
1926,143.07918332066666,131270.5576281626,517.1098225295694,8384.197541150037,0.009999999776482582,18.00436782836914,0.75
1927,149.36188793492738,223819.90943931477,543.8278978853223,8828.461288142282,0.009999999776482582,26.318042755126953,0.25
1928,149.26639011298374,219765.46176598093,607.8825568572067,8821.708428854583,0.009999999776482582,25.11077117919922,0.5
1929,146.72573423814507,270915.982006235,483.0738218596912,8642.053110313635,0.009999999776482582,16.71274185180664,0.75
1930,143.26036614713672,216402.46939711715,559.2994755994205,8397.00937400233,0.009999999776482582,21.22322654724121,0.75
1931,143.24043810556114,108311.8015467476,900.7494930694335,8395.600218715848,0.009999999776482582,22.35769271850586,0.5
1932,146.59838227609606,126919.1120993715,471.74868883200054,8633.04777529943,0.009999999776482582,31.01279067993164,0.75
1933,151.06511412297206,171315.4885293697,352.4361363567381,8948.900126944047,0.009999999776482582,52.708404541015625,0.75
1934,148.1988379003674,108422.154353396,590.4885538617618,8746.21948337555,0.009999999776482582,34.953731536865234,0.75
1935,145.67846385241216,0.3275016883679773,711.5677638932436,8567.998337051871,0.009999999776482582,14.185281753540039,1.0
1936,145.46549530403763,333333.7211365052,535.1533160264042,8552.938866473292,0.009999999776482582,68.51412963867188,0.5
1937,152.84051740492393,192163.76985943256,562.3455682554841,9074.442765487316,0.009999999776482582,41.50436019897461,0.0
1938,144.39799540721944,113067.37798031715,610.1780779906603,8477.453620358458,0.009999999776482582,22.73003578186035,0.75
1939,148.695894202415,165140.15045329722,769.1144717727453,8781.36741866325,0.009999999776482582,23.515682220458984,0.25
1940,152.2637389503194,0.012905977065731714,634.9376296028558,9033.657502903847,0.009999999776482582,46.26350021362305,1.0
1941,142.03358370266412,3.060442054661694e-10,inf,8310.260911518735,0.009999999776482582,38.93896484375,1.0
1942,115.57639494055304,6.74217363974727e-08,1152.652904037515,6439.4153862242665,0.009999999776482582,1.4294188022613525,1.0
1943,139.3011582225783,66440.65687738155,577.6898658673351,8117.045145906483,0.009999999776482582,26.174686431884766,0.75
1944,142.63577415282032,25.060053994308667,691.4919470568914,8352.843111735834,0.009999999776482582,47.828094482421875,1.0
1945,140.62742510929755,103550.09587579082,628.5996950550133,8210.828370294945,0.009999999776482582,20.28234100341797,0.75
1946,148.35675286200052,235055.1621185326,498.56996649578645,8757.38599475379,0.009999999776482582,27.228479385375977,0.5
1947,145.72392331748318,181856.16108549287,463.7594628850152,8571.212874982379,0.009999999776482582,14.161506652832031,0.75
1948,141.2091798158527,216453.39904957122,431.1628608669172,8251.965514507952,0.009999999776482582,23.956575393676758,0.75
1949,144.44651051753374,132198.971858721,750.6814873268039,8480.884229629031,0.009999999776482582,20.375019073486328,0.75
1950,150.62910381994786,235798.3265665275,604.5762922388257,8918.06888739968,0.009999999776482582,25.42137336730957,0.5
1951,149.35361893512152,102406.75799706267,895.4814881763626,8827.876569129821,0.009999999776482582,20.966880798339844,0.5
1952,152.07966648575936,242509.82454940272,511.51291495879497,9020.641337439385,0.009999999776482582,29.146194458007812,0.5
1953,148.50596027743353,243618.23775495458,460.50017332494787,8767.936776547485,0.009999999776482582,26.998958587646484,0.5
1954,139.667983093389,3.1720887950603627e-09,893.844640630148,8142.984132633061,0.009999999776482582,14.25107192993164,1.0
1955,147.8077357566766,180267.87204934328,1119.6083106546616,8718.563797730489,0.009999999776482582,29.990657806396484,0.75
1956,134.42850637390904,171548.16081988075,868.1620190189851,7772.489305549947,0.009999999776482582,10.854239463806152,0.75
1957,141.66330120277823,204812.89339485968,403.00638861851985,8284.077428298537,0.009999999776482582,19.124664306640625,0.75
1958,148.85432198473882,127293.41265144167,638.5621368970188,8792.570192711086,0.009999999776482582,40.55662536621094,0.5
1959,140.08835837263837,78796.7364025366,1024.702533375425,8172.709785543484,0.009999999776482582,15.95152759552002,0.75
1960,150.02280599235436,229749.36914598543,537.1041366572364,8875.196245565057,0.009999999776482582,24.559131622314453,0.75
1961,143.5380368072284,165314.42288181031,519.985040276415,8416.644072027466,0.009999999776482582,16.002765655517578,0.75
1962,144.22364180711082,4.4719257058249084,1045.4413954356132,8465.124696997962,0.009999999776482582,44.94700622558594,1.0
1963,139.06676207279622,3.877049954566955e-08,528.4068452382285,8100.4704828948925,0.009999999776482582,41.21355438232422,1.0
1964,134.58483763858897,0.6332905893573071,943.4092310729786,7783.543830262297,0.009999999776482582,14.055643081665039,1.0
1965,143.03768462196095,197618.75634468836,651.9013821529969,8381.263077648371,0.009999999776482582,19.169078826904297,0.5
1966,147.48539050375302,157450.9224676069,917.4818355110763,8695.770061802821,0.009999999776482582,27.0910587310791,0.75
1967,147.21909289035693,715.0566600449782,733.6793750897999,8676.939576716208,0.009999999776482582,17.951679229736328,1.0
1968,150.1893003770959,1.5135707524169022e-06,1028.847598829999,8886.969426664571,0.009999999776482582,27.12429428100586,1.0
1969,143.89756127220198,179715.50735533293,634.8315062270233,8442.06683113379,0.009999999776482582,45.23073196411133,0.75
1970,135.83369714692117,14.796984435186985,513.8464516739556,7871.853410085483,0.009999999776482582,31.553630828857422,1.0
1971,155.166022828293,228261.5227185583,733.9422602715927,9238.884326322705,0.009999999776482582,33.12275314331055,0.25
1972,144.57677577448806,77408.01209248268,1145.1030301232336,8490.095570080415,0.009999999776482582,8.638598442077637,0.75
1973,150.2501352630108,300188.393566262,431.38198840658174,8891.27119413953,0.009999999776482582,25.927352905273438,0.5
1974,154.75827234509816,227575.75380292913,476.32084481155755,9210.051400278266,0.009999999776482582,27.532228469848633,0.25
1975,135.3182961964672,0.00905959319330218,892.3769519859758,7835.408284695964,0.009999999776482582,19.075496673583984,1.0
1976,126.37571592580926,0.0024560637761209974,531.5819777675271,7203.058928368808,0.009999999776482582,10.37298583984375,1.0
1977,140.56249551107317,150541.5070127562,382.04438706404187,8206.237056781272,0.009999999776482582,20.21438980102539,0.75
1978,151.37028997576576,134344.68007920077,706.7344223811291,8970.479777138955,0.009999999776482582,52.18262481689453,0.75
1979,146.83532250253495,226287.76596072037,690.5923953249948,8649.802335520519,0.009999999776482582,26.864248275756836,0.5
1980,154.9864530749973,290786.7980110445,318.0943690838589,9226.186557392977,0.009999999776482582,25.42106056213379,0.5
1981,135.51723761705773,124074.04070455696,741.4338485163594,7849.475866473228,0.009999999776482582,9.919502258300781,0.75
1982,119.03955676958898,0.00028049164096168803,852.2312769574999,6684.303112939247,0.009999999776482582,2.6343014240264893,1.0
1983,131.17506387638858,133006.60397430955,743.3683335529502,7542.431290202312,0.009999999776482582,14.071338653564453,0.75
1984,140.4346467319497,67215.13369470497,771.7669844843226,8197.196590748084,0.009999999776482582,19.26997947692871,0.75
1985,146.0581324262629,159915.72661572322,601.0641592141338,8594.845530034854,0.009999999776482582,25.768455505371094,0.5
1986,143.92037600294807,146428.61224810116,733.0152474795278,8443.68011050791,0.009999999776482582,25.948856353759766,0.75
1987,135.97501293023805,8.371489532206641e-06,948.9713655393039,7881.846157359165,0.009999999776482582,22.015342712402344,1.0
1988,146.425024698681,193301.94630169854,712.4658873139138,8620.789282876105,0.009999999776482582,25.262901306152344,0.5
1989,126.95479789758477,1.027200898502979e-14,inf,7244.007077675827,0.009999999776482582,3.067958354949951,1.0
1990,149.8437346115343,135425.2559004348,720.214152196005,8862.533717640123,0.009999999776482582,41.727806091308594,0.5
1991,141.25780832009937,3.891470207620564,1156.9206306241165,8255.404142110818,0.009999999776482582,5.931540012359619,1.0
1992,137.95090227910458,281512.1940385931,375.415443691543,8021.565602990432,0.009999999776482582,16.354934692382812,0.75
1993,147.3310141770161,186465.31626062052,828.7671072122581,8684.853775016496,0.009999999776482582,26.461761474609375,0.75
1994,149.60099644638277,71152.96374508135,760.1900968899395,8845.369172526309,0.009999999776482582,29.91963768005371,0.75
1995,152.48883527081526,195985.3215582613,331.80526033945637,9049.574554701994,0.009999999776482582,31.6256046295166,0.75
1996,142.39143157198083,131869.21595254293,1006.1605942675812,8335.565114889203,0.009999999776482582,13.641251564025879,0.75
1997,138.97366362322222,0.012507777755851802,802.7523792008033,8093.887288460917,0.009999999776482582,13.53155517578125,1.0
1998,147.9658245929409,168217.20368148826,599.6248497339742,8729.742604163152,0.009999999776482582,17.355728149414062,0.5
1999,146.9243878217935,8.474986679278668e-07,839.2914283330734,8656.100338512899,0.009999999776482582,32.056854248046875,1.0
2000,142.87721117399525,105001.91149014731,788.2601336595543,8369.915650121031,0.009999999776482582,31.145313262939453,0.75
2001,138.6405913650539,1.2765944412354717,1029.0977079878583,8070.335022594851,0.009999999776482582,9.926124572753906,1.0
2002,142.00626551546307,147279.24672239742,509.53287605998327,8308.32918291583,0.009999999776482582,10.040094375610352,0.5
2003,133.9930260612952,124262.51519158014,610.9939719814969,7741.6955427835055,0.009999999776482582,18.480072021484375,0.75
2004,119.32916889555749,0.00012122098442205107,893.7135565340443,6704.782218063035,0.009999999776482582,1.8161028623580933,1.0
2005,138.25440786502048,21.765204213652634,911.6333778664622,8043.027144971256,0.009999999776482582,17.435070037841797,1.0
2006,146.46191356519068,82012.49945811462,969.707465845694,8623.397775088311,0.009999999776482582,19.294437408447266,0.75
2007,145.7314253425026,173724.69905694356,650.6259054369598,8571.74335953478,0.009999999776482582,13.842367172241211,0.5
2008,144.01145229562763,48973.67200297032,959.640678493327,8450.120313817191,0.009999999776482582,25.73820686340332,0.75
2009,142.11057428123422,328843.3419434348,361.3898906939271,8315.705083259838,0.009999999776482582,20.51840591430664,0.75
2010,142.7606732809309,3718.950002068646,766.0645140446755,8361.675001512176,0.009999999776482582,21.29360008239746,1.0
2011,150.4509850541078,329187.90589608846,405.63117469449037,8905.473720957809,0.009999999776482582,29.108299255371094,0.5
2012,147.7856840806305,3354.281977504382,801.2784765525392,8717.004475618563,0.009999999776482582,12.533818244934082,1.0
2013,149.97230106194755,125947.90775313949,818.5233841234017,8871.624931775581,0.009999999776482582,24.96135139465332,0.5
2014,139.3615900661945,3.215048006421645e-06,1365.9408595805662,8121.318413381394,0.009999999776482582,24.5794677734375,1.0
2015,130.25499855369438,156966.34557681804,559.1074095138839,7477.371464405322,0.009999999776482582,7.641498565673828,0.75
2016,144.14204123362092,155873.25196731626,641.27994248545,8459.354542460846,0.009999999776482582,25.91915512084961,0.75
2017,144.28832573382178,355861.8774859086,430.4998407858416,8469.698638543066,0.009999999776482582,23.5163516998291,0.5
2018,141.8211808059077,202273.14074466322,1018.9010795895293,8295.241439399859,0.009999999776482582,35.84920120239258,0.75
2019,149.0622401892999,113439.06785840206,522.9928641089547,8807.2725424629,0.009999999776482582,21.684566497802734,0.75
2020,153.4949441024339,258961.84879676634,754.5737393146347,9120.718704691524,0.009999999776482582,21.673076629638672,0.5
2021,144.33123524192948,245130.5924481424,832.8318566599173,8472.732863454778,0.009999999776482582,24.619155883789062,0.5
2022,146.41298126412573,0.0004141340010873078,726.2255686073687,8619.937665349787,0.009999999776482582,21.990966796875,1.0
2023,139.6308693211407,1.1057700183485909e-09,859.897714473121,8140.359736845516,0.009999999776482582,14.194354057312012,1.0
2024,137.44963567029112,1.0327732138086159e-05,1073.5893092791835,7986.119947727874,0.009999999776482582,17.20956802368164,1.0
2025,147.87580391462984,149059.03334240481,655.3967995212325,8723.377045648354,0.009999999776482582,24.09784507751465,0.5
2026,135.07741962356798,74019.17947838063,664.2019433450972,7818.3753768307815,0.009999999776482582,16.126476287841797,0.75
2027,141.80575692431012,118119.0277128992,676.8959986485816,8294.150783089814,0.009999999776482582,24.976078033447266,0.5
2028,140.41403108249534,105458.60869346908,799.9970277751108,8195.738813208698,0.009999999776482582,38.00472640991211,0.75
2029,135.5683244594497,109092.28695770497,581.9095147308527,7853.088328528431,0.009999999776482582,18.438159942626953,0.75
2030,145.0217679792851,60116.25517651071,599.0734972647282,8521.561939490293,0.009999999776482582,30.652446746826172,0.75
2031,147.6838107130557,63859.410333999105,1085.937029944075,8709.800787593065,0.009999999776482582,30.399023056030273,0.75
2032,143.90656916099388,1.2571647848076431e-05,1045.1998600731215,8442.703798598104,0.009999999776482582,31.15951156616211,1.0
2033,144.66750898158105,7.517061929430667e-06,881.1564690026313,8496.511513059537,0.009999999776482582,36.79777908325195,1.0
2034,136.3667960474651,2.793799956630556e-14,inf,7909.549996128302,0.009999999776482582,26.10116195678711,1.0
2035,150.22300218849375,110320.89937019841,475.6737362851362,8889.352555258274,0.009999999776482582,33.000694274902344,0.75
2036,152.32785172672237,242335.04432784652,648.4664692893648,9038.19105716489,0.009999999776482582,21.927650451660156,0.25
2037,151.39985876224813,264356.0286969608,637.3186261992959,8972.570650526008,0.009999999776482582,26.26145362854004,0.5
2038,144.41812646465198,821.4651582639635,730.2346643840888,8478.877131338997,0.009999999776482582,33.750701904296875,1.0
2039,140.7026208376073,1.8848311945125772e-07,788.7148289458289,8216.145624259243,0.009999999776482582,13.379722595214844,1.0
2040,132.70046134798824,188603.22016802238,363.00003467273456,7650.295472587577,0.009999999776482582,10.098276138305664,0.75
2041,125.03582936867603,5.1395927895280776e-11,inf,7108.312627378403,0.009999999776482582,8.547685623168945,1.0
2042,139.47385103990413,138094.63111713983,430.7979737417383,8129.256631693938,0.009999999776482582,44.61146545410156,0.75
2043,143.3176032861688,219720.77557773518,535.6099597098505,8401.056736947867,0.009999999776482582,24.519533157348633,0.5
2044,136.82312655012308,192494.78334208037,515.5147400333982,7941.81812131081,0.009999999776482582,11.066705703735352,0.5
2045,151.2731033981094,314401.5974085261,340.11587963962586,8963.607502251329,0.009999999776482582,24.464092254638672,0.5
2046,149.43388346328743,127685.87631664335,652.4279330885929,8833.552248987922,0.009999999776482582,25.628520965576172,0.75
2047,153.70450522006774,267555.3286205543,701.8393451474304,9135.537228410209,0.009999999776482582,39.64866256713867,0.5
2048,141.82468538230913,194580.6848319726,1049.8134156914825,8295.489255641322,0.009999999776482582,23.54332733154297,0.75
2049,143.83972104065808,97985.97336164945,733.5760257356968,8437.97682220129,0.009999999776482582,32.947906494140625,0.75
2050,143.30903609906264,10.63237859713324,848.3286231510505,8400.450932461,0.009999999776482582,16.50173568725586,1.0
2051,139.19126884674844,68987.87951934204,885.3031643668555,8109.274628452902,0.009999999776482582,22.048362731933594,0.75
2052,134.38336794281403,192.404288227943,1211.835950238022,7769.297468632117,0.009999999776482582,14.18580150604248,1.0
2053,144.24820031195426,77079.20053196655,1110.4475402104372,8466.861282441994,0.009999999776482582,23.768692016601562,0.75
2054,140.67467161350078,217690.73695765383,565.2937630732024,8214.169273660347,0.009999999776482582,19.80571746826172,0.5
2055,134.20619620698412,0.9101226761199934,800.0953866145566,7756.769268747905,0.009999999776482582,11.033452987670898,1.0
2056,149.24347538400608,256433.94327934104,523.4409258333053,8820.088078387394,0.009999999776482582,35.628578186035156,0.5
2057,148.9442461649423,205170.9389924197,894.2512633169081,8798.928927634217,0.009999999776482582,15.429941177368164,0.5
2058,143.80222574724576,0.002631369071215083,776.7194528951482,8435.325448220072,0.009999999776482582,14.956802368164062,1.0
2059,143.45928189895378,259030.82828136816,546.5999483386382,8411.075140684634,0.009999999776482582,20.218692779541016,0.25
2060,143.49715054902873,251564.52268618226,410.46716933831095,8413.752915529825,0.009999999776482582,32.59041213989258,0.5
2061,149.41066772394137,281354.9488975966,779.3111525702191,8831.910613421025,0.009999999776482582,18.231721878051758,0.5
2062,136.73142610172323,7738.01913923447,946.2176749463493,7935.333782589153,0.009999999776482582,9.547979354858398,1.0
2063,133.57114003439347,6.8985233571781075e-18,inf,7711.863061611367,0.009999999776482582,7.1336894035339355,1.0
2064,138.0730293052825,216271.7296186566,527.8238530815482,8030.201471392658,0.009999999776482582,21.49838638305664,0.5
2065,128.18675244665314,88217.97348575984,447.96769037798674,7331.121270956686,0.009999999776482582,14.216277122497559,0.75
2066,141.04261599460227,0.20751668340858337,842.7375110571638,8240.18742340144,0.009999999776482582,16.351367950439453,1.0
2067,146.8507764246998,217917.2966178971,459.46237203202736,8650.895116064601,0.009999999776482582,25.17937469482422,0.5
2068,143.25065392033713,0.08547734090496453,900.6847745099636,8396.322601261203,0.009999999776482582,18.908931732177734,1.0
2069,146.92030896653768,713.1933389152455,551.7838538089859,8655.811913761037,0.009999999776482582,22.067739486694336,1.0
2070,143.78549731870473,6.203593129797534e-10,inf,8434.1425445502,0.009999999776482582,28.034870147705078,1.0
2071,146.58379116641066,184976.85126189134,582.2059281037335,8632.016006107722,0.009999999776482582,24.05260467529297,0.75
2072,146.70988037388307,132695.2764881203,492.49565199870574,8640.932048991517,0.009999999776482582,31.959396362304688,0.75
2073,140.5940194289523,241708.6564756567,394.863260381979,8208.466181773885,0.009999999776482582,20.734935760498047,0.75
2074,150.05634633339665,359321.54737959185,481.8932264051368,8877.567956237723,0.009999999776482582,52.310691833496094,0.5
2075,144.3895644326585,123692.99837244539,733.057244982484,8476.857447757768,0.009999999776482582,35.45602798461914,0.75
2076,149.3030940925893,123068.77015944655,470.0198428021806,8824.303847310526,0.009999999776482582,31.895387649536133,0.75
2077,144.12614492365256,46379.09527927495,858.1661875417323,8458.230479710248,0.009999999776482582,13.808294296264648,0.75
2078,139.14019718950442,64655.33517607722,753.2711097884143,8105.663240172633,0.009999999776482582,9.969858169555664,0.75
2079,136.47651208196083,104161.12592318468,553.3527949674502,7917.308256238059,0.009999999776482582,25.302749633789062,0.75
2080,126.73464606238117,1.15355951771376e-09,903.0092847961523,7228.4396612175115,0.009999999776482582,13.886161804199219,1.0
2081,139.01047832887363,151173.96516094747,623.201696843443,8096.490536597076,0.009999999776482582,20.440105438232422,0.75
2082,142.2467913634481,116461.8572099053,671.8067562218312,8325.337290257336,0.009999999776482582,16.27099609375,0.75
2083,146.97145877834436,306523.12641561066,428.7430716559267,8659.4288285209,0.009999999776482582,23.722991943359375,0.75
2084,139.00575438601865,156035.60432111757,598.8432819655137,8096.156496294025,0.009999999776482582,16.81231689453125,0.75
2085,151.6275406331352,245051.44836794902,507.69685273979707,8988.670532231874,0.009999999776482582,37.366554260253906,0.25
2086,151.7718116742685,124829.8883681426,674.9524821758877,8998.872252231708,0.009999999776482582,33.986488342285156,0.75
2087,140.98839822131805,201065.35291182715,611.8497167585402,8236.353566393718,0.009999999776482582,17.89484405517578,0.5
2088,148.3673338825829,244354.91366820165,480.4742289828014,8758.134201798295,0.009999999776482582,21.401565551757812,0.5
2089,145.86992519249648,309074.62505945883,398.15904492350353,8581.53698602113,0.009999999776482582,31.86136245727539,0.5
2090,158.39194543744762,402876.09452544316,377.58971864845665,9466.996350338124,0.009999999776482582,53.74494171142578,0.0
2091,149.26436870984276,126453.51108072858,573.5471769857107,8821.565491029436,0.009999999776482582,20.71381187438965,0.75
2092,145.5665406050805,182070.02739705375,827.6936124439636,8560.084000108156,0.009999999776482582,15.445993423461914,0.5
2093,141.50317690285533,1.3303210398953496,758.5048055460577,8272.754689790858,0.009999999776482582,16.665584564208984,1.0
2094,149.29444867791972,69971.84735121261,834.1906539161022,8823.692511182024,0.009999999776482582,17.573366165161133,0.75
2095,145.53194179620323,203565.21944874566,627.810708413076,8557.63744286617,0.009999999776482582,22.221662521362305,0.25
2096,135.9323647908131,0.01021123941808683,622.1661356124844,7878.830414397102,0.009999999776482582,16.43683624267578,1.0
2097,134.830426941709,123381.98531065327,439.90531405897536,7800.909985560712,0.009999999776482582,12.227141380310059,0.75
2098,150.14376551781228,163767.76311591608,650.8241010424088,8883.749557444844,0.009999999776482582,30.946048736572266,0.5
2099,131.80415983774478,3.584867816828428e-10,inf,7586.916037802162,0.009999999776482582,4.4044036865234375,1.0
2100,152.52384792828167,268940.373232407,522.2730028340402,9052.050376080399,0.009999999776482582,40.13216781616211,0.0
2101,149.64807771715664,172362.38449787252,575.5463596294804,8848.698391875518,0.009999999776482582,23.295612335205078,0.75
2102,132.89428962171334,0.2592055060530661,954.966967729611,7664.001492597286,0.009999999776482582,13.503091812133789,1.0
2103,138.12021535379787,108153.34858131559,461.61707524963964,8033.538099804508,0.009999999776482582,19.257047653198242,0.75
2104,126.93293965692506,5.609091114869478e-13,inf,7242.461433801992,0.009999999776482582,13.698166847229004,1.0
2105,132.9412367671731,12.31123406073732,712.8867379341299,7667.321227652983,0.009999999776482582,15.91453742980957,1.0
2106,127.21092864206788,0.03266672009749708,724.7717338313107,7262.118641285819,0.009999999776482582,6.235898017883301,1.0
2107,148.7501004194674,224953.32819782716,554.7387651746734,8785.200458504612,0.009999999776482582,28.37919044494629,0.5
2108,144.25705386059678,4.67159859140005e-05,988.3943938939412,8467.487336177703,0.009999999776482582,17.34666633605957,1.0
2109,140.27189954330473,0.10914231384557294,830.7025097660012,8185.688382057873,0.009999999776482582,24.1851806640625,1.0
2110,153.79231755942195,287784.5815650161,545.6306879409103,9141.746630460577,0.009999999776482582,44.76631164550781,0.25
2111,146.75737312257215,125737.06293682178,540.5509552462224,8644.290364841618,0.009999999776482582,22.394990921020508,0.75
2112,135.9064288630463,6.37071750967999e-14,inf,7876.996428373751,0.009999999776482582,14.431246757507324,1.0
2113,149.2248257347779,254597.3838940394,325.445899225516,8818.769321012205,0.009999999776482582,27.424732208251953,0.25
2114,144.9878218650452,131829.0510539051,571.461571054634,8519.16153570976,0.009999999776482582,24.23409652709961,0.75
2115,141.94384958702867,186821.15430732165,478.23558643067787,8303.915616475777,0.009999999776482582,25.78645896911621,0.5
2116,135.80233263094937,0.00017221011347307106,671.9967599697226,7869.635556749421,0.009999999776482582,16.71037483215332,1.0
2117,130.91598965120528,81769.73561760181,798.8557914940529,7524.111586651744,0.009999999776482582,15.710693359375,0.75
2118,141.22953089836696,173019.6893247726,493.3260125139209,8253.404583941936,0.009999999776482582,20.08245849609375,0.5
2119,147.463495774871,60817.79190519265,1070.1428991298924,8694.2218377672,0.009999999776482582,29.16497802734375,0.75
2120,146.56904840989202,198374.71116304965,698.5766886810374,8630.973513637662,0.009999999776482582,21.913602828979492,0.5
2121,115.80603009413105,4.497490738889906,1023.98345342443,6455.653388809672,0.009999999776482582,0.9439008235931396,1.0
2122,127.12201199588058,91578.66606361307,443.27534123805754,7255.831151290588,0.009999999776482582,21.267541885375977,0.75
2123,137.7333690375053,2.470340626250842e-06,371.5113758160405,8006.1833529975065,0.009999999776482582,50.565895080566406,1.0
2124,144.42273984371735,92157.91129929923,693.6638273915596,8479.203353435325,0.009999999776482582,24.525630950927734,0.75
2125,147.14768160268133,109043.33666433643,700.0252531285162,8671.8899288037,0.009999999776482582,31.56396484375,0.75
2126,140.64368956665888,201173.67734967667,401.363988418501,8211.978465550696,0.009999999776482582,17.145606994628906,0.5
2127,149.26238349678076,121484.51931913315,784.8447110740076,8821.425112283714,0.009999999776482582,13.85795783996582,0.5
2128,136.49313958013764,62354.69373889277,845.2569905582751,7918.484022901729,0.009999999776482582,8.723932266235352,0.75
2129,115.02993818020596,2.0520024578489926e-11,inf,6400.774236778853,0.009999999776482582,1.346640944480896,1.0
2130,135.7607851433459,90102.44190571741,545.8379894352673,7866.697643278378,0.009999999776482582,14.68795394897461,0.75
2131,144.3683631486192,0.09546125616333866,543.8459744867041,8475.358258719505,0.009999999776482582,7.256866931915283,1.0
2132,148.8114191886812,2.997879227319995e-06,968.44293422148,8789.536442423076,0.009999999776482582,22.251253128051758,1.0
2133,152.6087828580059,229799.5318638796,500.42267431897477,9058.05631021968,0.009999999776482582,28.359039306640625,0.5
2134,146.5351423152142,277927.435029584,420.25495625756355,8628.575939727652,0.009999999776482582,43.59364700317383,0.5
2135,145.41923246670476,271298.59422782465,693.4933714753488,8549.667520337847,0.009999999776482582,29.263473510742188,0.5
2136,140.22673248462638,0.4765693027061335,1019.1032330753766,8182.494520821183,0.009999999776482582,17.047388076782227,1.0
2137,148.27336699873382,234958.39366097254,574.273412990025,8751.489598482516,0.009999999776482582,34.72366714477539,0.5
2138,145.80272301067552,200470.9004341152,706.3490205958801,8576.784973164427,0.009999999776482582,17.902538299560547,0.5
2139,134.78891029983885,5.010763336082463,983.42793900332,7797.974253258751,0.009999999776482582,24.686569213867188,1.0
2140,135.0957884823333,155487.01130895322,476.41914400763966,7819.674278899888,0.009999999776482582,13.647727966308594,0.5
2141,134.2811666545649,170558.86570658543,522.9842578471263,7762.070592620482,0.009999999776482582,12.70641040802002,0.5
2142,134.3812667833629,1.5219762797133535e-10,inf,7769.148891064317,0.009999999776482582,12.686460494995117,1.0
2143,146.8185434376434,177099.48703219093,390.2804028418466,8648.615851243854,0.009999999776482582,33.48023223876953,0.75
2144,151.39740394126503,228462.5105525944,785.394006391635,8972.397064779881,0.009999999776482582,30.140010833740234,0.5
2145,148.7667380628764,184414.41218764172,573.4367823171577,8786.376942559782,0.009999999776482582,41.219573974609375,0.75
2146,153.11577737399182,254644.91637146025,537.8520238654215,9093.906998292005,0.009999999776482582,79.13050842285156,0.5
2147,144.2768977109656,0.7862746814259228,907.4595877925344,8468.890538120317,0.009999999776482582,42.951904296875,1.0
2148,147.53850296637555,270782.58300876874,415.8341782737127,8699.52575988277,0.009999999776482582,40.49421691894531,0.5
2149,147.55601191364343,0.0021008926402531036,742.2913368256723,8700.763855734273,0.009999999776482582,41.985740661621094,1.0
2150,141.61915945853093,171049.09840344122,1038.3179533534915,8280.956069281663,0.009999999776482582,34.41770935058594,0.75
2151,150.70520889004248,247056.19954135834,473.1499105171093,8923.450442905028,0.009999999776482582,36.59033966064453,0.5
2152,141.37416226841216,0.00469030874695011,1342.070480153329,8263.631783585073,0.009999999776482582,17.18643569946289,1.0
2153,148.39438072658265,79672.82231291577,891.7330385633481,8760.046743131588,0.009999999776482582,43.69573211669922,0.75
2154,142.86855673716622,116024.30698158965,719.839958099718,8369.303676015954,0.009999999776482582,20.06380844116211,0.75
2155,147.31088437055035,186209.58908797568,659.790503705548,8683.430352494546,0.009999999776482582,28.995079040527344,0.75
2156,141.93664829363118,9.088218610108335,584.7491713683926,8303.406397312314,0.009999999776482582,19.660097122192383,1.0
2157,147.9477637549639,244699.51768419554,373.69455222348915,8728.465482915835,0.009999999776482582,36.48485565185547,0.75
2158,146.45285719644863,0.008596120015703741,851.2364485873637,8622.757379500978,0.009999999776482582,14.44357681274414,1.0
2159,138.7329842864752,242409.02184559422,496.82696105767417,8076.868327594263,0.009999999776482582,17.136201858520508,0.5
2160,140.97156326761103,0.004049275228718195,888.0132949474573,8235.16313009701,0.009999999776482582,15.217009544372559,1.0
2161,143.4441679865292,151326.19025121426,649.3729088468081,8410.00640297091,0.009999999776482582,27.99764060974121,0.75
2162,141.9518701509428,5.71521001997731e-07,891.935968819841,8304.482768044449,0.009999999776482582,25.046728134155273,1.0
2163,140.51390516462376,224018.32394999606,349.6233847049542,8202.80112739948,0.009999999776482582,26.9422664642334,0.75
2164,134.47799740868308,3.214289590808703e-13,inf,7775.98892456774,0.009999999776482582,8.988761901855469,1.0
2165,135.75638073736258,135088.91688040172,576.6711560677877,7866.386198124488,0.009999999776482582,37.50185775756836,0.75
2166,149.11086139979412,213464.641776947,867.4546723212928,8810.710654308623,0.009999999776482582,27.749752044677734,0.5
2167,148.10005480451684,163522.8286754875,554.5786423591642,8739.234315204114,0.009999999776482582,29.741493225097656,0.5
2168,155.92512941772537,314993.0594792392,628.7228518336755,9292.562409010572,0.009999999776482582,34.63741683959961,0.25
2169,153.72757568118547,414120.4236473009,543.9096029357826,9137.168591036701,0.009999999776482582,50.43522644042969,0.5
2170,147.74308047050727,130445.25908490548,492.4797735504842,8713.991881420552,0.009999999776482582,21.893749237060547,0.75
2171,151.93049493785887,217310.54293283747,418.48590315353385,9010.093091917151,0.009999999776482582,25.954681396484375,0.5
2172,145.17796279169335,121668.15152111294,570.2931041782779,8532.606815364887,0.009999999776482582,24.687461853027344,0.75
2173,147.75790186953793,336457.2932202446,551.2104579166245,8715.03993487417,0.009999999776482582,34.0792350769043,0.5
2174,142.6601963408217,2.9696857793245232e-08,1254.2457424513389,8354.57005791863,0.009999999776482582,10.95921516418457,1.0
2175,145.86766737345712,77066.1391848426,976.5434542458955,8581.377330712145,0.009999999776482582,18.609134674072266,0.75
2176,141.67498736330148,181548.7991832495,498.12257860522305,8284.90378219877,0.009999999776482582,22.851783752441406,0.75
2177,147.09891513259743,258791.97235725462,405.5275975521794,8668.441545335554,0.009999999776482582,33.50617980957031,0.75
2178,148.46999693587594,0.1275998220458447,696.3479918829274,8765.393730223379,0.009999999776482582,42.49330139160156,1.0
2179,143.3233831559639,210409.3460125287,1000.7288859465383,8401.465444148023,0.009999999776482582,13.477020263671875,0.75
2180,136.06878909451746,248405.09938342444,573.1924298438527,7888.4772744781785,0.009999999776482582,19.624591827392578,0.5
2181,153.3545123129509,253710.31917140586,470.4229604908706,9110.788466549988,0.009999999776482582,43.607200622558594,0.5
2182,151.62362152315816,174635.01732225233,638.4406273932686,8988.393403417107,0.009999999776482582,66.49264526367188,0.75
2183,141.92078998977865,190851.71026129904,688.036022267277,8302.285022057065,0.009999999776482582,17.48168182373047,0.75
2184,142.2109042438329,1.3564589448812005e-08,727.5149151144423,8322.799633753031,0.009999999776482582,21.64046859741211,1.0
2185,147.62110298497691,0.001477813926555935,858.9082582945679,8705.36658736369,0.009999999776482582,39.53273010253906,1.0
2186,135.07630739020595,4.510799166880721e-08,1146.1015056532265,7818.29672838377,0.009999999776482582,23.791263580322266,1.0
2187,150.7886885093912,261304.89543987796,393.1692763363566,8929.353468873362,0.009999999776482582,40.21110534667969,0.5
2188,149.43323635207656,236467.2756453295,462.0572111614078,8833.506490342734,0.009999999776482582,26.860546112060547,0.75
2189,151.95436729649006,286781.5164442826,429.2204722197999,9011.781158465905,0.009999999776482582,27.398052215576172,0.5
2190,147.05561784138786,208523.78622939548,652.9765393500112,8665.379899434884,0.009999999776482582,24.628971099853516,0.5
2191,151.13275104047207,297593.00493156194,476.4171036167956,8953.682880908851,0.009999999776482582,33.33920669555664,0.5
2192,144.81314238404565,225091.84040161534,717.7983311268766,8506.809568600664,0.009999999776482582,28.47723388671875,0.5
2193,141.88476468567444,122142.60618839486,542.3609465955936,8299.737594226137,0.009999999776482582,19.5826358795166,0.75
2194,150.19851592974575,172692.8372583681,495.352955938688,8887.621078493234,0.009999999776482582,38.03849792480469,0.5
2195,148.85132513125944,195221.42663264525,594.4711291765875,8792.358278664879,0.009999999776482582,28.548084259033203,0.75
2196,152.79728197643735,0.010035073619395013,962.8078905257041,9071.385494034721,0.009999999776482582,47.48301315307617,1.0
2197,148.4661438732695,205414.10989252003,749.3260733060852,8765.121271762247,0.009999999776482582,37.458335876464844,0.75
2198,153.0732581943969,272876.33447034407,699.6408148600747,9090.90037436081,0.009999999776482582,37.47715759277344,0.25
2199,141.86187520005114,2.633224449943404e-16,inf,8298.119028771594,0.009999999776482582,29.490102767944336,1.0
2200,142.8380103951667,215249.54962930735,427.0398631606659,8367.143677546057,0.009999999776482582,24.571086883544922,0.75
2201,146.84358403743857,1.8518940272058776e-05,901.3861943294445,8650.38652667346,0.009999999776482582,12.488180160522461,1.0
2202,149.90749909860847,216530.08480441585,509.7194220750349,8867.042643603043,0.009999999776482582,29.097856521606445,0.5
2203,141.61307616765222,304030.42387114034,456.65458455096314,8280.525906514868,0.009999999776482582,19.45893669128418,0.75
2204,135.0895901352128,0.015858622688652978,864.6758027620792,7819.235980255279,0.009999999776482582,8.240653991699219,1.0
2205,137.80513602323867,6.569356392722587,761.7946842822474,8011.258153095521,0.009999999776482582,19.922813415527344,1.0
2206,139.13828076160772,0.08505584016706053,981.4510300404125,8105.5277253759805,0.009999999776482582,19.96198272705078,1.0
2207,139.37444442586974,221576.969786928,558.9005682712815,8122.2273731917185,0.009999999776482582,26.781574249267578,0.75
2208,141.73024636673742,130586.05530160076,523.6615889508887,8288.81126686163,0.009999999776482582,21.822174072265625,0.75
2209,143.84328982726916,264055.5329941641,804.1402475168894,8438.22917888673,0.009999999776482582,32.11038589477539,0.75
2210,145.1115053557976,60657.30538879444,1018.6187770833441,8527.90746511698,0.009999999776482582,23.35303497314453,0.75
2211,146.09491927714262,0.0006336986342456423,600.3155038135443,8597.446808499351,0.009999999776482582,38.250125885009766,1.0
2212,146.8224722965693,163121.50793406254,783.028552393395,8648.893669428056,0.009999999776482582,27.974349975585938,0.75
2213,146.1980540439933,8.175538218910875e-11,inf,8604.739692818988,0.009999999776482582,43.69965744018555,1.0
2214,143.5464522203037,158068.17783260805,589.9974555020159,8417.239144241563,0.009999999776482582,21.252954483032227,0.75
2215,149.69773871141567,56097.482098542816,650.7764979536256,8852.210029099206,0.009999999776482582,38.29120635986328,0.75
2216,149.64103216072257,260698.98491858208,551.1122207853224,8848.200185212427,0.009999999776482582,36.22954559326172,0.5
2217,144.9120184281053,84282.8047279671,575.6803756612113,8513.801309342702,0.009999999776482582,22.122690200805664,0.75
2218,121.25112517018538,2.8769429598887985e-06,607.6469413374514,6840.687938377074,0.009999999776482582,2.777214765548706,1.0
2219,139.88200709013353,78480.71503587901,569.2287276686558,8158.1182362680065,0.009999999776482582,32.39895248413086,0.75
2220,128.00162973754084,1.345595261610267e-05,765.0691692476544,7318.030840409163,0.009999999776482582,6.516067028045654,1.0
2221,138.0628734555942,5.58051279337679,1024.6005888677423,8029.48332910945,0.009999999776482582,23.27244758605957,1.0
2222,150.29410186201625,330732.20398242766,435.852082488104,8894.380168254329,0.009999999776482582,34.99199676513672,0.5
2223,141.0370354221208,268292.4635503329,455.76232566344277,8239.792808949034,0.009999999776482582,31.9332275390625,0.5
2224,136.78759188043702,203067.8155601309,840.5665049068672,7939.3053873097515,0.009999999776482582,25.332687377929688,0.75
2225,141.94149855814817,0.0005023341320694744,1047.4814792584266,8303.749370095617,0.009999999776482582,13.798606872558594,1.0
2226,130.5321473928029,0.034267904369338346,1102.691990693064,7496.969263330552,0.009999999776482582,18.179109573364258,1.0
2227,145.01766117418632,88129.06087776893,612.3643721298972,8521.271538344074,0.009999999776482582,31.702598571777344,0.75
2228,139.27926774954182,2966.048521320728,646.8217383904696,8115.497222810984,0.009999999776482582,31.52068328857422,1.0
2229,141.44378492809946,188427.53869644215,556.4821846014589,8268.554953711206,0.009999999776482582,26.883529663085938,0.5
2230,141.13130454855548,148672.57545860272,547.1997894279646,8246.458784497288,0.009999999776482582,18.704975128173828,0.75
2231,150.81850815735797,165108.9302301479,377.9952619472153,8931.462081223151,0.009999999776482582,31.711078643798828,0.75
2232,146.69519013708899,129203.09733244772,921.5782089394417,8639.893270305738,0.009999999776482582,24.972915649414062,0.5
2233,145.29973574249735,69707.25957732338,488.70344179068377,8541.217646325122,0.009999999776482582,20.889663696289062,0.75
2234,148.95047107070135,127736.64651273737,688.7425032027936,8799.369104298086,0.009999999776482582,24.694154739379883,0.75
2235,151.2189213743301,63992.78525256709,652.4407380085202,8959.776173169075,0.009999999776482582,24.950515747070312,0.75
2236,148.77487836325432,233765.33456416,458.19589699149304,8786.952560954975,0.009999999776482582,26.233104705810547,0.75
2237,140.97770001297891,324813.2542413981,481.213728819616,8235.597072747327,0.009999999776482582,34.64657211303711,0.5
2238,121.10734563116984,2.981512123797721e-19,inf,6830.520973564043,0.009999999776482582,1.5618480443954468,1.0
2239,138.70700646225416,5.490963909813823,470.3718326834716,8075.03137898125,0.009999999776482582,10.14175033569336,1.0
2240,141.6428748379769,164407.80426790717,755.7795273805531,8282.633035489831,0.009999999776482582,18.457775115966797,0.75
2241,145.15769995467207,309752.6480969462,629.0140823390633,8531.17398596219,0.009999999776482582,24.236732482910156,0.5
2242,153.32328365561995,256601.11154248618,628.8970272934644,9108.580220074753,0.009999999776482582,27.814712524414062,0.25
2243,148.6462213213998,1.978774107510937e-09,1194.49702631812,8777.854940901107,0.009999999776482582,30.404499053955078,1.0
2244,139.19597293157327,0.008137777644555796,1094.91600300431,8109.607264551327,0.009999999776482582,31.203495025634766,1.0
2245,127.17076826498662,1.4550539451594666,783.4547293509879,7259.278813425339,0.009999999776482582,10.70482063293457,1.0
2246,147.05512922356732,106847.45909953844,492.89779205746953,8665.345348203029,0.009999999776482582,27.149879455566406,0.75
2247,145.43563582812084,124639.12429315534,613.4863587052864,8550.827437802285,0.009999999776482582,32.435394287109375,0.75
2248,132.27625740091153,0.001334381812815487,772.0847860063244,7620.299086224063,0.009999999776482582,16.472753524780273,1.0
2249,145.59968080249843,128165.5186470728,568.6610771647584,8562.427415752356,0.009999999776482582,30.487741470336914,0.75
2250,148.58316660435057,156888.13675703027,690.2164669204599,8773.396204324785,0.009999999776482582,29.89947509765625,0.5
2251,142.22992274991066,280817.7849351394,476.88706828618325,8324.144473800598,0.009999999776482582,18.206655502319336,0.5
2252,149.15266873871482,287327.7225394896,331.25662506253826,8813.666942433092,0.009999999776482582,42.693756103515625,0.25
2253,147.23191805010808,50379.886227420284,1111.378371017309,8677.84647173621,0.009999999776482582,14.085070610046387,0.75
2254,130.13177337891173,2.7138491205739477e-12,inf,7468.657943519993,0.009999999776482582,15.450885772705078,1.0
2255,123.83554562930283,6.253988609827577e-05,738.7071246456655,7023.437946130868,0.009999999776482582,5.522764205932617,1.0
2256,141.28381479825603,194002.66224825595,386.15368690296555,8257.24311690612,0.009999999776482582,22.895328521728516,0.5
2257,155.51557966362142,157087.73318611455,865.0622635875969,9263.602252595612,0.009999999776482582,40.7503662109375,0.5
2258,147.73313610055706,399505.8324865185,358.78980104622104,8713.2886933309,0.009999999776482582,19.178363800048828,0.75
2259,138.85630464512838,209.15459990659397,911.7732275004372,8085.588579138692,0.009999999776482582,25.108726501464844,1.0
2260,138.73268115924375,199436.65692478252,361.375671159306,8076.846892806553,0.009999999776482582,25.62399673461914,0.75
2261,149.60488192591782,155383.85715186695,720.2604668642916,8845.643923259167,0.009999999776482582,34.202423095703125,0.25
2262,143.6207358554804,181709.35195940477,665.9331704674164,8422.491902110984,0.009999999776482582,28.133398056030273,0.75
2263,149.944351578794,1.794768176398741e-05,605.683622656918,8869.648562858903,0.009999999776482582,37.090145111083984,1.0
2264,144.99244063749055,156707.75680055638,502.642126349635,8519.488139183752,0.009999999776482582,26.466999053955078,0.75
2265,145.35461235260547,198891.69550208322,577.617927241817,8545.098091121703,0.009999999776482582,25.730497360229492,0.75
2266,147.84532495037536,3.0954044572702756e-05,794.8993558182657,8721.221811605774,0.009999999776482582,14.655206680297852,1.0
2267,136.96350009612613,191479.944996131,366.1738070494053,7951.744240928841,0.009999999776482582,23.005523681640625,0.75
2268,137.07151804948566,2.5882223400922964e-13,inf,7959.382426017633,0.009999999776482582,24.31538200378418,1.0
2269,138.7631513316898,1.6076427243004073e-15,inf,8079.0015051611845,0.009999999776482582,31.999595642089844,1.0
2270,141.25684104573998,176939.95278783204,442.8340719004677,8255.335744031065,0.009999999776482582,41.53730010986328,0.5
2271,139.85495838662112,77314.79815061277,401.31585634161036,8156.205563444518,0.009999999776482582,17.923301696777344,0.75
2272,138.95874086212535,187309.92446702154,980.3114847253821,8092.83206747451,0.009999999776482582,24.42165756225586,0.75
2273,144.12043650433716,237543.57838881982,386.07780587584716,8457.82682492936,0.009999999776482582,22.175878524780273,0.75
2274,143.97408481945575,2.050869389331966e-13,inf,8447.477978071836,0.009999999776482582,35.82538604736328,1.0
2275,140.9426718200649,178414.16137385854,397.1685876851782,8233.120152823536,0.009999999776482582,27.884414672851562,0.75
2276,148.77729782178702,237741.78598871763,466.0876686703353,8787.123646145099,0.009999999776482582,48.921287536621094,0.75
2277,151.01142433509023,222216.6054861386,1034.3027846178202,8945.10360493576,0.009999999776482582,39.51191711425781,0.5
2278,141.4408240717849,86719.90382089718,1214.9932706836655,8268.345585103038,0.009999999776482582,33.19502639770508,0.75
2279,155.09661981562763,262898.9851406731,663.0047060115071,9233.976687916582,0.009999999776482582,35.493408203125,0.25
2280,139.70017762227465,57547.87531230653,1034.9825816332673,8145.260677992669,0.009999999776482582,13.740312576293945,0.75
2281,145.23177604135137,251390.21526113074,486.3289258533574,8536.41206762466,0.009999999776482582,31.5755615234375,0.5
2282,136.3610478055214,244464.0070123549,503.45961651605035,7909.143525402505,0.009999999776482582,22.514192581176758,0.75
2283,149.9854739125344,132807.95342814017,664.482790452993,8872.556412772952,0.009999999776482582,26.819068908691406,0.5
2284,146.95194952016544,242831.26584470272,773.924217362216,8658.049286321842,0.009999999776482582,26.82167625427246,0.75
2285,142.89959505686502,210553.4788181134,713.6793112264737,8371.49846330206,0.009999999776482582,14.236064910888672,0.5
2286,145.8924762734616,240992.78069263836,660.4089347097013,8583.13162214417,0.009999999776482582,15.446613311767578,0.5
2287,149.67345272403065,52.03055633227847,990.514661292344,8850.492713959069,0.009999999776482582,17.26099395751953,1.0
2288,142.32737362284615,160973.98130296104,695.9428227653005,8331.035437583889,0.009999999776482582,13.09107494354248,0.75
2289,150.18335186027525,177417.47406917208,505.11380116283385,8886.54879406539,0.009999999776482582,60.6102294921875,0.75
2290,139.00977996341146,0.0014718335358336024,1037.8270732947642,8096.441153651984,0.009999999776482582,14.592696189880371,1.0
2291,140.4920699165691,0.0004447140831690813,958.3327874217368,8201.2571093829,0.009999999776482582,26.034347534179688,1.0
2292,143.46351744528738,0.0005738619168034184,859.7941402761097,8411.374645404378,0.009999999776482582,23.565095901489258,1.0
2293,123.97011494155562,153333.62768094466,430.0800608265735,7032.953635720331,0.009999999776482582,12.671136856079102,0.75
2294,141.62561228704794,36388.12664085177,821.1195916228121,8281.41236286089,0.009999999776482582,13.726543426513672,0.75
2295,146.51829548831037,6.029059470819482e-07,452.24798817176344,8627.3846638513,0.009999999776482582,30.412979125976562,1.0
2296,134.3613973723316,2.8302301882788528,840.4607279208366,7767.743881671506,0.009999999776482582,12.64695930480957,1.0
2297,137.04838144702845,32.913361943932685,913.394587694778,7957.74638639276,0.009999999776482582,9.614629745483398,1.0
2298,133.70548616842953,0.039196241820939656,664.4910831240759,7721.3629697823335,0.009999999776482582,9.136369705200195,1.0
2299,144.3982369165029,170806.2716880533,505.98118022727925,8477.470698006666,0.009999999776482582,32.64268493652344,0.5
2300,147.13642574263608,0.004390268948446677,1110.8532402830842,8671.094002388829,0.009999999776482582,9.298585891723633,1.0
2301,143.6959929343586,108577.9262607968,884.039804418169,8427.813494307795,0.009999999776482582,27.154939651489258,0.75
2302,147.6762116089781,81051.62929490663,1051.9870513887565,8709.263438368715,0.009999999776482582,17.31292724609375,0.75
2303,141.93659599911624,2.1022800733300153,786.0039442721619,8303.402699453098,0.009999999776482582,29.3786563873291,1.0
2304,138.01061213849943,112.4867157020772,803.0242150040705,8025.787817386271,0.009999999776482582,12.529722213745117,1.0
2305,142.25314738038236,0.008836670521987078,868.9973578859787,8325.786738078383,0.009999999776482582,11.82582950592041,1.0
2306,146.64327178745086,29.843039774470174,868.0489931247886,8636.222010559493,0.009999999776482582,20.074857711791992,1.0
2307,147.9103850240637,282795.97203008656,440.0763237874395,8725.822351324092,0.009999999776482582,45.08903503417969,0.75
2308,134.42435301479034,0.0916890532196574,1089.949431336227,7772.195612467434,0.009999999776482582,25.59011459350586,1.0
2309,148.43152236627574,281346.5843644225,386.27447995722616,8762.673109486936,0.009999999776482582,30.316158294677734,0.5
2310,139.1366261142673,213421.99986288155,865.5374496372126,8105.410721653454,0.009999999776482582,19.11789321899414,0.75
2311,142.66638353671,173656.1178216945,436.7436602209039,8355.00756803529,0.009999999776482582,24.4499568939209,0.75
2312,124.93897969207899,1.9950919090522628e-13,inf,7101.464175499523,0.009999999776482582,1.9285829067230225,1.0
2313,139.75870792337275,1.2384815841981722e-06,1023.2507133032954,8149.399483248514,0.009999999776482582,18.956809997558594,1.0
2314,140.5474918820561,189897.9111453115,443.95584280739274,8205.176117447842,0.009999999776482582,22.90814781188965,0.75
2315,144.88909165718673,119257.11643991465,780.3927162132758,8512.180107363605,0.009999999776482582,33.158302307128906,0.5
2316,135.9476239409245,0.399230501326752,808.1654292827845,7879.9094221844525,0.009999999776482582,14.501237869262695,1.0
2317,144.5718234082449,126969.49532668873,297.92910516433335,8489.745377461353,0.009999999776482582,31.11041831970215,0.75
2318,138.28662240966167,20.009707013887148,874.9976871511185,8045.305105688598,0.009999999776482582,25.251373291015625,1.0
2319,123.96115437329563,0.07386095975242778,634.6038951594039,7032.320014394042,0.009999999776482582,11.713171005249023,1.0
2320,142.8781984543586,124317.15738000568,476.79515681196915,8369.98546286896,0.009999999776482582,27.179279327392578,0.75
2321,141.10490707945905,189347.78879037092,410.2535332925713,8244.592161879813,0.009999999776482582,20.99164390563965,0.75
2322,152.99051546870945,168984.36977895634,650.7046322766931,9085.049455750563,0.009999999776482582,47.40568542480469,0.75
2323,152.18134337863424,298821.21160354436,585.4770096175379,9027.831132310308,0.009999999776482582,40.42810821533203,0.25
2324,151.4446164299901,136205.3134504352,651.4120074849491,8975.735562836631,0.009999999776482582,34.10676574707031,0.75
2325,144.52118433528025,46.224851868412536,1487.327782745456,8486.164578159023,0.009999999776482582,24.611919403076172,1.0
2326,127.8503129067618,7.17536494047811e-08,1060.1383392447156,7307.330897255333,0.009999999776482582,11.851333618164062,1.0
2327,139.17675237095472,107693.59485601285,407.20694945576565,8108.248136786462,0.009999999776482582,37.58168411254883,0.75
2328,148.29840247955488,197.27178218571868,599.8805059387112,8753.259911938296,0.009999999776482582,29.912132263183594,1.0
2329,148.65565766943658,85755.54528731457,740.4010124142796,8778.522205653173,0.009999999776482582,48.87005615234375,0.75
2330,132.43307395031695,2221.2638748172944,710.7162664864439,7631.387926477846,0.009999999776482582,10.324106216430664,1.0
2331,145.32744434255943,5.549783527122248e-09,734.7066296015377,8543.176981872992,0.009999999776482582,32.20055389404297,1.0
2332,140.98877794167,8.627188681374465e-07,864.4658780987371,8236.380417248045,0.009999999776482582,11.524391174316406,1.0
2333,127.73903890185396,8.844716473245165e-18,inf,7299.46246965952,0.009999999776482582,12.160076141357422,1.0
2334,137.58003336651356,94334.73097503524,572.2427164270238,7995.340653248781,0.009999999776482582,22.97408676147461,0.75
2335,143.68353991052066,324.77528085997926,700.0641832102599,8426.93291382991,0.009999999776482582,32.07990264892578,1.0
2336,145.846008017654,115107.3678347666,563.127563241492,8579.845750420323,0.009999999776482582,26.431732177734375,0.75
2337,145.77841898795225,215823.6370677013,740.4774023055833,8575.066382706185,0.009999999776482582,39.14588928222656,0.75
2338,142.087297034234,135796.16084080908,570.8997471266938,8314.059098352558,0.009999999776482582,30.075634002685547,0.75
2339,146.03996824627393,162953.75575835595,487.47184112757304,8593.561101248464,0.009999999776482582,29.7008056640625,0.75
2340,132.6270739714983,1.7532100852442147e-06,799.98917888753,7645.1060911248,0.009999999776482582,10.39167594909668,1.0
2341,143.44582768369494,158751.888490011,415.0352893898076,8410.1237637776,0.009999999776482582,38.95189666748047,0.5
2342,147.04453353955202,142724.25942142576,751.9241448807755,8664.596104275199,0.009999999776482582,58.32036209106445,0.75
2343,142.4847386561866,3345.322486530782,998.4132112761793,8342.163062333062,0.009999999776482582,23.967761993408203,1.0
2344,146.89395451817342,4.043115937345811e-12,inf,8653.948333233371,0.009999999776482582,24.568588256835938,1.0
2345,123.61432400241166,3.0935326189200465e-07,898.1625733628383,7007.794882368915,0.009999999776482582,8.273689270019531,1.0
2346,131.08221925395225,2.2504554443016013e-13,inf,7535.866044438884,0.009999999776482582,14.781991004943848,1.0
2347,146.55079869326323,415000.5715352447,516.6771741835706,8629.6830363689,0.009999999776482582,115.51555633544922,0.5
2348,145.17527132882643,168728.08357851516,487.4685003010834,8532.416496154998,0.009999999776482582,19.365453720092773,0.75
2349,133.78641748238994,0.4253864951340495,967.6674537158626,7727.085799518343,0.009999999776482582,15.817208290100098,1.0
2350,150.55600922632703,256918.55088770282,592.2120975939797,8912.900209252191,0.009999999776482582,49.37348175048828,0.25
2351,144.3061224505865,168357.20555304148,972.27570674824,8470.957083203368,0.009999999776482582,19.093505859375,0.75
2352,150.75018073619933,138291.30547583144,664.0824606314168,8926.63050023853,0.009999999776482582,27.33761978149414,0.5
2353,135.56915421288684,0.2307670979369587,665.8094675957212,7853.147002203813,0.009999999776482582,30.25790023803711,1.0
2354,151.9059547149921,266712.1868751966,550.5778892610896,9008.357799231566,0.009999999776482582,39.886741638183594,0.5
2355,141.31544154217207,136980.99404677772,751.7329971188722,8259.479512952086,0.009999999776482582,15.89748477935791,0.75
2356,152.29175934360396,213819.94010488447,550.4515154716922,9035.638886030554,0.009999999776482582,72.75239562988281,0.25
2357,152.46038034949612,80585.91480370781,964.9962023510187,9047.562445150175,0.009999999776482582,22.229082107543945,0.5
2358,156.16115568317204,388979.30275452393,523.5179500945542,9309.252341056383,0.009999999776482582,72.5888900756836,0.25
2359,153.10329009942936,299189.06341654743,492.76469577874974,9093.023995870684,0.009999999776482582,51.946353912353516,0.5
2360,144.15939627719578,124416.47145412002,1365.6981445347435,8460.581755446521,0.009999999776482582,21.793739318847656,0.75
2361,143.93480412587726,76878.7440748761,398.12692519779614,8444.700354550587,0.009999999776482582,21.562471389770508,0.75
2362,143.68500057998477,169762.5259163733,411.3077118402203,8427.036200953702,0.009999999776482582,57.39836502075195,0.75
2363,134.59858641427732,0.00015011004980990057,875.348806280503,7784.516036179793,0.009999999776482582,8.707557678222656,1.0
2364,146.22258615485725,122354.91482163795,771.9839515252658,8606.47441188716,0.009999999776482582,25.156408309936523,0.75
2365,151.75203843295225,338137.6658679272,816.2277494457909,8997.474043209211,0.009999999776482582,27.718935012817383,0.25
2366,151.7574078348035,228294.1506897675,600.5159223190464,8997.853725325753,0.009999999776482582,32.09580612182617,0.5
2367,153.55029430951228,290673.13211627334,812.8270569703204,9124.632638562874,0.009999999776482582,36.39849853515625,0.5
2368,151.71146028411806,256594.47023202508,622.1074916116162,8994.604673796846,0.009999999776482582,37.14909362792969,0.25
2369,147.37863541018848,136547.41295106107,652.9548965275734,8688.221176284658,0.009999999776482582,22.538654327392578,0.75
2370,147.4831444613891,260245.42231635615,421.76621397363147,8695.611239248243,0.009999999776482582,25.409883499145508,0.75
2371,150.3557351750157,170780.427136027,581.962464159735,8898.738394249951,0.009999999776482582,47.19505310058594,0.75
2372,140.39815665555483,3.6498106841688124e-09,1048.525419515065,8194.61629785473,0.009999999776482582,19.020666122436523,1.0
2373,147.679253136051,278294.258394601,280.0796683010748,8709.47851138216,0.009999999776482582,60.53399658203125,0.75
2374,148.53295868962823,96153.17229420687,675.011468819642,8769.845893162204,0.009999999776482582,36.614315032958984,0.5
2375,141.19125624308478,196304.56326458082,651.8259412748367,8250.698099582969,0.009999999776482582,14.771346092224121,0.75
2376,142.1252576285504,111794.61292246483,737.7271085608503,8316.743374775608,0.009999999776482582,34.686771392822266,0.75
2377,151.4971816962193,316284.3645619586,503.3169906061874,8979.452567466073,0.009999999776482582,73.43896484375,0.5
2378,150.40565489653827,195482.2579574415,507.3688531242672,8902.268326642774,0.009999999776482582,38.585479736328125,0.75
2379,138.35087400973038,3.9097474273202574e-15,inf,8049.848476473844,0.009999999776482582,30.366613388061523,1.0
2380,148.41274149118505,275877.15397392516,498.1318890884094,8761.345072844779,0.009999999776482582,98.53150939941406,0.5
2381,149.25423813558126,158371.9725621523,635.03624411892,8820.849136026787,0.009999999776482582,38.6514892578125,0.25
2382,147.24291632700567,2.8923175247828434e-18,inf,8678.624183884875,0.009999999776482582,24.774410247802734,1.0
2383,141.77299886400095,0.0,inf,8291.834389194082,0.009999999776482582,29.795867919921875,1.0
2384,152.24412701621654,319252.92773046927,1053.550447557898,9032.270700266248,0.009999999776482582,158.9499053955078,0.75
2385,151.32398620995667,230425.02353240876,463.0291279570035,8967.205536861686,0.009999999776482582,47.049400329589844,0.5
2386,144.8603744702777,1.0848347334155403e-09,814.2921999914583,8510.149452439875,0.009999999776482582,45.5968017578125,1.0
2387,143.7431274852727,0.0016000893197183315,906.0736634484045,8431.146481211934,0.009999999776482582,16.836917877197266,1.0
2388,144.30207930816172,98891.32282038261,1127.2148674136213,8470.671183783683,0.009999999776482582,34.726722717285156,0.75
2389,150.57206340043538,172839.83970993714,397.83180168610784,8914.035434920457,0.009999999776482582,55.512184143066406,0.75
2390,149.98240875408214,347938.766863082,416.14159793349216,8872.339668733128,0.009999999776482582,28.972002029418945,0.25
2391,147.45769531404443,175777.6003585134,775.7958301233715,8693.811674530298,0.009999999776482582,47.362403869628906,0.75
2392,151.796290013182,283267.43193515256,575.2490608835653,9000.603168967975,0.009999999776482582,68.27143096923828,0.5
2393,147.9832930687951,173677.56615598293,509.3468916845122,8730.977838192714,0.009999999776482582,37.211265563964844,0.75
2394,150.6652433017294,163772.6538940372,480.4041791268397,8920.624388983215,0.009999999776482582,38.63365936279297,0.75
2395,143.90460682447542,7.999650213182291e-14,inf,8442.565037502673,0.009999999776482582,14.40316104888916,1.0
2396,148.58017776873237,216526.57834612293,503.942079463949,8773.18485723903,0.009999999776482582,40.72557067871094,0.5
2397,141.47233892017016,0.07368456870272017,1142.9510197462932,8270.574068771959,0.009999999776482582,15.588569641113281,1.0
2398,137.11447140082123,3.2752536546253755e-06,576.8515237419458,7962.419751179619,0.009999999776482582,15.379794120788574,1.0
2399,142.19015613632112,320554.7851980683,354.6781697630079,8321.332489815486,0.009999999776482582,29.417036056518555,0.5
2400,143.874140599333,202807.99856679986,351.8581765580014,8440.410704270493,0.009999999776482582,32.01554489135742,0.75
2401,144.4445486606116,184715.16937188993,541.6799454294113,8480.745502446902,0.009999999776482582,45.72893524169922,0.75
2402,142.40067028945379,219113.2631023833,586.5773920615313,8336.218404753034,0.009999999776482582,25.240970611572266,0.75
2403,153.4665917392565,236236.54933321205,643.9154748418352,9118.713847249608,0.009999999776482582,70.58049011230469,0.25
2404,146.85049690874274,243281.84609998547,515.3786363158118,8650.875350881603,0.009999999776482582,64.8407974243164,0.75
2405,139.14866936212263,4.77526569680803e-05,585.6956411592837,8106.262325977811,0.009999999776482582,29.814598083496094,1.0
2406,153.8585344456065,412558.00071259105,398.7419191904762,9146.428970913721,0.009999999776482582,68.85362243652344,0.25
2407,154.0540963927694,213525.0452049726,1006.8932630919087,9160.257582753673,0.009999999776482582,50.688011169433594,0.0
2408,149.5254822115895,302376.6009530276,499.40062885189315,8840.029396273838,0.009999999776482582,47.25840759277344,0.5
2409,139.43013673454448,0.00030772064420368333,771.6966384253911,8126.165497813132,0.009999999776482582,24.201234817504883,1.0
2410,141.517898452017,118313.91349972229,1078.500132096455,8273.795682642447,0.009999999776482582,18.95024871826172,0.75
2411,146.6691604562999,110314.51000834329,661.6470442793307,8638.052654801688,0.009999999776482582,42.70364761352539,0.75
2412,151.54410861639127,161855.88723650968,664.066505472408,8982.770872347555,0.009999999776482582,42.23583984375,0.75
2413,132.48941229408243,1.4713751873379353e-06,615.1213874771557,7635.371733649646,0.009999999776482582,31.968626022338867,1.0
2414,147.07689017005734,158771.86032070025,586.6880574316592,8666.884112193908,0.009999999776482582,35.09813690185547,0.5
2415,151.05519007403626,221658.80251718304,491.8922436926346,8948.198375797645,0.009999999776482582,37.13527297973633,0.5
2416,136.17006936465626,8.314114830629041e-07,939.6583696745671,7895.639023290325,0.009999999776482582,9.288928031921387,1.0
2417,122.36600583549593,0.0,inf,6919.523581978051,0.009999999776482582,2.0035619735717773,1.0
2418,135.48789347427746,167082.28381162373,297.8532644849475,7847.400878132339,0.009999999776482582,24.869747161865234,0.5
2419,140.28925632481048,183918.8196352398,544.4053131979599,8186.915717936433,0.009999999776482582,36.37042999267578,0.75
2420,143.28852519177997,133464.0493056054,937.8777461184582,8399.000561469034,0.009999999776482582,22.409109115600586,0.75
2421,146.93139437796938,143132.80570800861,495.9496498262651,8656.595787382666,0.009999999776482582,22.818387985229492,0.5
2422,130.24348111219854,6.204520544548545e-11,inf,7476.557040995523,0.009999999776482582,3.400444507598877,1.0
2423,118.86918397017219,5.354261523278959e-06,862.3586530387225,6672.255680678519,0.009999999776482582,27.113189697265625,1.0
2424,146.9594892844472,104724.41766086474,466.42750322743996,8658.582439499796,0.009999999776482582,32.79405975341797,0.75
2425,143.91501712166655,77757.6278033015,629.9166014664253,8443.301172323803,0.009999999776482582,25.750991821289062,0.75
2426,150.31238736804698,154272.66317116527,519.3210308017127,8895.673176269767,0.009999999776482582,20.700923919677734,0.75
2427,147.94894623240938,92072.15120967089,1310.2288993688285,8728.549098475203,0.009999999776482582,32.39804458618164,0.75
2428,144.6194631898152,243218.8967394087,357.7799403067418,8493.114090327192,0.009999999776482582,36.3741455078125,0.75
2429,139.17475325204674,1.111263776664409e-09,724.6703870823235,8108.1067747280385,0.009999999776482582,18.047500610351562,1.0
2430,152.1438744715009,243715.3412414433,579.2548446668758,9025.181624160428,0.009999999776482582,47.648704528808594,0.25
2431,146.72938891138574,135222.426131435,406.5675060120939,8642.311540229988,0.009999999776482582,36.36902618408203,0.75
2432,149.36700251011308,330305.19417567697,513.7198966609494,8828.822950909478,0.009999999776482582,29.961923599243164,0.5
2433,145.10451263318942,2.0087161360093842e-14,inf,8527.412994448961,0.009999999776482582,16.909189224243164,1.0
2434,143.83306786758365,601.5484958086664,758.7538640439877,8437.506361821419,0.009999999776482582,21.917644500732422,1.0
2435,145.970248793476,246783.63319586267,483.35465471167566,8588.631086670357,0.009999999776482582,32.644771575927734,0.75
2436,137.75114453077373,3.7352669759761884e-09,734.3490979061609,8007.44029689809,0.009999999776482582,26.648420333862305,1.0
2437,137.32395202584775,1.691355166962143e-08,819.4133694431415,7977.232583090467,0.009999999776482582,11.039467811584473,1.0
2438,148.16859174785836,173448.89323525812,523.7199591348937,8744.080711959294,0.009999999776482582,38.8387451171875,0.75
2439,144.72311395693592,134992.7039172867,517.3512131821128,8500.443462151412,0.009999999776482582,22.15163230895996,0.75
2440,153.44198050085237,241101.77809779276,442.3987728720413,9116.973532900478,0.009999999776482582,41.85514450073242,0.5
2441,142.54926922865738,66192.18264235921,1049.8602996416046,8346.72615986535,0.009999999776482582,12.574003219604492,0.75
2442,142.07132628327992,300528.79855935636,312.45793085932974,8312.929771717489,0.009999999776482582,43.09205627441406,0.5
2443,129.2841728466495,2.5788576856820724e-11,inf,7408.722261113293,0.009999999776482582,6.527832508087158,1.0
2444,126.6723278052148,2.358777923080163e-08,710.523610004458,7224.03300132586,0.009999999776482582,4.921278953552246,1.0
2445,140.65143462716367,152386.82927803686,294.2507072251153,8212.52613567237,0.009999999776482582,29.266599655151367,0.75
2446,149.36963247208266,235359.64678065633,482.7836987897177,8829.008921256771,0.009999999776482582,47.349098205566406,0.5
2447,141.94557218387735,2.242940626881806e-17,inf,8304.037425056242,0.009999999776482582,36.185508728027344,1.0
2448,142.1326014902405,6.74801178425119e-10,inf,8317.262675254007,0.009999999776482582,32.468387603759766,1.0
2449,135.27964624735105,0.18131384270417358,807.4917111477813,7832.675262491414,0.009999999776482582,25.896137237548828,1.0
2450,138.11356557147934,97397.81017455817,753.2573591861101,8033.067879192384,0.009999999776482582,23.068450927734375,0.75
2451,145.90137434570954,161838.68255573555,443.6376642198586,8583.760824241132,0.009999999776482582,19.049972534179688,0.75
2452,155.40511617164447,129209.49533622274,736.5009987850285,9255.791138137018,0.009999999776482582,33.99871826171875,0.75
2453,152.61032713874948,218175.1150730646,594.0701431653744,9058.165509679415,0.009999999776482582,22.452022552490234,0.5
2454,146.82129468027563,145792.77842435223,522.5568810941018,8648.810397611338,0.009999999776482582,32.52214431762695,0.75
2455,142.48565897722307,151319.48937743032,639.9637463110678,8342.228140240937,0.009999999776482582,26.262977600097656,0.75
2456,121.6262460333107,313545.1725924499,469.8222707148645,6867.21355281528,0.009999999776482582,19.58958625793457,0.75
2457,154.2151995713011,217179.34438977853,511.50589746791445,9171.649539902892,0.009999999776482582,67.75983428955078,0.25
2458,155.1755775591484,367350.660335171,399.42048208633247,9239.55996218209,0.009999999776482582,31.37858009338379,0.5
2459,140.3516270922696,3.4044757711557175e-05,865.5130977339074,8191.326090945419,0.009999999776482582,36.092628479003906,1.0
2460,151.48673329005464,130837.48288461354,842.5369645664155,8978.713737876302,0.009999999776482582,35.985748291015625,0.5
2461,135.71075960665573,2.185530123462817e-15,inf,7863.160228464249,0.009999999776482582,6.751622200012207,1.0
2462,151.8334799820617,222219.42047326983,526.6098622844924,9003.232952785525,0.009999999776482582,37.69805145263672,0.5
2463,149.19288377352566,148654.41636489186,529.6503105408051,8816.510635260849,0.009999999776482582,28.763526916503906,0.75
2464,139.39775986633148,43284.72961981231,903.0003177414717,8123.876058841971,0.009999999776482582,27.106090545654297,0.75
2465,145.7493247315875,249039.77478418488,690.2097213354587,8573.009064378786,0.009999999776482582,34.325557708740234,0.25
2466,150.72052337691525,200274.27930974343,721.8721142452346,8924.533363675475,0.009999999776482582,26.177013397216797,0.25
2467,154.9547366933274,299247.1983257653,541.2780316314734,9223.943822865918,0.009999999776482582,48.20352554321289,0.25
2468,152.4373444137624,299699.59178470506,452.32914080963184,9045.933523888893,0.009999999776482582,37.854026794433594,0.5
2469,150.40221692243318,114753.3459939896,980.5038898033444,8902.02521999496,0.009999999776482582,36.289344787597656,0.75
2470,146.64612098275802,202259.403744404,452.2813722563936,8636.423483374274,0.009999999776482582,25.422901153564453,0.75
2471,149.13724305768062,263409.82140027714,527.5630665178741,8812.576158880956,0.009999999776482582,54.82304382324219,0.5
2472,150.93063937325934,752.1361222532748,702.8231614378859,8939.391124078049,0.009999999776482582,22.168289184570312,1.0
2473,149.92023729122613,137968.11427220877,751.1096696051299,8867.943388987347,0.009999999776482582,35.50193786621094,0.75
2474,139.18798142955,244733.86565975376,566.9418670177519,8109.042168012348,0.009999999776482582,16.32280158996582,0.75
2475,141.7672328069467,1.5237947554908444e-06,443.69741842079117,8291.426658722961,0.009999999776482582,11.982562065124512,1.0
2476,141.1525221428035,158518.8458595191,531.4370306081494,8247.959126865984,0.009999999776482582,13.589929580688477,0.75
2477,148.06819635015364,210178.25507543542,354.2161837947967,8736.981534407027,0.009999999776482582,48.304603576660156,0.5
2478,142.64448212452135,8.172114843473954e-08,846.3974163250524,8353.458871408478,0.009999999776482582,14.39597225189209,1.0
2479,140.00056419088577,0.098167897428065,654.7648299502126,8166.50166745673,0.009999999776482582,33.641639709472656,1.0
2480,149.71111896983444,201912.2749174437,533.0405680374806,8853.156176356766,0.009999999776482582,28.27850914001465,0.75
2481,147.72109099668282,174601.0665662712,582.7468711359726,8712.436957763397,0.009999999776482582,37.33676528930664,0.75
2482,156.36882208704293,247760.5579850701,614.3390338938459,9323.936885432173,0.009999999776482582,74.30543518066406,0.5
2483,137.51763362997448,234709.46245624038,510.4526699486611,7990.928231772964,0.009999999776482582,14.978168487548828,0.75
2484,142.7163545504799,167820.29974623345,535.0120954323663,8358.5411274148,0.009999999776482582,18.84785270690918,0.75
2485,153.8210188728205,133370.1275898887,919.8821280158014,9143.776162933758,0.009999999776482582,60.860774993896484,0.75
2486,145.9330159889138,194446.78849210936,442.6153073804679,8585.998273848265,0.009999999776482582,57.837623596191406,0.75
2487,146.92062184287107,185829.60032909294,604.9294743792375,8655.834037929013,0.009999999776482582,35.836036682128906,0.75
2488,136.6192574768784,4.420440722335152e-05,888.0587643556462,7927.402094466267,0.009999999776482582,24.192310333251953,1.0
2489,147.61151324367214,166541.59320454078,573.5001348621245,8704.688475839066,0.009999999776482582,44.401710510253906,0.75
2490,145.29936307858083,189370.16444533493,502.5033827536834,8541.191294446737,0.009999999776482582,30.95632553100586,0.5
2491,142.31327701041525,0.38448493238913317,1035.2086942465237,8330.038635371631,0.009999999776482582,19.427305221557617,1.0
2492,137.92941155288563,138521.72575649092,491.66413567211396,8020.045946864319,0.009999999776482582,32.50354766845703,0.5
2493,143.6478072982643,192694.01585056013,699.4271839239702,8424.406182877958,0.009999999776482582,22.635173797607422,0.5
2494,149.01009989436682,62806.10158390404,660.1792215108196,8803.585588480746,0.009999999776482582,45.16735076904297,0.75
2495,145.75686795851337,86691.5147865372,647.9994102707361,8573.542462407859,0.009999999776482582,36.720149993896484,0.75
2496,140.4526016407233,5.907772085852688,1077.8547438910932,8198.466221510378,0.009999999776482582,27.0086612701416,1.0
2497,143.2639191599066,220075.6709598441,738.6021257538362,8397.260615285053,0.009999999776482582,45.105735778808594,0.75
2498,148.17036001478246,209273.53738912853,545.2780995482567,8744.205749970406,0.009999999776482582,34.01915740966797,0.75
2499,154.87429936260523,289228.9350598589,633.958428220035,9218.255923762152,0.009999999776482582,67.06521606445312,0.5
2500,148.68725456355435,188242.28625690175,885.7263334098799,8780.756490954795,0.009999999776482582,27.922115325927734,0.75
2501,150.85839023989737,184402.47016480315,467.88697541345454,8934.282230269566,0.009999999776482582,62.7071533203125,0.5
2502,143.86399198158344,5.020608129559059,874.5210200702974,8439.693073373444,0.009999999776482582,20.52933692932129,1.0
2503,150.84282808909205,281653.3761412722,418.4168811919608,8933.18179664225,0.009999999776482582,90.05782318115234,0.25
2504,143.10335328100544,0.0002014311996018347,839.1440193006084,8385.906651764657,0.009999999776482582,24.596508026123047,1.0
2505,142.0784728061602,3.5550889475428766e-09,877.7940871742735,8313.435117938216,0.009999999776482582,17.89419174194336,1.0
2506,131.7670415573487,111692.84234968264,916.7558878564374,7584.291323233656,0.009999999776482582,32.326053619384766,0.75
2507,130.94290066372093,1.4136107272646418e-17,inf,7526.014523044523,0.009999999776482582,12.384638786315918,1.0
2508,141.10119388161073,2.4954785947845832e-05,712.6898289760852,8244.3295935608,0.009999999776482582,44.71769714355469,1.0
2509,135.08251229569507,0.0017607571399484558,731.7873400293112,7818.735490784929,0.009999999776482582,27.130882263183594,1.0
2510,143.99028643158832,344322.59848147625,408.61352028233074,8448.623629404383,0.009999999776482582,53.19267654418945,0.25
2511,152.40603414914847,340455.5159884665,659.835222785769,9043.719506784677,0.009999999776482582,40.435089111328125,0.5
2512,137.22078868382724,0.08331451521608935,887.792006881152,7969.937678158244,0.009999999776482582,21.834815979003906,1.0
2513,146.0891772855041,221549.89625575257,585.7852924083024,8597.040779746265,0.009999999776482582,25.95600700378418,0.5
2514,152.47775741556922,158291.42784038844,461.88562384161355,9048.791215394736,0.009999999776482582,72.46282196044922,0.75
2515,141.6883244332726,201115.94718218734,837.710352751233,8285.846875506997,0.009999999776482582,22.197975158691406,0.75
2516,147.43845422346214,209607.90631478032,913.3419229995594,8692.451095046916,0.009999999776482582,28.822446823120117,0.5
2517,145.66284336307248,142378.6614997195,476.74230744678994,8566.893778179543,0.009999999776482582,45.12660217285156,0.75
2518,142.34324467524286,185033.25328870182,613.0586554156836,8332.157714316503,0.009999999776482582,38.630455017089844,0.75
2519,147.5476283496844,99632.48067752596,641.0001254718788,8700.171035640655,0.009999999776482582,27.788257598876953,0.75
2520,143.93392306482787,109019.90423933216,867.6728441504317,8444.638052802029,0.009999999776482582,27.91457748413086,0.75
2521,145.59509387422625,154230.81883868529,490.8982907650481,8562.103064049308,0.009999999776482582,19.707542419433594,0.5
2522,148.0404301076463,120935.4862449317,710.3744898983454,8735.018122836125,0.009999999776482582,26.882766723632812,0.75
2523,144.33400418732802,161543.71551633556,774.6333686129793,8472.928661623482,0.009999999776482582,36.6105842590332,0.75
2524,151.10223975329845,236210.96776735238,761.6858000889539,8951.525361242155,0.009999999776482582,47.39605712890625,0.75
2525,156.22519991174082,372769.90524888167,525.7997810577832,9313.781048150557,0.009999999776482582,57.21400833129883,0.5
2526,151.82630295429152,3.636573118520699e-18,inf,9002.725449497495,0.009999999776482582,32.94345474243164,1.0
2527,147.83069180247043,0.0025139028071448567,1320.677131643822,8720.187069799867,0.009999999776482582,17.070106506347656,1.0
2528,149.9616443495153,141912.71357635953,597.9027159235802,8870.871372395275,0.009999999776482582,30.691438674926758,0.75
2529,145.22352145856365,109698.15192150354,717.1573530773178,8535.828368070997,0.009999999776482582,42.54570007324219,0.75
2530,142.10578305998678,1.5538262665120803e-12,inf,8315.366285554908,0.009999999776482582,40.616764068603516,1.0
2531,138.35029949318496,359559.01297950675,422.6451362113851,8049.807851155793,0.009999999776482582,65.5155258178711,0.5
2532,137.9730124509609,0.05555352957425891,660.6200316002269,8023.129061468687,0.009999999776482582,13.789986610412598,1.0
2533,148.89604625025723,137772.53143266117,572.1342710997285,8795.52060653408,0.009999999776482582,57.96805191040039,0.75
2534,138.68678669275462,3.258458198581739e-10,inf,8073.601594976954,0.009999999776482582,38.23996353149414,1.0
2535,142.62264386002022,196395.2702250063,376.5379874640717,8351.91464009239,0.009999999776482582,36.830562591552734,0.75
2536,150.88988042708746,184737.46048127336,527.3679841204986,8936.508970091585,0.009999999776482582,67.49867248535156,0.75
2537,150.51885361615808,268273.0306249003,564.1484982973302,8910.272855014024,0.009999999776482582,74.75426483154297,0.5
2538,148.50293066042127,176881.95525038472,570.9409458083334,8767.722545720404,0.009999999776482582,18.66185760498047,0.75
2539,140.45747632369034,93365.40877395943,836.8506182841187,8198.810920975546,0.009999999776482582,29.222293853759766,0.75
2540,148.36134530878874,155719.8547100988,517.6222918731958,8757.710736683144,0.009999999776482582,38.449913024902344,0.75
2541,150.41340315766456,289243.93424209766,471.65841374638205,8902.816223087377,0.009999999776482582,38.44150924682617,0.5
2542,152.1815736670289,136649.7851542168,562.0892995829014,9027.847416504996,0.009999999776482582,37.57293701171875,0.75
2543,138.65724080582686,7.762253180149142e-06,588.4864812552992,8071.512340867356,0.009999999776482582,24.210834503173828,1.0
2544,154.92248384141578,236142.20656548033,559.5847289533317,9221.663153357931,0.009999999776482582,36.251434326171875,0.5
2545,141.82612775636315,2.0116213479053204,755.3559362249518,8295.59124905676,0.009999999776482582,10.612882614135742,1.0
2546,146.74546752539368,188616.28766702104,523.5891224810337,8643.448494096861,0.009999999776482582,37.29712677001953,0.75
2547,142.3990596775019,81859.69018987144,656.9428103905266,8336.104514868879,0.009999999776482582,34.473976135253906,0.75
2548,142.4148950579128,303887.30171701417,445.5759996529767,8337.22426915757,0.009999999776482582,32.743873596191406,0.5
2549,144.1670045940577,249057.66952164154,388.403452254194,8461.119756126944,0.009999999776482582,24.868289947509766,0.75
2550,137.75732997856727,1.346302927266316e-06,796.895239596197,8007.877683403155,0.009999999776482582,14.450298309326172,1.0
2551,136.8194586377,0.18511149127061288,696.0987734743514,7941.558755222992,0.009999999776482582,12.010991096496582,1.0
2552,145.2340158803849,161567.402617843,575.1462536896123,8536.570451528216,0.009999999776482582,30.474103927612305,0.75
2553,140.16447827225574,58463.75204787265,645.6835364941951,8178.092389676731,0.009999999776482582,39.009281158447266,0.75
2554,151.9452988471922,188625.13650936124,942.2947629524106,9011.13990863612,0.009999999776482582,70.74656677246094,0.5
2555,153.1207156232015,186078.05111467838,624.5709078182866,9094.25619266484,0.009999999776482582,42.77022171020508,0.5
2556,140.64339989174155,92810.3696084459,545.0513010510986,8211.957982005457,0.009999999776482582,20.94076156616211,0.75
2557,146.0020443445775,96290.01311478108,585.5072908533247,8590.879419440605,0.009999999776482582,40.02714538574219,0.75
2558,144.07044413874846,0.00013896950631338205,863.8395835920224,8454.291755716169,0.009999999776482582,22.001386642456055,1.0
2559,156.05177921569143,372270.12070357386,498.09614843361305,9301.518092470922,0.009999999776482582,99.58448028564453,0.25
2560,152.8801225535432,248216.17345114163,713.2117877746604,9077.243331932194,0.009999999776482582,23.950180053710938,0.5
2561,157.80257666784328,303338.3284244216,578.0700302147559,9425.320799119258,0.009999999776482582,33.58245086669922,0.25
2562,145.1155030279343,79638.83664893114,1717.1644147655506,8528.190149233415,0.009999999776482582,28.23162078857422,0.75
2563,140.80457821119856,0.8114622437172042,814.5294495328595,8223.3552525334,0.009999999776482582,10.653938293457031,1.0
2564,131.71568950477817,112853.972918378,559.1980490712023,7580.660107588255,0.009999999776482582,23.316884994506836,0.75
2565,150.41001491166,250677.6780912575,504.5390736353003,8902.576632822016,0.009999999776482582,35.97629928588867,0.5
2566,146.49734266575874,313154.5581830733,457.1173185982444,8625.90304406677,0.009999999776482582,45.910926818847656,0.5
2567,154.9447015440519,335198.386366339,603.7746783277704,9223.234215572167,0.009999999776482582,49.814292907714844,0.25
2568,153.444194405264,158044.08956481048,603.8407367228846,9117.130082910353,0.009999999776482582,37.53058624267578,0.75
2569,152.99362482240105,195144.5292026743,723.2471697443383,9085.26932493216,0.009999999776482582,33.482391357421875,0.5
2570,150.38959825199936,163809.05496200643,539.7465893660994,8901.132926284976,0.009999999776482582,27.142114639282227,0.75
2571,157.02214184816816,287955.41955942486,318.490819300348,9370.134550750188,0.009999999776482582,60.7339973449707,0.75
2572,149.46262864217942,316748.2469464812,552.0768325107786,8835.584883285821,0.009999999776482582,91.30581665039062,0.75
2573,145.91615321281256,209092.38401462795,682.5357720838715,8584.805870169374,0.009999999776482582,44.93244934082031,0.75
2574,146.02894845573735,250763.79204241518,454.3351860696595,8592.781867823462,0.009999999776482582,32.01827621459961,0.5
2575,126.66419087921508,5.678245619322636e-06,688.591481692546,7223.457621540309,0.009999999776482582,14.689318656921387,1.0
2576,140.66399707321258,211595.39266201816,400.4105169591584,8213.41445363346,0.009999999776482582,25.89984893798828,0.75
2577,139.71127044206315,2.1473122657212984e-09,675.6347088994931,8146.045075475365,0.009999999776482582,34.046669006347656,1.0
2578,152.07739514432765,290387.38917808974,450.50203119911276,9020.480725932543,0.009999999776482582,53.361568450927734,0.25
2579,142.86177143171824,253003.34322092772,555.9163566682292,8368.823872267745,0.009999999776482582,25.536422729492188,0.75
2580,151.56265385728085,161827.94953679963,750.1617280605489,8984.082246781389,0.009999999776482582,45.28175735473633,0.75
2581,155.9167520851433,387294.6419195018,419.8203310948024,9291.97002955121,0.009999999776482582,43.64965057373047,0.25
2582,143.49738331728403,265338.01342159155,454.7367981056285,8413.769375080868,0.009999999776482582,29.446943283081055,0.75
2583,134.33184747351402,1.5630612342699693e-12,inf,7765.654343872428,0.009999999776482582,25.357192993164062,1.0
2584,135.3729404247002,3.429955348478037e-09,509.9872720650155,7839.272297263288,0.009999999776482582,34.69004821777344,1.0
2585,144.22678592731322,185695.93261014373,675.1804425375688,8465.34702459537,0.009999999776482582,24.875436782836914,0.5
2586,150.35578699319333,227343.4852384348,803.6167886345169,8898.742058426316,0.009999999776482582,49.208438873291016,0.5
2587,147.48671240681563,304356.24284333823,358.61413529640566,8695.863536451689,0.009999999776482582,64.61839294433594,0.5
2588,151.51861308738017,0.03237406090906131,929.5796598386321,8980.968027880808,0.009999999776482582,50.17978286743164,1.0
2589,155.19420557978762,199172.23747054572,708.4163969120399,9240.87719015258,0.009999999776482582,67.92894744873047,0.5
2590,154.2516356664334,177549.7978391689,890.1533570933698,9174.226015663426,0.009999999776482582,51.70896911621094,0.5
2591,147.83959086197433,340520.7345587603,505.8297457063786,8720.81634170785,0.009999999776482582,55.7933349609375,0.5
2592,153.82589662099306,338971.12763136276,328.503538806027,9144.12107914629,0.009999999776482582,43.715999603271484,0.75
2593,137.43056258976418,2.9501540795143863e-18,inf,7984.771248601968,0.009999999776482582,20.34898567199707,1.0
2594,151.08499343255988,121625.286276963,612.8742976390919,8950.30583628538,0.009999999776482582,38.49031066894531,0.75
2595,145.9372790398242,163482.92387726044,431.12439331399673,8586.299723476626,0.009999999776482582,80.21554565429688,0.75
2596,143.0970019753882,91958.71683673555,443.5847156749526,8385.457537091113,0.009999999776482582,41.34751892089844,0.75
2597,147.02174999262476,231782.26965472815,714.3266943441413,8662.985029976926,0.009999999776482582,65.07597351074219,0.75
2598,153.3511694789854,357108.3541424087,464.6061754325515,9110.552087468961,0.009999999776482582,90.15357208251953,0.25
2599,149.75351779576013,2.038523234929132e-06,646.0114480071815,8856.1542898175,0.009999999776482582,103.4660415649414,1.0
2600,138.89795821193172,203517.10880604462,591.6677397781497,8088.533993701338,0.009999999776482582,26.607284545898438,0.75
2601,138.88580812325478,8.872013557695828e-06,406.33542516724754,8087.674834429445,0.009999999776482582,15.394681930541992,1.0
2602,133.3124116976875,210562.62875856477,471.5930575592787,7693.567816589477,0.009999999776482582,47.41520309448242,0.75
2603,146.44710019074395,0.09066369191872932,370.0593715682304,8622.350289070528,0.009999999776482582,41.596134185791016,1.0
2604,135.9390622533717,5.600985943876731e-07,894.1480809199494,7879.304006583001,0.009999999776482582,10.624422073364258,1.0
2605,142.61937670609083,0.18802332905969976,983.6972263583376,8351.683612511788,0.009999999776482582,41.440216064453125,1.0
2606,147.6387802850119,173980.62629424722,405.245848570109,8706.616587806562,0.009999999776482582,73.86434173583984,0.75
2607,150.74109670971438,3.2172876735427144e-18,inf,8925.98814891187,0.009999999776482582,55.27071762084961,1.0
2608,144.64980383878475,0.20039025703666738,697.9615526091438,8495.259543794284,0.009999999776482582,27.520126342773438,1.0
2609,151.8247399702127,171901.17982662277,719.5367937301991,9002.614927484132,0.009999999776482582,49.88215255737305,0.75
2610,145.80208612183876,159118.35751634662,726.6725918656454,8576.73993736561,0.009999999776482582,41.27875518798828,0.75
2611,155.92386466978883,373709.79013418505,339.30131190254724,9292.472975925333,0.009999999776482582,44.74983215332031,0.5
2612,146.74732758039917,268438.941859035,434.5846095657259,8643.580022643418,0.009999999776482582,57.40052795410156,0.75
2613,146.58152769730376,296754.2605551179,587.9195812470829,8631.855951270136,0.009999999776482582,28.56287384033203,0.5
2614,149.4239151322832,111971.44529871379,1041.0634284416583,8832.847366559876,0.009999999776482582,52.29778289794922,0.75
2615,146.3247554767885,93659.49329759314,674.0559837299747,8613.699027490735,0.009999999776482582,34.278263092041016,0.75
2616,143.2039996564244,270259.01949301374,465.7696975798897,8393.023576498526,0.009999999776482582,33.97079849243164,0.5
2617,144.57406785648965,151641.2597033181,401.1141196787309,8489.904087292289,0.009999999776482582,38.14977264404297,0.75
2618,151.32558729794195,152425.53473914205,643.6659055517441,8967.318753285388,0.009999999776482582,54.349151611328125,0.75
2619,145.70477196383888,198496.41533201368,413.81011032050384,8569.858640993616,0.009999999776482582,22.23177719116211,0.75
2620,157.08242386707278,398046.06941460416,362.3911940008902,9374.397223792947,0.009999999776482582,42.47822570800781,0.5
2621,134.03743149199244,4.605725327377678e-15,inf,7744.835547644401,0.009999999776482582,1.8493971824645996,1.0
2622,132.75388331669134,3.393442849348714e-11,inf,7654.073056517573,0.009999999776482582,25.762557983398438,1.0
2623,139.1543825213978,1.9036225015808144e-06,416.27408064012445,8106.666315931594,0.009999999776482582,38.59446716308594,1.0
2624,136.82038697642753,195765.34174736185,571.0842265201888,7941.624400079291,0.009999999776482582,44.51155090332031,0.75
2625,142.55277056525472,1.7780098576648052e-08,971.0425355007636,8346.973747013197,0.009999999776482582,10.776864051818848,1.0
2626,140.4738015884276,214707.18932898276,505.31390206512634,8199.965316053478,0.009999999776482582,23.723731994628906,0.75
2627,141.13509461083217,157512.49436409614,604.32324179665,8246.726788067685,0.009999999776482582,17.73897361755371,0.75
2628,143.05157177317278,0.00035979331764350017,503.9399149869931,8382.245068400953,0.009999999776482582,33.493778228759766,1.0
2629,153.56716364267504,243684.5695241783,513.1425153125666,9125.825505905888,0.009999999776482582,54.00725555419922,0.5
2630,148.27466390633074,8.064396716918497e-19,inf,8751.581305647485,0.009999999776482582,44.036705017089844,1.0
2631,147.5561448457133,249307.874402605,433.99499309066414,8700.773255650882,0.009999999776482582,78.39579772949219,0.75
2632,145.78096549771954,95973.60880430443,719.3331509499105,8575.246451966228,0.009999999776482582,59.29602813720703,0.75
2633,150.6185407464478,250441.18404892398,608.3090252161961,8917.321949432513,0.009999999776482582,55.84805679321289,0.5
2634,140.70051558223196,264824.08237429295,672.4499960880441,8215.996757059711,0.009999999776482582,19.368267059326172,0.75
2635,147.09473418698113,1.0706094158502165e-08,765.4199324304346,8668.145901551625,0.009999999776482582,33.23243713378906,1.0
2636,157.05982830175208,491342.1079602153,499.9696927078954,9372.799442084095,0.009999999776482582,57.455291748046875,0.25
2637,144.0136259423851,8.476001827071596e-07,1262.2042991496014,8450.274017120528,0.009999999776482582,21.551677703857422,1.0
2638,137.27396422203648,167119.63113080536,554.3368585207274,7973.69783645051,0.009999999776482582,37.718345642089844,0.75
2639,144.715562312094,184299.97904010146,340.0980098230318,8499.909468873133,0.009999999776482582,28.582040786743164,0.75
2640,140.76478677780165,213133.85778888353,323.3198412174824,8220.541513485572,0.009999999776482582,69.92749786376953,0.75
2641,138.87898389542494,0.00033341353876106946,562.7973743339655,8087.192278394718,0.009999999776482582,17.554025650024414,1.0
2642,146.7616540044066,0.03046385524719264,745.1386955917832,8644.593075333512,0.009999999776482582,52.820838928222656,1.0
2643,146.81469637387775,252505.79289434152,506.05605347292055,8648.343816973842,0.009999999776482582,71.81840515136719,0.75
2644,128.0392170292453,3.964741006663308e-05,830.6531533611499,7320.688719790282,0.009999999776482582,6.341630935668945,1.0
2645,141.55393733555277,69645.09584560983,599.5824817150065,8276.344070704601,0.009999999776482582,42.166046142578125,0.75
2646,150.80854332290895,273462.78588885587,538.5968738297004,8930.75744604415,0.009999999776482582,38.67210006713867,0.5
2647,151.9381010011487,168376.34497952525,705.3927915656099,9010.630933242577,0.009999999776482582,35.07258605957031,0.5
2648,152.42853529322932,150907.02702689913,592.8437947184808,9045.31061176171,0.009999999776482582,36.95801544189453,0.75
2649,152.33173508122175,206169.05469626596,503.24516399868395,9038.465657631841,0.009999999776482582,44.3308219909668,0.5
2650,153.82902107035903,206255.56152661782,635.1755313144528,9144.34201577595,0.009999999776482582,68.22500610351562,0.5
2651,142.3087441765926,76192.59292573255,1393.4215967138819,8329.7181088051,0.009999999776482582,20.77520751953125,0.75
2652,142.33512604401156,7.688245629017146e-11,inf,8331.58362819393,0.009999999776482582,26.263883590698242,1.0
2653,144.3294468623311,219146.76388176743,635.1534383684265,8472.606403232598,0.009999999776482582,46.79346466064453,0.5
2654,151.43860594801788,6.752574001552816,858.7417139917405,8975.310548546424,0.009999999776482582,58.571598052978516,1.0
2655,141.1092101607143,0.5485690245075013,752.1155246063158,8244.896442141173,0.009999999776482582,24.622207641601562,1.0
2656,149.3237822251325,84597.39280939644,516.6927967233454,8825.766750287225,0.009999999776482582,44.68218231201172,0.75
2657,148.95509044647417,223706.93667588008,565.8458792030269,8799.695750434677,0.009999999776482582,32.01719665527344,0.5
2658,154.07761723785092,376853.8516565394,335.98292232558896,9161.920793012614,0.009999999776482582,51.62031555175781,0.5
2659,141.8432749916556,2.7658592563060083,987.5616413295517,8296.803767465519,0.009999999776482582,29.142242431640625,1.0
2660,149.02587802233464,206984.43955329724,612.2025337516723,8804.70129432431,0.009999999776482582,39.58760070800781,0.5
2661,146.77821481452585,3.3421384255246256e-06,495.9231931502665,8645.764126339174,0.009999999776482582,35.164512634277344,1.0
2662,146.44418200862648,0.010725569672968529,837.1810812870134,8622.143938047917,0.009999999776482582,54.887474060058594,1.0
2663,142.5288866253209,328865.65703187045,319.615240476332,8345.284861525273,0.009999999776482582,68.13602447509766,0.75
2664,155.78449883014642,263981.3573395228,675.8314833794619,9282.618113422055,0.009999999776482582,51.369384765625,0.5
2665,150.1471580078893,182396.2348503109,961.774749445894,8883.989447817825,0.009999999776482582,53.24049758911133,0.75
2666,154.38439260009778,355781.25390375755,480.4310305557229,9183.613548009776,0.009999999776482582,62.12470626831055,0.25
2667,150.95288792867854,0.0,inf,8940.964367959874,0.009999999776482582,48.85588836669922,1.0
2668,143.2572121352498,252276.91609912374,599.3503948334071,8396.786346942334,0.009999999776482582,21.32961654663086,0.75
2669,148.71395269593253,278922.0970754421,583.5697532937326,8782.644374128724,0.009999999776482582,43.67403030395508,0.5
2670,148.7553050353411,36287.52900904506,585.5515397315806,8785.568488245255,0.009999999776482582,38.27946853637695,1.0
2671,153.9281250936772,341202.51109579287,538.6279612743427,9151.349877428622,0.009999999776482582,64.31620788574219,0.25
2672,150.31222976929925,247669.34817876513,501.17989736191765,8895.662032118562,0.009999999776482582,54.89506912231445,0.5
2673,152.50060605100683,216974.2209058167,600.4404389675849,9050.406892243547,0.009999999776482582,43.06531524658203,0.75
2674,142.71429660139373,3.8615006789526837e-14,inf,8358.395605346157,0.009999999776482582,25.90068817138672,1.0
2675,144.7860326785983,310198.2156944225,484.93243334224957,8504.892582197299,0.009999999776482582,33.96934509277344,0.75
2676,145.13143046455636,0.04802126908660009,1032.053385491039,8529.316413017588,0.009999999776482582,28.899311065673828,1.0
2677,136.22125380197795,118374.66746307211,625.041005775346,7899.25838649588,0.009999999776482582,57.071128845214844,0.75
2678,147.3210380913815,148795.96456149232,391.1943229081652,8684.148344241621,0.009999999776482582,36.440284729003906,0.75
2679,149.2672787773068,116937.45126474806,624.0593383295152,8821.771268247205,0.009999999776482582,27.190454483032227,0.75
2680,149.72050113645196,197655.35328889987,741.3408345732107,8853.819609822498,0.009999999776482582,32.170799255371094,0.75
2681,147.62257718787922,251522.79640320354,722.825169328522,8705.470831466417,0.009999999776482582,44.920860290527344,0.5
2682,147.55612489888182,0.011475937919091747,704.222905224234,8700.771845166919,0.009999999776482582,38.101261138916016,1.0
2683,144.18275536286214,425265.8199290629,499.0880275923514,8462.23352734439,0.009999999776482582,58.498146057128906,0.75
2684,145.17189617770646,0.00021962866666395424,946.4721427310462,8532.177831857489,0.009999999776482582,23.659557342529297,1.0
2685,150.07720867554397,99588.83151964612,825.8786567784764,8879.043177955511,0.009999999776482582,37.85447692871094,0.75
2686,143.51846437339833,2.8486650484323933e-17,inf,8415.260062540314,0.009999999776482582,46.428924560546875,1.0
2687,144.22587234417077,173365.83859710826,371.3988026169317,8465.282423138677,0.009999999776482582,61.80021667480469,0.75
2688,141.5963095284412,199540.98057194724,507.4794748627595,8279.340300885176,0.009999999776482582,30.791284561157227,0.75
2689,153.03849736058268,455228.74196381663,515.3958264115608,9088.442359982124,0.009999999776482582,113.17018127441406,0.5
2690,155.16350090394258,274209.0094423678,456.0530520874466,9238.705995551112,0.009999999776482582,77.10067749023438,0.5
2691,156.55047066592505,201163.07186632443,761.4386094384646,9336.781652653412,0.009999999776482582,47.21979522705078,0.75
2692,144.62698870143035,1.9011689289751497,975.6410038293909,8493.646235668002,0.009999999776482582,56.35010528564453,1.0
2693,150.4861194674651,183608.75431166787,465.97782684163,8907.95815196083,0.009999999776482582,49.38819885253906,0.75
2694,147.38908287720884,166192.5405394376,425.59550288411845,8688.959939465487,0.009999999776482582,30.665321350097656,0.75
2695,144.7201740719543,0.0029058393889232204,683.9125242023163,8500.23557647194,0.009999999776482582,33.25204849243164,1.0
2696,144.02852976492446,0.000754368122967212,555.06717313669,8451.327898920226,0.009999999776482582,44.80030059814453,1.0
2697,154.6905462238651,379873.9233272138,463.3181006728884,9205.262338522927,0.009999999776482582,133.00424194335938,0.5
2698,145.73218009247176,129153.07245127289,402.9333256874612,8571.796729551344,0.009999999776482582,55.992576599121094,0.75
2699,155.171992585281,128847.65974802537,446.5446962707379,9239.306460860449,0.009999999776482582,81.08507537841797,0.75
2700,154.07492714025534,285609.45834913425,780.197898759274,9161.730570344042,0.009999999776482582,44.64403533935547,0.75
2701,151.17443261006161,122595.42616149792,513.0435459818275,8956.63027560959,0.009999999776482582,55.897071838378906,0.75
2702,149.20322385531614,198372.84334792334,444.16983296860485,8817.241804997848,0.009999999776482582,58.28700256347656,0.75
2703,149.6330691299385,57776.32419570787,628.2605600435619,8847.63710193687,0.009999999776482582,35.088287353515625,0.75
2704,142.10732563673895,55.5015646269223,784.4924521391504,8315.475364521695,0.009999999776482582,35.59902572631836,1.0
2705,144.16587472966415,178810.93756690517,392.6969133567109,8461.03986095124,0.009999999776482582,38.585243225097656,0.75
2706,149.72201539620806,117375.46104968248,715.1083899948413,8853.926686432726,0.009999999776482582,41.9333381652832,0.75
2707,148.39131027984084,76822.85425551276,994.3215202119173,8759.829625145274,0.009999999776482582,47.25240707397461,0.75
2708,155.15580228835066,189996.77432336807,998.5824335571008,9238.161609650531,0.009999999776482582,21.45934295654297,0.75
2709,145.3054032444766,0.2894349611997629,586.1272203447616,8541.618407751925,0.009999999776482582,26.999563217163086,1.0
2710,144.21735769242446,190812.04652220084,413.0110179022334,8464.680333541695,0.009999999776482582,25.349828720092773,0.75
2711,142.40807333493214,110296.90928843341,566.7498378355949,8336.741890246194,0.009999999776482582,51.56847381591797,0.75
2712,145.71898779214644,222658.9538849826,719.2902576875209,8570.863873220544,0.009999999776482582,42.6566276550293,0.5
2713,145.74109460670903,5.118337040653871e-08,901.0449346905502,8572.427094297234,0.009999999776482582,36.408203125,1.0
2714,146.79593697370532,222066.75734308918,535.8078165129566,8647.017298869996,0.009999999776482582,50.582054138183594,0.75
2715,153.51117571646347,179931.29221964063,786.7354296599564,9121.86647752365,0.009999999776482582,36.093299865722656,0.75
2716,150.80990644517948,270500.39973953675,401.1639871242505,8930.853835393116,0.009999999776482582,77.93278503417969,0.75
2717,154.09307260853728,378458.27248746826,511.0937769629904,9163.013675984814,0.009999999776482582,59.78973388671875,0.5
2718,135.75975112948987,247990.6000080193,395.14066751258343,7866.624525903245,0.009999999776482582,35.125396728515625,0.75
2719,152.72943509984168,158293.73859396286,504.02901112083566,9066.587893404303,0.009999999776482582,53.68015670776367,0.75
2720,154.87541675588525,286267.48824272625,428.30489049050277,9218.33493707822,0.009999999776482582,71.80667114257812,0.5
2721,152.4373930210866,260391.46871891324,442.1850630399775,9045.936961018808,0.009999999776482582,53.29189682006836,0.25
2722,153.7331911513106,254204.53534162164,463.90828718203136,9137.565673177607,0.009999999776482582,70.84455871582031,0.5
2723,143.54014479610575,0.0018645408924705105,1215.91021706532,8416.79313251889,0.009999999776482582,35.86252212524414,1.0
2724,144.8297969677569,0.0,inf,8507.987250541551,0.009999999776482582,21.641834259033203,1.0
2725,151.5276874730002,279530.4336152925,495.3985249200789,8981.609697480882,0.009999999776482582,37.47074890136719,0.5
2726,148.78552174580244,0.00020410510104682702,730.6724816325516,8787.7051777501,0.009999999776482582,46.334537506103516,1.0
2727,148.84218167061994,298224.0133707794,516.3864013944773,8791.711724619512,0.009999999776482582,35.29624557495117,0.5
2728,152.64667726487087,319715.1364261244,571.0950595779799,9060.735906383674,0.009999999776482582,48.629051208496094,0.25
2729,149.61232074118382,367732.9141102385,776.7454214154382,8846.16993811203,0.009999999776482582,94.98806762695312,0.5
2730,151.30603006736058,184537.04900833647,571.2168143361976,8965.935818853113,0.009999999776482582,39.7701530456543,0.5
2731,149.38277072565756,82931.98456534835,672.8571841959576,8829.937955823967,0.009999999776482582,41.5677490234375,0.75
2732,148.2544243121818,351995.4262024322,288.18622115344044,8750.15011979899,0.009999999776482582,51.67152404785156,0.75
2733,131.67116095119675,309883.15184349945,438.56407512831237,7577.511396439665,0.009999999776482582,23.288270950317383,0.75
2734,152.31698475004566,297047.933582055,405.4349502913959,9037.422629541234,0.009999999776482582,69.99797058105469,0.5
2735,146.6077036717111,0.018238726473661353,1000.1761871780234,8633.706911515026,0.009999999776482582,50.22320556640625,1.0
2736,143.52210811493313,1.9606031183250428e-12,inf,8415.517719451902,0.009999999776482582,42.685462951660156,1.0
2737,146.54896266209607,148.3210757552659,695.6521682566272,8629.553206600354,0.009999999776482582,46.829872131347656,1.0
2738,148.25103030723233,195671.57896869566,411.305588912574,8749.910122306072,0.009999999776482582,56.56120300292969,0.75
2739,149.35510105164118,169740.36832056884,673.4686735032167,8827.981372821692,0.009999999776482582,31.358171463012695,0.75
2740,147.92190308538864,1684.9689152096073,1090.9614454542325,8726.636818563358,0.009999999776482582,43.57769775390625,1.0
2741,153.4389729027064,308336.0626894097,397.4225106308774,9116.76085907546,0.009999999776482582,56.827667236328125,0.5
2742,149.47327599361458,0.3734559565733771,1034.4999887847093,8836.337780729606,0.009999999776482582,36.629844665527344,1.0
2743,148.1915896851706,246178.6671798259,1009.0149520687178,8745.706946269314,0.009999999776482582,37.574920654296875,0.5
2744,154.16599645761062,291345.96482263,392.15567489907295,9168.170280412925,0.009999999776482582,30.90367889404297,0.5
2745,147.26145387606135,0.4252317519288678,866.2340036125375,8679.935014412356,0.009999999776482582,30.822654724121094,1.0
2746,145.72239991275302,931.0499132108644,683.0210849034216,8571.105151711088,0.009999999776482582,38.25337600708008,1.0
2747,145.75898881727804,183434.12645437542,579.089960877448,8573.692432957087,0.009999999776482582,28.41327667236328,0.75
2748,146.20405948002303,194230.66358125134,391.54294706676006,8605.164350299596,0.009999999776482582,59.29609298706055,0.75
2749,135.03775874648676,3.9690144046445887e-07,744.2013876643247,7815.570869704805,0.009999999776482582,19.386966705322266,1.0
2750,155.54975657761307,286527.3291541346,400.9922215841226,9266.018976730007,0.009999999776482582,107.38377380371094,0.5
2751,138.28630154968013,3.930108727790365e-13,inf,8045.282416979449,0.009999999776482582,27.155628204345703,1.0
2752,143.1313151453066,6.141366374372001,514.1223425151354,8387.883896179288,0.009999999776482582,42.21047592163086,1.0
2753,156.22093173520204,296268.9996116425,643.8142371884943,9313.479236077832,0.009999999776482582,70.15977478027344,0.5
2754,142.1642767668789,1.4634594242779947e-16,inf,8319.502503154632,0.009999999776482582,39.602718353271484,1.0
2755,145.0095439030855,1.8821863914218932e-09,596.0954611948895,8520.697548399294,0.009999999776482582,26.950321197509766,1.0
2756,144.43178623845557,1866.8980662116292,508.55044879593083,8479.843043739093,0.009999999776482582,21.952255249023438,1.0
2757,144.2311727907844,183304.2921568561,509.0422631853328,8465.657229279961,0.009999999776482582,27.245792388916016,0.75
2758,142.9198966397653,0.0009663459969489932,707.4512054451021,8372.934032510373,0.009999999776482582,16.565916061401367,1.0
2759,145.63552428105302,308753.3654443693,321.83162047032505,8564.961986302078,0.009999999776482582,67.31135559082031,0.5
2760,143.84555113081433,204636.1430477377,485.5371713132574,8438.389080592722,0.009999999776482582,61.568084716796875,0.75
2761,154.16900323884192,224116.0229631403,624.6164579665044,9168.382896472125,0.009999999776482582,61.492218017578125,0.5
2762,149.20514629407847,180102.55153731332,529.1029277159089,8817.377744835918,0.009999999776482582,29.822904586791992,0.5
2763,148.90396847493122,120860.47800081536,578.1159965333616,8796.080804320587,0.009999999776482582,28.849878311157227,0.75
2764,147.0625224699108,0.0008756410314732677,676.3232260104319,8665.868140777986,0.009999999776482582,51.725643157958984,1.0
2765,143.85254239715212,229456.1679367943,450.01970691012536,8438.883448284687,0.009999999776482582,56.92247009277344,0.75
2766,153.10341502740621,324780.2534788681,618.5444482433937,9093.032829800419,0.009999999776482582,45.80583190917969,0.5
2767,149.7755105144426,86962.12000493705,745.411984626855,8857.709442925643,0.009999999776482582,16.400638580322266,0.75
2768,157.10025479303943,262237.98072083166,585.736754506697,9375.658087460532,0.009999999776482582,65.03457641601562,0.25
2769,155.20465310036803,215201.76653145542,553.5618687232585,9241.615957120757,0.009999999776482582,54.035491943359375,0.75
2770,148.85930399944573,1.727054367860821e-13,inf,8792.92248183769,0.009999999776482582,28.250944137573242,1.0
2771,145.7948504057883,2.6480720380390574e-05,641.9360737912057,8576.228284101275,0.009999999776482582,31.858291625976562,1.0
2772,152.89350689884773,146090.38956470563,733.0972837104326,9078.189768182361,0.009999999776482582,75.84484100341797,0.75
2773,148.23564353923615,171508.49398950094,817.2965016991774,8748.82209037973,0.009999999776482582,30.667179107666016,0.75
2774,147.8672262729754,7.050812084258056e-09,1004.2863575368636,8722.770501897578,0.009999999776482582,54.86055374145508,1.0
2775,144.33879398807548,251681.55748033363,497.35171745819275,8473.267358881758,0.009999999776482582,74.22045135498047,0.5
2776,143.8866202420244,0.0001108263460644163,547.9333414415204,8441.293167025564,0.009999999776482582,33.36992645263672,1.0
2777,140.4775066408711,1.3789669181657765e-06,447.5251935929957,8200.22730839315,0.009999999776482582,20.9406681060791,1.0
2778,148.76829615197076,170351.13032397375,580.5220337313771,8786.487118438119,0.009999999776482582,43.006439208984375,0.75
2779,147.19634029624245,4.369078799857972e-09,727.8679887661868,8675.33069115884,0.009999999776482582,21.128437042236328,1.0
2780,148.4667373646067,9.890547112078694e-05,762.2790475987215,8765.163238829215,0.009999999776482582,48.346527099609375,1.0
2781,148.30471799506822,240342.20303231842,371.32075353617785,8753.706495815528,0.009999999776482582,63.45851135253906,0.5
2782,148.27531081626782,308971.3217965756,324.03942581855824,8751.627050060164,0.009999999776482582,58.2445182800293,0.75
2783,148.83192184130644,215030.53612894233,359.0951553595105,8790.986229710208,0.009999999776482582,31.06730842590332,0.75
2784,152.07491606302875,349652.8026190434,340.9182104427344,9020.305424686572,0.009999999776482582,45.335018157958984,0.25
2785,141.8360800475274,3.3510009921388915e-15,inf,8296.294997272737,0.009999999776482582,20.862010955810547,1.0
2786,139.04007881977577,219179.38413498417,501.28487561904205,8098.583651872804,0.009999999776482582,41.08457946777344,0.5
2787,145.78093482471016,240235.66442845174,374.54711788571655,8575.244283010834,0.009999999776482582,48.61150360107422,0.5
2788,157.97420885745493,235290.86970986202,566.0933458665056,9437.457285607621,0.009999999776482582,34.64842224121094,0.25
2789,151.1206315326596,206922.483450749,673.1938305872942,8952.825884076588,0.009999999776482582,54.086368560791016,0.75
2790,146.55834190635565,276809.40569886274,477.155486868197,8630.21643341978,0.009999999776482582,32.3676643371582,0.5
2791,141.59896208297195,151.55138647695406,485.6550476128163,8279.52786880175,0.009999999776482582,20.528200149536133,1.0
2792,145.49097171773843,179175.5874445611,385.20073888841347,8554.740359254753,0.009999999776482582,50.24882507324219,0.75
2793,154.71925521888295,283407.0561668572,466.34620123350976,9207.292414180161,0.009999999776482582,47.93734359741211,0.5
2794,151.20278200641033,140827.123584161,912.4684509333443,8958.63492326058,0.009999999776482582,28.68630599975586,0.75
2795,143.51770848821337,8976.566538609506,581.3101624784355,8415.206612250164,0.009999999776482582,21.652359008789062,1.0
2796,135.92129028116486,1.7459314971554225e-13,inf,7878.047311664362,0.009999999776482582,8.908863067626953,1.0
2797,141.40902823738043,7.903284386989977e-15,inf,8266.097232299819,0.009999999776482582,20.4454402923584,1.0
2798,142.42155973699835,196453.65617780897,604.4073218462177,8337.695543152582,0.009999999776482582,33.16967010498047,0.75
2799,140.11801663895997,90869.12998027126,1050.2610875504238,8174.806986245141,0.009999999776482582,16.588476181030273,0.75
2800,146.45818010740916,67938.40167572239,690.2987115531482,8623.133774145232,0.009999999776482582,59.879905700683594,0.75
2801,150.91355628840915,179675.63371966933,340.90099035690184,8938.183141886988,0.009999999776482582,83.88053131103516,0.75
2802,150.09771823343203,317302.25689432584,438.9410636979191,8880.49345352884,0.009999999776482582,60.998817443847656,0.5
2803,153.09245277940659,214871.8325118078,493.79952247512216,9092.257665333715,0.009999999776482582,53.77349853515625,0.75
2804,146.98835337005332,221514.52083096548,557.9003211746709,8660.62348195081,0.009999999776482582,43.51042175292969,0.75
2805,151.4431796990559,180495.2171174297,748.8153898321337,8975.633968458502,0.009999999776482582,92.69880676269531,0.75
2806,150.32732734591468,141766.87315386636,573.6469788142628,8896.72961469159,0.009999999776482582,47.13860321044922,0.75
2807,150.1589892483874,235811.01125368918,621.0220370689501,8884.826060639527,0.009999999776482582,33.557437896728516,0.75
2808,144.458625948668,215880.15628906788,429.09742918424377,8481.740938190487,0.009999999776482582,37.238792419433594,0.75
2809,144.27260183616087,0.018038595252383306,651.7741406674043,8468.586767442792,0.009999999776482582,17.453601837158203,1.0
2810,148.97902566220924,6.496845844404618e-07,770.6189970703741,8801.38826174635,0.009999999776482582,50.317413330078125,1.0
2811,146.03762048221506,163751.95729700066,650.3418795771184,8593.395085730963,0.009999999776482582,50.32488250732422,0.75
2812,150.23936615427692,210736.95176057183,808.5585507721532,8890.509686971578,0.009999999776482582,37.502166748046875,0.5
2813,154.95378778424947,212367.10644280826,582.3915599261217,9223.876723435276,0.009999999776482582,62.597511291503906,0.5
2814,152.96170922539673,89778.19775660054,1032.3051642484502,9083.012503454282,0.009999999776482582,33.44615936279297,0.75
2815,145.48420807668364,141243.88358754557,834.0831592654936,8554.262087443041,0.009999999776482582,35.68378448486328,0.75
2816,152.40710956611892,192814.61035540706,476.93314936122965,9043.795551864336,0.009999999776482582,60.99916076660156,0.5
2817,136.83882433443057,1.5869236829730845e-05,932.4564982773056,7942.928145878906,0.009999999776482582,17.119400024414062,1.0
2818,149.6025463998027,209432.60457723806,391.8133565102397,8845.47877311336,0.009999999776482582,60.245033264160156,0.75
2819,145.8955347698243,142843.30873312187,561.8333364880165,8583.347895093113,0.009999999776482582,77.51383972167969,0.75
2820,147.99596881209237,150426.09879017115,494.5816665663842,8731.87416764936,0.009999999776482582,48.08453369140625,0.5
2821,148.189219271349,268959.39529036905,494.1830894250094,8745.539329137686,0.009999999776482582,35.44322204589844,0.5
2822,148.90965095791134,332423.25622909743,431.26319663525044,8796.482625086635,0.009999999776482582,41.187034606933594,0.5
2823,141.81760413448455,258878.13399538878,329.3836175344045,8294.98852516216,0.009999999776482582,53.58062744140625,0.25
2824,152.34852677588523,235267.7318698958,657.9837362494959,9039.653034987226,0.009999999776482582,54.392250061035156,0.25
2825,145.04052705608385,130782.67786910424,643.522306968507,8522.88843472768,0.009999999776482582,41.40873336791992,0.75
2826,145.35272945272894,0.013953184964589773,418.9593361856347,8544.964947164488,0.009999999776482582,28.083906173706055,1.0
2827,149.15095549944596,1.699016650021999e-05,583.2767835477658,8813.545795547505,0.009999999776482582,61.60169219970703,1.0
2828,153.24297473947385,322822.0062526412,413.8929053781144,9102.901401445757,0.009999999776482582,63.96563720703125,0.5
2829,146.18353240005695,3.6612224230388745e-07,719.2064018623782,8603.71283570191,0.009999999776482582,31.430072784423828,1.0
2830,155.90383032998767,275694.5972495742,594.4500750513275,9291.056304059466,0.009999999776482582,61.55838394165039,0.5
2831,147.5847460156634,0.017017341182632727,804.3936376724721,8702.79570676239,0.009999999776482582,16.640098571777344,1.0
2832,142.79611831967117,0.8958316856291937,672.1554487478776,8364.181397513556,0.009999999776482582,61.464141845703125,1.0
2833,147.10074351996107,290540.14834773395,483.66093656084854,8668.57083459408,0.009999999776482582,49.909706115722656,0.5
2834,149.920783948084,97229.31667016471,1020.8673442295602,8867.982044286124,0.009999999776482582,36.91646957397461,0.75
2835,153.77651418158416,256933.36369943531,427.3095784809271,9140.629139143635,0.009999999776482582,62.44629669189453,0.5
2836,141.77575974809912,2.0268426696706276e-06,947.998637436032,8292.029617330652,0.009999999776482582,28.990081787109375,1.0
2837,145.43354852158316,317371.2681080221,460.2752199356792,8550.679839804212,0.009999999776482582,40.96551513671875,0.75
2838,143.49195202911824,229265.18143738934,362.66962855956996,8413.38531684804,0.009999999776482582,56.536773681640625,0.75
2839,140.98745848166965,134836.39763589294,524.9919593087452,8236.287115353438,0.009999999776482582,11.304197311401367,0.75
2840,145.93777156044897,3.9580465589687064,731.2974763636925,8586.334550684282,0.009999999776482582,41.78884506225586,1.0
2841,148.45724216923475,226431.12381986066,589.9220238298494,8764.491812853721,0.009999999776482582,45.08143615722656,0.75
2842,153.38496447079316,310957.46355608193,576.3435571381673,9112.941805052693,0.009999999776482582,88.25926208496094,0.75
2843,147.2989091037721,267637.6648394724,536.6472217199436,8682.583555260426,0.009999999776482582,35.3569221496582,0.5
2844,157.05655643284928,397750.42401652073,442.3337867043208,9372.568081097439,0.009999999776482582,74.67364501953125,0.25
2845,155.71262471436805,139043.5562958779,894.0811887291893,9277.535737924887,0.009999999776482582,83.00059509277344,0.75
2846,150.48914349011278,286954.19142194476,555.7725120289269,8908.171987198188,0.009999999776482582,62.338890075683594,0.5
2847,147.2124976909696,7.349621304777093e-11,inf,8676.473215782204,0.009999999776482582,40.11189270019531,1.0
2848,154.9166407668058,205474.25938993468,516.5285488411812,9221.249976807454,0.009999999776482582,69.12049865722656,0.75
2849,146.962594009821,1.5750045074737753e-08,638.2993554903995,8658.801981402947,0.009999999776482582,27.99134063720703,1.0
2850,151.42637788499314,198915.4126292734,536.0917409235051,8974.445875538322,0.009999999776482582,43.985923767089844,0.75
2851,147.8394425070444,121820.12099646225,715.8283442581061,8720.805851207166,0.009999999776482582,19.169506072998047,0.75
2852,152.23262005843443,377544.6060164705,485.69296521685476,9031.457018182715,0.009999999776482582,54.2276611328125,0.5
2853,143.42059027784939,89086.97065486234,672.150905599644,8408.339171762902,0.009999999776482582,22.0620059967041,0.75
2854,147.92453851877667,131139.281701089,633.6089475301718,8726.823175806585,0.009999999776482582,55.455230712890625,0.75
2855,152.48157881963868,244652.68078412462,541.1753957773204,9049.061435211665,0.009999999776482582,52.049827575683594,0.75
2856,152.7922905849468,6.733963806690159e-14,inf,9071.032541855297,0.009999999776482582,67.37158203125,1.0
2857,151.20066059639345,4.7171368918340496e-11,inf,8958.484913731107,0.009999999776482582,57.49959945678711,1.0
2858,154.0295239826067,393610.95205097366,449.44517897950254,9158.520014034188,0.009999999776482582,77.94287872314453,0.25
2859,156.631075102677,297050.01343556686,499.59715047719607,9342.481368189032,0.009999999776482582,75.7469711303711,0.5
2860,149.5376071212399,193220.600832332,543.8994708761279,8840.886775081844,0.009999999776482582,50.802734375,0.75
2861,154.61010992290898,356459.42386261077,695.1680076873889,9199.574512236162,0.009999999776482582,67.30880737304688,0.25
2862,155.69840823396845,307105.7212584484,666.7335371007995,9276.530459587111,0.009999999776482582,53.36076354980469,0.5
2863,149.1076402416369,164436.17645030835,953.9740401560725,8810.482879189396,0.009999999776482582,42.62372589111328,0.75
2864,148.9003352532606,190461.23144910263,526.208626555758,8795.823891291542,0.009999999776482582,51.435333251953125,0.75
2865,147.441393950797,229224.08703117853,476.31008277484557,8692.658969578843,0.009999999776482582,29.031536102294922,0.75
2866,153.26451500735604,285915.62542772194,672.5296191763674,9104.424560770934,0.009999999776482582,56.530006408691406,0.25
2867,154.6495714824868,205091.4236697658,785.8440335738298,9202.364925186726,0.009999999776482582,70.71337890625,0.5
2868,158.18734865094694,402450.1700620518,599.0462847283825,9452.528865301974,0.009999999776482582,49.25053405761719,0.25
2869,156.24487230355683,275909.2731634092,494.9315150801553,9315.17212588492,0.009999999776482582,97.60447692871094,0.25
2870,152.30484575927213,120369.3976713086,1038.3542718470685,9036.564255026296,0.009999999776482582,34.38615798950195,0.75
2871,147.459208799625,240393.72391584708,410.2498393416581,8693.918696396886,0.009999999776482582,56.076171875,0.75
2872,153.81603507234905,93062.3493527704,725.0599298787622,9143.423747531848,0.009999999776482582,87.30445861816406,0.75
2873,143.21650293007838,62233.75812220936,478.94337958930004,8393.907710250505,0.009999999776482582,23.276870727539062,1.0
2874,144.7074441861421,167185.70914385983,469.3050114770637,8499.335418479972,0.009999999776482582,31.322397232055664,0.75
2875,139.27368107848935,4.456051943310493e-20,inf,8115.102177115321,0.009999999776482582,23.145017623901367,1.0
2876,149.99990848538468,0.019926280250673112,506.69716634892205,8873.577112903617,0.009999999776482582,48.41343307495117,1.0
2877,152.53047055399136,3.935659730365814e-05,945.3858349174293,9052.518676389478,0.009999999776482582,73.56465911865234,1.0
2878,155.96813755453996,326369.8979488235,564.3672002768847,9295.603608173275,0.009999999776482582,186.67544555664062,0.5
2879,147.1194642102329,0.0005615309156872341,943.8727156520474,8669.894615436422,0.009999999776482582,55.94335174560547,1.0
2880,147.81808224837258,7.042178319166968e-18,inf,8719.295420725884,0.009999999776482582,58.43571472167969,1.0
2881,149.33065213392806,210087.4293404494,677.434186679558,8826.252536522676,0.009999999776482582,42.080299377441406,0.75
2882,151.84112210540462,212224.92202213366,600.1830566009613,9003.77334399596,0.009999999776482582,60.33501434326172,0.75
2883,153.05375634574594,310833.5008454107,437.32750304480106,9089.521356105633,0.009999999776482582,72.83873748779297,0.5
2884,150.56211773644515,1.7270910213877633e-05,713.352143662153,8913.33215532641,0.009999999776482582,39.38789367675781,1.0
2885,153.93850538240653,184994.1567260337,491.8236352918198,9152.083890285965,0.009999999776482582,56.29439926147461,0.75
2886,148.64620789086624,6.423869944001094e-10,inf,8777.853991198783,0.009999999776482582,47.592872619628906,1.0
2887,152.37808665653364,289372.0355768662,462.1915178889559,9041.743278623333,0.009999999776482582,23.067689895629883,0.5
2888,147.244906368141,0.0007375532380213863,1086.4647863547968,8678.764904034193,0.009999999776482582,47.79655456542969,1.0
2889,152.17589901175552,226106.2171425482,630.4702124737697,9027.446149253163,0.009999999776482582,51.9693717956543,0.5
2890,147.21224224012622,308058.2854967207,364.1589329385791,8676.455152295883,0.009999999776482582,24.535568237304688,0.75
2891,148.5949848641189,131632.51016334575,677.8020602853336,8774.231899250772,0.009999999776482582,48.98875427246094,0.75
2892,148.07317824884586,191608.47479427847,932.1493035445741,8737.33381532998,0.009999999776482582,20.146312713623047,0.75
2893,154.29238336983673,361666.1479200356,611.0318038161244,9177.107374649204,0.009999999776482582,86.2247314453125,0.25
2894,156.99204154860865,371736.8732857997,497.55695506419704,9368.006092914125,0.009999999776482582,51.40546417236328,0.5
2895,148.8985604941634,1.513203360089637e-06,931.9136701093503,8795.698394204708,0.009999999776482582,19.85824203491211,1.0
2896,149.94008490499613,164559.1065579644,525.3686640239066,8869.346857048266,0.009999999776482582,40.24462890625,0.75
2897,145.72004625094436,196935.38895863816,873.8386901915045,8570.938719150836,0.009999999776482582,40.82941436767578,0.75
2898,156.28019860304326,137374.64268822994,638.8617131223508,9317.670125574668,0.009999999776482582,67.64196014404297,0.75
2899,131.82478451675942,246615.95606535417,469.12138674622696,7588.374453841451,0.009999999776482582,16.954700469970703,0.75
2900,148.32516132875122,162833.96617477288,562.8415790960706,8755.152088530871,0.009999999776482582,39.260650634765625,0.75
2901,153.37977294366118,262932.7896000999,397.48605824859715,9112.57470084553,0.009999999776482582,70.31224060058594,0.75
2902,147.83755289078263,262901.26062023453,541.9120256989819,8720.672232319701,0.009999999776482582,61.89314270019531,0.5
2903,153.28143602956825,265174.65576649515,526.8586285022801,9105.621083159378,0.009999999776482582,98.65704345703125,0.5
2904,145.8490910023129,130239.45672553683,872.5276381112619,8580.063754990104,0.009999999776482582,36.334556579589844,0.75
2905,152.89840280498237,126368.40187271863,458.2336086761614,9078.535968384,0.009999999776482582,90.80352020263672,0.75
2906,153.28156268508857,353846.49840552855,437.1942537989624,9105.630039247479,0.009999999776482582,58.77656555175781,0.5
2907,148.70452753535736,0.0004153230287794842,534.5898993500183,8781.97790046647,0.009999999776482582,38.251190185546875,1.0
2908,146.6629223674329,0.08175800109854439,1243.438561972748,8637.6115459315,0.009999999776482582,32.004547119140625,1.0
2909,146.06414503118728,195723.66570942546,602.2725608255441,8595.27069444364,0.009999999776482582,56.1444206237793,0.5
2910,147.78746443467904,4.1389641150968176e-11,inf,8717.130368336613,0.009999999776482582,25.59909439086914,1.0
2911,149.68317471110592,0.0,inf,8851.180176870577,0.009999999776482582,35.2385368347168,1.0
2912,146.0400749403681,242366.59300456432,541.2274731602979,8593.568645820582,0.009999999776482582,35.33482360839844,0.5
2913,150.07426665319304,264485.6491081883,453.2886411795097,8878.835141137992,0.009999999776482582,77.84089660644531,0.5
2914,151.28180636165936,148291.62934434653,564.7711934179403,8964.222907786687,0.009999999776482582,68.47958374023438,0.75
2915,149.56894697042702,275992.85396982136,662.6159013752977,8843.10288417576,0.009999999776482582,50.56671905517578,0.5
2916,150.86055824925984,299744.9421038766,455.11206302013966,8934.435534940407,0.009999999776482582,52.13901901245117,0.5
2917,150.38680369885202,143424.79988308626,526.2223349533575,8900.9353173365,0.009999999776482582,52.054473876953125,0.75
2918,147.06036520501584,183567.6482827203,588.2939366551224,8665.71559587188,0.009999999776482582,59.04150390625,0.75
2919,153.2719942352866,291911.81961480057,980.5358862409015,9104.953433291457,0.009999999776482582,57.513214111328125,0.5
2920,144.38601973122178,251337.18291018068,421.93528126811464,8476.60679418754,0.009999999776482582,19.19823455810547,0.75
2921,141.6933833584735,134129.9825828306,523.5187060685821,8286.204603142385,0.009999999776482582,23.994503021240234,0.75
2922,148.78613283333152,2.317457854685118e-09,346.8500144229205,8787.748389082173,0.009999999776482582,35.4232292175293,1.0
2923,151.32134563678886,281675.43966838607,726.2231582067847,8967.01881617342,0.009999999776482582,100.26322937011719,0.75
2924,142.13170840284766,0.0,inf,8317.199523096475,0.009999999776482582,50.214237213134766,1.0
2925,149.90896849386993,4.913991664053207e-05,697.7087770351022,8867.146547747,0.009999999776482582,46.56455993652344,1.0
2926,148.0829076104314,11291.547530067348,433.24663158719085,8738.021799709193,0.009999999776482582,50.54396057128906,1.0
2927,155.75834752333574,183728.10101067126,635.093639860281,9280.76889747673,0.009999999776482582,88.64303588867188,0.75
2928,150.5315469727409,210389.3156585293,805.8952544445445,8911.170429944506,0.009999999776482582,69.65984344482422,0.5
2929,152.52558976581312,355874.0577625664,340.4039720638228,9052.17354521151,0.009999999776482582,61.94222640991211,0.5
2930,156.09290071243018,226403.6085771279,554.1452147004651,9304.42588319876,0.009999999776482582,38.55227279663086,0.5
2931,147.75141790035622,166981.20519246155,801.5421697081118,8714.581439270618,0.009999999776482582,27.526296615600586,0.75
2932,156.04499900868964,247942.55424637964,466.57505188314497,9301.038649244965,0.009999999776482582,54.782493591308594,0.75
2933,147.8417787454731,351763.7141177855,657.7991550116443,8720.97105172222,0.009999999776482582,19.97941017150879,0.5
2934,153.13774081883727,71770.46194174394,905.6909006223387,9095.460081383284,0.009999999776482582,41.001827239990234,0.75
2935,151.709861659229,129532.28728946598,896.8578311201948,8994.49163154405,0.009999999776482582,40.895835876464844,0.75
2936,148.812773836854,1.347587327044722,787.8813117127684,8789.632232550106,0.009999999776482582,21.60692596435547,1.0
2937,143.5314410619712,3.8026794924701366,569.1471939021976,8416.177672493814,0.009999999776482582,26.52634048461914,1.0
2938,143.3839016822439,8.764690164721816e-05,776.6491765949879,8405.744841143158,0.009999999776482582,31.12935447692871,1.0
2939,143.9556110837762,126390.96648896171,491.9359719633793,8446.171659927368,0.009999999776482582,23.42917251586914,0.75
2940,148.35158873781856,286092.2410944823,449.6801107940865,8757.020828268993,0.009999999776482582,50.7139778137207,0.25
2941,151.22416169017293,177967.39535322005,614.1287351765229,8960.146727332401,0.009999999776482582,43.58521270751953,0.75
2942,151.04622924104726,174611.4979486416,664.1602649264255,8947.564735751792,0.009999999776482582,27.566417694091797,0.75
2943,152.75652853223696,108531.37891425019,512.1489412940196,9068.503729104661,0.009999999776482582,40.64722442626953,0.75
2944,152.89869605170153,420221.3240185252,369.58305103580216,9078.556704499137,0.009999999776482582,39.057167053222656,0.5
2945,158.7952580961295,294744.29112119885,842.7004414787431,9495.51546813155,0.009999999776482582,61.39781951904297,0.75
2946,142.84477871691527,288704.32842560735,752.8844309085815,8367.622280339838,0.009999999776482582,61.7209587097168,0.75
2947,151.6096114473564,294679.40220386186,308.5927597863163,8987.402720398648,0.009999999776482582,47.68434524536133,0.5
2948,148.08808557899007,147420.68346518863,834.3637170502534,8738.387945160066,0.009999999776482582,20.984718322753906,0.75
2949,146.28985782096422,2.0558550738975043,838.9068212149634,8611.231338129284,0.009999999776482582,43.786685943603516,1.0
2950,153.21408361821116,142239.96574130197,598.0633970192183,9100.858447244498,0.009999999776482582,74.86663818359375,0.75
2951,151.07894943948176,239209.1800048493,383.092328235313,8949.87845235178,0.009999999776482582,63.995601654052734,0.75
2952,152.8759652588409,92978.21087511015,571.7766825635806,9076.94936055598,0.009999999776482582,41.05479431152344,0.75
2953,147.8627821485301,117404.66364748235,720.1771721645449,8722.45624816461,0.009999999776482582,72.8819580078125,0.75
2954,151.93931408563748,228730.87868566197,479.1614307327833,9010.716713092737,0.009999999776482582,72.82489776611328,0.75
2955,147.32611735998174,264319.12734121684,505.7025484184788,8684.50751040315,0.009999999776482582,20.274812698364258,0.5
2956,151.73842975649941,284416.7924836215,543.4751167104674,8996.511744014239,0.009999999776482582,36.45330047607422,0.5
2957,150.93088543458612,4.145207846845382e-10,inf,8939.408523611171,0.009999999776482582,28.587535858154297,1.0
2958,152.71282614967956,176453.22290046312,644.9548659250586,9065.413438311207,0.009999999776482582,71.12825775146484,0.75
2959,153.60952486852156,307321.50804306206,539.9812258167849,9128.820960583009,0.009999999776482582,83.99310302734375,0.5
2960,150.70828101245385,237462.87758203156,321.49801249536415,8923.667679381593,0.009999999776482582,39.403167724609375,0.75
2961,146.76527922630294,111385.35076022038,516.7631957458196,8644.849422681069,0.009999999776482582,55.88982391357422,0.75
2962,151.36327451784527,292792.8260429917,438.3067154319039,8969.983698807411,0.009999999776482582,69.72708129882812,0.5
2963,154.01340949210518,173458.1781286023,446.5934338277801,9157.3805232622,0.009999999776482582,33.56809616088867,0.75
2964,142.3687598683748,1.8994551660189664e-17,inf,8333.961949276127,0.009999999776482582,29.282299041748047,1.0
2965,150.7843811500657,127825.73897664635,625.1195266781049,8929.048886100325,0.009999999776482582,57.939476013183594,0.75
2966,150.6939893707264,329445.2557719796,486.0203756769492,8922.657086222383,0.009999999776482582,65.71276092529297,0.5
2967,147.67729082308452,1.0000919316353965e-15,inf,8709.339751952142,0.009999999776482582,20.895986557006836,1.0
2968,147.39214634825447,6.72818871081055e-14,inf,8689.176564185109,0.009999999776482582,64.52300262451172,1.0
2969,151.64297419855333,171358.86959273968,526.0833709434601,8989.761873305994,0.009999999776482582,57.744632720947266,0.75
2970,146.11270021634886,225034.39216694245,531.0656983622641,8598.704137494076,0.009999999776482582,32.25688934326172,0.75
2971,144.28341509091223,269982.6996128207,482.1647592601404,8469.35139627193,0.009999999776482582,54.531494140625,0.75
2972,151.2184648221396,209978.99686339375,401.69436475240343,8959.74388936786,0.009999999776482582,51.32975387573242,0.75
2973,155.3906669865969,215840.73189345346,485.6235076384858,9254.769404746012,0.009999999776482582,49.929656982421875,0.5
2974,152.14557294193435,282768.8276212268,548.8372494420566,9025.301726709451,0.009999999776482582,34.66706085205078,0.5
2975,156.40448710146427,304610.0629688927,411.80112172811494,9326.45883639377,0.009999999776482582,56.97403335571289,0.25
2976,147.38479780350798,7.13837744829885e-17,inf,8688.656932557577,0.009999999776482582,39.27044677734375,1.0
2977,153.1999664774726,171163.40791173087,610.6670532331233,9099.860193430832,0.009999999776482582,50.94387435913086,0.75
2978,153.99014111797834,6.634672304440097e-13,inf,9155.735165775148,0.009999999776482582,53.93656539916992,1.0
2979,153.17566273313824,345425.0594520459,536.8421496808809,9098.141622658075,0.009999999776482582,103.8401107788086,0.25
2980,147.68252748504074,209014.310038615,492.94964466174764,8709.710047741175,0.009999999776482582,46.54853820800781,0.75
2981,144.90713656682624,193466.6197393398,550.3766847831697,8513.456102283435,0.009999999776482582,39.433067321777344,0.75
2982,144.80167239116452,159297.29708326457,554.1510807641698,8505.998500385904,0.009999999776482582,25.637042999267578,0.75
2983,146.80785988092214,183897.31020510948,575.3501615336378,8647.860393645318,0.009999999776482582,43.03227233886719,0.5
2984,153.25907014823832,206870.29205469415,744.7659226597558,9104.039542906496,0.009999999776482582,72.51289367675781,0.5
2985,149.5797348023502,266559.88968562696,441.53022913372575,8843.865715301265,0.009999999776482582,53.19673538208008,0.75
2986,152.03293544231008,254922.71377582033,553.9911098760115,9017.336883428208,0.009999999776482582,65.13347625732422,0.5
2987,148.53110037518618,297851.50254556705,549.1992338782244,8769.714487694686,0.009999999776482582,48.11686706542969,0.75
2988,152.0661472709434,170446.06924609872,539.9245075903567,9019.685364271889,0.009999999776482582,80.17793273925781,0.75
2989,151.7423086683906,251976.2193104604,526.3063862796411,8996.786030334675,0.009999999776482582,71.30587005615234,0.5
2990,151.55248457704118,259472.98270458667,401.0831546386353,8983.363154794599,0.009999999776482582,66.07796478271484,0.5
2991,152.20498072279375,0.0,inf,9029.50258047316,0.009999999776482582,41.10673522949219,1.0
2992,141.75481654449402,198241.07907366942,413.87379721558335,8290.548677722812,0.009999999776482582,25.920162200927734,0.75
2993,144.64232426395517,289344.01999117224,392.60417247174735,8494.730646743776,0.009999999776482582,54.16249084472656,0.5
2994,151.223051974488,52939.77180992843,506.76794703848793,8960.068256915827,0.009999999776482582,34.32262420654297,0.75
2995,145.92508515640918,2.2633021637589088e-13,inf,8585.437467383279,0.009999999776482582,23.101490020751953,1.0
2996,151.58189099411877,214153.8743427804,632.0821912428823,8985.442546686882,0.009999999776482582,39.669395446777344,0.5
2997,143.96549847000745,233029.88217323364,715.3969714390382,8446.870818573962,0.009999999776482582,47.1438102722168,0.75
2998,148.45447018841693,1.1326604141332578e-09,764.8525307442164,8764.295800043901,0.009999999776482582,28.05126953125,1.0
2999,144.82807469817246,4.26414033680667e-06,956.009411037571,8507.865465102655,0.009999999776482582,29.122928619384766,1.0
3000,146.14674285185126,292755.70888529706,345.8652649434405,8601.11136650361,0.009999999776482582,55.56063461303711,0.75
3001,154.5692929550222,299860.91352755873,462.81974157292615,9196.68825540768,0.009999999776482582,56.399314880371094,0.5
3002,155.87265108016612,405325.0158562071,783.5723560265695,9288.851551296988,0.009999999776482582,65.74952697753906,0.5
3003,143.8197557305011,104314.852041068,546.8784806109613,8436.565031572129,0.009999999776482582,20.61237907409668,0.75
3004,145.80413016354964,133587.01919399528,504.97665554099063,8576.884476013412,0.009999999776482582,31.5719051361084,0.75
3005,142.5385957500649,182.70611842955205,572.7044063000523,8345.971414913281,0.009999999776482582,39.04235076904297,1.0
3006,148.11406581053248,1.105459880549743e-10,inf,8740.225064000024,0.009999999776482582,25.139644622802734,1.0
3007,144.8219283322945,4.98117421938833e-15,inf,8507.430842165086,0.009999999776482582,46.14837646484375,1.0
3008,153.11871684515592,244524.96231624502,402.08846442491233,9094.11485470954,0.009999999776482582,86.3861312866211,0.5
3009,154.26838656882126,145715.82893558271,755.9545177647757,9175.410508508026,0.009999999776482582,36.920867919921875,0.75
3010,144.3332471724305,0.03503051692172906,1083.521935186988,8472.87513144889,0.009999999776482582,45.77183151245117,1.0
3011,150.4713132772648,236727.0778428303,396.40171640947364,8906.911173956782,0.009999999776482582,70.15298461914062,0.75
3012,152.4431677683899,283262.25466102245,334.41015583006686,9046.345305996396,0.009999999776482582,67.30940246582031,0.75
3013,155.84433536178656,314504.35534923,570.0757821897345,9286.849285088654,0.009999999776482582,63.881744384765625,0.5
3014,134.2296763021688,0.526044584688129,662.5164628128462,7758.429597492758,0.009999999776482582,8.34380054473877,1.0
3015,145.00373583782317,94305.88475671371,624.5174689039127,8520.286847436151,0.009999999776482582,40.839454650878906,0.75
3016,147.91458786466285,99735.87577925502,706.4746782083015,8726.119543350016,0.009999999776482582,24.90681266784668,0.75
3017,135.11767459107756,0.04122413803058145,954.5439122843957,7821.221893386766,0.009999999776482582,16.70425796508789,1.0
3018,139.35129139681305,317468.5505347902,366.2475939426508,8120.590172006166,0.009999999776482582,68.34609985351562,0.75
3019,148.26163272988342,268427.8327772621,618.251139071276,8750.659842737536,0.009999999776482582,52.93560791015625,0.5
3020,145.56903056772444,0.07415431126837914,522.1187480437559,8560.260070797769,0.009999999776482582,25.48776626586914,1.0
3021,144.6756804167952,4423.030192309282,499.92939035856614,8497.08933306691,0.009999999776482582,37.484535217285156,1.0
3022,148.34134651552984,147554.89776078664,661.3607513122647,8756.296578390815,0.009999999776482582,38.84095001220703,0.75
3023,136.5557492724105,212373.87097612268,726.2752526573167,7922.911290805434,0.009999999776482582,26.9583740234375,0.75
3024,147.03303979155243,2.474677099977561,782.6634750946482,8663.783356284199,0.009999999776482582,60.71736145019531,1.0
3025,156.19249211179908,278701.27460833796,623.2175493246813,9311.468208275033,0.009999999776482582,58.244720458984375,0.25
3026,150.13554670209615,190724.1433740754,482.769922401501,8883.168387058828,0.009999999776482582,67.70841217041016,0.75
3027,140.34986349044158,0.0,inf,8191.201382813424,0.009999999776482582,29.263465881347656,1.0
3028,144.61301075524253,241507.21029626057,512.8444813428616,8492.657824604627,0.009999999776482582,35.97053909301758,0.75
3029,151.68970769871768,152677.20524263568,547.7933493772673,8993.066501036852,0.009999999776482582,53.43098068237305,0.75
3030,142.34342258553897,0.00840258329959634,580.9795217087506,8332.170294741596,0.009999999776482582,31.100223541259766,1.0
3031,152.93017128196772,191942.03639208456,716.9206032264893,9080.782386684443,0.009999999776482582,40.13574981689453,0.5
3032,148.40631609088055,0.33420537768958514,627.9107363555992,8760.890718774286,0.009999999776482582,78.43267822265625,1.0
3033,153.53334161384606,248987.6570965736,443.5950863044207,9123.433876475414,0.009999999776482582,99.28308868408203,0.5
3034,149.96743231876314,1.0028494729674895,795.6106478660209,8871.2806523254,0.009999999776482582,62.09362030029297,1.0
3035,146.50699362157025,156533.5625824358,603.1533453771069,8626.585484202686,0.009999999776482582,48.012794494628906,0.75
3036,142.9032959998736,134032.43765055458,687.4985224573294,8371.760165054624,0.009999999776482582,32.82928466796875,0.75
3037,153.67839554032287,132300.05141190192,507.1222531384686,9133.690956005503,0.009999999776482582,51.327720642089844,0.75
3038,147.23320275663568,216937.50448658504,397.48111605864835,8677.937316136955,0.009999999776482582,43.92700958251953,0.5
3039,137.05610046741262,0.10320577277019852,1252.6515990217538,7958.292215160707,0.009999999776482582,7.42838716506958,1.0
3040,148.4254271277678,0.01944231453531733,899.489489368419,8762.242101877218,0.009999999776482582,41.076114654541016,1.0
3041,149.4980370335263,229543.3621244148,448.5809267163502,8838.08868787008,0.009999999776482582,76.9588623046875,0.75
3042,148.53521904918338,126282.67358101007,473.2249288810358,8770.005728116603,0.009999999776482582,53.25706481933594,0.75
3043,148.3579814264897,290325.92410475184,840.8348348370953,8757.472869228543,0.009999999776482582,46.29643249511719,0.5
3044,148.54191747201057,180065.3403528217,385.2681692302971,8770.479388205187,0.009999999776482582,100.47109985351562,0.75
3045,141.80418438360087,253989.3915285327,320.87698056253925,8294.039585306266,0.009999999776482582,99.10314178466797,0.75
3046,147.54809357239807,276613.5344369322,459.21657845089305,8700.203932553475,0.009999999776482582,30.20845603942871,0.75
3047,153.01070218584735,237172.68693616343,359.5710672163602,9086.476902550274,0.009999999776482582,76.85494232177734,0.75
3048,152.23894367255468,204918.48896950632,518.090936837306,9031.904174730105,0.009999999776482582,56.87834167480469,0.5
3049,148.60315630129125,1.0906265884461406,582.908193372745,8774.809719396613,0.009999999776482582,57.69691848754883,1.0
3050,144.33584607773133,179543.44451668966,543.5005095514658,8473.058905711398,0.009999999776482582,26.805784225463867,0.75
3051,135.85665513530284,1.0142710245710402e-17,inf,7873.4768195194865,0.009999999776482582,16.882831573486328,1.0
3052,142.99116097822568,146514.8746244123,614.345715665026,8377.973289323349,0.009999999776482582,36.6912727355957,0.75
3053,143.55833173587118,194092.22017588056,462.25285779937644,8418.079170698715,0.009999999776482582,45.350616455078125,0.75
3054,151.97475154948646,160815.1011697126,692.2996031385701,9013.222573457031,0.009999999776482582,85.16477966308594,0.5
3055,150.0534241428957,78263.04283697048,870.1149554385928,8877.361321773573,0.009999999776482582,53.126487731933594,0.75
3056,145.8761996078525,228488.78686998074,364.93883009073716,8581.980663616592,0.009999999776482582,43.95039367675781,0.75
3057,153.32161297094765,0.0,inf,9108.46208231751,0.009999999776482582,57.522525787353516,1.0
3058,149.8473775907844,333213.9499051036,395.3460103801197,8862.791320648894,0.009999999776482582,101.35688018798828,0.5
3059,145.1101557280461,221759.69766033514,533.8108788901875,8527.81202999489,0.009999999776482582,32.134666442871094,0.75
3060,144.2175807653375,288998.2025622035,986.6885534615899,8464.696107513939,0.009999999776482582,28.57657241821289,0.75
3061,140.35786512085738,5.292299733725947e-05,881.3546953461137,8191.767195553132,0.009999999776482582,32.85752868652344,1.0
3062,144.46154421610385,1.0388130013576951e-18,inf,8481.947295246147,0.009999999776482582,40.12465286254883,1.0
3063,151.6518690339953,172214.06069335793,446.4389854751244,8990.390846521343,0.009999999776482582,73.17625427246094,0.75
3064,152.07300664444108,333575.1016152166,378.94233163468283,9020.170405533449,0.009999999776482582,57.57439041137695,0.5
3065,154.64597282093322,333418.82584281714,391.42784973686133,9202.11045597894,0.009999999776482582,62.468326568603516,0.5
3066,150.15442975992218,5.9622389241616165e-12,inf,8884.50364926508,0.009999999776482582,50.82795715332031,1.0
3067,148.58495597729782,2.5747962747993515e-06,938.8830172826034,8773.522734788832,0.009999999776482582,26.62481689453125,1.0
3068,143.76987917733223,249224.49367716594,288.88459817113886,8433.038151707751,0.009999999776482582,46.121437072753906,0.75
3069,146.56245044471538,3.534478666829739e-11,inf,8630.506957128666,0.009999999776482582,46.637149810791016,1.0
3070,152.53631615895597,6.326853518144374e-05,556.9123905707637,9052.93203186685,0.009999999776482582,83.57777404785156,1.0
3071,150.24260416013277,279905.3926079218,1102.6557078821274,8890.738653428323,0.009999999776482582,39.12799072265625,0.5
3072,153.46883864760437,305587.6173160419,506.8369077008784,9118.872731039799,0.009999999776482582,41.32876205444336,0.5
3073,154.20513095724112,246894.6060232798,636.8324725944314,9170.937566241239,0.009999999776482582,58.381038665771484,0.5
3074,151.43397302964075,193347.3794557281,937.2634234389177,8974.982944782743,0.009999999776482582,75.89983367919922,0.75
3075,151.5458176152471,170812.78996646928,489.91666886091593,8982.891719384286,0.009999999776482582,53.478919982910156,0.75
3076,146.8600446472908,230147.74510446234,459.8813836865772,8651.550492299684,0.009999999776482582,38.509124755859375,0.75
3077,141.6766493301956,6.653972843606263e-07,592.958689946793,8285.021303502905,0.009999999776482582,49.8038444519043,1.0
3078,152.14150453493292,114406.50632439295,601.9803865800726,9025.014040776445,0.009999999776482582,56.48779296875,0.75
3079,152.39306101577358,239269.07346277605,406.07709892909423,9042.802148226983,0.009999999776482582,71.98274230957031,0.75
3080,146.5520838185872,1.1004746623175755e-17,inf,8629.77391038365,0.009999999776482582,41.45844268798828,1.0
3081,142.23300438268413,314697.0899521236,422.84850230548597,8324.36238277561,0.009999999776482582,52.14601135253906,0.75
3082,153.66654444080768,199712.286811404,546.9101207078436,9132.852938909386,0.009999999776482582,56.247222900390625,0.75
3083,151.79475047636683,281310.2331504745,530.869352259064,9000.494304961765,0.009999999776482582,72.5434799194336,0.75
3084,149.3000711016093,288683.7903256942,405.0624754306251,8824.09008502464,0.009999999776482582,86.18120574951172,0.75
3085,149.9601064394166,250735.9403513746,481.2439394448611,8870.762623417733,0.009999999776482582,34.68512725830078,0.75
3086,148.4870905643396,0.0,inf,8766.602457976347,0.009999999776482582,39.33268356323242,1.0
3087,118.83355562058972,4.969380357782544e-19,inf,6669.736322367654,0.009999999776482582,1.0464752912521362,1.0
3088,143.40730134633054,82502.94006614652,536.1970584822755,8407.399482429635,0.009999999776482582,46.23408508300781,0.75
3089,146.89932637229003,185127.1149226544,526.154509106877,8654.328188754946,0.009999999776482582,39.7823371887207,0.75
3090,150.73441811908253,281570.3947139425,418.33760563478944,8925.515891201076,0.009999999776482582,42.818458557128906,0.5
3091,142.08510797973395,0.009985901972283516,1203.9204716528486,8313.904305534132,0.009999999776482582,36.858150482177734,1.0
3092,154.12651263915564,280984.3245808325,463.13036404159686,9165.378293488608,0.009999999776482582,65.09762573242188,0.5
3093,155.24398835532207,202401.5699500491,790.0343326542238,9244.39743879588,0.009999999776482582,48.70790100097656,0.5
3094,151.47193119902482,153303.07523802668,586.155946896015,8977.66704973354,0.009999999776482582,59.276649475097656,0.75
3095,150.47199810638054,222649.1713593421,634.3601262488618,8906.959599717291,0.009999999776482582,48.362266540527344,0.75
3096,152.0883452860309,180681.15417941558,382.36854093816834,9021.255034336624,0.009999999776482582,41.927757263183594,0.75
3097,134.50973917575024,428223.9779293071,539.9922511446497,7778.2334541516075,0.009999999776482582,22.73141860961914,0.75
3098,144.83213142617697,1.5242126420148232,1150.0116708434025,8508.152325188314,0.009999999776482582,39.43871307373047,1.0
3099,150.12709635685107,282535.2991462787,611.5537399790629,8882.570844714814,0.009999999776482582,48.66997146606445,0.5
3100,140.05518919722496,7.086664367965235e-18,inf,8170.364320802017,0.009999999776482582,12.635420799255371,1.0
3101,139.1558048867389,0.0,inf,8106.766894487301,0.009999999776482582,35.28557586669922,1.0
3102,150.51075419470115,2.4720767442243818e-18,inf,8909.700127256496,0.009999999776482582,88.22901916503906,1.0
3103,147.2449070125816,3.2999548300800145e-11,inf,8678.764949603994,0.009999999776482582,70.64224243164062,1.0
3104,142.24374558169583,1.3485370096721633e-18,inf,8325.12191638623,0.009999999776482582,44.26437759399414,1.0
3105,145.31446512923924,2.7008682713375427e-06,799.9398965581379,8542.259193389104,0.009999999776482582,30.47500228881836,1.0
3106,146.64836392028144,1.1425891772405e-14,inf,8636.582086378807,0.009999999776482582,45.56924057006836,1.0
3107,151.51935077849146,192395.11533245537,523.9843845193917,8981.020191628326,0.009999999776482582,75.28563690185547,0.75
3108,143.1934946654393,204173.8707356794,585.6353571617034,8392.280745672679,0.009999999776482582,73.45803833007812,0.75
3109,150.96997257433296,1.5683264390016345e-09,954.1908129336407,8942.172460518806,0.009999999776482582,73.84818267822266,1.0
3110,148.1226796865813,3.5653115251141194e-11,inf,8740.834169963862,0.009999999776482582,29.700532913208008,1.0
3111,151.9001129345226,289551.16172172304,648.2991055622513,9007.944714192585,0.009999999776482582,67.17768859863281,0.5
3112,150.5477735578706,121446.82155468022,750.8267872828382,8912.317847172151,0.009999999776482582,48.77949523925781,0.75
3113,150.06379124325392,156369.5389771088,999.9600142773525,8878.094402052428,0.009999999776482582,35.88789367675781,0.75
3114,153.39512292415162,197958.98996747218,460.7360758214152,9113.660131447097,0.009999999776482582,60.981266021728516,0.75
3115,147.56127572187947,146129.2102971904,490.774089517854,8701.136071095962,0.009999999776482582,36.91069412231445,0.75
3116,149.41226333312832,81923.67786610579,574.4415760210729,8832.023442426947,0.009999999776482582,43.56488800048828,0.75
3117,146.80161499361608,75903.81415741328,579.4134929991849,8647.418804042678,0.009999999776482582,49.48122787475586,0.75
3118,149.35379437235994,269428.4897151873,433.43801937560676,8827.888974679612,0.009999999776482582,68.95699310302734,0.75
3119,149.92683609968338,170729.0271071012,580.5893411078719,8868.410005126556,0.009999999776482582,29.004627227783203,0.75
3120,149.73260354171765,176672.91069136802,917.4686094194377,8854.675397296374,0.009999999776482582,67.29847717285156,0.5
3121,157.03357826139043,318183.7794882604,510.7939822950322,9370.943244474027,0.009999999776482582,70.2120361328125,0.5
3122,149.08927387209891,137937.01575472398,664.6803099177815,8809.184153138984,0.009999999776482582,68.48631286621094,0.75
3123,148.90359401996082,154713.24168751194,719.3382174260935,8796.054325792877,0.009999999776482582,42.64908981323242,0.75
3124,140.70632504091932,82697.88260921017,369.22327798319986,8216.407556554976,0.009999999776482582,40.34711456298828,0.75
3125,150.55371841214583,326580.64537392213,412.23961741948426,8912.738220784759,0.009999999776482582,100.18946838378906,0.5
3126,153.6731149876519,177456.44721403022,537.3245051463746,9133.317556608295,0.009999999776482582,54.252471923828125,0.5
3127,157.2652545392088,302391.7095976317,475.6225078338449,9387.32557940653,0.009999999776482582,79.39702606201172,0.5
3128,150.1873486708991,258357.20531169765,469.06543662360554,8886.83141726237,0.009999999776482582,50.630836486816406,0.75
3129,153.81059147698173,208169.45079078936,471.21932746751696,9143.038819029956,0.009999999776482582,96.32618713378906,0.75
3130,159.63914222472977,393619.51908119366,482.17238364580425,9555.188355529164,0.009999999776482582,83.94154357910156,0.5
3131,156.0765472463734,207016.4191376936,841.9517441975079,9303.26949394401,0.009999999776482582,70.1632308959961,0.5
3132,150.59303350648233,147086.28517096915,815.042002148914,8915.518276858642,0.009999999776482582,28.083209991455078,0.75
3133,142.15206860430263,162534.2394723251,844.2538455085609,8318.639237350646,0.009999999776482582,35.75453186035156,0.75
3134,148.3736175160971,252750.11039111053,364.22536378323906,8758.578531229829,0.009999999776482582,40.84272003173828,0.75
3135,154.1087214403741,326756.1178246569,401.5646860289572,9164.120239016935,0.009999999776482582,120.82342529296875,0.25
3136,149.94000530256776,2.695398413150177,647.8127697206827,8869.34122818693,0.009999999776482582,21.219175338745117,1.0
3137,153.62627529394035,178805.61906126156,474.28728083900273,9130.005419700086,0.009999999776482582,28.429407119750977,0.75
3138,156.25069783627126,260702.36731525252,632.2482090434894,9315.5840620097,0.009999999776482582,88.40867614746094,0.5
3139,153.88221213438666,286043.353391846,595.0938030179029,9148.103271932698,0.009999999776482582,52.089080810546875,0.25
3140,147.5405555582892,338417.6656646154,491.39414780207755,8699.670903134062,0.009999999776482582,47.57078552246094,0.5
3141,149.51459786900162,123.26620617860353,447.155991925107,8839.259740668725,0.009999999776482582,50.85948181152344,1.0
3142,148.37321660224188,0.030134328688033507,752.6278521545765,8758.55018173666,0.009999999776482582,39.002342224121094,1.0
3143,150.53984651891457,193365.87463058828,420.13235272753474,8911.757308957262,0.009999999776482582,35.9971923828125,0.75
3144,149.3196949907862,224039.2233824918,708.4311857373827,8825.477733031597,0.009999999776482582,50.6398811340332,0.75
3145,148.71587974887078,216882.17062505678,882.0803768026253,8782.780640245239,0.009999999776482582,62.29859924316406,0.75
3146,153.80146151850903,218282.94318542475,678.282206845115,9142.393219752257,0.009999999776482582,49.19597625732422,0.75
3147,153.50551374765269,258604.84688359356,759.2562759727356,9121.466107359258,0.009999999776482582,66.2059326171875,0.5
3148,157.02451739705467,250487.34592479691,806.0351999269005,9370.302530993456,0.009999999776482582,42.506072998046875,0.5
3149,146.16334587589049,140503.62037248915,616.2674578191247,8602.28540254763,0.009999999776482582,30.869287490844727,0.75
3150,156.84596513702888,291173.09984555637,580.1595233759018,9357.676711232181,0.009999999776482582,56.536163330078125,0.5
3151,156.41130012491587,275551.5564580072,505.8618335139555,9326.94060014247,0.009999999776482582,77.10331726074219,0.5
3152,150.08845963726094,373810.4070050333,371.0159691433489,8879.838757998903,0.009999999776482582,60.906883239746094,0.5
3153,153.68454949958516,114224.66255480656,730.1879722426664,9134.12611588784,0.009999999776482582,44.14094543457031,0.75
3154,146.91476709003666,0.02441851703621746,654.8205832147311,8655.420035585814,0.009999999776482582,56.07773971557617,1.0
3155,147.64907323441145,157564.4166491813,481.5428402981461,8707.34442470939,0.009999999776482582,31.26673126220703,0.75
3156,151.50191390525086,186419.9081569487,584.0203509119914,8979.7871922885,0.009999999776482582,61.62006759643555,0.5
3157,154.63806437453442,280363.87326510163,615.7448238079029,9201.551232484324,0.009999999776482582,64.810791015625,0.5
3158,157.39152146228685,338917.82398773445,560.3172581874923,9396.254188948431,0.009999999776482582,77.85569763183594,0.25
3159,150.8393261792062,301052.5675334634,599.7217045551753,8932.93416895592,0.009999999776482582,57.15538024902344,0.5
3160,150.4751855553419,122804.37465959713,1031.244846553051,8907.184991185753,0.009999999776482582,36.85021209716797,0.75
3161,149.66217285785748,5.356895890615026e-09,640.040926997416,8849.695090018531,0.009999999776482582,77.41238403320312,1.0
3162,142.92051266239568,0.0,inf,8372.977592814223,0.009999999776482582,28.526927947998047,1.0
3163,139.2849927403202,5.258420026506521e-07,636.210809782089,8115.902049396166,0.009999999776482582,24.284170150756836,1.0
3164,136.51036422196765,0.0,inf,7919.702014895595,0.009999999776482582,4.846966743469238,1.0
3165,136.6734792550434,150915.46666526952,565.9240501791669,7931.236234667843,0.009999999776482582,44.37621307373047,0.75
3166,144.29175308299122,2.6730546228745585e-21,inf,8469.940993878507,0.009999999776482582,58.23918151855469,1.0
3167,147.2555555403106,5.810463345362624e-09,573.6517218316654,8679.517930226082,0.009999999776482582,53.5568733215332,1.0
3168,150.45908887038382,294661.4045690632,569.5873156495604,8906.046759482579,0.009999999776482582,50.026641845703125,0.5
3169,139.7427067986129,205449.5796073208,508.75840472433384,8148.26800881539,0.009999999776482582,44.89802551269531,0.75
3170,151.04297549327416,7.215221881915912,502.0837625216591,8947.334656149742,0.009999999776482582,58.422462463378906,1.0
3171,147.11879650218788,292288.53369744454,416.7456446752685,8669.847400344166,0.009999999776482582,41.78892517089844,0.75
3172,149.08057888287598,6.488795350750305e-18,inf,8808.56931148568,0.009999999776482582,41.823081970214844,1.0
3173,148.4929388868888,106308.46360616275,890.9961323838962,8767.016005620051,0.009999999776482582,64.41395568847656,0.75
3174,140.24641966542168,9.780903447434007e-17,inf,8183.88664431653,0.009999999776482582,14.892791748046875,1.0
3175,137.55027256758018,3.0715303076120553e-16,inf,7993.236202242503,0.009999999776482582,22.472755432128906,1.0
3176,153.70946975026635,242801.59562098447,517.335606129725,9135.888281169093,0.009999999776482582,54.12135314941406,0.5
3177,149.53315172331446,43185.79358757261,620.5120200321323,8840.571724176507,0.009999999776482582,24.40862274169922,0.75
3178,151.38591308221876,182539.33104860695,552.1901998597889,8971.584521073073,0.009999999776482582,95.55766296386719,0.75
3179,147.61162104532707,231665.61108598823,368.27118137825465,8704.69609872922,0.009999999776482582,41.51651382446289,0.75
3180,149.67234949677285,167342.92632977196,580.7471018052712,8850.414702353331,0.009999999776482582,29.742267608642578,0.75
3181,147.4218295454593,235099.97394795655,388.1070078661092,8691.275527803899,0.009999999776482582,39.67588806152344,0.5
3182,157.0347256616483,270821.0402258119,558.8604218592598,9371.024379648949,0.009999999776482582,90.17403411865234,0.5
3183,160.71847297693537,491402.7510171555,354.60782801673975,9631.510187233685,0.009999999776482582,78.01264953613281,0.0
3184,152.54903743937842,285123.6604313534,574.7650775114706,9053.83158135294,0.009999999776482582,67.00320434570312,0.5
3185,150.8830496008379,82067.70769289286,745.0265578786855,8936.025947468206,0.009999999776482582,40.57251739501953,0.75
3186,151.6038485631121,116341.55942841756,704.2863465260486,8986.995214283841,0.009999999776482582,51.83797836303711,0.75
3187,154.71285642472043,241378.30891101278,585.9946661318236,9206.839941487999,0.009999999776482582,36.303863525390625,0.5
3188,149.19238534063302,245632.54956260402,584.5193001503908,8816.475389983838,0.009999999776482582,38.91069030761719,0.75
3189,159.07271255204623,351068.3923364472,555.9393621060722,9515.134877887896,0.009999999776482582,58.24097442626953,0.25
3190,153.69196015099516,196151.13212573677,528.9537368371625,9134.650139213016,0.009999999776482582,42.29669189453125,0.5
3191,150.3773947118402,205042.26912906455,860.1773536008891,8900.269987342188,0.009999999776482582,42.793304443359375,0.75
3192,147.58077932205268,182842.48819413353,427.4372831623066,8702.515213205097,0.009999999776482582,47.34275817871094,0.75
3193,144.33143423899006,80406.5347869306,453.4740978638761,8472.74693497098,0.009999999776482582,38.23671340942383,0.75
3194,149.66664857039453,5.493112315189031e-14,inf,8850.011577414367,0.009999999776482582,115.77289581298828,1.0
3195,150.02479960792607,0.0,inf,8875.33721847057,0.009999999776482582,65.66511535644531,1.0
3196,154.09497112841666,345018.1432738567,417.88633032145293,9163.1479244665,0.009999999776482582,43.64925765991211,0.5
3197,151.16959584018787,238659.51015056844,459.17689797265035,8956.288257061944,0.009999999776482582,64.91134643554688,0.75
3198,145.63987726666844,28734.106043663658,431.4540470658649,8565.269795409593,0.009999999776482582,34.82289123535156,1.0
3199,156.27092036767078,271450.7796177672,558.7355336766768,9317.014041313967,0.009999999776482582,47.373836517333984,0.75
3200,153.66254384074264,0.0008248498015304943,491.8952147526528,9132.570047752753,0.009999999776482582,64.20856475830078,1.0
3201,153.44656504250977,224034.7335150029,701.1931977155899,9117.29771584079,0.009999999776482582,46.317134857177734,0.75
3202,146.55007302280143,1.3098410813547383e-13,inf,8629.631722627728,0.009999999776482582,37.49690246582031,1.0
3203,152.49372190935412,264744.4757902677,492.94290691447304,9049.920099571722,0.009999999776482582,45.16053009033203,0.5
3204,155.4359951092154,180148.391528546,461.0954305827724,9257.97465516522,0.009999999776482582,96.86048889160156,0.75
3205,148.44241964921287,162579.23643390252,527.8806729883532,8763.443680132372,0.009999999776482582,26.50756072998047,0.75
3206,156.81954714287534,435671.990463757,628.3986243640474,9355.808637243148,0.009999999776482582,130.20611572265625,0.5
3207,151.61589037551204,1358.9078988518304,1091.2767619294266,8987.846717104014,0.009999999776482582,57.47842788696289,1.0
3208,154.13453778922536,257892.10007321349,489.2707317248399,9165.945769354345,0.009999999776482582,64.08733367919922,0.5
3209,145.74312748745174,392409.3020659287,455.605925648333,8572.570843728634,0.009999999776482582,52.71648025512695,0.5
3210,150.524695293509,274417.3639021978,437.8846980744329,8910.685932761266,0.009999999776482582,37.484561920166016,0.5
3211,149.26516597377332,108672.66377588011,421.3900271796377,8821.621867300944,0.009999999776482582,41.12908172607422,0.75
3212,155.25664078826944,280160.8972642556,373.66510610156763,9245.292119926838,0.009999999776482582,67.6416015625,0.25
3213,150.88364114643923,222645.58414360884,1115.6913481734596,8936.067776947944,0.009999999776482582,37.95330810546875,0.75
3214,153.9933831988718,264981.1571827105,576.7426715980969,9155.964420386692,0.009999999776482582,45.080841064453125,0.5
3215,149.83951140724676,198601.66946383455,637.1410298247025,8862.235085653376,0.009999999776482582,49.855201721191406,0.75
3216,142.8444851589542,177565.5868990381,535.8343248013924,8367.601522216106,0.009999999776482582,43.74034118652344,0.75
3217,150.5727440218055,169226.42301208308,433.6459324266003,8914.083563142098,0.009999999776482582,70.25311279296875,0.75
3218,152.4648923344833,171632.29938429332,602.4483816869748,9047.881497450076,0.009999999776482582,42.89710235595703,0.75
3219,156.5793469652276,308120.88217335794,771.9967029217569,9338.823558761538,0.009999999776482582,101.06648254394531,0.5
3220,152.62341451563395,207157.30494925595,877.8361052040128,9059.090946644857,0.009999999776482582,31.19662857055664,0.5
3221,149.9043315234274,91017.63364855284,653.3001399538833,8866.818657452935,0.009999999776482582,39.19886779785156,0.5
3222,143.52831144458025,2.6095683260012477e-16,inf,8415.956370421836,0.009999999776482582,15.275489807128906,1.0
3223,156.33772665159725,400564.1244983465,434.0623849301103,9321.738059367026,0.009999999776482582,59.08887481689453,0.25
3224,155.23790131140834,522259.0657975899,454.96254083478635,9243.967010643793,0.009999999776482582,81.16978454589844,0.25
3225,152.47944151868396,165946.10517425588,637.7378838418289,9048.910301999313,0.009999999776482582,37.1402587890625,0.75
3226,151.66935605906477,141942.64670804478,767.4721263915079,8991.627392206377,0.009999999776482582,67.51272583007812,0.75
3227,147.53298367235354,0.0,inf,8699.135478563894,0.009999999776482582,23.096389770507812,1.0
3228,153.29814284444535,0.0014827447242214229,536.5731169554723,9106.802458479931,0.009999999776482582,79.65017700195312,1.0
3229,151.12644394120863,273876.6671271762,529.7802014165311,8953.236892163008,0.009999999776482582,39.00336456298828,0.5
3230,153.73339495117253,381308.05560962815,451.9921070640096,9137.580084310368,0.009999999776482582,104.82304382324219,0.25
3231,150.80765014546105,7.052519890886162,612.6078453258806,8930.694287518629,0.009999999776482582,80.42585754394531,1.0
3232,151.45307372649307,333395.7351587928,408.7114777736873,8976.333596719252,0.009999999776482582,74.46019744873047,0.5
3233,142.8293715154365,0.0,inf,8366.532803517373,0.009999999776482582,35.55948257446289,1.0
3234,150.88435186559707,229519.50480222574,609.4241375184926,8936.118033449804,0.009999999776482582,41.027801513671875,0.75
3235,144.77064313925004,184573.85674267207,355.6927367743404,8503.804354302607,0.009999999776482582,54.179134368896484,0.75
3236,152.7914518405613,2.4096297799837507e-17,inf,9070.973232410342,0.009999999776482582,39.668357849121094,1.0
3237,156.16011937729238,338201.180328174,488.9613546538194,9309.179061607261,0.009999999776482582,125.3241958618164,0.25
3238,147.23226968660157,0.051089850803529756,775.9282010729635,8677.871336719647,0.009999999776482582,24.23432159423828,1.0
3239,142.7498189320393,4510.080764746506,580.3230234324884,8360.907466826748,0.009999999776482582,40.670623779296875,1.0
3240,148.88635023907912,0.09871066513173224,823.0876760703771,8794.834980434918,0.009999999776482582,35.44209289550781,1.0
3241,150.52079121132584,221600.043669918,543.8080435826184,8910.409866594582,0.009999999776482582,33.02682113647461,0.5
3242,157.79819744298956,299083.05609423463,551.0379667682358,9425.011134577968,0.009999999776482582,65.56575012207031,0.25
3243,148.11095456841406,136496.86794040076,937.3303280634493,8740.00506128365,0.009999999776482582,32.31206130981445,0.75
3244,148.09399060183299,2.139197016986362e-11,inf,8738.805502205214,0.009999999776482582,47.96261978149414,1.0
3245,157.6184222583078,502299.434096536,465.70462117225605,9412.298839146846,0.009999999776482582,81.8113021850586,0.25
3246,150.74882813531178,177808.76646558722,670.0547023900467,8926.534854879505,0.009999999776482582,37.86542510986328,0.75
3247,152.72885138706727,212015.68412712854,509.5085843617136,9066.54661780084,0.009999999776482582,58.73786926269531,0.75
3248,143.62679614470343,2.9501171628808965e-14,inf,8422.920438380534,0.009999999776482582,15.713401794433594,1.0
3249,142.74748240286772,173029.4562194878,489.3523109957667,8360.742245752634,0.009999999776482582,37.681785583496094,0.75
3250,137.89876404513376,83976.94754627324,434.14552514164467,8017.878794743414,0.009999999776482582,23.664825439453125,0.75
3251,156.05971598099342,329499.8489608533,436.85263482660423,9302.07931845695,0.009999999776482582,89.44940185546875,0.25
3252,147.81580280864162,117748.54753736299,787.4401962243462,8719.134236570637,0.009999999776482582,25.37372589111328,0.5
3253,145.80504783361417,4.06156542254415e-05,594.7593880714255,8576.94936646528,0.009999999776482582,62.78276824951172,1.0
3254,143.27559509100507,2.9637674210685854e-16,inf,8398.08624584035,0.009999999776482582,18.908361434936523,1.0
3255,141.4303988824614,1.966953311900112e-15,inf,8267.608397226744,0.009999999776482582,21.756927490234375,1.0
3256,149.05675937146958,0.0,inf,8806.884981879462,0.009999999776482582,59.56574249267578,1.0
3257,147.11759067715346,251539.49200911509,725.03489234618,8669.76213382586,0.009999999776482582,50.40906524658203,0.75
3258,142.3738879469327,138.12965537712702,717.3559753640309,8334.324566896223,0.009999999776482582,24.616626739501953,1.0
3259,146.85400148641202,4.056910902805617e-13,inf,8651.123167212716,0.009999999776482582,80.09728240966797,1.0
3260,152.87209438017447,226389.15789148145,439.1688236438763,9076.67564228239,0.009999999776482582,61.226806640625,0.75
3261,146.04064239853827,4.0298317602952375e-06,842.774783764131,8593.608772025524,0.009999999776482582,52.66488265991211,1.0
3262,152.5486701969887,0.00022661063067852316,573.6611087986588,9053.805612842541,0.009999999776482582,85.19064331054688,1.0
3263,145.01737972382048,0.0005652895819667525,626.3139119906481,8521.251636374811,0.009999999776482582,42.25605773925781,1.0
3264,138.23330493339068,133730.9363331258,553.5145409565501,8041.534910646394,0.009999999776482582,47.095802307128906,0.75
3265,140.86286158761143,1.0009007351611743e-20,inf,8227.476597206165,0.009999999776482582,21.089033126831055,1.0
3266,146.1848081966373,318568.31568398763,410.0524865248334,8603.803050060851,0.009999999776482582,92.41565704345703,0.5
3267,149.68934406904637,154783.36193530483,1049.1082679148092,8851.616425627035,0.009999999776482582,35.71598815917969,0.75
3268,149.6252912089893,165401.66317567305,337.20036058572185,8847.087108181498,0.009999999776482582,76.58448791503906,0.75
3269,146.53853398216717,0.0,inf,8628.815771895739,0.009999999776482582,34.02732849121094,1.0
3270,154.68044561464959,428827.2540069507,456.02358655619696,9204.548102414037,0.009999999776482582,118.30818939208984,0.5
3271,146.57236514045223,1.625611929682887e-10,inf,8631.208046889966,0.009999999776482582,52.16179275512695,1.0
3272,151.18548509075936,2.0610177622362346e-16,inf,8957.411820627192,0.009999999776482582,63.402503967285156,1.0
3273,148.42808837607467,0.0,inf,8762.430284549664,0.009999999776482582,60.13890075683594,1.0
3274,143.3497670559276,0.0,inf,8403.331107262524,0.009999999776482582,60.09169006347656,1.0
3275,147.22999229413773,209966.2031165094,403.74394145042385,8677.710297331123,0.009999999776482582,42.104530334472656,0.75
3276,153.5228117400637,192495.14963941826,415.6408751535727,9122.6892861327,0.009999999776482582,79.4882583618164,0.75
3277,151.32692587499977,135382.01789198988,743.437311276867,8967.413406988826,0.009999999776482582,45.125770568847656,0.75
3278,151.11368253530603,229567.6444656388,442.58897218325103,8952.334505316694,0.009999999776482582,46.810176849365234,0.75
3279,153.3406566356841,349757.2186797251,389.23759664963296,9109.808701388709,0.009999999776482582,56.055816650390625,0.5
3280,154.82697659978115,277438.10312743083,564.4950415682878,9214.909627983336,0.009999999776482582,46.0149040222168,0.5
3281,143.54499375188212,4.108134835343316e-14,inf,8417.136012758288,0.009999999776482582,34.296714782714844,1.0
3282,145.40311775793697,245667.7189674867,699.9136559687481,8548.528014131778,0.009999999776482582,44.48873519897461,0.75
3283,157.65266715781019,351470.44828949444,395.92777155927604,9414.720370684996,0.009999999776482582,90.09960174560547,0.5
3284,155.3829047815445,263194.34741923807,620.0480159698592,9254.220522295982,0.009999999776482582,68.21866607666016,0.5
3285,152.17155634338187,2.9531917853463366e-09,665.7394637568826,9027.139069700313,0.009999999776482582,44.78020095825195,1.0
3286,146.69806012897357,0.16780747132027263,874.550614001801,8640.09621369187,0.009999999776482582,68.62232208251953,1.0
3287,150.71820857144368,180875.00196410881,655.4958604423651,8924.369678731571,0.009999999776482582,83.61387634277344,0.5
3288,147.76083335114026,4.78627515287497e-05,705.8666441786869,8715.247226332363,0.009999999776482582,31.702957153320312,1.0
3289,148.44407025382537,221758.36374750457,408.17805996943906,8763.56039798479,0.009999999776482582,66.43798828125,0.75
3290,155.62466210937586,241365.81732467533,586.1872054808329,9271.315710263501,0.009999999776482582,49.055442810058594,0.5
3291,150.86676378058763,183684.13997423896,386.3572851027509,8934.874341595983,0.009999999776482582,33.432823181152344,0.75
3292,151.855853439776,0.2439493078231184,560.5523620518276,9004.815028781071,0.009999999776482582,34.20524215698242,1.0
3293,150.6084911654125,166421.58959169098,444.77337640894706,8916.611321637549,0.009999999776482582,35.90999984741211,0.75
3294,155.878925567729,416508.2549384554,324.2069311126133,9289.295233998353,0.009999999776482582,82.24668884277344,0.5
3295,140.25987639985948,0.0,inf,8184.838199360204,0.009999999776482582,22.043006896972656,1.0
3296,140.90273310472233,0.0,inf,8230.295999148086,0.009999999776482582,32.994415283203125,1.0
3297,148.5620432498829,317478.8765090154,559.503322195116,8771.902525856509,0.009999999776482582,69.3716812133789,0.75
3298,146.33541395421508,347985.5344988936,578.4713319815748,8614.452711677639,0.009999999776482582,72.54136657714844,0.75
3299,152.1058792582482,174986.42637908141,453.9151531916813,9022.49489975688,0.009999999776482582,60.73979949951172,0.75
3300,131.46891377209653,0.0,inf,7563.210057267722,0.009999999776482582,5.033655643463135,1.0
3301,149.6862464454102,93950.04511888501,525.3512255444765,8851.397385903243,0.009999999776482582,76.7142105102539,0.75
3302,155.39903381518613,242432.92540613984,563.7130522754097,9255.361041445127,0.009999999776482582,66.70225524902344,0.5
3303,149.01138888347134,146574.70778985415,531.6336707066298,8803.676735711846,0.009999999776482582,35.05308532714844,0.75
3304,153.95328724514894,140792.8517564824,678.1345139189309,9153.129148042402,0.009999999776482582,87.70610809326172,0.75
3305,150.65060262296814,261795.12292644702,614.9129792027662,8919.589114654034,0.009999999776482582,49.40132141113281,0.5
3306,148.378152999382,268772.5378262271,456.0437537104124,8758.899245145614,0.009999999776482582,34.18128967285156,0.5
3307,153.98486807099263,219530.37043245646,470.302773207077,9155.362297121317,0.009999999776482582,56.08971405029297,0.5
3308,152.61120839646833,225156.2059737655,873.3241174716401,9058.227825334898,0.009999999776482582,77.87435150146484,0.5
3309,144.87094931415663,161.68686287213663,566.9987936717469,8510.897222716207,0.009999999776482582,42.450599670410156,1.0
3310,150.36946098133865,212678.8653597845,477.1733341646151,8899.70897595352,0.009999999776482582,49.95927047729492,0.5
3311,152.78323934269955,0.0002325266319254192,603.5627735219597,9070.392508773592,0.009999999776482582,50.81013107299805,1.0
3312,145.6491662778476,78799.61871409911,494.7674703790013,8565.92664165109,0.009999999776482582,41.38605499267578,0.75
3313,144.35467560789849,1.7709053377402665e-21,inf,8474.390382860136,0.009999999776482582,37.06822967529297,1.0
3314,146.27703953065827,3.8513812762722526e-11,inf,8610.324928862736,0.009999999776482582,55.02932357788086,1.0
3315,148.484534193578,189532.04302683528,429.1569199552795,8766.421691423886,0.009999999776482582,56.7412109375,0.75
3316,142.91240486189233,6.022402486189054e-15,inf,8372.404272556047,0.009999999776482582,53.99676513671875,1.0
3317,151.58334700528602,207996.37767555492,493.97921479574103,8985.545504412341,0.009999999776482582,93.27163696289062,0.75
3318,158.6342013089975,274706.8027613686,585.0633846142422,9484.126791419394,0.009999999776482582,36.153221130371094,0.25
3319,148.95332643252596,175651.54011617284,935.594211099933,8799.571013160765,0.009999999776482582,29.586584091186523,0.75
3320,154.895927587026,326381.21608811134,383.79783070586336,9219.785302686023,0.009999999776482582,39.42378616333008,0.5
3321,154.0557873592466,315004.44395596033,600.9325174659199,9160.37715468158,0.009999999776482582,64.05526733398438,0.5
3322,156.11253049057385,0.0185398026954911,1117.3388020757725,9305.813947627405,0.009999999776482582,43.846214294433594,1.0
3323,146.78786276235115,1.682302899068196e-06,1147.991002685107,8646.446353773823,0.009999999776482582,33.665916442871094,1.0
3324,146.16001213538252,151583.54348671666,650.7178474697855,8602.04966648482,0.009999999776482582,27.416431427001953,0.75
3325,143.74750314700213,225075.63786931706,462.78774635214876,8431.455893796932,0.009999999776482582,34.68008804321289,0.75
3326,144.31764058390485,0.7082258330571326,790.1510101747172,8471.771555533443,0.009999999776482582,36.993370056152344,1.0
3327,155.44794496814075,369343.49338676035,333.18260801811124,9258.81965575464,0.009999999776482582,79.14799499511719,0.5
3328,151.47562870393168,91970.69202739667,939.7292051388057,8977.92850837043,0.009999999776482582,61.50209045410156,0.75
3329,152.16636829966734,207207.62834405107,634.0043292677583,9026.772211813195,0.009999999776482582,46.55228805541992,0.75
3330,152.82143247900024,184721.6974043228,401.809516949723,9073.093228747568,0.009999999776482582,74.58702087402344,0.5
3331,152.90995278271225,161025.5187583181,392.86308766330126,9079.352692501878,0.009999999776482582,27.927242279052734,0.75
3332,153.79713361943732,9.688768954370758e-10,786.4868613101098,9142.087184568963,0.009999999776482582,72.71896362304688,1.0
3333,151.81535683429556,289589.7086440935,456.12490106461996,9001.95142547711,0.009999999776482582,44.697906494140625,0.5
3334,150.82174274089505,4.603237951338278e-13,inf,8931.690805680271,0.009999999776482582,42.34315490722656,1.0
3335,149.87070513497991,135386.54441435268,516.6309174273947,8864.440862180563,0.009999999776482582,50.4215087890625,0.75
3336,150.0101962454683,161002.55558228563,591.2011208423363,8874.3045828586,0.009999999776482582,52.399620056152344,0.75
3337,152.03176946286632,2.5941996369898703e-08,708.8440798994279,9017.254434478527,0.009999999776482582,33.33003234863281,1.0
3338,140.6174659999648,0.0,inf,8210.124139951404,0.009999999776482582,35.378196716308594,1.0
3339,143.60013541883336,3.193636401357805e-05,388.869350645183,8421.035200302384,0.009999999776482582,26.611549377441406,1.0
3340,148.7382427906494,132275.09829332703,748.5064011081099,8784.361979707253,0.009999999776482582,50.12546920776367,0.75
3341,151.99821980274652,282912.2387756925,594.2725093099552,9014.882064833566,0.009999999776482582,71.83444213867188,0.5
3342,152.8216381780934,384411.24550652364,384.7531701024743,9073.107774179112,0.009999999776482582,87.29857635498047,0.5
3343,153.29176890359537,149210.37800755323,451.8884238135351,9106.351743219708,0.009999999776482582,48.210548400878906,0.75
3344,150.92391473829537,272056.0315867696,568.3781032107546,8938.915610472099,0.009999999776482582,52.585365295410156,0.25
3345,146.70758093103163,222810.9489972288,348.84377022908217,8640.76945037199,0.009999999776482582,57.97111511230469,0.75
3346,154.7671180395044,250850.79255876024,644.8904806049328,9210.676898623793,0.009999999776482582,45.21967697143555,0.25
3347,156.29710260031635,181695.3028522761,495.82345798980225,9318.865444092533,0.009999999776482582,68.3775634765625,0.75
3348,150.34731033191443,3.6232857847884053e-06,609.9865861834293,8898.14265521815,0.009999999776482582,37.15625,1.0
3349,151.27041360222205,642.7480847493324,633.0713435593062,8963.417300917201,0.009999999776482582,70.20455932617188,1.0
3350,150.80431181380587,77984.25177015546,468.24101415691825,8930.458226805782,0.009999999776482582,67.35124969482422,0.75
3351,156.01575565399523,391433.62650010956,552.6436443800636,9298.970787849465,0.009999999776482582,108.73652648925781,0.25
3352,153.5264642622953,166730.51743896416,505.23279607160134,9122.947563946509,0.009999999776482582,52.427696228027344,0.75
3353,147.0661671072253,3.925973933658606e-10,inf,8666.125861032111,0.009999999776482582,25.490550994873047,1.0
3354,141.08217075354838,3.327199718314049e-22,inf,8242.98442668262,0.009999999776482582,36.8150634765625,1.0
3355,144.01490621106996,148257.7306675343,430.8776203165897,8450.364547711732,0.009999999776482582,102.0429916381836,0.75
3356,146.16712704669013,263466.4359946434,303.0275464374772,8602.552777382292,0.009999999776482582,82.02923583984375,0.75
3357,155.1653296527084,362452.41473660315,407.9822926846142,9238.835310365177,0.009999999776482582,76.79812622070312,0.25
3358,151.26939998456015,3.1273540464981212e-18,inf,8963.345625801443,0.009999999776482582,50.79059600830078,1.0
3359,148.77669894607823,202983.27203415238,495.14081669449837,8787.081298337474,0.009999999776482582,37.58876037597656,0.75
3360,141.54228933115226,131249.66928549937,543.2642229633195,8275.52041490703,0.009999999776482582,28.957332611083984,0.75
3361,146.48551697390153,191449.45107753502,602.2068527007945,8625.066823601568,0.009999999776482582,34.08807373046875,0.5
3362,141.68887869252893,250262.34719765195,519.0475442952242,8285.88606838795,0.009999999776482582,27.508373260498047,0.5
3363,148.02758998586125,1.1761318591981385e-10,inf,8734.11016981807,0.009999999776482582,46.53148651123047,1.0
3364,149.56980639192997,241200.28188382502,299.47459649134504,8843.163655744787,0.009999999776482582,83.49632263183594,0.75
3365,147.52186200525304,110493.36445480042,735.765716332499,8698.349041224847,0.009999999776482582,50.355865478515625,0.75
3366,149.85390829234356,89220.58372710671,902.4437636879929,8863.253120800786,0.009999999776482582,35.6895751953125,0.75
3367,146.90327739162763,1.0938586657989721e-20,inf,8654.607573950196,0.009999999776482582,77.46641540527344,1.0
3368,140.50439032045136,0.0,inf,8202.128312014449,0.009999999776482582,40.17807388305664,1.0
3369,143.45930252593547,0.0,inf,8411.0765992635,0.009999999776482582,77.73265838623047,1.0
3370,139.91632506472928,285858.46155311767,438.8549712243111,8160.544935105397,0.009999999776482582,59.309906005859375,0.75
3371,150.35982127808708,0.00041637094875665717,788.9238341980999,8899.02733151066,0.009999999776482582,36.22386169433594,1.0
3372,139.37080629907638,206711.63074194186,411.9283452463777,8121.970113310746,0.009999999776482582,38.790069580078125,0.75
3373,154.98509649490882,323682.7186745623,314.91035506816223,9226.090630655972,0.009999999776482582,99.48633575439453,0.5
3374,150.50288199836825,186462.7538697947,507.4470827479157,8909.143467083111,0.009999999776482582,41.34221649169922,0.75
3375,149.20853553523204,296434.2765649538,320.6297398575406,8817.617405470437,0.009999999776482582,97.3087158203125,0.75
3376,145.1446055707185,1.991800222014513e-15,inf,8530.248053511608,0.009999999776482582,23.30940818786621,1.0
3377,150.29723635161227,200893.77491698158,441.64711252139614,8894.601814850554,0.009999999776482582,63.51056671142578,0.75
3378,153.4253923879488,182133.50131957405,651.7758745695381,9115.800551255385,0.009999999776482582,58.71940231323242,0.75
3379,146.75689263216717,224674.47920175368,426.7160153181663,8644.256388317044,0.009999999776482582,29.40768051147461,0.75
3380,144.5539714525626,0.0024101222894095517,845.9985405149416,8488.483026736705,0.009999999776482582,27.59990119934082,1.0
3381,152.37913010955884,0.0011469091661988897,618.6679557325233,9041.817063462706,0.009999999776482582,119.1412124633789,1.0
3382,157.34010129787373,412283.52066635125,432.73592648833886,9392.618156966078,0.009999999776482582,64.65452575683594,0.25
3383,133.40143842547167,0.0,inf,7699.863090694529,0.009999999776482582,33.82005310058594,1.0
3384,151.33149243784663,314372.91392084723,412.6691816388428,8967.73631860823,0.009999999776482582,58.323543548583984,0.5
3385,158.0897937331663,344218.50747381133,573.8517676320329,9445.630544280742,0.009999999776482582,76.70963287353516,0.5
3386,150.2970092658623,232968.32490682026,495.3672326133585,8894.585757121858,0.009999999776482582,59.01753234863281,0.75
3387,148.42590330098653,171368.78210940966,608.2258973902048,8762.275773124136,0.009999999776482582,61.947265625,0.75
3388,148.24412555779693,311380.3993319649,574.1718006645052,8749.421872412984,0.009999999776482582,41.862918853759766,0.5
3389,157.79483560033142,420506.4099137481,421.2138185522021,9424.773411350823,0.009999999776482582,115.50108337402344,0.25
3390,153.6191740242707,220079.38971439842,526.055340008312,9129.50327343259,0.009999999776482582,54.46502685546875,0.75
3391,149.5761302008848,247074.34844512233,487.00692981203315,8843.610826069356,0.009999999776482582,72.62578582763672,0.75
3392,149.7894537430219,190120.0151932308,437.6865739389101,8858.695399031196,0.009999999776482582,45.47560119628906,0.75
3393,152.42503504916166,234470.90195130513,647.1120790953689,9045.063101869018,0.009999999776482582,49.0214958190918,0.75
3394,140.5980215371267,2272.556431911233,579.4694062177077,8208.749179572222,0.009999999776482582,39.89289855957031,1.0
3395,128.1879429151601,25325.42473053145,560.8853190846995,7331.205451581442,0.009999999776482582,13.651533126831055,1.0
3396,138.87405385829032,21141.582151358543,436.64458994138414,8086.843664715625,0.009999999776482582,27.820560455322266,1.0
3397,146.6927397336226,187050.77085230677,301.3228149683849,8639.719996931857,0.009999999776482582,57.63108444213867,0.75
3398,154.93209878386696,208698.1697996508,670.6114688437914,9222.343046910586,0.009999999776482582,65.30079650878906,0.75
3399,152.0337164370034,248661.91622571007,571.0985485254852,9017.392109266464,0.009999999776482582,57.12378692626953,0.5
3400,155.61931485895104,178983.90884009656,825.7983677935412,9270.937594522638,0.009999999776482582,76.86451721191406,0.75
3401,158.58896323210263,413475.4848337416,436.2847501517661,9480.927908329711,0.009999999776482582,120.65066528320312,0.25
3402,157.0133657794944,148124.89676008635,874.9870405148426,9369.51397579207,0.009999999776482582,46.201385498046875,0.75
3403,156.66446318023733,363472.3715270845,570.6645420986388,9344.842311978775,0.009999999776482582,98.88025665283203,0.5
3404,155.91123339529162,259230.9671518933,605.9729604194555,9291.579790954536,0.009999999776482582,81.04352569580078,0.25
3405,152.8370422688384,212105.30645106375,561.4393198431358,9074.197031034804,0.009999999776482582,53.534950256347656,0.75
3406,148.32328509691692,2.9742659630027105e-20,inf,8755.019416085466,0.009999999776482582,47.519927978515625,1.0
3407,151.09368059221822,190514.7429232302,474.92529671880015,8950.92012429309,0.009999999776482582,70.68938446044922,0.75
3408,149.27788373966018,277144.33064831694,432.7332004833965,8822.521168266558,0.009999999776482582,66.04862213134766,0.75
3409,153.99188184395754,238334.62871248866,615.8479845574407,9155.858256305975,0.009999999776482582,113.81521606445312,0.75
3410,148.54128328847253,165384.8178173496,644.5618174143601,8770.434543703943,0.009999999776482582,39.613914489746094,0.75
3411,157.37298330904025,300035.93811090046,548.9112848709194,9394.94331569729,0.009999999776482582,47.09821701049805,0.5
3412,153.6338700247186,173440.7658456894,689.4984926251476,9130.542459678902,0.009999999776482582,37.975425720214844,0.75
3413,147.9526036259671,170351.44782195348,741.9203150834844,8728.807720751109,0.009999999776482582,31.30940818786621,0.75
3414,153.4208082858791,177649.50279629594,572.8334490514252,9115.476399399278,0.009999999776482582,68.0345458984375,0.75
3415,150.1469239116407,5.106649091014514e-08,492.7410310912428,8883.97289436148,0.009999999776482582,39.11538314819336,1.0
3416,153.82593946090984,270708.66940058256,640.4213920847749,9144.124108450249,0.009999999776482582,71.67463684082031,0.25
3417,153.27150307715073,286091.5265244933,636.3948232130293,9104.918702428364,0.009999999776482582,67.77725219726562,0.75
3418,143.7895848777462,2.4095342152012203e-05,795.6482643586204,8434.431584765729,0.009999999776482582,22.091737747192383,1.0
3419,141.87442149409853,111911.00733247056,413.10432415058136,8299.006204589426,0.009999999776482582,51.24373245239258,0.75
3420,150.75203316299618,1.2474833825509254e-10,inf,8926.761489377815,0.009999999776482582,58.53448486328125,1.0
3421,153.67008676036332,194760.44334121363,666.0301585284526,9133.103424051607,0.009999999776482582,80.50440979003906,0.5
3422,133.7792304670048,193492.53055758183,545.5334021766148,7726.577589984276,0.009999999776482582,22.01016616821289,0.75
3423,153.75495991808947,184736.11879148244,554.8490511793865,9139.104990158168,0.009999999776482582,60.334999084472656,0.75
3424,147.90057405034125,1.1315420897044893e-12,inf,8725.128595972667,0.009999999776482582,60.052433013916016,1.0
3425,147.20142598776644,0.0,inf,8675.690311499315,0.009999999776482582,43.76836395263672,1.0
3426,149.62669892171178,166684.22612357364,661.2223054388492,8847.186650618582,0.009999999776482582,81.26609802246094,0.5
3427,152.6285512325157,223911.2857694299,379.80471693997526,9059.454175099676,0.009999999776482582,63.338809967041016,0.75
3428,145.71732745947753,95516.60955247993,697.6064336886805,8570.746467476038,0.009999999776482582,58.02891159057617,0.75
3429,157.65951925768903,298515.0539158148,635.3740126243864,9415.204897613101,0.009999999776482582,66.36381530761719,0.5
3430,156.24448970996636,272950.74402323406,663.5936468008584,9315.14507185763,0.009999999776482582,51.884910583496094,0.25
3431,145.34788947812157,2.1951807925919385e-12,inf,8544.622702003138,0.009999999776482582,23.37467384338379,1.0
3432,154.84764239272013,0.0,inf,9216.370951277891,0.009999999776482582,73.54090881347656,1.0
3433,145.68876983207005,4.139576882080085e-16,inf,8568.727095352691,0.009999999776482582,55.962852478027344,1.0
3434,148.4052422007924,0.0,inf,8760.814781663805,0.009999999776482582,45.2275276184082,1.0
3435,152.7833745429887,243801.20832667797,514.7839050228442,9070.402069080934,0.009999999776482582,71.39256286621094,0.5
3436,152.51606349923065,327251.69406048534,440.81482437374416,9051.49992212295,0.009999999776482582,65.58287048339844,0.5
3437,139.81144270072946,0.13002879656002436,532.3450906470928,8153.128474379518,0.009999999776482582,30.93708038330078,1.0
3438,147.87741405325593,241445.19525459604,585.4920897515751,8723.490902062611,0.009999999776482582,72.44418334960938,0.5
3439,148.37066888794823,208248.28557502254,430.75158574214214,8758.370027301928,0.009999999776482582,30.512229919433594,0.75
3440,150.95942841614442,203104.14392065085,462.1408028277546,8941.426860094576,0.009999999776482582,79.93054962158203,0.75
3441,145.56372140557866,209850.23864205056,614.1447909096279,8559.884648362196,0.009999999776482582,17.52375030517578,0.75
3442,148.87189981674206,256410.859885728,440.77529607734004,8793.813159552474,0.009999999776482582,47.65202331542969,0.5
3443,152.8599116224228,214692.5978989051,712.511243119936,9075.814172908966,0.009999999776482582,65.92980194091797,0.75
3444,143.64906383055663,5.339343827056434e-11,inf,8424.495035017073,0.009999999776482582,12.35456657409668,1.0
3445,157.6132785665043,392854.85775379534,429.64863471397456,9411.935117480098,0.009999999776482582,81.52725219726562,0.25
3446,153.73744704787387,2.2084681209212323e-20,inf,9137.866616906478,0.009999999776482582,45.94707107543945,1.0
3447,155.7604131325081,293463.3024806975,550.3685677951211,9280.914961206774,0.009999999776482582,81.77947235107422,0.75
3448,159.55954794089791,306140.5548413264,609.4526851004547,9549.56007010985,0.009999999776482582,59.11780548095703,0.25
3449,150.67313808318013,261686.54842049148,661.2085181029564,8921.182646199548,0.009999999776482582,59.4976806640625,0.75
3450,150.12873660351872,130038.9597557618,363.08143632092276,8882.686830134357,0.009999999776482582,54.102352142333984,0.75
3451,149.34912436234663,158911.41980922545,382.937920719903,8827.55874808543,0.009999999776482582,36.405242919921875,0.75
3452,147.1858414331765,212078.76533279996,551.5756330624106,8674.588293651523,0.009999999776482582,62.51182174682617,0.75
3453,143.42797473205013,0.0,inf,8408.861342626271,0.009999999776482582,108.35153198242188,1.0
3454,150.69377525360704,222965.64139284793,459.26608204973877,8922.641945533846,0.009999999776482582,64.6497802734375,0.75
3455,141.23022162450505,2.2867238792368092e-17,inf,8253.453426693759,0.009999999776482582,35.76314163208008,1.0
3456,150.57876120323374,193390.13783766946,619.1437466342785,8914.509051165453,0.009999999776482582,40.37310028076172,0.75
3457,148.34394525258352,0.0,inf,8756.480340756196,0.009999999776482582,23.181140899658203,1.0
3458,146.235201926532,324052.72688638105,430.9198184525519,8607.366500619566,0.009999999776482582,82.81500244140625,0.75
3459,139.4686133345358,0.0,inf,8128.886262122959,0.009999999776482582,19.490055084228516,1.0
3460,145.07578174052418,0.0,inf,8525.381370361316,0.009999999776482582,53.578922271728516,1.0
3461,155.7252944422345,96985.70032541931,626.9578478539217,9278.4316420173,0.009999999776482582,87.5649642944336,0.75
3462,154.4086578666242,129332.48339566473,961.4163596191404,9185.329397932805,0.009999999776482582,53.251068115234375,0.75
3463,152.00538713232177,125971.42004302272,574.5216041261183,9015.388882341078,0.009999999776482582,64.24664306640625,0.75
3464,148.76237726888425,0.06829852203235326,528.6832962965746,8786.068581304913,0.009999999776482582,63.44361114501953,1.0
3465,140.49523891411962,0.001547380139867704,601.8016383180295,8201.481196111856,0.009999999776482582,39.700923919677734,1.0
3466,151.6351212286407,284518.607408209,481.6725305795808,8989.20657267472,0.009999999776482582,57.163841247558594,0.5
3467,151.84054586622045,295153.1355946586,549.7181340739056,9003.732596866364,0.009999999776482582,36.49677658081055,0.5
3468,146.73879512644586,0.0,inf,8642.97667421355,0.009999999776482582,28.302900314331055,1.0
3469,148.73041693703442,292777.9666514401,667.1836040847452,8783.808596528534,0.009999999776482582,68.2177734375,0.5
3470,156.48693609403455,209163.00683529416,469.80247436210453,9332.288984494615,0.009999999776482582,67.36788940429688,0.75
3471,152.51653639610285,167098.96767163472,476.4450596095236,9051.533361692258,0.009999999776482582,69.98326110839844,0.75
3472,157.00857872516653,320650.2193532339,534.5722534165466,9369.175472739113,0.009999999776482582,85.333740234375,0.5
3473,144.05705117370238,9.530786136958372e-10,600.5337933661099,8453.344709945275,0.009999999776482582,25.71139144897461,1.0
3474,144.02999645886942,88489.0413741618,566.3533945471013,8451.4316120482,0.009999999776482582,63.729976654052734,0.75
3475,147.23800412943555,203991.4628888149,526.4213343454348,8678.276831680298,0.009999999776482582,32.21538543701172,0.75
3476,149.5130311858755,262023.86291113228,637.158412856439,8839.148957087657,0.009999999776482582,28.690330505371094,0.5
3477,154.8927165713436,400170.7740057079,445.2460180604529,9219.558244763313,0.009999999776482582,67.8116455078125,0.5
3478,148.67748369150408,6.899036182685209e-08,608.5233220291022,8780.065571280076,0.009999999776482582,44.73872375488281,1.0
3479,154.0168117165162,125723.33861403684,609.0185887498582,9157.62110197117,0.009999999776482582,111.22663879394531,0.75
3480,148.82088599834714,146506.13351488826,379.5530596659493,8790.205861183382,0.009999999776482582,48.67622756958008,0.75
3481,147.00913756379975,957.9129303311305,547.0237216210784,8662.093177624716,0.009999999776482582,36.403419494628906,1.0
3482,145.15152185908997,3.378673747542709e-11,inf,8530.737119348034,0.009999999776482582,33.29051208496094,1.0
3483,149.19221085460853,198961.89977187666,456.3702538537895,8816.46305169646,0.009999999776482582,53.20479965209961,0.75
3484,145.9885811479973,5.488890126538922e-22,inf,8589.927407444746,0.009999999776482582,19.008949279785156,1.0
3485,152.2210087821021,358013.9124993777,512.7904985188507,9030.635959506955,0.009999999776482582,71.38763427734375,0.25
3486,150.5318349169992,2.884885565991495e-07,556.3888328722732,8911.190791111068,0.009999999776482582,83.5043716430664,1.0
3487,144.084903768972,212231.28678333532,440.95758395350487,8455.31422770835,0.009999999776482582,48.73749542236328,0.75
3488,139.80679995680046,182466.02158432172,417.286582539563,8152.800175829632,0.009999999776482582,18.338754653930664,0.75
3489,154.93131017688768,226649.63943146289,477.6626513716523,9222.287282790987,0.009999999776482582,55.29595184326172,0.5
3490,150.95398382525585,180917.5892137892,456.2988686747197,8941.041861197205,0.009999999776482582,41.272186279296875,0.75
3491,147.82630019497552,1.077945745179326e-05,895.6650766924188,8719.87652965501,0.009999999776482582,36.072105407714844,1.0
3492,142.34625528184802,3.0003773884921237,584.4968608919133,8332.370600876233,0.009999999776482582,60.69574737548828,1.0
3493,151.02396681510635,33559.57437799419,936.05727208196,8945.990511055123,0.009999999776482582,70.44940185546875,1.0
3494,150.12638273245545,35.04577341921729,713.5364345136315,8882.520382777255,0.009999999776482582,38.72937774658203,1.0
3495,153.69524722994004,246562.9700248459,631.7556837888324,9134.882575734922,0.009999999776482582,78.24028778076172,0.5
3496,154.61379905489264,234429.03284422992,620.6387927177699,9199.835378805392,0.009999999776482582,55.83648681640625,0.5
3497,151.86816824315676,108048.9813230875,733.8090233312929,9005.685835388944,0.009999999776482582,63.533634185791016,0.75
3498,155.0076123583305,298345.59069162956,558.4899137047889,9227.682776469701,0.009999999776482582,88.783935546875,0.5
3499,150.70683542986706,145341.5033194762,517.9512524557117,8923.565459083802,0.009999999776482582,42.434844970703125,0.75
3500,150.28543259671582,0.0,inf,8893.767145595695,0.009999999776482582,59.59930419921875,1.0
3501,145.51089173938792,273320.67689618823,549.7127196825154,8556.148947434767,0.009999999776482582,46.25156021118164,0.5
3502,152.16177581261292,70404.88027178928,639.4147861191948,9026.44746703653,0.009999999776482582,71.68070983886719,0.75
3503,151.7322120830532,170541.0434918157,842.8481484023218,8996.072078762987,0.009999999776482582,79.72390747070312,0.75
3504,153.94003307288895,273226.4238689402,429.2853907094837,9152.191916612146,0.009999999776482582,96.00820922851562,0.25
3505,143.33078516669897,1.8962434756415112e-05,683.6757358474433,8401.988856472226,0.009999999776482582,20.027944564819336,1.0
3506,151.5447953067029,214176.4464122431,691.296833915248,8982.819429717285,0.009999999776482582,44.65711975097656,0.75
3507,152.8675926407051,138258.59407160163,538.9398297640627,9076.357314465402,0.009999999776482582,71.90083312988281,0.75
3508,147.93583178657394,4.2114513504027876e-10,inf,8727.621747405195,0.009999999776482582,64.67643737792969,1.0
3509,152.60793463506766,209149.97961171606,490.3262915129209,9057.99633052559,0.009999999776482582,59.64878845214844,0.75
3510,148.05630039457552,34938.34870704792,471.14095425984704,8736.140345440863,0.009999999776482582,82.42709350585938,1.0
3511,146.14972900433364,9.050656157615041e-18,inf,8601.32252385898,0.009999999776482582,41.598243713378906,1.0
3512,148.9079328956253,132583.7694747613,747.4012862613911,8796.361137154985,0.009999999776482582,110.59468841552734,0.75
3513,145.0658112147618,143541.42138147596,516.9482118360576,8524.676332737134,0.009999999776482582,43.989402770996094,0.75
3514,153.43065476385797,273866.40922865894,325.00877962931247,9116.172665334117,0.009999999776482582,74.89399719238281,0.75
3515,147.90240346491618,251931.19487277858,463.23294443669124,8725.257957867543,0.009999999776482582,31.30160903930664,0.75
3516,153.24182647888148,176734.62681494362,565.4873948938198,9102.820205434706,0.009999999776482582,62.061527252197266,0.75
3517,146.76616348497586,154853.485075694,480.6512494121561,8644.911950540558,0.009999999776482582,34.44184875488281,0.75
3518,156.50643710983692,241970.78937800427,400.00096212241556,9333.667943857252,0.009999999776482582,86.85490417480469,0.25
3519,152.94128523033038,257139.1295482082,813.1740750551197,9081.568278214703,0.009999999776482582,107.71607971191406,0.5
3520,149.1550421355178,161291.8668253848,1123.0038018294201,8813.834770497839,0.009999999776482582,56.67507553100586,0.75
3521,154.14854276093902,197109.82401926562,507.6699519120548,9166.9360914516,0.009999999776482582,123.02029418945312,0.75
3522,147.00953750907888,259163.92758260682,395.7312615522595,8662.121458627757,0.009999999776482582,39.3289794921875,0.75
3523,145.58577448511068,0.017307807034106473,710.8928521077785,8561.444069717669,0.009999999776482582,35.12944412231445,1.0
3524,143.86418511486542,9.555003424572895e-13,inf,8439.706730249072,0.009999999776482582,32.78254699707031,1.0
3525,155.26403998500396,375676.66466869996,372.7643357066971,9245.815333266926,0.009999999776482582,115.41068267822266,0.5
3526,152.01001041633154,238223.55665196272,497.9402265205738,9015.71580483763,0.009999999776482582,93.06773376464844,0.75
3527,145.59123884149145,225696.61046470713,628.7618976561903,8561.830466276104,0.009999999776482582,56.86067581176758,0.75
3528,153.24403934803834,222424.53300679429,476.58710680591025,9102.976682239456,0.009999999776482582,107.66687774658203,0.75
3529,154.73291412005955,212946.8971229251,422.7399537565107,9208.258264874898,0.009999999776482582,78.34917449951172,0.75
3530,150.06169955649025,191588.8604585987,490.3278923388714,8877.946494319021,0.009999999776482582,60.72584533691406,0.75
3531,154.45546217497397,167052.66317920608,786.5804311723148,9188.639032664902,0.009999999776482582,56.31390380859375,0.75
3532,141.62961872006952,249719.6690300713,637.3869884391808,8281.695666478601,0.009999999776482582,24.05678367614746,0.75
3533,153.39758622584372,206948.13623065784,490.08260583517813,9113.834316882654,0.009999999776482582,61.59858322143555,0.75
3534,146.53350783756534,0.00011583222946708223,643.1592850588571,8628.460362248012,0.009999999776482582,76.08253479003906,1.0
3535,151.38611918214892,207270.64830215124,397.2360268480288,8971.599094848676,0.009999999776482582,48.93986511230469,0.75
3536,155.19629731978395,1.0686712062389222e-21,inf,9241.025101650184,0.009999999776482582,86.99482727050781,1.0
3537,147.2284943698561,5.274853513526601e-07,567.6733229243753,8677.604375837924,0.009999999776482582,48.922637939453125,1.0
3538,148.48392181182814,0.0,inf,8766.378388574638,0.009999999776482582,70.68701934814453,1.0
3539,143.48785066928147,154739.22824478828,606.3011452445103,8413.095300748173,0.009999999776482582,41.68711853027344,0.75
3540,141.82920209797777,1.0436904336376284e-08,658.0131647695075,8295.808642458029,0.009999999776482582,47.41824722290039,1.0
3541,152.2633926830801,186216.04699763044,345.37200570238275,9033.633017592083,0.009999999776482582,90.97491455078125,0.75
3542,154.38176667985752,0.01389397751483101,904.3094792716365,9183.42786346198,0.009999999776482582,86.74922180175781,1.0
3543,140.10674045945035,0.0,inf,8174.009622996624,0.009999999776482582,15.965860366821289,1.0
3544,146.11358255335654,155413.4133491698,575.0030059220505,8598.766529468427,0.009999999776482582,79.62947845458984,0.75
3545,148.84795431445863,319556.91064831783,524.6476988845792,8792.11992085653,0.009999999776482582,46.44447708129883,0.5
3546,153.0277439640462,5.573858746092551,397.2276370324815,9087.681963857924,0.009999999776482582,50.580509185791016,1.0
3547,148.7241373515155,151896.37788320394,623.9952689272495,8783.364553339576,0.009999999776482582,76.86991119384766,0.75
3548,158.73552230238596,356349.4701454968,541.9473065277751,9491.29141986135,0.009999999776482582,96.06864929199219,0.25
3549,154.57679621951394,221371.7702126739,609.2927254442858,9197.218827605871,0.009999999776482582,99.36577606201172,0.75
3550,147.9084711123656,1.5034609030279815e-15,inf,8725.687014453331,0.009999999776482582,44.06011962890625,1.0
3551,152.1181677175015,380552.69688643725,406.70411390376194,9023.36384351404,0.009999999776482582,82.229248046875,0.5
3552,145.3277776919264,247553.99707528137,500.11800685890586,8543.200553733826,0.009999999776482582,15.956738471984863,0.75
3553,156.6562402262172,308479.26334843313,662.0510204798654,9344.260848964257,0.009999999776482582,64.30825805664062,0.5
3554,153.29244744389823,1.3061954989136689e-08,888.0036054309104,9106.399724284542,0.009999999776482582,55.33477020263672,1.0
3555,156.2492233928454,253451.8741824771,490.32638087384834,9315.47980089903,0.009999999776482582,75.33824157714844,0.5
3556,157.34999402715613,187249.45506321336,799.2215125817374,9393.317693431472,0.009999999776482582,58.47459411621094,0.75
3557,148.20113112375773,183968.0446340372,835.8208622906712,8746.381642203416,0.009999999776482582,44.934410095214844,0.75
3558,145.7447853807703,124129.80406787353,683.4150383152725,8572.688076981354,0.009999999776482582,56.78091049194336,0.75
3559,150.35522900949974,212147.30881929616,399.60692180442214,8898.702602182278,0.009999999776482582,100.27008056640625,0.75
3560,149.0009448290317,230900.42326477982,534.8068889494998,8802.938213842044,0.009999999776482582,35.727027893066406,0.75
3561,157.02966964002357,514208.1377617647,442.86814798500416,9370.666857331764,0.009999999776482582,76.15799713134766,0.25
3562,158.78842684497735,406659.9301168425,578.7072188846478,9495.032415462387,0.009999999776482582,61.53746795654297,0.25
3563,152.3673445974574,218374.0570904188,445.74174656467204,9040.983684195675,0.009999999776482582,58.48228073120117,0.75
3564,151.72431487103015,249824.3382430341,680.5466123156826,8995.513649675584,0.009999999776482582,53.80027389526367,0.5
3565,150.98526182311974,261114.2235917328,530.5105483375863,8943.253596649145,0.009999999776482582,85.2308120727539,0.5
3566,152.56871864556368,273807.2195768179,712.975322502132,9055.223282370578,0.009999999776482582,72.43379974365234,0.5
3567,152.70250073735366,1.491905825058075e-14,inf,9064.683305884046,0.009999999776482582,44.106529235839844,1.0
3568,151.98355294953666,4.829189441553181e-12,inf,9013.84493965203,0.009999999776482582,80.39788055419922,1.0
3569,150.04742723113281,7.191238715452806e-20,inf,8876.937267062467,0.009999999776482582,60.778160095214844,1.0
3570,146.1650227639474,0.0,inf,8602.403978959734,0.009999999776482582,46.93357849121094,1.0
3571,146.82100733552664,325194.07567698846,423.5301647936868,8648.790078837386,0.009999999776482582,79.74589538574219,0.5
3572,155.63203759884001,203216.38196082748,544.7110548714933,9271.837247210791,0.009999999776482582,81.21192169189453,0.75
3573,152.47709280630247,249665.22931588793,650.3194155060849,9048.74421942385,0.009999999776482582,85.651123046875,0.5
3574,153.25554515644959,335302.6002575796,346.47046691583796,9103.790283048469,0.009999999776482582,135.2658233642578,0.5
3575,148.49481840277147,124091.2903259203,687.1919285320142,8767.14891028768,0.009999999776482582,35.840301513671875,0.75
3576,143.8198198861973,200263.51274985226,853.8650959696888,8436.569568161343,0.009999999776482582,36.317420959472656,0.75
3577,144.13679376322796,163040.83403828743,579.4811298487127,8458.983482383675,0.009999999776482582,32.01237487792969,0.75
3578,153.0070140234433,283436.01823676756,532.3676652404816,9086.216104542134,0.009999999776482582,105.37754821777344,0.5
3579,149.43052773860921,198002.65515508957,559.0765092275975,8833.314958376483,0.009999999776482582,57.93170166015625,0.75
3580,143.1760205288274,7.09114149757134e-13,inf,8391.045111358591,0.009999999776482582,23.52322769165039,1.0
3581,149.66402305032602,243105.6975516115,410.36140279950024,8849.825921163585,0.009999999776482582,47.35435485839844,0.5
3582,151.1217456558732,2.187026187165253e-14,inf,8952.904666159127,0.009999999776482582,50.27806091308594,1.0
3583,150.97868196842924,181007.78344494174,499.8412786723822,8942.788320772124,0.009999999776482582,75.16316986083984,0.75
3584,155.2458045503158,316627.2799855379,370.70739493828347,9244.525865905338,0.009999999776482582,79.44461059570312,0.5
3585,144.91354648770297,70.44958769284433,894.3225396154251,8513.909361769827,0.009999999776482582,19.883264541625977,1.0
3586,151.73740374276653,150020.35071838542,738.9401682280843,8996.439192345266,0.009999999776482582,62.88316345214844,0.75
3587,150.5138011478537,202884.7418214325,682.6859568427669,8909.915583959872,0.009999999776482582,53.71577835083008,0.75
3588,148.10034328095077,0.0,inf,8739.254714001978,0.009999999776482582,52.11341094970703,1.0
3589,139.0474739168975,0.0,inf,8099.106575320329,0.009999999776482582,31.297649383544922,1.0
3590,156.77540411418792,277485.7414639235,423.15853113215206,9352.687187400712,0.009999999776482582,150.3228759765625,0.5
3591,156.46377538807468,388071.0908437873,487.1681456714012,9330.651240458494,0.009999999776482582,74.14310455322266,0.5
3592,153.28503662160702,255281.0022911939,708.233822524032,9105.875688875984,0.009999999776482582,76.0340347290039,0.5
3593,153.15358318816152,206406.99584071085,494.2639805379525,9096.58032987328,0.009999999776482582,72.69342041015625,0.5
3594,154.10807390078583,229802.05156119875,494.51259312495296,9164.074450080247,0.009999999776482582,57.875450134277344,0.5
3595,151.04583717779664,226536.92457522688,683.215681867437,8947.53701210418,0.009999999776482582,82.42933654785156,0.75
3596,152.3298129767752,337075.16730770183,410.28421283583543,9038.329741433967,0.009999999776482582,119.23878479003906,0.25
3597,152.0570482310769,4.287819786789885e-15,inf,9019.041951316274,0.009999999776482582,73.19975280761719,1.0
3598,155.04781619748036,0.00017612952487002634,923.033159524115,9230.52567762785,0.009999999776482582,47.341793060302734,1.0
3599,156.74513929304962,273949.48882867617,513.6072675078553,9350.547095884962,0.009999999776482582,92.55388641357422,0.5
3600,155.52014690621576,202388.50906926673,417.30679430787234,9263.925212281441,0.009999999776482582,55.88298797607422,0.75
3601,150.72767727407543,300361.64253353694,627.400206696674,8925.039231347619,0.009999999776482582,50.01839828491211,0.5
3602,148.82119810790184,227370.81468063899,653.2995611912012,8790.227931130761,0.009999999776482582,54.727516174316406,0.75
3603,144.97694097042867,200222.33524761602,468.3549913558659,8518.392123918222,0.009999999776482582,32.402774810791016,0.75
3604,150.95393944218424,445207.34070585266,503.5772602691526,8941.038722773403,0.009999999776482582,101.65279388427734,0.5
3605,151.53326816516878,220491.9545589246,512.8598208221897,8982.004320396623,0.009999999776482582,49.360008239746094,0.75
3606,154.4045474157942,325104.45187394094,389.59849201811596,9185.038738988978,0.009999999776482582,79.3978271484375,0.5
3607,154.52203835397282,80436.59975411824,719.989499495906,9193.346779496625,0.009999999776482582,79.64403533935547,0.75
3608,153.32741056419843,249867.0358084835,311.6573802485813,9108.872042781873,0.009999999776482582,116.26380920410156,0.75
3609,145.17131703735245,6.612328244400702e-13,inf,8532.136879579846,0.009999999776482582,27.236589431762695,1.0
3610,155.34627076772165,251605.2190614798,373.6997703766801,9251.63005127314,0.009999999776482582,116.07550811767578,0.75
3611,151.7578069243559,260397.34174809034,413.50808058552326,8997.881945818488,0.009999999776482582,75.95060729980469,0.75
3612,144.17951672548296,0.0,inf,8462.004516231253,0.009999999776482582,35.68133544921875,1.0
3613,137.94260917382988,6.273783027535429e-14,inf,8020.979179427692,0.009999999776482582,19.00189971923828,1.0
3614,139.6815403070189,271522.98696309456,310.5883701047346,8143.942792779571,0.009999999776482582,62.31751251220703,0.75
3615,152.48434401647762,229467.0825108172,426.88702209980687,9049.25696831154,0.009999999776482582,73.67536926269531,0.5
3616,150.9537455651941,225772.126737142,490.4984739786436,8941.02501330855,0.009999999776482582,51.18235778808594,0.75
3617,143.23137822287558,0.05983753659471513,634.2205779719999,8394.959574649905,0.009999999776482582,37.59465789794922,1.0
3618,149.51574521414227,219337.50546059493,450.82501823095015,8839.340871946188,0.009999999776482582,63.91432189941406,0.5
3619,155.69124660325357,179418.15886776574,635.7666876196673,9276.024045058448,0.009999999776482582,85.82044982910156,0.75
3620,150.19476219522886,127258.06765950646,932.8388914974208,8887.355643737968,0.009999999776482582,70.86155700683594,0.75
3621,157.42274971162846,304332.68084219523,600.672028951225,9398.46240657385,0.009999999776482582,68.05439758300781,0.5
3622,154.5089027561905,202644.7843743069,1048.5188151936864,9192.41793272632,0.009999999776482582,44.028900146484375,0.75
3623,156.7027520911226,252276.642978211,503.7836985419317,9347.549804382528,0.009999999776482582,84.30836486816406,0.5
3624,148.42675433485056,1.4613540375504785e-17,inf,8762.33595158492,0.009999999776482582,47.982818603515625,1.0
3625,153.52845005345043,429193.24586044374,372.64637835299413,9123.087983570458,0.009999999776482582,97.07889556884766,0.5
3626,154.9904041319398,306053.0569284534,450.1389154948948,9226.465945247353,0.009999999776482582,88.14363098144531,0.5
3627,152.44815304495322,296030.1202834551,627.1524049065468,9046.69782577598,0.009999999776482582,81.70811462402344,0.5
3628,151.19321223645042,5.487693429678096e-19,inf,8957.958223953312,0.009999999776482582,54.82391357421875,1.0
3629,153.43364268036302,334458.4494783462,461.08469984273546,9116.383947427377,0.009999999776482582,97.04930114746094,0.5
3630,141.11803464704414,220650.21700398883,410.82656438819953,8245.52044081736,0.009999999776482582,32.48956298828125,0.75
3631,149.17916688950586,136106.0813904391,672.5748716034102,8815.540684472799,0.009999999776482582,84.31582641601562,0.75
3632,143.5435362768382,200529.8041979446,730.3942028489349,8417.032951518915,0.009999999776482582,50.23450469970703,0.75
3633,146.7935309345402,3.923500108956648e-15,inf,8646.847162592623,0.009999999776482582,34.007301330566406,1.0
3634,142.35642166767119,5.867144202137197e-15,inf,8333.08948819252,0.009999999776482582,50.95115280151367,1.0
3635,147.1710122367987,190332.47811003853,362.0608047181464,8673.539688830482,0.009999999776482582,90.51956939697266,0.75
3636,143.19853868398195,2.1118117804665756e-17,inf,8392.63741922575,0.009999999776482582,28.792274475097656,1.0
3637,143.85788464926563,243216.4455496125,326.5863056942519,8439.261210584053,0.009999999776482582,56.77932357788086,0.75
3638,151.31968487553226,237082.90899708422,736.8703533343447,8966.901380122545,0.009999999776482582,91.22671508789062,0.75
3639,150.2868559234583,2.092604055484991e-15,inf,8893.86779213419,0.009999999776482582,90.86457824707031,1.0
3640,155.1479411655814,300183.33179807366,427.28695078602976,9237.605732512982,0.009999999776482582,102.5890121459961,0.5
3641,154.35511296784074,309590.0631959425,803.6283317684005,9181.543121348695,0.009999999776482582,85.69940185546875,0.5
3642,148.60676562950638,8.183028667955851e-16,inf,8775.064942867306,0.009999999776482582,41.766090393066406,1.0
3643,146.13164064803723,123629.937095525,575.9442470018411,8600.043456731277,0.009999999776482582,62.88759231567383,0.75
3644,144.4679839196214,172459.51710415125,504.92654488859057,8482.402660728032,0.009999999776482582,59.13694381713867,0.75
3645,154.18389281903754,362296.64570480643,664.9724606383875,9169.435771164633,0.009999999776482582,87.78411865234375,0.5
3646,146.6505391967777,0.14463078133172838,512.051764825838,8636.73590492453,0.009999999776482582,30.664806365966797,1.0
3647,147.97921906186178,1.278014180445658e-19,inf,8730.689756276312,0.009999999776482582,107.04510498046875,1.0
3648,147.8999516274255,262598.545628653,487.3346875404957,8725.084583090676,0.009999999776482582,69.29676818847656,0.75
3649,151.1246886080554,344043.9181805716,345.92130709618357,8953.112768727042,0.009999999776482582,45.98429489135742,0.75
3650,150.67549321847247,0.0,inf,8921.349182953047,0.009999999776482582,76.36801147460938,1.0
3651,152.54890277377933,281443.34924810723,462.9029520404158,9053.8220588547,0.009999999776482582,96.3873291015625,0.5
3652,154.3867429768921,360008.1325148482,525.3730237835771,9183.7797482795,0.009999999776482582,65.26197814941406,0.5
3653,150.4832605655959,153007.7419103896,634.0760773163213,8907.755992773877,0.009999999776482582,59.39549255371094,0.75
3654,148.98472100364222,0.0,inf,8801.790991761649,0.009999999776482582,107.60803985595703,1.0
3655,152.81302316338164,269867.84753976,352.90577381993995,9072.498587697935,0.009999999776482582,66.9681396484375,0.5
3656,161.16511022338233,369713.6115684742,449.28206473366356,9663.092881126762,0.009999999776482582,138.59715270996094,0.75
3657,148.45597869054257,352693.7148254947,432.04976782971,8764.402469519522,0.009999999776482582,51.5166015625,0.5
3658,155.55565458894407,218814.9252594566,600.4107508253528,9266.436037975855,0.009999999776482582,92.61483764648438,0.75
3659,148.54110985295324,195286.7521111315,670.8540100658639,8770.42227970008,0.009999999776482582,42.03678512573242,0.5
3660,151.9770414446547,270023.8343879086,548.7901703886412,9013.384496939056,0.009999999776482582,53.132530212402344,0.5
3661,147.46074647681388,5.262297869567712e-12,inf,8694.027428904865,0.009999999776482582,48.55949783325195,1.0
3662,151.3222655399193,138274.51399149664,522.1035186638869,8967.08386453025,0.009999999776482582,77.53003692626953,0.75
3663,147.12901299382992,215282.76983704488,674.5617495942096,8670.569830752196,0.009999999776482582,39.64072799682617,0.75
3664,145.9338196398618,1.0849012414664245e-14,inf,8586.055101759706,0.009999999776482582,46.857627868652344,1.0
3665,151.73534566863216,405246.36230054963,371.4083474775016,8996.293661434192,0.009999999776482582,100.44053649902344,0.25
3666,149.53388241450799,168202.52023404808,1024.1624107111195,8840.62339294457,0.009999999776482582,70.31607055664062,0.75
3667,152.56897702937218,292338.17899577785,481.9421749509774,9055.241553253261,0.009999999776482582,76.99825286865234,0.25
3668,157.14723775027807,317138.48298915895,467.5516097739268,9378.980354845224,0.009999999776482582,115.19173431396484,0.5
3669,152.62635354606422,0.0,inf,9059.29877189714,0.009999999776482582,72.58086395263672,1.0
3670,151.6175618528992,301527.51361474313,541.3511892561783,8987.964910915856,0.009999999776482582,73.79693603515625,0.5
3671,154.58563864120887,345787.36507738946,319.66144170381597,9197.844094530845,0.009999999776482582,69.36478424072266,0.5
3672,155.11711834627644,307841.3365184812,400.28254930674103,9235.42618372977,0.009999999776482582,60.957191467285156,0.5
3673,153.9645112501167,299168.4786428875,402.9472031108035,9153.922821915261,0.009999999776482582,70.64859008789062,0.5
3674,146.2758001874149,0.0,inf,8610.237292198763,0.009999999776482582,46.101593017578125,1.0
3675,151.66369901764952,0.0,inf,8991.227370468874,0.009999999776482582,61.34195327758789,1.0
3676,158.3484349842263,185187.34725496074,602.600658116485,9463.919631286657,0.009999999776482582,114.09815979003906,0.75
3677,149.7946024330693,150584.60210055407,460.3419492571168,8859.059474134672,0.009999999776482582,87.5951156616211,0.75
3678,154.50925229278346,182610.5713541957,463.46872229942824,9192.44264922121,0.009999999776482582,70.08457946777344,0.75
3679,143.41264883775284,0.0,inf,8407.777615211955,0.009999999776482582,51.886985778808594,1.0
3680,149.97598775833106,249353.32256222295,598.8757657094753,8871.885626118212,0.009999999776482582,53.81892395019531,0.5
3681,152.23370835405842,225273.23678294485,811.0122652768935,9031.533973940057,0.009999999776482582,52.76177978515625,0.5
3682,149.11244607669093,134352.31194422362,447.8846501721341,8810.822710268465,0.009999999776482582,65.3155517578125,0.75
3683,152.11597956115654,300263.53646275436,492.02465045632516,9023.209114206122,0.009999999776482582,59.782470703125,0.25
3684,148.89000844692677,127261.1315281876,616.7140380343126,8795.09366029104,0.009999999776482582,38.55756378173828,0.75
3685,149.31537646799902,95914.90879469427,671.1029374190746,8825.172360865836,0.009999999776482582,85.7555160522461,0.75
3686,150.91807349788743,298804.4805131563,286.5614591380404,8938.502563622049,0.009999999776482582,98.00761413574219,0.5
3687,156.2416678106757,381492.09826673626,301.89560766521083,9314.945529203715,0.009999999776482582,88.09236907958984,0.5
3688,154.04834557870325,4.038108165893776e-07,648.7625392547802,9159.850930147488,0.009999999776482582,80.93678283691406,1.0
3689,146.27008161834746,252479.51888524473,483.87395233449195,8609.832919706769,0.009999999776482582,64.57099914550781,0.75
3690,151.8764246885564,200303.22951954126,601.5039079489234,9006.269666651955,0.009999999776482582,91.46382141113281,0.75
3691,146.1124689653507,0.0,inf,8598.687785231596,0.009999999776482582,69.80968475341797,1.0
3692,152.976758481919,102932.4441933743,913.4512878252575,9084.076669208129,0.009999999776482582,149.22996520996094,0.75
3693,135.66453318471673,1.556098869716352e-21,inf,7859.891457340735,0.009999999776482582,41.61785888671875,1.0
3694,150.57802980235306,184553.5008578188,586.8265507417242,8914.45733221386,0.009999999776482582,114.19189453125,0.5
3695,150.679418599501,250522.84447720347,371.3392554615148,8921.62675520754,0.009999999776482582,60.18827819824219,0.75
3696,153.61428596997396,16.413823415787625,498.2596126638398,9129.157628451536,0.009999999776482582,115.58255004882812,1.0
3697,145.69040417487037,4.323492760027898e-08,819.2383850772819,8568.8426632969,0.009999999776482582,62.82378387451172,1.0
3698,155.69277876239804,212291.5124858916,688.938264187011,9276.13238737347,0.009999999776482582,113.54426574707031,0.75
3699,153.24745252959346,0.0,inf,9103.218035751986,0.009999999776482582,120.03570556640625,1.0
3700,150.38828204819376,230227.677781384,592.7937837089884,8901.039854643002,0.009999999776482582,78.64506530761719,0.75
3701,146.27226441445808,186900.54804716134,613.7653804127001,8609.987269980826,0.009999999776482582,43.32996368408203,0.75
3702,151.67963388242126,0.18850537381315038,762.2745566216212,8992.354159513712,0.009999999776482582,57.26445770263672,1.0
3703,146.6607579729856,0.0,inf,8637.458496879195,0.009999999776482582,84.75187683105469,1.0
3704,139.41626255418993,0.0,inf,8125.184424258158,0.009999999776482582,15.783273696899414,1.0
3705,155.91459481728145,391807.8928037316,291.50458254253374,9291.817484435309,0.009999999776482582,72.39791870117188,0.5
3706,145.32497712743302,0.0,inf,8543.00251970996,0.009999999776482582,47.20839309692383,1.0
3707,151.2188207630513,327187.3229725667,704.375328439518,8959.769058726099,0.009999999776482582,77.14579772949219,0.75
3708,153.49460779653467,183102.78569331212,507.557247843943,9120.694923767847,0.009999999776482582,127.29288482666016,0.75
3709,162.6420693759878,434095.6919765896,476.4495265436972,9767.531884323193,0.009999999776482582,169.96249389648438,0.25
3710,151.8748415612544,179858.78524748332,624.3273984401163,9006.157720267343,0.009999999776482582,71.69374084472656,0.75
3711,155.64816818746297,312130.36796844995,560.5288874128514,9272.977876316058,0.009999999776482582,46.75799560546875,0.5
3712,151.83699573474877,8.494352738678633e-15,inf,9003.481559326521,0.009999999776482582,43.80830764770508,1.0
3713,154.23677193293372,230272.47043555882,494.1356755734619,9173.174968647167,0.009999999776482582,68.09309387207031,0.75
3714,149.71071898614593,2.5210712951178194e-09,731.360097548435,8853.127892637714,0.009999999776482582,38.403343200683594,1.0
3715,145.854481083437,269183.62886490027,452.1923271959228,8580.444899383132,0.009999999776482582,48.893760681152344,0.5
3716,149.3658443039172,273926.3229953736,596.7826118381491,8828.74105162311,0.009999999776482582,43.91197967529297,0.75
3717,146.2778028812589,0.0011278779406184549,766.4831267417201,8610.378907048713,0.009999999776482582,74.83106994628906,1.0
3718,150.1723685958509,206926.08739773318,360.72028219256276,8885.772143481452,0.009999999776482582,139.18197631835938,0.75
3719,153.6830140460122,1.750939824125555e-18,inf,9134.017540616594,0.009999999776482582,44.183372497558594,1.0
3720,153.04057373659197,0.0,inf,9088.589185058694,0.009999999776482582,126.37335968017578,1.0
3721,145.534465320955,2.372961282388678e-19,inf,8557.81588680563,0.009999999776482582,48.88229751586914,1.0
3722,154.17630230647575,4.791272572186676e-14,inf,9168.899029465105,0.009999999776482582,117.44732666015625,1.0
3723,153.07000633173692,200411.29047638908,691.2879386813323,9090.67042805922,0.009999999776482582,120.30142211914062,0.75
3724,158.1681545083412,253207.23697328474,650.0260504354072,9451.171605612417,0.009999999776482582,105.99447631835938,0.5
3725,150.01953198582288,0.001617393538378444,1019.6536617374761,8874.964733422014,0.009999999776482582,50.50605773925781,1.0
3726,156.90484474766936,337401.5334345047,555.4641810682709,9361.840216927676,0.009999999776482582,91.01588439941406,0.5
3727,149.0719554213424,1.5632477932500184e-16,inf,8807.95952771131,0.009999999776482582,79.41899108886719,1.0
3728,148.75154976077545,105312.66862406541,655.5353400814067,8785.302944589781,0.009999999776482582,51.341819763183594,0.75
3729,151.5178482381929,245837.57540768696,372.87962270046216,8980.9139437265,0.009999999776482582,100.90865325927734,0.75
3730,143.79669200384436,3.347277645371622e-12,inf,8434.93414515406,0.009999999776482582,38.101661682128906,1.0
3731,151.57854642574506,308221.6162675746,312.0275124796457,8985.206044962066,0.009999999776482582,95.97373962402344,0.75
3732,156.4386524763036,150390.47035350883,584.3933982423576,9328.874744569534,0.009999999776482582,92.21381378173828,0.75
3733,156.33485734084223,353544.22580674785,411.91109335011146,9321.535164145052,0.009999999776482582,59.48796081542969,0.5
3734,144.554540202677,2.4476634939594616e-06,796.0587854402373,8488.523244297841,0.009999999776482582,26.168289184570312,1.0
3735,155.53060004535584,187844.95865156062,345.2928024571106,9264.664376550229,0.009999999776482582,109.01415252685547,0.75
3736,149.67350588629893,0.0,inf,8850.496473179015,0.009999999776482582,47.091129302978516,1.0
3737,155.54309151922763,239773.13258063968,303.15232053732115,9265.547675913873,0.009999999776482582,129.9208984375,0.75
3738,147.93367060518577,0.0,inf,8727.46892555531,0.009999999776482582,42.529457092285156,1.0
3739,158.2496705345593,245419.28908659617,402.0725277069183,9456.935781627531,0.009999999776482582,181.52011108398438,0.75
3740,148.82762550410357,8.114617193538578e-08,1134.9625650727714,8790.682426335501,0.009999999776482582,60.66461181640625,1.0
3741,126.72416720587965,0.0,inf,7227.6986784180035,0.009999999776482582,10.812494277954102,1.0
3742,150.83367001441488,455392.4900506763,316.494058018812,8932.534209206406,0.009999999776482582,161.93768310546875,0.5
3743,152.08620608564672,0.0,inf,9021.103766811473,0.009999999776482582,64.24285888671875,1.0
3744,145.2383830206415,2.848086794390543e-16,inf,8536.879261541284,0.009999999776482582,49.949058532714844,1.0
3745,155.28082577499077,363510.57092131826,364.29170394620104,9247.002293089745,0.009999999776482582,112.57154846191406,0.75
3746,157.19476978941455,365600.66545913275,401.45923862251976,9382.34144900856,0.009999999776482582,77.04630279541016,0.5
3747,150.2968086316293,222334.6904607455,621.7561974445271,8894.571569837623,0.009999999776482582,53.576351165771484,0.75
3748,159.97900426616027,401833.4707992506,608.42597529493,9579.220741779449,0.009999999776482582,104.04544067382812,0.25
3749,160.58118723471415,330728.926290647,582.4495452009778,9621.802412956127,0.009999999776482582,102.2408676147461,0.5
3750,155.87771374650555,248486.4313940724,762.5196243457215,9289.209543476441,0.009999999776482582,90.08168029785156,0.75
3751,157.5137897403838,283821.39130601595,524.6712313448245,9404.90004558195,0.009999999776482582,101.88998413085938,0.25
3752,150.6965831390751,370934.48950071045,497.4570765021766,8922.840497239798,0.009999999776482582,67.59896087646484,0.75
3753,142.61758519004638,2.7319069827491095e-21,inf,8351.556930504663,0.009999999776482582,31.525760650634766,1.0
3754,147.21055774248003,0.0,inf,8676.336037793128,0.009999999776482582,67.47735595703125,1.0
3755,148.0788842085467,0.0,inf,8737.737296186158,0.009999999776482582,71.42662811279297,1.0
3756,147.75119576075178,244417.85972260332,462.9771767815892,8714.565731294662,0.009999999776482582,66.20584106445312,0.5
3757,141.75417331829235,0.0,inf,8290.503193795099,0.009999999776482582,33.4199333190918,1.0
3758,148.88128807855594,150355.53318664545,497.71701413155574,8794.477024022835,0.009999999776482582,93.84713745117188,0.75
3759,141.07456437266217,0.0,inf,8242.44656289926,0.009999999776482582,60.35123825073242,1.0
3760,157.30848658416608,343237.2452211351,322.05038637556896,9390.382611602387,0.009999999776482582,166.89736938476562,0.25
3761,149.2462899786891,0.0,inf,8820.287104516572,0.009999999776482582,63.69499206542969,1.0
3762,144.6996826184212,184109.52103972743,547.1826486944649,8498.78658109704,0.009999999776482582,65.10286712646484,0.75
3763,147.90364677867345,261395.4861316378,391.52261045410063,8725.345875295214,0.009999999776482582,101.62346649169922,0.25
3764,148.1931136076396,286990.20821297145,413.95423359859734,8745.814706151046,0.009999999776482582,59.3726921081543,0.75
3765,153.89634401925136,162915.40334371346,642.48656540311,9149.102568335686,0.009999999776482582,73.11661529541016,0.75
3766,151.9916917936447,154766.04295611614,359.93404103663386,9014.420455071204,0.009999999776482582,63.0955696105957,0.75
3767,157.72558883675586,350985.27302297385,495.6913302398316,9419.876821658649,0.009999999776482582,54.698455810546875,0.5
3768,155.2733903132913,336634.36028733896,856.4606145400944,9246.476515374885,0.009999999776482582,85.6300048828125,0.75
3769,148.79070591899037,1.1544262598612396e-19,inf,8788.07176194384,0.009999999776482582,61.10681915283203,1.0
3770,150.01694906163166,117756.92312922378,500.074564908801,8874.782089218628,0.009999999776482582,82.91452026367188,0.75
3771,146.7349819446612,3.086465693806894e-14,inf,8642.707035812316,0.009999999776482582,35.49706268310547,1.0
3772,152.70569825216973,388030.8498308224,704.2182459018856,9064.90940913105,0.009999999776482582,78.14534759521484,0.5
3773,142.0254196094988,0.0,inf,8309.683610683649,0.009999999776482582,54.772361755371094,1.0
3774,145.0398769726681,262718.2384986512,326.13421322917185,8522.842465911404,0.009999999776482582,96.13682556152344,0.5
3775,146.40180526386425,190172.87551460578,542.0178731682182,8619.147385994416,0.009999999776482582,36.258628845214844,0.75
3776,153.7194093401984,279653.04908911354,574.989328958599,9136.591131253235,0.009999999776482582,97.04264068603516,0.75
3777,158.3952248010666,265724.4586475138,454.05159456180326,9467.228241292509,0.009999999776482582,113.4451904296875,0.5
3778,154.27284400483083,4.394845397541306e-10,inf,9175.72570353074,0.009999999776482582,75.97688293457031,1.0
3779,158.4947289814836,512097.1708529717,647.4085746386207,9474.264398926454,0.009999999776482582,263.89154052734375,0.5
3780,149.55046943631046,1.0802266362874487e-16,inf,8841.796297435525,0.009999999776482582,31.227771759033203,1.0
3781,142.20962615598583,0.0,inf,8322.709257373623,0.009999999776482582,18.242938995361328,1.0
3782,152.47949321010145,241769.85398339457,338.111997486095,9048.913957212193,0.009999999776482582,81.70071411132812,0.5
3783,151.96537193859803,0.0,inf,9012.559320712478,0.009999999776482582,57.943519592285156,1.0
3784,153.85603379563173,199470.1939760724,714.4199862364068,9146.252144499635,0.009999999776482582,46.31626892089844,0.75
3785,142.46438785409015,2.9552311481565605e-09,889.3782405731517,8340.724012728031,0.009999999776482582,24.891176223754883,1.0
3786,147.04431848124662,1.1583788019770902e-20,inf,8664.580897033342,0.009999999776482582,39.87184143066406,1.0
3787,148.0436399612665,221264.43308409216,424.1494699431027,8735.245098586882,0.009999999776482582,99.59425354003906,0.5
3788,149.13414133964565,2.738007547693485e-06,383.83609053479,8812.356829633294,0.009999999776482582,53.21418762207031,1.0
3789,150.20187172644137,205572.82549785456,521.1002885736855,8887.858374197182,0.009999999776482582,90.17046356201172,0.5
3790,149.35569122764807,248372.94354121288,449.848151993319,8828.02310545442,0.009999999776482582,39.05290222167969,0.75
3791,145.33773702528475,2.9434982717939724e-11,inf,8543.904799918706,0.009999999776482582,26.162212371826172,1.0
3792,152.95726797400866,288339.64490200713,511.10214400498165,9082.698452881457,0.009999999776482582,77.2264633178711,0.5
3793,150.18304928246252,0.0,inf,8886.527398128273,0.009999999776482582,80.46333312988281,1.0
3794,142.50139962144786,1.19505406278037e-07,609.3538389443183,8343.341195527271,0.009999999776482582,36.808998107910156,1.0
3795,159.5123576067727,422719.5156400846,437.97174221484124,9546.223138653182,0.009999999776482582,124.665283203125,0.25
3796,154.47246147757963,318421.64217076555,574.7443895544117,9189.841090430707,0.009999999776482582,79.678466796875,0.5
3797,144.1247943486304,1.7783045676138907e-09,763.5626173091872,8458.134977604583,0.009999999776482582,27.94587516784668,1.0
3798,148.77991891548766,154513.43448727112,405.41823926639495,8787.308989397752,0.009999999776482582,110.61376190185547,0.75
3799,155.3516219436574,347739.0822129865,567.3235584621067,9252.008444595442,0.009999999776482582,64.39877319335938,0.5
3800,146.47278418661136,178889.94491992544,466.9115967233078,8624.166460439763,0.009999999776482582,66.85249328613281,0.75
3801,143.97403335564735,165493.82842715905,677.1542148240783,8447.474338953692,0.009999999776482582,44.784454345703125,0.75
3802,154.41427993508202,184302.27416804215,418.81210627676893,9185.72694665621,0.009999999776482582,89.94499969482422,0.75
3803,145.8268628337097,4.628220085239007e-06,888.9862823678558,8578.491952704506,0.009999999776482582,32.550106048583984,1.0
3804,150.85055235198,144734.05269447813,564.6606326374217,8933.727996119074,0.009999999776482582,124.42704772949219,0.75
3805,148.71565702828747,235704.99709640388,941.4691443756716,8782.764891186998,0.009999999776482582,40.02068328857422,0.75
3806,151.29836317766657,246170.85368533852,383.22890280600706,8965.393676359974,0.009999999776482582,47.32786178588867,0.5
3807,149.9211469162461,0.8108392231561597,563.9036730331892,8868.007710556565,0.009999999776482582,77.40489196777344,1.0
3808,158.21496678469939,327214.76774253737,421.1639986742586,9454.481803779767,0.009999999776482582,190.98455810546875,0.5
3809,156.59525905377595,296145.8556314872,561.2779056419005,9339.948737249944,0.009999999776482582,118.35857391357422,0.5
3810,157.62024343636133,281187.5240244224,560.1365454425763,9412.427618619333,0.009999999776482582,61.58140182495117,0.5
3811,154.58654883434392,374164.74009570107,606.3727638893057,9197.90845627272,0.009999999776482582,100.16484069824219,0.25
3812,150.17161537174164,198104.63624665557,607.9912491572674,8885.718881361769,0.009999999776482582,59.78542709350586,0.75
3813,145.75111961057405,5.1590951150106046e-21,inf,8573.13598418688,0.009999999776482582,26.147716522216797,1.0
3814,156.8811875053954,288597.98609423195,414.7411149960575,9360.167361725747,0.009999999776482582,107.73454284667969,0.0
3815,148.18916963097632,0.00010098614296585825,931.6607167445858,8745.535818958659,0.009999999776482582,41.5723991394043,1.0
3816,159.88374778013588,386941.783815579,467.98163904193825,9572.484947880996,0.009999999776482582,121.52954864501953,0.25
3817,153.52083508684822,250530.81170882707,440.56336017815823,9122.549512672394,0.009999999776482582,64.1388168334961,0.75
3818,154.9137628675427,188540.3072810021,377.5672647866385,9221.046474273338,0.009999999776482582,67.612060546875,0.75
3819,152.37220990205913,0.0,inf,9041.327720496174,0.009999999776482582,75.90855407714844,1.0
3820,154.34529090756308,304421.99960008526,502.3065713616398,9180.848582042767,0.009999999776482582,62.885128021240234,0.75
3821,152.85806210837362,295530.20746105956,395.90364514496645,9075.683389736423,0.009999999776482582,91.72969818115234,0.5
3822,156.64805184810973,282239.66415954445,521.3608107555324,9343.681830887941,0.009999999776482582,75.97171020507812,0.5
3823,151.06087772222722,292488.79910254787,560.3010790556505,8948.60056180702,0.009999999776482582,63.1141357421875,0.5
3824,149.7832861860815,259381.54239435168,470.8811119064056,8858.25927762738,0.009999999776482582,76.99703979492188,0.5
3825,158.07346407331008,384573.1150253264,549.4118862035865,9444.47583841436,0.009999999776482582,65.11485290527344,0.5
3826,146.12003108387802,300572.51307679503,505.3310223480678,8599.222519127015,0.009999999776482582,28.2113037109375,0.75
3827,149.57076431887617,200076.82848464436,512.0708215737438,8843.231392848566,0.009999999776482582,68.20616149902344,0.75
3828,147.4144390824544,8.564035718960021e-09,683.5791323217189,8690.752932044883,0.009999999776482582,51.56639862060547,1.0
3829,156.1435092555419,177859.08318448553,800.5079045540565,9308.004523668596,0.009999999776482582,115.94522094726562,0.75
3830,160.28173256554328,405723.72646675084,448.91442226986334,9600.627320134128,0.009999999776482582,99.59577941894531,0.25
3831,147.30413845934095,1.870329625542424e-14,inf,8682.953334398873,0.009999999776482582,22.01935577392578,1.0
3832,143.3111608370313,5.617654949306358e-18,inf,8400.601177317203,0.009999999776482582,61.8521728515625,1.0
3833,146.11248766516982,83572.94713784444,450.47008006173513,8598.689107536593,0.009999999776482582,137.66168212890625,0.75
3834,136.2531666728906,0.0,inf,7901.51501520587,0.009999999776482582,74.31820678710938,1.0
3835,149.86917763123276,291014.5475157077,366.3879918230372,8864.33284905884,0.009999999776482582,222.0663299560547,0.5
3836,150.17925039455088,168848.4533350765,578.736862687871,8886.258770477978,0.009999999776482582,100.97531127929688,0.75
3837,156.69129051854887,167362.13867122747,674.6240404013178,9346.739331586074,0.009999999776482582,98.93948364257812,0.75
3838,152.84527413203597,399355.2457233262,424.93715787939857,9074.779124036693,0.009999999776482582,99.36763000488281,0.5
3839,152.17017172794263,373886.4620614546,558.7629993378608,9027.041160522509,0.009999999776482582,138.75396728515625,0.5
3840,139.8330904234268,3.2749868688914063e-21,inf,8154.659232069054,0.009999999776482582,8.152587890625,1.0
3841,151.0321714900782,2.2063539764146783e-13,inf,8946.570681518268,0.009999999776482582,61.12646484375,1.0
3842,153.23543499439646,319564.82634535455,463.34223293778547,9102.368249625782,0.009999999776482582,71.0642318725586,0.5
3843,146.96536788601594,0.0,inf,8658.998128239018,0.009999999776482582,32.32697677612305,1.0
3844,150.42422281590382,0.0011321228296499973,659.6317548108831,8903.581304721112,0.009999999776482582,111.7664566040039,1.0
3845,147.65484127603875,268731.2579424611,359.6801597690234,8707.752295514003,0.009999999776482582,66.30611419677734,0.75
3846,141.59384358675965,137.95994451120623,608.7403553208371,8279.16592877021,0.009999999776482582,66.8802261352539,1.0
3847,143.70173243670928,140151.99662136027,377.8543093270413,8428.219347037906,0.009999999776482582,32.567588806152344,0.75
3848,151.7377069637937,175359.02073826917,366.08506767285803,8996.460633765477,0.009999999776482582,56.47471237182617,0.75
3849,154.17159133812353,213820.70626304607,671.0260940383498,9168.565906617443,0.009999999776482582,69.33705139160156,0.75
3850,145.47416134858216,0.32225829917626936,568.609168610657,8553.551661385249,0.009999999776482582,35.988990783691406,1.0
3851,153.3823997559233,333932.30173265754,361.2325176592171,9112.760448470137,0.009999999776482582,83.97127532958984,0.5
3852,157.93939745253456,380432.1725633048,486.12810742039346,9434.995695235717,0.009999999776482582,142.3302001953125,0.0
3853,150.9312371417732,35.74358058923159,715.7754551461676,8939.433393593506,0.009999999776482582,51.134639739990234,1.0
3854,156.10114027519583,281494.33219492855,591.990083533881,9305.008520653899,0.009999999776482582,91.34651184082031,0.5
3855,159.74330799133122,292631.7245824465,485.19542811162495,9562.554144089976,0.009999999776482582,108.02062225341797,0.75
3856,155.32139689332365,300615.7877507346,527.2504157182863,9249.871165360028,0.009999999776482582,78.10458374023438,0.75
3857,155.02035918349318,225930.4082526041,446.77355492977426,9228.58413228009,0.009999999776482582,61.972381591796875,0.75
3858,142.9696338905569,0.0,inf,8376.451061999807,0.009999999776482582,43.937007904052734,1.0
3859,152.93921724173023,342933.2210497197,417.91568526386675,9081.42204623013,0.009999999776482582,83.44375610351562,0.5
3860,151.10841115455403,161180.50323033138,536.6135926347629,8951.961754485885,0.009999999776482582,80.75355529785156,0.75
3861,154.87438207015072,259236.16856669539,418.213333910647,9218.261772193093,0.009999999776482582,102.59730529785156,0.75
3862,144.66323154007063,151277.0315809214,756.2609595338091,8496.20904584046,0.009999999776482582,66.92280578613281,0.75
3863,155.056324781641,282458.67476966337,420.2160104136758,9231.127338172611,0.009999999776482582,130.77325439453125,0.5
3864,154.62386224462261,372587.5126705399,486.5290063707013,9200.54696890084,0.009999999776482582,72.44293212890625,0.5
3865,157.08414003365738,137216.545308836,414.6538429176516,9374.518577675415,0.009999999776482582,64.9708251953125,0.75
3866,158.6320840021806,360170.91708794027,418.14187367404287,9483.977072036141,0.009999999776482582,113.32139587402344,0.5
3867,153.2429194860506,209841.19992866364,710.6234816071988,9102.89749435568,0.009999999776482582,47.3578987121582,0.75
3868,142.49936600092343,0.0,inf,8343.197393784294,0.009999999776482582,56.41116714477539,1.0
3869,150.47507200656074,332185.7588664634,517.5491122040062,8907.176961903766,0.009999999776482582,77.68386840820312,0.5
3870,145.89276816673387,3.743392066509216e-23,inf,8583.152262554126,0.009999999776482582,25.382211685180664,1.0
3871,149.22709837243576,207477.10137803928,478.8580948483685,8818.930024178026,0.009999999776482582,47.33737564086914,0.75
3872,143.11806004119407,0.0,inf,8386.946598855706,0.009999999776482582,51.947689056396484,1.0
3873,145.53040213703454,94943.38704702069,545.8935249041971,8557.528570208075,0.009999999776482582,67.18229675292969,0.75
3874,150.87346966811995,0.0,inf,8935.34852953015,0.009999999776482582,59.05726623535156,1.0
3875,159.28627338836705,585623.7344212668,430.4590732518456,9530.236230439046,0.009999999776482582,183.26641845703125,0.25
3876,154.49749992640972,191531.19990937194,619.4495639519504,9191.61161376088,0.009999999776482582,70.85395812988281,0.75
3877,150.7804071906851,190689.50482654452,670.525697628572,8928.767878764596,0.009999999776482582,46.3303108215332,0.75
3878,147.5822302647657,6.477824565923501,510.46927910893,8702.617812529104,0.009999999776482582,29.935020446777344,1.0
3879,152.41869857974302,239218.80837883716,432.73466774123574,9044.615036295436,0.009999999776482582,88.56431579589844,0.75
3880,148.38566885065688,0.0,inf,8759.430707382697,0.009999999776482582,65.81915283203125,1.0
3881,154.55272311067307,335719.7324845022,442.49680505015505,9195.51656557192,0.009999999776482582,94.33883666992188,0.5
3882,156.59861506645032,241825.37309133497,528.6381411046101,9340.18604822622,0.009999999776482582,92.26631164550781,0.75
3883,156.843739003578,331844.8826072838,508.9535589806936,9357.51929648027,0.009999999776482582,60.592811584472656,0.5
3884,157.7557199834605,215648.1679231732,908.4032792330352,9422.007460763627,0.009999999776482582,156.25421142578125,0.75
3885,151.42445316861506,164285.38892364228,444.2092159971578,8974.309774645073,0.009999999776482582,42.25878143310547,0.75
3886,155.916486537482,442826.0641792575,495.12856555433666,9291.951252096873,0.009999999776482582,84.23251342773438,0.5
3887,143.71759387582097,1.4487530304960436e-11,inf,8429.340943994168,0.009999999776482582,35.70927047729492,1.0
3888,154.1301789044014,378189.9336949542,425.54326172601674,9165.637543100924,0.009999999776482582,134.1849822998047,0.75
3889,152.5295582517073,273670.5917986027,455.3685331584559,9052.454165505074,0.009999999776482582,92.0291748046875,0.75
3890,150.03996699665635,331641.9815107496,500.72662925116384,8876.409737610513,0.009999999776482582,74.36591339111328,0.5
3891,147.8823364143743,116708.56494453624,317.0837720401314,8723.838972953852,0.009999999776482582,89.00770568847656,0.75
3892,152.1119457574271,305897.00723163935,458.881187743147,9022.923875145956,0.009999999776482582,89.27894592285156,0.75
3893,155.29617211616213,228438.51315641787,584.6132353524308,9248.087466347124,0.009999999776482582,74.75003814697266,0.75
3894,144.14239668917736,2.182722728272912e-16,inf,8459.379677498555,0.009999999776482582,47.94281768798828,1.0
3895,152.66811163744578,280540.4627436112,539.2352080387263,9062.251577620698,0.009999999776482582,182.89297485351562,0.5
3896,145.3746981433152,196683.4716470654,807.8682192176809,8546.518401193538,0.009999999776482582,75.6719970703125,0.75
3897,150.43862888782695,180965.5271002499,588.6181230368502,8904.599989489052,0.009999999776482582,171.15655517578125,0.75
3898,152.4371859088585,183388.05029323333,522.0739160980017,9045.92231566141,0.009999999776482582,114.05682373046875,0.75
3899,158.19575926863473,141423.87325979542,674.7734482011571,9453.123598423761,0.009999999776482582,49.058387756347656,0.75
3900,151.5595721766252,6.476725976437429e-07,643.2026211566847,8983.864334420525,0.009999999776482582,52.974998474121094,1.0
3901,146.97690089223363,1.8535952965934122e-20,inf,8659.813652264249,0.009999999776482582,58.82666778564453,1.0
3902,149.6221796150782,175949.5247276559,442.24437525638405,8846.867080589094,0.009999999776482582,56.49535369873047,0.75
3903,152.4452130820715,339734.17743827007,438.3183148668682,9046.48993458802,0.009999999776482582,89.82344055175781,0.5
3904,157.57852153132433,400578.1361519874,279.72234352845044,9409.477371711126,0.009999999776482582,79.62318420410156,0.5
3905,148.90870573054292,253287.51544722766,436.34768537433445,8796.415785997702,0.009999999776482582,39.785064697265625,0.5
3906,150.53381020869477,191237.41911202107,467.4675390719284,8911.330468295333,0.009999999776482582,62.52711868286133,0.75
3907,147.31505522617883,0.0,inf,8683.725282793428,0.009999999776482582,35.19325637817383,1.0
3908,147.1994545611287,257531.9302611738,447.8609949535936,8675.550907621722,0.009999999776482582,39.93873977661133,0.75
3909,149.88176570921485,186105.29981604285,365.4296216524864,8865.222979509832,0.009999999776482582,76.99398803710938,0.75
3910,152.59864573971439,294605.843572038,501.871172458306,9057.339492474395,0.009999999776482582,87.7317886352539,0.25
3911,153.12176969585263,288954.53679137834,362.6052977849331,9094.330728441124,0.009999999776482582,54.58612823486328,0.75
3912,152.66407601825108,391293.08805328206,324.43172835983177,9061.966210185024,0.009999999776482582,146.57373046875,0.75
3913,143.52309035236956,58607.47313849033,649.3092277825842,8415.587175603468,0.009999999776482582,44.76434326171875,0.75
3914,151.36476439907815,194589.3463321971,490.88605072048995,8970.089051559089,0.009999999776482582,84.6875,0.75
3915,141.44377501673222,0.0,inf,8268.55425285681,0.009999999776482582,33.61823272705078,1.0
3916,135.75992744283698,0.0,inf,7866.636993404591,0.009999999776482582,44.74127197265625,1.0
3917,150.20127108298945,208589.23104075316,496.6255023092701,8887.815901388585,0.009999999776482582,75.90220642089844,0.5
3918,141.92168176191194,0.0,inf,8302.348081209726,0.009999999776482582,31.897111892700195,1.0
3919,142.72128563272466,265025.968664226,610.6556047074715,8358.889814995911,0.009999999776482582,64.66716766357422,0.75
3920,135.9328575963906,0.0,inf,7878.865261754385,0.009999999776482582,44.17816162109375,1.0
3921,149.49276498683514,0.0,inf,8837.715889949259,0.009999999776482582,185.15383911132812,1.0
3922,148.3573944618484,154433.60413519788,705.3731810730158,8757.43136367848,0.009999999776482582,49.28120803833008,0.75
3923,153.9610319779454,6.342471633644357,645.6979634279211,9153.676794991106,0.009999999776482582,82.77027893066406,1.0
3924,152.20905694268282,321422.50284332,637.9846420871238,9029.79081887249,0.009999999776482582,54.55552673339844,0.5
3925,155.97345299146943,231685.8121837019,411.39683838486513,9295.97947431249,0.009999999776482582,92.2921142578125,0.5
3926,150.13120959047018,4.9729334001738116e-11,inf,8882.86170043573,0.009999999776482582,14.79290771484375,1.0
3927,131.11738131366238,191896.0761041622,892.9930119628959,7538.352430375815,0.009999999776482582,58.629547119140625,0.75
3928,137.87259371085182,174700.39931058386,357.58432731049913,8016.028233324094,0.009999999776482582,56.284515380859375,0.75
3929,134.9538420048303,234368.36808930282,394.5025943102267,7809.636933864648,0.009999999776482582,40.14276123046875,0.75
3930,152.2035123904144,146176.12646985988,387.2469669192506,9029.398751487915,0.009999999776482582,63.04887771606445,0.75
3931,143.1772417084489,101060.86480263836,384.4400248445718,8391.131463633243,0.009999999776482582,28.402198791503906,0.75
3932,149.7238943991333,224219.28362154396,546.8837284704368,8854.059554828014,0.009999999776482582,98.95275115966797,0.75
3933,145.5671796705735,2.088262583328507e-21,inf,8560.129189823083,0.009999999776482582,72.20082092285156,1.0
3934,142.79822878660744,290900.9789424788,771.8935788200979,8364.33063323393,0.009999999776482582,47.52968978881836,0.75
3935,155.2413127207033,199062.3356053112,929.4841061135784,9244.208238835941,0.009999999776482582,58.81101989746094,0.75
3936,155.44831577215623,326379.50965618837,477.5879671753871,9258.845876115367,0.009999999776482582,93.24159240722656,0.75
3937,150.92798080123092,137895.44783879383,547.0105730406308,8939.20313065109,0.009999999776482582,62.802406311035156,0.75
3938,156.32614281201705,157817.26083846946,451.7069469215888,9320.918940803856,0.009999999776482582,89.24850463867188,0.75
3939,156.66437233536737,341.51213427982174,343.5555020373597,9344.83588813987,0.009999999776482582,176.75538635253906,1.0
3940,154.8506565312875,270162.2899412899,651.7146287960469,9216.584087590374,0.009999999776482582,90.35829162597656,0.75
3941,141.8456647129762,76244.98318560852,619.412483468772,8296.972749872515,0.009999999776482582,61.60670471191406,0.75
3942,152.60991106108096,267338.69181405834,325.2701098338456,9058.136087919933,0.009999999776482582,154.3791046142578,0.5
3943,148.5406883093389,0.0,inf,8770.392471431645,0.009999999776482582,75.21708679199219,1.0
3944,152.0839797221343,89575.42738156715,637.1711941119443,9020.94633579141,0.009999999776482582,39.806888580322266,0.75
3945,143.67799813942645,118422.39456084881,643.8741507142499,8426.541043108231,0.009999999776482582,76.03303527832031,0.75
3946,155.75522681293933,226939.12529483755,576.5253437830822,9280.548225237764,0.009999999776482582,105.64572143554688,0.5
3947,158.4777124074994,202698.67933531836,626.0385025598924,9473.061119863798,0.009999999776482582,97.59324645996094,0.5
3948,145.2480295970113,318010.99566360493,546.119423698217,8537.561391997326,0.009999999776482582,54.969905853271484,0.5
3949,156.42482592228706,501358.2319330165,531.5950849364028,9327.897038776804,0.009999999776482582,99.39306640625,0.25
3950,154.4769407397064,232705.62083026266,457.1241791362114,9190.157828825775,0.009999999776482582,77.56694030761719,0.75
3951,157.31804201641876,427970.3259198214,546.0729370531548,9391.058297059104,0.009999999776482582,99.02336120605469,0.25
3952,152.2772917942508,1.7161398875212983,917.6244618832168,9034.615854059444,0.009999999776482582,63.145660400390625,1.0
3953,149.88176361822516,255223.6980705264,462.364922574102,8865.22283165139,0.009999999776482582,27.460742950439453,0.75
3954,146.81261600312789,0.0,inf,8648.196709420452,0.009999999776482582,48.29132843017578,1.0
3955,123.6511547107977,0.0,inf,7010.399262093345,0.009999999776482582,3.7567148208618164,1.0
3956,134.89841816648456,0.0,inf,7805.71779336578,0.009999999776482582,74.13246154785156,1.0
3957,153.2062122179812,253790.46858718895,347.4701462011736,9100.301843365287,0.009999999776482582,170.97525024414062,0.5
3958,146.9527430901034,2.308901805838844e-13,inf,8658.105401383076,0.009999999776482582,45.926429748535156,1.0
3959,155.50620334677131,376356.3953865155,461.8826826925257,9262.939232779694,0.009999999776482582,98.5269546508789,0.25
3960,153.28342115942993,0.0,inf,9105.761456021826,0.009999999776482582,68.89540100097656,1.0
3961,150.02099089615768,175160.03749365598,577.6796413859665,8875.067896153936,0.009999999776482582,57.88922882080078,0.75
3962,152.38623052742128,262042.82840809217,457.64347500267775,9042.319149497058,0.009999999776482582,97.86512756347656,0.5
3963,154.55544054944812,4.569392291123385e-22,inf,9195.708721594929,0.009999999776482582,57.871063232421875,1.0
3964,148.609362397982,364611.30982116127,562.2486665520087,8775.24856603024,0.009999999776482582,69.32572937011719,0.75
3965,146.43631128633794,0.0,inf,8621.58738210742,0.009999999776482582,34.87577819824219,1.0
3966,156.4044336996646,354136.2744783783,486.7661878071646,9326.455060236034,0.009999999776482582,157.71170043945312,0.25
3967,155.3864205199632,250438.0455561653,322.5912515573006,9254.46912782803,0.009999999776482582,72.7986831665039,0.75
3968,146.67222708065194,1.3449811917116822e-19,inf,8638.269502498486,0.009999999776482582,65.86203002929688,1.0
3969,140.2864166620378,0.9109544670533255,378.52166457850046,8186.714919187956,0.009999999776482582,34.947784423828125,1.0
3970,157.48157502137923,266572.7482429976,556.9044046343984,9402.622072534994,0.009999999776482582,110.96041870117188,0.25
3971,155.6971015113417,375295.61968524934,362.76481704709397,9276.438058379976,0.009999999776482582,88.79353332519531,0.5
3972,154.34802558848364,340004.7045099911,447.9298072135086,9181.041957295494,0.009999999776482582,75.6568374633789,0.5
3973,152.74467874176958,0.0,inf,9067.665804574171,0.009999999776482582,72.12454223632812,1.0
3974,147.88742903507077,7.502180800075181e-05,415.52580349459856,8724.199083271229,0.009999999776482582,50.59492111206055,1.0
3975,147.54036527568024,0.0,inf,8699.65744783574,0.009999999776482582,88.02180480957031,1.0
3976,146.8050382316703,287539.8943908657,405.04695015923204,8647.660868672192,0.009999999776482582,85.59658813476562,0.5
3977,155.4618140769648,333684.23212686647,367.87479949262985,9259.80037069063,0.009999999776482582,139.29156494140625,0.75
3978,147.67462065076305,129071.46736438379,557.942050614271,8709.15093824316,0.009999999776482582,82.06938171386719,0.75
3979,152.70378965910186,309607.5105013596,329.9920113468015,9064.774448352233,0.009999999776482582,100.26777648925781,0.75
3980,153.83194265360385,0.00022881129218071627,577.9269579712703,9144.548607299694,0.009999999776482582,57.17687225341797,1.0
3981,149.9986819908729,279806.76845270506,286.81724786978117,8873.490384801484,0.009999999776482582,101.89842987060547,0.75
3982,140.6371715194966,7.5524951792030445e-06,597.1711551524513,8211.517560218806,0.009999999776482582,24.06262969970703,1.0
3983,155.95677101146984,246937.86930213336,444.1047318362988,9294.799855120295,0.009999999776482582,251.88626098632812,0.5
3984,153.27422608936297,5.048230346070091e-17,inf,9105.111252561277,0.009999999776482582,98.06739044189453,1.0
3985,155.70908510827797,292049.9300148275,348.8335764865581,9277.285444657737,0.009999999776482582,131.6046142578125,0.75
3986,143.40126389035615,0.1748281030951529,727.7207170305677,8406.972560748898,0.009999999776482582,95.74485778808594,1.0
3987,146.99898101330203,262731.2859794211,556.1258948475614,8661.374985785744,0.009999999776482582,72.84095001220703,0.5
3988,152.952614725228,216050.9528150501,529.3930200625086,9082.369411510595,0.009999999776482582,72.37910461425781,0.75
3989,158.03149275999638,336783.40932674217,479.76417649637835,9441.507955302905,0.009999999776482582,134.7659912109375,0.25
3990,153.47499577127226,1.5441768752959197e-14,inf,9119.30811468416,0.009999999776482582,78.29462432861328,1.0
3991,153.14665463287497,314893.29673106025,461.51225303667644,9096.090396616533,0.009999999776482582,81.74444580078125,0.25
3992,151.92448810675077,402543.86772989837,438.81718582759095,9009.668335787508,0.009999999776482582,61.804168701171875,0.5
3993,160.06802464088796,417235.01581597026,458.5644624298154,9585.51556664602,0.009999999776482582,99.5728759765625,0.25
3994,159.63139232033075,203839.90629467784,449.1031910668122,9554.640342885163,0.009999999776482582,80.0943603515625,0.75
3995,142.65227922092203,2.650812082132055e-15,inf,8354.010221101851,0.009999999776482582,36.11799240112305,1.0
3996,141.5566948885674,0.0,inf,8276.539063292988,0.009999999776482582,108.5244140625,1.0
3997,145.59728610036456,1.3136957843795979e-16,inf,8562.25808114119,0.009999999776482582,151.00332641601562,1.0
3998,147.397577018893,0.0,inf,8689.560578751238,0.009999999776482582,70.29244995117188,1.0
3999,157.37714525416493,297783.57759530464,427.18372944531706,9395.237615915014,0.009999999776482582,146.86985778808594,0.25
4000,151.9694418227592,229112.60070296895,396.11526513892056,9012.847111098668,0.009999999776482582,67.19837951660156,0.75
4001,154.15238695700114,409709.3294789772,380.47560400227877,9167.20792294004,0.009999999776482582,166.61761474609375,0.25
4002,156.6842976361948,386501.030488685,457.2430361934858,9346.244849622071,0.009999999776482582,110.48358154296875,0.5
4003,151.9322837583827,145293.54554287394,375.13911315694344,9010.219583318132,0.009999999776482582,79.47090148925781,0.75
4004,156.44351445644725,287497.38653211563,486.84349081511465,9329.218545790352,0.009999999776482582,163.63409423828125,0.0
4005,156.30098018424317,271011.10958202725,507.2850496239985,9319.139636509712,0.009999999776482582,125.86750793457031,0.5
4006,153.0690446718484,238318.41971216068,933.6854150621893,9090.602426990947,0.009999999776482582,74.24254608154297,0.75
4007,149.21095721442768,8.068644081634988e-16,inf,8817.788647688481,0.009999999776482582,47.317344665527344,1.0
4008,150.96226955332108,211183.2273443579,368.3895410393202,8941.627763101373,0.009999999776482582,127.67847442626953,0.75
4009,148.22361946511793,0.0,inf,8747.971841872146,0.009999999776482582,27.506189346313477,1.0
4010,152.9568249614139,296378.673977368,410.7250888219056,9082.66712649459,0.009999999776482582,117.13327026367188,0.75
4011,152.63466980596803,329360.8566152612,468.3292755294825,9059.88683277421,0.009999999776482582,104.90022277832031,0.5
4012,149.4854005140645,220395.05646957055,460.4949796948822,8837.195132016397,0.009999999776482582,63.390235900878906,0.75
4013,150.7855970161257,247617.1903055212,381.65608553759716,8929.134862641451,0.009999999776482582,105.3125991821289,0.75
4014,151.77892638939792,191105.05562225808,571.3063983100717,8999.375349256992,0.009999999776482582,138.508544921875,0.75
4015,151.62243484440572,5.182983788602828e-18,inf,8988.309490774162,0.009999999776482582,59.25782775878906,1.0
4016,136.803866372349,0.0,inf,7940.456192130466,0.009999999776482582,16.239612579345703,1.0
4017,140.96547930269202,0.0,inf,8234.732919667356,0.009999999776482582,85.35169982910156,1.0
4018,146.20332410610675,215501.8989647759,406.10059482938425,8605.11235040599,0.009999999776482582,95.9248046875,0.75
4019,135.8812819207008,241786.44228219424,487.3321211855756,7875.218233230459,0.009999999776482582,49.3578987121582,0.75
4020,150.4624864361947,206121.54862579706,728.8815822828045,8906.287008771773,0.009999999776482582,99.0490493774414,0.75
4021,152.42769241376422,318905.4455514223,562.6493824777976,9045.251009916257,0.009999999776482582,134.43634033203125,0.75
4022,154.8517052509444,232469.87425371457,688.7504435123519,9216.65824484476,0.009999999776482582,127.93584442138672,0.75
4023,144.8269331501619,426844.6183687586,522.8173851107643,8507.784743752905,0.009999999776482582,117.35565948486328,0.75
4024,150.5072564865998,190005.4294359547,426.7335201169125,8909.452796687514,0.009999999776482582,55.36470413208008,0.75
4025,153.887076276627,234198.17771610265,610.9723740759908,9148.447226040089,0.009999999776482582,73.07196044921875,0.5
4026,154.56816294006686,303946.1415488384,584.0102223926522,9196.60834958542,0.009999999776482582,75.30744934082031,0.5
4027,145.46648243940672,96930.68098000943,515.0828539030808,8553.008668968361,0.009999999776482582,76.80572509765625,0.75
4028,147.73853413069588,236358.2997669042,530.7708733228764,8713.6703998161,0.009999999776482582,105.62329864501953,0.75
4029,147.21403242166954,190390.30721660217,388.2100559969194,8676.581739937523,0.009999999776482582,43.86863708496094,0.75
4030,154.53364645061143,205844.31283884982,634.8514075029043,9194.167613329306,0.009999999776482582,140.08163452148438,0.5
4031,152.19013612567275,0.09559721779839506,577.8437919270882,9028.452886631976,0.009999999776482582,68.53838348388672,1.0
4032,151.88963976029285,1.3672352677726118e-21,inf,9007.204133198908,0.009999999776482582,83.30707550048828,1.0
4033,155.8556744955072,1.8608268986578002e-08,690.4959441795402,9287.651099966746,0.009999999776482582,75.20591735839844,1.0
4034,153.16679464489832,3.930370775951866,620.5777755695927,9097.51454079572,0.009999999776482582,28.01250457763672,1.0
4035,142.89818052377527,8.632783077512064e-18,inf,8371.39843858193,0.009999999776482582,50.81829833984375,1.0
4036,149.91941171026886,314835.1228915853,344.22130821187903,8867.885010357117,0.009999999776482582,61.7264518737793,0.75
4037,148.879709779435,0.0,inf,8794.365419049434,0.009999999776482582,88.57559204101562,1.0
4038,157.17608548956485,308872.24140143336,374.7457109252768,9381.020241412341,0.009999999776482582,197.259521484375,0.5
4039,147.06231097700856,0.0,inf,8665.853185653566,0.009999999776482582,44.64464569091797,1.0
4040,150.29619854188786,6.3591406382376144e-21,inf,8894.52842906129,0.009999999776482582,49.1601448059082,1.0
4041,160.4479796163826,293325.6659827386,416.1068653341475,9612.383011713937,0.009999999776482582,150.81365966796875,0.25
4042,152.55259789974508,6.1788315108263506e-12,inf,9054.083349271477,0.009999999776482582,88.1055679321289,1.0
4043,147.17827374643792,220818.27379320704,478.72954399029163,8674.05316601574,0.009999999776482582,52.25556564331055,0.75
4044,151.15034645733638,131536.73500821742,540.5635399987666,8954.927091214122,0.009999999776482582,86.44589233398438,0.75
4045,153.80261014681705,310702.0046906886,532.5454464194422,9142.474441765284,0.009999999776482582,104.76689147949219,0.5
4046,153.09649869090768,217409.8854955751,616.7418018116288,9092.543760560824,0.009999999776482582,49.11768341064453,0.75
4047,153.80731261402207,0.0006832565472611533,1047.927236441373,9142.806963478284,0.009999999776482582,66.29423522949219,1.0
4048,150.7958977196951,0.0,inf,8929.863247858546,0.009999999776482582,75.52957916259766,1.0
4049,157.75751650052376,269689.82410175726,747.6481205129683,9422.1344964037,0.009999999776482582,90.15357971191406,0.25
4050,147.11755988982605,0.0,inf,8669.759956786787,0.009999999776482582,38.784019470214844,1.0
4051,149.3103738364354,288003.1493761658,447.3539304821407,8824.818613876325,0.009999999776482582,117.88507080078125,0.5
4052,153.11425621488613,173283.6123430967,440.0977718902021,9093.799433813718,0.009999999776482582,91.15904235839844,0.75
4053,146.88887519390704,3.834945985780869e-20,inf,8653.589163135568,0.009999999776482582,43.133636474609375,1.0
4054,154.50863419946123,227227.1256076291,500.66209204951866,9192.398942494221,0.009999999776482582,147.0655975341797,0.5
4055,148.6813347393328,2.438078028438066e-13,inf,8780.33788727188,0.009999999776482582,45.431419372558594,1.0
4056,143.11872936988115,293585.05947748834,325.100169640966,8386.993928547097,0.009999999776482582,48.90728759765625,0.75
4057,152.28407483971245,96461.16593351465,640.3072577527978,9035.09549799909,0.009999999776482582,99.66305541992188,0.75
4058,149.8030552455104,231007.54909759804,646.1900729499214,8859.657190939499,0.009999999776482582,70.59169006347656,0.75
4059,150.55989053126802,4.717710919203978e-20,inf,8913.1746647904,0.009999999776482582,57.172691345214844,1.0
4060,151.92499118690031,82368.40227026603,601.8559950329078,9009.703909682192,0.009999999776482582,66.3515625,0.75
4061,159.17887533942542,461366.05858116003,396.3917863933334,9522.641880143767,0.009999999776482582,100.72648620605469,0.25
4062,154.31195507517285,196656.15759124528,610.9411282569571,9178.491332622958,0.009999999776482582,83.11383056640625,0.5
4063,147.13481960407296,1.2755557312636965e-05,794.4061524324694,8670.980428827752,0.009999999776482582,43.3340950012207,1.0
4064,152.30239414817981,185257.59275780374,426.9575669212408,9036.39089625855,0.009999999776482582,91.89397430419922,0.75
4065,150.63821518411453,304874.6681276148,499.6418469294138,8918.713171833444,0.009999999776482582,85.71636962890625,0.5
4066,149.35456065074825,212860.8331923473,404.2372064587853,8827.94315989584,0.009999999776482582,45.27696228027344,0.75
4067,149.1843307184052,209785.63935869455,464.4410003976681,8815.905830077516,0.009999999776482582,104.69407653808594,0.75
4068,148.2238393573741,361.5784238816622,697.088512823563,8747.987390933204,0.009999999776482582,48.26314163208008,1.0
4069,156.5059210903352,378461.30183309264,440.00665023431725,9333.631454992752,0.009999999776482582,122.32527923583984,0.25
4070,157.53286687244045,364308.69414155843,447.2291117002983,9406.24903120036,0.009999999776482582,113.52334594726562,0.5
4071,158.2745134477212,330938.03057848074,368.61363577272425,9458.692478204108,0.009999999776482582,82.29349517822266,0.5
4072,149.20089812538959,7.763468005871791e-08,587.9319385796874,8817.077347561903,0.009999999776482582,49.89389419555664,1.0
4073,144.95056979727624,8.628431190913519e-15,inf,8516.527360744305,0.009999999776482582,63.261566162109375,1.0
4074,142.31298183046312,228153.61949865197,379.70532177622835,8330.017762553376,0.009999999776482582,91.5419921875,0.75
4075,144.61359632318687,0.0,inf,8492.699231391201,0.009999999776482582,37.41876983642578,1.0
4076,142.85311618009052,1.3419126949335066e-09,553.9269823085962,8368.211840546477,0.009999999776482582,24.79245376586914,1.0
4077,154.96939548943396,143488.282219226,507.2125389987029,9224.980378312106,0.009999999776482582,148.3078155517578,0.75
4078,147.43417599154267,2.783509972316422e-18,inf,8692.14857193629,0.009999999776482582,63.32005310058594,1.0
4079,152.03118999515303,190013.90265958375,444.11427705623015,9017.213459052597,0.009999999776482582,105.66693115234375,0.75
4080,136.74123203650143,0.0,inf,7936.027181625841,0.009999999776482582,39.924171447753906,1.0
4081,153.49860833745578,148665.22017871492,669.8343459536479,9120.977810742284,0.009999999776482582,110.26675415039062,0.75
4082,153.12661656674683,241220.23555559196,763.4355910158333,9094.673461253959,0.009999999776482582,82.80743408203125,0.5
4083,151.1864935599769,110293.32941437614,554.6112713159423,8957.483131685218,0.009999999776482582,78.03971099853516,0.75
4084,151.91117446284693,0.0,inf,9008.726898987597,0.009999999776482582,88.78019714355469,1.0
4085,156.28472057166337,177279.38557353002,610.5113437496789,9317.98988383903,0.009999999776482582,153.9208984375,0.75
4086,156.55671442576624,7.737553563561577e-10,601.9864955096027,9337.223162530556,0.009999999776482582,76.65926361083984,1.0
4087,158.94143736384126,512695.6313830454,476.43592098015154,9505.852122994937,0.009999999776482582,97.82524108886719,0.25
4088,147.2868359350447,230164.65202463375,568.2481081401594,8681.729835165943,0.009999999776482582,62.367645263671875,0.75
4089,153.62395564780408,194395.3840946463,425.37329422126317,9129.841392462222,0.009999999776482582,253.71939086914062,0.5
4090,153.7625206074888,161614.47809121522,415.0453374138093,9139.63962299683,0.009999999776482582,79.85499572753906,0.75
4091,157.13273762699404,305089.18173779186,661.5442873729553,9377.955019500412,0.009999999776482582,153.10897827148438,0.75
4092,148.08184841007562,0.0,inf,8737.94690134173,0.009999999776482582,123.35015869140625,1.0
4093,152.3160308628995,275895.7541693117,451.79628426866594,9037.355178100526,0.009999999776482582,145.88333129882812,0.75
4094,153.91721307581454,317830.22940198024,358.5918125808749,9150.578264844462,0.009999999776482582,107.15025329589844,0.75
4095,153.22161946419413,364939.8017599029,405.2849960952567,9101.391323351,0.009999999776482582,118.86332702636719,0.5
4096,154.11294568854677,261785.0902063787,408.94732618827834,9164.418944819075,0.009999999776482582,158.0330047607422,0.25
4097,148.50454757451206,1.1768603779674545e-17,inf,8767.836881242547,0.009999999776482582,37.73615264892578,1.0
4098,154.83662786339002,375842.4703303442,427.98893921093673,9215.592089884274,0.009999999776482582,109.00030517578125,0.75
4099,158.64653700407203,214964.6409132383,602.5167554494197,9484.999075324502,0.009999999776482582,144.24252319335938,0.75
4100,151.45011579144528,1931.2386119568985,530.7203942844458,8976.12443468023,0.009999999776482582,63.618568420410156,1.0
4101,147.2140000738428,0.0,inf,8676.579452552138,0.009999999776482582,130.10107421875,1.0
4102,135.76261662502003,0.0,inf,7866.827151342348,0.009999999776482582,57.77397155761719,1.0
4103,137.8728267415394,1.040663571582599e-06,478.7675303639508,8016.044711432295,0.009999999776482582,97.47444915771484,1.0
4104,137.41229051886134,1.0149853095841566e-13,inf,7983.479190613729,0.009999999776482582,38.66361999511719,1.0
4105,149.55992177804603,0.022535083100995668,372.7046810800906,8842.464693136919,0.009999999776482582,106.3486328125,1.0
4106,147.90844183562547,5.788789770419133e-10,inf,8725.68494423118,0.009999999776482582,47.011573791503906,1.0
4107,145.80352731396525,124380.50299344068,823.1618844888005,8576.841847204376,0.009999999776482582,126.80615234375,0.75
4108,150.28581888444768,0.0,inf,8893.79446084378,0.009999999776482582,99.75715637207031,1.0
4109,141.15784763718264,179204.2924827648,394.9693651789318,8248.335704189403,0.009999999776482582,122.33808898925781,0.75
4110,144.63125032388908,232304.70882253814,395.8382067788172,8493.94758428743,0.009999999776482582,147.021728515625,0.75
4111,150.2751348373349,256386.68905304407,367.58386754449674,8893.038968568591,0.009999999776482582,57.0305061340332,0.75
4112,153.4992080459916,221397.811449823,462.893299592507,9121.020217440924,0.009999999776482582,75.13711547851562,0.75
4113,155.3008020090444,221525.23647997217,308.047445235423,9248.414856171465,0.009999999776482582,126.11962127685547,0.75
4114,149.35628120258255,380093.94986866537,499.2661085171248,8828.06482386888,0.009999999776482582,105.37808227539062,0.5
4115,154.16163125380666,303162.04745441186,377.11557391885765,9167.861607330648,0.009999999776482582,138.01333618164062,0.5
4116,152.39986306175578,1.8332302046121027,686.8519078170419,9043.28313573488,0.009999999776482582,77.64747619628906,1.0
4117,145.7677981443338,0.09419807979330387,594.5092898988554,8574.315359687938,0.009999999776482582,27.605804443359375,1.0
4118,152.4555841990226,269342.698211988,334.16889813676204,9047.223298888919,0.009999999776482582,162.59786987304688,0.75
4119,157.33383318988686,391897.53386563336,390.2324888186226,9392.174925378447,0.009999999776482582,150.84237670898438,0.5
4120,149.7364654984227,414479.53565148584,428.16091756126633,8854.948484678614,0.009999999776482582,97.25194549560547,0.75
4121,154.4998522544821,222546.0396108049,491.23165272363724,9191.777952009732,0.009999999776482582,136.0394287109375,0.5
4122,149.00798358906414,4.683964092342549e-08,601.1863773601258,8803.435939916748,0.009999999776482582,78.44999694824219,1.0
4123,155.77168860138406,190803.4407562014,565.761308214891,9281.712274204836,0.009999999776482582,171.87454223632812,0.75
4124,146.55018275381957,168368.67335195895,447.9813043153,8629.639481947364,0.009999999776482582,41.6190185546875,0.75
4125,157.61417462765274,308524.4360923934,428.530734847878,9411.998479918377,0.009999999776482582,146.19873046875,0.25
4126,141.90654252506658,0.0,inf,8301.277552750971,0.009999999776482582,45.06943130493164,1.0
4127,147.16682377299603,283362.52618958964,649.4621333534353,8673.243513419195,0.009999999776482582,81.23207092285156,0.75
4128,151.31074096211864,317181.24830329017,543.3706414080154,8966.268936496772,0.009999999776482582,174.213623046875,0.5
4129,152.67250275943988,220574.3988456853,481.2023420838886,9062.562083434736,0.009999999776482582,106.0239486694336,0.75
4130,159.33262466162668,338559.94732566277,614.829427337178,9533.513830071766,0.009999999776482582,115.65081787109375,0.5
4131,149.56242295999292,0.0,inf,8842.641557167914,0.009999999776482582,32.655029296875,1.0
4132,142.65215594463876,257971.4964787752,530.8466746073115,8354.001503966974,0.009999999776482582,134.2271728515625,0.75
4133,149.5397135492841,242109.1013405753,321.5534553783716,8841.035725203352,0.009999999776482582,72.78858947753906,0.75
4134,148.72928538943117,193782.48177840124,498.9178807260574,8783.728582329397,0.009999999776482582,129.947021484375,0.75
4135,151.57230402905003,226090.30738035424,419.5566858643133,8984.764631475962,0.009999999776482582,159.03765869140625,0.5
4136,154.40030254157722,217963.81785137884,491.36485809452415,9184.738574674255,0.009999999776482582,80.68051147460938,0.75
4137,152.2221392898535,292909.2177444572,652.4316151467164,9030.7159001759,0.009999999776482582,80.5837631225586,0.5
4138,158.79155073893205,308356.7002241121,592.202163984695,9495.253312817702,0.009999999776482582,150.91297912597656,0.25
4139,154.97110392034108,150433.70477408112,803.1532112906428,9225.101185187945,0.009999999776482582,76.1294937133789,0.75
4140,156.348143362398,232628.77556064018,512.6520740580191,9322.474647708481,0.009999999776482582,96.87571716308594,0.5
4141,161.44895349767677,325614.7093017198,347.96023622126927,9683.164058165767,0.009999999776482582,157.2687225341797,0.75
4142,152.87982080614276,163498.4711670645,675.9689290425084,9077.221994715343,0.009999999776482582,117.572998046875,0.75
4143,158.0378595063407,277316.08436409925,502.83773443805063,9441.95816182394,0.009999999776482582,136.32647705078125,0.25
4144,150.78789965261885,281871.3979092253,425.15103258071264,8929.29768709035,0.009999999776482582,71.75607299804688,0.75
4145,140.5166382881923,0.0,inf,8202.99439252845,0.009999999776482582,58.932472229003906,1.0
4146,150.17598851060995,102318.85402085024,536.808274447367,8886.028115549756,0.009999999776482582,92.20911407470703,0.75
4147,146.3530103436423,0.0,inf,8615.696990754954,0.009999999776482582,68.5157241821289,1.0
4148,145.70261935639786,8.679746764564e-21,inf,8569.706425426235,0.009999999776482582,69.20812225341797,1.0
4149,153.50791035377776,367937.34577292955,422.73609072636344,9121.635576605797,0.009999999776482582,156.88229370117188,0.5
4150,155.8693325232983,444570.73829331354,486.675341096201,9288.61688890249,0.009999999776482582,64.68855285644531,0.5
4151,151.91349255863702,238284.29004406536,551.8930728382786,9008.8908165971,0.009999999776482582,70.01353454589844,0.75
4152,151.4607384910069,0.0,inf,8976.875588936266,0.009999999776482582,66.44865417480469,1.0
4153,152.40980454930872,144376.62819059816,832.6975128353535,9043.986120003934,0.009999999776482582,74.11843872070312,0.75
4154,151.67963933204675,209903.07844916574,509.32145153096394,8992.354544868616,0.009999999776482582,120.44120025634766,0.75
4155,150.4341466662282,0.01219039793258745,549.5946923999164,8904.283041823266,0.009999999776482582,54.1433219909668,1.0
4156,150.97251829112264,158117.42153905184,493.82930151029615,8942.352473705676,0.009999999776482582,116.17044830322266,0.75
4157,143.87596969874275,0.0,inf,8440.540043879351,0.009999999776482582,27.99215316772461,1.0
4158,138.0643523313461,187431.37793468323,728.3532838407534,8029.587903639564,0.009999999776482582,112.02308654785156,0.75
4159,148.28540457240496,221772.6923708926,475.26859257795104,8752.340801572933,0.009999999776482582,143.4370880126953,0.5
4160,150.46048015554885,171461.9029831155,558.8383399114731,8906.145140291243,0.009999999776482582,74.09335327148438,0.75
4161,152.4217825493857,285344.9266989016,366.007388990206,9044.833110515568,0.009999999776482582,87.46578979492188,0.75
4162,148.66170576058707,175078.1864677289,421.02011296243967,8778.949879370408,0.009999999776482582,148.44041442871094,0.75
4163,141.06365406204867,201486.45928172904,458.8762162994559,8241.675071038415,0.009999999776482582,46.84100341796875,0.75
4164,144.3878905920083,0.0,inf,8476.739086834441,0.009999999776482582,47.21175003051758,1.0
4165,144.84919113589092,0.0,inf,8509.358654472508,0.009999999776482582,75.01139831542969,1.0
4166,152.997519703626,128558.88662772694,481.47975170947126,9085.54474047902,0.009999999776482582,156.401611328125,0.75
4167,155.20263128913552,967.7827743614654,463.56724144028146,9241.47299043857,0.009999999776482582,124.88773345947266,1.0
4168,157.13385597830467,318835.06402960443,539.329927513139,9378.034100560913,0.009999999776482582,219.89846801757812,0.5
4169,155.2782345696071,288913.24785435095,440.89252842534535,9246.819063305176,0.009999999776482582,55.21945571899414,0.5
4170,149.83019306642453,0.0,inf,8861.576165448845,0.009999999776482582,27.36016082763672,1.0
4171,150.99503022661776,0.0,inf,8943.94434176715,0.009999999776482582,45.656639099121094,1.0
4172,146.33224411119494,0.0,inf,8614.228565163681,0.009999999776482582,142.2650909423828,1.0
4173,157.00890925513548,244185.31577850578,654.2179848773202,9369.198845234163,0.009999999776482582,150.5977325439453,0.5
4174,154.86961525491722,0.0,inf,9217.924700290645,0.009999999776482582,72.33369445800781,1.0
4175,148.2952004176254,259659.234452926,414.0033637472523,8753.033487154986,0.009999999776482582,89.91729736328125,0.75
4176,148.73228032812875,275165.54016477114,468.1166589564323,8783.940360977209,0.009999999776482582,53.325035095214844,0.5
4177,145.44203557973626,156797.31678433344,623.1061863821897,8551.27997819803,0.009999999776482582,103.27793884277344,0.75
4178,159.13142464157235,242667.0328455725,348.72201800659,9519.286537800002,0.009999999776482582,149.99227905273438,0.5
4179,145.8048985294805,0.0,inf,8576.93880884433,0.009999999776482582,75.33038330078125,1.0
4180,151.9386108056548,372737.7757405909,294.5499153386497,9010.66698263118,0.009999999776482582,146.57275390625,0.75
4181,156.0955527582398,341545.9697353658,521.4260777484297,9304.61341514255,0.009999999776482582,88.1996078491211,0.5
4182,148.70776143351077,231123.34860236224,794.6968606287379,8782.206576458615,0.009999999776482582,61.357696533203125,0.75
4183,153.18791645044803,0.0,inf,9099.00810973663,0.009999999776482582,103.95260620117188,1.0
4184,159.20742700387527,351613.629254083,582.25868935783,9524.660830613373,0.009999999776482582,189.39222717285156,0.25
4185,153.81947946969527,0.0,inf,9143.667308381055,0.009999999776482582,147.7527618408203,1.0
4186,157.3276115255286,321508.589243562,371.31402534889156,9391.734977921096,0.009999999776482582,175.9993896484375,0.5
4187,155.89543615638348,246631.89358987907,416.82259030591393,9290.4627337347,0.009999999776482582,134.88897705078125,0.5
4188,147.96375669535607,385808.31967117946,331.05645898439457,8729.596378614468,0.009999999776482582,75.65573120117188,0.75
4189,154.5663373928143,263171.1538931456,372.6147814220602,9196.479261157343,0.009999999776482582,143.19000244140625,0.5
4190,152.52893119664134,218494.93180478574,606.8912746623575,9052.40982507364,0.009999999776482582,71.09323120117188,0.75
4191,156.73681722082026,193906.79357135878,462.5689747919455,9349.958624005674,0.009999999776482582,94.63896179199219,0.75
4192,149.1426078180998,4.4116098629771333e-07,509.7925463480119,8812.955512791712,0.009999999776482582,37.76702117919922,1.0
4193,157.8098001653292,298509.94596682914,425.2083192272613,9425.831588382243,0.009999999776482582,128.31443786621094,0.75
4194,146.85440864855124,219310.7566321264,534.8098308488363,8651.151958535676,0.009999999776482582,71.08877563476562,0.75
4195,146.02433111811186,20.000439821768374,461.72400517627574,8592.455365808713,0.009999999776482582,80.8185043334961,1.0
4196,142.24764243889163,1.0943723252361718e-16,inf,8325.397471658296,0.009999999776482582,50.47561264038086,1.0
4197,150.80681889026832,224281.86909688966,322.38471491134214,8930.63550765083,0.009999999776482582,144.91104125976562,0.75
4198,154.41834243953463,395369.0807740484,402.62008757876436,9186.014215207111,0.009999999776482582,101.93763732910156,0.5
4199,159.21499463445323,219045.95241738544,453.047200163615,9525.195954277915,0.009999999776482582,63.09230422973633,0.75
4200,153.40615087223483,0.0,inf,9114.439941710016,0.009999999776482582,123.23739624023438,1.0
4201,155.33884701063826,249373.3866286802,533.6894307786729,9251.105101217214,0.009999999776482582,59.711212158203125,0.5
4202,155.29739349244903,368534.08667850867,504.96938881395744,9248.173832528415,0.009999999776482582,179.32058715820312,0.5
4203,150.82754674247593,2.810523781162515e-19,inf,8932.101219291635,0.009999999776482582,50.332977294921875,1.0
4204,145.15831188794715,156761.3891890048,473.61329412573264,8531.217257098808,0.009999999776482582,58.17284393310547,0.75
4205,159.3610290896316,328349.5951067187,463.1694951230753,9535.5223691312,0.009999999776482582,211.553955078125,0.5
4206,151.7045316718371,272529.03660487983,468.95748002796773,8994.114736509899,0.009999999776482582,55.066001892089844,0.75
4207,153.8908564550042,185631.0004468598,660.82448899048,9148.714530698395,0.009999999776482582,106.99089050292969,0.75
4208,152.29701829196915,142338.51701576874,444.2033237098951,9036.010757740178,0.009999999776482582,107.78350067138672,0.75
4209,153.90586562829986,270210.2357857838,303.7930399490931,9149.77586207986,0.009999999776482582,110.98184204101562,0.75
4210,156.1111126748504,337418.4432049182,641.3091599721342,9305.713690785085,0.009999999776482582,79.14826965332031,0.5
4211,143.89029028053386,5.058313164215505e-07,814.3294984218253,8441.552683453587,0.009999999776482582,85.87782287597656,1.0
4212,157.30860736624544,382473.89150426514,362.22144425548066,9390.391152366667,0.009999999776482582,226.9915313720703,0.5
4213,154.803908362631,202780.9848115231,444.47543638928573,9213.278422618441,0.009999999776482582,70.05939483642578,0.75
4214,149.0272594916717,291484.18121145933,333.36681425947404,8804.798981034368,0.009999999776482582,118.05831909179688,0.75
4215,140.52959883184081,1.6799301726548372e-18,inf,8203.910860839133,0.009999999776482582,8.593481063842773,1.0
4216,148.9443472802206,1.5682087677095159e-21,inf,8798.936077716095,0.009999999776482582,65.51670837402344,1.0
4217,141.19768702048503,0.0,inf,8251.152833879634,0.009999999776482582,34.18849182128906,1.0
4218,141.5399604470307,87870.44505111776,497.1990023951896,8275.355734431078,0.009999999776482582,61.55558776855469,0.75
4219,154.79034412823634,236695.62856559406,572.7281316137072,9212.31926601834,0.009999999776482582,113.98589324951172,0.5
4220,159.59911974853,296238.62153792195,467.39151209434664,9552.358278940803,0.009999999776482582,143.6581268310547,0.75
4221,147.41493105724732,0.0,inf,8690.787720655575,0.009999999776482582,28.777503967285156,1.0
4222,155.3046662532919,126421.16843584042,427.5801824097308,9248.688105310825,0.009999999776482582,127.5539321899414,0.75
4223,145.4212861935016,311065.0374514391,382.8963430454463,8549.812743839204,0.009999999776482582,93.880859375,0.75
4224,149.1517897122228,200781.75227841604,517.7990205643217,8813.604784552525,0.009999999776482582,69.4688720703125,0.75
4225,153.81549042697597,247390.6144964824,404.33422699568337,9143.385234469548,0.009999999776482582,113.14432525634766,0.75
4226,150.25210111865854,333451.1582110072,353.1769469836031,8891.410204080268,0.009999999776482582,109.29458618164062,0.75
4227,152.41057446312402,140361.96357623732,671.0468932953761,9044.040562289138,0.009999999776482582,73.99279022216797,0.75
4228,157.8661190322826,268966.21124911244,463.0963890735321,9429.814018306179,0.009999999776482582,129.25502014160156,0.5
4229,153.85607538901002,287685.6426229014,642.9311004811535,9146.255085658137,0.009999999776482582,145.19100952148438,0.5
4230,149.70384178392155,173940.18224924596,616.5054411540174,8852.641590668003,0.009999999776482582,75.00777435302734,0.75
4231,153.30086665875888,6.886815707006126e-12,inf,9106.995065331172,0.009999999776482582,34.96406936645508,1.0
4232,155.16038750147982,193598.3444551243,617.2915052911519,9238.485840072075,0.009999999776482582,126.3077392578125,0.5
4233,151.6269769484663,1.203176481733682e-07,723.1010632617116,8988.630672859437,0.009999999776482582,88.57138061523438,1.0
4234,149.91616084275182,8.11679112795692e-05,554.8150956034509,8867.655134424254,0.009999999776482582,45.38982009887695,1.0
4235,159.3541712146462,518390.8417337365,526.0690586939533,9535.037433832715,0.009999999776482582,142.26019287109375,0.0
4236,152.9073905691787,39.7215863776269,687.0595147004717,9079.171512794266,0.009999999776482582,103.96414184570312,1.0
4237,138.05330576228678,3.815128065186814e-12,inf,8028.806776646809,0.009999999776482582,34.021202087402344,1.0
4238,148.447879423553,191200.8719453596,364.5077666740634,8763.829752684718,0.009999999776482582,157.75784301757812,0.5
4239,153.49505179037365,224415.4888967643,669.5937097952559,9120.726319540634,0.009999999776482582,81.24073028564453,0.75
4240,154.29462925457267,316392.93416220037,465.5583671992898,9177.266186057564,0.009999999776482582,90.04713439941406,0.5
4241,151.69810427632913,212117.507791539,582.3929408247743,8993.660241354217,0.009999999776482582,45.266178131103516,0.75
4242,154.82887595419302,267947.26474436116,428.5447907245223,9215.043935476635,0.009999999776482582,129.74961853027344,0.5
4243,154.09813175845076,273802.9526409322,439.45476227957863,9163.37141951012,0.009999999776482582,130.40463256835938,0.75
4244,149.1833253810964,9.47696170733967e-15,inf,8815.83474048359,0.009999999776482582,39.89288330078125,1.0
4245,149.90948763546487,319248.3782261214,395.0480224271754,8867.183257381519,0.009999999776482582,60.699649810791016,0.5
4246,155.53308869007577,324207.90369117726,426.95702421542455,9264.84035404656,0.009999999776482582,123.59229278564453,0.5
4247,151.4999113239998,0.0,inf,8979.645585400245,0.009999999776482582,60.27690124511719,1.0
4248,146.9817698229476,312067.6144946793,534.2471086541433,8660.157944975053,0.009999999776482582,145.861083984375,0.75
4249,152.57574227265178,341100.17133805086,450.6257587479638,9055.719938361783,0.009999999776482582,116.61235809326172,0.5
4250,143.58045632112243,0.0,inf,8419.643648379562,0.009999999776482582,32.7183952331543,1.0
4251,157.72117529739555,279585.3716731665,419.9303354272996,9419.564730663751,0.009999999776482582,129.38748168945312,0.5
4252,153.65800012069337,158336.20732428506,876.4489224266783,9132.248751397394,0.009999999776482582,91.43505859375,0.75
4253,150.43675317963232,270395.07198209874,430.5267579767432,8904.467354071348,0.009999999776482582,99.07904052734375,0.5
4254,147.68862594081662,0.0,inf,8710.141282850926,0.009999999776482582,33.298912048339844,1.0
4255,153.2529931390645,492463.6445341488,420.03963388390565,9103.609824332758,0.009999999776482582,214.5654296875,0.5
4256,148.8663983266308,168005.6619854351,448.22532222303164,8793.424137186958,0.009999999776482582,49.26891326904297,0.75
4257,145.26296967398557,202689.56723301733,322.16416313280354,8538.617837427191,0.009999999776482582,59.29165267944336,0.75
4258,155.67017785747387,233480.26602712707,415.2407969580619,9274.53422808961,0.009999999776482582,101.00775146484375,0.75
4259,154.60994455040824,296429.1166883792,559.3635361024839,9199.562818385928,0.009999999776482582,73.57176208496094,0.75
4260,138.51356064688397,3.3113054408834125e-09,862.8738119110594,8061.352403436028,0.009999999776482582,60.26205825805664,1.0
4261,149.04603668242672,235703.00613095696,376.80170358154544,8806.126757149112,0.009999999776482582,119.73193359375,0.75
4262,151.38622590074473,2.337747514548928e-22,inf,8971.60664115336,0.009999999776482582,176.53958129882812,1.0
4263,148.89311096569241,347209.5984226828,449.9309736819964,8795.313046160114,0.009999999776482582,98.65652465820312,0.75
4264,153.01399219646376,208287.86319877484,480.58443858371953,9086.709546377071,0.009999999776482582,59.50702667236328,0.75
4265,157.67183265160006,303785.7599181777,440.9899925629625,9416.075604554295,0.009999999776482582,83.92818450927734,0.5
4266,148.31576166693813,157000.76202443798,498.6810104477347,8754.4874179417,0.009999999776482582,82.88011932373047,0.75
4267,156.81235767782238,250580.99428289474,418.06993552131183,9355.300254487727,0.009999999776482582,80.1619873046875,0.5
4268,152.8925030249413,318758.9727964495,382.9668968180446,9078.118782068806,0.009999999776482582,93.03709411621094,0.5
4269,152.27388235360584,0.0,inf,9034.374765074832,0.009999999776482582,87.02781677246094,1.0
4270,157.01546059857134,333571.8802084771,397.21121716231943,9369.66210501818,0.009999999776482582,147.67630004882812,0.5
4271,148.97650826963445,137934.12122005908,513.6054122690663,8801.210251426495,0.009999999776482582,68.93089294433594,0.75
4272,150.1374929250084,284047.2806812451,332.6285558962205,8883.306008726016,0.009999999776482582,196.07606506347656,0.5
4273,158.74050390722272,260552.47508351508,440.3321090977206,9491.64368000514,0.009999999776482582,95.97445678710938,0.5
4274,156.96317295022254,149150.22987769337,634.4555218584723,9365.964731354596,0.009999999776482582,81.92582702636719,0.75
4275,155.09010971227548,172064.7797970278,620.9503836014827,9233.516344308835,0.009999999776482582,119.96638488769531,0.75
4276,154.76961025015444,0.6995002501182753,657.9075442006956,9210.85312827482,0.009999999776482582,131.7470703125,1.0
4277,158.2530431771217,359766.69819308753,493.3544792473791,9457.174268539464,0.009999999776482582,135.5795440673828,0.5
4278,156.84099869064022,201415.9928654274,578.7367892724053,9357.32552297532,0.009999999776482582,86.45475769042969,0.5
4279,156.05528756686346,285238.7473503053,466.45014225816476,9301.766175634648,0.009999999776482582,124.39559936523438,0.5
4280,144.49384029749768,0.0001489587712344416,529.1713537549315,8484.231021605116,0.009999999776482582,29.928194046020508,1.0
4281,148.1716254398248,1.2714357257897218e-17,inf,8744.295230935273,0.009999999776482582,88.4946517944336,1.0
4282,148.55175021304768,0.0,inf,8771.174682770914,0.009999999776482582,37.521827697753906,1.0
4283,147.391216338763,226189.92078010223,428.5109205942508,8689.110801185449,0.009999999776482582,73.55181884765625,0.75
4284,151.16409270370886,0.0,inf,8955.899118278176,0.009999999776482582,56.284515380859375,1.0
4285,151.76156021655416,3.189665474663785e-14,inf,8998.147349296438,0.009999999776482582,128.6060028076172,1.0
4286,146.58888901275,208191.05378321747,651.1406827806784,8632.376485941702,0.009999999776482582,105.6568374633789,0.75
4287,153.1851917125619,228930.94259437197,882.801003122104,9098.815437577554,0.009999999776482582,76.4615707397461,0.75
4288,153.744382226859,205334.2654610824,503.250010786422,9138.357018539398,0.009999999776482582,122.6160659790039,0.75
4289,156.05040990206666,520445.9902062243,451.08442984810506,9301.421265317795,0.009999999776482582,213.080322265625,0.5
4290,155.98770612789718,392175.4520711385,552.620766152233,9296.987344677971,0.009999999776482582,107.64543151855469,0.25
4291,152.42812309813365,196410.4620868951,349.53961778937884,9045.281464547421,0.009999999776482582,95.82054901123047,0.75
4292,153.39216930851197,384243.84399865527,437.4237327999855,9113.451274842846,0.009999999776482582,104.30667877197266,0.5
4293,151.1710212529641,273526.96330277517,524.2240472827202,8956.389051108436,0.009999999776482582,65.32356262207031,0.5
4294,156.73766716439283,168586.45300937048,563.7584925844124,9350.018725369573,0.009999999776482582,140.62112426757812,0.75
4295,159.26660217326696,367745.8151269187,503.0532154073613,9528.845235912833,0.009999999776482582,227.57777404785156,0.0
4296,152.12136030270523,0.0,inf,9023.589598177403,0.009999999776482582,85.7288818359375,1.0
4297,147.36880961287156,163763.77285408412,631.9087899583756,8687.526372724533,0.009999999776482582,22.534175872802734,0.75
4298,153.81287758171302,182198.41378269056,485.42700731222254,9143.200474481915,0.009999999776482582,107.22132873535156,0.75
4299,153.87223802283268,444019.6765000863,373.6243344548375,9147.39798074937,0.009999999776482582,110.20384216308594,0.5
4300,151.7706028701125,1.0601893648187158e-07,482.9585860216656,8998.786775053215,0.009999999776482582,39.1416015625,1.0
4301,151.8732281177283,253904.48966522212,485.832910716447,9006.0436301564,0.009999999776482582,137.60247802734375,0.5
4302,157.8422059153736,371666.3282710117,550.0136094239668,9428.123069650701,0.009999999776482582,119.47352600097656,0.5
4303,153.09347344315313,291273.23790850857,364.4387494730081,9092.329838693484,0.009999999776482582,69.18270874023438,0.5
4304,149.98261052105246,373927.98388495366,377.7765189222163,8872.353936115689,0.009999999776482582,81.31669616699219,0.75
4305,153.7258678633256,171427.5436755596,466.6001194588165,9137.047827510767,0.009999999776482582,118.97782135009766,0.75
4306,150.0252757393633,166371.9685982846,648.3339437433873,8875.370886763027,0.009999999776482582,191.49209594726562,0.75
4307,141.87269059372812,254511.87408251627,344.00454695159783,8298.88380884883,0.009999999776482582,67.55475616455078,0.75
4308,155.54872285826855,366281.7730819755,327.0698359196312,9265.945880180427,0.009999999776482582,220.74874877929688,0.75
4309,148.66359824847288,0.0,inf,8779.083701316673,0.009999999776482582,109.6386947631836,1.0
4310,152.47708599041562,128233.10451847232,512.5365205611437,9048.743737457626,0.009999999776482582,103.5613784790039,0.75
4311,155.36049974194185,232078.97650914505,393.07698245622686,9252.636213076223,0.009999999776482582,204.4255828857422,0.75
4312,146.1499562330634,0.0,inf,8601.338591698088,0.009999999776482582,50.02819061279297,1.0
4313,148.67303871264633,209093.654963389,540.4573388297132,8779.751257129741,0.009999999776482582,51.09349060058594,0.75
4314,150.63030372082764,163386.82743539006,466.3168146053479,8918.153735008093,0.009999999776482582,54.76539611816406,0.75
4315,140.12919918373478,0.0,inf,8175.597728377325,0.009999999776482582,48.843994140625,1.0
4316,153.2412014499964,226723.04683601184,364.0101053837612,9102.77600827894,0.009999999776482582,131.78587341308594,0.75
4317,153.0375064866366,145051.75553732354,507.5165710698918,9088.372293124121,0.009999999776482582,120.4569091796875,0.75
4318,144.3143022671681,206629.9566966114,552.9395509900862,8471.535495875512,0.009999999776482582,41.56111526489258,0.75
4319,154.78461033519662,270608.76583843416,563.0883514576803,9211.913817006058,0.009999999776482582,128.18170166015625,0.5
4320,155.5858461081399,274727.01952141174,663.6559246256088,9268.570946151369,0.009999999776482582,212.13461303710938,0.75
4321,148.02926359319582,136644.86497262932,567.8696140146022,8734.22851424314,0.009999999776482582,172.75648498535156,0.75
4322,147.03493499840556,149929.39230639805,340.3618983472911,8663.917370494575,0.009999999776482582,172.9129638671875,0.75
4323,145.41738295920663,150128.44543759886,439.0415190785247,8549.536737628545,0.009999999776482582,108.6575927734375,0.75
4324,142.86135241556323,0.013121737310018146,467.449654809159,8368.794242721477,0.009999999776482582,171.7855224609375,1.0
4325,149.4477862013221,211096.58796764514,314.3813383421341,8834.535341918745,0.009999999776482582,129.66441345214844,0.75
4326,149.36493382713306,279187.7175745023,388.0338156895357,8828.676669823788,0.009999999776482582,86.76213073730469,0.75
4327,151.01884153268827,142820.5700277036,530.494555423372,8945.62809115617,0.009999999776482582,91.92350769042969,0.75
4328,154.46005683591144,0.0,inf,9188.963931161577,0.009999999776482582,137.36965942382812,1.0
4329,148.05215217143018,218165.47827750418,396.39012724447707,8735.84701553423,0.009999999776482582,120.00729370117188,0.75
4330,151.61767234927183,0.0,inf,8987.972724355379,0.009999999776482582,113.28938293457031,1.0
4331,148.90784141754875,0.0,inf,8796.354668540662,0.009999999776482582,89.34156799316406,1.0
4332,146.00538227369995,114804.90986879313,467.060054781884,8591.115451689482,0.009999999776482582,29.732419967651367,0.75
4333,154.49064453589088,142687.5086755184,596.445322776164,9191.126854144444,0.009999999776482582,257.5023498535156,0.75
4334,151.69394776228972,0.0,inf,8993.366325180377,0.009999999776482582,108.96311950683594,1.0
4335,146.6727864281927,0.0005924560487224708,461.95131300908076,8638.30905518313,0.009999999776482582,71.19058227539062,1.0
4336,150.24303862397235,0.0,inf,8890.769375314065,0.009999999776482582,122.19558715820312,1.0
4337,149.52675793157636,0.0,inf,8840.119605216685,0.009999999776482582,112.05865478515625,1.0
4338,144.732667128996,0.00020445455154445926,481.38945154198575,8501.118987784983,0.009999999776482582,57.67568588256836,1.0
4339,153.97788840246616,411472.57678000774,396.1520952824273,9154.868749535886,0.009999999776482582,167.54421997070312,0.5
4340,155.81714139682353,89621.54663170014,867.1318382577961,9284.926340511149,0.009999999776482582,131.2201385498047,0.75
4341,155.88874782270534,324881.1453108601,425.63714963966635,9289.98978707185,0.009999999776482582,133.3273162841797,0.5
4342,144.75535935114374,0.0,inf,8502.7236043089,0.009999999776482582,37.93458557128906,1.0
4343,154.5491666121584,397270.28574731085,344.4541639953162,9195.265077804577,0.009999999776482582,126.27196502685547,0.5
4344,152.28480559765285,468996.55754037737,469.8507198768039,9035.147171486971,0.009999999776482582,80.76078033447266,0.75
4345,155.80126078497065,166052.8049858639,607.7488311186182,9283.803387808539,0.009999999776482582,104.66510009765625,0.75
4346,147.79621793336938,190860.3400652965,499.7677328913546,8717.749347321973,0.009999999776482582,59.274391174316406,0.75
4347,149.16563951504506,233330.1457611298,504.2667002857568,8814.584134319019,0.009999999776482582,76.70616149902344,0.75
4348,147.58428650125856,1051.0495423959344,408.56206845393285,8702.763213496539,0.009999999776482582,126.11624908447266,1.0
4349,148.34890240210817,212553.00343472988,525.9613481124195,8756.830871611526,0.009999999776482582,130.40463256835938,0.5
4350,146.9842922550689,206599.04735972456,337.934739880894,8660.336311652234,0.009999999776482582,149.03271484375,0.75
4351,152.09479664837644,239360.2663449347,408.32648451166375,9021.711224239669,0.009999999776482582,143.13868713378906,0.75
4352,144.80962345919676,0.0,inf,8506.560737749185,0.009999999776482582,122.71198272705078,1.0
4353,151.12431964452927,258304.8160041461,384.39227016774953,8953.086678511332,0.009999999776482582,169.94827270507812,0.75
4354,152.4980045563269,174945.7889955507,635.9389466064744,9050.222934880396,0.009999999776482582,92.78191375732422,0.75
4355,146.15771482335947,0.0,inf,8601.887218540816,0.009999999776482582,90.13148498535156,1.0
4356,151.81582995076778,374872.3307305832,365.7711663764172,9001.984880574812,0.009999999776482582,185.5467071533203,0.25
4357,155.705379220557,208700.76745342568,683.8498949495774,9277.023393253774,0.009999999776482582,82.73184204101562,0.5
4358,146.99906135927628,1.317741360358048e-12,inf,8661.380667224832,0.009999999776482582,93.72673797607422,1.0
4359,152.4259560981585,1.64810044674235e-09,526.0199940725504,9045.12823125256,0.009999999776482582,91.65055847167969,1.0
4360,149.36546494924127,236932.9281364532,502.05546024158923,8828.714226626533,0.009999999776482582,93.39547729492188,0.75
4361,148.83886078487748,0.0,inf,8791.47689754521,0.009999999776482582,48.46228790283203,1.0
4362,150.61994844252146,156982.26298790114,507.1041306943776,8917.421490692323,0.009999999776482582,226.8677520751953,0.75
4363,150.4486921463394,138984.14664230534,598.1680450060843,8905.311584448256,0.009999999776482582,97.13699340820312,0.75
4364,153.6308326576163,339821.06835391535,467.94974574167435,9130.32768082605,0.009999999776482582,157.83106994628906,0.5
4365,144.9066251380117,1.8598274027192795e-19,inf,8513.419938036437,0.009999999776482582,62.59950256347656,1.0
4366,152.78143829252954,0.4249398998706889,676.8559164075854,9070.265152587654,0.009999999776482582,159.934326171875,1.0
4367,151.67531792660967,1.237019788314717e-21,inf,8992.048968864392,0.009999999776482582,79.37308502197266,1.0
4368,151.59628674380681,1.3072039954566841e-18,inf,8986.460501547062,0.009999999776482582,79.62349700927734,1.0
4369,153.9852196393975,211897.74233913657,594.6226715144918,9155.38715729006,0.009999999776482582,155.85153198242188,0.5
4370,149.21141487667185,313048.9069671883,295.33139206817515,8817.82100998401,0.009999999776482582,139.66903686523438,0.75
4371,140.54593250579939,0.0,inf,8205.065850551446,0.009999999776482582,34.993656158447266,1.0
4372,144.945901578694,283041.88074686733,364.57079426713796,8516.197260826122,0.009999999776482582,78.31001281738281,0.75
4373,148.0880963400835,105610.86626942294,442.5453879695572,8738.388706100453,0.009999999776482582,56.412315368652344,0.75
4374,149.19970226526596,247584.63412654778,460.57601046727484,8816.992785684171,0.009999999776482582,118.3788070678711,0.5
4375,158.71085520241527,254369.22002302908,534.9264107200152,9489.547155419004,0.009999999776482582,326.3868713378906,0.5
4376,157.69178421423877,290027.536189928,277.4648205396593,9417.486423066453,0.009999999776482582,233.39224243164062,0.75
4377,155.26740563841787,225580.47234877828,344.6855582446668,9246.053325960924,0.009999999776482582,86.85897827148438,0.75
4378,149.79986773320815,0.0,inf,8859.431794992064,0.009999999776482582,116.46683502197266,1.0
4379,143.2422530657574,0.0,inf,8395.728558510084,0.009999999776482582,66.3997573852539,1.0
4380,158.03217836046596,390385.3087458292,354.04892430822224,9441.556435607528,0.009999999776482582,230.71829223632812,0.25
4381,159.66964874671646,283168.0722938623,595.7174802618764,9557.3455382391,0.009999999776482582,109.09808349609375,0.5
4382,145.40305914002263,0.0,inf,8548.523869131197,0.009999999776482582,37.49616622924805,1.0
4383,149.18323477188233,0.0,inf,8815.828333308425,0.009999999776482582,97.06350708007812,1.0
4384,155.20097833329984,286658.16475038894,531.5926692200502,9241.356106326033,0.009999999776482582,121.44754028320312,0.5
4385,155.4672331248139,1.525687341297362e-17,inf,9260.183563383966,0.009999999776482582,175.35694885253906,1.0
4386,148.7766179559774,159232.43744829547,515.1432508607297,8787.07557135079,0.009999999776482582,50.88603591918945,0.75
4387,152.43052916406603,221135.32805825074,480.64270603471846,9045.451602717567,0.009999999776482582,121.76072692871094,0.5
4388,155.00074413797736,2.7769748660021236e-13,inf,9227.197109627696,0.009999999776482582,192.3485107421875,1.0
4389,153.2536096536704,224947.33110790612,709.9148068466217,9103.65341942527,0.009999999776482582,133.45828247070312,0.75
4390,156.6286319606872,467337.36129788175,457.3129575310627,9342.308608289997,0.009999999776482582,184.01715087890625,0.25
4391,156.96247833925003,305058.78652005974,388.6724025086826,9365.915613897658,0.009999999776482582,165.66940307617188,0.75
4392,151.27015679404332,263557.40935115813,455.4146838598421,8963.399141450736,0.009999999776482582,100.57447052001953,0.75
4393,156.44119388183285,341098.7053881152,441.0367403566255,9329.054452897773,0.009999999776482582,116.85124206542969,0.25
4394,154.30534650430025,223642.56792179646,542.0815758659135,9178.024026162067,0.009999999776482582,90.07413482666016,0.75
4395,147.3456166704367,0.0,inf,8685.886349176952,0.009999999776482582,109.19456481933594,1.0
4396,148.91754731336113,316675.3115208189,444.9458092835588,8797.040993603874,0.009999999776482582,166.48915100097656,0.75
4397,143.10257415322258,4.740939443613175e-18,inf,8385.851557939714,0.009999999776482582,131.26022338867188,1.0
4398,147.54064464493416,248661.48031497476,424.2545253599001,8699.67720264504,0.009999999776482582,153.1206817626953,0.75
4399,147.98295520725281,188333.86073532942,282.6042857085816,8730.953947266124,0.009999999776482582,90.57640075683594,0.75
4400,149.02371061087564,86084.53746758327,683.391546191769,8804.548031932525,0.009999999776482582,105.11251068115234,0.75
4401,152.93705359246843,0.3494681069663348,608.981795909523,9081.269049871516,0.009999999776482582,98.54365539550781,1.0
4402,152.15238419356174,117808.5887424756,637.6936227848355,9025.783365168598,0.009999999776482582,102.13562774658203,0.75
4403,145.66947956319052,119021.05704455618,455.6434298553859,8567.363038364645,0.009999999776482582,77.98609924316406,0.75
4404,149.72485590717784,157363.42127538577,405.34303344453144,8854.127545159068,0.009999999776482582,65.66352081298828,0.75
4405,144.76570572580638,0.0,inf,8503.455219028612,0.009999999776482582,154.44952392578125,1.0
4406,146.81592582125688,0.0,inf,8648.430753879667,0.009999999776482582,108.60658264160156,1.0
4407,147.8904151040435,0.0,inf,8724.41023472145,0.009999999776482582,229.63861083984375,1.0
4408,150.48862797206417,280949.69558800745,448.4027847383318,8908.135533792532,0.009999999776482582,48.14019012451172,0.75
4409,148.46602794325398,1.619754237703864e-08,406.40056621346844,8765.113074097986,0.009999999776482582,87.66189575195312,1.0
4410,152.81417199216705,226966.23458568548,487.01811010671986,9072.579823887154,0.009999999776482582,89.62825012207031,0.75
4411,154.5238801346263,323380.6992058776,433.4795707494812,9193.477015823892,0.009999999776482582,143.31381225585938,0.5
4412,157.53220729011088,231774.25557424268,461.6067595577586,9406.202390695165,0.009999999776482582,198.64089965820312,0.75
4413,150.0899912093274,202757.85137117436,488.4595524130512,8879.94705880036,0.009999999776482582,131.8396453857422,0.75
4414,149.70570795259442,0.0,inf,8852.773551525315,0.009999999776482582,58.6285400390625,1.0
4415,140.3710164416116,197046.15075639353,459.4413926529972,8192.697154129079,0.009999999776482582,63.204566955566406,0.75
4416,142.1237097692513,0.0,inf,8316.633922268406,0.009999999776482582,12.008196830749512,1.0
4417,140.57131689498644,391909.7356954755,297.5071810288229,8206.860836078817,0.009999999776482582,195.98252868652344,0.5
4418,145.92900422258606,0.0,inf,8585.714593100842,0.009999999776482582,72.25334167480469,1.0
4419,151.20557872960802,0.0,inf,8958.83268565805,0.009999999776482582,117.85494995117188,1.0
4420,146.88940184738968,242178.98521317347,416.4024870803537,8653.626403952052,0.009999999776482582,195.24090576171875,0.75
4421,153.0122588177022,189750.58796097263,475.77520743032227,9086.586975384027,0.009999999776482582,162.96109008789062,0.75
4422,154.46404907000533,195891.42837880994,438.3504397276343,9189.246230742143,0.009999999776482582,86.76815032958984,0.75
4423,153.09421237269152,271143.69271007425,373.80762316407083,9092.382090012885,0.009999999776482582,199.47105407714844,0.75
4424,147.27454568005746,0.0,inf,8680.860764428518,0.009999999776482582,51.37968063354492,1.0
4425,147.19337670000013,0.0,inf,8675.121128804403,0.009999999776482582,78.71610260009766,1.0
4426,149.0107366066673,0.0,inf,8803.6306117963,0.009999999776482582,120.12181854248047,1.0
4427,158.14023219989727,332571.1520405925,299.27045611009635,9449.19715827873,0.009999999776482582,192.49400329589844,0.5
4428,148.678554036491,258928.07598303698,473.8617306462733,8780.141257708718,0.009999999776482582,142.20010375976562,0.75
4429,146.9099178347268,239121.8078633088,448.8208763509647,8655.07713416575,0.009999999776482582,50.738563537597656,0.75
4430,147.88568774413866,300932.94096218626,352.71004393784693,8724.075952791349,0.009999999776482582,99.69075012207031,0.5
4431,154.97894650188235,0.0,inf,9225.65575123482,0.009999999776482582,111.87799072265625,1.0
4432,155.45269433315696,285644.197234499,368.401941461802,9259.155493714163,0.009999999776482582,162.2896728515625,0.5
4433,144.36042661807173,0.0,inf,8474.797049333481,0.009999999776482582,29.651241302490234,1.0
4434,140.41396141313916,63420.89879707823,584.872177452398,8195.733886736562,0.009999999776482582,51.33008575439453,0.75
4435,137.57084961023287,0.0,inf,7994.691249810736,0.009999999776482582,58.79955291748047,1.0
4436,143.96030005267673,160607.4301642697,531.6858556171856,8446.503227145815,0.009999999776482582,95.20890808105469,0.75
4437,156.6647884371291,224927.331325076,537.2611112878295,9344.865311603036,0.009999999776482582,156.5268096923828,0.75
4438,153.0176921725495,0.0,inf,9086.97117975641,0.009999999776482582,154.40237426757812,1.0
4439,147.6259292747714,249492.12463546163,465.7161351793935,8705.707864842072,0.009999999776482582,99.101318359375,0.75
4440,137.32674873505312,189610.48591597725,596.9443184484712,7977.430344498509,0.009999999776482582,139.11231994628906,0.75
4441,145.8818846175469,23083.60384108492,508.8294824403132,8582.382663052118,0.009999999776482582,134.8667755126953,1.0
4442,149.59379176961437,191329.3779452994,477.2724473747511,8844.859714117309,0.009999999776482582,69.35499572753906,0.75
4443,151.66840154298356,167403.60253292634,439.6888930613761,8991.559896292303,0.009999999776482582,96.76385498046875,0.75
4444,149.0349589002512,272147.0809921338,533.4866977305682,8805.343423008831,0.009999999776482582,51.06962585449219,0.75
4445,154.3814626630564,344319.0211213115,379.54161867877286,9183.406365770858,0.009999999776482582,146.9241180419922,0.75
4446,149.113724965796,279535.8331383156,539.3887546025747,8810.913143306572,0.009999999776482582,71.3516845703125,0.5
4447,153.18825633229216,114437.70102809345,525.2784622731378,9099.03214352317,0.009999999776482582,145.65185546875,0.75
4448,149.6980579897505,204806.1859984484,400.86878887961643,8852.232605966667,0.009999999776482582,297.15435791015625,0.75
4449,147.661737828882,0.0,inf,8708.239965808181,0.009999999776482582,45.123172760009766,1.0
4450,153.3501099098839,289693.0572713666,294.72744155877336,9110.477163026684,0.009999999776482582,151.65794372558594,0.75
4451,144.81707876290739,0.0,inf,8507.087918535934,0.009999999776482582,53.248939514160156,1.0
4452,147.85334341934347,262819.8971065196,303.8148165820424,8721.788815036245,0.009999999776482582,163.8682098388672,0.75
4453,155.79024233408836,397348.1447536595,455.02206211469695,9283.024249113412,0.009999999776482582,127.96864318847656,0.25
4454,151.4896152418225,316376.2877136767,394.74976236549,8978.917526971865,0.009999999776482582,163.04290771484375,0.5
4455,153.1850768185182,316936.6076544212,534.7955582314764,9098.80731316912,0.009999999776482582,111.48216247558594,0.5
4456,148.8687203121424,135457.93297413728,737.5484073446557,8793.588329847154,0.009999999776482582,112.39576721191406,0.75
4457,154.23586668742965,1.3711236525351284e-06,477.24251718479053,9173.110956763068,0.009999999776482582,100.60511779785156,1.0
4458,145.20519657067322,0.0,inf,8534.532575278363,0.009999999776482582,33.328285217285156,1.0
4459,140.98932807353427,0.0,inf,8236.419318272103,0.009999999776482582,106.01203918457031,1.0
4460,144.97541708559788,267455.5343023466,373.9003225667522,8518.284366697968,0.009999999776482582,121.87010192871094,0.75
4461,137.94794785098995,281169.99523930164,369.4416838416007,8021.356688934303,0.009999999776482582,93.07301330566406,0.75
4462,148.62924903718414,153671.85207225353,327.74120940722355,8776.654793664587,0.009999999776482582,174.77110290527344,0.75
4463,158.22615336231195,287132.1097756398,506.2780738815209,9455.272831082706,0.009999999776482582,145.2080535888672,0.5
4464,155.90620911720583,317093.4634349561,574.59611878651,9291.224513292229,0.009999999776482582,196.10130310058594,0.5
4465,154.80182671590373,343213.3041893246,490.3469379326879,9213.131224837905,0.009999999776482582,89.76483154296875,0.5
4466,147.67131995101946,0.0,inf,8708.917538564867,0.009999999776482582,89.68348693847656,1.0
4467,150.22096327311198,333534.1790401096,292.13498353101227,8889.208379104384,0.009999999776482582,154.09803771972656,0.75
4468,155.40026354847166,315369.9736613099,482.0882868982806,9255.447998568017,0.009999999776482582,210.3935546875,0.75
4469,157.42485492318568,267871.6425945893,656.1130574483348,9398.61127067491,0.009999999776482582,170.39837646484375,0.75
4470,154.39035570321727,298669.65337167424,602.4529831607848,9184.035212037965,0.009999999776482582,94.7657470703125,0.75
4471,142.78664140547514,268441.6848725116,537.6306673762376,8363.511264239887,0.009999999776482582,61.418128967285156,0.75
4472,149.22122485440264,309251.17113825574,537.8495978628882,8818.514694906695,0.009999999776482582,108.49909973144531,0.5
4473,147.63282789848083,0.0,inf,8706.195681571713,0.009999999776482582,26.595321655273438,1.0
4474,148.91272670114105,0.0,inf,8796.700117599165,0.009999999776482582,108.60697174072266,1.0
4475,147.3188770420685,2.5644917363079696e-16,inf,8683.99553173106,0.009999999776482582,130.0493621826172,1.0
4476,148.17805992604679,226476.99496836605,441.44950135201134,8744.750227490811,0.009999999776482582,96.7763671875,0.75
4477,146.15033652051198,2.3723175343969538e-05,741.9619390524598,8601.365482653055,0.009999999776482582,85.69644165039062,1.0
4478,129.38690763121764,0.0,inf,7415.986861813298,0.009999999776482582,15.474393844604492,1.0
4479,154.78685378049343,293340.7228042305,341.78085881947584,9212.072455916357,0.009999999776482582,113.60758972167969,0.25
4480,152.6514969584601,191050.31490393833,340.9973933392729,9061.076717429993,0.009999999776482582,67.34716033935547,0.75
4481,161.58989433449898,453677.94992718956,409.222476613498,9693.130292154985,0.009999999776482582,190.10580444335938,0.0
4482,148.67256756940446,2027.3032807771124,612.098175747673,8779.71794156346,0.009999999776482582,73.1082763671875,1.0
4483,144.2476944367267,0.0,inf,8466.825510901248,0.009999999776482582,125.42849731445312,1.0
4484,148.17821925724004,2.7166914153462088e-14,inf,8744.761494147016,0.009999999776482582,87.1126708984375,1.0
4485,156.39789454257615,316933.1542842851,362.45160044150384,9325.992662175224,0.009999999776482582,152.65472412109375,0.5
4486,156.85135451459465,399176.67166527914,490.44398594847445,9358.057805875065,0.009999999776482582,176.3760528564453,0.25
4487,154.7013598064834,290455.7600423925,387.45215550726635,9206.02699053625,0.009999999776482582,156.52975463867188,0.5
4488,154.21846247900353,13.73414048690273,544.0784486917092,9171.880267223525,0.009999999776482582,227.542724609375,1.0
4489,155.16247311776795,306275.84633548267,532.7799158253093,9238.633318548915,0.009999999776482582,139.87704467773438,0.5
4490,151.31566483576725,223003.31464877428,497.80079486700754,8966.617114342325,0.009999999776482582,102.39344787597656,0.75
4491,154.2956768304201,429811.30853204476,329.3866258015616,9177.34026243069,0.009999999776482582,230.55152893066406,0.75
4492,148.5272606013546,266894.7118652894,508.35952417686497,8769.442968911811,0.009999999776482582,85.25582885742188,0.75
4493,156.9737088215486,216833.07566695267,553.7712231287989,9366.709745796707,0.009999999776482582,118.18063354492188,0.75
4494,152.057605136244,408155.90078465646,447.6691152665185,9019.081331295352,0.009999999776482582,142.79652404785156,0.5
4495,157.56538435078807,102955.51385746808,606.3580897551088,9408.548413020835,0.009999999776482582,157.29164123535156,0.75
4496,149.37220214074978,197548.4735186578,761.4318277297778,8829.190628133136,0.009999999776482582,81.43484497070312,0.75
4497,156.8775416559658,3.6788133228233585e-17,inf,9359.909555760325,0.009999999776482582,256.6445617675781,1.0
4498,151.76465981764775,6.974686489065875e-08,649.1882077378349,8998.366528850558,0.009999999776482582,134.11366271972656,1.0
4499,147.2069766366034,263329.30555237475,635.0158690189347,8676.08280998555,0.009999999776482582,97.50182342529297,0.75
4500,149.68357473813458,262680.1311736799,326.6714246606784,8851.208463654306,0.009999999776482582,138.91510009765625,0.75
4501,147.847225378162,0.0,inf,8721.356194999746,0.009999999776482582,84.59789276123047,1.0
4502,154.7809439243469,164550.14844836708,609.2556419771149,9211.654557097769,0.009999999776482582,164.00875854492188,0.75
4503,155.60197963276585,274239.10842860147,407.0601751334327,9269.711782867813,0.009999999776482582,203.097412109375,0.75
4504,154.08637752623892,254589.0322527697,383.66685489318235,9162.540252112307,0.009999999776482582,150.61138916015625,0.75
4505,157.5868689135211,320135.7470771466,520.2503420202664,9410.067633313414,0.009999999776482582,190.62490844726562,0.25
4506,158.46371236507235,350030.6804370183,457.2019850513081,9472.071146327151,0.009999999776482582,212.2626953125,0.5
4507,149.70717274320103,0.0,inf,8852.87713006408,0.009999999776482582,46.49257278442383,1.0
4508,142.05282330565618,0.0,inf,8311.621385811366,0.009999999776482582,80.21745300292969,1.0
4509,143.75033117670804,253410.7080341113,329.8956922853204,8431.655869945882,0.009999999776482582,123.75482940673828,0.75
4510,148.87634404374066,111667.16091892328,722.0298739395946,8794.12742053721,0.009999999776482582,120.8710708618164,0.75
4511,153.69728308555378,176661.29111468463,539.5448833554118,9135.02653552594,0.009999999776482582,219.8663330078125,0.75
4512,149.0733433232366,223964.81901605683,376.77921321852364,8808.057669281512,0.009999999776482582,61.19330978393555,0.75
4513,149.03144990952006,237961.35050905964,496.658736965672,8805.095294620485,0.009999999776482582,119.30790710449219,0.5
4514,157.9390133119881,345617.7161377476,569.972680571144,9434.968531819795,0.009999999776482582,122.66470336914062,0.25
4515,159.0753311887582,346039.8812548421,423.5180773183943,9515.320047401523,0.009999999776482582,151.81690979003906,0.5
4516,147.82501765469917,0.0,inf,8719.785838434616,0.009999999776482582,118.56588745117188,1.0
4517,147.42806292284592,0.0,inf,8691.716303515033,0.009999999776482582,105.42379760742188,1.0
4518,151.68988298352653,212186.47480565216,413.51497103951647,8993.078895808014,0.009999999776482582,117.7637939453125,0.75
4519,153.0510798937421,311060.70682490995,419.95917397857477,9089.332098346615,0.009999999776482582,151.33291625976562,0.5
4520,151.58139803547348,162610.13008287677,598.5962504042352,8985.407688505842,0.009999999776482582,165.2716064453125,0.75
4521,134.1411493921,0.0,inf,7752.169666588553,0.009999999776482582,17.658906936645508,1.0
4522,150.44858693061136,303822.2906432204,303.0654367051568,8905.304144414633,0.009999999776482582,258.2471923828125,0.75
4523,151.19636515645792,0.0,inf,8958.181173804132,0.009999999776482582,67.48904418945312,1.0
4524,146.58962453917817,156641.32077424496,667.5859127680161,8632.428496619756,0.009999999776482582,130.07638549804688,0.75
4525,151.08743326894663,181108.36777287401,399.87952076461653,8950.47836243801,0.009999999776482582,152.316650390625,0.75
4526,153.84076170001757,251560.41802322987,530.2854981959402,9145.172221307548,0.009999999776482582,131.2764129638672,0.75
4527,153.82897175274425,275668.96489758015,391.80714140155976,9144.338528419838,0.009999999776482582,163.25970458984375,0.75
4528,146.91560642006274,0.0,inf,8655.47938644269,0.009999999776482582,75.21620178222656,1.0
4529,144.19816510558167,0.0,inf,8463.323183863531,0.009999999776482582,59.659027099609375,1.0
4530,143.3593510715558,0.0,inf,8404.00881391207,0.009999999776482582,127.0237045288086,1.0
4531,141.574488040026,0.0,inf,8277.797255842717,0.009999999776482582,204.34939575195312,1.0
4532,143.76071667903062,0.0,inf,8432.390251467776,0.009999999776482582,67.52152252197266,1.0
4533,151.5018945204116,377837.34849637916,332.39695142559333,8979.785821544236,0.009999999776482582,182.35153198242188,0.5
4534,156.96508541762125,449149.03305242414,369.22061320977184,9366.099966095797,0.009999999776482582,220.34970092773438,0.25
4535,155.4020253720848,246527.76706017304,579.0494607303075,9255.57258095856,0.009999999776482582,191.07583618164062,0.5
4536,148.9148301125352,1.59742429333145e-21,inf,8796.848854406766,0.009999999776482582,65.40077209472656,1.0
4537,153.33590044726782,185963.69347457142,275.19545218186835,9109.472380931686,0.009999999776482582,125.01520538330078,0.75
4538,162.3137585514411,570758.7044191738,417.317850884705,9744.316309814063,0.009999999776482582,224.8980712890625,0.0
4539,152.64345287773125,0.0,inf,9060.507902936059,0.009999999776482582,94.67967224121094,1.0
4540,157.25313304211937,284617.3851114227,408.0069163702199,9386.468441908153,0.009999999776482582,294.7705078125,0.75
4541,152.55427877613928,93918.8264300942,507.81195316842457,9054.202207707607,0.009999999776482582,176.32745361328125,1.0
4542,151.23926498527064,0.0,inf,8961.214714271784,0.009999999776482582,171.23703002929688,1.0
4543,146.02082630933384,101525.11306585655,438.34789727399755,8592.207533135395,0.009999999776482582,98.64891052246094,0.75
4544,139.08637176670433,0.0,inf,8101.857127123432,0.009999999776482582,135.4678955078125,1.0
4545,146.91116590943324,280083.66683736077,577.0467976122122,8655.165388250518,0.009999999776482582,88.91877746582031,0.75
4546,142.28433239616498,0.0,inf,8327.991898564545,0.009999999776482582,33.19268035888672,1.0
4547,146.2930019476714,208505.43102285982,326.87549447053124,8611.453666186659,0.009999999776482582,110.33002471923828,0.75
4548,148.53754501438397,440043.73016592703,422.9488291665601,8770.170202189287,0.009999999776482582,248.09634399414062,0.5
4549,157.10976675355573,228513.0888939088,393.50171029032794,9376.33069893595,0.009999999776482582,173.41787719726562,0.75
4550,154.24567846708487,236380.3633182645,514.5718481317773,9173.804769103761,0.009999999776482582,61.927913665771484,0.75
4551,156.55428473263117,279942.2863163151,549.1698027083711,9337.051353629373,0.009999999776482582,158.39617919921875,0.75
4552,154.5976356957231,432181.2997909093,370.1535381470499,9198.692432423299,0.009999999776482582,137.06336975097656,0.5
4553,153.33296607567854,119254.91579300488,715.7469887674473,9109.26488511621,0.009999999776482582,179.3267822265625,0.75
4554,156.44824475687193,483869.0332797223,414.8447079107616,9329.553035651024,0.009999999776482582,211.84605407714844,0.25
4555,154.88650042036082,255855.45850174583,441.6017634004803,9219.118687168768,0.009999999776482582,165.03689575195312,0.75
4556,148.69433618121892,310119.4643539783,305.7778394297323,8781.257247586149,0.009999999776482582,137.0899658203125,0.5
4557,155.57407725662944,333870.3751078233,358.0091641004481,9267.738744991066,0.009999999776482582,106.2371597290039,0.5
4558,148.59412420408222,285069.28076495836,554.1445252713623,8774.171040102323,0.009999999776482582,55.456031799316406,0.75
4559,145.8606728756029,7.320559881927947,557.7884291823193,8580.882734512605,0.009999999776482582,69.47441101074219,1.0
4560,150.22325935364714,113490.75404857966,386.9380458752158,8889.370739967195,0.009999999776482582,163.06243896484375,0.75
4561,150.09482969125654,0.0,inf,8880.289198411176,0.009999999776482582,185.65005493164062,1.0
4562,149.14611492973197,379932.12760557217,367.75116415310674,8813.203508304869,0.009999999776482582,92.43548583984375,0.75
4563,150.95816436906932,147285.06570473395,622.1105360023749,8941.33747656878,0.009999999776482582,93.51829528808594,0.75
4564,153.34484701189845,3.1677428950420877e-15,inf,9110.105012030795,0.009999999776482582,149.20556640625,1.0
4565,145.3976316392287,5.951884161400387e-16,inf,8548.140078711696,0.009999999776482582,44.73741912841797,1.0
4566,143.55181557368525,0.0,inf,8417.618398657618,0.009999999776482582,50.80459213256836,1.0
4567,150.49267051439847,0.0,inf,8908.421390778509,0.009999999776482582,203.04367065429688,1.0
4568,146.61715759546976,0.0,inf,8634.375419084721,0.009999999776482582,220.51504516601562,1.0
4569,149.75301163499694,277754.1515224063,364.62297034755727,8856.118498085903,0.009999999776482582,343.60565185546875,0.75
4570,156.34279168838123,497396.89620311983,393.46828485561457,9322.096219165784,0.009999999776482582,216.04681396484375,0.25
4571,155.35048109200457,363777.7090433602,724.3734821953748,9251.927772486666,0.009999999776482582,149.01568603515625,0.75
4572,149.36238670884353,0.0,inf,8828.49655753381,0.009999999776482582,81.46540832519531,1.0
4573,149.69764717447114,311112.02191487106,559.9725910124205,8852.203556322198,0.009999999776482582,105.54785919189453,0.5
4574,143.3802562089377,215262.18420890512,591.3962135135793,8405.48706177424,0.009999999776482582,75.4324722290039,0.75
4575,148.67638837866215,228982.61762785344,521.820416495432,8779.988119319949,0.009999999776482582,102.24202728271484,0.75
4576,154.021112703971,313533.4165519775,650.0266336771136,9157.925234175333,0.009999999776482582,107.64729309082031,0.75
4577,152.93970484171209,323299.6804009679,364.73681182101944,9081.45652548839,0.009999999776482582,147.5707550048828,0.75
4578,150.19497797617473,0.0,inf,8887.370902079307,0.009999999776482582,122.84896087646484,1.0
4579,149.52644560777932,0.0,inf,8840.097520119763,0.009999999776482582,143.5835418701172,1.0
4580,153.4476720044796,269386.69017955806,420.81173650118365,9117.375991536162,0.009999999776482582,160.039306640625,0.5
4581,147.94437559110847,4.255578622036884e-15,inf,8728.22589845942,0.009999999776482582,112.14729309082031,1.0
4582,154.77989288603885,312159.2898574369,614.3415088767116,9211.5802358865,0.009999999776482582,125.70457458496094,0.25
4583,151.54569487697762,315540.93220661813,407.5604150486528,8982.883040293538,0.009999999776482582,130.30630493164062,0.5
4584,152.90377670274256,0.0,inf,9078.91596841607,0.009999999776482582,96.85659790039062,1.0
4585,156.45582893219526,117006.51830876347,547.8781122970045,9330.089329230597,0.009999999776482582,198.9261016845703,0.75
4586,149.5265874775531,259821.8409212959,374.1976715518331,8840.10755204091,0.009999999776482582,81.77690124511719,0.75
4587,150.147889265531,6.678502554967465e-06,533.7792665372782,8884.041156640675,0.009999999776482582,127.68434143066406,1.0
4588,155.11097003097063,391674.7658216799,326.9586144832661,9234.991422943907,0.009999999776482582,210.62413024902344,0.5
4589,148.8922018367374,7.751154846731943e-19,inf,8795.248759668732,0.009999999776482582,85.96623229980469,1.0
4590,145.7012005259054,0.0,inf,8569.606096827385,0.009999999776482582,77.84022521972656,1.0
4591,155.7735723533833,195044.8836246266,369.5399918525188,9281.845478417506,0.009999999776482582,325.311279296875,0.75
4592,156.36285702390697,226519.19614278048,516.7966875414199,9323.515082806944,0.009999999776482582,180.48196411132812,0.75
4593,153.0614780580386,236138.06402243872,482.15773440950954,9090.067375224302,0.009999999776482582,110.14276123046875,0.75
4594,150.81126888640566,341973.1933561545,407.90209151517405,8930.95017658395,0.009999999776482582,80.68135070800781,0.5
4595,150.95051818056174,242217.12557408458,692.1694713411644,8940.796797901685,0.009999999776482582,105.10020446777344,0.75
4596,146.83287585761298,1.2885302190769319e-14,inf,8649.62932792151,0.009999999776482582,84.72688293457031,1.0
4597,142.12288235753363,0.0,inf,8316.575414181116,0.009999999776482582,144.0958709716797,1.0
4598,149.73621317680482,0.0,inf,8854.930642466657,0.009999999776482582,115.67557525634766,1.0
4599,150.85630697393188,253417.96612536017,382.2264478791287,8934.134917989166,0.009999999776482582,137.5869903564453,0.5
4600,149.38967449299597,215262.03242112824,404.94601436045104,8830.426136270833,0.009999999776482582,498.7755432128906,0.75
4601,156.45609842559062,5.67268730366583e-09,438.88283300107673,9330.108385696398,0.009999999776482582,152.20628356933594,1.0
4602,152.1592304551283,257360.91289358697,383.47086832461656,9026.267479256905,0.009999999776482582,134.12863159179688,0.75
4603,154.3747842022704,313801.8718533803,329.57824433642946,9182.934117241744,0.009999999776482582,95.37928771972656,0.75
4604,153.7294623761586,233549.2465823837,534.0688655132096,9137.302003353474,0.009999999776482582,101.6392593383789,0.5
4605,151.0168160460147,218817.96575960302,685.9765298784796,8945.484864575528,0.009999999776482582,119.74163055419922,0.75
4606,151.19440907102128,239433.5168499853,457.1285951843107,8958.04285473633,0.009999999776482582,107.2469711303711,0.75
4607,156.11999581581068,256856.93843253716,331.93920928853845,9306.34183705813,0.009999999776482582,234.83299255371094,0.75
4608,157.5115669725991,390780.32161457516,388.95484458150514,9404.742868823634,0.009999999776482582,313.9436950683594,0.5
4609,155.11434243330186,84547.04270443037,647.8891732486467,9235.229892868569,0.009999999776482582,168.22239685058594,0.75
4610,157.08712169959549,627443.1496650593,297.2280137421326,9374.729417777453,0.009999999776482582,449.5540771484375,0.5
4611,152.29811120894004,0.0,inf,9036.088040283039,0.009999999776482582,102.34744262695312,1.0
4612,155.34888717269976,334932.601911454,341.69060641202134,9251.815062975997,0.009999999776482582,222.34173583984375,0.5
4613,147.97708675500505,238326.67468562716,564.7623877291065,8730.538976207525,0.009999999776482582,117.72508239746094,0.75
4614,148.87925893167133,166125.4124542331,387.0306770112952,8794.333538620685,0.009999999776482582,269.78466796875,0.75
4615,154.21639548130503,257863.70635290106,311.86083399317107,9171.734105307765,0.009999999776482582,95.89244079589844,0.75
4616,156.0139493788287,271300.11175644665,498.01250405543163,9298.843062192625,0.009999999776482582,190.1318817138672,0.75
4617,153.01527364077563,0.05100273834149316,565.7452246671736,9086.800160099425,0.009999999776482582,121.58444213867188,1.0
4618,152.95771642526066,0.0,inf,9082.730163847638,0.009999999776482582,138.20977783203125,1.0
4619,153.9728288584462,420521.9804947915,301.80346628716546,9154.510978142454,0.009999999776482582,197.16091918945312,0.5
4620,149.9652192577921,0.0,inf,8871.12416195705,0.009999999776482582,78.7650146484375,1.0
4621,146.2997148200076,0.0,inf,8611.928348031544,0.009999999776482582,99.8761978149414,1.0
4622,159.13205259865424,304352.83366271295,383.2102538167048,9519.33094201495,0.009999999776482582,179.99319458007812,0.5
4623,153.36225417354754,166437.36499836703,549.927000598265,9111.335910399179,0.009999999776482582,90.02365112304688,0.75
4624,149.80294527276652,183538.0737371327,465.4780542260948,8859.64941452691,0.009999999776482582,110.16960144042969,0.75
4625,156.44039170887947,433651.674003765,437.9785758740619,9328.997729498557,0.009999999776482582,146.64193725585938,0.25
4626,157.950467817043,254936.715523077,478.20585385295453,9435.77850485658,0.009999999776482582,246.27783203125,0.5
4627,155.6386218716145,0.0,inf,9272.302835500168,0.009999999776482582,147.66818237304688,1.0
4628,158.80515710698668,261990.73231014426,593.1691812729783,9496.215448780802,0.009999999776482582,276.09844970703125,0.5
4629,150.21430066230874,0.0,inf,8888.737251362127,0.009999999776482582,92.02694702148438,1.0
4630,148.60796099717942,289607.8754083681,513.985306846856,8775.14946992278,0.009999999776482582,156.72653198242188,0.75
4631,158.08994820844347,405376.87082525186,322.1888782341448,9445.64146756453,0.009999999776482582,248.63095092773438,0.5
4632,159.65582955693876,345527.983489163,445.9924983120108,9556.36835318776,0.009999999776482582,194.42837524414062,0.25
4633,152.34147332471005,234753.73931377765,442.70494146412966,9039.154270069772,0.009999999776482582,80.77183532714844,0.75
4634,149.06251595934896,0.9331593599725726,562.8846707208771,8807.292042764573,0.009999999776482582,133.70362854003906,1.0
4635,151.96932490665822,0.0,inf,9012.838843706155,0.009999999776482582,90.16258239746094,1.0
4636,149.83866135088368,287081.06491777924,457.04790018984875,8862.174976313814,0.009999999776482582,234.65020751953125,0.5
4637,152.13372911533546,236849.940998796,302.2377413128559,9024.46422389711,0.009999999776482582,144.90252685546875,0.75
4638,130.12362696924572,0.0,inf,7468.081893123713,0.009999999776482582,10.708974838256836,1.0
4639,150.7797759558221,301942.69461330085,346.1322779597234,8928.723242770595,0.009999999776482582,214.80313110351562,0.5
4640,149.24074774327568,180643.68950902572,486.63279083444166,8819.89520096187,0.009999999776482582,131.3968048095703,0.75
4641,153.1802718575089,161431.26724975515,329.5248824542541,9098.46754389566,0.009999999776482582,81.9685287475586,0.75
4642,149.69034492640242,248018.7582962464,409.34819060687016,8851.687198433732,0.009999999776482582,92.74940490722656,0.75
4643,139.02777148075367,0.0,inf,8097.713373086013,0.009999999776482582,188.81903076171875,1.0
4644,153.08837474723526,0.0,inf,9091.969298783952,0.009999999776482582,270.8798522949219,1.0
4645,155.06844286156948,477335.8328068041,297.29780694242294,9231.984234036085,0.009999999776482582,229.3302459716797,0.5
4646,154.9437677270546,331699.57944300544,363.0249047983088,9223.168183335463,0.009999999776482582,222.22482299804688,0.5
4647,158.42245277113565,248216.34053688808,434.91801898844375,9469.15359044523,0.009999999776482582,151.0856170654297,0.75
4648,154.4192429499355,395395.79318829405,363.41673046608196,9186.077892261732,0.009999999776482582,200.2611846923828,0.5
4649,148.52578627707797,0.0,inf,8769.338716226443,0.009999999776482582,137.81353759765625,1.0
4650,156.403368336658,465620.31983152474,453.1693524676673,9326.379726094088,0.009999999776482582,300.3714904785156,0.5
4651,152.91076812836107,3.834739459064999e-21,inf,9079.410347371122,0.009999999776482582,140.36807250976562,1.0
4652,149.84373107528168,2.758576499015625e-05,583.2836091847381,8862.533467583986,0.009999999776482582,246.1420440673828,1.0
4653,158.41577081896895,350079.2422082265,382.74522597958145,9468.681095032975,0.009999999776482582,265.8074951171875,0.25
4654,153.87848602672148,0.00039742719035615976,623.7802605663478,9147.839790732378,0.009999999776482582,133.654052734375,1.0
4655,150.01133927718774,301154.73623801745,351.2826055774478,8874.38540912464,0.009999999776482582,132.20669555664062,0.75
4656,146.7467469483579,77928.65774316674,383.13288152930755,8643.538964885316,0.009999999776482582,56.205894470214844,0.75
4657,156.04604742049014,430880.15938730165,319.27527081677357,9301.112784730156,0.009999999776482582,309.11529541015625,0.75
4658,154.3930007663756,0.0,inf,9184.222250223253,0.009999999776482582,223.52914428710938,1.0
4659,155.51026188086374,156405.34068411696,577.0074188910296,9263.226220577768,0.009999999776482582,342.41436767578125,0.75
4660,159.6375522950672,493868.9898022648,385.89971761996924,9555.0759281348,0.009999999776482582,187.02471923828125,0.25
4661,145.19557063069772,0.0,inf,8533.851904066774,0.009999999776482582,61.326786041259766,1.0
4662,153.12677542766568,207749.60117970238,352.05663016075397,9094.684694656033,0.009999999776482582,190.6756591796875,0.75
4663,151.06169753202806,309395.5828278989,460.15400328655403,8948.658532346191,0.009999999776482582,130.04672241210938,0.75
4664,143.10377829526718,240462.9967079259,408.17574801371745,8385.936705450138,0.009999999776482582,136.60272216796875,0.75
4665,153.60703478588366,9.48380169435411e-16,inf,9128.644881408361,0.009999999776482582,153.8968505859375,1.0
4666,149.58936866478612,0.0,inf,8844.54694672731,0.009999999776482582,140.7598114013672,1.0
4667,145.45899286214413,0.0,inf,8552.479064623998,0.009999999776482582,143.87025451660156,1.0
4668,154.5364625489438,486059.35537595995,299.63687746420237,9194.36674578481,0.009999999776482582,236.29379272460938,0.25
4669,156.12554868169536,490385.41312281456,371.22330910849405,9306.734492316642,0.009999999776482582,175.93087768554688,0.25
4670,149.49743558285408,235971.4852214987,367.2357613309495,8838.046157981174,0.009999999776482582,165.26002502441406,0.75
4671,157.63257233402453,226274.8444860512,356.47234967320065,9413.299421864658,0.009999999776482582,229.64723205566406,0.75
4672,149.75215590617506,220323.37308363788,483.4911334024074,8856.057987634409,0.009999999776482582,152.1512908935547,0.75
4673,153.28665842825203,156615.60988509862,361.6916471432694,9105.990370361305,0.009999999776482582,137.00743103027344,0.75
4674,146.39139024687373,250439.8793836867,466.9000983437543,8618.410917425976,0.009999999776482582,162.42959594726562,0.75
4675,151.18474724902222,217203.87658668842,538.2654623775995,8957.359646228591,0.009999999776482582,168.87240600585938,0.75
4676,150.4868722810826,0.0,inf,8908.011385053745,0.009999999776482582,148.65771484375,1.0
4677,153.95530317092258,118117.23404629956,559.9533131476117,9153.271698550956,0.009999999776482582,125.09678649902344,0.75
4678,152.3951028420008,386177.36487365357,417.2978717271804,9042.946530213103,0.009999999776482582,114.40912628173828,0.5
4679,151.07268927620456,28144.555643218984,436.6323034782792,8949.4357825519,0.009999999776482582,108.2181625366211,1.0
4680,153.88509289003306,244307.64236744586,311.12523332368875,9148.306976447906,0.009999999776482582,125.76947021484375,0.75
4681,151.61240662672458,297594.4808289361,362.2952042156762,8987.600373628566,0.009999999776482582,168.89230346679688,0.5
4682,157.61788072171265,269979.2092423175,407.8576132665621,9412.260545913015,0.009999999776482582,117.52684020996094,0.75
4683,151.00127234459714,3.4710774321736065e-20,inf,8944.385735544662,0.009999999776482582,172.25482177734375,1.0
4684,155.51855821659376,361401.8727414223,377.44812300459057,9263.812872573051,0.009999999776482582,127.59950256347656,0.5
4685,157.81372581081396,379742.0188135567,299.5819923341727,9426.109179337016,0.009999999776482582,184.7122802734375,0.5
4686,151.27081973803396,3.1008773148637074e-15,inf,8963.446019666317,0.009999999776482582,70.4854736328125,1.0
4687,145.78352523941686,0.0,inf,8575.427456884907,0.009999999776482582,81.69001770019531,1.0
4688,145.57215665870223,236450.39760032672,356.51719221207753,8560.481123509378,0.009999999776482582,290.0865783691406,0.75
4689,153.36222641286435,313408.2506811825,387.78418745001625,9111.33394738072,0.009999999776482582,241.2099609375,0.5
4690,160.33657813142872,444280.5832324116,435.27056431996624,9604.50556972601,0.009999999776482582,308.8270568847656,0.25
4691,152.96639036827102,305789.0109010243,341.91812564604464,9083.343517277342,0.009999999776482582,114.29014587402344,0.75
4692,152.73851266861334,293599.1495745699,526.6202959570161,9067.229788091969,0.009999999776482582,136.7198028564453,0.75
4693,152.95188372855858,3.1697509727927358e-18,inf,9082.317721141666,0.009999999776482582,147.268798828125,1.0
4694,142.91943577492495,87932.49270296223,516.9525140917092,8372.90144375228,0.009999999776482582,58.865516662597656,0.75
4695,152.16866130120428,306065.834707461,448.44428556200967,9026.934354953324,0.009999999776482582,142.49989318847656,0.5
4696,156.62035222932278,195927.38511399616,508.6291904622654,9341.723130425626,0.009999999776482582,125.39324951171875,0.75
4697,151.84454211091048,92345.30269563747,444.3159667745154,9004.015180044931,0.009999999776482582,155.42056274414062,0.75
4698,154.30064242396736,230520.7688703764,416.73874830456657,9177.691390381277,0.009999999776482582,206.56324768066406,0.75
4699,153.8025819261605,436577.51441909926,372.08655775879595,9142.472446221105,0.009999999776482582,155.005126953125,0.5
4700,148.6477796071164,194544.38675864052,516.2757554772936,8777.965130683031,0.009999999776482582,188.287353515625,0.75
4701,149.26273202503515,296098.1250889877,435.7698818053537,8821.449757476785,0.009999999776482582,251.06854248046875,0.5
4702,150.64457728947684,129732.0103262688,581.0810905208426,8919.16305018052,0.009999999776482582,150.32443237304688,0.75
4703,157.21030677684433,304697.95649608626,445.22754862020815,9383.440103278706,0.009999999776482582,159.2003936767578,0.25
4704,155.997350541871,260480.31304807562,334.5066547699229,9297.669322226273,0.009999999776482582,225.66639709472656,0.75
4705,148.8921334763413,6.947238278066289e-17,inf,8795.243925756015,0.009999999776482582,87.22277069091797,1.0
4706,147.20726323037977,2.89220071370811e-17,inf,8676.103075656589,0.009999999776482582,35.768802642822266,1.0
4707,154.27849821959532,253574.19471687503,326.06237871235277,9176.125525389605,0.009999999776482582,415.20697021484375,0.75
4708,151.64884581021303,205678.2246118478,503.0642484916194,8990.1770677735,0.009999999776482582,86.32722473144531,0.75
4709,148.65027413777602,0.0,inf,8778.141524386996,0.009999999776482582,264.2509765625,1.0
4710,156.4366111836805,288342.2706262806,293.3804675705714,9328.730400315726,0.009999999776482582,238.77581787109375,0.5
4711,156.8855464293031,364797.09702694596,452.46089539843047,9360.475590742866,0.009999999776482582,216.93446350097656,0.5
4712,151.47853038543857,330497.49334209884,576.7503099431306,8978.133692598878,0.009999999776482582,226.12890625,0.75
4713,158.14419362579937,265698.957090195,642.9431722276686,9449.477279344856,0.009999999776482582,282.25830078125,0.5
4714,156.28104045009465,348915.615773951,511.1708317529744,9317.729654415894,0.009999999776482582,152.731201171875,0.5
4715,143.58589200922458,0.0,inf,8420.028017741488,0.009999999776482582,29.719175338745117,1.0
4716,150.06926949074193,302054.97613353777,476.33160673483997,8878.481780881357,0.009999999776482582,170.6271209716797,0.75
4717,157.79881731600608,257055.9860374552,423.55378215161494,9425.054967151022,0.009999999776482582,119.36807250976562,0.75
4718,155.95079501243845,325575.04282340873,475.76369547681315,9294.377279194048,0.009999999776482582,262.993896484375,0.25
4719,148.09059601431915,242716.44412708693,362.5382878044536,8738.5654635179,0.009999999776482582,77.12637329101562,0.75
4720,153.33273247552708,61419.33668208173,570.0847643139882,9109.248366739976,0.009999999776482582,155.91342163085938,0.75
4721,142.12973310914944,0.0,inf,8317.0598457706,0.009999999776482582,42.021209716796875,1.0
4722,145.52356137244672,160589.56370761548,405.61380996928693,8557.044844823122,0.009999999776482582,126.60020446777344,0.75
4723,152.6655613694027,310994.29441228806,370.067597513393,9062.071242604776,0.009999999776482582,229.71115112304688,0.75
4724,148.6075660836925,0.0,inf,8775.12154472874,0.009999999776482582,71.41529846191406,1.0
4725,153.4082640599018,128743.51059085515,471.210832683314,9114.589369819192,0.009999999776482582,225.4974365234375,0.75
4726,156.01167721937512,464149.5727226479,370.08518929486684,9298.682392841672,0.009999999776482582,226.07342529296875,0.25
4727,154.41431549383503,0.0,inf,9185.729461093193,0.009999999776482582,66.61888885498047,1.0
4728,154.50406492002966,166046.63219607025,400.8135268991965,9192.075838779188,0.009999999776482582,239.29949951171875,0.75
4729,153.87288199484752,199115.13605592411,826.7576201542182,9147.443517415159,0.009999999776482582,151.18304443359375,0.75
4730,157.82372538914325,180441.8320460705,528.6643287285457,9426.816271331574,0.009999999776482582,183.8985595703125,0.75
4731,157.90373393760126,306896.0965052786,431.35079231154265,9432.47385030619,0.009999999776482582,223.56578063964844,0.5
4732,150.99166479536876,209868.5900182158,590.1538201436005,8943.706364782916,0.009999999776482582,96.53609466552734,0.75
4733,153.52414222754706,5858.496939817767,354.64768505676267,9122.783367804683,0.009999999776482582,176.82583618164062,1.0
4734,150.60801936628914,0.0,inf,8916.577959692459,0.009999999776482582,62.103973388671875,1.0
4735,151.10930537219352,226037.0680509653,598.5921324812347,8952.024986565622,0.009999999776482582,186.86105346679688,0.75
4736,156.78971130702166,402579.0047856639,470.0369797404548,9353.698880212569,0.009999999776482582,235.51150512695312,0.5
4737,161.13752250751128,371017.4348356116,485.1640121793289,9661.14209356371,0.009999999776482582,204.01727294921875,0.25
4738,149.89330999792313,1.405192811058034e-10,inf,8866.039301344583,0.009999999776482582,111.82969665527344,1.0
4739,150.66233253821005,121672.18817503555,474.5311274622987,8920.41856254586,0.009999999776482582,119.87744140625,0.75
4740,151.23259986224247,204233.57827127734,323.08822025138426,8960.74340888462,0.009999999776482582,420.9857177734375,0.75
4741,147.91941231861267,0.0,inf,8726.460691011816,0.009999999776482582,98.67400360107422,1.0
4742,151.3194914553338,397426.4660038314,334.38123070245763,8966.887702958427,0.009999999776482582,120.12458038330078,0.75
4743,151.17674074528645,215923.7025124695,705.6103907947871,8956.7934888858,0.009999999776482582,167.10018920898438,0.75
4744,158.43790502251917,432022.63875561144,424.4949037427387,9470.246252844721,0.009999999776482582,293.2492370605469,0.0
4745,156.2096624445884,348036.7399606791,309.52133638345674,9312.682359958175,0.009999999776482582,275.64105224609375,0.5
4746,157.93002415766702,324373.834859386,402.78753275927176,9434.332889110776,0.009999999776482582,143.42864990234375,0.5
4747,156.19981640403205,431184.7080905515,303.60316420536736,9311.986124954436,0.009999999776482582,140.65435791015625,0.5
4748,154.7819963541565,0.0,inf,9211.728976705144,0.009999999776482582,142.43287658691406,1.0
4749,148.7791177957006,0.0,inf,8787.252340470222,0.009999999776482582,276.7341613769531,1.0
4750,152.3736596866082,0.0,inf,9041.430237923882,0.009999999776482582,230.6009521484375,1.0
4751,157.48795154445335,372579.11326669593,486.1147100686076,9403.072970389918,0.009999999776482582,272.37408447265625,0.5
4752,153.95105472474725,289771.1530915781,354.83078735366826,9152.971281655267,0.009999999776482582,210.192626953125,0.75
4753,156.61139046861092,377029.6047412187,307.64676000494364,9341.089424778465,0.009999999776482582,197.0169677734375,0.75
4754,146.92818364440512,0.0,inf,8656.368749409146,0.009999999776482582,133.70156860351562,1.0
4755,145.80133266009992,0.0,inf,8576.68665844262,0.009999999776482582,150.72988891601562,1.0
4756,156.04298742097816,313016.57390328374,356.9344963970595,9300.89640549025,0.009999999776482582,217.6986541748047,0.75
4757,160.46610584847795,450325.07535624143,315.7432786128859,9613.664757121998,0.009999999776482582,380.9099426269531,0.25
4758,156.17684948447265,1.6163829621400208e-08,405.54135130310465,9310.362083977376,0.009999999776482582,121.64336395263672,1.0
4759,153.14991140335016,331044.3683455793,415.05743350208996,9096.320689960441,0.009999999776482582,161.74755859375,0.75
4760,155.25806100161577,0.0,inf,9245.3925463103,0.009999999776482582,231.4735565185547,1.0
4761,145.31417024698487,160905.82111785898,614.3944976149883,8542.238341621705,0.009999999776482582,100.77164459228516,0.75
4762,145.8721991158152,2.1335728432407285e-15,inf,8581.697780098835,0.009999999776482582,135.8085479736328,1.0
4763,144.15628454975777,0.0,inf,8460.361718412138,0.009999999776482582,123.04048919677734,1.0
4764,151.4001558823331,154741.14459992043,624.5751051267913,8972.591660535289,0.009999999776482582,61.943878173828125,0.75
4765,149.66622958123006,367487.9379948016,324.4600855007568,8849.981949776655,0.009999999776482582,154.746337890625,0.75
4766,147.84754898328237,128184.87318335217,301.0880384602526,8721.379077823647,0.009999999776482582,126.03897094726562,0.75
4767,137.41650684968914,0.0,inf,7983.777336563145,0.009999999776482582,47.25302505493164,1.0
4768,157.721876143283,152737.8982793132,591.4408547014681,9419.614289005123,0.009999999776482582,270.8607482910156,0.75
4769,153.13369056173954,180727.7200579875,468.9136444021445,9095.173678869558,0.009999999776482582,181.28651428222656,0.75
4770,159.72676260383594,259232.19259305362,312.18484434075503,9561.384183651695,0.009999999776482582,335.19427490234375,0.75
4771,149.2259324858691,248051.15325041304,643.9638256834448,8818.847581795886,0.009999999776482582,149.77325439453125,0.75
4772,158.0545024907512,345670.6990525654,307.35698649049726,9443.135023552972,0.009999999776482582,278.3941650390625,0.25
4773,153.9621672418357,556.2578844119089,427.129313952598,9153.757071977005,0.009999999776482582,119.847412109375,1.0
4774,159.3435092945903,380618.79152398155,365.50353760459825,9534.28350620998,0.009999999776482582,286.8974304199219,0.25
4775,154.85595649161488,336165.8310644875,360.3402649599917,9216.958859345297,0.009999999776482582,160.4311065673828,0.5
4776,138.0741185367538,3.8364801825891485e-19,inf,8030.278493325805,0.009999999776482582,96.5835952758789,1.0
4777,153.09713219673225,315611.2058258725,311.37907557501825,9092.588557139468,0.009999999776482582,134.47213745117188,0.75
4778,150.97610802822626,0.0,inf,8942.60631184614,0.009999999776482582,101.78469848632812,1.0
4779,152.27573419699866,0.0,inf,9034.505712960345,0.009999999776482582,270.64208984375,1.0
4780,151.71448233168093,207448.43791430877,451.73352484522513,8994.81836937165,0.009999999776482582,325.28131103515625,0.75
4781,155.5428579734282,267402.7578857587,522.7039086465899,9265.53116138099,0.009999999776482582,290.35198974609375,0.75
4782,143.58354359945503,0.0,inf,8419.861956564375,0.009999999776482582,106.0855712890625,1.0
4783,149.25060008198344,0.0,inf,8820.59188132163,0.009999999776482582,153.9991455078125,1.0
4784,152.69741376249314,280944.7567857069,394.6245020662708,9064.323594796046,0.009999999776482582,330.69464111328125,0.5
4785,157.8247113751365,298953.60503454885,295.6341318103515,9426.885992551772,0.009999999776482582,384.7335205078125,0.5
4786,159.48914000332226,302609.45238797256,525.6378115962775,9544.581371271399,0.009999999776482582,253.08163452148438,0.75
4787,153.31340388930826,255558.9631079881,644.0020099863667,9107.881600249293,0.009999999776482582,268.0883483886719,0.75
4788,155.24481773634338,411575.3263476169,332.81171254951477,9244.456086136926,0.009999999776482582,171.80999755859375,0.5
4789,153.6719059675037,5.660692426775972e-12,inf,9133.232064156524,0.009999999776482582,144.75830078125,1.0
4790,147.54091988006198,249182.30759326485,376.53581337018755,8699.696665121264,0.009999999776482582,85.15914916992188,0.5
4791,141.71616191078,1.1593777766211804e-08,385.3347023714498,8287.81532426013,0.009999999776482582,51.71870803833008,1.0
4792,153.6110976084465,234921.0403846568,298.96161078359614,9128.932172453533,0.009999999776482582,242.00946044921875,0.75
4793,150.60392246850097,0.0,inf,8916.288259113779,0.009999999776482582,108.9222412109375,1.0
4794,157.81068675595253,331348.158387718,325.0156989495153,9425.894281139035,0.009999999776482582,342.2418518066406,0.5
4795,152.16268430319653,676075.9213454368,355.1004580171356,9026.51170838728,0.009999999776482582,274.72235107421875,0.5
4796,150.39344247690562,1.7284525633434411e-12,inf,8901.40475981305,0.009999999776482582,111.82850646972656,1.0
4797,151.93597264465643,2.407953216411223e-14,inf,9010.480432512679,0.009999999776482582,191.87899780273438,1.0
4798,150.92418797394433,113348.89872875402,322.8180965314923,8938.934931560812,0.009999999776482582,234.97296142578125,0.75
4799,155.5925038370741,1.1891866115599531e-07,657.5036480509934,9269.041728686021,0.009999999776482582,194.3345184326172,1.0
4800,155.65003496286678,0.0,inf,9273.109880076638,0.009999999776482582,230.7132568359375,1.0
4801,152.24497571650897,0.0,inf,9032.330713715095,0.009999999776482582,149.0911865234375,1.0
4802,152.99385484808485,270229.93330591766,304.3176714835305,9085.28559054999,0.009999999776482582,195.53314208984375,0.75
4803,151.81119491248606,6.47993910812612e-15,inf,9001.657126908052,0.009999999776482582,206.76763916015625,1.0
4804,153.0982339595194,261745.09423238097,356.7621107025573,9092.666465189293,0.009999999776482582,195.0766143798828,0.75
4805,150.48734959318298,170844.09901415356,308.3175343772501,8908.045136833469,0.009999999776482582,131.15170288085938,0.75
4806,149.20286100306092,0.0,inf,8817.216146923434,0.009999999776482582,153.68130493164062,1.0
4807,145.3232657532018,231882.48624098013,282.55934192925963,8542.881504705254,0.009999999776482582,102.44477844238281,0.75
4808,149.67901874637542,340858.93361287424,329.2934132364104,8850.886299539572,0.009999999776482582,388.58734130859375,0.5
4809,154.7783063134584,270253.1267555022,522.9324134945265,9211.468045878733,0.009999999776482582,160.95272827148438,0.5
4810,150.9072563404837,279550.61661167344,318.8019309067059,8937.73765882785,0.009999999776482582,271.8786926269531,0.75
4811,148.95247755087016,282141.124818819,406.07180164447465,8799.510986887319,0.009999999776482582,113.63786315917969,0.75
4812,152.45984691999013,0.0,inf,9047.5247251863,0.009999999776482582,93.6900863647461,1.0
4813,154.1490088679361,338470.8212342929,357.6028763692589,9166.969050894026,0.009999999776482582,208.87454223632812,0.75
4814,148.06056677802954,0.0,inf,8736.442030720653,0.009999999776482582,330.2044982910156,1.0
4815,150.9018726547411,180554.53394333413,366.64778884498196,8937.356966666197,0.009999999776482582,182.78932189941406,0.75
4816,158.13760436713977,392721.4703708452,445.3482896191788,9449.011338492668,0.009999999776482582,345.97210693359375,0.5
4817,148.32415427335414,0.0,inf,8755.080877447173,0.009999999776482582,85.50244903564453,1.0
4818,149.42384683164994,0.0,inf,8832.842536873122,0.009999999776482582,242.8927764892578,1.0
4819,145.18401057253587,356792.2616177257,327.32406271578094,8533.034467139569,0.009999999776482582,118.2844467163086,0.75
4820,147.4316338976699,166497.81232279364,576.7140282027101,8691.968814933782,0.009999999776482582,294.8614501953125,0.75
4821,148.67607791189803,0.0,inf,8779.966165537873,0.009999999776482582,152.57992553710938,1.0
4822,154.62986478500014,347443.71618142264,436.840170835116,9200.971421623564,0.009999999776482582,260.26141357421875,0.5
4823,142.85812885066775,0.0,inf,8368.566297416537,0.009999999776482582,96.55746459960938,1.0
4824,145.05824474058005,0.0,inf,8524.14129084389,0.009999999776482582,477.2490234375,1.0
4825,146.65969665756077,145625.1830151171,335.47477390666495,8637.383448950584,0.009999999776482582,265.0425109863281,0.75
4826,151.1763730884621,282758.83461828035,279.512138935963,8956.767491069822,0.009999999776482582,314.12841796875,0.75
4827,153.79429688638004,253353.74599056534,283.36896746867905,9141.886592987055,0.009999999776482582,191.79476928710938,0.75
4828,150.7536264555885,215480.77354431845,769.374580555905,8926.874154572277,0.009999999776482582,172.80978393554688,0.75
4829,153.84873212007378,323587.4992396145,347.7003904881832,9145.735827094653,0.009999999776482582,226.355712890625,0.75
4830,156.7517679714052,245089.29138346924,455.459426107751,9351.015824189833,0.009999999776482582,239.47622680664062,0.5
4831,152.2825678833522,314023.03357304103,427.1317125777536,9034.988937827911,0.009999999776482582,155.23202514648438,0.75
4832,154.51686123316682,1.1290352105400503e-18,inf,9192.980693992195,0.009999999776482582,209.93698120117188,1.0
4833,134.6830218090638,0.0,inf,7790.48664711405,0.009999999776482582,127.52802276611328,1.0
4834,148.40880088517588,0.0,inf,8761.066423998695,0.009999999776482582,144.38247680664062,1.0
4835,152.61743810792748,270440.1090514388,369.9819849952407,9058.668341820305,0.009999999776482582,173.09249877929688,0.5
4836,156.0872223215634,377660.4954248246,288.0218382715036,9304.02435179497,0.009999999776482582,277.88592529296875,0.25
4837,144.25642118260782,0.0,inf,8467.442598137117,0.009999999776482582,42.362552642822266,1.0
4838,146.71758599190275,269537.62794812757,357.70642566934254,8641.47693004904,0.009999999776482582,241.28189086914062,0.75
4839,151.54493026988047,207608.3397671927,320.25841686852397,8982.82897325795,0.009999999776482582,204.84681701660156,0.75
4840,156.9752674636956,194024.25480066784,583.5370975297544,9366.819960782603,0.009999999776482582,127.79447937011719,0.5
4841,153.4328314791559,131890.300673973,437.7056221751487,9116.326585620645,0.009999999776482582,110.45672607421875,0.75
4842,156.15125731280511,287977.22944526316,434.6437357962161,9308.552405697597,0.009999999776482582,197.06214904785156,0.75
4843,155.62055259385863,324040.6000675506,452.6229035845996,9271.025117457679,0.009999999776482582,199.28184509277344,0.25
4844,154.3936117404723,188185.8570331066,588.8881573027347,9184.265453534275,0.009999999776482582,249.8462677001953,0.75
4845,146.83951951042087,365336.2117099514,345.20677569729145,8650.099115102566,0.009999999776482582,286.9873962402344,0.75
4846,149.87516478274134,6.941360420896964e-18,inf,8864.756213601073,0.009999999776482582,157.08541870117188,1.0
4847,155.50743615747643,481945.11780266144,312.58684947152,9263.026407513637,0.009999999776482582,341.3770751953125,0.5
4848,157.11180815327765,267709.36209627066,461.58558407377933,9376.475050762949,0.009999999776482582,189.83126831054688,0.5
4849,157.15298848115793,607791.2259893544,318.62754969403454,9379.387001569126,0.009999999776482582,320.99688720703125,0.5
4850,149.97520596152572,0.0,inf,8871.830343560865,0.009999999776482582,114.84750366210938,1.0
4851,155.6157183257742,341306.6262277497,341.67133561421485,9270.683275817013,0.009999999776482582,262.6619567871094,0.5
4852,155.05308699414888,183821.16792071622,296.11757699483684,9230.898387156843,0.009999999776482582,184.67156982421875,0.75
4853,146.3032864419863,285418.12124005874,371.34912344093624,8612.180905212013,0.009999999776482582,206.55352783203125,0.75
4854,149.40279282457936,0.0,inf,8831.353762110553,0.009999999776482582,219.06982421875,1.0
4855,133.09640793879285,144766.4729980764,448.1029292023121,7678.293719654674,0.009999999776482582,121.0966796875,0.75
4856,149.44338249520953,277504.72063950007,225.47473628559433,8834.223946254246,0.009999999776482582,443.94464111328125,0.75
4857,149.6316849339385,240578.58903702145,593.9480056240457,8847.539222418529,0.009999999776482582,83.5181884765625,0.75
4858,150.67091697033052,414315.65635148744,414.2053854486708,8921.0255864653,0.009999999776482582,178.24911499023438,0.5
4859,154.23211213172473,247615.4920783486,427.93752248946987,9172.845463939808,0.009999999776482582,146.70480346679688,0.75
4860,156.31853711086018,316434.23184580985,385.7696859777956,9320.38112508564,0.009999999776482582,352.60235595703125,0.5
4861,151.70427987958337,2.5306991966138544e-20,inf,8994.096931730433,0.009999999776482582,145.77911376953125,1.0
4862,151.94618650623696,228708.348737695,416.33226860752364,9011.202676943321,0.009999999776482582,228.97621154785156,0.75
4863,156.7191795153071,331779.4837760109,333.3671133201847,9348.711423377807,0.009999999776482582,216.86341857910156,0.5
4864,155.94632484677325,317968.3292134709,383.8538098905477,9294.06118402962,0.009999999776482582,202.53094482421875,0.5
4865,151.01564323792246,242780.18262222924,386.4658807385471,8945.40193275722,0.009999999776482582,190.70562744140625,0.75
4866,152.9206910243924,0.0,inf,9080.112016993131,0.009999999776482582,265.17572021484375,1.0
4867,145.05476299922276,0.0,inf,8523.895089318206,0.009999999776482582,48.27925109863281,1.0
4868,143.81073491000961,276650.70966163557,292.73259061856135,8435.92714967913,0.009999999776482582,233.23768615722656,0.75
4869,147.6070446558507,86311.73933277301,437.14380182924765,8704.37249224741,0.009999999776482582,241.53970336914062,0.75
4870,141.1805439147761,276725.4013987653,391.38267575577987,8249.940607482735,0.009999999776482582,141.729736328125,0.75
4871,148.72710792636664,323599.88787605014,364.8279757517098,8783.574609166662,0.009999999776482582,206.454833984375,0.75
4872,147.04623011167038,206794.89630299853,426.66840543946574,8664.71607259022,0.009999999776482582,71.73956298828125,0.75
4873,148.84492824103316,183439.30203284117,381.91055021737174,8791.9059406042,0.009999999776482582,172.7886505126953,0.75
4874,153.39205445914317,280330.61582671275,365.9817977101489,9113.443153593471,0.009999999776482582,198.08160400390625,0.75
4875,148.0255404614048,0.0,inf,8733.965243473369,0.009999999776482582,197.69171142578125,1.0
4876,147.1720632504714,184061.7008155899,553.8992011517586,8673.61400829973,0.009999999776482582,210.77748107910156,0.75
4877,150.75544363919326,212989.61927336265,422.66004949719064,8927.002651588577,0.009999999776482582,59.98632049560547,0.75
4878,153.56199549342537,226495.58993949267,311.1171267458831,9125.460054799772,0.009999999776482582,272.2464599609375,0.5
4879,154.11643190228176,240515.3232226681,625.7523659988938,9164.665462596342,0.009999999776482582,169.63589477539062,0.5
4880,151.3323708950365,283267.3247072033,357.4690558332441,8967.798436232199,0.009999999776482582,205.35040283203125,0.75
4881,158.81012792816207,446231.5340457003,300.3106084512694,9496.566946388375,0.009999999776482582,302.50091552734375,0.25
4882,156.08432641284554,545029.6186251133,401.20024878842776,9303.819575773028,0.009999999776482582,265.6516418457031,0.5
4883,153.55588798897938,0.7303639120587275,375.981999356656,9125.028179838824,0.009999999776482582,285.9203796386719,1.0
4884,158.29233716899864,231440.8966071112,371.12896491508445,9459.952832412404,0.009999999776482582,358.4862365722656,0.75
4885,158.9300669538203,295565.4695677886,424.7208603622994,9505.04809650143,0.009999999776482582,207.08929443359375,0.5
4886,158.44065143829286,498543.5840427405,376.41141012804,9470.44045789451,0.009999999776482582,282.037109375,0.25
4887,153.16046676326013,105558.75219512219,475.4835446357458,9097.067082482828,0.009999999776482582,163.2216796875,0.75
4888,155.1695602070714,279522.8591602848,451.0960274791028,9239.13446209179,0.009999999776482582,289.0791320800781,0.5
4889,148.38088640139782,233070.77160420895,336.1187992210934,8759.092529964199,0.009999999776482582,143.4282684326172,0.75
4890,155.9370274966617,147016.84050402837,360.9825126593274,9293.403748124027,0.009999999776482582,217.15040588378906,0.5
4891,148.96073548556393,0.44725857918944234,420.8800579762257,8800.09492346157,0.009999999776482582,113.82693481445312,1.0
4892,154.5598636376133,141227.59479653195,412.37059921042356,9196.021487806645,0.009999999776482582,217.4987030029297,0.75
4893,155.91906621375435,310475.4590485211,342.3758995151331,9292.133666632833,0.009999999776482582,282.76251220703125,0.75
4894,155.4785082061672,245040.93592456388,456.281663638178,9260.980848979454,0.009999999776482582,234.7678680419922,0.75
4895,151.5525359632205,1.5302051180920234e-20,inf,8983.36678842342,0.009999999776482582,161.1210174560547,1.0
4896,157.29052481769475,429952.79791505163,261.3599308402631,9389.11249591733,0.009999999776482582,353.2101745605469,0.75
4897,145.49863528893033,0.3536428976620796,435.1312138538398,8555.28226708937,0.009999999776482582,165.13516235351562,1.0
4898,155.04592463424956,372810.455805483,358.96014706072805,9230.391921065957,0.009999999776482582,316.87786865234375,0.5
4899,151.64222983248573,281168.0949600354,456.4153457338926,8989.709237557756,0.009999999776482582,118.06309509277344,0.75
4900,156.3661631672357,378237.8963357636,371.01792567178694,9323.748867413016,0.009999999776482582,189.35134887695312,0.5
4901,156.67753763561817,332790.9590796341,482.88308456175537,9345.76683523651,0.009999999776482582,246.09646606445312,0.75
4902,155.34388617181727,278156.4919407371,306.3467625867259,9251.461431295505,0.009999999776482582,293.648681640625,0.75
4903,154.54186085990224,165010.4496274919,556.8697830825155,9194.748472127376,0.009999999776482582,171.68051147460938,0.75
4904,153.3442202697471,292267.34616562346,409.30307564863745,9110.060693726235,0.009999999776482582,223.96359252929688,0.75
4905,155.06195896089656,357631.99382194295,299.53974140304257,9231.52574327694,0.009999999776482582,700.9235229492188,0.75
4906,144.22496700917972,0.0,inf,8465.21840492676,0.009999999776482582,94.43974304199219,1.0
4907,147.96565457644087,210064.93635827486,298.58445018887465,8729.730581925596,0.009999999776482582,285.81988525390625,0.75
4908,153.39329507988236,0.0,inf,9113.53088059196,0.009999999776482582,338.5554504394531,1.0
4909,148.4688250236988,0.0,inf,8765.31086175718,0.009999999776482582,71.0881118774414,1.0
4910,149.48319444003786,331947.1410163967,280.49362378805716,8837.039135710125,0.009999999776482582,275.86724853515625,0.75
4911,155.39527474145424,158471.85382177174,593.002020755377,9255.095229142324,0.009999999776482582,225.63096618652344,0.75
4912,153.75315982704004,320428.4559407596,440.1762740263487,9138.977701793738,0.009999999776482582,203.077392578125,0.5
4913,159.36028106937556,240741.3531118585,400.5198013778727,9535.469474987329,0.009999999776482582,218.0322723388672,0.75
4914,151.29684459587878,441801.96674363,355.7871978096232,8965.286294129455,0.009999999776482582,266.4323425292969,0.5
4915,153.66534851519773,120757.85382644457,551.5169183757099,9132.768372400977,0.009999999776482582,136.89468383789062,0.75
4916,144.77392165510813,256557.85381684967,351.978616391371,8504.036185309971,0.009999999776482582,143.7374267578125,0.75
4917,146.85647513583424,0.0,inf,8651.298084358841,0.009999999776482582,352.2076110839844,1.0
4918,150.30354190074374,12909.376233656969,290.6541098281051,8895.047693983186,0.009999999776482582,242.69979858398438,1.0
4919,157.13128303584233,487597.94294317614,354.2092896174693,9377.852162187348,0.009999999776482582,208.91221618652344,0.25
4920,155.2559650522184,232941.46107047918,335.1615820931397,9245.244337156766,0.009999999776482582,177.41317749023438,0.75
4921,143.9141320570667,0.0,inf,8443.238587475462,0.009999999776482582,138.98324584960938,1.0
4922,155.8383536619802,313652.95872078516,280.43433937782396,9286.426306048174,0.009999999776482582,341.86968994140625,0.5
4923,153.62620526889327,261669.68526306553,285.60733031970597,9130.000468076272,0.009999999776482582,113.81129455566406,0.75
4924,148.75698280453688,297983.2879024707,371.43066889475995,8785.687126964607,0.009999999776482582,70.62234497070312,0.75
4925,145.47208645412664,0.0,inf,8553.404941072578,0.009999999776482582,386.04718017578125,1.0
4926,150.1772036981807,320886.14006673865,336.6199417280072,8886.114044113427,0.009999999776482582,151.01022338867188,0.75
4927,145.2199045311462,0.0,inf,8535.572607244136,0.009999999776482582,149.04638671875,1.0
4928,152.40648718841473,293383.778747844,286.5559583109089,9043.751542179354,0.009999999776482582,338.7227783203125,0.75
4929,153.33530978850172,179628.88464049026,346.0763875237325,9109.430614162,0.009999999776482582,228.79762268066406,0.75
4930,144.17179035148314,286643.37316685624,416.3579536249271,8461.458167473103,0.009999999776482582,166.3623046875,0.75
4931,155.43922930140127,406617.0278593234,274.8241189615549,9258.203351949043,0.009999999776482582,427.4339599609375,0.25
4932,152.43490041101342,0.0,inf,9045.760703123698,0.009999999776482582,89.98106384277344,1.0
4933,151.54852505466124,356111.5690404693,468.92092670454963,8983.083168330677,0.009999999776482582,237.45657348632812,0.5
4934,149.85463470607925,307270.3294126652,349.5288217879998,8863.304487100479,0.009999999776482582,194.31484985351562,0.75
4935,146.67903281806085,320276.9373160536,538.7053169610867,8638.750751035215,0.009999999776482582,237.88836669921875,0.75
4936,153.37417345205128,422037.7539298687,239.83433629824071,9112.178748580285,0.009999999776482582,248.22946166992188,0.5
4937,155.03468752623434,188555.3872047413,353.4503271378165,9229.59732064803,0.009999999776482582,154.32188415527344,0.75
4938,144.0475039838206,0.0,inf,8452.669607324584,0.009999999776482582,145.68386840820312,1.0
4939,149.935721637695,316657.60499715403,317.81966432964384,8869.038320900327,0.009999999776482582,202.04624938964844,0.75
4940,149.46047056804235,359590.3780672024,370.7951938965589,8835.432281156438,0.009999999776482582,218.9501190185547,0.5
4941,155.14125379176963,290653.54845478316,347.5591277471512,9237.132853724377,0.009999999776482582,308.53961181640625,0.5
4942,152.4649531037687,112068.39838324854,561.897845566352,9047.885794578797,0.009999999776482582,167.297607421875,0.75
4943,158.325927237249,288814.8332530736,600.7700860319675,9462.328059404415,0.009999999776482582,289.48626708984375,0.5
4944,153.8931842970326,293233.79641983577,436.68576450706206,9148.87913748567,0.009999999776482582,155.35215759277344,0.75
4945,134.53528064888062,136274.23446885767,631.9816396503517,7780.03954742724,0.009999999776482582,71.64845275878906,0.75
4946,153.70524762142085,166798.03079752126,477.3881264469067,9135.589725229198,0.009999999776482582,247.78073120117188,0.75
4947,145.46917677344504,0.0009597493380204191,471.7118770721084,8553.199191205043,0.009999999776482582,143.46885681152344,1.0
4948,157.86056854301287,431558.8897073047,374.68113589722975,9429.421531103293,0.009999999776482582,360.39923095703125,0.25
4949,156.47628300084898,356389.4067489196,412.0374412250616,9331.535681039135,0.009999999776482582,324.060791015625,0.5
4950,157.9964939223371,289658.7949950279,333.4350288687063,9439.033111153205,0.009999999776482582,308.12835693359375,0.75
4951,149.45452724502871,284846.1929559808,518.3760166209729,8835.012015822678,0.009999999776482582,188.9053955078125,0.5
4952,144.44273048084983,1.0053917755300998e-20,inf,8480.616934990168,0.009999999776482582,35.213340759277344,1.0
4953,149.36723952943686,257360.10349845182,385.60244019879474,8828.839711062845,0.009999999776482582,513.9170532226562,0.5
4954,156.8896496441083,405023.531962453,358.25348988792393,9360.765738011596,0.009999999776482582,276.6800537109375,0.25
4955,158.79313932583594,364833.7119752158,429.0173021361756,9495.365645262673,0.009999999776482582,383.8653259277344,0.25
4956,147.19628222075073,342165.7075251483,382.2524649908323,8675.326584514147,0.009999999776482582,147.20510864257812,0.75
4957,148.60510508957037,0.0,inf,8774.947522466491,0.009999999776482582,104.09690856933594,1.0
4958,145.06947549848323,0.0,inf,8524.935442231543,0.009999999776482582,71.11040496826172,1.0
4959,144.58813730809948,1.0124905103815499e-13,inf,8490.898968903644,0.009999999776482582,239.1630859375,1.0
4960,153.95528259283122,365131.34880304575,305.9918310768092,9153.270243429231,0.009999999776482582,315.8114013671875,0.5
4961,154.62139767187415,274967.12070644763,395.0509607443224,9200.372693586116,0.009999999776482582,213.7792205810547,0.75
4962,142.53496000868176,0.0,inf,8345.71432370987,0.009999999776482582,203.31674194335938,1.0
4963,151.694044266697,205151.39954048212,495.2694269256439,8993.37314921751,0.009999999776482582,233.329833984375,0.75
4964,148.26451344716102,0.0,inf,8750.863544539603,0.009999999776482582,243.1179962158203,1.0
4965,151.93215988233845,635642.1585356656,294.2294756107157,9010.210823772848,0.009999999776482582,221.79159545898438,0.5
4966,155.08775868662136,133114.275644045,394.0610502566449,9233.35009815682,0.009999999776482582,295.8878173828125,0.75
4967,149.3184879390893,280022.70004479866,400.0727430451824,8825.392379773311,0.009999999776482582,151.07241821289062,0.75
4968,145.08569580767897,199995.7594895117,438.9937656112537,8526.08241567421,0.009999999776482582,221.45834350585938,0.75
4969,148.9421495903651,272528.93632098957,342.69374536057023,8798.78067427285,0.009999999776482582,303.87451171875,0.75
4970,152.14753950488165,0.0,inf,9025.440786664883,0.009999999776482582,149.9709014892578,1.0
4971,154.14407287546518,0.0,inf,9166.620016100114,0.009999999776482582,321.87750244140625,1.0
4972,148.5287074010474,0.0,inf,8769.545275273822,0.009999999776482582,198.878173828125,1.0
4973,157.72411419397068,331669.0914901201,420.375765456785,9419.772546450844,0.009999999776482582,422.544677734375,0.5
4974,151.03112455773663,561088.7689796009,288.8535149871792,8946.496650648845,0.009999999776482582,275.49847412109375,0.75
4975,152.88850686268304,0.0,inf,9077.836204719171,0.009999999776482582,151.49642944335938,1.0
4976,152.06568882456526,175060.83116276094,449.6619557962529,9019.652946528538,0.009999999776482582,261.3696594238281,0.5
4977,155.64713498844654,159406.55078989544,335.41083010219427,9272.904816560012,0.009999999776482582,314.6390075683594,0.75
4978,151.73042236434267,437630.6218458733,460.21032381460475,8995.945523849263,0.009999999776482582,255.42770385742188,0.5
4979,148.09538843520804,218216.16573083602,388.84494966764,8738.904346052092,0.009999999776482582,208.38455200195312,0.75
4980,155.76102523907622,326630.65547723125,311.5297701449904,9280.958244597323,0.009999999776482582,259.4154968261719,0.5
4981,156.5068598575302,183501.49103986847,716.5130367415175,9333.697837268732,0.009999999776482582,347.0235290527344,0.75
4982,159.44057676665574,508438.02553005057,368.12271223330043,9541.147358881484,0.009999999776482582,315.3763732910156,0.25
4983,157.70630017493963,306299.73510225065,311.71886527699445,9418.512878309553,0.009999999776482582,331.741943359375,0.75
4984,145.31116503030523,268393.8654445362,573.5226200655597,8542.025836195366,0.009999999776482582,153.78091430664062,0.75
4985,156.1895589704226,160014.61834869007,389.68605683207653,9311.26079945059,0.009999999776482582,327.06353759765625,0.5
4986,158.12883301262033,186216.71338404424,562.2132908129404,9448.391096882684,0.009999999776482582,254.27392578125,0.75
4987,153.78606069443669,291543.55507357465,529.5103319234817,9141.304193890111,0.009999999776482582,246.35787963867188,0.5
4988,155.3535517760158,334903.0684297435,401.1139056527011,9252.144907250819,0.009999999776482582,252.02325439453125,0.5
4989,155.22846481061495,492623.2671738685,325.8056377852466,9243.299735089975,0.009999999776482582,184.92861938476562,0.5
4990,154.9776984014169,316703.135852527,302.30899523716045,9225.567495328574,0.009999999776482582,246.71688842773438,0.75
4991,160.6738298700275,339826.955184264,431.6583455243927,9628.353375769519,0.009999999776482582,309.7273864746094,0.5
4992,156.26172785881366,203852.4914530402,488.1881965297631,9316.364018962151,0.009999999776482582,294.98858642578125,0.75
4993,142.99664265352757,0.0,inf,8378.360910540472,0.009999999776482582,114.61863708496094,1.0
4994,147.5577939295725,0.0,inf,8700.889865967518,0.009999999776482582,277.85479736328125,1.0
4995,146.58609016100257,5.402053326919409e-07,707.6165170354674,8632.17857302984,0.009999999776482582,254.008544921875,1.0
4996,151.93467213907167,178906.4970288227,509.548438227985,9010.38847092614,0.009999999776482582,270.41363525390625,0.75
4997,154.73806568156064,441595.7849633916,290.90785047328353,9208.62254302513,0.009999999776482582,288.786376953125,0.5
4998,160.46210624811144,472235.73712395,444.58325738829524,9613.381936656227,0.009999999776482582,286.3213806152344,0.25
4999,160.01944495894514,454977.4879624362,439.26238437390396,9582.08039137475,0.009999999776482582,376.7054138183594,0.25
