t,x,g_raw,g_ratio,alpha,gamma,loss,acc
0,1.2646585906185699,200.0138544520073,41.735772775638424,100.0,0.010000000707805157,1.406201720237732,0.0
1,1.634595710292385,216.8827673727232,48.912111635618146,100.0,0.010000000707805157,1.417109727859497,0.0
2,1.2470450126854884,199.13423374969352,42.409623768095635,100.0,0.010000000707805157,1.4050471782684326,0.0
3,1.4433431291066168,205.50532752612793,44.64738361338976,100.0,0.010000000707805157,1.3974928855895996,0.0
4,1.2054665755517049,190.14471097412516,39.584624191504176,100.0,0.010000000707805157,1.3844752311706543,0.0
5,1.029706183200359,190.64976701942302,39.00979068461753,100.0,0.010000000707805157,1.3846110105514526,0.0
6,1.3968654447760507,200.95063332238007,45.05044385412404,100.0,0.010000000707805157,1.4009711742401123,0.0
7,1.4325607459915186,203.87975505836116,44.648044404390795,100.0,0.010000000707805157,1.380666971206665,0.0
8,1.2086602270224827,192.79961147088036,41.31783546845242,100.0,0.010000000707805157,1.3819196224212646,0.0
9,1.609307679065385,213.2521677514384,48.9059149686801,100.0,0.010000000707805157,1.3736116886138916,0.25
10,1.2263141602544054,195.8209233770423,42.4349258187166,100.0,0.010000000707805157,1.3767919540405273,0.75
11,1.4113923626819662,202.2841409634786,45.41853943896169,100.0,0.010000000707805157,1.3704687356948853,0.75
12,1.4082281245657655,201.81002107849918,45.41810845909293,100.0,0.010000000707805157,1.365418791770935,1.0
13,1.3857117554466025,197.69795139618716,44.23235986085975,100.0,0.010000000707805157,1.35975980758667,1.0
14,1.5744963856483105,207.19616225022432,47.67156194410397,100.0,0.010000000707805157,1.3422141075134277,1.0
15,1.5698769168162239,206.5163819220793,47.6545490777718,100.0,0.010000000707805157,1.3344407081604004,1.0
16,1.565298447448777,205.83902581058587,47.63732465327324,100.0,0.010000000707805157,1.3267165422439575,1.0
17,1.390517203265311,199.12380569788306,45.376815924005676,100.0,0.010000000707805157,1.3391730785369873,1.0
18,1.7192542584200146,214.15811037559416,52.17864406357124,100.0,0.010000000707805157,1.3029329776763916,1.0
19,1.5695576273938054,207.36672269529183,48.82615555150677,100.0,0.010000000707805157,1.3063511848449707,1.0
20,1.5481005747184091,203.2637359891829,47.56400546966481,100.0,0.010000000707805157,1.2974269390106201,1.0
21,1.2036887193679668,190.24195488576117,41.72564770782974,100.0,0.010000000707805157,1.3252472877502441,1.0
22,0.9203080516769085,175.89724315030455,37.4561297188889,100.0,0.010000000707805157,1.3461848497390747,1.0
23,1.7003082317867668,211.33404520071608,52.11063009839642,100.0,0.010000000707805157,1.2669802904129028,1.0
24,1.5275697267326414,201.62005556392467,48.43149358150733,100.0,0.010000000707805157,1.2842166423797607,1.0
25,1.1512548803455194,185.5559955515281,41.988951384413795,100.0,0.010000000707805157,1.3282933235168457,1.0
26,1.3514943690890677,190.80497974732816,43.303505997300526,100.0,0.010000000707805157,1.2855114936828613,1.0
27,1.1237199703208043,181.05079555703475,40.777035456947836,100.0,0.010000000707805157,1.3202733993530273,1.0
28,1.5403843741756675,202.87379981971202,48.740753101270315,100.0,0.010000000707805157,1.2569818496704102,1.0
29,1.362180848973089,192.99137856673906,44.48531139414164,100.0,0.010000000707805157,1.2740238904953003,1.0
30,1.5160746612530813,198.3353172536323,47.43367503363695,100.0,0.010000000707805157,1.2422852516174316,1.0
31,1.3196769874539598,189.20100549652008,44.85658531736984,100.0,0.010000000707805157,1.2804255485534668,1.0
32,0.9412667954740429,175.77204477777295,37.99168394625087,100.0,0.010000000707805157,1.3185927867889404,1.0
33,1.524891692025914,200.41663020389603,48.6965903949242,100.0,0.010000000707805157,1.2301805019378662,1.0
34,1.3403018690685429,191.16489870784525,45.27527341077743,100.0,0.010000000707805157,1.2619231939315796,1.0
35,1.4937873573277094,196.37365430707524,48.29539773690504,100.0,0.010000000707805157,1.2251145839691162,1.0
36,1.3341649824349036,190.17059903551612,45.26064221350624,100.0,0.010000000707805157,1.2522841691970825,1.0
37,1.4942993853189424,194.87614700145738,47.32482740060844,100.0,0.010000000707805157,1.204746961593628,1.0
38,1.1525079882283673,183.5370784336509,42.44770883214296,100.0,0.010000000707805157,1.2798819541931152,1.0
39,1.6432026030881917,202.49876256669174,51.8394522480246,100.0,0.010000000707805157,1.1588616371154785,1.0
40,1.3304210831633791,187.75814754741901,44.38967981449314,100.0,0.010000000707805157,1.225588321685791,1.0
41,1.1234191512879654,178.7134096242773,41.21832044396574,100.0,0.010000000707805157,1.2687764167785645,1.0
42,1.3072970431477493,183.58342598770741,43.12681714202447,100.0,0.010000000707805157,1.2174708843231201,1.0
43,1.3232054126359682,186.53142333799292,44.37764688648465,100.0,0.010000000707805157,1.2144596576690674,1.0
44,1.2941219993340467,183.21059606341677,43.91234711941341,100.0,0.010000000707805157,1.2181107997894287,1.0
45,1.4867931107934835,194.20486556725623,48.55532645815818,100.0,0.010000000707805157,1.16477370262146,1.0
46,1.459776032426928,190.87167589441475,48.12203023794684,100.0,0.010000000707805157,1.165925145149231,1.0
47,1.4793790193177838,192.96877287944804,48.52267530842193,100.0,0.010000000707805157,1.1520813703536987,1.0
48,1.3267253456929464,187.34530035757953,45.611933940102844,100.0,0.010000000707805157,1.1937720775604248,1.0
49,0.8475982435242995,167.71107336828874,38.867381359369496,100.0,0.010000000707805157,1.311506748199463,1.0
50,1.4719259599880257,191.71790239632654,48.506375345886525,100.0,0.010000000707805157,1.1388461589813232,1.0
51,1.1018349854222433,174.85468686193497,41.19236967277167,100.0,0.010000000707805157,1.2403388023376465,1.0
52,1.1298903034028809,177.33077421292114,41.68387714148143,100.0,0.010000000707805157,1.230438470840454,1.0
53,1.4488905556003806,187.35127150230323,47.095802622032615,100.0,0.010000000707805157,1.1258695125579834,1.0
54,1.0750686207906195,170.405098628586,39.949153193850776,100.0,0.010000000707805157,1.2327096462249756,1.0
55,1.267954112672603,178.73714054480254,43.80719209829455,100.0,0.010000000707805157,1.1774622201919556,1.0
56,1.2653988448006805,178.29982158652138,43.79485109152571,100.0,0.010000000707805157,1.1735889911651611,1.0
57,1.0905392900334323,172.7609282703824,41.18442529179308,100.0,0.010000000707805157,1.2256686687469482,1.0
58,1.268540204842256,176.8975165503266,42.9736204357043,100.0,0.010000000707805157,1.1583524942398071,1.0
59,1.4324669851239635,184.5799446743737,47.00672184161789,100.0,0.010000000707805157,1.0985121726989746,1.0
60,1.084555370726218,171.63924023496986,41.179358296288086,100.0,0.010000000707805157,1.2180837392807007,1.0
61,1.112522321109007,174.02684541946914,41.68376696195741,100.0,0.010000000707805157,1.2090098857879639,1.0
62,1.2457589080255398,176.8388988827911,44.581048382758496,100.0,0.010000000707805157,1.1641480922698975,1.0
63,1.4390372483746445,186.07783355931622,48.34000172197491,100.0,0.010000000707805157,1.0844371318817139,1.0
64,1.4132461688595968,183.06063701681578,47.85640929441476,100.0,0.010000000707805157,1.085770606994629,1.0
65,1.0749355530229556,169.819512834148,41.165591039513,100.0,0.010000000707805157,1.2056554555892944,1.0
66,1.407930851335936,182.15493168576438,47.823822007253256,100.0,0.010000000707805157,1.0767691135406494,1.0
67,1.5571906488260574,188.2469609071121,51.272444326776935,100.0,0.010000000707805157,0.9983338117599487,1.0
68,1.279442520390045,178.87762226967578,45.48741759573334,100.0,0.010000000707805157,1.125249981880188,1.0
69,1.4200539640222254,182.7484836081871,48.24190956597145,100.0,0.010000000707805157,1.0527992248535156,1.0
70,1.2496085107750896,175.53908487068784,44.988507988451836,100.0,0.010000000707805157,1.12400221824646,1.0
71,1.2295707850268318,171.94011404110424,43.62422611645209,100.0,0.010000000707805157,1.1195310354232788,1.0
72,0.8361664811034055,159.0195314598783,37.59652505635681,100.0,0.010000000707805157,1.2578978538513184,1.0
73,1.2193021817044059,172.20880100134883,44.460945343443036,100.0,0.010000000707805157,1.1230316162109375,1.0
74,1.2238414507332342,170.9151225564165,43.59919818198862,100.0,0.010000000707805157,1.1110241413116455,1.0
75,1.383202330321708,177.87540966726775,47.66216122761347,100.0,0.010000000707805157,1.0354459285736084,1.0
76,1.2185394804599807,169.9637654848301,43.56678793312345,100.0,0.010000000707805157,1.1033251285552979,1.0
77,0.8819396542335595,164.43043141467882,40.07716455194059,100.0,0.010000000707805157,1.2559256553649902,1.0
78,1.398686173717874,178.96889709119063,48.122448935880804,100.0,0.010000000707805157,1.0188342332839966,1.0
79,1.0571631425657129,163.8287215651095,40.36742515933273,100.0,0.010000000707805157,1.1658872365951538,1.0
80,1.3937342275571187,178.068365905319,48.09727584978447,100.0,0.010000000707805157,1.01072096824646,1.0
81,1.2268463364330382,171.36707682312658,44.902351454796005,100.0,0.010000000707805157,1.090794563293457,1.0
82,1.3879994042002177,177.03222137277794,48.0687263685092,100.0,0.010000000707805157,1.0013409852981567,1.0
83,1.3694876173663697,173.4365019091126,46.59536282362096,100.0,0.010000000707805157,0.9953166842460632,1.0
84,0.8802171318413597,160.9526865273154,39.398686124723206,100.0,0.010000000707805157,1.2374176979064941,1.0
85,1.208187432945334,165.73291046276844,42.68474633964699,100.0,0.010000000707805157,1.0705413818359375,1.0
86,1.0571173058457275,165.49195635966663,42.41766749865045,100.0,0.010000000707805157,1.1594454050064087,1.0
87,1.2046743175336052,165.0528647348078,42.67722551366742,100.0,0.010000000707805157,1.065427541732788,1.0
88,1.0343503227064335,161.70463451446682,41.118949426716554,100.0,0.010000000707805157,1.1548734903335571,1.0
89,1.060081457530123,163.49269980379648,41.645911433135666,100.0,0.010000000707805157,1.145769476890564,1.0
90,1.0586408720074045,163.19251149833764,41.651116164809835,100.0,0.010000000707805157,1.1437413692474365,1.0
91,1.011080034327867,157.80155747872953,39.85423969255374,100.0,0.010000000707805157,1.1500102281570435,1.0
92,1.207756744750493,167.71429853385845,44.833229002096886,100.0,0.010000000707805157,1.0637801885604858,1.0
93,1.3505698034838105,169.97009977575647,46.5127349616091,100.0,0.010000000707805157,0.9648237228393555,1.0
94,1.1859275694004154,163.76380902182714,43.444804373995424,100.0,0.010000000707805157,1.056172490119934,1.0
95,1.359751372497519,171.85242706253172,47.91138831351863,100.0,0.010000000707805157,0.9572577476501465,1.0
96,1.2207935849110414,167.72578044538318,45.324033745872136,100.0,0.010000000707805157,1.0428059101104736,1.0
97,1.3395420265336857,167.93105383067135,46.4371280231055,100.0,0.010000000707805157,0.9477821588516235,1.0
98,1.0254655708692664,157.0635969202645,40.369875932244476,100.0,0.010000000707805157,1.126618504524231,1.0
99,1.2146338564645793,166.50512363953916,45.30429940097765,100.0,0.010000000707805157,1.0343084335327148,1.0
100,1.0227210701794327,156.44195094419734,40.3779248633878,100.0,0.010000000707805157,1.1229900121688843,1.0
101,1.211155805474007,165.80861687388915,45.300453016266076,100.0,0.010000000707805157,1.0292186737060547,1.0
102,1.0200228176890305,155.8246563722652,40.385940392342526,100.0,0.010000000707805157,1.1194231510162354,1.0
103,1.322965428035894,167.0327308410719,47.23507716379896,100.0,0.010000000707805157,0.9398837685585022,1.0
104,1.1837210039690318,163.0558426015194,44.71749750359691,100.0,0.010000000707805157,1.031034231185913,1.0
105,1.1652846137096495,159.71910644867626,43.34956628094698,100.0,0.010000000707805157,1.0277385711669922,1.0
106,1.1631062864715804,159.3082307121423,43.33654485548572,100.0,0.010000000707805157,1.02486252784729,1.0
107,0.7984753539162938,148.8579671582168,37.795773400884805,100.0,0.010000000707805157,1.2190566062927246,1.0
108,1.1654444319355433,157.30994826578458,42.559028850930844,100.0,0.010000000707805157,1.0105098485946655,1.0
109,1.1581213800208303,158.34933965514094,43.3172415213047,100.0,0.010000000707805157,1.0182373523712158,1.0
110,1.0025077253522492,154.66535158485908,41.09903472197515,100.0,0.010000000707805157,1.1168123483657837,1.0
111,1.324652894856833,165.33391646628337,47.68948522435096,100.0,0.010000000707805157,0.905623733997345,1.0
112,1.3215616590400994,164.75548991488395,47.67090744690699,100.0,0.010000000707805157,0.901016354560852,1.0
113,1.3035977430781114,161.2627537952032,46.215764921074424,100.0,0.010000000707805157,0.8946297764778137,1.0
114,1.020990399578907,154.64952480795606,41.63707838243813,100.0,0.010000000707805157,1.1004908084869385,1.0
115,1.4317293711665988,166.18720359644007,50.27959160732584,100.0,0.010000000707805157,0.7845734357833862,1.0
116,1.309992065750256,162.584803400306,47.59282474221487,100.0,0.010000000707805157,0.8843903541564941,1.0
117,1.2921797359762452,159.1038969584664,46.13521567155343,100.0,0.010000000707805157,0.8782581686973572,1.0
118,1.138304984968842,154.4059704590349,43.19866201937554,100.0,0.010000000707805157,0.9926868677139282,1.0
119,0.8129365206493231,148.39071734592682,39.09415105387706,100.0,0.010000000707805157,1.2109498977661133,1.0
120,0.9567604774315767,151.49255097556355,41.236914650045634,100.0,0.010000000707805157,1.1206278800964355,1.0
121,0.9666806774272849,147.73403396913818,39.79589167025967,100.0,0.010000000707805157,1.0963695049285889,1.0
122,1.4126098822676272,162.85276337872017,50.11223431992213,100.0,0.010000000707805157,0.7568061351776123,1.0
123,1.2742317782629073,158.2637172831267,46.83985498526817,100.0,0.010000000707805157,0.8710336089134216,1.0
124,1.1489409008990137,153.53954633361303,43.71691470973846,100.0,0.010000000707805157,0.9709118604660034,1.0
125,1.1471411780899057,153.15878163515742,43.711220818900806,100.0,0.010000000707805157,0.9685774445533752,1.0
126,1.1235707869939082,151.4859208190307,43.11322577262679,100.0,0.010000000707805157,0.97423255443573,1.0
127,1.3962023172653348,159.95615159868333,49.97225200832146,100.0,0.010000000707805157,0.7331902980804443,1.0
128,0.9809941855775133,146.30229801387418,40.32472028993622,100.0,0.010000000707805157,1.0759894847869873,1.0
129,1.139160395259363,151.48536779602438,43.67326867080654,100.0,0.010000000707805157,0.9589084386825562,1.0
130,1.1329227859421906,152.9466059835392,44.40808152119068,100.0,0.010000000707805157,0.968062162399292,1.0
131,0.9970514024643531,148.52621292063662,41.599396859268275,100.0,0.010000000707805157,1.0750945806503296,1.0
132,1.3837108090924228,157.73894403669297,49.87213353335498,100.0,0.010000000707805157,0.715118408203125,1.0
133,0.9696627583800799,146.57468259472947,41.02985473387696,100.0,0.010000000707805157,1.0800014734268188,1.0
134,1.248422870318941,153.55508776968017,46.62610625420821,100.0,0.010000000707805157,0.8370540142059326,1.0
135,0.9724900241981306,143.94864301512735,40.31724735515936,100.0,0.010000000707805157,1.0664409399032593,1.0
136,1.1269214052207128,148.858932579753,43.617096629068875,100.0,0.010000000707805157,0.94422447681427,1.0
137,1.125223063890917,148.48863594953912,43.61124869029085,100.0,0.010000000707805157,0.9421018362045288,1.0
138,1.1065533351134744,145.03813188368318,42.27596011406077,100.0,0.010000000707805157,0.9367055892944336,1.0
139,1.1003220839400423,146.67266147295166,42.984399629549934,100.0,0.010000000707805157,0.9462947249412537,1.0
140,0.9416314815512087,141.24804784213583,39.76309271208013,100.0,0.010000000707805157,1.0672705173492432,1.0
141,1.1359026320806616,150.18284606473352,44.91161019014162,100.0,0.010000000707805157,0.9394503831863403,1.0
142,1.1171928355277763,146.74556397061463,43.577143743339526,100.0,0.010000000707805157,0.9327322840690613,1.0
143,1.2335064854791056,148.0899723593423,45.73529751046632,100.0,0.010000000707805157,0.801634669303894,1.0
144,1.0957341943587924,142.72578023094735,42.237094450273915,100.0,0.010000000707805157,0.9235337972640991,1.0
145,1.085956121753306,146.6505413011972,43.61177115698568,100.0,0.010000000707805157,0.9475063681602478,1.0
146,1.0878479789151343,144.09611810045934,42.908833222392396,100.0,0.010000000707805157,0.9319201707839966,1.0
147,0.7557248306097465,131.70120749478258,36.18699916543192,100.0,0.010000000707805157,1.172961950302124,1.0
148,1.222386227236325,146.0538737299752,45.66028293223562,100.0,0.010000000707805157,0.7883248329162598,1.0
149,1.1229236201652404,147.2763695851108,44.82113024375804,100.0,0.010000000707805157,0.9260308146476746,1.0
150,1.2141042652836562,147.30155548628144,46.31512149868327,100.0,0.010000000707805157,0.7959626913070679,1.0
151,1.097316667152587,145.46959128545973,44.16084915337168,100.0,0.010000000707805157,0.9283884167671204,1.0
152,1.2281929930289703,147.24224897746154,46.97440510699022,100.0,0.010000000707805157,0.782374382019043,1.0
153,1.2056823443864122,145.80575307669778,46.250710338547364,100.0,0.010000000707805157,0.7859387397766113,1.0
154,1.3223537786297064,147.14628420992705,49.348358655207946,100.0,0.010000000707805157,0.6362285614013672,1.0
155,0.9444819972188888,139.30082208474144,40.964703043499036,100.0,0.010000000707805157,1.0528873205184937,1.0
156,1.3159923284113813,146.06500658172249,49.297711208044696,100.0,0.010000000707805157,0.6285742521286011,1.0
157,1.0881624579623632,140.34329484230372,43.39919372017928,100.0,0.010000000707805157,0.9015432596206665,1.0
158,1.0603119034645045,141.54544327589173,43.41821753084773,100.0,0.010000000707805157,0.9191274642944336,1.0
159,1.102446695132763,142.82127781336845,44.69761950613974,100.0,0.010000000707805157,0.9043177962303162,1.0
160,1.0835859273673474,139.28836469102652,43.37254078851934,100.0,0.010000000707805157,0.8966854810714722,1.0
161,0.9435959611204906,134.91631434030285,40.28109196808935,100.0,0.010000000707805157,1.0344083309173584,1.0
162,0.9127637920309558,136.4486818548461,40.36823320606933,100.0,0.010000000707805157,1.0528788566589355,1.0
163,0.9374184660791499,137.00518946661387,40.94485768697617,100.0,0.010000000707805157,1.0450913906097412,1.0
164,1.0749276705036837,140.74239130816017,44.014201454474176,100.0,0.010000000707805157,0.9041956067085266,1.0
165,0.9101645775875548,135.75496970256552,40.359440783919055,100.0,0.010000000707805157,1.0494279861450195,1.0
166,1.1975284674873938,141.5303394625743,46.75047281315258,100.0,0.010000000707805157,0.7485842704772949,1.0
167,1.0473566186721546,138.97696846787377,43.33780244411529,100.0,0.010000000707805157,0.9044469594955444,1.0
168,1.2858608298897987,141.03783954081868,49.0654833737154,100.0,0.010000000707805157,0.59410560131073,1.0
169,0.9372852815412615,132.4871804820696,40.24871851305479,100.0,0.010000000707805157,1.028386116027832,1.0
170,1.0694968367119764,136.02222105301973,43.28680384015295,100.0,0.010000000707805157,0.8825730085372925,1.0
171,1.1853573626483875,139.25679878859546,46.65821105486385,100.0,0.010000000707805157,0.7356394529342651,1.0
172,1.2736923542406375,138.98216679893778,48.971609336536076,100.0,0.010000000707805157,0.5802561640739441,1.0
173,0.792758506699303,136.08336599182195,40.01588542608543,100.0,0.010000000707805157,1.1998573541641235,1.0
174,1.0801549413617229,137.73552660437582,44.56821773615732,100.0,0.010000000707805157,0.8813363313674927,1.0
175,1.1562482825234814,137.02190105659295,45.861977675298895,100.0,0.010000000707805157,0.7313576936721802,1.0
176,0.9321794733778379,130.2577417411478,40.2303479578987,100.0,0.010000000707805157,1.0226716995239258,1.0
177,0.7453037255295412,128.70805776198026,37.68366759997306,100.0,0.010000000707805157,1.1876919269561768,1.0
178,0.899007083054014,132.09191269765492,40.31307642304436,100.0,0.010000000707805157,1.0365018844604492,1.0
179,0.8980360327760186,131.87387098618424,40.307657862177784,100.0,0.010000000707805157,1.0350935459136963,1.0
180,1.056940708445795,133.02535199771282,43.2064982846218,100.0,0.010000000707805157,0.8704248666763306,1.0
181,1.1518213689339443,132.72122566894927,45.13134507472516,100.0,0.010000000707805157,0.7119265794754028,1.0
182,1.1434995452188423,134.810888072507,45.75155549862117,100.0,0.010000000707805157,0.7186039686203003,1.0
183,0.9009429654303704,127.81377157443819,39.6266310464421,100.0,0.010000000707805157,1.0210819244384766,1.0
184,1.0505337852818664,131.49135917951824,43.16233322203728,100.0,0.010000000707805157,0.8643037676811218,1.0
185,0.946657115357579,131.35337991886655,41.47426287672518,100.0,0.010000000707805157,1.023277997970581,1.0
186,1.0192061635368903,133.19182407347782,43.12514082880105,100.0,0.010000000707805157,0.8755133152008057,1.0
187,1.1556336749719942,133.71637846162307,46.43517862785747,100.0,0.010000000707805157,0.7064034938812256,1.0
188,1.0275470479095565,126.8079794505141,41.805290330679775,100.0,0.010000000707805157,0.8525831699371338,1.0
189,1.0199249965820756,129.2887760892039,42.45262076390445,100.0,0.010000000707805157,0.860427737236023,1.0
190,1.0601078230062768,132.82894705642482,44.416180819697466,100.0,0.010000000707805157,0.8635920286178589,1.0
191,1.0352321704456466,132.00695299443504,43.72776460432669,100.0,0.010000000707805157,0.8646591901779175,1.0
192,1.033759049723272,131.69163264818954,43.7195495921967,100.0,0.010000000707805157,0.8631199598312378,1.0
193,0.880188421245588,130.89366662821516,40.885029371103,100.0,0.010000000707805157,1.032065987586975,1.0
194,1.0378939968993248,128.3399449992146,43.07448539792832,100.0,0.010000000707805157,0.8524119257926941,1.0
195,1.2197442484603789,130.24265540643282,48.569483787004046,100.0,0.010000000707805157,0.5253626108169556,1.0
196,1.0024106550375,129.7803146677367,43.00196404673444,100.0,0.010000000707805157,0.8586544394493103,1.0
197,1.0150800944873655,123.59504176356516,41.69501582285929,100.0,0.010000000707805157,0.8415878415107727,1.0
198,0.8834164135188057,126.46932540973744,40.223679108080546,100.0,0.010000000707805157,1.0176665782928467,1.0
199,0.9579944144548165,130.642684599225,42.65992310969983,100.0,0.010000000707805157,1.0226869583129883,1.0
200,0.9978880592622025,128.86357004036654,42.97175985224272,100.0,0.010000000707805157,0.8538745641708374,1.0
201,1.0037170420563295,125.59074178788924,42.32676863243714,100.0,0.010000000707805157,0.8448949456214905,1.0
202,1.0447390780218913,129.0854404505768,44.30941208901269,100.0,0.010000000707805157,0.8498365879058838,1.0
203,1.1085925519539999,124.5550501922754,44.80024809318212,100.0,0.010000000707805157,0.6712254285812378,1.0
204,1.0246219511450376,124.94803507672272,42.9737021041436,100.0,0.010000000707805157,0.8403711915016174,1.0
205,1.0060653515421172,121.19114478387898,41.63352345156888,100.0,0.010000000707805157,0.8329041004180908,1.0
206,1.022247673625452,124.32904427625263,42.9606513483753,100.0,0.010000000707805157,0.8379002213478088,1.0
207,0.9958026900393898,123.64124501040702,42.26927057296452,100.0,0.010000000707805157,0.8375409245491028,1.0
208,0.9536789220240962,128.18594689355896,42.62925195222632,100.0,0.010000000707805157,1.0173184871673584,1.0
209,1.1137664172785895,125.91261820746851,46.12745059474563,100.0,0.010000000707805157,0.6671570539474487,1.0
210,1.1109690281988935,125.39688058178967,46.10784505785179,100.0,0.010000000707805157,0.6645063161849976,1.0
211,0.8867597506843433,120.13903599467358,39.54550026246486,100.0,0.010000000707805157,1.003281831741333,1.0
212,1.0915714778559837,121.29515993170477,44.68396813339461,100.0,0.010000000707805157,0.6551547050476074,1.0
213,0.894423201411134,116.32558631564642,38.867217932521044,100.0,0.010000000707805157,0.9936453104019165,1.0
214,1.0804025838903049,123.7226705415982,45.23215265445427,100.0,0.010000000707805157,0.6597628593444824,1.0
215,0.8752556521254825,122.19716691637802,40.168556437802685,100.0,0.010000000707805157,1.0076453685760498,1.0
216,0.9846244719693004,120.93144167703399,42.18017710051024,100.0,0.010000000707805157,0.8272082805633545,1.0
217,1.0095430899572464,120.93510002570568,42.86509868107889,100.0,0.010000000707805157,0.826255738735199,1.0
218,0.9315644559285139,122.14758006668248,41.376344793648045,100.0,0.010000000707805157,1.0055795907974243,1.0
219,1.0958208461600327,122.52910733711036,45.9779497346366,100.0,0.010000000707805157,0.6519362926483154,1.0
220,0.8269860951139303,119.6988015443518,38.924128231778,100.0,0.010000000707805157,1.177628517150879,1.0
221,0.9811977294152342,119.94931777659751,42.16194138121108,100.0,0.010000000707805157,0.8239026665687561,1.0
222,0.9023675312766729,121.18224502839269,40.75685863187042,100.0,0.010000000707805157,1.003893494606018,1.0
223,1.0912473978422215,121.64067040367706,45.946453576348894,100.0,0.010000000707805157,0.6476594805717468,1.0
224,0.9017576996951043,120.69843013812842,40.751316741105505,100.0,0.010000000707805157,1.00294828414917,1.0
225,0.9948980311938165,122.41356168729304,43.40050521097711,100.0,0.010000000707805157,0.8275763392448425,1.0
226,0.976168263582194,118.68725453410272,42.12071742589901,100.0,0.010000000707805157,0.8193168640136719,1.0
227,1.068095223036705,116.83821102198212,44.51383028465483,100.0,0.010000000707805157,0.6343891024589539,1.0
228,1.0651594916232512,116.2949344971197,44.490543496927295,100.0,0.010000000707805157,0.6318891644477844,1.0
229,1.0151948055881195,121.12511933964994,44.063670297582235,100.0,0.010000000707805157,0.8228399157524109,1.0
230,1.0771189699679211,119.01312595245419,45.83851282913082,100.0,0.010000000707805157,0.6356664896011353,1.0
231,0.9280522493767188,118.86328737295062,41.34577296109555,100.0,0.010000000707805157,0.9989104270935059,1.0
232,0.9596900289110986,120.11557100804971,42.63010613686741,100.0,0.010000000707805157,0.8212974667549133,1.0
233,1.1297093553087671,116.10102231805536,47.937349922582996,100.0,0.010000000707805157,0.44448280334472656,1.0
234,0.9920031160505859,115.91257195166509,42.72968208400505,100.0,0.010000000707805157,0.8096094131469727,1.0
235,0.9543885017577703,118.9578554532591,42.581550600367656,100.0,0.010000000707805157,0.8167778849601746,1.0
236,0.8871867674004195,120.70825346190695,41.2710425906085,100.0,0.010000000707805157,1.0041577816009521,1.0
237,0.9623027021920435,115.11279604056152,41.99201019819645,100.0,0.010000000707805157,0.8074791431427002,1.0
238,1.046314381851617,112.68684632404835,44.33600900957073,100.0,0.010000000707805157,0.6170436143875122,1.0
239,1.059391003754811,115.74981827911843,45.70069673391595,100.0,0.010000000707805157,0.6217943429946899,1.0
240,1.0567417103704724,115.2640353164979,45.68148105697463,100.0,0.010000000707805157,0.6195487976074219,1.0
241,0.8970936761476243,115.88225190351916,40.67077159286015,100.0,0.010000000707805157,0.9953334927558899,1.0
242,0.8331946924261867,118.10890599215725,39.593597433009215,100.0,0.010000000707805157,1.1877453327178955,1.0
243,0.8664683059095216,115.86014640820395,40.075264210353865,100.0,0.010000000707805157,0.9943748712539673,1.0
244,0.8844648330089919,119.19114207985935,41.24269443702361,100.0,0.010000000707805157,0.9997526407241821,1.0
245,1.0530104868368473,114.55690776611911,45.66201051441359,100.0,0.010000000707805157,0.6163947582244873,1.0
246,0.9540592862941654,112.91828579505473,41.91509334329743,100.0,0.010000000707805157,0.8002485036849976,1.0
247,0.9136624910211214,118.53726738388264,41.84507588257956,100.0,0.010000000707805157,0.9994150400161743,1.0
248,0.786808295072731,120.76862673716613,39.64131788985887,100.0,0.010000000707805157,1.1893521547317505,1.0
249,1.0220697791363522,113.75293512909414,44.77969113118764,100.0,0.010000000707805157,0.6105810403823853,1.0
250,0.9509653693869204,112.17474408628827,41.88361032076245,100.0,0.010000000707805157,0.7974051237106323,1.0
251,0.92560596452542,114.41951428822803,41.26617779371783,100.0,0.010000000707805157,0.9947043657302856,1.0
252,0.9943736274330404,115.38123200508151,43.894944785827526,100.0,0.010000000707805157,0.8041943311691284,1.0
253,1.0893795523486356,110.05462574368543,47.69344439673315,100.0,0.010000000707805157,0.4127761125564575,1.0
254,1.0838082901314041,109.25032285066129,47.65605178884914,100.0,0.010000000707805157,0.40867850184440613,1.0
255,0.9894252742198113,113.9303034519378,43.84409153929587,100.0,0.010000000707805157,0.7997590899467468,1.0
256,1.0336663014830594,110.99135137682153,45.5234425228955,100.0,0.010000000707805157,0.6007683277130127,1.0
257,0.9251649027208713,112.52747384136565,41.24048102841905,100.0,0.010000000707805157,0.9913725256919861,1.0
258,0.9868832819363755,113.26280808946831,43.828840001608185,100.0,0.010000000707805157,0.7962086796760559,1.0
259,0.9859947245987017,113.04746643869038,43.82480468334363,100.0,0.010000000707805157,0.7948497533798218,1.0
260,0.8951312548500321,112.27178829678942,40.62078266436669,100.0,0.010000000707805157,0.989205002784729,1.0
261,1.0017714912706408,110.14852425780677,44.6237378289041,100.0,0.010000000707805157,0.5952357053756714,1.0
262,0.9986044463085012,109.63718417204024,44.59693038690978,100.0,0.010000000707805157,0.5929354429244995,1.0
263,0.9954476264765209,109.12787439402922,44.57015771252864,100.0,0.010000000707805157,0.5906547904014587,1.0
264,0.8792583539283384,107.4747609438917,39.35985279096543,100.0,0.010000000707805157,0.9854754209518433,1.0
265,0.8946117058828943,110.97211710042666,40.58840590410272,100.0,0.010000000707805157,0.9876543879508972,1.0
266,1.0055027394312703,104.6431073399316,43.99861048749158,100.0,0.010000000707805157,0.5863593816757202,1.0
267,0.9202900336737492,111.23395030572769,42.29236692560904,100.0,0.010000000707805157,0.7863253951072693,1.0
268,0.894376218331871,110.31040178870028,40.572140808071886,100.0,0.010000000707805157,0.9867954254150391,1.0
269,0.8942550772135593,110.26904040762606,40.571967737481465,100.0,0.010000000707805157,0.9865208864212036,1.0
270,0.9487096674960084,110.68225723494382,42.986513236482,100.0,0.010000000707805157,0.7864753603935242,1.0
271,0.9330883768670274,106.8896793149178,41.69604582997509,100.0,0.010000000707805157,0.7825641632080078,1.0
272,0.9320408024930493,106.62643853982878,41.68366803413045,100.0,0.010000000707805157,0.7816370725631714,1.0
273,0.9959399743589563,102.8427469728465,43.909643069618966,100.0,0.010000000707805157,0.5796735882759094,1.0
274,0.8941262460504311,109.21749521596435,40.54861488037587,100.0,0.010000000707805157,0.9852571487426758,1.0
275,0.9294257151778083,105.90601723996842,41.65364624258519,100.0,0.010000000707805157,0.7793281078338623,1.0
276,0.9436605931320969,109.25091054141458,42.923946683802264,100.0,0.010000000707805157,0.7826242446899414,1.0
277,0.9427710857116542,109.03058462433441,42.916734690638684,100.0,0.010000000707805157,0.7817503213882446,1.0
278,1.0029502976291071,105.21950084985366,45.277725638902105,100.0,0.010000000707805157,0.5783853530883789,1.0
279,0.8785893888264116,104.62328578424042,39.29482213097125,100.0,0.010000000707805157,0.9807423949241638,1.0
280,0.9862259674288547,100.97527130072571,43.8230024380375,100.0,0.010000000707805157,0.5727049112319946,1.0
281,0.8417532482902467,111.79124529937201,40.491004650560065,100.0,0.010000000707805157,0.9786435961723328,1.0
282,0.9555089409579354,104.01057076587526,42.32146620474004,100.0,0.010000000707805157,0.779782772064209,1.0
283,0.9653083706633909,104.14577795565198,44.30263033299432,100.0,0.010000000707805157,0.5684990882873535,1.0
284,0.9683412826001719,107.02447323139859,43.606681330366015,100.0,0.010000000707805157,0.7826024889945984,1.0
285,0.961413335494849,103.48752050782126,44.27263861672598,100.0,0.010000000707805157,0.5657889246940613,1.0
286,0.9583862779262644,103.00372972916468,44.246304166830186,100.0,0.010000000707805157,0.563735842704773,1.0
287,0.9182278179409814,102.585317391173,41.51133526658611,100.0,0.010000000707805157,0.7702063322067261,1.0
288,0.8593239039062983,106.35941372127822,39.86887548877311,100.0,0.010000000707805157,0.9756072759628296,1.0
289,0.9502616201642134,102.01760466350463,42.24291140538103,100.0,0.010000000707805157,0.7760180830955505,1.0
290,0.8143805506704149,113.48356475636596,39.66402926707209,100.0,0.010000000707805157,1.1852915287017822,1.0
291,1.005002905632978,97.91828850276057,47.16542787742887,100.0,0.010000000707805157,0.3539208769798279,1.0
292,0.9486119306542534,101.46421565552703,44.16086834688021,100.0,0.010000000707805157,0.5566312074661255,1.0
293,0.874138284177892,108.95868451414681,41.00905499988726,100.0,0.010000000707805157,0.976711094379425,1.0
294,0.843762150770348,101.60197620882968,37.2821199401517,100.0,0.010000000707805157,1.1887481212615967,1.0
295,0.996733216006041,96.76988599421321,47.10968397427872,100.0,0.010000000707805157,0.3487626612186432,1.0
296,0.9424288735996414,100.46810685717472,44.10239341140372,100.0,0.010000000707805157,0.5523098707199097,1.0
297,0.9592896149082912,95.81504646271424,43.55430317727765,100.0,0.010000000707805157,0.5554512143135071,1.0
298,0.9460309542001687,107.34857738178214,42.268069952414464,100.0,0.010000000707805157,0.9948314428329468,1.0
299,0.9307589838786149,103.78255784755699,41.067566156005604,100.0,0.010000000707805157,0.988854169845581,1.0
300,0.820378149738329,112.07686424029673,39.66533145968653,100.0,0.010000000707805157,1.184069275856018,1.0
301,0.9244578599011392,103.93691018238201,42.706937485457956,100.0,0.010000000707805157,0.7660201787948608,1.0
302,0.984815510326393,95.07655541648059,47.04977876627953,100.0,0.010000000707805157,0.3407801389694214,1.0
303,0.9430798437463065,99.10426907111626,42.12999930648929,100.0,0.010000000707805157,0.7703118920326233,1.0
304,0.9172187551782971,99.38520785506472,39.786397329997726,100.0,0.010000000707805157,0.985049843788147,1.0
305,0.8682184063040992,103.89754430379858,38.50241816798241,100.0,0.010000000707805157,1.1938908100128174,1.0
306,0.8951926905920284,103.65434391201137,40.418664588929715,100.0,0.010000000707805157,0.9785661101341248,1.0
307,0.895017369636008,103.66187237860774,40.4189560918727,100.0,0.010000000707805157,0.9782938957214355,1.0
308,0.843723565727928,107.96124291424341,39.111768778649406,100.0,0.010000000707805157,1.1869254112243652,1.0
309,0.9154843244538595,99.80532092301436,39.80108312696315,100.0,0.010000000707805157,0.9832338094711304,1.0
310,0.9432895190497749,99.40349422613383,42.150513560822375,100.0,0.010000000707805157,0.7691484689712524,1.0
311,0.942863044601856,99.23260015252934,42.146258619224696,100.0,0.010000000707805157,0.76856529712677,1.0
312,0.9221252981512744,103.10711228676126,42.67446140619724,100.0,0.010000000707805157,0.7633895874023438,1.0
313,0.8799114973052259,99.7608127141821,39.18156304977951,100.0,0.010000000707805157,0.9735167622566223,1.0
314,0.8729399038341612,107.27779668964068,40.96752875610225,100.0,0.010000000707805157,0.9719806909561157,1.0
315,0.9029868694654672,103.48769718660222,39.050266366322205,100.0,0.010000000707805157,1.199906826019287,1.0
316,0.8861949394146855,103.52052508055031,41.94217952778174,100.0,0.010000000707805157,0.7539637684822083,1.0
317,0.9534292478489272,94.49309490960364,43.50823305565732,100.0,0.010000000707805157,0.5495973229408264,1.0
318,0.8835275674093412,102.90579117214817,41.90982633996864,100.0,0.010000000707805157,0.7517126798629761,1.0
319,0.8943210497644033,102.84356098013112,40.39839634807643,100.0,0.010000000707805157,0.9756026268005371,1.0
320,0.9303023529614881,102.46229488519499,41.04642068418123,100.0,0.010000000707805157,0.9855770468711853,1.0
321,0.8940627201878198,102.91712695499838,40.40401692050322,100.0,0.010000000707805157,0.9751070737838745,1.0
322,0.9083041928412179,106.43213091975514,41.5835455869959,100.0,0.010000000707805157,0.9785336256027222,1.0
323,0.9403276985037056,98.31876499409111,42.11281695741799,100.0,0.010000000707805157,0.7657741904258728,1.0
324,0.9262251954266137,94.38008638928841,40.71415859045807,100.0,0.010000000707805157,0.7621601819992065,1.0
325,0.9275754237352841,97.75972116943264,43.97224799125215,100.0,0.010000000707805157,0.540052056312561,1.0
326,0.916917469898847,101.64539594633384,42.613547950100866,100.0,0.010000000707805157,0.7580586671829224,1.0
327,0.8715867731935568,106.0824732021727,40.93742971594161,100.0,0.010000000707805157,0.9676939249038696,1.0
328,0.9168482618486078,98.06151731760728,39.769843872586755,100.0,0.010000000707805157,0.9809285402297974,1.0
329,0.923659811000795,97.13921298753549,43.93967886084934,100.0,0.010000000707805157,0.5370920300483704,1.0
330,0.8945585799185644,101.82901608412106,40.37871076979378,100.0,0.010000000707805157,0.9735230207443237,1.0
331,0.937108124660681,96.99595785058364,42.06127218340562,100.0,0.010000000707805157,0.7629368305206299,1.0
332,0.9005091904947963,97.32575274719206,41.28786769222154,100.0,0.010000000707805157,0.752226710319519,1.0
333,0.9408616688025617,91.9711033942096,43.38529253505614,100.0,0.010000000707805157,0.5406608581542969,1.0
334,0.8952009003472441,101.21164128317477,40.365485578342486,100.0,0.010000000707805157,0.9730424880981445,1.0
335,0.9129403396065001,100.4155542562046,42.55861191883777,100.0,0.010000000707805157,0.7544775605201721,1.0
336,0.9377532664167716,91.3519844674317,43.354289555899875,100.0,0.010000000707805157,0.5385765433311462,1.0
337,0.9354204224446565,90.9121660172859,43.33230153852029,100.0,0.010000000707805157,0.5369983315467834,1.0
338,0.9105211880470176,99.50990369776676,42.51742632183125,100.0,0.010000000707805157,0.752826988697052,1.0
339,0.9104012180606504,103.80889156846354,41.51496615491819,100.0,0.010000000707805157,0.976529598236084,1.0
340,0.8716223814312589,99.91212238770005,41.77145928881368,100.0,0.010000000707805157,0.7408803701400757,1.0
341,0.908882536471476,99.18780911540634,42.50583287611906,100.0,0.010000000707805157,0.7509047985076904,1.0
342,0.894640907115877,95.34808428768353,41.195500725530835,100.0,0.010000000707805157,0.7472548484802246,1.0
343,0.8822966849296608,96.1898040698334,39.086905289009266,100.0,0.010000000707805157,0.9684702157974243,1.0
344,0.9050906725079979,94.09902903599206,43.76322103782909,100.0,0.010000000707805157,0.5246596336364746,1.0
345,0.8924880376582182,94.76239841193534,41.16173885173157,100.0,0.010000000707805157,0.7452373504638672,1.0
346,0.9255445238934672,88.98146721377879,43.22193029431537,100.0,0.010000000707805157,0.5310474038124084,1.0
347,0.9297900387619711,93.66103244942947,41.92306206868274,100.0,0.010000000707805157,0.7571507692337036,1.0
348,0.9293292417280941,87.12617062705385,46.707202360744276,100.0,0.010000000707805157,0.30575820803642273,1.0
349,0.8841188716345331,94.72426416118077,39.05070686896937,100.0,0.010000000707805157,0.96710604429245,1.0
350,0.923940030985348,86.41802632402599,46.669695508847695,100.0,0.010000000707805157,0.3027847409248352,1.0
351,0.8846554294803036,94.24025193138128,39.0381754851303,100.0,0.010000000707805157,0.9664729237556458,1.0
352,0.9384325678507124,97.45505453882909,40.94178230217593,100.0,0.010000000707805157,0.9854614734649658,1.0
353,0.9309388245486545,91.21439143879063,44.6391678895025,100.0,0.010000000707805157,0.5301711559295654,1.0
354,0.9358894159803242,98.52346559552423,39.08731580762161,100.0,0.010000000707805157,1.2097429037094116,1.0
355,0.9200183346325957,85.80376620546296,46.64640979702058,100.0,0.010000000707805157,0.3000226318836212,1.0
356,0.874474449619222,101.63970806569321,40.8009388913644,100.0,0.010000000707805157,0.9636173844337463,1.0
357,0.9137115757263216,101.14859237881315,41.43888332978499,100.0,0.010000000707805157,0.9755635261535645,1.0
358,0.8852100267043587,94.01264096241363,39.04175490973975,100.0,0.010000000707805157,0.9661874771118164,1.0
359,0.8888070545783849,91.28104933071025,43.59746707312056,100.0,0.010000000707805157,0.5145244598388672,1.0
360,0.9120921880158417,84.74689960012412,46.60259930969581,100.0,0.010000000707805157,0.29555240273475647,1.0
361,0.9226708949790471,89.62747578705861,44.56495511210428,100.0,0.010000000707805157,0.5246323347091675,1.0
362,0.9070221768525515,85.2594579786057,43.03328741686804,100.0,0.010000000707805157,0.518794596195221,1.0
363,0.8781533590795365,89.48601185797212,43.49407168304837,100.0,0.010000000707805157,0.5086585879325867,1.0
364,0.8964682572669223,94.4488048581844,42.2830901367852,100.0,0.010000000707805157,0.7413691282272339,1.0
365,0.8745121871983695,88.9222644341056,43.46151841841853,100.0,0.010000000707805157,0.5063613057136536,1.0
366,0.8718888838791603,88.51183264864454,43.43632657614549,100.0,0.010000000707805157,0.5048074126243591,1.0
367,0.8692832079784214,88.10407670959346,43.41118364780741,100.0,0.010000000707805157,0.5032675266265869,1.0
368,0.9076587672840353,84.77906678049115,40.276693556354125,100.0,0.010000000707805157,0.7450650930404663,1.0
369,0.8788290972454601,89.29494282827588,40.90554903750535,100.0,0.010000000707805157,0.7336751222610474,1.0
370,0.9464704109158243,94.03585527337724,40.85984740207379,100.0,0.010000000707805157,0.986855149269104,1.0
371,0.9323209372306258,90.39965094341831,39.60073612663531,100.0,0.010000000707805157,0.9807370901107788,1.0
372,0.8789326415387787,89.40312169840111,40.912512513109384,100.0,0.010000000707805157,0.7333588600158691,1.0
373,0.8783622884071901,89.24788923630214,40.90207523054929,100.0,0.010000000707805157,0.7327833771705627,1.0
374,0.9200941013112917,88.45855454402223,41.70686981530663,100.0,0.010000000707805157,0.7479206323623657,1.0
375,0.9338741567779041,92.18751293619503,43.03704136308911,100.0,0.010000000707805157,0.7535917162895203,1.0
376,0.945981062571935,93.85936391615837,40.85896254870838,100.0,0.010000000707805157,0.9848380088806152,1.0
377,0.9306516313265192,99.81892754202994,39.65295814532846,100.0,0.010000000707805157,1.2068711519241333,1.0
378,0.8503288349735506,93.81027801036336,41.45375572412264,100.0,0.010000000707805157,0.7237353920936584,1.0
379,0.8878278853543177,100.53138313147234,39.11786569381913,100.0,0.010000000707805157,1.1910545825958252,1.0
380,0.9030185665576802,94.97272722658145,40.19724045188218,100.0,0.010000000707805157,0.9682716727256775,1.0
381,0.9096969120035111,87.06085869602926,44.439167510536734,100.0,0.010000000707805157,0.5158596634864807,1.0
382,0.8916331193897786,93.02920450282117,42.211134944811725,100.0,0.010000000707805157,0.7360799908638,1.0
383,0.9034710179288208,94.6676196204006,40.18928428254009,100.0,0.010000000707805157,0.9679601192474365,1.0
384,0.848056600241313,93.66035102188383,41.43988529376397,100.0,0.010000000707805157,0.7204670310020447,1.0
385,0.8903994319117946,92.80915301176763,42.19846897417724,100.0,0.010000000707805157,0.7347102165222168,1.0
386,0.8766441200674091,88.92988649518097,40.87697580393747,100.0,0.010000000707805157,0.7304875254631042,1.0
387,0.8895119776452818,92.53724029434551,42.18404978876088,100.0,0.010000000707805157,0.7338993549346924,1.0
388,0.8756734448432782,79.80683838610906,46.39631646374986,100.0,0.010000000707805157,0.2748641073703766,1.0
389,0.9175333939295365,97.32998187818268,41.32074178102611,100.0,0.010000000707805157,0.9712432026863098,1.0
390,0.8886448779310366,81.41472919346707,42.80684069019505,100.0,0.010000000707805157,0.5073916912078857,1.0
391,0.8557020045740911,85.87505633644957,43.27397931967167,100.0,0.010000000707805157,0.49328261613845825,1.0
392,0.8973581979084618,84.70978118606688,44.32375000536118,100.0,0.010000000707805157,0.508391261100769,1.0
393,0.8858969599107903,91.04289536892422,42.11627839210368,100.0,0.010000000707805157,0.7307657599449158,1.0
394,0.9597382470406753,95.8055518960505,41.98616697827178,100.0,0.010000000707805157,0.9866597056388855,1.0
395,0.8737625619488025,87.32362682846497,40.8050103065347,100.0,0.010000000707805157,0.7282513380050659,1.0
396,0.9044346394185954,82.40858118983397,40.14651779269161,100.0,0.010000000707805157,0.7415746450424194,1.0
397,0.9274108260746589,94.82479047505194,38.53927059107893,100.0,0.010000000707805157,1.2044349908828735,1.0
398,0.9056067691445187,93.15269947014465,40.14085147535596,100.0,0.010000000707805157,0.9664533138275146,1.0
399,0.915966175754451,86.71242818405601,41.61825855561498,100.0,0.010000000707805157,0.7429726123809814,1.0
400,0.8413661041132316,91.91238489353599,41.346501980491624,100.0,0.010000000707805157,0.7142237424850464,1.0
401,0.8951032984654199,84.2618504798345,44.301975722365256,100.0,0.010000000707805157,0.5061129331588745,1.0
402,0.8581803784325802,77.44980610933864,46.29936617928358,100.0,0.010000000707805157,0.26508885622024536,1.0
403,0.8382574564913218,90.95367907646815,41.29756250749216,100.0,0.010000000707805157,0.7118157744407654,1.0
404,0.8507723609919445,76.55700941178537,46.25565091437526,100.0,0.010000000707805157,0.26153799891471863,1.0
405,0.8696122472981661,85.69714377302456,40.712979812937924,100.0,0.010000000707805157,0.724290132522583,1.0
406,0.8437937288790286,75.70908611951842,46.21189427780164,100.0,0.010000000707805157,0.258179634809494,1.0
407,0.8683279911377073,85.03449661145429,40.67853046828208,100.0,0.010000000707805157,0.7232033014297485,1.0
408,0.9007738855680579,80.03863087077373,40.019447782822716,100.0,0.010000000707805157,0.7374959588050842,1.0
409,0.8675037592094498,84.81529931899615,40.66325536593858,100.0,0.010000000707805157,0.7222310900688171,1.0
410,0.8338589203784633,82.26107375163083,43.035961941346784,100.0,0.010000000707805157,0.4805678129196167,1.0
411,0.8309743849955734,74.1370504489392,46.126648123422164,100.0,0.010000000707805157,0.25206276774406433,1.0
412,0.865647877213862,83.8270747857184,40.60998861963012,100.0,0.010000000707805157,0.7206467390060425,1.0
413,0.827251562367622,81.18641425687272,42.96431188699619,100.0,0.010000000707805157,0.4770297110080719,1.0
414,0.8813423273784515,94.00456933722315,40.53463856165849,100.0,0.010000000707805157,0.9528756737709045,1.0
415,0.9701635771739887,92.60866404697572,41.89611318177597,100.0,0.010000000707805157,0.9922847747802734,1.0
416,0.9014486450267969,86.1754031742633,38.78567452722833,100.0,0.010000000707805157,0.9639921188354492,1.0
417,0.9112281360193355,82.9568657413539,41.437663817199656,100.0,0.010000000707805157,0.7392612099647522,1.0
418,0.9567962963834622,89.20057808740812,40.71645753135226,100.0,0.010000000707805157,0.9860716462135315,1.0
419,0.828436189304005,81.37888163255812,42.978237284657155,100.0,0.010000000707805157,0.4769328236579895,1.0
420,0.8618124504216386,75.91149383875708,42.468314802388356,100.0,0.010000000707805157,0.491251677274704,1.0
421,0.8640348484550326,83.30336888864501,40.575627724113225,100.0,0.010000000707805157,0.7187901735305786,1.0
422,0.9811236019246659,87.44554757032265,37.88456321980949,100.0,0.010000000707805157,1.2262773513793945,1.0
423,0.8609996388288396,75.8619207705722,42.46092334517613,100.0,0.010000000707805157,0.4899613857269287,1.0
424,0.9099783797401833,82.42398770192872,41.41346050572346,100.0,0.010000000707805157,0.7371567487716675,1.0
425,0.9265238353260702,93.14137706172724,41.17760420363664,100.0,0.010000000707805157,0.9713469743728638,1.0
426,0.8248521482239214,80.70267674809118,42.92729966520065,100.0,0.010000000707805157,0.4748769998550415,1.0
427,0.8581270090309745,75.2317259468324,42.42288665114618,100.0,0.010000000707805157,0.48825347423553467,1.0
428,0.8697152200635297,79.11051916851125,44.01728786710737,100.0,0.010000000707805157,0.49202680587768555,1.0
429,0.8190614852248006,79.71244898979278,42.86453236310925,100.0,0.010000000707805157,0.4719609320163727,1.0
430,0.866363375216889,78.44861585033456,43.98202267894724,100.0,0.010000000707805157,0.49015167355537415,1.0
431,0.8047744941324197,70.7507616675009,45.97172579538079,100.0,0.010000000707805157,0.2386670857667923,1.0
432,0.8493498790189761,73.30668116843002,42.31087879383916,100.0,0.010000000707805157,0.48358502984046936,1.0
433,0.9083177302065885,80.2134539154828,41.31413870832176,100.0,0.010000000707805157,0.7348551154136658,1.0
434,0.8101573199379623,78.13847426130165,42.76522525821348,100.0,0.010000000707805157,0.467634916305542,1.0
435,0.908026442204489,79.85443002246522,41.29662002856077,100.0,0.010000000707805157,0.734467625617981,1.0
436,0.8231220528831888,85.44657826242334,40.98040079420146,100.0,0.010000000707805157,0.700164794921875,1.0
437,0.933109050515202,90.86417981684096,41.10327626743358,100.0,0.010000000707805157,0.9722903966903687,1.0
438,0.9759352581988259,90.23484637003672,41.814281224198346,100.0,0.010000000707805157,0.9906795024871826,1.0
439,0.8228352273279907,85.77053984959645,41.00046747631271,100.0,0.010000000707805157,0.6992629170417786,1.0
440,0.793751835276352,69.35022858081416,45.91611252232284,100.0,0.010000000707805157,0.23314204812049866,1.0
441,0.8048690238366805,77.37814352953176,42.71558099541183,100.0,0.010000000707805157,0.4640374183654785,1.0
442,0.8026923206880918,77.04180183144082,42.69167519671396,100.0,0.010000000707805157,0.4628411531448364,1.0
443,0.7814245020114027,67.93752654684522,45.84398757774102,100.0,0.010000000707805157,0.22776582837104797,1.0
444,0.8580758405306539,79.26290505068438,40.359559555918885,100.0,0.010000000707805157,0.7130473256111145,1.0
445,0.8176593463474459,84.03338225589562,40.894872032123004,100.0,0.010000000707805157,0.6946519017219543,1.0
446,0.9251326519046971,85.89907607226887,39.90094447156063,100.0,0.010000000707805157,0.9683148860931396,1.0
447,0.9241833103527862,86.06206234043891,39.90346480526308,100.0,0.010000000707805157,0.9677472114562988,1.0
448,0.8568818823361862,79.41935964929199,40.34898727708527,100.0,0.010000000707805157,0.7117423415184021,1.0
449,0.8564608747524612,79.3388642998018,40.340366813749,100.0,0.010000000707805157,0.7112707495689392,1.0
450,0.9174856113055421,82.25172466616768,42.58236568755667,100.0,0.010000000707805157,0.7370920181274414,1.0
451,0.8493351926187512,75.07096660748479,43.79295792719523,100.0,0.010000000707805157,0.48037850856781006,1.0
452,0.8562907023666256,79.01536599723602,40.32621057187475,100.0,0.010000000707805157,0.7111053466796875,1.0
453,0.8674114187502484,82.8737602209901,41.67028444972265,100.0,0.010000000707805157,0.7136030197143555,1.0
454,0.8355208061955901,70.24856797361038,42.08880063997651,100.0,0.010000000707805157,0.4764183759689331,1.0
455,0.905598702663937,77.61687695652938,41.16404870600725,100.0,0.010000000707805157,0.7323463559150696,1.0
456,0.8554382079004247,78.5986642875914,40.29967886276771,100.0,0.010000000707805157,0.7101196646690369,1.0
457,0.9052896382426882,77.52225285030285,41.157465135627994,100.0,0.010000000707805157,0.7319266200065613,1.0
458,0.791128510775243,75.2275244822626,42.54629851477499,100.0,0.010000000707805157,0.45584046840667725,1.0
459,0.8662427010694382,82.15395834432232,41.62791365501137,100.0,0.010000000707805157,0.7125031352043152,1.0
460,0.8940174522388612,72.9410415801659,39.59441554438198,100.0,0.010000000707805157,0.7286249995231628,1.0
461,0.8541918111334454,78.12396164567416,40.26518258965726,100.0,0.010000000707805157,0.7086852788925171,1.0
462,0.7877438663208339,74.70660044141336,42.5006250441645,100.0,0.010000000707805157,0.45386093854904175,1.0
463,0.9847656323540865,87.55004648510152,41.72347294793853,100.0,0.010000000707805157,0.9943917989730835,1.0
464,0.8766652237490332,85.98127857809979,39.22620201610871,100.0,0.010000000707805157,0.9440598487854004,1.0
465,0.9343469072794536,89.05960698866491,37.97927826722646,100.0,0.010000000707805157,1.1974247694015503,1.0
466,0.911641802443463,81.72076954121466,38.60273776078528,100.0,0.010000000707805157,0.960757851600647,1.0
467,0.8524623927765899,78.64629961295658,40.26314919466282,100.0,0.010000000707805157,0.706710696220398,1.0
468,0.8520486192200603,78.57154212318854,40.25467287660767,100.0,0.010000000707805157,0.706247091293335,1.0
469,0.8646924249803861,82.39147469365153,41.6115934189695,100.0,0.010000000707805157,0.7112178802490234,1.0
470,0.7882014652582507,75.04925288837983,42.493198475117744,100.0,0.010000000707805157,0.45265108346939087,1.0
471,0.8510652769910996,78.15338147439473,40.22354466274,100.0,0.010000000707805157,0.7052801251411438,1.0
472,0.9482391558713652,76.36466131760338,37.82976769746065,100.0,0.010000000707805157,0.9790355563163757,1.0
473,0.9156518469832389,81.13383348289797,42.5140666812716,100.0,0.010000000707805157,0.7366920709609985,1.0
474,0.8638999482906559,82.15961981831603,41.59271300953886,100.0,0.010000000707805157,0.7104282975196838,1.0
475,0.7628967136702329,65.34062366641975,45.71172014002992,100.0,0.010000000707805157,0.21818256378173828,1.0
476,0.7834035733859342,74.23492370588832,42.43140945834715,100.0,0.010000000707805157,0.45009058713912964,1.0
477,0.825174172641784,68.38074660799654,41.91662469760403,100.0,0.010000000707805157,0.46939072012901306,1.0
478,0.8371911818044702,72.48856191848203,43.62787080148549,100.0,0.010000000707805157,0.4741954803466797,1.0
479,0.8358783776784349,72.23368768835984,43.6133482019686,100.0,0.010000000707805157,0.47331058979034424,1.0
480,0.9633315550171611,94.8681649730684,39.98914457737967,100.0,0.010000000707805157,1.2065272331237793,1.0
481,0.9744842936039176,83.85512966871622,37.31395739024697,100.0,0.010000000707805157,1.2159427404403687,1.0
482,0.9812218918802983,87.84696269028382,38.47530188663839,100.0,0.010000000707805157,1.217655897140503,1.0
483,0.8490470502956157,77.9283860070511,40.19163732646279,100.0,0.010000000707805157,0.7028715014457703,1.0
484,0.98181345559171,87.61498747490808,41.71116197889157,100.0,0.010000000707805157,0.9938849210739136,1.0
485,0.8822437918434315,89.79370633633867,40.31694882089275,100.0,0.010000000707805157,0.9412909150123596,1.0
486,0.7627553010448064,65.12293330239922,45.71286103164506,100.0,0.010000000707805157,0.21728605031967163,1.0
487,0.8386634194737345,72.98013305454896,43.65032243747418,100.0,0.010000000707805157,0.4737057387828827,1.0
488,0.8373116970287631,72.72076947120583,43.635455191886834,100.0,0.010000000707805157,0.4728066921234131,1.0
489,0.848625342515231,77.30677958255525,40.16030400459984,100.0,0.010000000707805157,0.702583372592926,1.0
490,0.8232684248660078,67.99830812739467,41.873729948985954,100.0,0.010000000707805157,0.4677309989929199,1.0
491,0.8730568197558237,85.27964455554576,39.15250796967097,100.0,0.010000000707805157,0.936863362789154,1.0
492,0.8350016013342829,72.21080043993085,43.602868696245956,100.0,0.010000000707805157,0.4718673527240753,1.0
493,0.7471735915047385,63.319172593527696,45.62052863502007,100.0,0.010000000707805157,0.21053451299667358,1.0
494,0.8187734819030511,67.02543143384568,41.80489224609831,100.0,0.010000000707805157,0.46532192826271057,1.0
495,0.9003671205437759,75.00653561464777,40.98158520299935,100.0,0.010000000707805157,0.7266361713409424,1.0
496,0.9001805439840487,75.01018929506178,40.98144953489662,100.0,0.010000000707805157,0.7262687683105469,1.0
497,0.8592525644025711,80.06167121665621,41.46400224131381,100.0,0.010000000707805157,0.705488383769989,1.0
498,0.8170619240161534,66.67694371810752,41.779732226589715,100.0,0.010000000707805157,0.4640146493911743,1.0
499,0.9765023235522412,82.2459886879991,40.465860931262455,100.0,0.010000000707805157,0.9882071018218994,1.0
500,0.8995089189919296,74.98417190837766,40.9766918482802,100.0,0.010000000707805157,0.7251280546188354,1.0
501,0.8993247166294915,74.98807260804992,40.976487701775945,100.0,0.010000000707805157,0.7247633337974548,1.0
502,0.8991412390672984,74.99200805896868,40.976266174743174,100.0,0.010000000707805157,0.7243993282318115,1.0
503,0.7721523597411726,72.24499549069193,42.27750690815299,100.0,0.010000000707805157,0.443610280752182,1.0
504,0.9753247490143157,82.26552441388954,40.46305298517248,100.0,0.010000000707805157,0.9860813617706299,1.0
505,0.9151879134198143,79.81723783390274,38.52521079342089,100.0,0.010000000707805157,0.9571439027786255,1.0
506,0.7400122512935845,62.28241504505741,45.57043466352559,100.0,0.010000000707805157,0.20655477046966553,1.0
507,0.8144792608689745,66.23581092118877,41.743446823256605,100.0,0.010000000707805157,0.46144118905067444,1.0
508,0.8866140459242179,70.24510262715015,39.377166036589415,100.0,0.010000000707805157,0.717947781085968,1.0
509,0.8583836814389644,79.41166996340817,41.418516742984956,100.0,0.010000000707805157,0.7046639919281006,1.0
510,0.767903674637349,71.50094821773057,42.212852332444534,100.0,0.010000000707805157,0.4414498805999756,1.0
511,0.7659452112579879,71.2056318680481,42.18968061549736,100.0,0.010000000707805157,0.44041240215301514,1.0
512,0.8009985270210459,79.94622650027047,40.55502579425649,100.0,0.010000000707805157,0.6785048246383667,1.0
513,0.8092319585824443,65.13685655671932,41.65285800871159,100.0,0.010000000707805157,0.45881253480911255,1.0
514,0.9798314590640795,81.18049460542977,40.42531591826553,100.0,0.010000000707805157,0.9881807565689087,1.0
515,0.9672316030763553,77.66174428542666,39.14880192270475,100.0,0.010000000707805157,0.9811879396438599,1.0
516,0.8889745276207741,87.27001192736975,40.207043645343994,100.0,0.010000000707805157,0.9420583248138428,1.0
517,0.8236976546949677,69.98236892042131,43.44929249945233,100.0,0.010000000707805157,0.4644714593887329,1.0
518,0.9941281452906552,86.24290376303782,38.47253572534082,100.0,0.010000000707805157,1.218937635421753,1.0
519,0.9082764554145624,78.26028727710036,42.329652885400876,100.0,0.010000000707805157,0.7270673513412476,1.0
520,0.8849533399052183,70.22417185030189,39.346945975894606,100.0,0.010000000707805157,0.7165113091468811,1.0
521,0.8242473185068053,70.16466875578507,43.45388419571635,100.0,0.010000000707805157,0.46408700942993164,1.0
522,0.8962233631141935,74.12916083795459,40.90578092311158,100.0,0.010000000707805157,0.7206426858901978,1.0
523,0.8843735099837381,70.00620168734628,39.338297299043276,100.0,0.010000000707805157,0.7152074575424194,1.0
524,1.0017286235897054,89.93353485730326,39.53402057172495,100.0,0.010000000707805157,1.2217568159103394,1.0
525,0.9238487013133682,83.3454266444221,39.74259768678377,100.0,0.010000000707805157,0.95782470703125,1.0
526,0.9227206666738419,83.53218903172795,39.74557206466503,100.0,0.010000000707805157,0.9571771621704102,1.0
527,0.9473874700747306,91.67036124383475,39.005890944345865,100.0,0.010000000707805157,1.193894386291504,1.0
528,0.9793068089723286,87.68668040204908,38.487480066286984,100.0,0.010000000707805157,1.2098153829574585,1.0
529,0.7742680409678308,72.78803518408982,42.260667012882244,100.0,0.010000000707805157,0.4424114227294922,1.0
530,0.9060785900956263,79.27863267512441,42.35810968703364,100.0,0.010000000707805157,0.7248659133911133,1.0
531,0.954870193327265,79.4735655263304,39.17981381865663,100.0,0.010000000707805157,0.972811222076416,1.0
532,0.8273319185043103,89.96314191989528,39.637646335889016,100.0,0.010000000707805157,0.9133563041687012,1.0
533,0.7461386201807635,62.43534023839416,45.58714438627979,100.0,0.010000000707805157,0.2070642113685608,1.0
534,0.9550277292707178,79.31977540962967,39.16728434824332,100.0,0.010000000707805157,0.9729198217391968,1.0
535,0.9171355313742573,84.29928287204775,39.74846018536234,100.0,0.010000000707805157,0.953476071357727,1.0
536,0.9049790818065959,79.48978025396632,42.35916791191169,100.0,0.010000000707805157,0.7237001061439514,1.0
537,0.773324482401604,72.69816788440964,42.24518745000547,100.0,0.010000000707805157,0.4412599802017212,1.0
538,0.8273207880860665,71.07881050170128,43.48814724223976,100.0,0.010000000707805157,0.4638148546218872,1.0
539,0.8530774660264347,80.1739949967524,41.40538163325179,100.0,0.010000000707805157,0.6986852884292603,1.0
540,0.8526768614051984,80.14111422007653,41.402352830852216,100.0,0.010000000707805157,0.6982163190841675,1.0
541,0.9174920081398337,83.98168290836723,39.73253391651143,100.0,0.010000000707805157,0.9529252648353577,1.0
542,0.8923142204423061,75.25521339017233,40.91397266129231,100.0,0.010000000707805157,0.7172179818153381,1.0
543,0.7699651535151666,72.22579305676257,42.20782037828135,100.0,0.010000000707805157,0.4391604959964752,1.0
544,0.7678834779085528,71.92058975311403,42.18388262000369,100.0,0.010000000707805157,0.43809276819229126,1.0
545,0.8398645599902511,75.94166384512452,39.99664189317947,100.0,0.010000000707805157,0.6929746270179749,1.0
546,0.8510073183213139,79.66989432563126,41.36650239483681,100.0,0.010000000707805157,0.6966763734817505,1.0
547,0.8392883942314094,75.85323991814637,39.984606252654935,100.0,0.010000000707805157,0.692431628704071,1.0
548,0.8805277195831763,70.45036152688562,39.28628807496437,100.0,0.010000000707805157,0.7127429842948914,1.0
549,0.8385843595912029,75.77122665285026,39.973314530128945,100.0,0.010000000707805157,0.6915681958198547,1.0
550,0.76345588517069,71.32166575128245,42.118837373460096,100.0,0.010000000707805157,0.4354904294013977,1.0
551,0.96767216235691,82.03872918781799,40.39346316182493,100.0,0.010000000707805157,0.9782018661499023,1.0
552,0.8380105776106263,75.68896360404777,39.96228398353478,100.0,0.010000000707805157,0.6909910440444946,1.0
553,0.8907770896161572,74.32691792679037,40.84895937745709,100.0,0.010000000707805157,0.7160414457321167,1.0
554,0.9019897994727001,78.16424916552029,42.27759684543051,100.0,0.010000000707805157,0.7209061980247498,1.0
555,0.7629022441480859,71.21387099784886,42.109954543524715,100.0,0.010000000707805157,0.435018390417099,1.0
556,0.7933189157533168,80.39793216040913,40.493365976920145,100.0,0.010000000707805157,0.6700037121772766,1.0
557,0.7254884884236988,59.86043274977458,45.46001594478454,100.0,0.010000000707805157,0.1976213902235031,1.0
558,0.8904157208110447,73.50124336663741,40.801861205552356,100.0,0.010000000707805157,0.7156115174293518,1.0
559,0.8158065288985527,68.90395137382146,43.341820528710585,100.0,0.010000000707805157,0.4575386047363281,1.0
560,0.9207026064938935,82.52213375250615,39.66041758569133,100.0,0.010000000707805157,0.952262282371521,1.0
561,0.8365126466207491,74.82841671808059,39.903549397198404,100.0,0.010000000707805157,0.689622163772583,1.0
562,0.7561478113394343,70.22742734653256,42.02544425929829,100.0,0.010000000707805157,0.43139636516571045,1.0
563,0.8016766169388804,64.13295379710681,41.47335257489278,100.0,0.010000000707805157,0.45206886529922485,1.0
564,0.9318380712624785,85.67362743679145,40.78776724811655,100.0,0.010000000707805157,0.956908106803894,1.0
565,0.9095984216102985,78.83788565470316,38.406035570332755,100.0,0.010000000707805157,0.9473452568054199,1.0
566,0.8667137192340868,83.81854976063944,39.01424659484425,100.0,0.010000000707805157,0.9245795607566833,1.0
567,0.9673701039289329,81.50726098597208,40.354903028647165,100.0,0.010000000707805157,0.9770445823669434,1.0
568,0.8158012058423829,69.01342059056256,43.3373068188208,100.0,0.010000000707805157,0.4571450352668762,1.0
569,0.8025666891418938,64.4511957995261,41.47914119753073,100.0,0.010000000707805157,0.4519613981246948,1.0
570,0.9850049381325162,86.57911697873232,38.445980942385724,100.0,0.010000000707805157,1.2078572511672974,1.0
571,0.9547635780617713,78.14434208239136,39.077740629568105,100.0,0.010000000707805157,0.9697399139404297,1.0
572,0.930548157819153,88.36869461342312,37.95304886048234,100.0,0.010000000707805157,1.1784172058105469,1.0
573,0.8872750076550834,74.26311466692036,40.805234031096056,100.0,0.010000000707805157,0.7127277851104736,1.0
574,0.8990177703410943,78.03882333447493,42.24400071963346,100.0,0.010000000707805157,0.7185767292976379,1.0
575,0.9128411797897692,83.5818792046141,39.666403091527926,100.0,0.010000000707805157,0.9468210935592651,1.0
576,0.7304655221931758,60.024892981970645,45.46611801362081,100.0,0.010000000707805157,0.19818691909313202,1.0
577,0.8866969277747889,74.00945224504983,40.7887513609912,100.0,0.010000000707805157,0.7117394208908081,1.0
578,0.8456971960485046,79.08998246220823,41.27764493525959,100.0,0.010000000707805157,0.6916958689689636,1.0
579,0.7246145346109886,59.364646122675516,45.43260088428005,100.0,0.010000000707805157,0.19576428830623627,1.0
580,0.8330809200410891,74.88748183596958,39.865250274587545,100.0,0.010000000707805157,0.6859761476516724,1.0
581,0.8005463560056387,64.30151899065216,41.44140596586554,100.0,0.010000000707805157,0.4495699107646942,1.0
582,0.8119556711605108,68.3226922829726,43.27585250247514,100.0,0.010000000707805157,0.45449912548065186,1.0
583,0.8861407040012637,73.00435957056442,40.73421248895316,100.0,0.010000000707805157,0.7107819318771362,1.0
584,0.8744316704663958,69.02287848087585,39.14292481393371,100.0,0.010000000707805157,0.7050296068191528,1.0
585,0.9167262960090523,82.46144030401992,39.62684236796721,100.0,0.010000000707805157,0.9475404024124146,1.0
586,0.9421846114654779,74.13489724933542,37.680518527340205,100.0,0.010000000707805157,0.9598098397254944,1.0
587,0.7989296883467686,64.21391860136494,41.423343046069256,100.0,0.010000000707805157,0.4473768472671509,1.0
588,0.975755851678601,84.83528006267541,41.50861512636478,100.0,0.010000000707805157,0.9795502424240112,1.0
589,0.7546045021494415,69.94303153704519,41.95371606117458,100.0,0.010000000707805157,0.42961061000823975,1.0
590,0.9032891510901909,79.17376588521576,38.40387129592945,100.0,0.010000000707805157,0.9397014379501343,1.0
591,0.9139915808535702,82.8325222773023,39.62987119466948,100.0,0.010000000707805157,0.945562481880188,1.0
592,0.871426711993904,69.63341547301117,39.162326415430975,100.0,0.010000000707805157,0.701249361038208,1.0
593,0.7882703692182859,79.85724964099217,40.38219612378628,100.0,0.010000000707805157,0.6657882928848267,1.0
594,0.9126953730129663,82.93586411731944,39.623704986921105,100.0,0.010000000707805157,0.944624125957489,1.0
595,0.9115727828055346,83.12446580453306,39.626745710580586,100.0,0.010000000707805157,0.9439764022827148,1.0
596,0.8137466450429713,68.769328775687,43.278957929195926,100.0,0.010000000707805157,0.4547335207462311,1.0
597,0.898817933873029,79.66928056595366,38.400394514370824,100.0,0.010000000707805157,0.9361119270324707,1.0
598,0.9592916849983278,82.02356167927476,40.336522337860806,100.0,0.010000000707805157,0.9690307974815369,1.0
599,0.8002018196658791,64.77187835881118,41.42718655121556,100.0,0.010000000707805157,0.4467307925224304,1.0
600,0.8292632281702338,75.1736130893863,39.83475118468545,100.0,0.010000000707805157,0.6815474629402161,1.0
601,0.828827612396636,75.11927415991003,39.82675183017994,100.0,0.010000000707805157,0.6810975074768066,1.0
602,0.8125038747404225,68.52394002434949,43.25455552855289,100.0,0.010000000707805157,0.4540797770023346,1.0
603,0.9234431094565448,86.31155653556804,40.75084720194127,100.0,0.010000000707805157,0.9512345194816589,1.0
604,0.8818717414870639,73.65396552127612,40.7229564781029,100.0,0.010000000707805157,0.7064388394355774,1.0
605,0.8709769444304013,87.73216007699874,40.08555817364102,100.0,0.010000000707805157,0.9243667125701904,1.0
606,0.7540842085599568,70.18203954715663,41.9211372818073,100.0,0.010000000707805157,0.42752283811569214,1.0
607,0.7969565032423158,64.1460140179082,41.36263089771519,100.0,0.010000000707805157,0.44519490003585815,1.0
608,0.8813034060955875,73.27623805060756,40.69620662985063,100.0,0.010000000707805157,0.7060942649841309,1.0
609,0.8973836511521577,79.51450489793717,38.38004176417273,100.0,0.010000000707805157,0.9338963031768799,1.0
610,0.7843162413511714,79.85156345490216,40.33653910376861,100.0,0.010000000707805157,0.6616478562355042,1.0
611,0.8263894948523194,74.8048388542222,39.78032374747711,100.0,0.010000000707805157,0.6788837313652039,1.0
612,0.9215060051842375,86.25170304397594,40.73219804523392,100.0,0.010000000707805157,0.9495392441749573,1.0
613,0.9569861825587923,81.86774498340883,40.306793590669216,100.0,0.010000000707805157,0.9670512676239014,1.0
614,0.7202421455826767,58.295036959173906,45.35878393545793,100.0,0.010000000707805157,0.1919899582862854,1.0
615,0.7947888321551032,63.83334189059589,41.31964877477907,100.0,0.010000000707805157,0.4436413049697876,1.0
616,0.9584169152016256,81.47858453667304,40.29487598036211,100.0,0.010000000707805157,0.9669567942619324,1.0
617,0.749846841035239,69.58034163668084,41.8558622672137,100.0,0.010000000707805157,0.42505308985710144,1.0
618,0.8920081722094847,76.71460983199802,42.11580190972793,100.0,0.010000000707805157,0.712042510509491,1.0
619,0.9364855168857966,91.57002193472427,38.935030931355655,100.0,0.010000000707805157,1.175752878189087,1.0
620,0.8384081216024168,78.51178626308955,41.16602210249065,100.0,0.010000000707805157,0.685041069984436,1.0
621,0.96592712704025,85.14849696095013,41.47158187436343,100.0,0.010000000707805157,0.9709243178367615,1.0
622,0.782251179371598,80.1634422234548,40.34364315522946,100.0,0.010000000707805157,0.6592284440994263,1.0
623,0.9431791884398211,78.54810971702787,39.01884754017675,100.0,0.010000000707805157,0.9579885005950928,1.0
624,0.8666331189451247,69.966828985378,39.09360844352925,100.0,0.010000000707805157,0.6976957321166992,1.0
625,0.825074983842377,75.2737837446737,39.7834823924219,100.0,0.010000000707805157,0.6776968836784363,1.0
626,0.7510773084262302,69.95966986805405,41.86320464137724,100.0,0.010000000707805157,0.4244852066040039,1.0
627,0.7489497581239025,69.66440703771777,41.83881389522673,100.0,0.010000000707805157,0.423458069562912,1.0
628,0.8777050808074445,73.13903116685275,40.64380101669554,100.0,0.010000000707805157,0.703127384185791,1.0
629,0.8531916635713815,84.35560988250802,38.93819090860565,100.0,0.010000000707805157,0.9110016822814941,1.0
630,0.7472391131041262,69.49826844960772,41.81457441784462,100.0,0.010000000707805157,0.422299861907959,1.0
631,0.7779770664159553,79.57268328681917,40.27178162106567,100.0,0.010000000707805157,0.6551873683929443,1.0
632,0.9049826371940624,82.80741169317243,39.5469122614254,100.0,0.010000000707805157,0.9368230104446411,1.0
633,0.8506102582831333,84.39423733742785,38.915991037990565,100.0,0.010000000707805157,0.9079684019088745,1.0
634,0.9912325996777356,79.73081860534828,36.62091811734211,100.0,0.010000000707805157,1.2036572694778442,1.0
635,0.8083289758166918,68.14545372351867,43.190066085487366,100.0,0.010000000707805157,0.4507143199443817,1.0
636,0.9017978764603823,83.32787252200232,39.553483241410234,100.0,0.010000000707805157,0.9348483085632324,1.0
637,0.820903002801893,75.16917555447019,39.723869296107885,100.0,0.010000000707805157,0.6735780239105225,1.0
638,0.8889299116697643,77.12153990628792,42.108073912531815,100.0,0.010000000707805157,0.711036205291748,1.0
639,0.9128879067479825,86.69431805589598,40.700849713061174,100.0,0.010000000707805157,0.9419653415679932,1.0
640,0.8592195759143672,88.26039243026095,40.030898434572094,100.0,0.010000000707805157,0.9125268459320068,1.0
641,0.8626922525261095,70.11854265406517,39.03365640683183,100.0,0.010000000707805157,0.6948890686035156,1.0
642,0.8581828775893064,88.38637045423593,40.02867379453513,100.0,0.010000000707805157,0.9117220640182495,1.0
643,0.9067973731531344,89.93123609528375,37.915160587449684,100.0,0.010000000707805157,1.154954433441162,1.0
644,0.8954116808024467,84.29129587269115,39.55893555511356,100.0,0.010000000707805157,0.9308986663818359,1.0
645,0.7520856114906507,70.76258488762089,41.84487310702269,100.0,0.010000000707805157,0.4217301607131958,1.0
646,0.8098492625159228,68.65880305359214,43.20801511974339,100.0,0.010000000707805157,0.4505961537361145,1.0
647,0.966729495134471,91.62793410517014,39.428961632251344,100.0,0.010000000707805157,1.1901620626449585,1.0
648,0.8104314310490054,68.84665467418985,43.21634087199799,100.0,0.010000000707805157,0.45026862621307373,1.0
649,0.8612796634301397,70.44585395241809,39.02380033359284,100.0,0.010000000707805157,0.6939743161201477,1.0
650,0.8734745803692624,74.14907227258313,40.63201762869953,100.0,0.010000000707805157,0.7004331350326538,1.0
651,0.9330734875204345,79.37859932013649,38.984735519635656,100.0,0.010000000707805157,0.950972318649292,1.0
652,0.8542014944258327,88.92819801517862,40.02885921909655,100.0,0.010000000707805157,0.9087547659873962,1.0
653,0.8185820334305115,76.16048229510369,39.73268461741131,100.0,0.010000000707805157,0.6710447072982788,1.0
654,0.9310210133151966,79.66782471095689,38.98553374527676,100.0,0.010000000707805157,0.9497950077056885,1.0
655,0.8110767905441078,68.99848792219986,43.211927589366695,100.0,0.010000000707805157,0.45007196068763733,1.0
656,0.892686327201629,84.4658755353838,39.55215920652003,100.0,0.010000000707805157,0.9282113909721375,1.0
657,0.7517703667474616,70.72622795745876,41.822429113751454,100.0,0.010000000707805157,0.42093443870544434,1.0
658,0.7947623579333615,64.60069528977539,41.23881558195847,100.0,0.010000000707805157,0.4410501718521118,1.0
659,0.8170249834994857,75.71085264418318,39.69680305154644,100.0,0.010000000707805157,0.6696289777755737,1.0
660,0.7471380661434245,70.06431357363353,41.763903167573815,100.0,0.010000000707805157,0.4188563823699951,1.0
661,0.717114004997715,57.21015203654541,45.28859730570611,100.0,0.010000000707805157,0.1882920265197754,1.0
662,0.934595992556528,78.57525570889263,38.946034382671826,100.0,0.010000000707805157,0.9505935311317444,1.0
663,0.7712626313889478,80.15874131502949,40.2092031697336,100.0,0.010000000707805157,0.6476738452911377,1.0
664,0.870899015165094,73.32121063406261,40.56439817838527,100.0,0.010000000707805157,0.6983608603477478,1.0
665,0.8030317749197087,67.51937234183104,43.10936764196477,100.0,0.010000000707805157,0.4466351866722107,1.0
666,0.769921446312383,79.87222698757901,40.18882752918203,100.0,0.010000000707805157,0.6466302275657654,1.0
667,0.8572006919727634,69.28021456733201,38.918640438881496,100.0,0.010000000707805157,0.6895864605903625,1.0
668,0.8819255287425205,80.01363717428097,38.26902080785904,100.0,0.010000000707805157,0.919011652469635,1.0
669,0.8136049855204935,74.86055421485767,39.619519397012766,100.0,0.010000000707805157,0.6665424108505249,1.0
670,0.9327555960974231,78.53833572948407,38.932237099072076,100.0,0.010000000707805157,0.9486298561096191,1.0
671,0.7869227543402822,63.41899473493867,41.11519870434868,100.0,0.010000000707805157,0.43617016077041626,1.0
672,0.8541335808444221,87.90369385092085,39.948539869817935,100.0,0.010000000707805157,0.9070950746536255,1.0
673,0.768078624255975,79.98542268618561,40.16055239873011,100.0,0.010000000707805157,0.6445611715316772,1.0
674,0.8271365874030204,78.26697021379853,41.0190917743533,100.0,0.010000000707805157,0.6755130887031555,1.0
675,0.9665525404792192,91.19565440210178,39.39449392614668,100.0,0.010000000707805157,1.1877763271331787,1.0
676,0.7875227820952622,63.56430546664852,41.10485856635895,100.0,0.010000000707805157,0.43672114610671997,1.0
677,0.8013533156449271,67.28402120417842,43.07728432425798,100.0,0.010000000707805157,0.4459739625453949,1.0
678,0.8115407904630823,74.77546268142814,39.58903642398309,100.0,0.010000000707805157,0.6647172570228577,1.0
679,0.7373116911062467,68.90078314873732,41.619874472457596,100.0,0.010000000707805157,0.413107693195343,1.0
680,0.7979788396856783,66.66538154565676,43.036233498149684,100.0,0.010000000707805157,0.44458019733428955,1.0
681,0.7643916195986624,79.34672624632256,40.10883625468356,100.0,0.010000000707805157,0.641508936882019,1.0
682,0.7809233629023262,62.268055405264356,40.995479363681206,100.0,0.010000000707805157,0.4339968264102936,1.0
683,0.8382755608059261,84.17856992268456,38.79539747303634,100.0,0.010000000707805157,0.8933234810829163,1.0
684,0.7312658644456412,68.16593883445515,41.54555684163258,100.0,0.010000000707805157,0.40997809171676636,1.0
685,0.9345581590720551,77.55350301530468,38.86296867083795,100.0,0.010000000707805157,0.9498085975646973,1.0
686,0.9462043399276678,81.07710855016984,40.1632117073027,100.0,0.010000000707805157,0.9592404365539551,1.0
687,0.8666026398415303,72.43783314847703,40.46764535707481,100.0,0.010000000707805157,0.6954567432403564,1.0
688,0.9053217210100183,86.03679154245225,40.59416815036854,100.0,0.010000000707805157,0.9349154233932495,1.0
689,0.8490815339043822,87.78370901702591,39.91141053293903,100.0,0.010000000707805157,0.9010822772979736,1.0
690,0.8764358746190248,80.12862367672355,38.21803938556687,100.0,0.010000000707805157,0.9140907526016235,1.0
691,0.8887211303832945,83.4656363339654,39.445490175327315,100.0,0.010000000707805157,0.9227191805839539,1.0
692,0.7987645675617607,67.02221930840837,43.03927794932446,100.0,0.010000000707805157,0.4441549777984619,1.0
693,0.8653935312651821,72.903804789278,40.473158441158255,100.0,0.010000000707805157,0.6944728493690491,1.0
694,0.7972087878338185,66.77670039875656,43.02047394214067,100.0,0.010000000707805157,0.4431026577949524,1.0
695,0.8890284790232902,83.25993494971263,39.438547106329885,100.0,0.010000000707805157,0.9224347472190857,1.0
696,0.8078385439169837,74.72306550851248,39.5389300035021,100.0,0.010000000707805157,0.661493182182312,1.0
697,0.807377307517812,74.66509028189694,39.530713497489344,100.0,0.010000000707805157,0.6610500812530518,1.0
698,0.9617565168991778,91.2698128511525,39.369039653993035,100.0,0.010000000707805157,1.1826374530792236,1.0
699,0.7978839826232892,66.98969237986992,43.02527424623952,100.0,0.010000000707805157,0.44300946593284607,1.0
700,0.7964522087300508,66.7529668180354,43.00923236042578,100.0,0.010000000707805157,0.44219112396240234,1.0
701,0.8873562261729938,83.3540623700326,39.431627768163075,100.0,0.010000000707805157,0.9209911823272705,1.0
702,0.9351923571869456,85.64914802699491,37.28946217022924,100.0,0.010000000707805157,1.1629981994628906,1.0
703,0.7980384156401694,67.0610188964268,43.02168151535514,100.0,0.010000000707805157,0.44276997447013855,1.0
704,0.8207231218987402,78.28195725810082,40.95845774856019,100.0,0.010000000707805157,0.6693745255470276,1.0
705,0.8298932002023531,85.3150437457294,38.79964316616165,100.0,0.010000000707805157,0.8873845934867859,1.0
706,0.7820015679416544,62.93497899434525,40.970635906361615,100.0,0.010000000707805157,0.43280941247940063,1.0
707,0.7804230833564044,62.659069464293935,40.949210968638376,100.0,0.010000000707805157,0.43195825815200806,1.0
708,0.9255525486278497,78.46381679438456,38.85779655095558,100.0,0.010000000707805157,0.9425563812255859,1.0
709,0.8199012485366352,78.08239756286395,40.935437144993834,100.0,0.010000000707805157,0.6689988970756531,1.0
710,0.9369694213578955,81.84187408129829,40.14439977055862,100.0,0.010000000707805157,0.9514837861061096,1.0
711,0.7339576496641311,68.80833252332715,41.53694890684474,100.0,0.010000000707805157,0.4091182351112366,1.0
712,0.8045896353904489,74.68015182388041,39.498428770391655,100.0,0.010000000707805157,0.6584432125091553,1.0
713,0.8708343500595627,80.34527591031846,38.194492310378806,100.0,0.010000000707805157,0.9083801507949829,1.0
714,0.731855789189563,68.58926915460117,41.503707102640526,100.0,0.010000000707805157,0.4079035520553589,1.0
715,0.7928564734478982,66.19612004635466,42.94904512652104,100.0,0.010000000707805157,0.4405037760734558,1.0
716,0.8608286042687179,72.3710055260787,40.39821654902884,100.0,0.010000000707805157,0.690491259098053,1.0
717,0.7913068757287499,65.95725079428873,42.93020785637437,100.0,0.010000000707805157,0.4394683837890625,1.0
718,0.8738081049162162,75.5972695518692,41.907148173406355,100.0,0.010000000707805157,0.6997641324996948,1.0
719,0.727036096751657,67.8419357170487,41.452080116026124,100.0,0.010000000707805157,0.40605148673057556,1.0
720,0.8468367233334058,68.31223813315358,38.72530514401398,100.0,0.010000000707805157,0.6805412173271179,1.0
721,0.8859364766513231,82.74620721997793,39.38317688794188,100.0,0.010000000707805157,0.9182722568511963,1.0
722,0.8165179198528253,77.3366265699417,40.87329334511235,100.0,0.010000000707805157,0.6663638353347778,1.0
723,0.8019752149508006,73.97435279594251,39.438094265047155,100.0,0.010000000707805157,0.6564880609512329,1.0
724,0.9215963993395877,95.20008128341887,39.73518254978453,100.0,0.010000000707805157,1.1555510759353638,1.0
725,0.8825852229631254,83.23908783379129,39.38487674391225,100.0,0.010000000707805157,0.9162355661392212,1.0
726,0.7905485620100816,66.04149976458427,42.92087922445756,100.0,0.010000000707805157,0.43817877769470215,1.0
727,0.8149572717944564,77.60766081205674,40.87557953528645,100.0,0.010000000707805157,0.664564311504364,1.0
728,0.8928291593881506,90.10035016278965,37.84519259013594,100.0,0.010000000707805157,1.1347347497940063,1.0
729,0.7905128417107268,66.08574873166671,42.91917727385761,100.0,0.010000000707805157,0.43807485699653625,1.0
730,0.6976886236306828,54.16103948286119,45.09229674968593,100.0,0.010000000707805157,0.17777681350708008,1.0
731,0.8826113671282174,82.90424892889962,39.363668798646756,100.0,0.010000000707805157,0.9156742095947266,1.0
732,0.7872772490057509,65.54633455587013,42.88061919129659,100.0,0.010000000707805157,0.43647435307502747,1.0
733,0.9232294632367712,77.96929901456126,38.796449522181625,100.0,0.010000000707805157,0.9400289058685303,1.0
734,0.8812992444819543,83.11034676060007,39.36821060076122,100.0,0.010000000707805157,0.9147002696990967,1.0
735,0.7739356002455966,61.791191481111795,40.8080075132264,100.0,0.010000000707805157,0.42780181765556335,1.0
736,0.799424476397373,74.06186198860578,39.409655278916006,100.0,0.010000000707805157,0.6543207168579102,1.0
737,0.8128384021179863,77.30619677099298,40.837366510601754,100.0,0.010000000707805157,0.6630721688270569,1.0
738,0.868143790220355,79.93217663325882,38.14056755100534,100.0,0.010000000707805157,0.9052536487579346,1.0
739,0.8561506504384627,72.1371351943631,40.331948474017764,100.0,0.010000000707805157,0.6866730451583862,1.0
740,0.7718454651964463,61.55712430909441,40.77437161116846,100.0,0.010000000707805157,0.426303505897522,1.0
741,0.7979363263545385,73.89923369416324,39.38610318908339,100.0,0.010000000707805157,0.6529114246368408,1.0
742,0.8669531346966936,79.8547427069278,38.13307911833005,100.0,0.010000000707805157,0.9032529592514038,1.0
743,0.8375529002610479,87.67607687745443,39.80629238600883,100.0,0.010000000707805157,0.8899835348129272,1.0
744,0.8875969548277685,90.28478485234683,37.828067191417986,100.0,0.010000000707805157,1.1282178163528442,1.0
745,0.86249527897131,80.51820275531189,38.13513673095436,100.0,0.010000000707805157,0.9001375436782837,1.0
746,0.6988127653988128,54.019562031274944,45.05454731340553,100.0,0.010000000707805157,0.1775161325931549,1.0
747,0.885350382405566,90.37636219473214,37.819515081278034,100.0,0.010000000707805157,1.125496745109558,1.0
748,0.8757179704148016,83.56947860153217,39.34100945748419,100.0,0.010000000707805157,0.9106253385543823,1.0
749,0.8113564928493981,77.91691325657396,40.824716324599116,100.0,0.010000000707805157,0.6621686220169067,1.0
750,0.8383283255812747,95.17975005904438,38.297309092902644,100.0,0.010000000707805157,1.0982329845428467,1.0
751,0.92717741437739,82.1218346796162,40.07697683311155,100.0,0.010000000707805157,0.9460318684577942,1.0
752,0.8143729423602468,86.05938911768033,38.709019135607996,100.0,0.010000000707805157,0.8719854354858398,1.0
753,0.8468428364541648,98.37615641287472,39.18554617531001,100.0,0.010000000707805157,1.105717420578003,1.0
754,0.9237747728682334,82.70655015215837,40.082157004601946,100.0,0.010000000707805157,0.9445668458938599,1.0
755,0.867982257896094,76.95168089805534,41.910579769584054,100.0,0.010000000707805157,0.6971123218536377,1.0
756,0.7780406935567914,63.21056459070075,40.81864550681047,100.0,0.010000000707805157,0.42785656452178955,1.0
757,0.7763240332781952,62.924464700232896,40.796283050247794,100.0,0.010000000707805157,0.42697641253471375,1.0
758,0.8094186330499015,78.52748963914257,40.8333989862108,100.0,0.010000000707805157,0.6597300171852112,1.0
759,0.8696158062108759,84.36682189595152,39.337934129123205,100.0,0.010000000707805157,0.9064746499061584,1.0
760,0.7751420765884268,62.74587211335091,40.77445614281999,100.0,0.010000000707805157,0.42636391520500183,1.0
761,0.7894325681767175,66.22008806708244,42.87113172988966,100.0,0.010000000707805157,0.43708041310310364,1.0
762,0.7927428736583016,75.02046766890437,39.36186781314378,100.0,0.010000000707805157,0.6475173830986023,1.0
763,0.8273957888265527,88.7074714201622,39.7859017745164,100.0,0.010000000707805157,0.8811970353126526,1.0
764,0.7920357505724349,75.0935949141228,39.353960190735684,100.0,0.010000000707805157,0.646888256072998,1.0
765,0.9398755410613919,92.34656128782876,39.29459936014867,100.0,0.010000000707805157,1.1649082899093628,1.0
766,0.7919922510963527,75.43556698999319,39.365395235863936,100.0,0.010000000707805157,0.6465961933135986,1.0
767,0.8070087782928462,78.50167686191486,40.809008568006924,100.0,0.010000000707805157,0.6576143503189087,1.0
768,0.8809841606108335,87.23446823988566,40.483449727302734,100.0,0.010000000707805157,0.9154572486877441,1.0
769,0.791511969697449,75.51367750845871,39.36058085530277,100.0,0.010000000707805157,0.6462764739990234,1.0
770,0.791008440395498,75.44153512665295,39.351840265704645,100.0,0.010000000707805157,0.6458325982093811,1.0
771,0.92220390297103,90.061285236086,38.27879786333385,100.0,0.010000000707805157,1.1507768630981445,1.0
772,0.7902951318334166,66.5498866083781,42.874008301926615,100.0,0.010000000707805157,0.43691614270210266,1.0
773,0.7055228889979748,54.27985370493485,45.05893162249166,100.0,0.010000000707805157,0.17860451340675354,1.0
774,0.82308425921168,88.90109705028547,39.768365481202835,100.0,0.010000000707805157,0.8768843412399292,1.0
775,0.7599853865190274,90.93023232855101,39.158491612831966,100.0,0.010000000707805157,0.8377302289009094,1.0
776,0.8489204510928787,72.97547686639415,40.260032291132,100.0,0.010000000707805157,0.6830739378929138,1.0
777,0.7710633788452469,62.21441306833527,40.67055067417226,100.0,0.010000000707805157,0.424629271030426,1.0
778,0.8790287635583022,86.98476600892943,40.45512936015172,100.0,0.010000000707805157,0.9134690761566162,1.0
779,0.7885022273624502,75.2060484994705,39.31043033637324,100.0,0.010000000707805157,0.6439633369445801,1.0
780,0.7850401859632208,65.77999859747285,42.81456038251172,100.0,0.010000000707805157,0.43449437618255615,1.0
781,0.7181385273984336,68.08561675015297,41.25936705695913,100.0,0.010000000707805157,0.39522284269332886,1.0
782,0.6932497401322261,52.96543470153308,44.98470149501424,100.0,0.010000000707805157,0.17411114275455475,1.0
783,0.78636796183044,74.17886800420114,39.24679729311909,100.0,0.010000000707805157,0.6429018378257751,1.0
784,0.800541190960335,77.28548684049929,40.705750812750075,100.0,0.010000000707805157,0.6529468297958374,1.0
785,0.8667867092618691,83.33349947009779,39.24565923965502,100.0,0.010000000707805157,0.9026761054992676,1.0
786,0.8597853493056701,75.18662229433191,41.77397584173543,100.0,0.010000000707805157,0.691674530506134,1.0
787,0.8065670285158338,85.5631400721574,38.620195683157306,100.0,0.010000000707805157,0.8631860613822937,1.0
788,0.7645762366664296,61.10150734447824,40.55186174116145,100.0,0.010000000707805157,0.42210865020751953,1.0
789,0.7848444211853662,74.15722614257271,39.22663195273581,100.0,0.010000000707805157,0.6416662335395813,1.0
790,0.8785165352254313,86.20130194529932,40.40688215218037,100.0,0.010000000707805157,0.9118974208831787,1.0
791,0.784576966962523,74.29821576608661,39.227682089077945,100.0,0.010000000707805157,0.6414341330528259,1.0
792,0.7628224983933151,60.86690591445453,40.51997763445188,100.0,0.010000000707805157,0.42117422819137573,1.0
793,0.8311417491550591,68.23007566888805,38.46089689344666,100.0,0.010000000707805157,0.6702754497528076,1.0
794,0.8510712983353986,80.37615043128682,38.00462426420124,100.0,0.010000000707805157,0.8898428678512573,1.0
795,0.920101385698682,81.34191339144135,39.96861456070754,100.0,0.010000000707805157,0.9407269954681396,1.0
796,0.8443001681451204,71.99987966363744,40.16923580568616,100.0,0.010000000707805157,0.6796086430549622,1.0
797,0.8767111574126689,86.44398050501539,40.4041655745361,100.0,0.010000000707805157,0.9109400510787964,1.0
798,0.8029258302386201,85.89532149463069,38.610294142512615,100.0,0.010000000707805157,0.8600549697875977,1.0
799,0.8611776079516563,83.9584296700613,39.23899353981053,100.0,0.010000000707805157,0.8984798789024353,1.0
800,0.7797985002178165,65.1486934659816,42.736960251849794,100.0,0.010000000707805157,0.4315321445465088,1.0
801,0.9034775523475236,78.88787551460558,38.66826959041474,100.0,0.010000000707805157,0.9269393086433411,1.0
802,0.9277487018186387,84.86565820558589,41.21811167783076,100.0,0.010000000707805157,0.9474329352378845,1.0
803,0.7346270532141193,80.34404969630218,39.82950653336812,100.0,0.010000000707805157,0.6117632985115051,1.0
804,0.7143013927942959,67.88660785412104,41.18375256479743,100.0,0.010000000707805157,0.39191341400146484,1.0
805,0.8595890954485239,84.0147633822935,39.23175116004119,100.0,0.010000000707805157,0.8970894813537598,1.0
806,0.8745554101574353,94.50444199926396,38.71448569965903,100.0,0.010000000707805157,1.1152466535568237,1.0
807,0.9122568766559624,82.36224185416177,39.96911425057223,100.0,0.010000000707805157,0.9349393844604492,1.0
808,0.6994358506567823,53.15079007394042,44.97856955775789,100.0,0.010000000707805157,0.17485621571540833,1.0
809,0.8124005224825941,89.0752663745502,39.70800670918218,100.0,0.010000000707805157,0.8662371635437012,1.0
810,0.8542677498710615,75.80809380217838,41.754677425137466,100.0,0.010000000707805157,0.6863705515861511,1.0
811,0.7818937392684813,75.09354720548991,39.224657777261584,100.0,0.010000000707805157,0.6387891173362732,1.0
812,0.8831675335273842,97.22178644219134,39.63744562069357,100.0,0.010000000707805157,1.121176838874817,1.0
813,0.7946315331490598,78.44264904391783,40.700774964293,100.0,0.010000000707805157,0.6461681127548218,1.0
814,0.8290325551852777,69.57280587416786,38.46812396458929,100.0,0.010000000707805157,0.6697440147399902,1.0
815,0.7942171611035366,78.34436462841003,40.69116602201641,100.0,0.010000000707805157,0.6460039019584656,1.0
816,0.9093246361022438,82.42895053796963,39.949423551540754,100.0,0.010000000707805157,0.9322279095649719,1.0
817,0.8537384062476948,84.83335975574781,39.23452049120231,100.0,0.010000000707805157,0.8928984999656677,1.0
818,0.7008295743346806,53.13100631623329,44.97935391062163,100.0,0.010000000707805157,0.17477259039878845,1.0
819,0.7773115548269669,65.22253555512434,42.70574612140651,100.0,0.010000000707805157,0.4279004633426666,1.0
820,0.7924233072388648,78.00081844447118,40.66755773900821,100.0,0.010000000707805157,0.6445727348327637,1.0
821,0.8503794209847986,75.58414989458329,41.71865471865453,100.0,0.010000000707805157,0.6820610761642456,1.0
822,0.691583053319325,52.17354001717416,44.928827085543354,100.0,0.010000000707805157,0.1714135855436325,1.0
823,0.7602346417521922,60.71127574799599,40.417764130329644,100.0,0.010000000707805157,0.41930386424064636,1.0
824,0.8740308734100317,94.17984958776576,38.70055408451333,100.0,0.010000000707805157,1.112715244293213,1.0
825,0.7722797035102505,64.51537941729111,42.648855608960176,100.0,0.010000000707805157,0.42526140809059143,1.0
826,0.8270762611594953,68.5219429347987,38.38777844372878,100.0,0.010000000707805157,0.6687802672386169,1.0
827,0.8443387901665171,80.9686067870306,37.97772791625934,100.0,0.010000000707805157,0.8863407373428345,1.0
828,0.758751191742449,60.65197753834255,40.3972693633082,100.0,0.010000000707805157,0.41786348819732666,1.0
829,0.8486355452232381,74.88857826694637,41.67052659786175,100.0,0.010000000707805157,0.6813526153564453,1.0
830,0.7969118063922916,85.87569596485127,38.57119580436428,100.0,0.010000000707805157,0.855022132396698,1.0
831,0.8367176846772552,71.83186389446175,40.071283932395644,100.0,0.010000000707805157,0.673541784286499,1.0
832,0.8364778236435841,71.83085236322908,40.07025737823416,100.0,0.010000000707805157,0.6731881499290466,1.0
833,0.776848903010494,74.3053000343124,39.141127081830135,100.0,0.010000000707805157,0.6353920698165894,1.0
834,0.9083182644537976,81.60185873324878,39.90060044204151,100.0,0.010000000707805157,0.9292454123497009,1.0
835,0.7056829399874034,67.05925725956187,41.05742426811863,100.0,0.010000000707805157,0.38675975799560547,1.0
836,0.7684149411368417,63.9895122933953,42.5905544317987,100.0,0.010000000707805157,0.4233055114746094,1.0
837,0.8829216367000098,96.56643369169274,39.602767962114335,100.0,0.010000000707805157,1.1173492670059204,1.0
838,0.7568690340470976,60.42215407400673,40.349906657842446,100.0,0.010000000707805157,0.4168562889099121,1.0
839,0.7670966361050424,63.85858500233699,42.575930627542185,100.0,0.010000000707805157,0.42235618829727173,1.0
840,0.7231941970817591,79.28424125190423,39.705547462183105,100.0,0.010000000707805157,0.6035901308059692,1.0
841,0.8981611220419422,78.28303013571663,38.571987877546114,100.0,0.010000000707805157,0.9223834872245789,1.0
842,0.765856163571399,63.700613497357395,42.559609610704605,100.0,0.010000000707805157,0.42174482345581055,1.0
843,0.6989651389905288,66.2835655560997,40.98172463202619,100.0,0.010000000707805157,0.3838265538215637,1.0
844,0.6710350751591354,49.88011506599988,44.77394678068627,100.0,0.010000000707805157,0.16371436417102814,1.0
845,0.833058426346242,70.53889677418289,39.97585227376935,100.0,0.010000000707805157,0.6710965633392334,1.0
846,0.6932399428859702,65.52147332598042,40.91707229219871,100.0,0.010000000707805157,0.3818102777004242,1.0
847,0.6909014529045624,65.24687212651214,40.89126269835729,100.0,0.010000000707805157,0.380854070186615,1.0
848,0.8322562986177955,69.99446036084844,39.941188116456544,100.0,0.010000000707805157,0.6708871126174927,1.0
849,0.7559384445800928,62.12021027144687,42.44377600560084,100.0,0.010000000707805157,0.4178829789161682,1.0
850,0.7979177913123877,84.25618254522911,38.49066521777096,100.0,0.010000000707805157,0.8539435267448425,1.0
851,0.7436025331019431,58.18971092586016,40.134021431991535,100.0,0.010000000707805157,0.4116588830947876,1.0
852,0.7971547043908599,84.18022812257617,38.47870897610592,100.0,0.010000000707805157,0.8528896570205688,1.0
853,0.8553822632350081,82.11673363629613,39.09120257522557,100.0,0.010000000707805157,0.8907111287117004,1.0
854,0.8646938602936827,85.04567050149745,40.25712811990224,100.0,0.010000000707805157,0.8967605233192444,1.0
855,0.8533292308074089,82.50368499063555,39.09858850010613,100.0,0.010000000707805157,0.8894752264022827,1.0
856,0.7566118937498572,62.38947110114148,42.44731246442802,100.0,0.010000000707805157,0.4178871214389801,1.0
857,0.6878162717080758,65.08485415374776,40.84591799565262,100.0,0.010000000707805157,0.3787640929222107,1.0
858,0.7795419896483833,75.56314943651778,40.45727522787272,100.0,0.010000000707805157,0.6362796425819397,1.0
859,0.654867495746656,48.16803384894136,44.66340699050864,100.0,0.010000000707805157,0.15803565084934235,1.0
860,0.7394637826715953,57.544561921659934,40.04706826454603,100.0,0.010000000707805157,0.41024672985076904,1.0
861,0.7780845206300792,74.90549166713782,40.417412022272096,100.0,0.010000000707805157,0.6356951594352722,1.0
862,0.7114625524318664,77.32762381780054,39.54116874098237,100.0,0.010000000707805157,0.5962378978729248,1.0
863,0.6782719319697555,63.9903065629575,40.73859263431346,100.0,0.010000000707805157,0.3748120665550232,1.0
864,0.6760444116910151,63.731772778150656,40.713447947298484,100.0,0.010000000707805157,0.3739035427570343,1.0
865,0.7756476604864728,74.33943420822635,40.37283211398952,100.0,0.010000000707805157,0.6341440081596375,1.0
866,0.7751684743637178,74.32940625043416,40.36967937602804,100.0,0.010000000707805157,0.63369220495224,1.0
867,0.7649687560104906,71.15945052561568,38.86967151130904,100.0,0.010000000707805157,0.6289538741111755,1.0
868,0.6722862828672185,63.38979742862621,40.66985444306321,100.0,0.010000000707805157,0.37203770875930786,1.0
869,0.827408309785137,68.15171848130962,39.783213431053,100.0,0.010000000707805157,0.6695766448974609,1.0
870,0.670272669093732,63.14099048131178,40.6450198905211,100.0,0.010000000707805157,0.3712720572948456,1.0
871,0.7731193831948286,73.82311368539939,40.32854687134707,100.0,0.010000000707805157,0.6325068473815918,1.0
872,0.7948397101580017,82.89228967174532,38.3785717670508,100.0,0.010000000707805157,0.8484188914299011,1.0
873,0.8264770463156336,68.01631473489691,39.762325012141794,100.0,0.010000000707805157,0.6693532466888428,1.0
874,0.7722478040048434,73.9626605722919,40.32573495749642,100.0,0.010000000707805157,0.6317815780639648,1.0
875,0.7621749506133417,70.79130459423112,38.81858786045643,100.0,0.010000000707805157,0.6271068453788757,1.0
876,0.7715093561400068,73.91464431367345,40.316416841448294,100.0,0.010000000707805157,0.6312689781188965,1.0
877,0.7710315345074374,73.9080135984822,40.313373769954964,100.0,0.010000000707805157,0.6308194398880005,1.0
878,0.8538579213095077,80.6791893897811,38.97566003720153,100.0,0.010000000707805157,0.888262152671814,1.0
879,0.8249981934223722,68.12141060263971,39.74716882945624,100.0,0.010000000707805157,0.6685265302658081,1.0
880,0.7999507886631201,85.99132006708915,39.46647222994589,100.0,0.010000000707805157,0.8493566513061523,1.0
881,0.8328158235657118,71.56217792170675,41.40487587326393,100.0,0.010000000707805157,0.6716629266738892,1.0
882,0.7306752047366426,56.19813918570368,39.83727720202381,100.0,0.010000000707805157,0.40790584683418274,1.0
883,0.7692924103159651,74.09162532392446,40.30984353078563,100.0,0.010000000707805157,0.6291488409042358,1.0
884,0.7688158090102167,74.08290252051583,40.306669063206016,100.0,0.010000000707805157,0.6287022233009338,1.0
885,0.7898129712426367,83.30759069655961,38.36294192738737,100.0,0.010000000707805157,0.8447911143302917,1.0
886,0.8152492813157377,64.75271139418777,37.95038999332129,100.0,0.010000000707805157,0.6650198101997375,1.0
887,0.7591315338692395,71.03595161394354,38.7909471707263,100.0,0.010000000707805157,0.6249865889549255,1.0
888,0.6653834877417495,63.09490958861284,40.5717869649422,100.0,0.010000000707805157,0.36752989888191223,1.0
889,0.6631930303046948,62.84577959734334,40.546946884031954,100.0,0.010000000707805157,0.36664846539497375,1.0
890,0.7666542310232001,73.66733539533354,40.26231925222854,100.0,0.010000000707805157,0.6277053356170654,1.0
891,0.822139801721372,67.60234144839407,39.68309270750293,100.0,0.010000000707805157,0.6673802137374878,1.0
892,0.8218477107295369,67.6336604465279,39.68341441122443,100.0,0.010000000707805157,0.6670036911964417,1.0
893,0.9004647386043023,75.11204716007863,38.33193805097033,100.0,0.010000000707805157,0.9247674345970154,1.0
894,0.662631336118339,62.79635784424778,40.533236491651145,100.0,0.010000000707805157,0.36639419198036194,1.0
895,0.8293240206804054,70.92370131351376,41.344989299976156,100.0,0.010000000707805157,0.6699236631393433,1.0
896,0.7653178597300386,73.71949948871415,40.2560605120285,100.0,0.010000000707805157,0.6265683770179749,1.0
897,0.8205308348307279,67.68126284459282,39.67349515413412,100.0,0.010000000707805157,0.665766716003418,1.0
898,0.7647436651578989,73.72868930395808,40.252871477795054,100.0,0.010000000707805157,0.6260623335838318,1.0
899,0.7323656781959369,59.28671669758559,42.150363264613766,100.0,0.010000000707805157,0.407110333442688,1.0
900,0.9726574144480011,81.86511964796001,37.474579455951094,100.0,0.010000000707805157,1.1828551292419434,1.0
901,0.6961123025974745,76.59219149709709,39.38820615625418,100.0,0.010000000707805157,0.5845071077346802,1.0
902,0.6606961420049996,62.699006026069725,40.506905499686994,100.0,0.010000000707805157,0.36522364616394043,1.0
903,0.8189845666408473,67.60139572620683,39.652741743336136,100.0,0.010000000707805157,0.6647859215736389,1.0
904,0.8186937351378943,67.63171063034015,39.65297106457885,100.0,0.010000000707805157,0.6644124984741211,1.0
905,0.7855267290202348,83.11714928626209,38.320178098035704,100.0,0.010000000707805157,0.8409790396690369,1.0
906,0.8181478900804825,67.76971749983107,39.65335136828689,100.0,0.010000000707805157,0.6641230583190918,1.0
907,0.622743914864713,44.610193064033105,44.4059830535317,100.0,0.010000000707805157,0.14656691253185272,1.0
908,0.8176601315624378,67.38705748495684,39.63197920019385,100.0,0.010000000707805157,0.6637216806411743,1.0
909,0.7534480901040382,70.30556572623291,38.70027152218011,100.0,0.010000000707805157,0.621465265750885,1.0
910,0.7284860135662234,58.8231260762358,42.09338296204767,100.0,0.010000000707805157,0.40556201338768005,1.0
911,0.8395428774171592,77.41971684464272,37.67683511321855,100.0,0.010000000707805157,0.879423201084137,1.0
912,0.7187776191430076,54.8576354686285,39.61720865509043,100.0,0.010000000707805157,0.40177011489868164,1.0
913,0.977245132005994,84.46749586540992,38.57009907843933,100.0,0.010000000707805157,1.1821553707122803,1.0
914,0.7195863491125338,55.12850939892021,39.63691891922831,100.0,0.010000000707805157,0.4015245735645294,1.0
915,0.8453217058586808,80.50453532107527,38.905002519809784,100.0,0.010000000707805157,0.8810449838638306,1.0
916,0.8153584808875525,67.6201695360766,39.62892007138206,100.0,0.010000000707805157,0.6615106463432312,1.0
917,0.7917387178338908,85.7843997124825,39.39028342527622,100.0,0.010000000707805157,0.8431779146194458,1.0
918,0.8148490777932058,67.77999734226913,39.62892749813859,100.0,0.010000000707805157,0.6612292528152466,1.0
919,0.7246255227598699,88.2907377042226,38.80805989771111,100.0,0.010000000707805157,0.8006049394607544,1.0
920,0.7504975063924011,70.78833755255366,38.69036186416962,100.0,0.010000000707805157,0.6188942193984985,1.0
921,0.6205254853948944,44.219747482849186,44.357946423348054,100.0,0.010000000707805157,0.14547960460186005,1.0
922,0.716554921548617,54.80505855903749,39.57266904586242,100.0,0.010000000707805157,0.40025997161865234,1.0
923,0.8046850927072529,63.83519445871234,37.80444633308145,100.0,0.010000000707805157,0.6562349796295166,1.0
924,0.7905383289818197,85.47016794696168,39.356304212784465,100.0,0.010000000707805157,0.841841459274292,1.0
925,0.7580716931630795,73.35510408263532,40.16103144410011,100.0,0.010000000707805157,0.6224551796913147,1.0
926,0.7575781459627426,73.34871133354515,40.15800112863234,100.0,0.010000000707805157,0.62200528383255,1.0
927,0.7880031662876371,85.66815240670613,39.35462597164406,100.0,0.010000000707805157,0.8393470048904419,1.0
928,0.7250926125518887,58.66974971286889,42.04151600928066,100.0,0.010000000707805157,0.4039868116378784,1.0
929,0.7473952321344883,70.24361437090185,38.63044883746262,100.0,0.010000000707805157,0.6171305179595947,1.0
930,0.7140461085712095,54.524199578610556,39.51148608637159,100.0,0.010000000707805157,0.3994486629962921,1.0
931,0.7221561965440189,58.20707936136948,42.003586002914744,100.0,0.010000000707805157,0.40299516916275024,1.0
932,0.6467052458618718,61.45153239913335,40.30697553878245,100.0,0.010000000707805157,0.3588327169418335,1.0
933,0.8029141185943668,63.19285469793249,37.72404789620337,100.0,0.010000000707805157,0.6562072038650513,1.0
934,0.719325237499764,57.75984884467057,41.966572354694875,100.0,0.010000000707805157,0.40204057097435,1.0
935,0.6432632929041862,61.010387771051995,40.26342149873003,100.0,0.010000000707805157,0.3577095568180084,1.0
936,0.8185825036892336,69.43809299170508,41.183789043670075,100.0,0.010000000707805157,0.6639220714569092,1.0
937,0.9831639720732799,86.49979828865762,39.572830632998084,100.0,0.010000000707805157,1.1842899322509766,1.0
938,0.6451636337718518,61.28543674324564,40.28768432055941,100.0,0.010000000707805157,0.358288049697876,1.0
939,0.7169995715760275,57.620238737571086,41.9410316557339,100.0,0.010000000707805157,0.40009698271751404,1.0
940,0.5981488021059795,41.9910665605719,44.20348841195562,100.0,0.010000000707805157,0.13818436861038208,1.0
941,0.7518305226827112,72.05964821593774,40.061871909355524,100.0,0.010000000707805157,0.6183114051818848,1.0
942,0.7129815510600029,57.0248423777241,41.89266002648563,100.0,0.010000000707805157,0.3983614146709442,1.0
943,0.7439727951991467,68.75458417471509,38.52937729324759,100.0,0.010000000707805157,0.6160323619842529,1.0
944,0.6800019034576499,74.646468701973,39.17465293493056,100.0,0.010000000707805157,0.5749648213386536,1.0
945,0.7108805590676913,56.72135791360454,41.86635902947729,100.0,0.010000000707805157,0.3977537453174591,1.0
946,0.7023767772722016,52.50535614120274,39.28520664749451,100.0,0.010000000707805157,0.3955901563167572,1.0
947,0.7010504499226615,52.30256551719519,39.26582009975613,100.0,0.010000000707805157,0.394913911819458,1.0
948,0.7493021883047005,71.30175531000155,40.00462709064914,100.0,0.010000000707805157,0.6170415878295898,1.0
949,0.7880725262946512,83.8227710979917,39.256559398313684,100.0,0.010000000707805157,0.8370442390441895,1.0
950,0.6314934351352185,59.815073010882784,40.13005626664458,100.0,0.010000000707805157,0.35292989015579224,1.0
951,0.9235700631162702,82.62697884463505,36.93578713970357,100.0,0.010000000707805157,1.1385904550552368,1.0
952,0.8345507509155888,76.11461438603094,37.5439927642445,100.0,0.010000000707805157,0.8740416765213013,1.0
953,0.7846853499460331,84.35509596490274,39.25490870405137,100.0,0.010000000707805157,0.8350392580032349,1.0
954,0.7394665638725703,68.84561610913902,38.481064865968655,100.0,0.010000000707805157,0.6125767827033997,1.0
955,0.5874345036398653,40.893969576958405,44.10996729300497,100.0,0.010000000707805157,0.13483262062072754,1.0
956,0.805437696973222,65.31577082604825,39.39381035161411,100.0,0.010000000707805157,0.6573013663291931,1.0
957,0.7465645567393124,71.58703927651061,39.98561601650236,100.0,0.010000000707805157,0.6153848171234131,1.0
958,0.8324853472297846,76.13655194590433,37.52658548872153,100.0,0.010000000707805157,0.8723708987236023,1.0
959,0.6735313738572384,74.6350380426457,39.10750384575341,100.0,0.010000000707805157,0.5698448419570923,1.0
960,0.8907667918555545,73.45536785813879,38.13694567729585,100.0,0.010000000707805157,0.9167777895927429,1.0
961,0.745651394095242,71.91802874681895,39.987593003531515,100.0,0.010000000707805157,0.6148093342781067,1.0
962,0.9187743422298961,86.13160796368787,37.951649213634774,100.0,0.010000000707805157,1.1330140829086304,1.0
963,0.7365940005457581,69.23164309623257,38.46898452926789,100.0,0.010000000707805157,0.6102348566055298,1.0
964,0.5901312460492144,41.01659825636921,44.100674824303425,100.0,0.010000000707805157,0.13541804254055023,1.0
965,0.6715623713920282,74.80448729016253,39.092085426466944,100.0,0.010000000707805157,0.5681929588317871,1.0
966,0.8025180798146755,65.55802244908165,39.373291941366716,100.0,0.010000000707805157,0.6559447050094604,1.0
967,0.8428777786236912,82.00306870287571,39.91066006482508,100.0,0.010000000707805157,0.8770902752876282,1.0
968,0.743335878235229,72.08323660321275,39.975102770459934,100.0,0.010000000707805157,0.6130577921867371,1.0
969,0.698074256758984,52.645540023143624,39.1852817147216,100.0,0.010000000707805157,0.3930034935474396,1.0
970,0.7426276625558266,71.89474886630126,39.96072489188766,100.0,0.010000000707805157,0.6127128005027771,1.0
971,0.7050511190678738,56.38580751981301,41.78304779655064,100.0,0.010000000707805157,0.3957135081291199,1.0
972,0.6265414410596697,59.92483960132127,40.04383339158331,100.0,0.010000000707805157,0.3493346571922302,1.0
973,0.7334392222839204,68.43223250649024,38.39604164852956,100.0,0.010000000707805157,0.6088029146194458,1.0
974,0.834558863345819,78.97903851195733,38.71041072429348,100.0,0.010000000707805157,0.8718888759613037,1.0
975,0.6250349882742744,59.86412276112765,40.02244195013679,100.0,0.010000000707805157,0.34847405552864075,1.0
976,0.7014310406088432,55.87828306109879,41.737527140882314,100.0,0.010000000707805157,0.3945351839065552,1.0
977,0.7002189020670133,55.71631799805355,41.72310880327192,100.0,0.010000000707805157,0.39390093088150024,1.0
978,0.6990190834840294,55.55613680660472,41.708756419461416,100.0,0.010000000707805157,0.3932710886001587,1.0
979,0.7078338583319354,86.40380962299297,38.6003975265151,100.0,0.010000000707805157,0.7821609377861023,1.0
980,0.805477424017688,68.02707345725655,41.01604485708828,100.0,0.010000000707805157,0.656671404838562,1.0
981,0.6979317245113206,55.529865305422376,41.69825632951307,100.0,0.010000000707805157,0.39246341586112976,1.0
982,0.8042066583125732,67.9655310104312,41.004016997928645,100.0,0.010000000707805157,0.6549447178840637,1.0
983,0.5697096271517439,39.040683039330204,43.96440803050018,100.0,0.010000000707805157,0.1289859414100647,1.0
984,0.6943914313104987,55.05860848223855,41.6554206399192,100.0,0.010000000707805157,0.3905991017818451,1.0
985,0.7362144958368437,70.63756375703971,39.8655652508046,100.0,0.010000000707805157,0.6081629991531372,1.0
986,0.6928964929070319,54.901821731134326,41.63803378209368,100.0,0.010000000707805157,0.38972747325897217,1.0
987,0.8983455162055081,78.11823246367844,40.64296570184673,100.0,0.010000000707805157,0.9155004024505615,1.0
988,0.8341071818434468,78.31159506764891,38.67031872206825,100.0,0.010000000707805157,0.8708485960960388,1.0
989,0.8003296080619723,67.91666416813678,40.973341694534845,100.0,0.010000000707805157,0.6502161622047424,1.0
990,0.6932578434731643,55.29310211475317,41.64671155887271,100.0,0.010000000707805157,0.38840705156326294,1.0
991,0.6156766250329813,58.873838405682214,39.93437212461799,100.0,0.010000000707805157,0.34512633085250854,1.0
992,0.7303511431033783,67.51403263532195,38.31550509681347,100.0,0.010000000707805157,0.6089088916778564,1.0
993,0.7926137757148791,60.731334121974015,37.36545220851288,100.0,0.010000000707805157,0.6548318862915039,1.0
994,0.6863615995149156,50.725515187600976,38.92344338936309,100.0,0.010000000707805157,0.3898528218269348,1.0
995,0.7952415440842243,64.11396190173768,39.217144358565754,100.0,0.010000000707805157,0.6513162851333618,1.0
996,0.8876567797525685,72.42491348546092,38.02608732451302,100.0,0.010000000707805157,0.9146504998207092,1.0
997,0.7732573259601284,83.70907811177007,39.157182285796736,100.0,0.010000000707805157,0.8246597647666931,1.0
998,0.7325713336289172,70.94948918630223,39.85537530710701,100.0,0.010000000707805157,0.6054370403289795,1.0
999,0.728112649856332,67.80281944212454,38.31076475542424,100.0,0.010000000707805157,0.607102632522583,1.0
1000,0.8258477899562232,75.7257545347216,37.429087800069226,100.0,0.010000000707805157,0.8694902658462524,1.0
1001,0.7885590486926056,61.257823647978526,37.3789463264851,100.0,0.010000000707805157,0.6508773565292358,1.0
1002,0.7266321310890098,67.97634651494528,38.30797568887543,100.0,0.010000000707805157,0.6055781841278076,1.0
1003,0.881972006066731,73.04642313558898,38.03154418337762,100.0,0.010000000707805157,0.9107579588890076,1.0
1004,0.6155370195718669,59.141492755203714,39.898191617206145,100.0,0.010000000707805157,0.34458526968955994,1.0
1005,0.7694715501199612,84.09440647627166,39.14251618790244,100.0,0.010000000707805157,0.8224290609359741,1.0
1006,0.7964634790952122,68.10518237248667,40.94888421255888,100.0,0.010000000707805157,0.6492903232574463,1.0
1007,0.8256164149015557,79.01291551325917,38.65291082495061,100.0,0.010000000707805157,0.8652216792106628,1.0
1008,0.7250401850729473,68.398908117351,38.30958777675481,100.0,0.010000000707805157,0.6044961214065552,1.0
1009,0.6914138012879426,55.45376223662237,41.61280747293876,100.0,0.010000000707805157,0.3880060017108917,1.0
1010,0.8788157120632492,73.3341529904865,38.021583218796344,100.0,0.010000000707805157,0.9090730547904968,1.0
1011,0.7898297494414607,65.1657193219554,39.224388159890914,100.0,0.010000000707805157,0.647593080997467,1.0
1012,0.7606022063595982,82.03353878531077,38.07087223010628,100.0,0.010000000707805157,0.8201781511306763,1.0
1013,0.6157435673430157,59.46881982452737,39.892495857569436,100.0,0.010000000707805157,0.3439018726348877,1.0
1014,0.7285414971661044,71.46163716027992,39.83324706849997,100.0,0.010000000707805157,0.6032102108001709,1.0
1015,0.6898312111839837,55.378904911114326,41.592061779833976,100.0,0.010000000707805157,0.38723623752593994,1.0
1016,0.7275942046775059,71.31679315737226,39.82233279923814,100.0,0.010000000707805157,0.602485179901123,1.0
1017,0.8767500592250772,73.37392195042837,38.00487411462183,100.0,0.010000000707805157,0.9079394936561584,1.0
1018,0.7878200897792333,65.14881799712825,39.20176406153916,100.0,0.010000000707805157,0.6465059518814087,1.0
1019,0.7874889446747783,65.19092845307134,39.20248068438138,100.0,0.010000000707805157,0.6461263298988342,1.0
1020,0.6136376830819278,59.30060383590078,39.865350114727065,100.0,0.010000000707805157,0.3431165814399719,1.0
1021,0.7214666003198862,68.29956310846865,38.273110289227226,100.0,0.010000000707805157,0.6023191809654236,1.0
1022,0.8159900029733919,76.42859083957275,37.41118117965963,100.0,0.010000000707805157,0.8618388175964355,1.0
1023,0.9122356193788166,91.36307830404988,39.79007874153416,100.0,0.010000000707805157,1.1216447353363037,1.0
1024,0.7208712360253492,68.87707399699033,38.29188879038563,100.0,0.010000000707805157,0.6016572713851929,1.0
1025,0.8173652353677051,79.76557603962362,38.639394024034615,100.0,0.010000000707805157,0.8597481846809387,1.0
1026,0.8459523455424627,92.08176599034228,38.36350298485003,100.0,0.010000000707805157,1.0735706090927124,1.0
1027,0.8145383158745081,80.30001822964505,38.648083245594606,100.0,0.010000000707805157,0.8581258058547974,1.0
1028,0.6927307227291699,56.315306084206746,41.62084739152051,100.0,0.010000000707805157,0.3873631954193115,1.0
1029,0.6913785946544081,56.14368666922797,41.60558764678662,100.0,0.010000000707805157,0.38670477271080017,1.0
1030,0.7242646958751454,72.23281712101215,39.83301929612757,100.0,0.010000000707805157,0.5997117161750793,1.0
1031,0.7191255606369963,69.20783577045587,38.28591508473921,100.0,0.010000000707805157,0.6005491018295288,1.0
1032,0.8137957182220545,80.13068149509385,38.633278846090796,100.0,0.010000000707805157,0.8574475049972534,1.0
1033,0.6523876426611254,75.48130972389225,38.9713426685367,100.0,0.010000000707805157,0.5552415251731873,1.0
1034,0.7875140700720803,69.03115900708971,40.92455392189836,100.0,0.010000000707805157,0.6430280804634094,1.0
1035,0.7786856507893646,62.612121305652394,37.34010718624809,100.0,0.010000000707805157,0.6452208757400513,1.0
1036,0.6889773734400907,55.98083716116317,41.576234874798146,100.0,0.010000000707805157,0.38553446531295776,1.0
1037,0.6509351003509758,75.29429759500019,38.95492333449682,100.0,0.010000000707805157,0.554590106010437,1.0
1038,0.6115052160239844,59.72123855573422,39.82819252344824,100.0,0.010000000707805157,0.3405837118625641,1.0
1039,0.720537463266935,71.90074414763909,39.7885455766484,100.0,0.010000000707805157,0.597425639629364,1.0
1040,0.7157568577148493,68.86830120722854,38.234219285490674,100.0,0.010000000707805157,0.5986493825912476,1.0
1041,0.8946154700419047,87.11314242641895,37.84875865507622,100.0,0.010000000707805157,1.1153130531311035,1.0
1042,0.5707073161080226,38.40978463994067,43.83624146121746,100.0,0.010000000707805157,0.1278367042541504,1.0
1043,0.8155494410522321,82.46868946758444,39.76926897645324,100.0,0.010000000707805157,0.8547549843788147,1.0
1044,0.7840966600277846,68.73906644130687,40.886765218456254,100.0,0.010000000707805157,0.6408666372299194,1.0
1045,0.6092720726228245,59.652621727880046,39.80312319443657,100.0,0.010000000707805157,0.33937275409698486,1.0
1046,0.7797255360950687,65.38567152791488,39.12251794014987,100.0,0.010000000707805157,0.642257571220398,1.0
1047,0.7793989894663013,65.42165830605956,39.12307312244109,100.0,0.010000000707805157,0.6418820023536682,1.0
1048,0.8063842749013301,77.25542033340284,37.375681378138374,100.0,0.010000000707805157,0.8567845225334167,1.0
1049,0.8376608893135461,92.43088430602276,38.33378506617133,100.0,0.010000000707805157,1.0665322542190552,1.0
1050,0.8071319622713494,80.4585022368872,38.601571613197954,100.0,0.010000000707805157,0.852862536907196,1.0
1051,0.6813079374802111,52.07947294436633,38.79447103707798,100.0,0.010000000707805157,0.38538849353790283,1.0
1052,0.7819461998884788,69.03030188081388,40.88240852215255,100.0,0.010000000707805157,0.6394718885421753,1.0
1053,0.6801993384159284,88.61360861840353,38.54664933436793,100.0,0.010000000707805157,0.7627821564674377,1.0
1054,0.7773747113802421,65.98774356923164,39.12754019480028,100.0,0.010000000707805157,0.6407162547111511,1.0
1055,0.644933630757324,75.73481931348998,38.923545314564706,100.0,0.010000000707805157,0.5496619343757629,1.0
1056,0.6437089384267329,75.70055501722877,38.91369799600639,100.0,0.010000000707805157,0.5485826134681702,1.0
1057,0.7106658923006073,69.39171642969096,38.20190616412969,100.0,0.010000000707805157,0.595146119594574,1.0
1058,0.7407322058141859,83.41271243976809,37.99825497236471,100.0,0.010000000707805157,0.8050462603569031,1.0
1059,0.6829164624491948,55.68023956200762,41.502158839510955,100.0,0.010000000707805157,0.38326579332351685,1.0
1060,0.6049318073517591,59.75434188744368,39.74045660342385,100.0,0.010000000707805157,0.3362487554550171,1.0
1061,0.7086670713485091,69.08089327305784,38.16814772631265,100.0,0.010000000707805157,0.5939324498176575,1.0
1062,0.7081262652195097,69.04664385957257,38.16172694469892,100.0,0.010000000707805157,0.5934993028640747,1.0
1063,0.7123321757359506,71.99283642538471,39.71883907234412,100.0,0.010000000707805157,0.5921885371208191,1.0
1064,0.678721030026999,55.13382933939892,41.453479183213105,100.0,0.010000000707805157,0.38197430968284607,1.0
1065,0.5995026250989235,59.269706527698595,39.68112764865747,100.0,0.010000000707805157,0.3341580033302307,1.0
1066,0.7435957769081035,85.28612519591215,39.03822334574824,100.0,0.010000000707805157,0.8015547394752502,1.0
1067,0.6721305083929425,50.87516800087855,38.59600265039102,100.0,0.010000000707805157,0.3830164968967438,1.0
1068,0.7734402113998139,64.88744062301781,39.025751342070414,100.0,0.010000000707805157,0.6402292251586914,1.0
1069,0.7731036300893289,64.92510753085345,39.02652217669894,100.0,0.010000000707805157,0.6398479342460632,1.0
1070,0.7385908108421992,82.80277582108636,37.94958336306542,100.0,0.010000000707805157,0.802520751953125,1.0
1071,0.7724852537919256,65.05648098077093,39.02697716622177,100.0,0.010000000707805157,0.6395175457000732,1.0
1072,0.8580328169378659,74.00111192670279,37.87854190166757,100.0,0.010000000707805157,0.8978503346443176,1.0
1073,0.7717834125672919,65.31718341060004,39.03867688636997,100.0,0.010000000707805157,0.6385814547538757,1.0
1074,0.8635420145239665,79.74434264089597,40.53146259947955,100.0,0.010000000707805157,0.8942452669143677,1.0
1075,0.7397301526651635,85.93976034106257,39.05191695858791,100.0,0.010000000707805157,0.7995292544364929,1.0
1076,0.8758109272820379,85.6763156569999,36.80181957008494,100.0,0.010000000707805157,1.1068849563598633,1.0
1077,0.8719757781577552,86.06919122269815,36.81182758054102,100.0,0.010000000707805157,1.10347318649292,1.0
1078,0.6374435841811041,76.3233432425803,38.871255525988715,100.0,0.010000000707805157,0.5433458685874939,1.0
1079,0.7090812340683652,72.87397948084923,39.72226071515167,100.0,0.010000000707805157,0.5896703004837036,1.0
1080,0.6356587130251742,76.27655180689892,38.859212933592076,100.0,0.010000000707805157,0.5418590903282166,1.0
1081,0.8687981487546412,86.26053849517751,36.797162273622725,100.0,0.010000000707805157,1.10098397731781,1.0
1082,0.8531122016678166,78.19535069662435,39.25238287727357,100.0,0.010000000707805157,0.8920517563819885,1.0
1083,0.73387895508746,87.12114104985714,39.06181751964225,100.0,0.010000000707805157,0.7957618236541748,1.0
1084,0.7081745392289612,73.40890941786701,39.73305700679671,100.0,0.010000000707805157,0.5885225534439087,1.0
1085,0.676509079239927,52.49300754279622,38.66728276302889,100.0,0.010000000707805157,0.38270124793052673,1.0
1086,0.707196549637851,73.18560410013477,39.717446746191456,100.0,0.010000000707805157,0.5881248116493225,1.0
1087,0.7015063289747634,70.29960033556178,38.148713880752,100.0,0.010000000707805157,0.5881751179695129,1.0
1088,0.7626430133764383,63.30719308259659,37.18072628518053,100.0,0.010000000707805157,0.6361760497093201,1.0
1089,0.7063685479588605,73.08079071824548,39.703869123838544,100.0,0.010000000707805157,0.587918221950531,1.0
1090,0.7670480886860875,66.41710812964236,39.041728208847154,100.0,0.010000000707805157,0.6356053352355957,1.0
1091,0.6727377837768237,52.105139768193624,38.614778131191485,100.0,0.010000000707805157,0.38087281584739685,1.0
1092,0.7265510076864632,84.37858183206755,37.95025606098727,100.0,0.010000000707805157,0.7936414480209351,1.0
1093,0.8083956134006443,91.88931914955653,37.371816165900086,100.0,0.010000000707805157,1.0467432737350464,1.0
1094,0.765925214291221,66.5822990939232,39.040836854957384,100.0,0.010000000707805157,0.6349968910217285,1.0
1095,0.7656082505195942,66.59925234895442,39.04086218397654,100.0,0.010000000707805157,0.6346311569213867,1.0
1096,0.6719643596675058,52.261415405145605,38.61143109769168,100.0,0.010000000707805157,0.37981608510017395,1.0
1097,0.6703634005475151,52.04734692131343,38.59132678646041,100.0,0.010000000707805157,0.37909677624702454,1.0
1098,0.9154899408925633,83.68435431770821,37.221200098388415,100.0,0.010000000707805157,1.1401019096374512,1.0
1099,0.8687139584924428,91.62252345479855,38.771846744778514,100.0,0.010000000707805157,1.094504952430725,1.0
1100,0.85153464732187,81.34007070022885,40.54613256460498,100.0,0.010000000707805157,0.8895685076713562,1.0
1101,0.7283213629827547,87.70235754850566,39.05017237093702,100.0,0.010000000707805157,0.7924915552139282,1.0
1102,0.6747531718945462,52.93908712003468,38.65501041632461,100.0,0.010000000707805157,0.3801193833351135,1.0
1103,0.7042575626313975,73.64587574007844,39.70336317779768,100.0,0.010000000707805157,0.5863614678382874,1.0
1104,0.7848995799476212,82.17618298028268,38.536228459612275,100.0,0.010000000707805157,0.8374476432800293,1.0
1105,0.6973602851428717,71.00012119640729,38.147514405876514,100.0,0.010000000707805157,0.5844447016716003,1.0
1106,0.9059728241672281,84.80815405435001,37.23472100676508,100.0,0.010000000707805157,1.134171962738037,1.0
1107,0.7042297830610558,74.02023301333702,39.712397061897384,100.0,0.010000000707805157,0.5861286520957947,1.0
1108,0.6809881376424076,56.652914220534306,41.44793157341521,100.0,0.010000000707805157,0.3811874985694885,1.0
1109,0.6726632157562185,52.854329788743634,38.62588261940643,100.0,0.010000000707805157,0.378844290971756,1.0
1110,0.7024425204683735,73.6089003966807,39.68686724394589,100.0,0.010000000707805157,0.5853546857833862,1.0
1111,0.6025961830460049,60.66615590138621,39.642784666257015,100.0,0.010000000707805157,0.3324459195137024,1.0
1112,0.7774273984304148,79.50967798620334,37.31209770684109,100.0,0.010000000707805157,0.8343842625617981,1.0
1113,0.8615919411549495,92.12152393823432,38.76407450780944,100.0,0.010000000707805157,1.0888516902923584,1.0
1114,0.6780584913117408,56.382554094081286,41.41479305626412,100.0,0.010000000707805157,0.38001349568367004,1.0
1115,0.8401764371027749,79.05450409502312,39.22531783432673,100.0,0.010000000707805157,0.8821676969528198,1.0
1116,0.6036117957544925,60.85751382414992,39.64792912634151,100.0,0.010000000707805157,0.3325481712818146,1.0
1117,0.8444900521655745,81.52180338572383,40.51750480598283,100.0,0.010000000707805157,0.8827791213989258,1.0
1118,0.6945946446076212,71.07982029679904,38.130024810992786,100.0,0.010000000707805157,0.5829200744628906,1.0
1119,0.602141056786377,60.76264432625795,39.63486393047823,100.0,0.010000000707805157,0.33192285895347595,1.0
1120,0.7583963780951344,66.98380179550047,39.00309380993746,100.0,0.010000000707805157,0.628923773765564,1.0
1121,0.7631395958857093,69.8949599639924,40.77938887865107,100.0,0.010000000707805157,0.6290987730026245,1.0
1122,0.5997327614599853,60.520010199501286,39.61285004927539,100.0,0.010000000707805157,0.3312024176120758,1.0
1123,0.8547291385994501,89.908271837021,37.792941782314536,100.0,0.010000000707805157,1.0854780673980713,1.0
1124,0.7522198162151128,64.10075991638982,37.16086220424371,100.0,0.010000000707805157,0.6277760863304138,1.0
1125,0.7997814843679235,95.20428726208995,38.27583818699717,100.0,0.010000000707805157,1.0377459526062012,1.0
1126,0.6271061003627552,77.35978064988211,38.810652987908156,100.0,0.010000000707805157,0.5354501008987427,1.0
1127,0.7772953647209285,82.52324939641352,38.508937342477815,100.0,0.010000000707805157,0.831704318523407,1.0
1128,0.7817601697744054,85.02615508234487,39.68788512141385,100.0,0.010000000707805157,0.8320960402488708,1.0
1129,0.5760134469432534,37.82781626440345,43.64619604540959,100.0,0.010000000707805157,0.12772436439990997,1.0
1130,0.5982123934792611,60.626778581255955,39.589229251993274,100.0,0.010000000707805157,0.32986488938331604,1.0
1131,0.718602672425942,87.69405670851778,38.99909862996681,100.0,0.010000000707805157,0.7843067646026611,1.0
1132,0.7549905167445833,66.96705919452424,38.96486843210321,100.0,0.010000000707805157,0.6273173689842224,1.0
1133,0.6944611310537645,73.5809048885136,39.63430449916354,100.0,0.010000000707805157,0.5795713663101196,1.0
1134,0.5667660434968994,37.0184358995254,43.58697847040867,100.0,0.010000000707805157,0.12512218952178955,1.0
1135,0.5918021091549536,60.074524555603425,39.529911451033854,100.0,0.010000000707805157,0.32754021883010864,1.0
1136,0.7533170018263193,66.30344908259531,38.922949195028366,100.0,0.010000000707805157,0.6268053650856018,1.0
1137,0.7485719453773534,63.27572010601812,37.062260176321,100.0,0.010000000707805157,0.6270458698272705,1.0
1138,0.68667890204049,70.17806162433891,38.029732065580745,100.0,0.010000000707805157,0.5786318182945251,1.0
1139,0.8524806497968566,89.60990475613664,37.762911889763664,100.0,0.010000000707805157,1.0825448036193848,1.0
1140,0.6195719542876483,76.74119996832724,38.741571573617286,100.0,0.010000000707805157,0.5310676097869873,1.0
1141,0.9042411384337157,86.85852703671311,38.25201577343408,100.0,0.010000000707805157,1.1293553113937378,1.0
1142,0.5924760393308574,60.28104581669786,39.520867663540976,100.0,0.010000000707805157,0.32739585638046265,1.0
1143,0.6655968552053075,55.406741244492245,41.27693998858393,100.0,0.010000000707805157,0.3745729625225067,1.0
1144,0.5572253832842885,36.126998245038855,43.505437052853274,100.0,0.010000000707805157,0.1224006861448288,1.0
1145,0.7503669391692815,66.05911060081273,38.8955550526559,100.0,0.010000000707805157,0.6249403953552246,1.0
1146,0.6838859300951096,69.9578826125695,38.00093359754615,100.0,0.010000000707805157,0.5769588351249695,1.0
1147,0.6888002282574501,72.64589266406796,39.55600578542479,100.0,0.010000000707805157,0.5773658752441406,1.0
1148,0.7787739286968528,83.84021921351788,39.61204197641751,100.0,0.010000000707805157,0.8293979167938232,1.0
1149,0.6880315210978648,72.7999163166214,39.560297247418006,100.0,0.010000000707805157,0.5763899087905884,1.0
1150,0.6829178634460232,70.02595241150868,37.99150215854978,100.0,0.010000000707805157,0.5765845775604248,1.0
1151,0.8279819815027919,75.67989358542737,37.794683133353516,100.0,0.010000000707805157,0.8761976361274719,1.0
1152,0.6149047198892611,76.47471887163586,38.70506562818647,100.0,0.010000000707805157,0.5284801721572876,1.0
1153,0.7525519663728332,69.02041763467774,40.67432135295798,100.0,0.010000000707805157,0.62385094165802,1.0
1154,0.8266811143025171,75.82725758053454,37.79364243367283,100.0,0.010000000707805157,0.8753308057785034,1.0
1155,0.6602550907718513,55.0379499855582,41.21963716136712,100.0,0.010000000707805157,0.3718346953392029,1.0
1156,0.654044370966242,51.200355705846846,38.29753085255596,100.0,0.010000000707805157,0.3718050718307495,1.0
1157,0.6524359055665354,50.99494248261544,38.27825615957724,100.0,0.010000000707805157,0.37109819054603577,1.0
1158,0.7416704843720647,62.801827799271244,36.99747079661165,100.0,0.010000000707805157,0.6221229434013367,1.0
1159,0.6851063036711342,72.4093350519442,39.52188181334238,100.0,0.010000000707805157,0.5753770470619202,1.0
1160,0.5788381091954214,59.0524669620398,39.380334853879766,100.0,0.010000000707805157,0.32297998666763306,1.0
1161,0.678710650960794,69.43776179272375,37.94294632116934,100.0,0.010000000707805157,0.5741655230522156,1.0
1162,0.652958565002179,54.10362899355741,41.140361234696,100.0,0.010000000707805157,0.36984169483184814,1.0
1163,0.6093198751905845,75.5583366306152,38.63805356247826,100.0,0.010000000707805157,0.5264958739280701,1.0
1164,0.645544843414466,50.11595893205306,38.170992141201324,100.0,0.010000000707805157,0.36866864562034607,1.0
1165,0.5711532498004678,58.36425725833086,39.30456841916154,100.0,0.010000000707805157,0.32032692432403564,1.0
1166,0.7433954243849198,64.80267041226087,38.788316199912266,100.0,0.010000000707805157,0.6215792894363403,1.0
1167,0.6423030086102537,49.694874695176864,38.125045319331534,100.0,0.010000000707805157,0.3673906922340393,1.0
1168,0.675102481660178,68.58387762169788,37.88274571806374,100.0,0.010000000707805157,0.5723600387573242,1.0
1169,0.8541166482313182,88.26858484966601,37.708646521293105,100.0,0.010000000707805157,1.0798290967941284,1.0
1170,0.7421275314690576,64.94162985694628,38.79039386487388,100.0,0.010000000707805157,0.6205347180366516,1.0
1171,0.6744377920257322,68.89344793200824,37.89182582899602,100.0,0.010000000707805157,0.5715398788452148,1.0
1172,0.640768869686143,49.749387462688,38.11735663609975,100.0,0.010000000707805157,0.3660459816455841,1.0
1173,0.9105693052395079,87.69370521238235,39.23505247905286,100.0,0.010000000707805157,1.129265308380127,1.0
1174,0.7739084429671507,83.14330610417464,39.545695327310774,100.0,0.010000000707805157,0.8263231515884399,1.0
1175,0.7041148364729067,84.18379713517078,37.82037649215902,100.0,0.010000000707805157,0.776252269744873,1.0
1176,0.7084013098962597,86.5499324358442,38.88061980596902,100.0,0.010000000707805157,0.7767201066017151,1.0
1177,0.8257561730499828,77.84148345095433,39.080334137528375,100.0,0.010000000707805157,0.8714171051979065,1.0
1178,0.6497601790774863,54.14231385432956,41.10303848930951,100.0,0.010000000707805157,0.36801138520240784,1.0
1179,0.6483187620664927,53.9821412101385,41.08877341332255,100.0,0.010000000707805157,0.3673633635044098,1.0
1180,0.6776509235299286,72.05283178015782,39.459187299554834,100.0,0.010000000707805157,0.5709455013275146,1.0
1181,0.738973860662038,65.36394878476813,38.77912941901503,100.0,0.010000000707805157,0.6181432604789734,1.0
1182,0.7693863945857424,83.45594421451725,39.54369583302991,100.0,0.010000000707805157,0.8218235969543457,1.0
1183,0.5342711378132463,33.84478897756205,43.28201553713935,100.0,0.010000000707805157,0.11559413373470306,1.0
1184,0.6757768655048215,71.86970296740331,39.44447398103396,100.0,0.010000000707805157,0.5696783661842346,1.0
1185,0.6023563521572501,75.46985671698579,38.59665063290267,100.0,0.010000000707805157,0.5225217342376709,1.0
1186,0.7340254579978465,62.01135151534214,36.869854270283135,100.0,0.010000000707805157,0.6190571784973145,1.0
1187,0.5262618674169788,33.17927856262833,43.22736709189163,100.0,0.010000000707805157,0.11348165571689606,1.0
1188,0.6736804593550123,71.42090606035353,39.41163052323812,100.0,0.010000000707805157,0.5689159035682678,1.0
1189,0.7014928188408837,83.69161393417778,37.78347131274143,100.0,0.010000000707805157,0.7742749452590942,1.0
1190,0.8239270269289103,77.17228064304076,39.033743624490945,100.0,0.010000000707805157,0.8694590330123901,1.0
1191,0.7357597067777933,64.96718629603635,38.7336111100778,100.0,0.010000000707805157,0.6166489720344543,1.0
1192,0.7354352236721107,64.99133745561168,38.73407385651527,100.0,0.010000000707805157,0.6162906885147095,1.0
1193,0.6364412356412078,49.60450706065665,38.02140543191886,100.0,0.010000000707805157,0.36482399702072144,1.0
1194,0.8450128604829363,88.84858665946939,37.69783692893589,100.0,0.010000000707805157,1.0728707313537598,1.0
1195,0.6726186583898194,71.82248738220446,39.41787704236024,100.0,0.010000000707805157,0.5680477619171143,1.0
1196,0.7342153911173823,65.1274574335862,38.734339789416595,100.0,0.010000000707805157,0.6152710914611816,1.0
1197,0.5245262550745555,32.926806340411034,43.18969080574208,100.0,0.010000000707805157,0.11285389959812164,1.0
1198,0.7298170134572506,61.78794644691846,36.84763026941648,100.0,0.010000000707805157,0.6155364513397217,1.0
1199,0.8208739152533696,77.29604342565935,39.0318569866197,100.0,0.010000000707805157,0.8662209510803223,1.0
1200,0.6382742749379099,53.232551639397926,40.98243174346827,100.0,0.010000000707805157,0.36277085542678833,1.0
1201,0.6329038708272327,49.37441373889355,37.984778762325824,100.0,0.010000000707805157,0.3628501892089844,1.0
1202,0.6356169502450082,52.904106426786306,40.95461094649892,100.0,0.010000000707805157,0.3618507981300354,1.0
1203,0.7316788775050381,64.55717192131728,38.701611524048616,100.0,0.010000000707805157,0.6133381128311157,1.0
1204,0.7313546044585847,64.58547051448133,38.702203102937354,100.0,0.010000000707805157,0.6129825711250305,1.0
1205,0.5969423359876063,74.73175398561501,38.5310188405814,100.0,0.010000000707805157,0.5214246511459351,1.0
1206,0.7339398766330856,67.40595007935192,40.485152091682934,100.0,0.010000000707805157,0.6121354699134827,1.0
1207,0.6649853400473715,68.43500954843914,37.81032234981436,100.0,0.010000000707805157,0.5672271251678467,1.0
1208,0.6644225375230933,68.39645940377689,37.804650542895644,100.0,0.010000000707805157,0.5667982697486877,1.0
1209,0.7297352437244684,96.29421701317673,37.73994138908915,100.0,0.010000000707805157,0.9775780439376831,1.0
1210,0.7627409878253422,82.87042511219227,39.478707901846185,100.0,0.010000000707805157,0.8167455792427063,1.0
1211,0.6634709961036637,68.76735389357214,37.80703781169409,100.0,0.010000000707805157,0.5658905506134033,1.0
1212,0.6629041226062428,68.72513138226117,37.80127060804158,100.0,0.010000000707805157,0.5654630661010742,1.0
1213,0.6285508932014835,89.17359891850516,38.26641211164395,100.0,0.010000000707805157,0.7217625975608826,1.0
1214,0.73198254246754,67.58600268272735,40.48271523535164,100.0,0.010000000707805157,0.6120717525482178,1.0
1215,0.6617773782411034,68.78067644184634,37.79089238884712,100.0,0.010000000707805157,0.5648012161254883,1.0
1216,0.7311324561255866,67.58295784218882,40.47756071151063,100.0,0.010000000707805157,0.6112781763076782,1.0
1217,0.6613306063883834,68.77036698993005,37.787398285163995,100.0,0.010000000707805157,0.564652681350708,1.0
1218,0.6272391582649334,49.037683165875244,37.87672561291899,100.0,0.010000000707805157,0.3610086739063263,1.0
1219,0.7596127162581102,82.85968279298729,39.46130232427505,100.0,0.010000000707805157,0.814323365688324,1.0
1220,0.511559578159208,31.688631184435575,43.0611790059621,100.0,0.010000000707805157,0.10924739390611649,1.0
1221,0.8125548167692063,74.4515073707543,37.65525802562259,100.0,0.010000000707805157,0.8635423183441162,1.0
1222,0.6629688115340315,71.26811594042103,39.336084998116704,100.0,0.010000000707805157,0.5625931024551392,1.0
1223,0.8858826716997529,81.31204441705353,36.044213536191194,100.0,0.010000000707805157,1.1159933805465698,1.0
1224,0.6258742357155731,49.15917766753583,37.87917253645988,100.0,0.010000000707805157,0.3595755994319916,1.0
1225,0.7249072277237268,64.69721754529259,38.6575838732621,100.0,0.010000000707805157,0.609609067440033,1.0
1226,0.5896867030571028,74.99925427475951,38.48638838126804,100.0,0.010000000707805157,0.5161615014076233,1.0
1227,0.7576191099424069,82.94012591371649,39.45189646483136,100.0,0.010000000707805157,0.8134318590164185,1.0
1228,0.6579021772282097,68.78529734740819,37.768827081758765,100.0,0.010000000707805157,0.5622776746749878,1.0
1229,0.7199000059442503,61.77412261700455,36.777694165550336,100.0,0.010000000707805157,0.6091647744178772,1.0
1230,0.549812556392418,57.47638788278537,39.06201133583314,100.0,0.010000000707805157,0.311506450176239,1.0
1231,0.7188039829057687,61.5556213258871,36.76585651662627,100.0,0.010000000707805157,0.6081433296203613,1.0
1232,0.7527844713342435,80.54764398235868,38.28469064013069,100.0,0.010000000707805157,0.8120890259742737,1.0
1233,0.6556502612979128,68.65967500342217,37.75209123486112,100.0,0.010000000707805157,0.5604851245880127,1.0
1234,0.6550915321490979,68.61801352286439,37.74652376452414,100.0,0.010000000707805157,0.5600634813308716,1.0
1235,0.5466634470934193,57.28189159254633,39.024199698015096,100.0,0.010000000707805157,0.3102750778198242,1.0
1236,0.5444678685534623,57.092948532728954,39.00487057478104,100.0,0.010000000707805157,0.30952221155166626,1.0
1237,0.616851527976389,48.28464739691298,37.754217193268325,100.0,0.010000000707805157,0.35584431886672974,1.0
1238,0.6212010439385984,51.78413650713284,40.80272832223857,100.0,0.010000000707805157,0.35765689611434937,1.0
1239,0.6574021998976387,70.51910727725229,39.258461185254646,100.0,0.010000000707805157,0.5608851909637451,1.0
1240,0.752340974800996,79.87542104441047,38.24781557648346,100.0,0.010000000707805157,0.8115189075469971,1.0
1241,0.6867627449457596,83.33861493581367,37.69015529286106,100.0,0.010000000707805157,0.7620679140090942,1.0
1242,0.6202490063550307,51.799381434273116,40.79498414125401,100.0,0.010000000707805157,0.3571736216545105,1.0
1243,0.6510074106113932,67.93910137828033,37.6886532228156,100.0,0.010000000707805157,0.5580589175224304,1.0
1244,0.7507482881584849,79.95559217709385,38.240832940664454,100.0,0.010000000707805157,0.8104354739189148,1.0
1245,0.8011254574258713,71.71078382568156,36.27532543302324,100.0,0.010000000707805157,0.855358362197876,1.0
1246,0.6500687595081092,68.2160051524219,37.69619402598988,100.0,0.010000000707805157,0.5568906664848328,1.0
1247,0.7232130342954599,66.85750700936607,40.3953563424303,100.0,0.010000000707805157,0.6098732948303223,1.0
1248,0.7175225431897757,64.12297070866934,38.58511358735462,100.0,0.010000000707805157,0.6060548424720764,1.0
1249,0.6550564357815719,70.8458313013151,39.252788272242526,100.0,0.010000000707805157,0.5594019293785095,1.0
1250,0.5385804731147121,56.811237342165725,38.94400027291116,100.0,0.010000000707805157,0.30721038579940796,1.0
1251,0.6537595977057306,70.64729609861598,39.23848551215233,100.0,0.010000000707805157,0.5586697459220886,1.0
1252,0.6830773671515913,83.42282957862518,37.674242254895994,100.0,0.010000000707805157,0.759089469909668,1.0
1253,0.652947411774626,70.72510832499914,39.23548309519904,100.0,0.010000000707805157,0.5580587387084961,1.0
1254,0.6524124616082887,70.71615656836181,39.23323030943077,100.0,0.010000000707805157,0.5576286315917969,1.0
1255,0.7153811406117069,63.89047744089064,38.550124395424874,100.0,0.010000000707805157,0.605480432510376,1.0
1256,0.8021858945390471,74.27009855376933,37.60640531205827,100.0,0.010000000707805157,0.8553281426429749,1.0
1257,0.7147632238438951,64.1163533168379,38.56113971325084,100.0,0.010000000707805157,0.604625940322876,1.0
1258,0.6161179524988,51.76882164899471,40.75516262772754,100.0,0.010000000707805157,0.35504603385925293,1.0
1259,0.8290112137939343,88.80270130864011,37.63372342287924,100.0,0.010000000707805157,1.0564439296722412,1.0
1260,0.49360327048816066,29.92389969319826,42.843192266160614,100.0,0.010000000707805157,0.1043827161192894,1.0
1261,0.575634088485198,74.46856424290773,38.37570296906155,100.0,0.010000000707805157,0.5078710317611694,1.0
1262,0.6845721088647763,85.68816538235605,38.708985383558584,100.0,0.010000000707805157,0.7585718035697937,1.0
1263,0.7084571090972699,61.04727239811798,36.65671611957901,100.0,0.010000000707805157,0.6023069620132446,1.0
1264,0.5326846202458472,56.63424800802451,38.888185704432786,100.0,0.010000000707805157,0.3045470118522644,1.0
1265,0.7440714256054081,80.0803068507321,38.21134785709335,100.0,0.010000000707805157,0.8055127263069153,1.0
1266,0.5313490926975403,56.57887736261665,38.87651574338727,100.0,0.010000000707805157,0.30394747853279114,1.0
1267,0.61087754826098,51.26506631791616,40.704255349929134,100.0,0.010000000707805157,0.35361000895500183,1.0
1268,0.6783463335370011,83.27432190996386,37.6425859632183,100.0,0.010000000707805157,0.7550830245018005,1.0
1269,0.7991300813636955,74.02710836600312,37.57803291896524,100.0,0.010000000707805157,0.8532260656356812,1.0
1270,0.5293328899595051,56.4836161764343,38.85594391480693,100.0,0.010000000707805157,0.3031291365623474,1.0
1271,0.5272348750302068,56.307498613863906,38.83798324267219,100.0,0.010000000707805157,0.3024093508720398,1.0
1272,0.6022581088340757,47.26477214145428,37.530704024648784,100.0,0.010000000707805157,0.3502478301525116,1.0
1273,0.6455592374670374,70.09483327227157,39.16318688221872,100.0,0.010000000707805157,0.554357647895813,1.0
1274,0.6450323244581088,70.09134848160116,39.16127354728324,100.0,0.010000000707805157,0.5539289712905884,1.0
1275,0.6396193799624161,67.43550805875579,37.58952181352651,100.0,0.010000000707805157,0.551328182220459,1.0
1276,0.6390964249953954,67.40640306209019,37.58480735875551,100.0,0.010000000707805157,0.5509174466133118,1.0
1277,0.7084234733411012,63.11108295610826,38.47012031600788,100.0,0.010000000707805157,0.6022984981536865,1.0
1278,0.6437259202365185,70.03537974761473,39.1495908627074,100.0,0.010000000707805157,0.5532914400100708,1.0
1279,0.7030936404743946,60.19378534362273,36.570283895454196,100.0,0.010000000707805157,0.599362313747406,1.0
1280,0.6432548796661152,70.0174675265187,39.14478520793979,100.0,0.010000000707805157,0.5531429648399353,1.0
1281,0.7452116307843197,81.82628636849577,39.32083209811834,100.0,0.010000000707805157,0.8057445883750916,1.0
1282,0.7355712204509807,77.43850926337515,36.992361564667114,100.0,0.010000000707805157,0.8001996278762817,1.0
1283,0.6424626660973974,70.28950390187968,39.1516812281411,100.0,0.010000000707805157,0.5523084402084351,1.0
1284,0.7952781504124232,73.87698368329852,37.54973511308704,100.0,0.010000000707805157,0.8506009578704834,1.0
1285,0.4757293425409909,28.37719336003509,42.67780100883036,100.0,0.010000000707805157,0.09982933104038239,1.0
1286,0.705580779052153,63.26005834293807,38.46163888078744,100.0,0.010000000707805157,0.6002916097640991,1.0
1287,0.6412526342895015,70.15094022278936,39.14038525301659,100.0,0.010000000707805157,0.5517567992210388,1.0
1288,0.7049541117875668,63.270573396289386,38.45778389505201,100.0,0.010000000707805157,0.5998526811599731,1.0
1289,0.7736707965098987,95.40022251026201,38.87609873964103,100.0,0.010000000707805157,1.0046231746673584,1.0
1290,0.7965658001414991,76.53601179034706,38.86767135995546,100.0,0.010000000707805157,0.8504835367202759,1.0
1291,0.7317891859502321,78.02666836236658,37.00500975924113,100.0,0.010000000707805157,0.7980155348777771,1.0
1292,0.64041440493435,70.72914319258237,39.16029978669466,100.0,0.010000000707805157,0.5505166053771973,1.0
1293,0.6398785601205099,70.71753806922295,39.15815247841231,100.0,0.010000000707805157,0.5500896573066711,1.0
1294,0.6735300208271117,85.98942441144953,38.66816004304852,100.0,0.010000000707805157,0.749692440032959,1.0
1295,0.7935635897146786,76.92426954342169,38.867722749657304,100.0,0.010000000707805157,0.8484445810317993,1.0
1296,0.6348765977504791,68.39226921448113,37.5961276196671,100.0,0.010000000707805157,0.548324465751648,1.0
1297,0.7024487610792187,64.06165168389386,38.468201104469706,100.0,0.010000000707805157,0.5979866981506348,1.0
1298,0.6341681274640693,68.35964368034438,37.59198110584393,100.0,0.010000000707805157,0.5478222370147705,1.0
1299,0.7883384365707166,74.69682143295776,37.55439977867339,100.0,0.010000000707805157,0.8457723259925842,1.0
1300,0.6035314335174493,51.41305497908959,40.64080303341501,100.0,0.010000000707805157,0.3496261239051819,1.0
1301,0.6712427916442831,86.2488038214795,38.66937202345365,100.0,0.010000000707805157,0.7481693029403687,1.0
1302,0.6330295527234125,68.43706549649656,37.587945304191955,100.0,0.010000000707805157,0.5470723509788513,1.0
1303,0.730876351454117,80.75808768673632,38.174976378342535,100.0,0.010000000707805157,0.7958593368530273,1.0
1304,0.5975673186131598,47.79098338791248,37.46812523227342,100.0,0.010000000707805157,0.3478214740753174,1.0
1305,0.47609246540712247,28.21119669755343,42.63089533669599,100.0,0.010000000707805157,0.09975701570510864,1.0
1306,0.69949768024072,63.75272036666467,38.442450678701036,100.0,0.010000000707805157,0.5962769389152527,1.0
1307,0.6991770932654036,63.779716478629396,38.4435310024862,100.0,0.010000000707805157,0.5959278345108032,1.0
1308,0.7265122345778641,78.19052417876892,36.994191559748806,100.0,0.010000000707805157,0.7937301397323608,1.0
1309,0.702976286059052,66.64701221213743,40.2750507077407,100.0,0.010000000707805157,0.5976560115814209,1.0
1310,0.6349645373186537,70.77571400669915,39.13376835722014,100.0,0.010000000707805157,0.5471084713935852,1.0
1311,0.7292858741902501,80.5945166783306,38.16513190865834,100.0,0.010000000707805157,0.7944250106811523,1.0
1312,0.6343295854626141,70.88601296918728,39.13551632687377,100.0,0.010000000707805157,0.5464926362037659,1.0
1313,0.4725697777442369,27.872842616108404,42.591304718276625,100.0,0.010000000707805157,0.09878550469875336,1.0
1314,0.5914858994818596,47.17584574562908,37.38776904665145,100.0,0.010000000707805157,0.34557315707206726,1.0
1315,0.7326817870830941,82.44968287866257,39.298109855422,100.0,0.010000000707805157,0.795418381690979,1.0
1316,0.6322498620972449,70.56987419773051,39.11574305718781,100.0,0.010000000707805157,0.5453549027442932,1.0
1317,0.8100848031751273,87.13341366127881,36.645379038889374,100.0,0.010000000707805157,1.0419588088989258,1.0
1318,0.7270679487686971,80.6649113694467,38.15799447372266,100.0,0.010000000707805157,0.7927351593971252,1.0
1319,0.665815330158126,86.35348552460336,38.64907827963004,100.0,0.010000000707805157,0.7439813017845154,1.0
1320,0.472019203404567,27.771590574252325,42.5705920039224,100.0,0.010000000707805157,0.09863409399986267,1.0
1321,0.5942822864519766,50.86344898783036,40.56037407052066,100.0,0.010000000707805157,0.3457588255405426,1.0
1322,0.6945429503317673,63.69538661087646,38.40932664629973,100.0,0.010000000707805157,0.5931931138038635,1.0
1323,0.6650863544072612,86.0292360823401,38.63564521005582,100.0,0.010000000707805157,0.7431707978248596,1.0
1324,0.6970567545781604,66.56212394128102,40.243900106298995,100.0,0.010000000707805157,0.5930073261260986,1.0
1325,0.7251762922759365,80.61671867627489,38.14653373422757,100.0,0.010000000707805157,0.7912859916687012,1.0
1326,0.6260219728012618,68.2592911584096,37.54109526731822,100.0,0.010000000707805157,0.5434374809265137,1.0
1327,0.6931295066248078,63.90884694183463,38.40664722007092,100.0,0.010000000707805157,0.5922449827194214,1.0
1328,0.6956835476378471,66.69442487070627,40.24210927965937,100.0,0.010000000707805157,0.5916627645492554,1.0
1329,0.6597071351412752,84.21804884431339,37.601428614085805,100.0,0.010000000707805157,0.741795003414154,1.0
1330,0.8115132065219294,93.71182177869271,39.41155731423275,100.0,0.010000000707805157,1.036414623260498,1.0
1331,0.55346846298434,75.16762456107345,38.290940501156584,100.0,0.010000000707805157,0.4932568073272705,1.0
1332,0.6247348007896393,68.5684679911169,37.54092199240105,100.0,0.010000000707805157,0.5426856279373169,1.0
1333,0.6889356748243239,61.30509118766042,36.5062597433564,100.0,0.010000000707805157,0.5926616787910461,1.0
1334,0.588528646043926,47.4347106764291,37.33700818516903,100.0,0.010000000707805157,0.34448671340942383,1.0
1335,0.7778813935685842,74.91405781610682,37.51559197447336,100.0,0.010000000707805157,0.8380607962608337,1.0
1336,0.62674742490059,71.05292101571061,39.10498920144609,100.0,0.010000000707805157,0.5413921475410461,1.0
1337,0.5105423889378292,56.3526494800286,38.69497733059832,100.0,0.010000000707805157,0.29447731375694275,1.0
1338,0.6897948445016101,63.94569382302953,38.38908598837326,100.0,0.010000000707805157,0.5902431011199951,1.0
1339,0.692302513680077,66.71448435137911,40.226406752733155,100.0,0.010000000707805157,0.5896353721618652,1.0
1340,0.5886875038377528,50.85641313584124,40.51884670838906,100.0,0.010000000707805157,0.3423612415790558,1.0
1341,0.6888208307835532,63.87882479326341,38.38191793176323,100.0,0.010000000707805157,0.589354395866394,1.0
1342,0.4606633734338696,26.738984687508477,42.45265532575928,100.0,0.010000000707805157,0.09561474621295929,1.0
1343,0.6208319460077041,67.86695720951982,37.50127975038408,100.0,0.010000000707805157,0.5408291220664978,1.0
1344,0.6877284188659507,63.5478839010142,38.365371062125114,100.0,0.010000000707805157,0.5888251066207886,1.0
1345,0.5815187470086023,46.733174868318194,37.25420180193115,100.0,0.010000000707805157,0.3417510986328125,1.0
1346,0.5802266797993103,46.58479939206487,37.241806634638685,100.0,0.010000000707805157,0.34115779399871826,1.0
1347,0.6565725645259354,83.51513185810875,37.56322795494012,100.0,0.010000000707805157,0.7389966249465942,1.0
1348,0.7790258072195089,76.6280237138113,38.79924529395074,100.0,0.010000000707805157,0.8358049392700195,1.0
1349,0.5463832383548272,74.26282917194017,38.21949202628837,100.0,0.010000000707805157,0.4907848834991455,1.0
1350,0.71640860301705,78.06007341773135,36.945734528381585,100.0,0.010000000707805157,0.7865080237388611,1.0
1351,0.685553262264369,63.533839221340635,38.358022790605524,100.0,0.010000000707805157,0.5875471234321594,1.0
1352,0.545249552023666,74.32307657325408,38.21209135250865,100.0,0.010000000707805157,0.48984456062316895,1.0
1353,0.6533027966420913,83.84096801780723,37.55904217694058,100.0,0.010000000707805157,0.7359877824783325,1.0
1354,0.6200065086333109,70.41468646545025,39.0438090017188,100.0,0.010000000707805157,0.5381411910057068,1.0
1355,0.7170828986016553,80.43231280036608,38.10408923252787,100.0,0.010000000707805157,0.7848174571990967,1.0
1356,0.6841230111115113,63.59324191982486,38.34654955565151,100.0,0.010000000707805157,0.5870981216430664,1.0
1357,0.7161639446171154,80.59115877590936,38.10812582583967,100.0,0.010000000707805157,0.7841163873672485,1.0
1358,0.619098187753193,70.64417543823862,39.049151206023495,100.0,0.010000000707805157,0.5372544527053833,1.0
1359,0.6185681243181294,70.62963648106228,39.04725756291666,100.0,0.010000000707805157,0.5368345975875854,1.0
1360,0.6149874772339977,68.0502634802061,37.47322373249354,100.0,0.010000000707805157,0.5367550849914551,1.0
1361,0.7118590092602881,78.41614313411536,36.93608186886746,100.0,0.010000000707805157,0.783089816570282,1.0
1362,0.7172784063928981,82.92545359710952,39.251907193913226,100.0,0.010000000707805157,0.7833725214004517,1.0
1363,0.6175053726345595,70.79941902916589,39.047646106588004,100.0,0.010000000707805157,0.5359724164009094,1.0
1364,0.7132363702850528,80.89349581715751,38.10544687305875,100.0,0.010000000707805157,0.7820008993148804,1.0
1365,0.6137510668924536,68.35147277691192,37.4762913961513,100.0,0.010000000707805157,0.5357317328453064,1.0
1366,0.5802010544736922,50.49533771184518,40.45032623331723,100.0,0.010000000707805157,0.3394871950149536,1.0
1367,0.6159195951215888,70.71987984556392,39.038331856069455,100.0,0.010000000707805157,0.5349709391593933,1.0
1368,0.615391921759836,70.70431053474064,39.03644562788828,100.0,0.010000000707805157,0.5345534682273865,1.0
1369,0.6803258821842126,63.68781234976136,38.320831812402325,100.0,0.010000000707805157,0.5850601196289062,1.0
1370,0.4486810016563395,25.657039680364864,42.31317551885582,100.0,0.010000000707805157,0.09268355369567871,1.0
1371,0.6795706447875007,63.41514883972733,38.30853491465651,100.0,0.010000000707805157,0.5846235156059265,1.0
1372,0.7692077823417255,74.50695349923748,37.46137670644646,100.0,0.010000000707805157,0.8313935995101929,1.0
1373,0.6139388384380344,70.54897442889371,39.02499603255949,100.0,0.010000000707805157,0.5338940024375916,1.0
1374,0.6787056413413216,63.583167647404906,38.31451150832657,100.0,0.010000000707805157,0.5837261080741882,1.0
1375,0.4450039681175609,25.34711107442511,42.27659779980182,100.0,0.010000000707805157,0.09172932058572769,1.0
1376,0.49075731496205016,55.342354884806205,38.53772769776504,100.0,0.010000000707805157,0.2873110771179199,1.0
1377,0.5350657785229769,74.0753261746133,38.16450604615231,100.0,0.010000000707805157,0.48354440927505493,1.0
1378,0.6110438639124464,70.02873303631972,38.99253132970758,100.0,0.010000000707805157,0.5324967503547668,1.0
1379,0.48686236659724635,55.12962068626684,38.51167433969107,100.0,0.010000000707805157,0.2857173979282379,1.0
1380,0.7443322485811336,94.0075371857588,37.96461192972266,100.0,0.010000000707805157,0.9769276976585388,1.0
1381,0.43503647569503173,24.61650763182951,42.20861039415735,100.0,0.010000000707805157,0.08937373757362366,1.0
1382,0.6473675049518729,85.55561419499226,38.54645376987152,100.0,0.010000000707805157,0.7278071641921997,1.0
1383,0.7116597221768828,82.20457694859739,39.203391177943494,100.0,0.010000000707805157,0.7775214314460754,1.0
1384,0.7665818524190134,71.50527585242749,36.06157499699784,100.0,0.010000000707805157,0.8341295719146729,1.0
1385,0.6086478100866966,70.16451076376823,38.98634605859116,100.0,0.010000000707805157,0.5307478904724121,1.0
1386,0.676601793409872,65.8629014301376,40.12343158258658,100.0,0.010000000707805157,0.5807228684425354,1.0
1387,0.6747290761049642,63.11074278231643,38.263027080438825,100.0,0.010000000707805157,0.5821862816810608,1.0
1388,0.5679817864476143,49.68641879829218,40.35625797344685,100.0,0.010000000707805157,0.33416005969047546,1.0
1389,0.74057487070062,94.36389445650505,37.96871800033257,100.0,0.010000000707805157,0.9738292694091797,1.0
1390,0.6057050161119389,67.68769898119689,37.40586660757776,100.0,0.010000000707805157,0.5320335626602173,1.0
1391,0.6420561100726676,83.98236141049051,37.51856823856099,100.0,0.010000000707805157,0.7270039319992065,1.0
1392,0.7628541756964253,71.91572445619586,36.074670378552696,100.0,0.010000000707805157,0.8310147523880005,1.0
1393,0.6730026040006253,63.37372341918182,38.2703848380214,100.0,0.010000000707805157,0.5809794068336487,1.0
1394,0.5680276838976513,49.83527314956437,40.357603587807986,100.0,0.010000000707805157,0.3344408869743347,1.0
1395,0.4837431529155313,55.29327654488887,38.489346563195326,100.0,0.010000000707805157,0.28396856784820557,1.0
1396,0.5632561294077124,45.828763083888134,37.008197236313556,100.0,0.010000000707805157,0.33501383662223816,1.0
1397,0.703996492656829,77.91412450157517,36.88121922308506,100.0,0.010000000707805157,0.7769441604614258,1.0
1398,0.6050552889888556,70.08197321596951,38.96309194073793,100.0,0.010000000707805157,0.5289508104324341,1.0
1399,0.7071299660877619,82.4612798355799,39.19436426912942,100.0,0.010000000707805157,0.7744617462158203,1.0
1400,0.6708292251695178,63.15259652261877,38.25129181750298,100.0,0.010000000707805157,0.5797189474105835,1.0
1401,0.6392535504912247,84.00777022535121,37.510152502117,100.0,0.010000000707805157,0.7245096564292908,1.0
1402,0.6038040732693534,70.28603207653644,38.96730326247676,100.0,0.010000000707805157,0.527751624584198,1.0
1403,0.5616891874770242,45.87586238486452,36.99055063727266,100.0,0.010000000707805157,0.3343418538570404,1.0
1404,0.7631191471724652,76.61614850974217,38.728450019986546,100.0,0.010000000707805157,0.8245730400085449,1.0
1405,0.4292903680140866,24.01571177564006,42.111075524558565,100.0,0.010000000707805157,0.0879291445016861,1.0
1406,0.5247022894203639,74.08059064220339,38.12016459930381,100.0,0.010000000707805157,0.4768640398979187,1.0
1407,0.704742340185573,82.36985315225417,39.18310307582505,100.0,0.010000000707805157,0.7721498012542725,1.0
1408,0.47691584846272606,55.025528673454076,38.44399355592288,100.0,0.010000000707805157,0.28124988079071045,1.0
1409,0.7026645773514774,80.12435870979174,38.030526722482264,100.0,0.010000000707805157,0.7732152342796326,1.0
1410,0.669118421189864,65.72082742398072,40.086932204126846,100.0,0.010000000707805157,0.5761517882347107,1.0
1411,0.5989322735607249,67.47078622270845,37.365183918712326,100.0,0.010000000707805157,0.5279800295829773,1.0
1412,0.4224560726131923,23.49704170103969,42.058189072863556,100.0,0.010000000707805157,0.08629350364208221,1.0
1413,0.5572999687250618,49.05579525546131,40.2760614253919,100.0,0.010000000707805157,0.33020567893981934,1.0
1414,0.7012681583400469,77.54658563894647,36.84731837203471,100.0,0.010000000707805157,0.7754703760147095,1.0
1415,0.791145256190168,89.03922235104065,37.49445155208001,100.0,0.010000000707805157,1.0197677612304688,1.0
1416,0.7587380939373594,74.1355229643056,37.40046886715932,100.0,0.010000000707805157,0.8237125873565674,1.0
1417,0.42226808936381516,23.438529779197122,42.038683301156034,100.0,0.010000000707805157,0.08623480796813965,1.0
1418,0.5964303081293445,67.2642676381811,37.35170608055846,100.0,0.010000000707805157,0.5261754393577576,1.0
1419,0.665081858721261,62.74245595972372,38.212083551402365,100.0,0.010000000707805157,0.5763532519340515,1.0
1420,0.7000380968984491,80.09641906549035,38.025614194023525,100.0,0.010000000707805157,0.7708481550216675,1.0
1421,0.6645153128779513,62.88824332474157,38.21721157648061,100.0,0.010000000707805157,0.5757944583892822,1.0
1422,0.595442838432542,67.37645191642864,37.354298353594345,100.0,0.010000000707805157,0.5253974199295044,1.0
1423,0.6617653689311501,60.01977428446181,36.31257084863855,100.0,0.010000000707805157,0.5761604309082031,1.0
1424,0.6635906205522933,62.88109332676182,38.22004795925825,100.0,0.010000000707805157,0.5750129222869873,1.0
1425,0.47091275346229644,54.70135824736418,38.38559266353811,100.0,0.010000000707805157,0.27944543957710266,1.0
1426,0.46904049159426214,54.55816044173987,38.372217320715386,100.0,0.010000000707805157,0.27880701422691345,1.0
1427,0.5500354018363256,45.07704284135646,36.88142367247091,100.0,0.010000000707805157,0.3291515111923218,1.0
1428,0.6990099019116194,79.71665349134277,38.009446647600804,100.0,0.010000000707805157,0.7697033882141113,1.0
1429,0.7899708745766961,90.97549306072024,38.402108426338636,100.0,0.010000000707805157,1.0152102708816528,1.0
1430,0.5172646108652577,73.88310693874945,38.07450668460971,100.0,0.010000000707805157,0.4728163182735443,1.0
1431,0.6591088906379159,59.861789229337624,36.29667324005319,100.0,0.010000000707805157,0.5742879509925842,1.0
1432,0.6968993580572052,80.08320359342677,38.015805086867495,100.0,0.010000000707805157,0.7681659460067749,1.0
1433,0.5494374293990352,45.31994958341947,36.892142786987385,100.0,0.010000000707805157,0.32845789194107056,1.0
1434,0.5942102880277592,69.71037572066359,38.897247846988606,100.0,0.010000000707805157,0.5230135321617126,1.0
1435,0.5511611934703016,48.83533084337271,40.23026598187272,100.0,0.010000000707805157,0.32844361662864685,1.0
1436,0.6600342921282851,62.563530093153325,38.19314298084934,100.0,0.010000000707805157,0.5730544328689575,1.0
1437,0.4077072626931274,22.294506845855683,41.892915196690915,100.0,0.010000000707805157,0.08276303857564926,1.0
1438,0.6334044952168196,85.29728860581952,38.47657203766552,100.0,0.010000000707805157,0.7170003056526184,1.0
1439,0.6959160439215577,79.76522830381505,38.00040718548087,100.0,0.010000000707805157,0.7671738862991333,1.0
1440,0.7567449755116752,78.48884583049262,39.96761799457919,100.0,0.010000000707805157,0.8174805641174316,1.0
1441,0.6568381259841052,59.85255539266505,36.2850557829314,100.0,0.010000000707805157,0.5732094049453735,1.0
1442,0.660226762113791,65.46687778848514,40.039397319779425,100.0,0.010000000707805157,0.5711256265640259,1.0
1443,0.4637467720842104,54.450999874428035,38.34112262316642,100.0,0.010000000707805157,0.2767910659313202,1.0
1444,0.7534748219564811,76.31588437465429,38.69269086003564,100.0,0.010000000707805157,0.8156399726867676,1.0
1445,0.5130980182041084,73.79787602954033,38.061800586336275,100.0,0.010000000707805157,0.4708176255226135,1.0
1446,0.5468873747338635,48.77723698981741,40.207782361164185,100.0,0.010000000707805157,0.32575544714927673,1.0
1447,0.656874571032044,62.56655462727413,38.176165383364356,100.0,0.010000000707805157,0.5708571076393127,1.0
1448,0.6576732584606313,65.38024585523702,40.027396137289664,100.0,0.010000000707805157,0.5686407089233398,1.0
1449,0.5452920264014064,48.73890695902807,40.19894423197184,100.0,0.010000000707805157,0.3245753347873688,1.0
1450,0.5442431650991763,48.64561603733956,40.19110116970564,100.0,0.010000000707805157,0.32406842708587646,1.0
1451,0.587885733600778,69.44967885600565,38.88039111212143,100.0,0.010000000707805157,0.518269956111908,1.0
1452,0.5426922360791893,48.534508944643335,40.18064377525991,100.0,0.010000000707805157,0.32327839732170105,1.0
1453,0.7285615842344694,95.90662304359638,38.747052851747235,100.0,0.010000000707805157,0.9556679725646973,1.0
1454,0.7498441639924524,78.71032025320353,39.95588007361546,100.0,0.010000000707805157,0.8071771860122681,1.0
1455,0.5873294256824567,67.0974605068029,37.30927515945176,100.0,0.010000000707805157,0.5219554901123047,1.0
1456,0.5861222099614604,69.73420635603898,38.891940989490664,100.0,0.010000000707805157,0.5163320302963257,1.0
1457,0.5865501503443167,67.04535258826297,37.30285139982396,100.0,0.010000000707805157,0.5214827060699463,1.0
1458,0.50844999241592,73.68924158174939,38.059489565653905,100.0,0.010000000707805157,0.468243271112442,1.0
1459,0.585436770669651,66.9479139202178,37.29200850949917,100.0,0.010000000707805157,0.520706057548523,1.0
1460,0.6904655315486143,77.65137728849369,36.822210509414546,100.0,0.010000000707805157,0.767261803150177,1.0
1461,0.7483265181363118,76.39841216042387,38.67314764237418,100.0,0.010000000707805157,0.8107223510742188,1.0
1462,0.5411717815477263,48.75970546042834,40.18123188579981,100.0,0.010000000707805157,0.3221030831336975,1.0
1463,0.652388451887849,62.63834650980032,38.15229671344688,100.0,0.010000000707805157,0.567879319190979,1.0
1464,0.5399073811780978,48.68077721923311,40.17267376350876,100.0,0.010000000707805157,0.32141953706741333,1.0
1465,0.5832934460422302,69.62411126726623,38.8767062124385,100.0,0.010000000707805157,0.5146644711494446,1.0
1466,0.5837636811507937,66.93325300241207,37.28780251529821,100.0,0.010000000707805157,0.5197764039039612,1.0
1467,0.651802162957025,59.516005357213636,36.21476795312396,100.0,0.010000000707805157,0.5723460912704468,1.0
1468,0.537831705619951,48.507910807775545,40.15698924413015,100.0,0.010000000707805157,0.32077300548553467,1.0
1469,0.6510726350948435,59.43083685635348,36.2180055938017,100.0,0.010000000707805157,0.5714544057846069,1.0
1470,0.723984605651686,92.27742037883358,37.088810710247884,100.0,0.010000000707805157,0.9587957262992859,1.0
1471,0.5376139544998896,48.532346046799596,40.155608928325506,100.0,0.010000000707805157,0.3209487199783325,1.0
1472,0.6497600089475798,62.481959272373224,38.14622216348264,100.0,0.010000000707805157,0.5659539103507996,1.0
1473,0.6869896720931861,77.7190432748218,36.833320018642176,100.0,0.010000000707805157,0.7633166313171387,1.0
1474,0.6865870264765931,80.10069761936549,37.99330735084296,100.0,0.010000000707805157,0.7591068148612976,1.0
1475,0.7205587667696672,92.70161249473055,37.09806171356714,100.0,0.010000000707805157,0.9554362297058105,1.0
1476,0.5041806733706553,73.88192638540067,38.03397769178283,100.0,0.010000000707805157,0.46550747752189636,1.0
1477,0.6203975392275148,83.88107621555388,37.44975174485979,100.0,0.010000000707805157,0.7088780403137207,1.0
1478,0.5372604167005781,48.65007426193104,40.15692273849405,100.0,0.010000000707805157,0.32128381729125977,1.0
1479,0.7434473559642741,76.61383010578368,38.67465506828381,100.0,0.010000000707805157,0.8069196343421936,1.0
1480,0.536698642092601,48.70065352978757,40.15625002641733,100.0,0.010000000707805157,0.32061395049095154,1.0
1481,0.6476702554724415,65.56379407316541,40.00188465399762,100.0,0.010000000707805157,0.5612524151802063,1.0
1482,0.53515881407701,44.835498416627615,36.732116650118094,100.0,0.010000000707805157,0.3234267234802246,1.0
1483,0.5788858922676655,69.70380876324047,38.857235294068126,100.0,0.010000000707805157,0.5122820138931274,1.0
1484,0.6836260051227546,80.24307263374934,37.98881082599331,100.0,0.010000000707805157,0.7566414475440979,1.0
1485,0.6191690648185328,85.98923814426783,38.47470169967764,100.0,0.010000000707805157,0.704394519329071,1.0
1486,0.5778305194136556,69.88034993108889,38.861939682667995,100.0,0.010000000707805157,0.5111998319625854,1.0
1487,0.44871576276038566,54.23589629044853,38.26564097997652,100.0,0.010000000707805157,0.27053743600845337,1.0
1488,0.6180304417570315,83.78892293609553,37.440329905593586,100.0,0.010000000707805157,0.7071570158004761,1.0
1489,0.4467488851179521,54.16139738222682,38.252894234364064,100.0,0.010000000707805157,0.2696413993835449,1.0
1490,0.5311822803681582,48.327894380905,40.122108157528295,100.0,0.010000000707805157,0.31838738918304443,1.0
1491,0.5753021599082687,69.51725004835755,38.83931343378583,100.0,0.010000000707805157,0.5097681283950806,1.0
1492,0.574834633029507,69.5104913144765,38.83850699880053,100.0,0.010000000707805157,0.5093719363212585,1.0
1493,0.574368580607849,69.50383679003515,38.83770024218524,100.0,0.010000000707805157,0.5089765191078186,1.0
1494,0.643738334420235,62.2964190828809,38.10001742419547,100.0,0.010000000707805157,0.563106119632721,1.0
1495,0.7735194535604111,89.31909248014911,37.464871105761524,100.0,0.010000000707805157,1.0007072687149048,1.0
1496,0.4436436163908454,54.07338762661252,38.23977768948311,100.0,0.010000000707805157,0.26839619874954224,1.0
1497,0.5740440250304789,66.89578151603622,37.24616920691928,100.0,0.010000000707805157,0.5133466720581055,1.0
1498,0.5730369705462258,69.53333927520114,38.83273203464201,100.0,0.010000000707805157,0.508175253868103,1.0
1499,0.44065863326144483,53.902407532921686,38.22130660511171,100.0,0.010000000707805157,0.26725712418556213,1.0
1500,0.6420867164320015,62.1485853441839,38.08809514912601,100.0,0.010000000707805157,0.5622968673706055,1.0
1501,0.7388969193106416,76.16681403798611,38.637525029343074,100.0,0.010000000707805157,0.802808403968811,1.0
1502,0.4400221116491292,53.88336406031785,38.21862031932763,100.0,0.010000000707805157,0.267103910446167,1.0
1503,0.5712013688563815,69.39664719324956,38.82387580090629,100.0,0.010000000707805157,0.5069368481636047,1.0
1504,0.5719322883012047,66.6843182144109,37.228638733599325,100.0,0.010000000707805157,0.5122939348220825,1.0
1505,0.7380029283117618,76.12526421371194,38.632866468945316,100.0,0.010000000707805157,0.8020104169845581,1.0
1506,0.37684410689152725,19.766988873285637,41.55099701958857,100.0,0.010000000707805157,0.07550954818725586,1.0
1507,0.6401845790231638,62.06015652032302,38.08049324014402,100.0,0.010000000707805157,0.5608420968055725,1.0
1508,0.5230879999870701,47.925472058478746,40.07621005905819,100.0,0.010000000707805157,0.3146209418773651,1.0
1509,0.6381882824566825,64.92283664641735,39.950875945275904,100.0,0.010000000707805157,0.5542791485786438,1.0
1510,0.5689141245441504,69.23353489767487,38.816357927916265,100.0,0.010000000707805157,0.5053065419197083,1.0
1511,0.3707377644152566,19.338293773442924,41.50300387006865,100.0,0.010000000707805157,0.07405280321836472,1.0
1512,0.8266583812220809,83.27251347169776,36.90780790710072,100.0,0.010000000707805157,1.054101586341858,1.0
1513,0.4344119204029213,53.502463228684654,38.184830390155305,100.0,0.010000000707805157,0.2655198872089386,1.0
1514,0.5200061769971662,47.746795230057806,40.0578789436562,100.0,0.010000000707805157,0.3130907118320465,1.0
1515,0.5191039804183051,47.670555125521595,40.05173825968659,100.0,0.010000000707805157,0.31262707710266113,1.0
1516,0.43085223570006115,53.195267398528976,38.16310450998012,100.0,0.010000000707805157,0.2644794285297394,1.0
1517,0.7367098251206199,75.58210084122064,38.61363410030556,100.0,0.010000000707805157,0.7991584539413452,1.0
1518,0.6372860727144775,61.751814634239565,38.06247749841863,100.0,0.010000000707805157,0.5585058331489563,1.0
1519,0.5661602774769978,68.93683734429493,38.79953579828293,100.0,0.010000000707805157,0.5036717057228088,1.0
1520,0.5657155847567394,68.93609457608407,38.79907801698583,100.0,0.010000000707805157,0.5032827258110046,1.0
1521,0.6338855215577612,64.74683542222022,39.93221161685446,100.0,0.010000000707805157,0.5500826835632324,1.0
1522,0.6097425693640264,85.2012046977763,38.437496797789784,100.0,0.010000000707805157,0.6945754289627075,1.0
1523,0.6758034497895998,79.56482460717703,37.94022973863259,100.0,0.010000000707805157,0.7493832111358643,1.0
1524,0.5163542682160236,47.77489310780386,40.04723371604775,100.0,0.010000000707805157,0.3105078637599945,1.0
1525,0.567415694985975,66.26395960451072,37.19852243087757,100.0,0.010000000707805157,0.5107292532920837,1.0
1526,0.675117312154291,79.55107815470433,37.93822872485411,100.0,0.010000000707805157,0.7487466335296631,1.0
1527,0.5634950650755725,69.15489359648949,38.80481275101185,100.0,0.010000000707805157,0.5012795925140381,1.0
1528,0.5664923013053919,66.33405637821043,37.19700575056088,100.0,0.010000000707805157,0.5100600123405457,1.0
1529,0.5660304642656203,66.30630802697046,37.19457708812719,100.0,0.010000000707805157,0.5096619725227356,1.0
1530,0.734632368960988,73.41517125268156,37.29598591373897,100.0,0.010000000707805157,0.8036668300628662,1.0
1531,0.7082755946836802,96.30163024558925,38.717204918488434,100.0,0.010000000707805157,0.9303483366966248,1.0
1532,0.5654283325993573,66.63225514187799,37.20513688150694,100.0,0.010000000707805157,0.5090513825416565,1.0
1533,0.5620809117659782,69.38644325146697,38.80740449610698,100.0,0.010000000707805157,0.5002157092094421,1.0
1534,0.5143156710411373,47.85195838637352,40.04399797510634,100.0,0.010000000707805157,0.30965137481689453,1.0
1535,0.3611038316309324,18.567161110294574,41.38838542868807,100.0,0.010000000707805157,0.07184702903032303,1.0
1536,0.5157102308195721,43.4048945733486,36.45893329471954,100.0,0.010000000707805157,0.3178481161594391,1.0
1537,0.7661728656136728,90.92041100786128,38.34680434397381,100.0,0.010000000707805157,0.9849138259887695,1.0
1538,0.7348872979092995,70.93876939852386,35.93992937045933,100.0,0.010000000707805157,0.8108839988708496,1.0
1539,0.5125955429420408,47.761575450346825,40.03384203755256,100.0,0.010000000707805157,0.30901122093200684,1.0
1540,0.5631992831204049,66.3818366824017,37.193418282480884,100.0,0.010000000707805157,0.5076184868812561,1.0
1541,0.6335572628491307,58.85384108807131,36.097620335092,100.0,0.010000000707805157,0.5624073147773743,1.0
1542,0.5139020800939824,43.54720639993917,36.48856793661714,100.0,0.010000000707805157,0.31608083844184875,1.0
1543,0.5597420380226336,69.00163749194937,38.782144663825285,100.0,0.010000000707805157,0.4994657635688782,1.0
1544,0.4805202362182316,72.97387824453196,37.949071863888534,100.0,0.010000000707805157,0.4517970085144043,1.0
1545,0.35297905226680526,17.995446917914176,41.30602806333982,100.0,0.010000000707805157,0.07003811001777649,1.0
1546,0.6710689443381548,79.264947410301,37.92101416760027,100.0,0.010000000707805157,0.7447471022605896,1.0
1547,0.5605868249411065,66.04296333676234,37.173216761702015,100.0,0.010000000707805157,0.5057294368743896,1.0
1548,0.6272291721264026,64.58260831919836,39.91049567699645,100.0,0.010000000707805157,0.5464585423469543,1.0
1549,0.5105760507551992,43.20467329456102,36.44260220558651,100.0,0.010000000707805157,0.3150297701358795,1.0
1550,0.5068978657418914,47.252241567311664,39.994785629188314,100.0,0.010000000707805157,0.30719906091690063,1.0
1551,0.628712084945766,61.46487342369764,38.031895584330364,100.0,0.010000000707805157,0.5527980327606201,1.0
1552,0.6462438757973049,98.61050250443397,38.23595332300594,100.0,0.010000000707805157,0.8800375461578369,1.0
1553,0.5562611244272363,68.8372337883739,38.76813841732279,100.0,0.010000000707805157,0.49698323011398315,1.0
1554,0.4169615050973097,52.92651349131672,38.09793190468918,100.0,0.010000000707805157,0.2587994635105133,1.0
1555,0.5553209806343969,68.70343431141292,38.76075418207406,100.0,0.010000000707805157,0.4963436722755432,1.0
1556,0.5581911778034637,65.86409789626562,37.15444564216913,100.0,0.010000000707805157,0.5045783519744873,1.0
1557,0.6272257622419356,61.39824393259475,38.01594123643296,100.0,0.010000000707805157,0.5523636937141418,1.0
1558,0.6436954787029996,98.73031202037559,38.235133885514195,100.0,0.010000000707805157,0.87639981508255,1.0
1559,0.3451255977653814,17.43000913238996,41.228035476767666,100.0,0.010000000707805157,0.06831315904855728,1.0
1560,0.7651130703296908,88.48498788647636,37.420786922521444,100.0,0.010000000707805157,0.9887886047363281,1.0
1561,0.6233822963348867,64.59372852559959,39.90410509781692,100.0,0.010000000707805157,0.5434920787811279,1.0
1562,0.41414933857296177,52.951068782878316,38.09002940288998,100.0,0.010000000707805157,0.25740593671798706,1.0
1563,0.5061638948036067,42.91290438525815,36.373650607279544,100.0,0.010000000707805157,0.3139205276966095,1.0
1564,0.725856825028574,75.55237101041688,38.59050348995693,100.0,0.010000000707805157,0.7892270088195801,1.0
1565,0.7076016709751388,91.87842025346474,37.03269318751218,100.0,0.010000000707805157,0.93915855884552,1.0
1566,0.47259871584638435,72.99115888940499,37.93036264646485,100.0,0.010000000707805157,0.4461084008216858,1.0
1567,0.6270864492380868,58.43839353642449,36.04080389566622,100.0,0.010000000707805157,0.558979332447052,1.0
1568,0.7278854281376017,70.6824765967501,35.93381908766191,100.0,0.010000000707805157,0.8033015727996826,1.0
1569,0.7590627882527902,91.17173759881007,38.34335716637668,100.0,0.010000000707805157,0.9771700501441956,1.0
1570,0.6218620167405908,64.95642372683965,39.91562443222553,100.0,0.010000000707805157,0.5428290367126465,1.0
1571,0.41426579525317325,53.196568393924586,38.089966809194415,100.0,0.010000000707805157,0.25716373324394226,1.0
1572,0.5514894138144225,69.11413757714888,38.76393626709222,100.0,0.010000000707805157,0.49362266063690186,1.0
1573,0.41223041501637836,53.07861412081094,38.08025456631895,100.0,0.010000000707805157,0.25637462735176086,1.0
1574,0.4107504212369676,52.96945935506117,38.071243883753894,100.0,0.010000000707805157,0.25584283471107483,1.0
1575,0.6658045957602875,77.02919189777994,36.7375901074011,100.0,0.010000000707805157,0.7458406686782837,1.0
1576,0.4999697106880025,47.18584586878568,39.97416472447003,100.0,0.010000000707805157,0.30444273352622986,1.0
1577,0.5980915210078854,82.98125326993046,37.36447733367701,100.0,0.010000000707805157,0.688744306564331,1.0
1578,0.5952746685924638,85.31851204151326,38.394793099991624,100.0,0.010000000707805157,0.6807965040206909,1.0
1579,0.7549924035108765,93.2382312784044,39.22339246091899,100.0,0.010000000707805157,0.9671934843063354,1.0
1580,0.40969569591385774,53.16361130635863,38.076929589171556,100.0,0.010000000707805157,0.2548748254776001,1.0
1581,0.7207580928558629,76.01831036675733,38.59599625522926,100.0,0.010000000707805157,0.785519003868103,1.0
1582,0.7243705469522114,71.0142820934638,35.92354888231505,100.0,0.010000000707805157,0.8018528819084167,1.0
1583,0.8080849219551497,86.27057366172484,37.925231695620376,100.0,0.010000000707805157,1.0284475088119507,1.0
1584,0.34470630563619564,17.243854280918306,41.15983472491995,100.0,0.010000000707805157,0.06830577552318573,1.0
1585,0.6200733313932761,62.08623750345503,38.03468509583951,100.0,0.010000000707805157,0.5471009612083435,1.0
1586,0.5930566583869759,85.84802964515364,38.41323193938134,100.0,0.010000000707805157,0.6789639592170715,1.0
1587,0.5946964846432262,83.69491809937772,37.38340325469317,100.0,0.010000000707805157,0.6860446929931641,1.0
1588,0.6193425422888811,62.178231871624966,38.03360250781811,100.0,0.010000000707805157,0.5467989444732666,1.0
1589,0.49868521724708476,47.57678685344963,39.98952476390388,100.0,0.010000000707805157,0.3031558692455292,1.0
1590,0.6588951353374295,80.14152186760286,37.92793957764716,100.0,0.010000000707805157,0.7337340712547302,1.0
1591,0.6186229824762037,62.21457545616872,38.03592656947432,100.0,0.010000000707805157,0.5460816621780396,1.0
1592,0.4085300424846398,53.280961929993126,38.07288779500296,100.0,0.010000000707805157,0.25441282987594604,1.0
1593,0.5934363923192386,83.62485393734178,37.37922781431707,100.0,0.010000000707805157,0.684726357460022,1.0
1594,0.7202450507252512,71.36865207199851,35.957538689031225,100.0,0.010000000707805157,0.7967936992645264,1.0
1595,0.4992669145014363,43.45039521231345,36.40346982209535,100.0,0.010000000707805157,0.30946797132492065,1.0
1596,0.617362425720074,62.132380446725186,38.04021429497562,100.0,0.010000000707805157,0.5451070070266724,1.0
1597,0.40642319329528465,53.162569608628594,38.052788740279794,100.0,0.010000000707805157,0.2536945044994354,1.0
1598,0.6168905201744943,62.00574528210017,38.03510598716831,100.0,0.010000000707805157,0.5448136329650879,1.0
1599,0.4952822780039578,47.35844552056863,39.97123835644978,100.0,0.010000000707805157,0.3021065294742584,1.0
1600,0.5465348660698933,66.37597785815731,37.1547569012163,100.0,0.010000000707805157,0.49562495946884155,1.0
1601,0.5444083312604017,69.11026874201555,38.7440322416801,100.0,0.010000000707805157,0.4889792799949646,1.0
1602,0.4936877785762943,47.239128831558205,39.96281214271017,100.0,0.010000000707805157,0.30141934752464294,1.0
1603,0.5457142275467649,66.233101644208,37.14647341516087,100.0,0.010000000707805157,0.49521106481552124,1.0
1604,0.6939923666033745,96.44381387851168,38.68414503428108,100.0,0.010000000707805157,0.9122320413589478,1.0
1605,0.33134522414522816,16.313119118725737,41.0207884228786,100.0,0.010000000707805157,0.06537294387817383,1.0
1606,0.7173850606553165,73.5617665358347,37.301659324714585,100.0,0.010000000707805157,0.7869889140129089,1.0
1607,0.6164898844719535,58.773486376315766,36.07594566889329,100.0,0.010000000707805157,0.5500813126564026,1.0
1608,0.4617554445749796,73.0758741596555,37.89521482373785,100.0,0.010000000707805157,0.43901610374450684,1.0
1609,0.614309892065639,61.80468936118756,38.02603363751151,100.0,0.010000000707805157,0.5430077314376831,1.0
1610,0.6140709396340959,61.838797666860465,38.029192407817895,100.0,0.010000000707805157,0.5426933765411377,1.0
1611,0.4608605776962248,73.04826548263908,37.89207074523509,100.0,0.010000000707805157,0.4384431838989258,1.0
1612,0.5414229876797647,68.99616965097312,38.73305739996826,100.0,0.010000000707805157,0.48694485425949097,1.0
1613,0.5429117517082678,66.20439908794293,37.139494073016714,100.0,0.010000000707805157,0.4930976331233978,1.0
1614,0.6530874406319207,82.09322511726039,39.04410739574481,100.0,0.010000000707805157,0.7228132486343384,1.0
1615,0.6129178683920641,61.83307732500964,38.02172386177653,100.0,0.010000000707805157,0.5421180725097656,1.0
1616,0.6521615044385536,82.26333147458051,39.051306328724785,100.0,0.010000000707805157,0.7215821743011475,1.0
1617,0.5400376290478203,69.21182236565537,38.74384162353679,100.0,0.010000000707805157,0.4854286015033722,1.0
1618,0.45846733062030637,73.22798381373964,37.90130346803415,100.0,0.010000000707805157,0.43633776903152466,1.0
1619,0.6530637645949413,79.9496319131478,37.91512269752125,100.0,0.010000000707805157,0.7276476621627808,1.0
1620,0.5871228182562994,83.57999217128886,37.367654459311645,100.0,0.010000000707805157,0.6780948042869568,1.0
1621,0.6133549878383083,58.8328492440201,36.051351127808495,100.0,0.010000000707805157,0.5488475561141968,1.0
1622,0.6094906392053999,64.98199713206694,39.90140279142008,100.0,0.010000000707805157,0.5343204140663147,1.0
1623,0.48828809038787413,47.272385998594,39.956669092631536,100.0,0.010000000707805157,0.2986723780632019,1.0
1624,0.5405127569484979,66.39934886329407,37.13973915515111,100.0,0.010000000707805157,0.4916015863418579,1.0
1625,0.48969291844512625,42.96011069158794,36.32477568174506,100.0,0.010000000707805157,0.30566227436065674,1.0
1626,0.6518095902468682,79.89696687418042,37.914863268377715,100.0,0.010000000707805157,0.7261867523193359,1.0
1627,0.5395738766469865,66.35629803863095,37.13829440088933,100.0,0.010000000707805157,0.4907416105270386,1.0
1628,0.6512005310964809,79.96806171023272,37.91644006229416,100.0,0.010000000707805157,0.7256134748458862,1.0
1629,0.6112001310692602,58.84289482101645,36.06878657216822,100.0,0.010000000707805157,0.5465015769004822,1.0
1630,0.6094332325838808,61.974780682181,38.03000388347422,100.0,0.010000000707805157,0.5394400954246521,1.0
1631,0.5370337042027237,69.20643617894943,38.7337523921814,100.0,0.010000000707805157,0.48357412219047546,1.0
1632,0.7120836734070386,71.37344122084241,35.991742531322174,100.0,0.010000000707805157,0.7867957353591919,1.0
1633,0.538065316095077,66.5294018475963,37.15026677570649,100.0,0.010000000707805157,0.48904669284820557,1.0
1634,0.7105827896893522,71.54939199177532,36.01960754133093,100.0,0.010000000707805157,0.7840302586555481,1.0
1635,0.5370129854727387,69.3094551711949,38.73147269429285,100.0,0.010000000707805157,0.4839603900909424,1.0
1636,0.6073914205573347,65.08378684592792,39.90255602256319,100.0,0.010000000707805157,0.5334682464599609,1.0
1637,0.608513783037481,59.18430798319034,36.124102346351776,100.0,0.010000000707805157,0.5427626371383667,1.0
1638,0.5826216683771454,85.95361590863827,38.38569733388656,100.0,0.010000000707805157,0.6690204739570618,1.0
1639,0.7084655869014812,74.33205008791113,37.357498789792636,100.0,0.010000000707805157,0.7770047187805176,1.0
1640,0.4864031098856321,43.37227235300302,36.399054381344484,100.0,0.010000000707805157,0.3023884892463684,1.0
1641,0.6069231095237113,62.3056183311044,38.062047855697536,100.0,0.010000000707805157,0.5367220044136047,1.0
1642,0.6479525478343497,80.42111534378431,37.94100140454265,100.0,0.010000000707805157,0.7219215631484985,1.0
1643,0.5356022996671866,69.46210908068217,38.73683093814886,100.0,0.010000000707805157,0.4827825129032135,1.0
1644,0.3204892847629159,15.438995432888243,40.841105959452904,100.0,0.010000000707805157,0.0630943775177002,1.0
1645,0.6060536331076474,62.18350246432323,38.05744514650416,100.0,0.010000000707805157,0.5360364317893982,1.0
1646,0.31722790779431864,15.236373241755686,40.81369674490447,100.0,0.010000000707805157,0.06236044690012932,1.0
1647,0.6477969159518635,80.04776656471861,37.93025993510904,100.0,0.010000000707805157,0.7214097380638123,1.0
1648,0.6473829354123104,80.15143415119863,37.933440404463376,100.0,0.010000000707805157,0.7210357785224915,1.0
1649,0.4519839627919586,73.16907291752345,37.86834427753844,100.0,0.010000000707805157,0.43244022130966187,1.0
1650,0.4824208153719662,43.037711718749286,36.36850468678033,100.0,0.010000000707805157,0.30070316791534424,1.0
1651,0.5336324239944695,66.34570345686585,37.146201886891156,100.0,0.010000000707805157,0.4854319095611572,1.0
1652,0.38734343645498637,52.62057006604281,37.958813088942584,100.0,0.010000000707805157,0.24613474309444427,1.0
1653,0.7433425687653823,91.59996747960884,38.355469427106456,100.0,0.010000000707805157,0.9559114575386047,1.0
1654,0.48101273153784774,42.96604513044071,36.363090383960184,100.0,0.010000000707805157,0.2999958097934723,1.0
1655,0.5325278700640925,66.28587601158537,37.1430496931559,100.0,0.010000000707805157,0.4845297634601593,1.0
1656,0.6457474721077501,82.24453410277816,39.03656223387414,100.0,0.010000000707805157,0.7159625291824341,1.0
1657,0.47952293271220375,47.006568479169246,39.93058245352542,100.0,0.010000000707805157,0.2954029142856598,1.0
1658,0.479626493090345,42.843681521416244,36.35027252008689,100.0,0.010000000707805157,0.29947248101234436,1.0
1659,0.6461059413390987,77.53310471050519,36.785644901702966,100.0,0.010000000707805157,0.7231587171554565,1.0
1660,0.5310774614815705,68.95445080095857,38.707758866548815,100.0,0.010000000707805157,0.4799889624118805,1.0
1661,0.3070568183368939,14.570469876854512,40.70838080923783,100.0,0.010000000707805157,0.06018257886171341,1.0
1662,0.6454716715918413,79.71657179700085,37.91882120038182,100.0,0.010000000707805157,0.7185878753662109,1.0
1663,0.38263220507983126,52.4123604067086,37.93776381079126,100.0,0.010000000707805157,0.24433663487434387,1.0
1664,0.4462295712041034,72.67795451528231,37.837300329751095,100.0,0.010000000707805157,0.4286363422870636,1.0
1665,0.47570300557498163,46.626211356169605,39.907288807577615,100.0,0.010000000707805157,0.294177770614624,1.0
1666,0.5288464487624005,68.59917702493775,38.69189940785627,100.0,0.010000000707805157,0.4783999025821686,1.0
1667,0.7057525271606699,73.42416203400563,37.34097442805783,100.0,0.010000000707805157,0.7729187607765198,1.0
1668,0.5771608224965524,85.29662819108809,38.35445387530503,100.0,0.010000000707805157,0.6628218293190002,1.0
1669,0.4444613595799292,72.74539436589406,37.84026591000053,100.0,0.010000000707805157,0.4271022081375122,1.0
1670,0.7048097386370683,73.53643351239873,37.34024457108848,100.0,0.010000000707805157,0.7724171876907349,1.0
1671,0.6437459779124928,77.42110444608383,36.77625827710606,100.0,0.010000000707805157,0.7206503748893738,1.0
1672,0.6003961137043273,58.703870178235526,36.12201041045331,100.0,0.010000000707805157,0.5357526540756226,1.0
1673,0.6428391610843028,82.15899168946316,39.02923390489526,100.0,0.010000000707805157,0.7129675149917603,1.0
1674,0.5277817499990232,66.24715455110037,37.136225766111664,100.0,0.010000000707805157,0.48080775141716003,1.0
1675,0.5274182130431624,66.22006232820341,37.135055164271314,100.0,0.010000000707805157,0.4804442524909973,1.0
1676,0.3004299022383005,14.118437709082466,40.62634296058719,100.0,0.010000000707805157,0.05882147699594498,1.0
1677,0.37706518446652176,52.288428233398925,37.914696205722706,100.0,0.010000000707805157,0.24178138375282288,1.0
1678,0.5263883097624735,65.86208725206431,37.119202188325005,100.0,0.010000000707805157,0.4797089695930481,1.0
1679,0.47204115970428695,42.36324504101644,36.31178981451055,100.0,0.010000000707805157,0.29574456810951233,1.0
1680,0.2933834962230712,13.702123361736696,40.56608148444152,100.0,0.010000000707805157,0.05729012191295624,1.0
1681,0.4705672285598688,42.1269308347568,36.299260388478956,100.0,0.010000000707805157,0.2950131595134735,1.0
1682,0.6428601009254371,79.09166037089882,37.89796001385088,100.0,0.010000000707805157,0.7151216268539429,1.0
1683,0.6425189087057591,81.49987719302496,39.002830272073815,100.0,0.010000000707805157,0.7126626372337341,1.0
1684,0.5249684140799303,68.3968288077496,38.67335836814955,100.0,0.010000000707805157,0.47590112686157227,1.0
1685,0.5245996605344129,68.39696695183011,38.674039489656465,100.0,0.010000000707805157,0.47553086280822754,1.0
1686,0.5245836226054105,65.62533688264286,37.10796636815626,100.0,0.010000000707805157,0.4784865379333496,1.0
1687,0.5974858361442539,58.12506492654104,36.101253741392874,100.0,0.010000000707805157,0.5332084894180298,1.0
1688,0.597205515580786,64.17862288968507,39.86119501215582,100.0,0.010000000707805157,0.5274544954299927,1.0
1689,0.5240080985844318,65.64658400799381,37.11146729452498,100.0,0.010000000707805157,0.47793275117874146,1.0
1690,0.37099696114118114,51.95977969545979,37.88499478947979,100.0,0.010000000707805157,0.23949475586414337,1.0
1691,0.4376677675658034,72.24096019338215,37.801634709747695,100.0,0.010000000707805157,0.42249709367752075,1.0
1692,0.4674400891691118,46.14258171666482,39.876000804103576,100.0,0.010000000707805157,0.29111447930336,1.0
1693,0.5726774096129673,84.72296437046707,38.323601351723816,100.0,0.010000000707805157,0.6574736833572388,1.0
1694,0.6403876301459291,79.09772359234428,37.89410264297288,100.0,0.010000000707805157,0.7125256657600403,1.0
1695,0.5954040704223835,64.09927329540778,39.859031481944704,100.0,0.010000000707805157,0.5258623957633972,1.0
1696,0.6397476768672186,79.2593965178948,37.90033714963036,100.0,0.010000000707805157,0.7118955850601196,1.0
1697,0.5947232704934481,64.25653123581672,39.86618287459226,100.0,0.010000000707805157,0.5247605443000793,1.0
1698,0.6999770541261521,75.8634580470755,38.625476699054744,100.0,0.010000000707805157,0.7627811431884766,1.0
1699,0.28682762484048907,13.23623834371634,40.486236372935814,100.0,0.010000000707805157,0.05589814484119415,1.0
1700,0.4355643552100876,72.37615688356327,37.81479189388608,100.0,0.010000000707805157,0.42096060514450073,1.0
1701,0.4347700981609018,72.35618739066952,37.81319439691458,100.0,0.010000000707805157,0.4201928377151489,1.0
1702,0.4645855945432122,46.21206613592069,39.881916906555425,100.0,0.010000000707805157,0.28898873925209045,1.0
1703,0.6387128080709538,79.1470061798997,37.896287509886214,100.0,0.010000000707805157,0.7106192708015442,1.0
1704,0.5694218854679068,84.99798569510808,38.33977878297747,100.0,0.010000000707805157,0.6533878445625305,1.0
1705,0.46392043705080555,46.26424738591013,39.88563282387243,100.0,0.010000000707805157,0.28845617175102234,1.0
1706,0.520397064374613,65.48073122508515,37.09115296680989,100.0,0.010000000707805157,0.4759562015533447,1.0
1707,0.5185802757105876,68.34575602020898,38.675147805090496,100.0,0.010000000707805157,0.47011739015579224,1.0
1708,0.2789985698220906,12.76597212947687,40.41691715607626,100.0,0.010000000707805157,0.05424856022000313,1.0
1709,0.3624287777090839,51.73003063982228,37.87375545768029,100.0,0.010000000707805157,0.23560968041419983,1.0
1710,0.5932055070918234,60.73492797221183,37.990886113532326,100.0,0.010000000707805157,0.5274052619934082,1.0
1711,0.7386348470510228,88.43931843572207,37.448394230043434,100.0,0.010000000707805157,0.9494891166687012,1.0
1712,0.5174829433803303,68.25582437107833,38.67088507801883,100.0,0.010000000707805157,0.4692925214767456,1.0
1713,0.6136938122945792,98.81431867827443,38.18059605745182,100.0,0.010000000707805157,0.8330013751983643,1.0
1714,0.6363037280897008,79.24088660961985,37.89553773736084,100.0,0.010000000707805157,0.7081080675125122,1.0
1715,0.36190323023791177,51.96652413406209,37.885544393884835,100.0,0.010000000707805157,0.23487544059753418,1.0
1716,0.590198496424398,64.13875486997735,39.865247663304054,100.0,0.010000000707805157,0.520471453666687,1.0
1717,0.27570764179433727,12.544418033212311,40.3774921422595,100.0,0.010000000707805157,0.05357608199119568,1.0
1718,0.5933223197674048,57.56418527996216,36.01398014969885,100.0,0.010000000707805157,0.5328996777534485,1.0
1719,0.273044034634724,12.389086453047428,40.35042558344949,100.0,0.010000000707805157,0.053000397980213165,1.0
1720,0.35830295922922595,51.599550978884174,37.8615932425629,100.0,0.010000000707805157,0.23380818963050842,1.0
1721,0.4603793079643023,41.35134913174502,36.16397247892871,100.0,0.010000000707805157,0.2919667959213257,1.0
1722,0.5149278886442179,67.86339732398265,38.65364340442545,100.0,0.010000000707805157,0.4673495888710022,1.0
1723,0.4574150697723827,45.76617385646788,39.858713874530615,100.0,0.010000000707805157,0.2855280935764313,1.0
1724,0.45941222516845204,41.21237495482235,36.15192628433279,100.0,0.010000000707805157,0.2915913760662079,1.0
1725,0.566028557827915,84.26726862539422,38.31600501887872,100.0,0.010000000707805157,0.648646891117096,1.0
1726,0.6975179009491794,74.97340119876935,38.59776844316828,100.0,0.010000000707805157,0.7592777609825134,1.0
1727,0.4565042853760678,45.82498357427755,39.86306987770039,100.0,0.010000000707805157,0.2847519516944885,1.0
1728,0.5650676394580754,84.44247691927613,38.3257246765532,100.0,0.010000000707805157,0.6474736928939819,1.0
1729,0.5898042086901162,60.5710834197979,37.98390637983681,100.0,0.010000000707805157,0.5246496200561523,1.0
1730,0.4557142862015485,45.85233618905249,39.8656429975283,100.0,0.010000000707805157,0.28412285447120667,1.0
1731,0.6370320409780432,76.07520935574918,36.719546303116346,100.0,0.010000000707805157,0.7131514549255371,1.0
1732,0.5869862296710203,63.85672127611693,39.8564509320153,100.0,0.010000000707805157,0.5169952511787415,1.0
1733,0.5151416938211554,65.00508216690515,37.06878084553494,100.0,0.010000000707805157,0.4723055958747864,1.0
1734,0.5122878033961074,68.00020375989334,38.66514132165917,100.0,0.010000000707805157,0.4647231101989746,1.0
1735,0.5146425466261227,64.98175303055133,37.06677290626538,100.0,0.010000000707805157,0.47189611196517944,1.0
1736,0.45726785502610234,41.27514331944912,36.14853978044634,100.0,0.010000000707805157,0.29067227244377136,1.0
1737,0.4540317708971121,45.790061052583305,39.86279799694854,100.0,0.010000000707805157,0.2833528220653534,1.0
1738,0.5882687310981952,60.511646957447766,37.990634247702005,100.0,0.010000000707805157,0.5230090022087097,1.0
1739,0.5113491538002297,67.8649606899731,38.65987689759827,100.0,0.010000000707805157,0.4640212059020996,1.0
1740,0.565447379688446,82.00315887826345,37.30923802719911,100.0,0.010000000707805157,0.6523821353912354,1.0
1741,0.6947256866392927,75.19283924204554,38.61248039974349,100.0,0.010000000707805157,0.7553727626800537,1.0
1742,0.3519500675738879,51.45825767986511,37.850760894534744,100.0,0.010000000707805157,0.23115688562393188,1.0
1743,0.42277631619585787,71.82683095766873,37.79225721579553,100.0,0.010000000707805157,0.4114516079425812,1.0
1744,0.3501438851032169,51.36489674907148,37.84376927272812,100.0,0.010000000707805157,0.2302771955728531,1.0
1745,0.5124145327956685,64.74443162322825,37.05486698056787,100.0,0.010000000707805157,0.47006043791770935,1.0
1746,0.6304181219245719,81.06671239659997,39.00101284381829,100.0,0.010000000707805157,0.6954813003540039,1.0
1747,0.6321774103930923,78.6392736480814,37.8830817947603,100.0,0.010000000707805157,0.7022988200187683,1.0
1748,0.693477350185375,75.22784829045418,38.61219956597867,100.0,0.010000000707805157,0.7541658878326416,1.0
1749,0.5089537980275196,68.110458439305,38.671915356385746,100.0,0.010000000707805157,0.4615989923477173,1.0
1750,0.5884050288447888,57.27341607779999,35.99381130722408,100.0,0.010000000707805157,0.5296706557273865,1.0
1751,0.5087029856701849,68.10870809964035,38.671048355602004,100.0,0.010000000707805157,0.46145933866500854,1.0
1752,0.6924339720996693,75.43491752217714,38.622459326548636,100.0,0.010000000707805157,0.7526659369468689,1.0
1753,0.4543058575273991,41.37493097442126,36.14474859099561,100.0,0.010000000707805157,0.28938764333724976,1.0
1754,0.4538224969982776,41.32144168193086,36.14711381011022,100.0,0.010000000707805157,0.28901466727256775,1.0
1755,0.2568100814550668,11.350548687536962,40.15410401008174,100.0,0.010000000707805157,0.049597468227148056,1.0
1756,0.5873549441059114,57.15300627875499,36.013867729597045,100.0,0.010000000707805157,0.5277968645095825,1.0
1757,0.6923402785926732,75.2951903822304,38.62820323939624,100.0,0.010000000707805157,0.7517926096916199,1.0
1758,0.5866913008846263,57.370217035237,36.040250125834305,100.0,0.010000000707805157,0.5267123579978943,1.0
1759,0.5823422512018556,64.05097090004617,39.87129663627286,100.0,0.010000000707805157,0.5122764110565186,1.0
1760,0.2555350343896911,11.256521701499926,40.128961631483115,100.0,0.010000000707805157,0.04931525141000748,1.0
1761,0.5598884622046898,84.48144281028358,38.33097220413802,100.0,0.010000000707805157,0.6412805318832397,1.0
1762,0.7858228366436695,85.41580670389452,37.99197589340427,100.0,0.010000000707805157,0.9891378879547119,1.0
1763,0.5836630959631972,60.98779058837732,38.032210622877436,100.0,0.010000000707805157,0.5181505680084229,1.0
1764,0.4198248386100752,71.95581094055422,37.79473592765275,100.0,0.010000000707805157,0.4096875786781311,1.0
1765,0.5092113362584524,65.1082323886392,37.0823430351467,100.0,0.010000000707805157,0.46724364161491394,1.0
1766,0.48034712072758745,87.840747895657,37.77697693106571,100.0,0.010000000707805157,0.5887353420257568,1.0
1767,0.5060447690669808,68.15817065693508,38.6743830933574,100.0,0.010000000707805157,0.45918065309524536,1.0
1768,0.5057359009569633,68.1613821903222,38.675561659979074,100.0,0.010000000707805157,0.45883169770240784,1.0
1769,0.5826614929556764,60.85902236189589,38.01936872734278,100.0,0.010000000707805157,0.5178855657577515,1.0
1770,0.584657509931599,57.452063574281,36.038577786930404,100.0,0.010000000707805157,0.5254746079444885,1.0
1771,0.7301021986303077,88.70911646980908,37.48441492864713,100.0,0.010000000707805157,0.935060977935791,1.0
1772,0.34551706049502834,51.54310101576376,37.84347121865565,100.0,0.010000000707805157,0.22804489731788635,1.0
1773,0.252207469552634,11.029039860272611,40.075304076953245,100.0,0.010000000707805157,0.04868713766336441,1.0
1774,0.4491082768079475,41.255407352179034,36.169479943458036,100.0,0.010000000707805157,0.28598472476005554,1.0
1775,0.6911293360678218,72.73941916464007,37.364821288719064,100.0,0.010000000707805157,0.7546663284301758,1.0
1776,0.6257966894601641,81.5555901748378,39.02521680580668,100.0,0.010000000707805157,0.6894868612289429,1.0
1777,0.2504779275946696,10.919459162758663,40.051724596597836,100.0,0.010000000707805157,0.048317115753889084,1.0
1778,0.5567465221230398,84.64321377656678,38.33570007137565,100.0,0.010000000707805157,0.6373177766799927,1.0
1779,0.3423033357060079,51.32750357390708,37.830280829528775,100.0,0.010000000707805157,0.22678816318511963,1.0
1780,0.690582311311714,72.71307842502998,37.3616287960431,100.0,0.010000000707805157,0.7541882395744324,1.0
1781,0.41514496512445326,71.85933124266825,37.78507475701608,100.0,0.010000000707805157,0.40567708015441895,1.0
1782,0.4448323693671909,45.87150686837336,39.88066696087891,100.0,0.010000000707805157,0.27808934450149536,1.0
1783,0.5030989159711312,68.00105166696586,38.66996463555657,100.0,0.010000000707805157,0.45661288499832153,1.0
1784,0.6917081428871058,69.8364049694157,36.01315738017398,100.0,0.010000000707805157,0.7611657977104187,1.0
1785,0.5817343366980011,57.44071837871138,36.07482372816257,100.0,0.010000000707805157,0.5216974020004272,1.0
1786,0.44643651905119175,41.289868782130696,36.19736508362568,100.0,0.010000000707805157,0.28402769565582275,1.0
1787,0.5046625485655211,64.95830057562218,37.08673004081214,100.0,0.010000000707805157,0.46263599395751953,1.0
1788,0.6259425796363862,78.90146263505085,37.918674785750916,100.0,0.010000000707805157,0.6934978365898132,1.0
1789,0.6894863825554359,70.15315953396313,36.07324121620627,100.0,0.010000000707805157,0.7561784982681274,1.0
1790,0.4443329704212295,45.937302200136834,39.88379678056939,100.0,0.010000000707805157,0.27822163701057434,1.0
1791,0.5799969278560898,57.6223593139102,36.12864024519418,100.0,0.010000000707805157,0.5185016989707947,1.0
1792,0.3399039397999356,51.23382959241969,37.80705511571021,100.0,0.010000000707805157,0.22590386867523193,1.0
1793,0.5024981646009432,67.95610409352699,38.659587136778946,100.0,0.010000000707805157,0.45675089955329895,1.0
1794,0.24246282203441202,10.434469020966608,39.940656715741,100.0,0.010000000707805157,0.046683236956596375,1.0
1795,0.44379002620454544,41.141998147934146,36.2192964622834,100.0,0.010000000707805157,0.2819659113883972,1.0
1796,0.5794360098589904,57.29447682570279,36.1269872398837,100.0,0.010000000707805157,0.5173671245574951,1.0
1797,0.4124110648160589,71.42801187497875,37.74977600329853,100.0,0.010000000707805157,0.4040473997592926,1.0
1798,0.578346947783168,60.59685545440262,38.06027667666742,100.0,0.010000000707805157,0.5128694772720337,1.0
1799,0.4426379867312557,41.10667578406808,36.23406792211458,100.0,0.010000000707805157,0.2809802293777466,1.0
1800,0.6251385991190139,78.5849642231625,37.919101879448434,100.0,0.010000000707805157,0.6915421485900879,1.0
1801,0.4114897966265472,71.41765562400079,37.747583406474156,100.0,0.010000000707805157,0.4032467305660248,1.0
1802,0.4418728681054894,41.06107711200012,36.231445401922166,100.0,0.010000000707805157,0.2805555760860443,1.0
1803,0.6876573419536732,72.56124105214286,37.42133929505393,100.0,0.010000000707805157,0.747346043586731,1.0
1804,0.5013307343270769,64.74933843078762,37.095496126788454,100.0,0.010000000707805157,0.458649218082428,1.0
1805,0.44115777472950585,41.12815047202052,36.257026599916216,100.0,0.010000000707805157,0.27971094846725464,1.0
1806,0.4407788210695649,41.08535054518402,36.26081507536266,100.0,0.010000000707805157,0.27937254309654236,1.0
1807,0.44040525564116895,41.04327033165813,36.264662212101584,100.0,0.010000000707805157,0.2790359854698181,1.0
1808,0.33363391462155034,50.7237837262977,37.760927683528315,100.0,0.010000000707805157,0.22349189221858978,1.0
1809,0.23158825843273823,9.822652716172428,39.806730610505646,100.0,0.010000000707805157,0.04442818835377693,1.0
1810,0.5770243947236947,60.21173330657626,38.06806040718351,100.0,0.010000000707805157,0.5110912322998047,1.0
1811,0.5545740129884059,83.69853827540857,38.28499580922935,100.0,0.010000000707805157,0.6346961259841919,1.0
1812,0.5763247094047783,63.45441008108474,39.85790133579947,100.0,0.010000000707805157,0.5087399482727051,1.0
1813,0.49997302797702675,64.3868356175423,37.085757826332674,100.0,0.010000000707805157,0.45726287364959717,1.0
1814,0.4997093125586249,64.37841806844192,37.08605910849749,100.0,0.010000000707805157,0.45692938566207886,1.0
1815,0.2289272164169531,9.665513433282813,39.774160322908344,100.0,0.010000000707805157,0.04388614371418953,1.0
1816,0.6240709775815676,78.08298030130855,37.911816819887264,100.0,0.010000000707805157,0.6890985369682312,1.0
1817,0.4991562850165606,64.30103367275491,37.08435716073014,100.0,0.010000000707805157,0.45631271600723267,1.0
1818,0.6233908961758952,80.6486431275702,38.98950396347781,100.0,0.010000000707805157,0.6867712140083313,1.0
1819,0.5751659715202178,63.523471841884664,39.86441534913894,100.0,0.010000000707805157,0.5073854923248291,1.0
1820,0.43790561046056,40.84801117433773,36.24483569733679,100.0,0.010000000707805157,0.2779579758644104,1.0
1821,0.4375595799392484,40.80925469008882,36.249052780054406,100.0,0.010000000707805157,0.2776292562484741,1.0
1822,0.43721811548315764,40.771131727156856,36.25331989885182,100.0,0.010000000707805157,0.27730220556259155,1.0
1823,0.6862693223794859,72.23820388406881,37.449160276812904,100.0,0.010000000707805157,0.7431846261024475,1.0
1824,0.47238641079040034,86.6943262499981,37.70846660613022,100.0,0.010000000707805157,0.5791328549385071,1.0
1825,0.5746657055030642,57.04254567309923,36.188341301765306,100.0,0.010000000707805157,0.5105276107788086,1.0
1826,0.5746013558415374,60.382711693661314,38.09347733948509,100.0,0.010000000707805157,0.508417546749115,1.0
1827,0.43621464391520487,40.90724713253778,36.28853428005989,100.0,0.010000000707805157,0.27619609236717224,1.0
1828,0.6017163523560216,95.50224020348381,37.414087077541474,100.0,0.010000000707805157,0.8114592432975769,1.0
1829,0.3281103468417871,50.594257263467654,37.744594805953064,100.0,0.010000000707805157,0.22082725167274475,1.0
1830,0.7256805076258256,90.11192901292138,38.376275053512806,100.0,0.010000000707805157,0.9186881184577942,1.0
1831,0.4969771220626323,67.45603406398791,38.63219262566095,100.0,0.010000000707805157,0.4524778723716736,1.0
1832,0.3274986133972028,50.658509770183855,37.75116802391694,100.0,0.010000000707805157,0.22039908170700073,1.0
1833,0.5735474794364003,60.39162942762636,38.09436772685614,100.0,0.010000000707805157,0.5076547265052795,1.0
1834,0.6840704116823723,72.51108882580766,37.47061951419041,100.0,0.010000000707805157,0.7405344247817993,1.0
1835,0.49595194535255377,64.56861951747707,37.10797258533162,100.0,0.010000000707805157,0.45288047194480896,1.0
1836,0.7242475961636246,90.42580271457354,38.39014471480569,100.0,0.010000000707805157,0.916481614112854,1.0
1837,0.5730840813588308,63.870626349722514,39.88513036143076,100.0,0.010000000707805157,0.505538821220398,1.0
1838,0.6199499299918989,78.78715168245455,37.95043869109396,100.0,0.010000000707805157,0.6836702227592468,1.0
1839,0.7771879572232504,85.84065640169605,38.11548391841916,100.0,0.010000000707805157,0.9694297313690186,1.0
1840,0.3283303677738915,50.96827045793885,37.7693930133287,100.0,0.010000000707805157,0.22061748802661896,1.0
1841,0.5714976585145556,57.74087769916223,36.25631702046092,100.0,0.010000000707805157,0.5070919990539551,1.0
1842,0.4351438528985807,45.76658948621313,39.89070973470796,100.0,0.010000000707805157,0.2737089693546295,1.0
1843,0.6817217375442977,73.19644329714292,37.51778756056763,100.0,0.010000000707805157,0.7369281053543091,1.0
1844,0.4349471011844182,45.822306911203256,39.89528785081639,100.0,0.010000000707805157,0.27341794967651367,1.0
1845,0.43455739843024016,45.795878550089284,39.89506916055391,100.0,0.010000000707805157,0.2730935215950012,1.0
1846,0.4950931820327706,67.8207479580228,38.65740208923385,100.0,0.010000000707805157,0.45017409324645996,1.0
1847,0.6188523963996239,78.97204535024909,37.96757045440897,100.0,0.010000000707805157,0.681710958480835,1.0
1848,0.43359055297596266,41.34058662962588,36.346023878756775,100.0,0.010000000707805157,0.2743414640426636,1.0
1849,0.5710633726992739,61.03666517624623,38.1521516039264,100.0,0.010000000707805157,0.5039007663726807,1.0
1850,0.5487905420036158,84.38802400304861,38.31725785732472,100.0,0.010000000707805157,0.6270705461502075,1.0
1851,0.3256418159561485,50.83963984279074,37.762586205345414,100.0,0.010000000707805157,0.21954278647899628,1.0
1852,0.5706774184316262,60.98871526904762,38.14914233742221,100.0,0.010000000707805157,0.503634512424469,1.0
1853,0.6177892060763196,76.45413501175209,36.870003936745846,100.0,0.010000000707805157,0.6823379993438721,1.0
1854,0.43240276183255133,41.34207809990882,36.361627752601926,100.0,0.010000000707805157,0.27339866757392883,1.0
1855,0.22071391668683807,9.101581811383765,39.61020588460966,100.0,0.010000000707805157,0.042281415313482285,1.0
1856,0.5706197705644435,64.0414271154203,39.90370361001389,100.0,0.010000000707805157,0.5018837451934814,1.0
1857,0.43172050975419596,41.201377223175086,36.355552734643226,100.0,0.010000000707805157,0.273012638092041,1.0
1858,0.5701104593873769,60.898405265569934,38.16082461096659,100.0,0.010000000707805157,0.5024868845939636,1.0
1859,0.6175509701722387,76.3041779243229,36.879906409373135,100.0,0.010000000707805157,0.6809201836585999,1.0
1860,0.21831151504153593,8.96403923328884,39.576293792226664,100.0,0.010000000707805157,0.041777487844228745,1.0
1861,0.46720427156573907,86.84458438922594,37.7087368387775,100.0,0.010000000707805157,0.5731879472732544,1.0
1862,0.4304723909988275,41.10910263577988,36.36225804248592,100.0,0.010000000707805157,0.2720624804496765,1.0
1863,0.5695816863367789,60.77269202039953,38.162490873182875,100.0,0.010000000707805157,0.501957893371582,1.0
1864,0.4926807524476041,67.53804249658565,38.647337182965295,100.0,0.010000000707805157,0.44799357652664185,1.0
1865,0.32123001614961166,50.513392625617946,37.73758698346058,100.0,0.010000000707805157,0.21771177649497986,1.0
1866,0.4921639995630721,67.45542826775961,38.64549988149151,100.0,0.010000000707805157,0.4474434554576874,1.0
1867,0.3201622601138488,50.453410716939935,37.736013811640895,100.0,0.010000000707805157,0.21716921031475067,1.0
1868,0.4913597350799587,64.37935511343828,37.12371672775789,100.0,0.010000000707805157,0.4480472803115845,1.0
1869,0.5689900818271739,60.56600752063055,38.15444706382851,100.0,0.010000000707805157,0.5014742612838745,1.0
1870,0.4914814652226732,67.3833734228974,38.643743708554545,100.0,0.010000000707805157,0.4467533826828003,1.0
1871,0.5687246621527107,60.605551322482604,38.15790070937212,100.0,0.010000000707805157,0.5011064410209656,1.0
1872,0.31883279781734036,50.3985124204713,37.73293515190279,100.0,0.010000000707805157,0.21654199063777924,1.0
1873,0.616546877498879,75.83691419065445,36.86946464103323,100.0,0.010000000707805157,0.6785364747047424,1.0
1874,0.31820873686968243,50.37925519726953,37.72923341267628,100.0,0.010000000707805157,0.2161734253168106,1.0
1875,0.6161412754217741,75.8196392686475,36.872943317993006,100.0,0.010000000707805157,0.6776175498962402,1.0
1876,0.4276261880671308,40.891673079997474,36.36639712127295,100.0,0.010000000707805157,0.27015843987464905,1.0
1877,0.20816732445468566,8.418080592319484,39.45212243956859,100.0,0.010000000707805157,0.03973091021180153,1.0
1878,0.6159741733914013,75.6883391529824,36.87823354601418,100.0,0.010000000707805157,0.6764640212059021,1.0
1879,0.31661650240961076,50.24150254440298,37.71431660626528,100.0,0.010000000707805157,0.21544000506401062,1.0
1880,0.6171741862421083,80.64764977915303,39.00674158958522,100.0,0.010000000707805157,0.6770020723342896,1.0
1881,0.4892260614195598,64.2455460199221,37.12932890293583,100.0,0.010000000707805157,0.44533324241638184,1.0
1882,0.5666658590053141,57.1583613063878,36.32062566356513,100.0,0.010000000707805157,0.4993685483932495,1.0
1883,0.4261447117657677,40.826067597977485,36.38815357819092,100.0,0.010000000707805157,0.2688097059726715,1.0
1884,0.3154042166121069,50.17088006972808,37.70867025974499,100.0,0.010000000707805157,0.21483352780342102,1.0
1885,0.3147594036303091,50.10282604411421,37.70609181368123,100.0,0.010000000707805157,0.2145051211118698,1.0
1886,0.20241306831725944,8.115634305530225,39.37851028278802,100.0,0.010000000707805157,0.038565728813409805,1.0
1887,0.4894765093311248,66.81731133638634,38.617655658894485,100.0,0.010000000707805157,0.4451911449432373,1.0
1888,0.2004837958800153,8.017634388604261,39.35945699054057,100.0,0.010000000707805157,0.03816719353199005,1.0
1889,0.4623567967217618,85.79307485910077,37.674157738655914,100.0,0.010000000707805157,0.5654944777488708,1.0
1890,0.48879649398443425,66.68742274209627,38.61681852817881,100.0,0.010000000707805157,0.4444359540939331,1.0
1891,0.19822191117835733,7.902906321134733,39.336987599153126,100.0,0.010000000707805157,0.037720032036304474,1.0
1892,0.19669711699510067,7.827983035050969,39.321412849429876,100.0,0.010000000707805157,0.0374014712870121,1.0
1893,0.4883697258001743,66.43885462626966,38.6093756056832,100.0,0.010000000707805157,0.4439581036567688,1.0
1894,0.46128075490372217,85.48666689065348,37.673888128064334,100.0,0.010000000707805157,0.5635380744934082,1.0
1895,0.4236068537485041,40.07198957654008,36.30257393957982,100.0,0.010000000707805157,0.26801589131355286,1.0
1896,0.567169642568512,62.83398279344395,39.868001574270004,100.0,0.010000000707805157,0.4997304379940033,1.0
1897,0.680210641572472,71.59432599650025,37.524896860988676,100.0,0.010000000707805157,0.7302805185317993,1.0
1898,0.4238140595039029,44.833659888258545,39.86563401943807,100.0,0.010000000707805157,0.26779553294181824,1.0
1899,0.4871930731484194,63.44918935606723,37.10640000301221,100.0,0.010000000707805157,0.4429025650024414,1.0
1900,0.5663264979485338,59.75897377360888,38.150164496495314,100.0,0.010000000707805157,0.49829548597335815,1.0
1901,0.1937617320380012,7.660856062083847,39.277896077531985,100.0,0.010000000707805157,0.03681642934679985,1.0
1902,0.48727019135625493,66.40447040799219,38.61741821259188,100.0,0.010000000707805157,0.44264334440231323,1.0
1903,0.5661814489430887,62.96449565036855,39.879764721853995,100.0,0.010000000707805157,0.4978003203868866,1.0
1904,0.543454713089868,80.21975516793974,37.31456533448882,100.0,0.010000000707805157,0.6181011199951172,1.0
1905,0.5432639677215806,82.73869372188337,38.28421232392254,100.0,0.010000000707805157,0.6171694993972778,1.0
1906,0.42233410226166196,40.138227518382784,36.3117746807202,100.0,0.010000000707805157,0.267324298620224,1.0
1907,0.6149163493998079,77.39924994822624,37.958348147898846,100.0,0.010000000707805157,0.6725342273712158,1.0
1908,0.5653325459040581,59.8516550475216,38.158416129109916,100.0,0.010000000707805157,0.4972080588340759,1.0
1909,0.5648484804225511,56.468626678583774,36.29282057925189,100.0,0.010000000707805157,0.4973445534706116,1.0
1910,0.7203325566578754,89.52949576493913,38.42537249943719,100.0,0.010000000707805157,0.9023120403289795,1.0
1911,0.4594581616234804,85.67629592263528,37.695259754041224,100.0,0.010000000707805157,0.5612586736679077,1.0
1912,0.6140055131106521,80.32711794678144,39.02667408376483,100.0,0.010000000707805157,0.670991837978363,1.0
1913,0.5645382392151441,63.48491392771347,39.91111536053963,100.0,0.010000000707805157,0.4955626130104065,1.0
1914,0.5414090069057245,80.68759878517733,37.33996388748436,100.0,0.010000000707805157,0.6159020662307739,1.0
1915,0.677207779027748,75.10455669437665,38.77507734668296,100.0,0.010000000707805157,0.7253247499465942,1.0
1916,0.5638514514534224,60.40691421378455,38.1881016317056,100.0,0.010000000707805157,0.4955727159976959,1.0
1917,0.5637324227438676,60.45657820631991,38.193445626369275,100.0,0.010000000707805157,0.4952946901321411,1.0
1918,0.6579219336900631,94.82643556889587,38.676215129361225,100.0,0.010000000707805157,0.8429070711135864,1.0
1919,0.540492373046971,81.03151668692927,37.35711249260378,100.0,0.010000000707805157,0.6150950789451599,1.0
1920,0.4843703125664911,64.0905148572669,37.148596985533636,100.0,0.010000000707805157,0.440532386302948,1.0
1921,0.48459264990590595,67.20207733353908,38.68238404615651,100.0,0.010000000707805157,0.43897801637649536,1.0
1922,0.3078937289780159,49.97099867796653,37.74823172680302,100.0,0.010000000707805157,0.2105047106742859,1.0
1923,0.5626355053238555,57.019683596839386,36.3114082249822,100.0,0.010000000707805157,0.4963070750236511,1.0
1924,0.7721856367475597,85.56393944402143,38.20385217502829,100.0,0.010000000707805157,0.9528171420097351,1.0
1925,0.1941572782437181,7.601543906350521,39.237737120056,100.0,0.010000000707805157,0.037011321634054184,1.0
1926,0.3074056422124362,49.91037172901925,37.74294928769821,100.0,0.010000000707805157,0.21036657691001892,1.0
1927,0.389339547948102,70.18625990749607,37.72823418030205,100.0,0.010000000707805157,0.3838762938976288,1.0
1928,0.420250801509165,45.347379794888695,39.92217657051251,100.0,0.010000000707805157,0.2645632326602936,1.0
1929,0.48340319373957874,63.83347203061134,37.14663251580202,100.0,0.010000000707805157,0.43925637006759644,1.0
1930,0.4836073121825578,66.97123708761472,38.68061257999853,100.0,0.010000000707805157,0.4379056692123413,1.0
1931,0.5623964729550711,63.782552933731864,39.93922526734817,100.0,0.010000000707805157,0.492361456155777,1.0
1932,0.5621791624433858,60.483438768449915,38.20575819746676,100.0,0.010000000707805157,0.4934402108192444,1.0
1933,0.5902918596018258,96.9664604032319,38.183273445788515,100.0,0.010000000707805157,0.7848091125488281,1.0
1934,0.4193146750266712,45.45910841754702,39.93744967984233,100.0,0.010000000707805157,0.2634969651699066,1.0
1935,0.3051349536325489,49.79154797910782,37.75432489362872,100.0,0.010000000707805157,0.20908959209918976,1.0
1936,0.4825536462874628,67.0049527243086,38.69603905245122,100.0,0.010000000707805157,0.4363335967063904,1.0
1937,0.4826022587687889,63.75499184423427,37.144420968368124,100.0,0.010000000707805157,0.43878239393234253,1.0
1938,0.3041316154932576,49.703433766076515,37.75355674166039,100.0,0.010000000707805157,0.20852579176425934,1.0
1939,0.4181889431339602,45.30309184723241,39.93253637965448,100.0,0.010000000707805157,0.2628442645072937,1.0
1940,0.5387325955118577,80.46699679234071,37.35743410496793,100.0,0.010000000707805157,0.611643373966217,1.0
1941,0.48187665137139196,66.87918625723943,38.69674276167706,100.0,0.010000000707805157,0.4355584979057312,1.0
1942,0.41769832336445356,45.30102889728967,39.93561083807539,100.0,0.010000000707805157,0.26246917247772217,1.0
1943,0.48197324137596875,63.55515463514563,37.13893792127489,100.0,0.010000000707805157,0.4381004571914673,1.0
1944,0.6099806972339907,80.5621586611233,39.0816388194322,100.0,0.010000000707805157,0.6626273989677429,1.0
1945,0.65569905351177,89.89928298614898,37.13610337583438,100.0,0.010000000707805157,0.8413840532302856,1.0
1946,0.5607367042177515,60.453390101550355,38.20682935461437,100.0,0.010000000707805157,0.4921248257160187,1.0
1947,0.5374913963107927,83.25505470320441,38.3659386301608,100.0,0.010000000707805157,0.6072385311126709,1.0
1948,0.5604702773193574,60.523811781267966,38.21036307714986,100.0,0.010000000707805157,0.4918369650840759,1.0
1949,0.5603693071152533,60.57182217153255,38.21585437719987,100.0,0.010000000707805157,0.4915623664855957,1.0
1950,0.6090038992846187,80.93291942661334,39.1042442841038,100.0,0.010000000707805157,0.6607984900474548,1.0
1951,0.5371277042737447,80.782623758834,37.38017729860834,100.0,0.010000000707805157,0.6096117496490479,1.0
1952,0.5599986663880162,57.05470922704822,36.30928611007742,100.0,0.010000000707805157,0.49439966678619385,1.0
1953,0.7142133303013322,88.12078645541128,37.65847402629258,100.0,0.010000000707805157,0.89261794090271,1.0
1954,0.5596635032806567,60.90372681900167,38.24225798111609,100.0,0.010000000707805157,0.4904648959636688,1.0
1955,0.48062077212871107,67.34018216895275,38.7352477322334,100.0,0.010000000707805157,0.43359890580177307,1.0
1956,0.3024453394164902,49.829035760624244,37.78225879693039,100.0,0.010000000707805157,0.20724596083164215,1.0
1957,0.5364279402302217,83.50403780854235,38.387905517167646,100.0,0.010000000707805157,0.6053060293197632,1.0
1958,0.41641771427350865,45.692464358701095,39.97505305437012,100.0,0.010000000707805157,0.26102399826049805,1.0
1959,0.18378848124952776,7.024642090995332,39.08784441446704,100.0,0.010000000707805157,0.03500964492559433,1.0
1960,0.5363035152104543,80.67467210072455,37.38661071589749,100.0,0.010000000707805157,0.607879638671875,1.0
1961,0.5589578264958465,64.21843856029275,39.98786830655253,100.0,0.010000000707805157,0.4868398904800415,1.0
1962,0.5590676497445084,60.76957153754432,38.2391532504238,100.0,0.010000000707805157,0.4896603226661682,1.0
1963,0.30068512730503416,49.68274086154739,37.78556540030483,100.0,0.010000000707805157,0.2063359022140503,1.0
1964,0.18127097860517566,6.896500731712508,39.05552798745067,100.0,0.010000000707805157,0.03450116142630577,1.0
1965,0.6537062458271852,92.3899903003783,37.96649564160461,100.0,0.010000000707805157,0.8334614038467407,1.0
1966,0.5355111750146789,83.29882453482895,38.396410912405905,100.0,0.010000000707805157,0.6032542586326599,1.0
1967,0.2995255732426514,49.61440663853221,37.79064854962686,100.0,0.010000000707805157,0.20557481050491333,1.0
1968,0.45140271527080894,85.51230176845611,37.78051147767289,100.0,0.010000000707805157,0.5481458902359009,1.0
1969,0.47845009704747027,67.03675814247157,38.74814994019564,100.0,0.010000000707805157,0.43069958686828613,1.0
1970,0.4148355031374304,40.38166377909695,36.3117143275965,100.0,0.010000000707805157,0.2637246251106262,1.0
1971,0.4782682413932601,66.97926970908846,38.74780648557716,100.0,0.010000000707805157,0.4304587244987488,1.0
1972,0.47858810378340627,63.55732089604159,37.16239472248001,100.0,0.010000000707805157,0.43439507484436035,1.0
1973,0.17728056741979245,6.695373655893899,39.003405849206395,100.0,0.010000000707805157,0.033733610063791275,1.0
1974,0.5577049207801206,64.00426825666814,39.99090709711957,100.0,0.010000000707805157,0.48501572012901306,1.0
1975,0.29717733735088436,49.3945518990477,37.79169610468472,100.0,0.010000000707805157,0.20425431430339813,1.0
1976,0.6074166566065061,77.80364215217702,38.04430131657663,100.0,0.010000000707805157,0.659797191619873,1.0
1977,0.6072159937958159,77.88328440208188,38.048651345298346,100.0,0.010000000707805157,0.659504771232605,1.0
1978,0.4138777527951414,40.29276760744475,36.312105890403004,100.0,0.010000000707805157,0.2630559504032135,1.0
1979,0.5578253345099679,60.47334114233836,38.235821908996506,100.0,0.010000000707805157,0.48818859457969666,1.0
1980,0.4501259602519843,85.21958930465875,37.786291913109025,100.0,0.010000000707805157,0.545780599117279,1.0
1981,0.41283251680820426,45.4914619790108,39.98635214365231,100.0,0.010000000707805157,0.25842416286468506,1.0
1982,0.5569062865345847,64.1034748669066,40.00424551816807,100.0,0.010000000707805157,0.4834262728691101,1.0
1983,0.4769328039794366,66.9070954085448,38.76476905453178,100.0,0.010000000707805157,0.4283654987812042,1.0
1984,0.2956998283663884,49.334733500691925,37.80277773916298,100.0,0.010000000707805157,0.2033575177192688,1.0
1985,0.4131297638217816,40.15631521143339,36.29351490787795,100.0,0.010000000707805157,0.2628120183944702,1.0
1986,0.6067589161701923,77.75889013336527,38.0551899994162,100.0,0.010000000707805157,0.6581462025642395,1.0
1987,0.2950679561526438,49.26406719320213,37.80041971826841,100.0,0.010000000707805157,0.2030167430639267,1.0
1988,0.4116882716536961,45.4419123867923,39.992708182069414,100.0,0.010000000707805157,0.2573011517524719,1.0
1989,0.41147751054261117,45.432607576682926,39.99411397661793,100.0,0.010000000707805157,0.2570331394672394,1.0
1990,0.5560886257371422,64.04174841850208,40.0121167427834,100.0,0.010000000707805157,0.4814227223396301,1.0
1991,0.4773004851892034,63.16179010532218,37.159051286770264,100.0,0.010000000707805157,0.43300682306289673,1.0
1992,0.5558588900799546,64.10478516683783,40.01788445529847,100.0,0.010000000707805157,0.48081839084625244,1.0
1993,0.29394705787067543,49.15253261474135,37.80390013647362,100.0,0.010000000707805157,0.20254841446876526,1.0
1994,0.37913779323683594,69.24003095303146,37.79720544702659,100.0,0.010000000707805157,0.3727288246154785,1.0
1995,0.5568253500199163,60.25651185974854,38.23505506530935,100.0,0.010000000707805157,0.4865427315235138,1.0
1996,0.555437594524941,64.10367252780179,40.02312603478565,100.0,0.010000000707805157,0.4798910915851593,1.0
1997,0.555202836738562,64.189547800075,40.030089878194424,100.0,0.010000000707805157,0.4791233539581299,1.0
1998,0.47521877527187656,66.79043148525213,38.789187432703415,100.0,0.010000000707805157,0.4253852069377899,1.0
1999,0.6060311643508779,77.7324489932635,38.07050182359314,100.0,0.010000000707805157,0.6560862064361572,1.0
2000,0.4749809658619441,66.85282930751904,38.796332907368196,100.0,0.010000000707805157,0.4249599277973175,1.0
2001,0.16791373593157566,6.201965499195058,38.87483505533645,100.0,0.010000000707805157,0.03186411410570145,1.0
2002,0.5563080733350646,60.37994938296593,38.24805843405599,100.0,0.010000000707805157,0.485374391078949,1.0
2003,0.409501736506363,45.60635761727969,40.02900034477471,100.0,0.010000000707805157,0.25431227684020996,1.0
2004,0.4746212381115125,66.74530894231346,38.79821202963806,100.0,0.010000000707805157,0.4243052005767822,1.0
2005,0.4765044829053024,62.99729537680142,37.15853712843125,100.0,0.010000000707805157,0.4324723482131958,1.0
2006,0.5560620313999515,60.38897353268619,38.25471277488671,100.0,0.010000000707805157,0.4847920536994934,1.0
2007,0.40904191602598566,45.62493614934886,40.03531663277988,100.0,0.010000000707805157,0.2537785768508911,1.0
2008,0.5559695257317566,60.41270323241686,38.26072443192838,100.0,0.010000000707805157,0.48438209295272827,1.0
2009,0.4742712368965652,66.75541159539465,38.80573162825912,100.0,0.010000000707805157,0.423639178276062,1.0
2010,0.5558154709370612,60.45996422740953,38.265853002793165,100.0,0.010000000707805157,0.4840378165245056,1.0
2011,0.47409510659242315,66.78689534425591,38.8109466043292,100.0,0.010000000707805157,0.4232823848724365,1.0
2012,0.4109739360709642,39.98121544724323,36.275826668690364,100.0,0.010000000707805157,0.2617981433868408,1.0
2013,0.47395356751641105,66.73700890651618,38.81101441561664,100.0,0.010000000707805157,0.4230607748031616,1.0
2014,0.5332535568598572,79.62028391431234,37.404404206597206,100.0,0.010000000707805157,0.6019576191902161,1.0
2015,0.16331041028623625,5.964739363191178,38.8031111411182,100.0,0.010000000707805157,0.03094739466905594,1.0
2016,0.7131218589115625,87.16599890225375,37.68403813588512,100.0,0.010000000707805157,0.8845787644386292,1.0
2017,0.41032944324061665,39.99496499479553,36.29294442780915,100.0,0.010000000707805157,0.2610847055912018,1.0
2018,0.47365480420999356,66.70187214888118,38.81353962308999,100.0,0.010000000707805157,0.4226698577404022,1.0
2019,0.162076801123639,5.9014918120771584,38.78090852435042,100.0,0.010000000707805157,0.030705466866493225,1.0
2020,0.40761560806649483,45.597602520650966,40.048092048141385,100.0,0.010000000707805157,0.25236427783966064,1.0
2021,0.1604193445575732,5.82533184045142,38.76119661138456,100.0,0.010000000707805157,0.03036263957619667,1.0
2022,0.5553425487955118,60.23831073384256,38.275901760507324,100.0,0.010000000707805157,0.4826354682445526,1.0
2023,0.5552662934130788,60.289629906143105,38.28184044426384,100.0,0.010000000707805157,0.48236632347106934,1.0
2024,0.28905506696311645,48.68449987796759,37.811408618819726,100.0,0.010000000707805157,0.20011866092681885,1.0
2025,0.47532178190003116,62.61882415886556,37.16682315281773,100.0,0.010000000707805157,0.43035537004470825,1.0
2026,0.4730981629461293,66.4327878857304,38.81130427231953,100.0,0.010000000707805157,0.4217248558998108,1.0
2027,0.7144863716705654,84.0276093042245,36.7615773441584,100.0,0.010000000707805157,0.8913583755493164,1.0
2028,0.553166871111452,64.34043153347673,40.07107198912481,100.0,0.010000000707805157,0.47381460666656494,1.0
2029,0.6677548089735333,78.94806025062046,40.087678773989495,100.0,0.010000000707805157,0.6948643326759338,1.0
2030,0.28876179703567884,48.75830973318512,37.82375721361713,100.0,0.010000000707805157,0.19988074898719788,1.0
2031,0.4091160953569102,39.9045022532398,36.30731352616144,100.0,0.010000000707805157,0.2599685788154602,1.0
2032,0.5306344017973754,82.42015299144397,38.47060743995378,100.0,0.010000000707805157,0.5908560156822205,1.0
2033,0.4063660456587658,45.71936419669152,40.073048318479046,100.0,0.010000000707805157,0.2507435381412506,1.0
2034,0.5524099018121021,64.51956453809491,40.09156896881992,100.0,0.010000000707805157,0.4714279770851135,1.0
2035,0.7693724791824985,82.64849888962057,37.33464046267812,100.0,0.010000000707805157,0.9416584968566895,1.0
2036,0.15827137816183284,5.693494247564606,38.710120870410954,100.0,0.010000000707805157,0.029954634606838226,1.0
2037,0.47453566580376827,62.78513444345366,37.1892003412519,100.0,0.010000000707805157,0.4292513132095337,1.0
2038,0.15687121292551984,5.62997064998992,38.69061859998025,100.0,0.010000000707805157,0.029673557728528976,1.0
2039,0.606174994373757,74.19014776477123,36.928594775377384,100.0,0.010000000707805157,0.658821702003479,1.0
2040,0.5557092102104128,56.302578854939505,36.33348702043018,100.0,0.010000000707805157,0.4880712032318115,1.0
2041,0.552455430666973,64.5832639333649,40.097602612895635,100.0,0.010000000707805157,0.4713805317878723,1.0
2042,0.6701446375977561,72.58895217925051,37.70703266955731,100.0,0.010000000707805157,0.7083001136779785,1.0
2043,0.5319678539124345,79.43436014610909,37.431833518921195,100.0,0.010000000707805157,0.5981360673904419,1.0
2044,0.6671663907094662,79.37008344642382,40.1192912079413,100.0,0.010000000707805157,0.6916395425796509,1.0
2045,0.4080066118245534,40.19791187633279,36.3857564468178,100.0,0.010000000707805157,0.25824540853500366,1.0
2046,0.5537114723351364,60.884860784020695,38.36253532974622,100.0,0.010000000707805157,0.47814905643463135,1.0
2047,0.4720798710041914,66.83075029476936,38.85663821561465,100.0,0.010000000707805157,0.4193362593650818,1.0
2048,0.37509420805376825,68.70604184320966,37.82676920846684,100.0,0.010000000707805157,0.36893999576568604,1.0
2049,0.28689587206349676,48.64754457303669,37.830276733169086,100.0,0.010000000707805157,0.19884447753429413,1.0
2050,0.47352947538853063,62.81104374226434,37.21162777461531,100.0,0.010000000707805157,0.42735910415649414,1.0
2051,0.47340190859834613,62.798602732834524,37.213413523160625,100.0,0.010000000707805157,0.42708680033683777,1.0
2052,0.40515253660146616,45.88505021122923,40.102896675808154,100.0,0.010000000707805157,0.24928466975688934,1.0
2053,0.47150455866049196,66.64102879797227,38.857124919165706,100.0,0.010000000707805157,0.41848552227020264,1.0
2054,0.6706406319125975,69.11810258948852,36.36994424334179,100.0,0.010000000707805157,0.715003490447998,1.0
2055,0.603638402097214,77.76928090924383,38.159333481782404,100.0,0.010000000707805157,0.6467097997665405,1.0
2056,0.6667789861649241,79.55680516371817,40.13939054704411,100.0,0.010000000707805157,0.6894398331642151,1.0
2057,0.40495447629862114,46.10351260631778,40.12591656153529,100.0,0.010000000707805157,0.24853280186653137,1.0
2058,0.6046553092300246,74.60840735598401,36.982855801767414,100.0,0.010000000707805157,0.6547979116439819,1.0
2059,0.5308261466346911,79.51490666278521,37.45513302703519,100.0,0.010000000707805157,0.5955709218978882,1.0
2060,0.28588712964917135,48.63668951594537,37.83901266205965,100.0,0.010000000707805157,0.19810380041599274,1.0
2061,0.529235361664223,82.56689595049214,38.51022436048557,100.0,0.010000000707805157,0.5868493318557739,1.0
2062,0.5538763521311126,56.71663812428326,36.40656949568536,100.0,0.010000000707805157,0.4845348298549652,1.0
2063,0.6039084477319915,74.65766626927353,36.99877407403022,100.0,0.010000000707805157,0.6528050303459167,1.0
2064,0.4710531693404985,66.85699170430179,38.8784356041026,100.0,0.010000000707805157,0.4175318479537964,1.0
2065,0.4709173912443253,66.85774522054828,38.881527366211664,100.0,0.010000000707805157,0.4172578752040863,1.0
2066,0.2849930250327212,48.59332324118791,37.84515461137964,100.0,0.010000000707805157,0.19740226864814758,1.0
2067,0.47066991356093174,66.78430955671783,38.88273243651752,100.0,0.010000000707805157,0.41684237122535706,1.0
2068,0.601502514831119,81.12250331857523,39.285455273422016,100.0,0.010000000707805157,0.6362910866737366,1.0
2069,0.5508758650048815,65.15947241755039,40.159041801495796,100.0,0.010000000707805157,0.466879665851593,1.0
2070,0.40583468149699825,40.25100669678722,36.419837410514035,100.0,0.010000000707805157,0.256329745054245,1.0
2071,0.4702976835242487,66.86089072219893,38.8973224481471,100.0,0.010000000707805157,0.4158785939216614,1.0
2072,0.529763087099792,79.38253261983454,37.467014832139085,100.0,0.010000000707805157,0.5932488441467285,1.0
2073,0.47161562744605623,62.88499983616131,37.2456746523306,100.0,0.010000000707805157,0.4242725372314453,1.0
2074,0.4714997641162258,62.8703862353069,37.2475290528265,100.0,0.010000000707805157,0.42400288581848145,1.0
2075,0.7093876079359386,90.60888191242952,38.68211110555471,100.0,0.010000000707805157,0.86250901222229,1.0
2076,0.46995225838343124,66.93659234441678,38.90859617237754,100.0,0.010000000707805157,0.41521936655044556,1.0
2077,0.6669129525123557,76.69738084946465,39.03480316428797,100.0,0.010000000707805157,0.6931979656219482,1.0
2078,0.6655311358551353,80.21684636291404,40.1952848252139,100.0,0.010000000707805157,0.6836254596710205,1.0
2079,0.6665745902346603,77.0243883505581,39.053568048182335,100.0,0.010000000707805157,0.6916192173957825,1.0
2080,0.4696942174662842,67.25005040164002,38.93683400241339,100.0,0.010000000707805157,0.41407421231269836,1.0
2081,0.7095936589305387,88.28070822894827,37.83041368388497,100.0,0.010000000707805157,0.8691501021385193,1.0
2082,0.6681906403546044,70.14654802079997,36.459511170954784,100.0,0.010000000707805157,0.7099719643592834,1.0
2083,0.40365622395905165,46.67029634068097,40.19960687177529,100.0,0.010000000707805157,0.24606113135814667,1.0
2084,0.5276743181028863,83.11147724943199,38.57280710154639,100.0,0.010000000707805157,0.5821269750595093,1.0
2085,0.4050555712267359,40.65803567149134,36.48460643596248,100.0,0.010000000707805157,0.25522905588150024,1.0
2086,0.1505714093703844,5.248546883765094,38.52628524324292,100.0,0.010000000707805157,0.028554584830999374,1.0
2087,0.4426734056960008,84.1364261700314,37.88088904997662,100.0,0.010000000707805157,0.5323324203491211,1.0
2088,0.40298543168133705,46.547241085010995,40.198174688208034,100.0,0.010000000707805157,0.24556522071361542,1.0
2089,0.551288846386737,61.54660357269816,38.461242782158656,100.0,0.010000000707805157,0.47221046686172485,1.0
2090,0.5512696308404632,61.58754362328115,38.46719241063551,100.0,0.010000000707805157,0.471958726644516,1.0
2091,0.40279287559772436,46.597040368349795,40.20704487512086,100.0,0.010000000707805157,0.24507322907447815,1.0
2092,0.3711430551871285,68.56949447449497,37.88207743339281,100.0,0.010000000707805157,0.3635959327220917,1.0
2093,0.4024962424323447,46.54848572003513,40.207125019532874,100.0,0.010000000707805157,0.244808167219162,1.0
2094,0.40235204144327946,46.542801731964715,40.209202836413226,100.0,0.010000000707805157,0.24456574022769928,1.0
2095,0.5512036541017709,61.487725077323056,38.46952163167285,100.0,0.010000000707805157,0.4713933765888214,1.0
2096,0.40219027376332805,46.56621343969644,40.21476502839009,100.0,0.010000000707805157,0.2442019283771515,1.0
2097,0.6687585936595547,69.80265215831712,36.470407107329166,100.0,0.010000000707805157,0.70867919921875,1.0
2098,0.4022343601214119,46.595728061067085,40.217607991134265,100.0,0.010000000707805157,0.24419422447681427,1.0
2099,0.6027915040055508,74.79677677524518,37.051771019685056,100.0,0.010000000707805157,0.64850914478302,1.0
2100,0.5496908267460653,65.83652117951286,40.23656465007076,100.0,0.010000000707805157,0.4608376622200012,1.0
2101,0.6675294298195369,73.76924524046929,37.87159938034027,100.0,0.010000000707805157,0.6964756846427917,1.0
2102,0.28183533725339366,48.478369906647394,37.88079863067404,100.0,0.010000000707805157,0.19544826447963715,1.0
2103,0.40382588016225557,40.54432252690893,36.53100902129277,100.0,0.010000000707805157,0.253357857465744,1.0
2104,0.40372064061757823,40.52731911887951,36.53908581688219,100.0,0.010000000707805157,0.2531028687953949,1.0
2105,0.2811854359609248,48.342284965645405,37.87231571164187,100.0,0.010000000707805157,0.19512370228767395,1.0
2106,0.47023427986378946,62.86401109127327,37.29940575412514,100.0,0.010000000707805157,0.4207080900669098,1.0
2107,0.46873655250642304,66.94339145298161,38.95603711746905,100.0,0.010000000707805157,0.4115256071090698,1.0
2108,0.40331089959013094,40.41903234467509,36.53931756245028,100.0,0.010000000707805157,0.25265055894851685,1.0
2109,0.4015337393105771,46.50158216129908,40.22252093361137,100.0,0.010000000707805157,0.24346166849136353,1.0
2110,0.7092683670095481,90.94957745609645,38.76034002511896,100.0,0.010000000707805157,0.853921115398407,1.0
2111,0.36998933651407245,68.16045412677973,37.87673612242667,100.0,0.010000000707805157,0.3623766303062439,1.0
2112,0.2799954864103851,48.22295441023412,37.87768921577172,100.0,0.010000000707805157,0.1942777782678604,1.0
2113,0.2796701208825065,48.171512370840496,37.87682960352086,100.0,0.010000000707805157,0.19406023621559143,1.0
2114,0.27934865752954086,48.120519989395966,37.87598855893935,100.0,0.010000000707805157,0.19384349882602692,1.0
2115,0.46962898255050817,62.556266234195654,37.29427123350945,100.0,0.010000000707805157,0.41965293884277344,1.0
2116,0.4695280905418062,62.54234606743357,37.296343823943154,100.0,0.010000000707805157,0.4193865954875946,1.0
2117,0.2787340253900313,48.034421200499466,37.87407881811213,100.0,0.010000000707805157,0.1933797150850296,1.0
2118,0.2784236850351774,47.98458076835643,37.873299834634686,100.0,0.010000000707805157,0.1931660771369934,1.0
2119,0.469288439561167,62.37443515046235,37.292468627934156,100.0,0.010000000707805157,0.4188765287399292,1.0
2120,0.40212516527884673,40.074864835805755,36.52366586238926,100.0,0.010000000707805157,0.2515791356563568,1.0
2121,0.40204069638101175,40.062611555114195,36.532099274824134,100.0,0.010000000707805157,0.25133275985717773,1.0
2122,0.6015930192441403,77.54292820592883,38.262405814022586,100.0,0.010000000707805157,0.6356240510940552,1.0
2123,0.46781377635185506,66.46780557016899,38.95498332647583,100.0,0.010000000707805157,0.40984752774238586,1.0
2124,0.40028632472645287,46.2388769685707,40.22001942851183,100.0,0.010000000707805157,0.24258571863174438,1.0
2125,0.4676407305109046,66.45020023033864,38.959848671527034,100.0,0.010000000707805157,0.40938320755958557,1.0
2126,0.13551217423485792,4.5568126456675815,38.27926287387884,100.0,0.010000000707805157,0.025591157376766205,1.0
2127,0.6670612550114079,76.53456978789582,39.1195709323823,100.0,0.010000000707805157,0.6848243474960327,1.0
2128,0.5793620052181065,94.89212770457384,38.40747147213083,100.0,0.010000000707805157,0.7433921098709106,1.0
2129,0.4687837891003524,62.28035479946099,37.30042333766854,100.0,0.010000000707805157,0.4178640842437744,1.0
2130,0.648881133495955,88.17239863513232,37.30662658452383,100.0,0.010000000707805157,0.8103262782096863,1.0
2131,0.5491154712366979,65.47426606298781,40.251605767045874,100.0,0.010000000707805157,0.4586401581764221,1.0
2132,0.5271201699968645,78.61451475790827,37.522656756455014,100.0,0.010000000707805157,0.5839203000068665,1.0
2133,0.46834136224740514,62.36861765281109,37.3136656251256,100.0,0.010000000707805157,0.41694405674934387,1.0
2134,0.600879205316146,77.70254447520134,38.28774545140796,100.0,0.010000000707805157,0.6333399415016174,1.0
2135,0.4681685531629699,62.40006609452418,37.31996086550938,100.0,0.010000000707805157,0.4165186285972595,1.0
2136,0.3997562511885286,46.3809849340737,40.24485388727863,100.0,0.010000000707805157,0.24175694584846497,1.0
2137,0.4681056570461903,62.346403190301466,37.320515898313474,100.0,0.010000000707805157,0.4163017272949219,1.0
2138,0.5490238749648002,65.53412565566661,40.26199998476859,100.0,0.010000000707805157,0.45806699991226196,1.0
2139,0.3995343202674264,46.41925599302707,40.25402375189059,100.0,0.010000000707805157,0.2412203699350357,1.0
2140,0.3994237346983844,46.41754394345351,40.25646284855585,100.0,0.010000000707805157,0.24098987877368927,1.0
2141,0.40091972137403387,40.09183358279149,36.55696219710995,100.0,0.010000000707805157,0.2501159608364105,1.0
2142,0.5501264489081469,61.22857635119105,38.55120709970164,100.0,0.010000000707805157,0.46580082178115845,1.0
2143,0.5510892370978847,56.652281496743484,36.57410968777616,100.0,0.010000000707805157,0.47462350130081177,1.0
2144,0.5501289478732121,61.30846119979281,38.56574617333849,100.0,0.010000000707805157,0.4652850031852722,1.0
2145,0.2756144991905919,47.72767758716026,37.88606811609783,100.0,0.010000000707805157,0.19116631150245667,1.0
2146,0.36648732401350037,67.38076099116257,37.88808028453687,100.0,0.010000000707805157,0.35726243257522583,1.0
2147,0.5509275278974035,56.61158375526494,36.58892378497057,100.0,0.010000000707805157,0.4737301468849182,1.0
2148,0.27507985135478064,47.64672028592432,37.884688329476,100.0,0.010000000707805157,0.1907355636358261,1.0
2149,0.5257197999583682,81.69168289550225,38.6091421721571,100.0,0.010000000707805157,0.5729749202728271,1.0
2150,0.2746182050188763,47.61127400264362,37.889990242428375,100.0,0.010000000707805157,0.19032399356365204,1.0
2151,0.40017320094351244,39.99990358369943,36.5882287575522,100.0,0.010000000707805157,0.24879975616931915,1.0
2152,0.6659630418991834,80.2032012053341,40.28101580855991,100.0,0.010000000707805157,0.6731206774711609,1.0
2153,0.5499564929240661,61.21153419158689,38.573715588428854,100.0,0.010000000707805157,0.46445348858833313,1.0
2154,0.4001866924891575,40.07740997712131,36.603391678890254,100.0,0.010000000707805157,0.2486424446105957,1.0
2155,0.4676361658953183,62.100776500671394,37.33981359655684,100.0,0.010000000707805157,0.41435933113098145,1.0
2156,0.54996287041124,61.21770968898383,38.58470624838421,100.0,0.010000000707805157,0.4639676511287689,1.0
2157,0.550755272957148,56.64759595073625,36.628259333365186,100.0,0.010000000707805157,0.47199946641921997,1.0
2158,0.4675402085572431,62.14205186461927,37.35256911996176,100.0,0.010000000707805157,0.4136725962162018,1.0
2159,0.6680492518272032,69.52430257771532,36.662484271811906,100.0,0.010000000707805157,0.6944453716278076,1.0
2160,0.7101834386212781,87.53476578880681,37.9734129271069,100.0,0.010000000707805157,0.852240800857544,1.0
2161,0.46733807747863987,62.325365990756765,37.376305710460784,100.0,0.010000000707805157,0.41265225410461426,1.0
2162,0.5492954918254243,65.71146326551543,40.29299508094278,100.0,0.010000000707805157,0.45633864402770996,1.0
2163,0.5257610791955547,81.80101667852365,38.624578884985674,100.0,0.010000000707805157,0.5718746781349182,1.0
2164,0.46716867740124085,62.32747884738347,37.37830923584055,100.0,0.010000000707805157,0.4124602973461151,1.0
2165,0.5255599763231829,81.79350001317242,38.629447692152304,100.0,0.010000000707805157,0.5712802410125732,1.0
2166,0.6668466795757634,77.22465368118645,39.22138112992387,100.0,0.010000000707805157,0.6780404448509216,1.0
2167,0.666156148150315,80.86139605386222,40.32552713758808,100.0,0.010000000707805157,0.6702325344085693,1.0
2168,0.4663200479349403,66.71522232753448,39.03879729294508,100.0,0.010000000707805157,0.4044671058654785,1.0
2169,0.4669902937545943,62.43502837979976,37.3861637312998,100.0,0.010000000707805157,0.4123419523239136,1.0
2170,0.5496223813716481,61.75269269595675,38.64898222803257,100.0,0.010000000707805157,0.46144846081733704,1.0
2171,0.3994599366602082,40.475951980590104,36.71452891777453,100.0,0.010000000707805157,0.246585413813591,1.0
2172,0.12765383159216853,4.158674843609239,38.086578431505956,100.0,0.010000000707805157,0.024134444072842598,1.0
2173,0.3984502641614976,46.68108900944639,40.31512193373287,100.0,0.010000000707805157,0.23858550190925598,1.0
2174,0.3993404263018312,40.36355483406635,36.71575190394168,100.0,0.010000000707805157,0.2462731897830963,1.0
2175,0.5497731518601997,61.62945652363389,38.659265103460505,100.0,0.010000000707805157,0.46074992418289185,1.0
2176,0.3983329343335176,46.68093238492402,40.319610695999,100.0,0.010000000707805157,0.2382470965385437,1.0
2177,0.5498115742374421,61.65243434201744,38.66632855543776,100.0,0.010000000707805157,0.4603813886642456,1.0
2178,0.6677517379460786,73.76813016017249,38.066343618495914,100.0,0.010000000707805157,0.6825164556503296,1.0
2179,0.5255200277143288,81.83053226081184,38.65258735590903,100.0,0.010000000707805157,0.5695441365242004,1.0
2180,0.5489544075401502,66.16358755298991,40.349753034477565,100.0,0.010000000707805157,0.45195654034614563,1.0
2181,0.36477159393439157,67.13650787924828,37.90925888963036,100.0,0.010000000707805157,0.35474637150764465,1.0
2182,0.3991331140813963,40.41578085941941,36.73928546134797,100.0,0.010000000707805157,0.24571950733661652,1.0
2183,0.525952067804456,78.28387980765149,37.58799227119051,100.0,0.010000000707805157,0.5765183568000793,1.0
2184,0.6477043068967732,91.27631545717405,38.265351696388294,100.0,0.010000000707805157,0.7904719114303589,1.0
2185,0.4372224241271413,82.23559960770163,37.92078780894533,100.0,0.010000000707805157,0.5188758373260498,1.0
2186,0.12431878093101399,4.005724425970401,38.020204101979104,100.0,0.010000000707805157,0.023503318428993225,1.0
2187,0.2716657353439578,47.38524084737911,37.91574553598828,100.0,0.010000000707805157,0.18802867829799652,1.0
2188,0.5487811556536243,66.01766196584359,40.35170213298119,100.0,0.010000000707805157,0.45160603523254395,1.0
2189,0.6009860184338506,74.0670166089622,37.20321569399002,100.0,0.010000000707805157,0.6324810981750488,1.0
2190,0.7090577184855281,93.98177488296831,39.70589027813061,100.0,0.010000000707805157,0.830538809299469,1.0
2191,0.46549306154246534,66.63504389761711,39.07886270869935,100.0,0.010000000707805157,0.40134507417678833,1.0
2192,0.3633380384544351,67.02198422362599,37.933175359135014,100.0,0.010000000707805157,0.3522311747074127,1.0
2193,0.5485904450198871,66.24478100123794,40.375282410411565,100.0,0.010000000707805157,0.4500315189361572,1.0
2194,0.46610597748666704,62.178967663415314,37.41007546603565,100.0,0.010000000707805157,0.4098030924797058,1.0
2195,0.4660388367834078,62.16410821368414,37.41250845073028,100.0,0.010000000707805157,0.40954720973968506,1.0
2196,0.6007065387344122,74.12275430216751,37.21320973926119,100.0,0.010000000707805157,0.6315568685531616,1.0
2197,0.5487049758788346,66.28575388621219,40.38057577048281,100.0,0.010000000707805157,0.4499380588531494,1.0
2198,0.6006768782905453,74.2045468158154,37.22314800659527,100.0,0.010000000707805157,0.631077229976654,1.0
2199,0.36285399201602553,66.97650479192922,37.939893064895855,100.0,0.010000000707805157,0.35128867626190186,1.0
2200,0.6004850401820783,74.19619621849947,37.229963314950524,100.0,0.010000000707805157,0.6302490830421448,1.0
2201,0.6001747503954319,77.96501053091478,38.42957001004789,100.0,0.010000000707805157,0.6217570900917053,1.0
2202,0.6673622828348381,74.06175455451996,38.11943170193344,100.0,0.010000000707805157,0.678830623626709,1.0
2203,0.5998004145484221,81.67180628751582,39.52175484545415,100.0,0.010000000707805157,0.6137505173683167,1.0
2204,0.5488485154931569,66.55477356081656,40.403779280719355,100.0,0.010000000707805157,0.4490285813808441,1.0
2205,0.3975352030839868,47.10803954769039,40.39698847086983,100.0,0.010000000707805157,0.23560075461864471,1.0
2206,0.5996475550552542,81.80820818558179,39.5396897898509,100.0,0.010000000707805157,0.6120814085006714,1.0
2207,0.46506536730300424,66.85183611737878,39.12423779771857,100.0,0.010000000707805157,0.3989208936691284,1.0
2208,0.5245242631208862,78.35447945579767,37.633772074893216,100.0,0.010000000707805157,0.5719013810157776,1.0
2209,0.5243712320110416,78.34999013698891,37.63658645264855,100.0,0.010000000707805157,0.5714161396026611,1.0
2210,0.5492595155606461,62.1697684110466,38.74941136919197,100.0,0.010000000707805157,0.45633745193481445,1.0
2211,0.549571106776254,57.385990471309306,36.8040677729365,100.0,0.010000000707805157,0.46494877338409424,1.0
2212,0.3978994374068716,40.64468902454182,36.821826480561235,100.0,0.010000000707805157,0.24344025552272797,1.0
2213,0.5495835957813551,57.4373553730562,36.83536163322992,100.0,0.010000000707805157,0.4638277292251587,1.0
2214,0.549450312356011,62.23764273443706,38.77548914624897,100.0,0.010000000707805157,0.45544612407684326,1.0
2215,0.1198967069203765,3.7857207512045976,37.90455486584491,100.0,0.010000000707805157,0.022695211693644524,1.0
2216,0.6000010893679967,81.7566066447281,39.54905992880957,100.0,0.010000000707805157,0.6113910675048828,1.0
2217,0.6675089730312641,78.1853273810597,39.36680291680896,100.0,0.010000000707805157,0.6674537658691406,1.0
2218,0.5490302524497052,66.85114081739597,40.443165463351825,100.0,0.010000000707805157,0.44640302658081055,1.0
2219,0.39730790515873043,47.31153954572595,40.43664104915052,100.0,0.010000000707805157,0.23406541347503662,1.0
2220,0.3979429589563508,40.68873650664719,36.85383985381037,100.0,0.010000000707805157,0.2428484857082367,1.0
2221,0.39721278548642214,47.28164190686727,40.43757550834685,100.0,0.010000000707805157,0.2338533252477646,1.0
2222,0.3979121144589826,40.64779878822941,36.85934696737763,100.0,0.010000000707805157,0.24263261258602142,1.0
2223,0.5501076530479815,57.449493031890334,36.87355227699458,100.0,0.010000000707805157,0.46267998218536377,1.0
2224,0.6007572356702054,78.21421979495037,38.49357021031849,100.0,0.010000000707805157,0.6176967024803162,1.0
2225,0.3618843477049781,66.75243961298729,37.95345519335976,100.0,0.010000000707805157,0.34971505403518677,1.0
2226,0.5497320326753011,62.30924751326487,38.81267859655652,100.0,0.010000000707805157,0.45358726382255554,1.0
2227,0.11712616180050439,3.661265837495569,37.847645758451556,100.0,0.010000000707805157,0.02214864082634449,1.0
2228,0.3970268565329698,47.21634128251186,40.440916395419364,100.0,0.010000000707805157,0.2334466278553009,1.0
2229,0.46501898474824804,66.66532444639917,39.14670225598972,100.0,0.010000000707805157,0.3969622850418091,1.0
2230,0.46559630908275174,62.10829675689044,37.48421655641245,100.0,0.010000000707805157,0.4054306745529175,1.0
2231,0.524742379886133,77.9573883457881,37.657275824159996,100.0,0.010000000707805157,0.5689119100570679,1.0
2232,0.26810727063774686,47.05038794846288,37.953039484656856,100.0,0.010000000707805157,0.18506573140621185,1.0
2233,0.6675777816959914,81.80773326515384,40.465614997879705,100.0,0.010000000707805157,0.6565748453140259,1.0
2234,0.39754457129845433,40.554908710503966,36.883582122834575,100.0,0.010000000707805157,0.2416325807571411,1.0
2235,0.4654490213310915,62.04604952262176,37.49059589280286,100.0,0.010000000707805157,0.40479353070259094,1.0
2236,0.6478317285460475,91.1679010920541,38.36284449737592,100.0,0.010000000707805157,0.7796227335929871,1.0
2237,0.3967615060236918,47.248414135557844,40.45790931194674,100.0,0.010000000707805157,0.23268435895442963,1.0
2238,0.39669472401588873,47.248932200367065,40.460796907768916,100.0,0.010000000707805157,0.23247073590755463,1.0
2239,0.5240054304465057,81.56472742964895,38.75865945521906,100.0,0.010000000707805157,0.5588717460632324,1.0
2240,0.3973584546181431,40.50691872279769,36.88683035460845,100.0,0.010000000707805157,0.2412974089384079,1.0
2241,0.7109761875327045,91.30232146577374,39.02177870295829,100.0,0.010000000707805157,0.8264416456222534,1.0
2242,0.3973664266157702,40.565395474956695,36.90262038855239,100.0,0.010000000707805157,0.24107122421264648,1.0
2243,0.6012196822164201,74.14227545440347,37.327837743916945,100.0,0.010000000707805157,0.6236280202865601,1.0
2244,0.36047176205434467,66.39514245208693,37.968091935185285,100.0,0.010000000707805157,0.3472309112548828,1.0
2245,0.3965828420571369,47.264731860845615,40.471220291279316,100.0,0.010000000707805157,0.23206448554992676,1.0
2246,0.5499485542318728,62.24921976156543,38.85215485399017,100.0,0.010000000707805157,0.4513191878795624,1.0
2247,0.6009616526335083,78.00957586064202,38.53207062138704,100.0,0.010000000707805157,0.6141149401664734,1.0
2248,0.5494131805836947,66.96471217458466,40.49601580752638,100.0,0.010000000707805157,0.44229063391685486,1.0
2249,0.4652038259827288,62.003879386551574,37.51487120143082,100.0,0.010000000707805157,0.4032433331012726,1.0
2250,0.2666148992442639,46.88745929058722,37.97032552209117,100.0,0.010000000707805157,0.1837661862373352,1.0
2251,0.6012879447342209,74.05784990107772,37.34175273729052,100.0,0.010000000707805157,0.6223161816596985,1.0
2252,0.6012357842456306,74.11873706145238,37.35314622211071,100.0,0.010000000707805157,0.6215953826904297,1.0
2253,0.6689413142508992,78.38833740123128,39.455511713804185,100.0,0.010000000707805157,0.6611417531967163,1.0
2254,0.1114987205179873,3.411622271393658,37.719925065262764,100.0,0.010000000707805157,0.021084360778331757,1.0
2255,0.5501960495968904,62.38556546138692,38.88847621458306,100.0,0.010000000707805157,0.4498918056488037,1.0
2256,0.550485438950961,57.498242723141374,36.99207051395272,100.0,0.010000000707805157,0.45777443051338196,1.0
2257,0.39666010398373897,47.37520612275785,40.49508954183343,100.0,0.010000000707805157,0.23126161098480225,1.0
2258,0.6687878007852236,82.22663536869814,40.52043997059801,100.0,0.010000000707805157,0.6520087718963623,1.0
2259,0.26625377660958877,46.8233627136808,37.969167797269776,100.0,0.010000000707805157,0.18353354930877686,1.0
2260,0.6693635307988081,78.54029908847767,39.482248986295026,100.0,0.010000000707805157,0.6591198444366455,1.0
2261,0.5241488663152151,81.55227725795028,38.79320984681359,100.0,0.010000000707805157,0.5560110807418823,1.0
2262,0.46521268339485106,62.0009263961992,37.544604725374,100.0,0.010000000707805157,0.40172791481018066,1.0
2263,0.5504316648555343,62.546746397316916,38.91856870280811,100.0,0.010000000707805157,0.4486008882522583,1.0
2264,0.46522126144026565,61.99862115984378,37.550851888981335,100.0,0.010000000707805157,0.40138834714889526,1.0
2265,0.6014897422740528,78.16180092516296,38.58165466889016,100.0,0.010000000707805157,0.6109346747398376,1.0
2266,0.5507665962377943,57.622403297600606,37.03000043449365,100.0,0.010000000707805157,0.4565959572792053,1.0
2267,0.5507986070949461,57.68807396010558,37.05251444675236,100.0,0.010000000707805157,0.45587971806526184,1.0
2268,0.6017118293620457,78.23630252187775,38.59444290137843,100.0,0.010000000707805157,0.610310435295105,1.0
2269,0.39674711567691984,47.5696009056317,40.529607662322505,100.0,0.010000000707805157,0.2301836758852005,1.0
2270,0.6699646861398465,78.7994749064019,39.52034614369656,100.0,0.010000000707805157,0.657089114189148,1.0
2271,0.265682294986817,46.76369342518012,37.97508674344607,100.0,0.010000000707805157,0.18297961354255676,1.0
2272,0.5508207769410121,62.712947015314256,38.96124338581744,100.0,0.010000000707805157,0.4470333456993103,1.0
2273,0.5247086944751772,77.72784756979563,37.725625400415055,100.0,0.010000000707805157,0.5626927614212036,1.0
2274,0.5504185628503238,67.37893551827922,40.55580901025109,100.0,0.010000000707805157,0.43904948234558105,1.0
2275,0.10798287823662127,3.251112653878052,37.628341297278645,100.0,0.010000000707805157,0.020413415506482124,1.0
2276,0.10740322116247089,3.229433935721159,37.61900710916141,100.0,0.010000000707805157,0.02029605582356453,1.0
2277,0.6703386841539976,78.74604479547807,39.53409355635438,100.0,0.010000000707805157,0.6558148264884949,1.0
2278,0.5510520465384453,62.719110200636756,38.97778617452101,100.0,0.010000000707805157,0.4461861550807953,1.0
2279,0.3965938248130949,47.664015790632114,40.55866922994049,100.0,0.010000000707805157,0.2287953794002533,1.0
2280,0.5511624360693694,62.73696643087168,38.9851920545983,100.0,0.010000000707805157,0.44584035873413086,1.0
2281,0.6712073278484773,70.78958667637006,37.116332945787164,100.0,0.010000000707805157,0.671458899974823,1.0
2282,0.10658314864409901,3.190587702932913,37.59200925454643,100.0,0.010000000707805157,0.02013254165649414,1.0
2283,0.3592990811455189,65.8525184347395,37.97215005312307,100.0,0.010000000707805157,0.3451539874076843,1.0
2284,0.7135081199216211,91.66398945008653,39.13389375261629,100.0,0.010000000707805157,0.8170666694641113,1.0
2285,0.2646894720155016,46.560520017316,37.97525634776136,100.0,0.010000000707805157,0.18223586678504944,1.0
2286,0.4649423369457145,66.60373455254019,39.2459097999831,100.0,0.010000000707805157,0.39065849781036377,1.0
2287,0.3964998746871767,47.66620813327175,40.57169805091603,100.0,0.010000000707805157,0.22815249860286713,1.0
2288,0.5507343563117065,67.46742932647906,40.587965457920234,100.0,0.010000000707805157,0.43631497025489807,1.0
2289,0.7136586853008376,91.73207193162006,39.14905461463001,100.0,0.010000000707805157,0.815498948097229,1.0
2290,0.3965054411794972,47.803665898264576,40.59276457163817,100.0,0.010000000707805157,0.2274124175310135,1.0
2291,0.10445490860997775,3.1014577001344072,37.55401170569244,100.0,0.010000000707805157,0.01972171664237976,1.0
2292,0.10390683253304422,3.081240203893002,37.54495147090311,100.0,0.010000000707805157,0.019610950723290443,1.0
2293,0.5521348125467975,57.521889242653984,37.113220693026676,100.0,0.010000000707805157,0.45368584990501404,1.0
2294,0.55169821387465,62.720380431486504,39.022672859812864,100.0,0.010000000707805157,0.4439898133277893,1.0
2295,0.2638772363168666,46.37613647202398,37.974835592510956,100.0,0.010000000707805157,0.18170166015625,1.0
2296,0.2636915953095351,46.33414843555607,37.97501823959117,100.0,0.010000000707805157,0.1815299242734909,1.0
2297,0.5522710494196766,57.46976711146997,37.13330752857715,100.0,0.010000000707805157,0.45280301570892334,1.0
2298,0.5518461095151124,62.649386016508515,39.03105529317736,100.0,0.010000000707805157,0.44356200098991394,1.0
2299,0.39639268915666964,47.66542824249336,40.592473140066076,100.0,0.010000000707805157,0.22694766521453857,1.0
2300,0.6031506721831763,77.95808195723961,38.65564833725481,100.0,0.010000000707805157,0.605703592300415,1.0
2301,0.6024529207974755,81.92555400475513,39.715926727342705,100.0,0.010000000707805157,0.5967783331871033,1.0
2302,0.4657397696988636,61.62899667986651,37.61301504405055,100.0,0.010000000707805157,0.3977375030517578,1.0
2303,0.10145510611436094,2.980755025465578,37.48571552664866,100.0,0.010000000707805157,0.019136713817715645,1.0
2304,0.4657313364032183,61.53636721454293,37.61308221867947,100.0,0.010000000707805157,0.3974498212337494,1.0
2305,0.26301556119042857,46.19119436436013,37.97530393824598,100.0,0.010000000707805157,0.18091922998428345,1.0
2306,0.39623372251290223,47.627347984199034,40.60165706750755,100.0,0.010000000707805157,0.2263489067554474,1.0
2307,0.6032939495829313,77.806015403461,38.66329127426204,100.0,0.010000000707805157,0.6047689318656921,1.0
2308,0.09991076345322235,2.9211827061782447,37.45505163745724,100.0,0.010000000707805157,0.018836118280887604,1.0
2309,0.39722633476497415,40.531008004465264,37.15812966375489,100.0,0.010000000707805157,0.23497672379016876,1.0
2310,0.5513646413494538,67.36813288068869,40.617629436089054,100.0,0.010000000707805157,0.43353739380836487,1.0
2311,0.35776401598656493,65.16624112639212,37.979478033197,100.0,0.010000000707805157,0.3425794839859009,1.0
2312,0.464759462505839,66.24157473682698,39.279615461228225,100.0,0.010000000707805157,0.38753819465637207,1.0
2313,0.46564052919705456,61.27522298038704,37.61235100073795,100.0,0.010000000707805157,0.39669209718704224,1.0
2314,0.552286391133739,62.48789440319771,39.05576937100636,100.0,0.010000000707805157,0.44197964668273926,1.0
2315,0.6035190506885709,77.69381609296862,38.67544882238097,100.0,0.010000000707805157,0.6036410927772522,1.0
2316,0.7158029322596734,87.78336497119707,38.347437331806994,100.0,0.010000000707805157,0.8198950290679932,1.0
2317,0.3972384214451551,40.59273224582851,37.191776252387726,100.0,0.010000000707805157,0.23429842293262482,1.0
2318,0.6728317667758089,78.85138609452065,39.637285132232094,100.0,0.010000000707805157,0.6484483480453491,1.0
2319,0.5254018980091151,76.82997440740222,37.76646377170475,100.0,0.010000000707805157,0.557568371295929,1.0
2320,0.6729493555341476,78.9554206821755,39.64697948351769,100.0,0.010000000707805157,0.6479554176330566,1.0
2321,0.46578130005784213,61.4608021775544,37.64816311172462,100.0,0.010000000707805157,0.39541542530059814,1.0
2322,0.46575938326041455,61.44556307557771,37.65114594180442,100.0,0.010000000707805157,0.3951740264892578,1.0
2323,0.6731763955631198,79.02588496765169,39.658087235207645,100.0,0.010000000707805157,0.6474000811576843,1.0
2324,0.6737853931170473,75.01981866974587,38.54077065814743,100.0,0.010000000707805157,0.6553946137428284,1.0
2325,0.5255070000898484,76.95090701920257,37.78601078053695,100.0,0.010000000707805157,0.55638188123703,1.0
2326,0.4651713253328046,66.45610572756367,39.312817573729234,100.0,0.010000000707805157,0.38627928495407104,1.0
2327,0.6040536813977669,78.04717301696698,38.72473073030226,100.0,0.010000000707805157,0.6010675430297852,1.0
2328,0.7161009068489936,91.78547277871768,39.23989337255643,100.0,0.010000000707805157,0.807640552520752,1.0
2329,0.6044577718777837,74.00673931583869,37.561734723975356,100.0,0.010000000707805157,0.6090313792228699,1.0
2330,0.3967690769801433,48.004709606802955,40.668501752703435,100.0,0.010000000707805157,0.22457937896251678,1.0
2331,0.6036545138576247,82.17565287048473,39.7844196731428,100.0,0.010000000707805157,0.5919281244277954,1.0
2332,0.09701116050320763,2.7870802300312465,37.360493481389675,100.0,0.010000000707805157,0.018314674496650696,1.0
2333,0.46517869848939075,66.52309183228442,39.3356477348854,100.0,0.010000000707805157,0.38509851694107056,1.0
2334,0.6042964208901929,78.1154875683467,38.744837941142585,100.0,0.010000000707805157,0.5998049974441528,1.0
2335,0.6047033626311987,73.92595540789303,37.56810528352028,100.0,0.010000000707805157,0.6084941029548645,1.0
2336,0.3566244553153413,65.08128746884074,38.011594593839206,100.0,0.010000000707805157,0.3397752046585083,1.0
2337,0.39668457137247237,48.014423262730006,40.68331084477198,100.0,0.010000000707805157,0.22388938069343567,1.0
2338,0.35637777226017076,65.00384466516303,38.01474452156734,100.0,0.010000000707805157,0.3393166661262512,1.0
2339,0.6043063634579491,78.0122312029163,38.75129432213779,100.0,0.010000000707805157,0.5990079641342163,1.0
2340,0.09507781516398021,2.7119578269453286,37.317758012662196,100.0,0.010000000707805157,0.01795159839093685,1.0
2341,0.39656425805570134,47.96275122882429,40.68676803510062,100.0,0.010000000707805157,0.22353306412696838,1.0
2342,0.5245995105361494,80.76276805031111,38.90819303200778,100.0,0.010000000707805157,0.5445162057876587,1.0
2343,0.6037190414583332,82.03356334519762,39.80973838268175,100.0,0.010000000707805157,0.5893176794052124,1.0
2344,0.3973808358278712,40.682273322538734,37.268834712558906,100.0,0.010000000707805157,0.23253923654556274,1.0
2345,0.6736921429396524,83.38848872705832,40.720995734656974,100.0,0.010000000707805157,0.6339435577392578,1.0
2346,0.3975023519962121,40.705367266209954,37.27428510980575,100.0,0.010000000707805157,0.23251259326934814,1.0
2347,0.09358625484004403,2.652265813124716,37.28754427523223,100.0,0.010000000707805157,0.017660172656178474,1.0
2348,0.6051632286834169,73.57599175507258,37.5698164552977,100.0,0.010000000707805157,0.6075405478477478,1.0
2349,0.7776443068859064,89.32496638825695,39.19315575782079,100.0,0.010000000707805157,0.8572284579277039,1.0
2350,0.396762167902898,48.1377724697241,40.72005080622546,100.0,0.010000000707805157,0.22240538895130157,1.0
2351,0.6054298890341835,73.72163986461973,37.59319625723916,100.0,0.010000000707805157,0.6065813302993774,1.0
2352,0.6050616388618615,78.07375274376477,38.78737435505044,100.0,0.010000000707805157,0.5968500375747681,1.0
2353,0.3968652474249633,48.16803518767933,40.72633941572644,100.0,0.010000000707805157,0.22225980460643768,1.0
2354,0.5542399823378217,63.16529901181062,39.211557448652876,100.0,0.010000000707805157,0.4360913634300232,1.0
2355,0.6526189001952442,86.94626670439168,37.728678786304144,100.0,0.010000000707805157,0.7661840915679932,1.0
2356,0.4654009779263512,66.496279855677,39.3835000418539,100.0,0.010000000707805157,0.38230371475219727,1.0
2357,0.39780846851078777,40.85671934289174,37.36337519252278,100.0,0.010000000707805157,0.23100073635578156,1.0
2358,0.6523337967988507,90.62028579994819,38.603849298234906,100.0,0.010000000707805157,0.7562545537948608,1.0
2359,0.4660713300357737,61.35514550810997,37.73555916115359,100.0,0.010000000707805157,0.3906938433647156,1.0
2360,0.553822386092661,68.2286595150602,40.74891165653675,100.0,0.010000000707805157,0.4267643690109253,1.0
2361,0.7186605333036723,88.3097103330238,38.49686823999527,100.0,0.010000000707805157,0.8089920282363892,1.0
2362,0.6055812059670305,78.2075292899793,38.82119847938584,100.0,0.010000000707805157,0.594904899597168,1.0
2363,0.4655430863347351,66.5619290465423,39.40321704368653,100.0,0.010000000707805157,0.3813878893852234,1.0
2364,0.6761416688751865,79.8200487864817,39.796623525495704,100.0,0.010000000707805157,0.639096200466156,1.0
2365,0.4655908362541996,66.62095749262576,39.4134314495434,100.0,0.010000000707805157,0.3809489905834198,1.0
2366,0.25929484984462137,45.72898546170681,38.03878649691723,100.0,0.010000000707805157,0.1768048107624054,1.0
2367,0.2591391930448119,45.688963426005216,38.03926217212598,100.0,0.010000000707805157,0.17664213478565216,1.0
2368,0.39710491853508395,48.314256136865644,40.766400665416846,100.0,0.010000000707805157,0.22091573476791382,1.0
2369,0.39799401764668785,40.827741263798565,37.387000997833304,100.0,0.010000000707805157,0.23035858571529388,1.0
2370,0.555546435825084,57.78059213183299,37.40696562799284,100.0,0.010000000707805157,0.4434588849544525,1.0
2371,0.3971928610320028,48.28838998272072,40.766813417685654,100.0,0.010000000707805157,0.220839723944664,1.0
2372,0.3981337580947099,40.842844503775815,37.41682430193226,100.0,0.010000000707805157,0.22982928156852722,1.0
2373,0.39719475966612605,48.268595850672504,40.768491607629855,100.0,0.010000000707805157,0.22066588699817657,1.0
2374,0.6062382935067782,78.00496944151516,38.84043567845908,100.0,0.010000000707805157,0.5933147668838501,1.0
2375,0.5554438800273753,63.28404386574318,39.28088171242446,100.0,0.010000000707805157,0.43330448865890503,1.0
2376,0.43004660012564194,78.97534458007732,38.04074156983424,100.0,0.010000000707805157,0.4958224296569824,1.0
2377,0.5554617127078018,63.25812556041251,39.281841411385045,100.0,0.010000000707805157,0.43320563435554504,1.0
2378,0.6532582772736111,90.44845135441989,38.6443461473665,100.0,0.010000000707805157,0.7523072957992554,1.0
2379,0.3973108384045333,48.34145214388396,40.78596679378411,100.0,0.010000000707805157,0.22014130651950836,1.0
2380,0.2583064426732402,45.47120695390522,38.04101531948155,100.0,0.010000000707805157,0.17579372227191925,1.0
2381,0.46559878490943907,66.35066331001465,39.43315805692489,100.0,0.010000000707805157,0.3791300356388092,1.0
2382,0.35425576378788826,64.27514427856327,38.0500030026102,100.0,0.010000000707805157,0.33463823795318604,1.0
2383,0.5256521718921932,76.11028305946195,37.86943385685557,100.0,0.010000000707805157,0.54735267162323,1.0
2384,0.5255630834541952,76.09473963201958,37.872765932467516,100.0,0.010000000707805157,0.5468770861625671,1.0
2385,0.3971707885582241,48.240084604788,40.78715251947421,100.0,0.010000000707805157,0.21989372372627258,1.0
2386,0.555673499802853,63.138957726334226,39.289702658411066,100.0,0.010000000707805157,0.43259501457214355,1.0
2387,0.3972184417727241,48.26994830986237,40.79428497368439,100.0,0.010000000707805157,0.21959634125232697,1.0
2388,0.46548593219553,66.24795672082686,39.44649000110494,100.0,0.010000000707805157,0.3780887722969055,1.0
2389,0.6777322105277304,79.63679234280791,39.84245589685692,100.0,0.010000000707805157,0.635547399520874,1.0
2390,0.46637104534542373,60.92254550054204,37.775559111294996,100.0,0.010000000707805157,0.3876141309738159,1.0
2391,0.4655553418605104,66.28053054169469,39.45618997476469,100.0,0.010000000707805157,0.3776319622993469,1.0
2392,0.4663456747051646,60.8786196273591,37.777509486683776,100.0,0.010000000707805157,0.3873521387577057,1.0
2393,0.6528124688278392,93.9303184147174,39.4695085908525,100.0,0.010000000707805157,0.7392644882202148,1.0
2394,0.6534100963484091,90.20393068639463,38.67521170565394,100.0,0.010000000707805157,0.7485153675079346,1.0
2395,0.35319562444867464,64.08838718617426,38.0781661676287,100.0,0.010000000707805157,0.3321598172187805,1.0
2396,0.3973091896189571,48.37109861979129,40.822745818549414,100.0,0.010000000707805157,0.21862183511257172,1.0
2397,0.2566976684034251,45.230133482448366,38.07589233201615,100.0,0.010000000707805157,0.17378811538219452,1.0
2398,0.46611791871965147,60.74380334002014,37.77946920192031,100.0,0.010000000707805157,0.3866381049156189,1.0
2399,0.46612042908250056,60.7286776453159,37.78277400477141,100.0,0.010000000707805157,0.38640064001083374,1.0
2400,0.39728138611285124,48.29636323758459,40.82165251914373,100.0,0.010000000707805157,0.21849499642848969,1.0
2401,0.39822398499238143,40.52451815580599,37.42759122141284,100.0,0.010000000707805157,0.2285057157278061,1.0
2402,0.2563357719104164,45.10478698981208,38.07333806492703,100.0,0.010000000707805157,0.1733711063861847,1.0
2403,0.5563646140589735,63.01504552354186,39.31851471410023,100.0,0.010000000707805157,0.4310327172279358,1.0
2404,0.5556298099631822,68.35238230022414,40.83632754027945,100.0,0.010000000707805157,0.42087477445602417,1.0
2405,0.08302057290908511,2.2386430677803553,37.01021126681268,100.0,0.010000000707805157,0.015671949833631516,1.0
2406,0.557182132501575,57.25747803424736,37.4456126972233,100.0,0.010000000707805157,0.4409674108028412,1.0
2407,0.39846997825175995,40.49468926723459,37.459013893045785,100.0,0.010000000707805157,0.2278699278831482,1.0
2408,0.39741545055679667,48.25258213741569,40.829725142641244,100.0,0.010000000707805157,0.21793948113918304,1.0
2409,0.6080149125921791,72.90864779829326,37.69997173773288,100.0,0.010000000707805157,0.5979709625244141,1.0
2410,0.525906039462444,75.52148579682992,37.90136605920092,100.0,0.010000000707805157,0.5430381298065186,1.0
2411,0.6080586761952681,72.95543902466585,37.716403535851605,100.0,0.010000000707805157,0.5968894958496094,1.0
2412,0.3975826113931471,48.23764338436466,40.82999549328206,100.0,0.010000000707805157,0.21807610988616943,1.0
2413,0.25588097536263615,44.92943726175948,38.067742165743844,100.0,0.010000000707805157,0.17282924056053162,1.0
2414,0.08130143653659654,2.1759563659275236,36.957376688994614,100.0,0.010000000707805157,0.015343677252531052,1.0
2415,0.39864319879512616,40.4450210678764,37.50059042119407,100.0,0.010000000707805157,0.22689670324325562,1.0
2416,0.6797255380220497,79.38091130247045,39.89119814616039,100.0,0.010000000707805157,0.6323980689048767,1.0
2417,0.7845270982388509,85.41806244442895,38.513815006780845,100.0,0.010000000707805157,0.8526915311813354,1.0
2418,0.680819463871527,75.18447269602348,38.82856743441724,100.0,0.010000000707805157,0.639979898929596,1.0
2419,0.08103444815794819,2.1617656611295013,36.936216214483984,100.0,0.010000000707805157,0.015292676165699959,1.0
2420,0.25579500866520805,44.845002811294826,38.05853828129593,100.0,0.010000000707805157,0.17276474833488464,1.0
2421,0.7231409452655998,87.61168561728391,38.631929555596436,100.0,0.010000000707805157,0.797337532043457,1.0
2422,0.46620783979869235,65.93366652265556,39.4892946659863,100.0,0.010000000707805157,0.37509316205978394,1.0
2423,0.08021392863134758,2.132117503679672,36.91526124336704,100.0,0.010000000707805157,0.01513664610683918,1.0
2424,0.5580140041235723,63.10062238859124,39.399814223859806,100.0,0.010000000707805157,0.42805999517440796,1.0
2425,0.5581325608487159,63.13451177057188,39.40635394564121,100.0,0.010000000707805157,0.4278477430343628,1.0
2426,0.25552525423329386,44.7646168479571,38.059730033956505,100.0,0.010000000707805157,0.17244885861873627,1.0
2427,0.39931035455454167,40.58111052990094,37.5953523253261,100.0,0.010000000707805157,0.22540989518165588,1.0
2428,0.6089066225812905,77.41968835937674,38.94781243616023,100.0,0.010000000707805157,0.5851782560348511,1.0
2429,0.39941193907404665,40.60501036765651,37.61266071042598,100.0,0.010000000707805157,0.22512546181678772,1.0
2430,0.5574115398597685,68.33829086072816,40.865859769864784,100.0,0.010000000707805157,0.4193510413169861,1.0
2431,0.46643283243672556,65.85118414163227,39.501837902035426,100.0,0.010000000707805157,0.3742145299911499,1.0
2432,0.25520098642629524,44.66897850213842,38.061729901550365,100.0,0.010000000707805157,0.1720876544713974,1.0
2433,0.6098614481495908,72.78116072792054,37.78566937355026,100.0,0.010000000707805157,0.592970073223114,1.0
2434,0.25508562858349165,44.63259084751205,38.06199383987747,100.0,0.010000000707805157,0.17188650369644165,1.0
2435,0.6092380824990709,77.32985477172899,38.96057027346146,100.0,0.010000000707805157,0.5841694474220276,1.0
2436,0.2549283150317806,44.60051957444274,38.06505551421925,100.0,0.010000000707805157,0.1716669350862503,1.0
2437,0.6830192314124464,70.35278460030918,37.64429464204011,100.0,0.010000000707805157,0.6450726389884949,1.0
2438,0.352050790641697,63.09593900335191,38.06731103988462,100.0,0.010000000707805157,0.32871511578559875,1.0
2439,0.5597556755547045,57.42598093582602,37.662912135569506,100.0,0.010000000707805157,0.43388575315475464,1.0
2440,0.5579758537013623,68.27468223584825,40.872717837504936,100.0,0.010000000707805157,0.4191659390926361,1.0
2441,0.608675738564946,81.68673473387449,39.98148470988116,100.0,0.010000000707805157,0.5757264494895935,1.0
2442,0.4677846240494209,60.30616407243934,37.885754759233016,100.0,0.010000000707805157,0.38095927238464355,1.0
2443,0.7871938116851778,89.56453143522752,39.470487763855274,100.0,0.010000000707805157,0.8376609086990356,1.0
2444,0.5272105683254114,75.14420320065003,37.963531765419525,100.0,0.010000000707805157,0.5376378297805786,1.0
2445,0.07686403834847985,2.0061021677118966,36.808332015142575,100.0,0.010000000707805157,0.014506585896015167,1.0
2446,0.39860842431004756,48.32592776789017,40.88546588331692,100.0,0.010000000707805157,0.21607908606529236,1.0
2447,0.3986154437686925,48.3338632206785,40.88901577525517,100.0,0.010000000707805157,0.21589800715446472,1.0
2448,0.5596958247905907,63.178779195803685,39.476556051755736,100.0,0.010000000707805157,0.4250892400741577,1.0
2449,0.2544326939307826,44.46162043294256,38.06915972108001,100.0,0.010000000707805157,0.17100857198238373,1.0
2450,0.6110572105170364,72.70718865556364,37.842184978131016,100.0,0.010000000707805157,0.5895806550979614,1.0
2451,0.4681585221028868,60.233171221950045,37.90874127262493,100.0,0.010000000707805157,0.3797995448112488,1.0
2452,0.5806330942046417,87.25477544067742,38.00312832129228,100.0,0.010000000707805157,0.6932305097579956,1.0
2453,0.5262206988319805,79.3706666670824,39.06254834252349,100.0,0.010000000707805157,0.5287334322929382,1.0
2454,0.559961182684696,63.149827594704924,39.488675275117586,100.0,0.010000000707805157,0.42462655901908875,1.0
2455,0.2539886983115053,44.386872955187606,38.08105969553012,100.0,0.010000000707805157,0.1702374368906021,1.0
2456,0.7260772940295018,87.4076708149874,38.72685604495936,100.0,0.010000000707805157,0.7898240089416504,1.0
2457,0.6095283560001248,81.68646684952353,40.014344018208504,100.0,0.010000000707805157,0.5734428763389587,1.0
2458,0.5262286124564632,79.40134765147978,39.080338963272105,100.0,0.010000000707805157,0.5274649858474731,1.0
2459,0.6837466703557021,79.78334366597545,40.01755738256686,100.0,0.010000000707805157,0.6254135370254517,1.0
2460,0.40044948179321077,40.64680080203961,37.73121333942649,100.0,0.010000000707805157,0.2227274775505066,1.0
2461,0.2536761361243241,44.35509955295185,38.09234454707978,100.0,0.010000000707805157,0.16979451477527618,1.0
2462,0.6829997926900402,84.12858842409798,40.93730097434204,100.0,0.010000000707805157,0.6173080801963806,1.0
2463,0.25354235688488647,44.33912238186535,38.097034248086636,100.0,0.010000000707805157,0.16967517137527466,1.0
2464,0.4670242825100831,65.723041037973,39.571909756434145,100.0,0.010000000707805157,0.37020283937454224,1.0
2465,0.5595228126116839,68.66974495744789,40.94620638734977,100.0,0.010000000707805157,0.41486960649490356,1.0
2466,0.3991518242664979,48.53546873439652,40.945296271856435,100.0,0.010000000707805157,0.21397998929023743,1.0
2467,0.559662618407572,68.75833682223734,40.958495250578515,100.0,0.010000000707805157,0.41396239399909973,1.0
2468,0.5597582015541399,68.83488976455439,40.96722498916842,100.0,0.010000000707805157,0.41337165236473083,1.0
2469,0.5619378144383397,57.34998784320324,37.71407262717872,100.0,0.010000000707805157,0.43242794275283813,1.0
2470,0.5276001531549016,74.71753804988816,37.99616989083693,100.0,0.010000000707805157,0.5344042778015137,1.0
2471,0.6849773924756674,80.03681287201191,40.062496981123935,100.0,0.010000000707805157,0.6222854852676392,1.0
2472,0.5623159055436437,57.474913812317176,37.751445072058466,100.0,0.010000000707805157,0.43141570687294006,1.0
2473,0.5278213569667171,74.75431118205654,38.00736930334403,100.0,0.010000000707805157,0.5337339043617249,1.0
2474,0.399605200564141,48.66916084622279,40.97021731029044,100.0,0.010000000707805157,0.21328498423099518,1.0
2475,0.2530558143003478,44.214576990800204,38.10583021193537,100.0,0.010000000707805157,0.16909022629261017,1.0
2476,0.7280242879948917,87.51646246647572,38.78292248416985,100.0,0.010000000707805157,0.7861847877502441,1.0
2477,0.5627735404321051,57.53534403614411,37.7912757077745,100.0,0.010000000707805157,0.4301511347293854,1.0
2478,0.3997987692181661,48.67538620627044,40.974918141852626,100.0,0.010000000707805157,0.21316617727279663,1.0
2479,0.07188667064313704,1.821321216566964,36.656863326106794,100.0,0.010000000707805157,0.013569806702435017,1.0
2480,0.7266390148207845,95.51924089586711,40.32222779828371,100.0,0.010000000707805157,0.7681937217712402,1.0
2481,0.07157920489790359,1.8098986371833927,36.650609842661225,100.0,0.010000000707805157,0.013510697521269321,1.0
2482,0.6111679417854818,81.99995401502565,40.096560455615645,100.0,0.010000000707805157,0.567311704158783,1.0
2483,0.467723696220987,65.81177613058702,39.625511733262954,100.0,0.010000000707805157,0.36758360266685486,1.0
2484,0.46908320844529283,59.94323664885692,37.959556696841624,100.0,0.010000000707805157,0.3770797848701477,1.0
2485,0.25255764695583716,44.07872364204832,38.11454624567918,100.0,0.010000000707805157,0.16844691336154938,1.0
2486,0.34998412803029383,62.354122784860465,38.1213207628796,100.0,0.010000000707805157,0.32344916462898254,1.0
2487,0.5633213374966579,57.28272640889193,37.77963666075076,100.0,0.010000000707805157,0.4301525056362152,1.0
2488,0.6875568725131985,75.34511089439786,39.05273716062375,100.0,0.010000000707805157,0.6287133693695068,1.0
2489,0.46930437894162835,59.90328671232818,37.97822462858936,100.0,0.010000000707805157,0.376080721616745,1.0
2490,0.562780471136206,63.44007286078788,39.60815202543765,100.0,0.010000000707805157,0.4199836552143097,1.0
2491,0.40194455622134184,40.59093074051593,37.83324712958944,100.0,0.010000000707805157,0.22076505422592163,1.0
2492,0.40202362704931544,40.59456126399058,37.844075235576604,100.0,0.010000000707805157,0.2205813080072403,1.0
2493,0.6142212793046745,72.4568473183327,37.95645135859956,100.0,0.010000000707805157,0.5829598903656006,1.0
2494,0.25236634251669937,43.944581205848294,38.107105305932684,100.0,0.010000000707805157,0.16800865530967712,1.0
2495,0.527255724273383,79.04713002291078,39.14208545518296,100.0,0.010000000707805157,0.5222424864768982,1.0
2496,0.4021464755199325,40.57230660438658,37.86134221339745,100.0,0.010000000707805157,0.22016330063343048,1.0
2497,0.5633459047297656,63.39391959958835,39.62888649064194,100.0,0.010000000707805157,0.4192170798778534,1.0
2498,0.468188768509779,65.57050107421914,39.63185579167228,100.0,0.010000000707805157,0.36682361364364624,1.0
2499,0.46817745320759013,65.5676431229951,39.635944552359014,100.0,0.010000000707805157,0.36659035086631775,1.0
2500,0.4681664479935893,65.564859023124,39.64003370917797,100.0,0.010000000707805157,0.3663570284843445,1.0
2501,0.687965903844569,80.09449902633192,40.139665856888946,100.0,0.010000000707805157,0.6177988052368164,1.0
2502,0.6892523436621277,75.45280957978302,39.11305067328818,100.0,0.010000000707805157,0.6258797645568848,1.0
2503,0.5651717832040114,57.525137218744455,37.90531834396395,100.0,0.010000000707805157,0.42662888765335083,1.0
2504,0.06831621391564945,1.694038461877139,36.53700288447884,100.0,0.010000000707805157,0.012895037420094013,1.0
2505,0.06805124300304774,1.685814659664161,36.53088309304609,100.0,0.010000000707805157,0.012842030264437199,1.0
2506,0.5642094052697795,63.4664466922571,39.66295302709955,100.0,0.010000000707805157,0.4179478883743286,1.0
2507,0.46858810386854,65.55960103128642,39.64893719959114,100.0,0.010000000707805157,0.36592724919319153,1.0
2508,0.6143706546158691,77.20457588173522,39.15076050683276,100.0,0.010000000707805157,0.5724855065345764,1.0
2509,0.4686324190900918,65.5734471215347,39.65670676322447,100.0,0.010000000707805157,0.36555415391921997,1.0
2510,0.6902958404398004,75.49338418050483,39.14796270306947,100.0,0.010000000707805157,0.6242456436157227,1.0
2511,0.47054577664363534,59.749467424831224,38.03624138723254,100.0,0.010000000707805157,0.3734991252422333,1.0
2512,0.5278809436926026,78.934752422218,39.17128859935972,100.0,0.010000000707805157,0.5199857950210571,1.0
2513,0.25156547330723483,43.70792195386529,38.12168712544718,100.0,0.010000000707805157,0.16682735085487366,1.0
2514,0.6619393507690082,84.5810323677044,38.04539152737381,100.0,0.010000000707805157,0.7341316342353821,1.0
2515,0.5662362407396387,57.513504770961234,37.96300532651519,100.0,0.010000000707805157,0.4246950149536133,1.0
2516,0.5651022023828781,63.55203793523987,39.69985278532691,100.0,0.010000000707805157,0.4167037904262543,1.0
2517,0.46895388563960233,65.52784542760124,39.66780142506476,100.0,0.010000000707805157,0.36496028304100037,1.0
2518,0.47079013687844806,59.69250689215308,38.058434170590594,100.0,0.010000000707805157,0.37227046489715576,1.0
2519,0.5279986771943638,78.81715530858128,39.180810533245754,100.0,0.010000000707805157,0.5188980102539062,1.0
2520,0.40134134042691755,48.78131943452536,41.04917568881008,100.0,0.010000000707805157,0.2105303257703781,1.0
2521,0.40136584532370034,48.79102424233694,41.05276639783943,100.0,0.010000000707805157,0.2103579044342041,1.0
2522,0.5668700105099942,57.46523788906342,37.98242407902677,100.0,0.010000000707805157,0.42407238483428955,1.0
2523,0.47100071588092984,59.61808792321058,38.067079620183456,100.0,0.010000000707805157,0.37175047397613525,1.0
2524,0.690649052253636,80.27144580298248,40.208869293691,100.0,0.010000000707805157,0.6141321063041687,1.0
2525,0.40394207214797545,40.665576677311,38.01200193890948,100.0,0.010000000707805157,0.2176293432712555,1.0
2526,0.42511679427684174,75.59601514471134,38.13459541650692,100.0,0.010000000707805157,0.47407910227775574,1.0
2527,0.5659616158826395,63.54920059774432,39.729763638103755,100.0,0.010000000707805157,0.41550779342651367,1.0
2528,0.5643115734649782,69.14479317665594,41.0722501798527,100.0,0.010000000707805157,0.40799158811569214,1.0
2529,0.4693184091999305,65.48504465460005,39.6956066341112,100.0,0.010000000707805157,0.3634386360645294,1.0
2530,0.5644751563558026,69.23274650494724,41.08451827446599,100.0,0.010000000707805157,0.40714025497436523,1.0
2531,0.5645957231301515,69.30755136655723,41.09310578998426,100.0,0.010000000707805157,0.4065600335597992,1.0
2532,0.4042402098438264,40.58531343910666,38.00187356429284,100.0,0.010000000707805157,0.21770229935646057,1.0
2533,0.528428936478457,78.7514368283588,39.21408010148991,100.0,0.010000000707805157,0.5165267586708069,1.0
2534,0.6163036229185945,77.16880684702724,39.221348971163756,100.0,0.010000000707805157,0.568179726600647,1.0
2535,0.5681589569256549,57.46591421905039,38.021111979461345,100.0,0.010000000707805157,0.42306068539619446,1.0
2536,0.7346645780464782,87.40612237816566,38.9666372748279,100.0,0.010000000707805157,0.7732975482940674,1.0
2537,0.4046916678430213,40.68666118220733,38.05391351873035,100.0,0.010000000707805157,0.21694105863571167,1.0
2538,0.4697881299063764,65.53264300948433,39.71920500406312,100.0,0.010000000707805157,0.3623705804347992,1.0
2539,0.40234622844292117,49.007245869687445,41.103613818390876,100.0,0.010000000707805157,0.20873835682868958,1.0
2540,0.568870820378499,57.555126263492554,38.066104279332755,100.0,0.010000000707805157,0.42184269428253174,1.0
2541,0.4024669735712358,49.01056083925332,41.105832780732214,100.0,0.010000000707805157,0.2086605727672577,1.0
2542,0.40249528415830366,49.02063644204049,41.10938757312895,100.0,0.010000000707805157,0.20849044620990753,1.0
2543,0.6173253678016746,77.19335262725959,39.249127668025714,100.0,0.010000000707805157,0.566763699054718,1.0
2544,0.06294897397101053,1.5067245996832004,36.35172233953009,100.0,0.010000000707805157,0.011881580576300621,1.0
2545,0.4051790542684133,40.61613436662422,38.07735815316566,100.0,0.010000000707805157,0.21645726263523102,1.0
2546,0.4723216139163992,59.40956380121855,38.11442593634468,100.0,0.010000000707805157,0.3696969151496887,1.0
2547,0.6636072493313924,88.57504248699674,38.981729136503795,100.0,0.010000000707805157,0.7199273705482483,1.0
2548,0.402708538959274,49.002252164972965,41.1162284044568,100.0,0.010000000707805157,0.20820528268814087,1.0
2549,0.4701522523338629,65.42747711192887,39.73632333990763,100.0,0.010000000707805157,0.3612714409828186,1.0
2550,0.5290216814464928,78.53895192247349,39.238299514157816,100.0,0.010000000707805157,0.5143439173698425,1.0
2551,0.47232570899084125,59.31293638679859,38.118603541083594,100.0,0.010000000707805157,0.36917850375175476,1.0
2552,0.47013851930400063,65.39475827991163,39.74553433932195,100.0,0.010000000707805157,0.36071717739105225,1.0
2553,0.5308977596019362,73.44726470650023,38.136004002853326,100.0,0.010000000707805157,0.521883487701416,1.0
2554,0.47235092636576254,59.258723759007786,38.125330545237055,100.0,0.010000000707805157,0.36863788962364197,1.0
2555,0.402862685934362,48.980222604518744,41.126925463579745,100.0,0.010000000707805157,0.20776543021202087,1.0
2556,0.5684657610672278,63.63424549991483,39.815702530154475,100.0,0.010000000707805157,0.41208699345588684,1.0
2557,0.5686218343385872,63.665035148767345,39.822123991230185,100.0,0.010000000707805157,0.41188275814056396,1.0
2558,0.5311779080625754,73.38223521324151,38.14593156545325,100.0,0.010000000707805157,0.5210742354393005,1.0
2559,0.4726671023409368,59.224497396787854,38.139811509867926,100.0,0.010000000707805157,0.3679938018321991,1.0
2560,0.4703681155621446,65.30948332190773,39.75775024037735,100.0,0.010000000707805157,0.35994672775268555,1.0
2561,0.6946636652445783,80.50502380519072,40.31198713198957,100.0,0.010000000707805157,0.6077694296836853,1.0
2562,0.5670466712635576,69.51756867989162,41.15561505616396,100.0,0.010000000707805157,0.4030129909515381,1.0
2563,0.6168238966304425,81.95879010615482,40.265552350393214,100.0,0.010000000707805157,0.5550115704536438,1.0
2564,0.6169151274590158,82.01941526136703,40.27411164545664,100.0,0.010000000707805157,0.554404079914093,1.0
2565,0.4236502268867096,74.78235406583585,38.18068846461172,100.0,0.010000000707805157,0.46814197301864624,1.0
2566,0.6187206977387266,77.03550473945545,39.304131605556826,100.0,0.010000000707805157,0.5629711151123047,1.0
2567,0.5675062687101481,69.71884547862321,41.183260934934474,100.0,0.010000000707805157,0.40129750967025757,1.0
2568,0.4062063528649638,40.46425447144651,38.0995055975236,100.0,0.010000000707805157,0.21569843590259552,1.0
2569,0.40630731693283795,40.4705919244442,38.110565911867745,100.0,0.010000000707805157,0.21552221477031708,1.0
2570,0.34745075118587365,60.8675721124777,38.181085219648544,100.0,0.010000000707805157,0.31506529450416565,1.0
2571,0.40367675680114135,49.19380342058426,41.179518394818665,100.0,0.010000000707805157,0.20596086978912354,1.0
2572,0.47074795836052236,65.37426329266219,39.80475196636734,100.0,0.010000000707805157,0.3576326370239258,1.0
2573,0.40373902299224546,49.21529461816118,41.18660138796774,100.0,0.010000000707805157,0.20564782619476318,1.0
2574,0.6192577215827667,76.93159156056292,39.31866360255827,100.0,0.010000000707805157,0.5619243383407593,1.0
2575,0.40385615659057666,49.24843122365771,41.19367857631247,100.0,0.010000000707805157,0.20539911091327667,1.0
2576,0.6209886400045341,71.54817873548997,38.14210072843434,100.0,0.010000000707805157,0.5717353820800781,1.0
2577,0.40671237075173483,40.393511332208476,38.12592591191003,100.0,0.010000000707805157,0.2151128649711609,1.0
2578,0.5704420260085997,63.75610942548317,39.88173303414446,100.0,0.010000000707805157,0.40945640206336975,1.0
2579,0.42323627211029524,74.4145010498062,38.190295155159944,100.0,0.010000000707805157,0.4661107659339905,1.0
2580,0.5723232596449881,57.18122757913751,38.14667531864062,100.0,0.010000000707805157,0.41889768838882446,1.0
2581,0.6985703133687071,75.62680264109301,39.37768472677145,100.0,0.010000000707805157,0.6130057573318481,1.0
2582,0.40429468172938765,49.24726135118739,41.19918076575665,100.0,0.010000000707805157,0.20534060895442963,1.0
2583,0.4738083698416029,58.95284444558374,38.18229591973398,100.0,0.010000000707805157,0.36583083868026733,1.0
2584,0.47132466205241563,65.29785958420209,39.82149419759717,100.0,0.010000000707805157,0.3567044734954834,1.0
2585,0.7005810566099725,70.26398287126243,38.202023777252485,100.0,0.010000000707805157,0.6212859749794006,1.0
2586,0.5714781775310587,63.85338723315619,39.91992339732311,100.0,0.010000000707805157,0.4082585573196411,1.0
2587,0.4742543030617239,58.985462779155114,38.20385175935522,100.0,0.010000000707805157,0.36508840322494507,1.0
2588,0.4078347019186871,40.55010439245818,38.236058595940655,100.0,0.010000000707805157,0.21347032487392426,1.0
2589,0.698222475780775,80.8094793287331,40.40053422359938,100.0,0.010000000707805157,0.6025952696800232,1.0
2590,0.3472057259455321,60.509277999851804,38.18226532085274,100.0,0.010000000707805157,0.31358760595321655,1.0
2591,0.8083646857812771,86.14712182045541,39.17080931278569,100.0,0.010000000707805157,0.8133225440979004,1.0
2592,0.5723669758913729,63.97417240067976,39.953230456918504,100.0,0.010000000707805157,0.40722811222076416,1.0
2593,0.533125867311119,72.97996733380882,38.21825852026058,100.0,0.010000000707805157,0.5156376957893372,1.0
2594,0.40850878686705805,40.6639205387281,38.29758120337773,100.0,0.010000000707805157,0.21260476112365723,1.0
2595,0.5332380626823043,72.93975957005719,38.22382820685534,100.0,0.010000000707805157,0.5150710344314575,1.0
2596,0.34710670531843835,60.403572362145695,38.18654840200728,100.0,0.010000000707805157,0.3127397894859314,1.0
2597,0.24856057232024625,42.63078754308733,38.18549897804762,100.0,0.010000000707805157,0.16141779720783234,1.0
2598,0.4085892144715233,40.58458571616281,38.3010427684276,100.0,0.010000000707805157,0.21232019364833832,1.0
2599,0.6195274652210977,81.78413947240472,40.32600664278976,100.0,0.010000000707805157,0.550740122795105,1.0
2600,0.5729113647112626,63.87185818069021,39.96582569010488,100.0,0.010000000707805157,0.4066324234008789,1.0
2601,0.0557458668537368,1.2675432390769084,36.079458714371256,100.0,0.010000000707805157,0.010534588247537613,1.0
2602,0.6243310955848469,71.5857081036925,38.27601388098952,100.0,0.010000000707805157,0.5647902488708496,1.0
2603,0.5732810056652545,63.879313621967185,39.97800274778184,100.0,0.010000000707805157,0.40622931718826294,1.0
2604,0.24841233412495542,42.52700210430745,38.18412542483259,100.0,0.010000000707805157,0.1611233353614807,1.0
2605,0.24834463571470483,42.49831142512479,38.18565089600761,100.0,0.010000000707805157,0.1609993278980255,1.0
2606,0.5734286760219747,63.81118002925089,39.979587158869144,100.0,0.010000000707805157,0.40606245398521423,1.0
2607,0.5735962732956866,63.840704092328544,39.985889665800435,100.0,0.010000000707805157,0.4058600068092346,1.0
2608,0.4056189105727941,49.226959300180695,41.22818149076019,100.0,0.010000000707805157,0.20440255105495453,1.0
2609,0.05473558551994852,1.2360125360140046,36.041142963923484,100.0,0.010000000707805157,0.01033950038254261,1.0
2610,0.054555294533853486,1.2309255871346478,36.03619911934475,100.0,0.010000000707805157,0.010303579270839691,1.0
2611,0.576430481683536,57.35119119000237,38.35666694304835,100.0,0.010000000707805157,0.4127654433250427,1.0
2612,0.4096965991272319,40.54143290050584,38.36995588816321,100.0,0.010000000707805157,0.21113844215869904,1.0
2613,0.5711999732899902,69.64457229907667,41.23431945584797,100.0,0.010000000707805157,0.3985300064086914,1.0
2614,0.5743336155321197,63.828213456336584,40.007767170480776,100.0,0.010000000707805157,0.4049864113330841,1.0
2615,0.4728045792892386,65.00506636481401,39.85286755648195,100.0,0.010000000707805157,0.354691743850708,1.0
2616,0.05388550727488277,1.209637220896012,36.009240677836566,100.0,0.010000000707805157,0.010172792710363865,1.0
2617,0.6208456987498137,81.67062362979058,40.35295047124517,100.0,0.010000000707805157,0.5483507513999939,1.0
2618,0.6260827918562877,71.3446194915451,38.31199049761227,100.0,0.010000000707805157,0.5629221796989441,1.0
2619,0.7061827100934418,70.42210640430608,38.4119010571209,100.0,0.010000000707805157,0.6125150918960571,1.0
2620,0.4731108842167878,64.9914336797149,39.85995372692646,100.0,0.010000000707805157,0.3543577790260315,1.0
2621,0.40631488303330077,49.26945652002222,41.24990483428764,100.0,0.010000000707805157,0.20354890823364258,1.0
2622,0.7046973699757823,75.83024612920048,39.55873492078148,100.0,0.010000000707805157,0.6045202612876892,1.0
2623,0.5755376968203322,63.966239209305265,40.04911362483856,100.0,0.010000000707805157,0.40359216928482056,1.0
2624,0.24810813584848412,42.25229421788912,38.175156919293684,100.0,0.010000000707805157,0.16055136919021606,1.0
2625,0.052994419697212386,1.1805779889200079,35.96707149328156,100.0,0.010000000707805157,0.010003730654716492,1.0
2626,0.24802084489636245,42.19586847615328,38.17525819467275,100.0,0.010000000707805157,0.16039827466011047,1.0
2627,0.41093275616208014,40.532965963597896,38.43958221506238,100.0,0.010000000707805157,0.21001127362251282,1.0
2628,0.2479726766077034,42.15078818591505,38.17429225399575,100.0,0.010000000707805157,0.16027703881263733,1.0
2629,0.24791074915018246,42.12349092304269,38.17593402230419,100.0,0.010000000707805157,0.16015629470348358,1.0
2630,0.052182731092933934,1.1573826555292042,35.94160441499819,100.0,0.010000000707805157,0.009847455658018589,1.0
2631,0.4733043339801882,64.76213093851274,39.86733900665958,100.0,0.010000000707805157,0.3534911274909973,1.0
2632,0.40654842919042583,49.1566963906411,41.25548802544849,100.0,0.010000000707805157,0.20300479233264923,1.0
2633,0.051739967564284436,1.1443191591551993,35.92926314191895,100.0,0.010000000707805157,0.009761410765349865,1.0
2634,0.5759685026275319,63.65774995473787,40.04863846638517,100.0,0.010000000707805157,0.403116375207901,1.0
2635,0.40667563698544346,49.16608097664644,41.261320767199,100.0,0.010000000707805157,0.20271053910255432,1.0
2636,0.6730676783308611,82.65316491570366,38.30994366445172,100.0,0.010000000707805157,0.7109888195991516,1.0
2637,0.4735277385698689,64.72374866160705,39.878681393905374,100.0,0.010000000707805157,0.35283833742141724,1.0
2638,0.24758190836927677,41.96521052059311,38.18194100938673,100.0,0.010000000707805157,0.15958619117736816,1.0
2639,0.6221506651278593,81.4126167424965,40.381463032578566,100.0,0.010000000707805157,0.545740008354187,1.0
2640,0.5764898881393514,63.67663004005538,40.063663799408715,100.0,0.010000000707805157,0.40247994661331177,1.0
2641,0.4115873475895707,40.32319318368185,38.44462312016456,100.0,0.010000000707805157,0.20957963168621063,1.0
2642,0.704117551685512,80.67312127937632,40.51829516096616,100.0,0.010000000707805157,0.5950921773910522,1.0
2643,0.3462663103493072,59.3555468742923,38.18997145326444,100.0,0.010000000707805157,0.30940166115760803,1.0
2644,0.5356305070671808,71.82804011012493,38.278617035661846,100.0,0.010000000707805157,0.5091207027435303,1.0
2645,0.4777729680355933,58.18994437954753,38.323199384989884,100.0,0.010000000707805157,0.35889315605163574,1.0
2646,0.5356945985868853,71.79576156236216,38.28585444663438,100.0,0.010000000707805157,0.5083946585655212,1.0
2647,0.41198925225390276,40.32824244508019,38.47488288941724,100.0,0.010000000707805157,0.20897719264030457,1.0
2648,0.750146875458022,81.78017737504065,38.425142763621245,100.0,0.010000000707805157,0.7575914859771729,1.0
2649,0.577581796696249,63.73341723041804,40.09864803893645,100.0,0.010000000707805157,0.40137648582458496,1.0
2650,0.5362051715543299,71.8275498876033,38.30384635754615,100.0,0.010000000707805157,0.5072672367095947,1.0
2651,0.5812031156671041,57.304271731857675,38.54478928768933,100.0,0.010000000707805157,0.40697669982910156,1.0
2652,0.47862637650402634,58.269224136007644,38.36973686398838,100.0,0.010000000707805157,0.3571406304836273,1.0
2653,0.5365055298464103,71.81903870574807,38.31629564594169,100.0,0.010000000707805157,0.5063177347183228,1.0
2654,0.5781912061585287,63.754513990168654,40.11756445973677,100.0,0.010000000707805157,0.4007999300956726,1.0
2655,0.4077501373068944,49.15109102047405,41.27975675592412,100.0,0.010000000707805157,0.20235928893089294,1.0
2656,0.4788936250494712,58.23185434874584,38.38094828453834,100.0,0.010000000707805157,0.3566019535064697,1.0
2657,0.4789701416911992,58.22501289880161,38.38524314028263,100.0,0.010000000707805157,0.35638952255249023,1.0
2658,0.8140051563371391,94.70359343373725,40.75649557356508,100.0,0.010000000707805157,0.7871875762939453,1.0
2659,0.049166757296504944,1.0630041193552682,35.80342821421577,100.0,0.010000000707805157,0.009285608306527138,1.0
2660,0.04901770914789848,1.0589953940506458,35.799010195319084,100.0,0.010000000707805157,0.00925590842962265,1.0
2661,0.47457273346697104,64.53176569512075,39.9119691137278,100.0,0.010000000707805157,0.3509176969528198,1.0
2662,0.6276502448459432,76.28299177402093,39.53030888450275,100.0,0.010000000707805157,0.5489625930786133,1.0
2663,0.7068534484073258,80.74193472033245,40.57112962265459,100.0,0.010000000707805157,0.5924768447875977,1.0
2664,0.4222206048524575,72.35235299280721,38.210432996675934,100.0,0.010000000707805157,0.45598316192626953,1.0
2665,0.479341092880783,58.11077812812857,38.39624817885617,100.0,0.010000000707805157,0.35574907064437866,1.0
2666,0.6279788849689588,76.27774849994456,39.54264409420266,100.0,0.010000000707805157,0.5481722354888916,1.0
2667,0.5795349623561555,63.8139102784729,40.15614942487097,100.0,0.010000000707805157,0.39926469326019287,1.0
2668,0.6245558672868936,81.37078286664256,40.43300052289723,100.0,0.010000000707805157,0.5423628091812134,1.0
2669,0.04803949239854879,1.0284653850541492,35.759140479187295,100.0,0.010000000707805157,0.00907551497220993,1.0
2670,0.24672066510091512,41.568717787958654,38.212250302977566,100.0,0.010000000707805157,0.15740284323692322,1.0
2671,0.474916298215434,64.50595150317871,39.941721757555364,100.0,0.010000000707805157,0.3493735194206238,1.0
2672,0.47492850257414104,64.50374713011628,39.945935275246704,100.0,0.010000000707805157,0.3491479456424713,1.0
2673,0.7078403184190438,80.76204179951874,40.59280031173133,100.0,0.010000000707805157,0.5908116102218628,1.0
2674,0.47508108849442376,64.54971293055853,39.95610134554967,100.0,0.010000000707805157,0.348720908164978,1.0
2675,0.3453195184323438,58.76347550356383,38.228623536995926,100.0,0.010000000707805157,0.3051897883415222,1.0
2676,0.71403856866428,70.04961930924122,38.608041923146445,100.0,0.010000000707805157,0.6034027934074402,1.0
2677,0.4799927995110513,57.958627761977276,38.41863618040004,100.0,0.010000000707805157,0.35455945134162903,1.0
2678,0.48007356450372024,57.95195063938958,38.42297595813817,100.0,0.010000000707805157,0.35434725880622864,1.0
2679,0.5845173350178703,57.24980528002293,38.650909906906016,100.0,0.010000000707805157,0.4036601185798645,1.0
2680,0.47536756865305335,64.45605875429278,39.95615538276121,100.0,0.010000000707805157,0.3486107587814331,1.0
2681,0.6743101024251025,86.89380309824001,39.26202496618148,100.0,0.010000000707805157,0.6939518451690674,1.0
2682,0.24635283335637748,41.41201271582413,38.229057651055136,100.0,0.010000000707805157,0.15643654763698578,1.0
2683,0.5378565964653221,71.29436413356547,38.37220207443228,100.0,0.010000000707805157,0.5013257265090942,1.0
2684,0.4753964190631218,64.3983188084025,39.96685487073151,100.0,0.010000000707805157,0.3479725420475006,1.0
2685,0.4804181418257122,57.85984063426779,38.44196122055989,100.0,0.010000000707805157,0.3532262444496155,1.0
2686,0.6256315192531817,81.22719920674902,40.46701197712192,100.0,0.010000000707805157,0.5396783351898193,1.0
2687,0.2460874470311484,41.330004904414665,38.24266410845411,100.0,0.010000000707805157,0.15585783123970032,1.0
2688,0.533421119483534,76.60831758264563,39.45315491479163,100.0,0.010000000707805157,0.4946253299713135,1.0
2689,0.7128881799710499,75.54604654263805,39.74239343278767,100.0,0.010000000707805157,0.5947330594062805,1.0
2690,0.6781137620060262,81.96433403491558,38.46011453180862,100.0,0.010000000707805157,0.697161078453064,1.0
2691,0.630084247574613,76.11692234649962,39.606883410695694,100.0,0.010000000707805157,0.5439110994338989,1.0
2692,0.5819832503124932,63.83601318123512,40.220701951157345,100.0,0.010000000707805157,0.3966658413410187,1.0
2693,0.5383413327963253,71.16714959176292,38.400127843113644,100.0,0.010000000707805157,0.4990410804748535,1.0
2694,0.41594680034076303,40.42928694736645,38.7042735960577,100.0,0.010000000707805157,0.20499207079410553,1.0
2695,0.4812010310481147,57.81857949512899,38.479089441510745,100.0,0.010000000707805157,0.35158875584602356,1.0
2696,0.5778783003231063,69.83136771526848,41.35821893913984,100.0,0.010000000707805157,0.3915216326713562,1.0
2697,0.4813248589508539,57.79282980393437,38.48170666484856,100.0,0.010000000707805157,0.3514747619628906,1.0
2698,0.4163312296233479,40.43760801368253,38.72684892458042,100.0,0.010000000707805157,0.2046266347169876,1.0
2699,0.6794245178009893,81.94914974984134,38.49838044940773,100.0,0.010000000707805157,0.6942431926727295,1.0
2700,0.0448833981520872,0.9337075860925137,35.60776347980606,100.0,0.010000000707805157,0.008493860252201557,1.0
2701,0.41666205513176857,40.464502972938284,38.753964456578515,100.0,0.010000000707805157,0.20417878031730652,1.0
2702,0.476191085520696,64.24188041720717,39.99398434748463,100.0,0.010000000707805157,0.3464198112487793,1.0
2703,0.47620692278254123,64.23887585600447,39.99818347944372,100.0,0.010000000707805157,0.3461955487728119,1.0
2704,0.4168117858418884,40.41759166740637,38.752997691217956,100.0,0.010000000707805157,0.2041226476430893,1.0
2705,0.47627455338571834,64.21495113594789,40.000725157099886,100.0,0.010000000707805157,0.3460201919078827,1.0
2706,0.6271174619600209,81.11221719779729,40.50023127749781,100.0,0.010000000707805157,0.5372126698493958,1.0
2707,0.42079509193931275,71.31324420680873,38.27298536229108,100.0,0.010000000707805157,0.44712740182876587,1.0
2708,0.538996314637578,70.83630029249801,38.42694557885616,100.0,0.010000000707805157,0.4962785840034485,1.0
2709,0.24545378313745472,41.0145330077741,38.274747344640524,100.0,0.010000000707805157,0.15400832891464233,1.0
2710,0.24540651238075073,40.990350475650835,38.276663171884,100.0,0.010000000707805157,0.1538953185081482,1.0
2711,0.24535969184300338,40.966309754841134,38.27858060671354,100.0,0.010000000707805157,0.15378251671791077,1.0
2712,0.5339436099622382,76.1633823731087,39.49455821859571,100.0,0.010000000707805157,0.4905574917793274,1.0
2713,0.6271464280444494,80.95140181634578,40.515428344223764,100.0,0.010000000707805157,0.5357540249824524,1.0
2714,0.5859652307602274,86.63669681672772,39.230003752381904,100.0,0.010000000707805157,0.6353034973144531,1.0
2715,0.7122590873945788,80.62014450644544,40.669655521300115,100.0,0.010000000707805157,0.5859001874923706,1.0
2716,0.4170661205624468,40.148277720040774,38.71186876512924,100.0,0.010000000707805157,0.20425258576869965,1.0
2717,0.4172002725196118,40.162442515177474,38.723014633916364,100.0,0.010000000707805157,0.2040899097919464,1.0
2718,0.24504740831486665,40.86791744517349,38.29517543750877,100.0,0.010000000707805157,0.15313473343849182,1.0
2719,0.4107847811503253,49.250408428339874,41.38423047189005,100.0,0.010000000707805157,0.19851619005203247,1.0
2720,0.7166227115948998,75.3530392513617,39.814883913581184,100.0,0.010000000707805157,0.5905769467353821,1.0
2721,0.4109898010327215,49.29470659250005,41.39072004103819,100.0,0.010000000707805157,0.19831056892871857,1.0
2722,0.5796957097676897,69.86543257487456,41.40074129019829,100.0,0.010000000707805157,0.3884519636631012,1.0
2723,0.24494711396332175,40.80359767380576,38.29533792007525,100.0,0.010000000707805157,0.15302637219429016,1.0
2724,0.4767476697653889,64.08080898320695,40.05610683189543,100.0,0.010000000707805157,0.34292709827423096,1.0
2725,0.4767696305983084,64.07904778236848,40.06027641219133,100.0,0.010000000707805157,0.34270671010017395,1.0
2726,0.4767917857937663,64.07736505729623,40.06444348389888,100.0,0.010000000707805157,0.342486172914505,1.0
2727,0.2447349493688022,40.7304350404598,38.30638149513046,100.0,0.010000000707805157,0.15261590480804443,1.0
2728,0.7534117179344163,90.51057625413021,40.17973632312936,100.0,0.010000000707805157,0.7285210490226746,1.0
2729,0.482430849862668,57.13128444424463,38.51188564713402,100.0,0.010000000707805157,0.3486148715019226,1.0
2730,0.5344477634938979,76.02072876304672,39.54809572338376,100.0,0.010000000707805157,0.48664507269859314,1.0
2731,0.7178024919753232,75.27830700828733,39.83041965707557,100.0,0.010000000707805157,0.5895689725875854,1.0
2732,0.8268216031104197,90.34346937798121,40.30733735445118,100.0,0.010000000707805157,0.7787082195281982,1.0
2733,0.6334915575931107,75.75450474115365,39.70313918428956,100.0,0.010000000707805157,0.5372765064239502,1.0
2734,0.34341588126323014,57.598744577775726,38.32137254704098,100.0,0.010000000707805157,0.2966766953468323,1.0
2735,0.24452169480603525,40.647047009782774,38.321130730217924,100.0,0.010000000707805157,0.15199200809001923,1.0
2736,0.5810351600954503,70.06660975342112,41.43737309314158,100.0,0.010000000707805157,0.38599276542663574,1.0
2737,0.6377640648159818,69.84250002953158,38.61310339682392,100.0,0.010000000707805157,0.5435453057289124,1.0
2738,0.47747185096201455,64.09223461382149,40.099125162117716,100.0,0.010000000707805157,0.34082210063934326,1.0
2739,0.5399908279472175,70.15684740072201,38.47399537034361,100.0,0.010000000707805157,0.4915373921394348,1.0
2740,0.5863547909478133,63.72757206738854,40.32239737599748,100.0,0.010000000707805157,0.3920096158981323,1.0
2741,0.4776009362919135,64.07528231197604,40.10645594242876,100.0,0.010000000707805157,0.34043318033218384,1.0
2742,0.6341939624855765,75.66440155698938,39.72365687064792,100.0,0.010000000707805157,0.5357961058616638,1.0
2743,0.7160676323401252,80.92729740456377,40.74942128568012,100.0,0.010000000707805157,0.5804251432418823,1.0
2744,0.5351884377605771,75.99096363882033,39.588217527413434,100.0,0.010000000707805157,0.4839020371437073,1.0
2745,0.6300676314079732,81.24143933525397,40.61682395302403,100.0,0.010000000707805157,0.5281022787094116,1.0
2746,0.5871212536193184,63.826545190480445,40.343752347564376,100.0,0.010000000707805157,0.3910942077636719,1.0
2747,0.7205900819439833,75.49898941039693,39.89476689925347,100.0,0.010000000707805157,0.58644700050354,1.0
2748,0.5922021565825456,56.76212025791788,38.81494691062577,100.0,0.010000000707805157,0.39778026938438416,1.0
2749,0.4782765110250264,64.1682326668492,40.13350924549478,100.0,0.010000000707805157,0.33926236629486084,1.0
2750,0.7174534169561403,81.15635153139324,40.780840968261586,100.0,0.010000000707805157,0.578409731388092,1.0
2751,0.6399353567775773,69.86903425718207,38.670300830116865,100.0,0.010000000707805157,0.5410029292106628,1.0
2752,0.24419176954391722,40.45915225326899,38.338117142335264,100.0,0.010000000707805157,0.15107792615890503,1.0
2753,0.34299190828850085,57.26578788372986,38.34544087158246,100.0,0.010000000707805157,0.2945617437362671,1.0
2754,0.03950247883076191,0.7782214871157312,35.363133389103076,100.0,0.010000000707805157,0.007491397671401501,1.0
2755,0.41334549296448947,49.664310029091354,41.47683666180471,100.0,0.010000000707805157,0.19517993927001953,1.0
2756,0.4204790552350533,40.035099875112124,38.83511425349358,100.0,0.010000000707805157,0.2020580768585205,1.0
2757,0.3429266431935111,57.157106515950304,38.346891677433355,100.0,0.010000000707805157,0.29419243335723877,1.0
2758,0.5933732611213091,56.68449805272851,38.84894445332729,100.0,0.010000000707805157,0.39654091000556946,1.0
2759,0.7225908619508572,75.5382430450062,39.943505398324845,100.0,0.010000000707805157,0.5839606523513794,1.0
2760,0.24409963782050492,40.32698239544812,38.340530044462234,100.0,0.010000000707805157,0.15062379837036133,1.0
2761,0.47874230945983354,64.0107587622566,40.14615782765953,100.0,0.010000000707805157,0.3383713364601135,1.0
2762,0.47876786029229035,64.00804312832287,40.150212445972755,100.0,0.010000000707805157,0.3381521701812744,1.0
2763,0.413734988524967,49.652948874098016,41.48489669142011,100.0,0.010000000707805157,0.19480431079864502,1.0
2764,0.24393259182069751,40.25271440523319,38.348377022887824,100.0,0.010000000707805157,0.15030568838119507,1.0
2765,0.4137779569272047,49.64280109360297,41.48710213635422,100.0,0.010000000707805157,0.19464229047298431,1.0
2766,0.4211932306240108,39.95163317284057,38.85822256752921,100.0,0.010000000707805157,0.20152981579303741,1.0
2767,0.727429324719319,69.47682575601627,38.888442486888614,100.0,0.010000000707805157,0.58991938829422,1.0
2768,0.4857073502518858,56.82042516720196,38.62121207145464,100.0,0.010000000707805157,0.3440132141113281,1.0
2769,0.5898919009504622,63.86434597526426,40.41371984924563,100.0,0.010000000707805157,0.3883644938468933,1.0
2770,0.038192378082328914,0.7424093513352966,35.29228681565746,100.0,0.010000000707805157,0.00724022975191474,1.0
2771,0.5424450384241478,69.6753352553967,38.53592705001677,100.0,0.010000000707805157,0.4868888854980469,1.0
2772,0.34286834468985045,56.848395661530134,38.3507056300989,100.0,0.010000000707805157,0.2929134964942932,1.0
2773,0.24387517884948628,40.11664620802823,38.35065565769057,100.0,0.010000000707805157,0.14980274438858032,1.0
2774,0.6374604620513892,75.43485539519158,39.79857994165056,100.0,0.010000000707805157,0.5309728980064392,1.0
2775,0.5845058020593542,70.23891570279118,41.49519571361492,100.0,0.010000000707805157,0.38211822509765625,1.0
2776,0.5846890391527891,70.3088459242937,41.50219529542746,100.0,0.010000000707805157,0.3815593123435974,1.0
2777,0.5365300115313858,75.5393535190216,39.64003053564398,100.0,0.010000000707805157,0.47938841581344604,1.0
2778,0.6378296707249583,75.45174102156636,39.81123576360697,100.0,0.010000000707805157,0.5301892757415771,1.0
2779,0.8264264536596193,99.9759210962697,41.525939416961464,100.0,0.010000000707805157,0.7548593878746033,1.0
2780,0.5909978282509845,63.91242856271282,40.43901778544681,100.0,0.010000000707805157,0.38704851269721985,1.0
2781,0.7257102048995444,75.53173861980241,40.00184708294529,100.0,0.010000000707805157,0.5807094573974609,1.0
2782,0.03710617556932887,0.7118397709421533,35.23915236524977,100.0,0.010000000707805157,0.007036725524812937,1.0
2783,0.03701626734069537,0.7097058552101934,35.23582571827215,100.0,0.010000000707805157,0.007018820848315954,1.0
2784,0.5369686104294135,75.54884009169025,39.659473108515165,100.0,0.010000000707805157,0.478154718875885,1.0
2785,0.4866520564303888,56.533520847645015,38.64181231932985,100.0,0.010000000707805157,0.3427582383155823,1.0
2786,0.42304720703535087,39.910449071874794,38.9295716035393,100.0,0.010000000707805157,0.20028766989707947,1.0
2787,0.48689571095280415,56.531098672632936,38.65072578171911,100.0,0.010000000707805157,0.34240642189979553,1.0
2788,0.4152367855337336,49.776454796197946,41.526957634701525,100.0,0.010000000707805157,0.19299378991127014,1.0
2789,0.2435054366131318,39.89894072882249,38.3654962814578,100.0,0.010000000707805157,0.14901895821094513,1.0
2790,0.41528228100293435,49.767477646929976,41.52906134083329,100.0,0.010000000707805157,0.19283412396907806,1.0
2791,0.41534169013873873,49.78250067041255,41.53199846242576,100.0,0.010000000707805157,0.19268091022968292,1.0
2792,0.5433055709696586,69.18309997570019,38.55877766505482,100.0,0.010000000707805157,0.48450779914855957,1.0
2793,0.7224765513123681,81.13382277336375,40.865385323554364,100.0,0.010000000707805157,0.5719069838523865,1.0
2794,0.48031564431575674,63.86725392582143,40.217328532743075,100.0,0.010000000707805157,0.33440160751342773,1.0
2795,0.42367738357568885,39.82322873325784,38.94300465992458,100.0,0.010000000707805157,0.1999482661485672,1.0
2796,0.6342372579467286,81.17279350573688,40.712906264703484,100.0,0.010000000707805157,0.519991934299469,1.0
2797,0.4874091812682093,56.34317936212331,38.6592076897607,100.0,0.010000000707805157,0.341778963804245,1.0
2798,0.6398705799467481,75.3691244322882,39.859662871376855,100.0,0.010000000707805157,0.5271015763282776,1.0
2799,0.4159297227532531,49.8750834608679,41.550619845640114,100.0,0.010000000707805157,0.19192349910736084,1.0
2800,0.48764984885025303,56.31068507600562,38.66635563257048,100.0,0.010000000707805157,0.3414528965950012,1.0
2801,0.7671325601360709,85.40223809347128,39.66972405407456,100.0,0.010000000707805157,0.7198097705841064,1.0
2802,0.5934724948069992,63.94452355853851,40.49679063804337,100.0,0.010000000707805157,0.38449329137802124,1.0
2803,0.48813237090813216,56.34353431717356,38.68445027475382,100.0,0.010000000707805157,0.34086844325065613,1.0
2804,0.6350642030097452,81.20887543740854,40.72986523674995,100.0,0.010000000707805157,0.5187170505523682,1.0
2805,0.5938787702318975,63.97901871492527,40.50697749425707,100.0,0.010000000707805157,0.3840463161468506,1.0
2806,0.3421204745779947,56.186126956013304,38.3859502944499,100.0,0.010000000707805157,0.2897103428840637,1.0
2807,0.724655457557103,81.3318618069281,40.906299345423086,100.0,0.010000000707805157,0.5689231157302856,1.0
2808,0.24313224570237058,39.64249563100628,38.38537554270667,100.0,0.010000000707805157,0.14795324206352234,1.0
2809,0.41665114412228044,49.96755634828462,41.57034409447192,100.0,0.010000000707805157,0.19110649824142456,1.0
2810,0.42513232491203806,39.798361238830275,38.99716822183323,100.0,0.010000000707805157,0.1990099549293518,1.0
2811,0.7300556306982697,75.49816384115637,40.0858765362924,100.0,0.010000000707805157,0.5759204030036926,1.0
2812,0.5884927284662534,70.8412745013326,41.58044385480593,100.0,0.010000000707805157,0.37546607851982117,1.0
2813,0.5449453069091224,68.88154117529626,38.599876127387866,100.0,0.010000000707805157,0.48165735602378845,1.0
2814,0.6418654596507707,75.38554386386637,39.90673380818196,100.0,0.010000000707805157,0.5242770314216614,1.0
2815,0.4816043497684866,63.856824997713204,40.26571411005257,100.0,0.010000000707805157,0.33186736702919006,1.0
2816,0.42584940291395057,39.82575339110904,39.0301744562645,100.0,0.010000000707805157,0.19849418103694916,1.0
2817,0.4172283121104567,50.03485950541861,41.584216933968364,100.0,0.010000000707805157,0.19050493836402893,1.0
2818,0.03418120544745945,0.6335186232906278,35.080287640743535,100.0,0.010000000707805157,0.006483106408268213,1.0
2819,0.647787418078651,68.94062637246726,38.82710984811396,100.0,0.010000000707805157,0.5316426753997803,1.0
2820,0.7316522805722488,75.56253183356262,40.12086309675809,100.0,0.010000000707805157,0.5740399956703186,1.0
2821,0.03402252274463857,0.629136358537215,35.06570612432729,100.0,0.010000000707805157,0.006452740170061588,1.0
2822,0.6367093955087972,81.24674755212584,40.7633931708061,100.0,0.010000000707805157,0.5157836079597473,1.0
2823,0.41761280402112677,50.06880557491574,41.592735745907035,100.0,0.010000000707805157,0.190082386136055,1.0
2824,0.7322923700551855,75.58195148164965,40.13310014320745,100.0,0.010000000707805157,0.5733652710914612,1.0
2825,0.3419894762700984,55.827207894475,38.38983078936141,100.0,0.010000000707805157,0.2885550260543823,1.0
2826,0.42692481142785116,39.83840244612283,39.08058840016368,100.0,0.010000000707805157,0.19767937064170837,1.0
2827,0.5389787038552467,75.08612451267632,39.733709595918484,100.0,0.010000000707805157,0.47207415103912354,1.0
2828,0.48224470682852444,63.77029093240892,40.285534590104476,100.0,0.010000000707805157,0.3306455910205841,1.0
2829,0.033340563131978695,0.6115236268926122,35.031112605389154,100.0,0.010000000707805157,0.006324311252683401,1.0
2830,0.4822722597446751,63.74150216740841,40.28864102668674,100.0,0.010000000707805157,0.3304087519645691,1.0
2831,0.4270879874143839,39.73214384259909,39.07047366729596,100.0,0.010000000707805157,0.19767765700817108,1.0
2832,0.5968665304757766,64.00673378179297,40.573211398731665,100.0,0.010000000707805157,0.3809046745300293,1.0
2833,0.6437506712684513,75.24014233920549,39.946110299741186,100.0,0.010000000707805157,0.5215526223182678,1.0
2834,0.34179842504354496,55.622345749549,38.40193084960207,100.0,0.010000000707805157,0.2874506115913391,1.0
2835,0.6497228199920675,68.73946472362715,38.86776930324192,100.0,0.010000000707805157,0.5291380882263184,1.0
2836,0.24279444949409096,39.24163683586176,38.40172588294979,100.0,0.010000000707805157,0.14654937386512756,1.0
2837,0.48254832720089347,63.65532208481967,40.297679544314924,100.0,0.010000000707805157,0.32980793714523315,1.0
2838,0.4907394357455893,55.87724193099077,38.75443740188191,100.0,0.010000000707805157,0.33737313747406006,1.0
2839,0.597575596073088,63.97272352000842,40.586571850060196,100.0,0.010000000707805157,0.38024717569351196,1.0
2840,0.4827028779226777,63.640683667241575,40.30313341873747,100.0,0.010000000707805157,0.32948747277259827,1.0
2841,0.4827332058174614,63.63855901235198,40.306947238303906,100.0,0.010000000707805157,0.3292713761329651,1.0
2842,0.590977258338996,70.95682520917741,41.6193705158239,100.0,0.010000000707805157,0.37194347381591797,1.0
2843,0.4280958098542049,39.66404089984294,39.10093164251985,100.0,0.010000000707805157,0.19701550900936127,1.0
2844,0.3415844649618061,55.40348738238881,38.415821759919204,100.0,0.010000000707805157,0.28620871901512146,1.0
2845,0.3415230903615195,55.3713419697492,38.42124670241979,100.0,0.010000000707805157,0.2858627438545227,1.0
2846,0.7398981568749511,68.85870450057133,39.11656395228741,100.0,0.010000000707805157,0.5789064168930054,1.0
2847,0.2425929153244207,39.07346646781516,38.41662640430388,100.0,0.010000000707805157,0.1457788646221161,1.0
2848,0.49143369042159707,55.73732283438239,38.77557597418354,100.0,0.010000000707805157,0.33619868755340576,1.0
2849,0.6384762701693152,81.0362719397892,40.80603612832219,100.0,0.010000000707805157,0.5117424130439758,1.0
2850,0.6053287780852821,56.181488169904576,39.138361761810984,100.0,0.010000000707805157,0.38690245151519775,1.0
2851,0.5989008502571508,63.972317722938456,40.61404041653035,100.0,0.010000000707805157,0.3789091110229492,1.0
2852,0.41911694470963357,50.07065603668068,41.621619819720294,100.0,0.010000000707805157,0.18858012557029724,1.0
2853,0.4833055182857177,63.552517848959965,40.32545018952924,100.0,0.010000000707805157,0.3281208276748657,1.0
2854,0.5992107468644872,63.98494481958864,40.62076573761313,100.0,0.010000000707805157,0.3785254955291748,1.0
2855,0.6458778370561206,75.05437190006748,39.993595421832865,100.0,0.010000000707805157,0.5180715918540955,1.0
2856,0.49223894932409995,55.68088079738442,38.79693210154372,100.0,0.010000000707805157,0.335404634475708,1.0
2857,0.6461390832847196,75.04906037077383,39.9994319891951,100.0,0.010000000707805157,0.5176858901977539,1.0
2858,0.42976432646044993,39.71377606648246,39.1807253499188,100.0,0.010000000707805157,0.1956116408109665,1.0
2859,0.5999854544641292,64.03830115960288,40.639342439903835,100.0,0.010000000707805157,0.3777579665184021,1.0
2860,0.6466109365158883,75.06832129329196,40.00876198937226,100.0,0.010000000707805157,0.5171590447425842,1.0
2861,0.031035373884645775,0.5521524966964028,34.88637049104996,100.0,0.010000000707805157,0.005890707951039076,1.0
2862,0.48383576761875574,63.51881631147925,40.33931658057943,100.0,0.010000000707805157,0.32729801535606384,1.0
2863,0.6398461674604842,81.1119552558834,40.83300140919804,100.0,0.010000000707805157,0.5092693567276001,1.0
2864,0.4928871633738596,55.58238965164582,38.81342113428884,100.0,0.010000000707805157,0.33463042974472046,1.0
2865,0.5404377124609471,74.57341057743936,39.80231497409424,100.0,0.010000000707805157,0.46606582403182983,1.0
2866,0.6902447401305027,84.59105189660427,39.67101065001683,100.0,0.010000000707805157,0.6554883718490601,1.0
2867,0.42011495588320935,50.19004394865737,41.647174247502406,100.0,0.010000000707805157,0.18728962540626526,1.0
2868,0.6402694080859614,81.14600158642979,40.8495751308635,100.0,0.010000000707805157,0.507746160030365,1.0
2869,0.4841799838723367,63.53679855483508,40.36800310313033,100.0,0.010000000707805157,0.32572299242019653,1.0
2870,0.49305005561087334,55.42630240705957,38.81603377254306,100.0,0.010000000707805157,0.3341419994831085,1.0
2871,0.48424192916719894,63.51200529961197,40.37163057567877,100.0,0.010000000707805157,0.32548558712005615,1.0
2872,0.6011728307316949,64.0204673503449,40.659670994317345,100.0,0.010000000707805157,0.3763532340526581,1.0
2873,0.6843404979674894,90.10728436108178,40.38502641458986,100.0,0.010000000707805157,0.6452587842941284,1.0
2874,0.34096645494599365,54.77492242049889,38.460192541997216,100.0,0.010000000707805157,0.2825429439544678,1.0
2875,0.6014128165789024,64.00779382036792,40.66276392086328,100.0,0.010000000707805157,0.3760623037815094,1.0
2876,0.49336950667670176,55.31090156062983,38.824473541351146,100.0,0.010000000707805157,0.33353444933891296,1.0
2877,0.02971081236008265,0.5190935634447448,34.812985956684535,100.0,0.010000000707805157,0.0056442199274897575,1.0
2878,0.4170051637631399,67.07804228299084,38.469071780117375,100.0,0.010000000707805157,0.4204813838005066,1.0
2879,0.029536492272722998,0.5150417033656062,34.804408552045686,100.0,0.010000000707805157,0.005612341221421957,1.0
2880,0.4310653386011973,39.408839374773144,39.178967939050274,100.0,0.010000000707805157,0.1950725018978119,1.0
2881,0.7337381127415377,81.47623225389081,41.04569791155205,100.0,0.010000000707805157,0.5566607117652893,1.0
2882,0.4846624635951466,63.42273038105947,40.39342823271926,100.0,0.010000000707805157,0.3240942060947418,1.0
2883,0.42098044096509407,50.276026630851725,41.6706961156865,100.0,0.010000000707805157,0.18585872650146484,1.0
2884,0.5490421023972186,67.39313558069746,38.71428464966986,100.0,0.010000000707805157,0.4710407853126526,1.0
2885,0.43153412405403857,39.38850616131041,39.1934532153799,100.0,0.010000000707805157,0.19479340314865112,1.0
2886,0.7344242067983702,81.52265263639292,41.056565036150715,100.0,0.010000000707805157,0.5556260943412781,1.0
2887,0.6026596360249167,63.99524959705223,40.68703139861965,100.0,0.010000000707805157,0.3747388422489166,1.0
2888,0.49429287515558074,55.15588783950895,38.847754670049135,100.0,0.010000000707805157,0.3323565721511841,1.0
2889,0.4944076576781174,55.15423835804129,38.85232625562815,100.0,0.010000000707805157,0.3321504294872284,1.0
2890,0.4850916827612451,63.38064071731643,40.40507103919664,100.0,0.010000000707805157,0.32335126399993896,1.0
2891,0.34079271929390387,54.41958472413017,38.47599492546023,100.0,0.010000000707805157,0.28078728914260864,1.0
2892,0.49446901152334244,55.077239592658856,38.85495358739146,100.0,0.010000000707805157,0.3317815363407135,1.0
2893,0.656186425695731,67.85998038555776,38.99090766656957,100.0,0.010000000707805157,0.5204442739486694,1.0
2894,0.6565411580043735,67.91357328447444,39.00394005043567,100.0,0.010000000707805157,0.5198195576667786,1.0
2895,0.7422357860281353,75.34763036920326,40.29980972289041,100.0,0.010000000707805157,0.562170147895813,1.0
2896,0.4217587934714694,50.25790559343089,41.67745609869367,100.0,0.010000000707805157,0.18556654453277588,1.0
2897,0.4332316729196933,39.53089520408613,39.2861665991195,100.0,0.010000000707805157,0.19326725602149963,1.0
2898,0.6007726076963329,77.60950852487893,38.69080125167205,100.0,0.010000000707805157,0.6058284044265747,1.0
2899,0.6502971562310911,74.72399961776645,40.09208988466925,100.0,0.010000000707805157,0.5106449127197266,1.0
2900,0.6426682684193696,80.97739532289495,40.89834991923663,100.0,0.010000000707805157,0.5029836297035217,1.0
2901,0.2417974960798623,38.286215913197765,38.483908588096035,100.0,0.010000000707805157,0.14233769476413727,1.0
2902,0.4956752665649161,55.05525821472059,38.89717184483606,100.0,0.010000000707805157,0.33001747727394104,1.0
2903,0.4856826514985872,63.23466827316886,40.4234048580744,100.0,0.010000000707805157,0.3221653401851654,1.0
2904,0.4337461964197345,39.46865796727794,39.29544666060199,100.0,0.010000000707805157,0.19290384650230408,1.0
2905,0.6507922020747766,74.65697115326697,40.1030814969963,100.0,0.010000000707805157,0.5096931457519531,1.0
2906,0.6130472732483211,55.95873247907349,39.32041681639329,100.0,0.010000000707805157,0.3801044523715973,1.0
2907,0.6052413722564399,64.03697683202829,40.73916315947139,100.0,0.010000000707805157,0.3722456097602844,1.0
2908,0.4964732952470468,55.06221123630696,38.922008380405664,100.0,0.010000000707805157,0.3291054964065552,1.0
2909,0.6055426164581182,64.05455880993131,40.745874624945365,100.0,0.010000000707805157,0.3719421327114105,1.0
2910,0.48613221455813577,63.203237385123394,40.429112004314405,100.0,0.010000000707805157,0.32175755500793457,1.0
2911,0.6057759864169128,64.06680871574841,40.7505709982875,100.0,0.010000000707805157,0.371652752161026,1.0
2912,0.49688236731150087,55.03130341707834,38.93256191602302,100.0,0.010000000707805157,0.3286788761615753,1.0
2913,0.42274840114451684,50.28863352081696,41.69186244980957,100.0,0.010000000707805157,0.18468184769153595,1.0
2914,0.4228057233832646,50.30395408762226,41.69383709561559,100.0,0.010000000707805157,0.18453091382980347,1.0
2915,0.34077718664094736,53.95838349526478,38.49092516983877,100.0,0.010000000707805157,0.2785552442073822,1.0
2916,0.5424498178326634,73.87674563212842,39.895506856354054,100.0,0.010000000707805157,0.4577175974845886,1.0
2917,0.8568141811379546,90.83140876696388,40.764076964103694,100.0,0.010000000707805157,0.7376859188079834,1.0
2918,0.48654291622996293,63.18915109092549,40.44844122096962,100.0,0.010000000707805157,0.3205539584159851,1.0
2919,0.48657441470527335,63.18645384070102,40.45186973287851,100.0,0.010000000707805157,0.32033950090408325,1.0
2920,0.6150414486053684,55.892735725644954,39.36361743195033,100.0,0.010000000707805157,0.3785216212272644,1.0
2921,0.7394391751913337,81.70553786660889,41.1264332189777,100.0,0.010000000707805157,0.5493999719619751,1.0
2922,0.43588222033475527,39.51524620700823,39.38260059670879,100.0,0.010000000707805157,0.1913789063692093,1.0
2923,0.5981893687798184,71.42068371210266,41.712701910844274,100.0,0.010000000707805157,0.36236926913261414,1.0
2924,0.49783102999176854,54.85773411559473,38.95242661989908,100.0,0.010000000707805157,0.3276854157447815,1.0
2925,0.4979487237273216,54.856816267217084,38.95691311018112,100.0,0.010000000707805157,0.3274805247783661,1.0
2926,0.49806621766126946,54.85595949368584,38.96140057940941,100.0,0.010000000707805157,0.3272753655910492,1.0
2927,0.24164123635894486,37.92486373499238,38.497650613692215,100.0,0.010000000707805157,0.14114165306091309,1.0
2928,0.24162370332782127,37.906631395933246,38.50008457169143,100.0,0.010000000707805157,0.14104874432086945,1.0
2929,0.6077281119451846,64.07419458607856,40.786169656937204,100.0,0.010000000707805157,0.3694744408130646,1.0
2930,0.8527491328483827,96.2623883960971,41.3023436475919,100.0,0.010000000707805157,0.7267707586288452,1.0
2931,0.6621163239506886,67.68639709207683,39.1278152859283,100.0,0.010000000707805157,0.5127593278884888,1.0
2932,0.6173930133078682,56.04260837920296,39.442729214904794,100.0,0.010000000707805157,0.3759717345237732,1.0
2933,0.6177925888857464,56.12576375802282,39.463398785466296,100.0,0.010000000707805157,0.3753575384616852,1.0
2934,0.41696197510450816,65.75082678894093,38.50274537278147,100.0,0.010000000707805157,0.41334399580955505,1.0
2935,0.6546148411600509,74.6173968743399,40.1786565817117,100.0,0.010000000707805157,0.5042886734008789,1.0
2936,0.4875717748145405,63.08198440693011,40.47110282470225,100.0,0.010000000707805157,0.3189934194087982,1.0
2937,0.24161559061944046,37.78531101977969,38.50618866746186,100.0,0.010000000707805157,0.14057131111621857,1.0
2938,0.5540639931174902,66.65130843256689,38.84301434074651,100.0,0.010000000707805157,0.46125686168670654,1.0
2939,0.6091879835983877,64.14126021935854,40.81511196900483,100.0,0.010000000707805157,0.36796092987060547,1.0
2940,0.5995421246559798,71.40024315489084,41.7222170236845,100.0,0.010000000707805157,0.3611627221107483,1.0
2941,0.6551395555924509,74.56150536691402,40.190274104020176,100.0,0.010000000707805157,0.5032280683517456,1.0
2942,0.42457642312596194,50.44444151998059,41.72286393979061,100.0,0.010000000707805157,0.18256083130836487,1.0
2943,0.5999090791420822,71.5034489398241,41.72935471179044,100.0,0.010000000707805157,0.3601270914077759,1.0
2944,0.7504516588374522,75.53866663295304,40.44609511095603,100.0,0.010000000707805157,0.5520623326301575,1.0
2945,0.6465838326427007,81.0236962858048,40.968732160749624,100.0,0.010000000707805157,0.4951448440551758,1.0
2946,0.6043820521223221,76.5645519367776,38.77438835063711,100.0,0.010000000707805157,0.5962125062942505,1.0
2947,0.6102911662141226,64.23568272663097,40.83673896723893,100.0,0.010000000707805157,0.366502970457077,1.0
2948,0.6005631261981169,71.63811734003303,41.73896043011163,100.0,0.010000000707805157,0.3588360548019409,1.0
2949,0.4251915175134525,50.599547075336886,41.73776800960929,100.0,0.010000000707805157,0.18144257366657257,1.0
2950,0.7515012409438881,75.57453673000099,40.46244409287723,100.0,0.010000000707805157,0.5507546663284302,1.0
2951,0.5005255693590093,54.600845768654125,39.02548097956698,100.0,0.010000000707805157,0.32435840368270874,1.0
2952,0.024999047496037572,0.4048847563925137,34.46640178611373,100.0,0.010000000707805157,0.004756389185786247,1.0
2953,0.7441328514103088,82.00543321443949,41.191024870159765,100.0,0.010000000707805157,0.5423517227172852,1.0
2954,0.5008125981924653,54.57289315963179,39.03184623860258,100.0,0.010000000707805157,0.32408440113067627,1.0
2955,0.4255626756461954,50.63056883445353,41.741997328623064,100.0,0.010000000707805157,0.18104703724384308,1.0
2956,0.6569647449291472,74.57066816984285,40.226490630586746,100.0,0.010000000707805157,0.5003717541694641,1.0
2957,0.4887951872882476,63.09850380252834,40.51473666650956,100.0,0.010000000707805157,0.3159834146499634,1.0
2958,0.024636559407069634,0.39659950904571295,34.4410128421148,100.0,0.010000000707805157,0.004687038250267506,1.0
2959,0.3404210741148016,53.04785295783601,38.52436846584721,100.0,0.010000000707805157,0.27473652362823486,1.0
2960,0.6116584439970092,64.25570898325294,40.860493162948664,100.0,0.010000000707805157,0.3647838830947876,1.0
2961,0.48888167956270284,63.049200778889386,40.52054014558952,100.0,0.010000000707805157,0.3155162036418915,1.0
2962,0.4889092105716974,63.045934181849844,40.523648787107355,100.0,0.010000000707805157,0.3153011202812195,1.0
2963,0.48893672862219034,63.04277420787649,40.526742063521986,100.0,0.010000000707805157,0.3150860667228699,1.0
2964,0.5447191443968618,73.40690348563938,39.984046201167125,100.0,0.010000000707805157,0.4497346878051758,1.0
2965,0.4399490113372779,39.30565258051311,39.49638993323975,100.0,0.010000000707805157,0.18873657286167145,1.0
2966,0.5447652600579735,73.36817953459666,39.9878300712994,100.0,0.010000000707805157,0.44935673475265503,1.0
2967,0.8582123521647509,96.65403125142701,41.36028700947851,100.0,0.010000000707805157,0.7155477404594421,1.0
2968,0.24112016285355659,37.28946683332724,38.54136686401403,100.0,0.010000000707805157,0.13890014588832855,1.0
2969,0.2411055376261696,37.272180646265625,38.54387613340057,100.0,0.010000000707805157,0.13880932331085205,1.0
2970,0.7457422123640283,82.00576086179542,41.20770351896469,100.0,0.010000000707805157,0.5390076637268066,1.0
2971,0.7757065836632778,95.96552589392067,41.229714501937536,100.0,0.010000000707805157,0.6638784408569336,1.0
2972,0.7838509691595288,90.32226656439403,40.72249175431488,100.0,0.010000000707805157,0.672311007976532,1.0
2973,0.5016539754133176,54.09821133158159,39.04047362155397,100.0,0.010000000707805157,0.3227785527706146,1.0
2974,0.41602380142205964,64.60582266275408,38.561585475650645,100.0,0.010000000707805157,0.4069148302078247,1.0
2975,0.6489027983442589,81.1648304489409,41.03005187856509,100.0,0.010000000707805157,0.48711931705474854,1.0
2976,0.33985774723212253,52.60132817756993,38.56891550509728,100.0,0.010000000707805157,0.2720116376876831,1.0
2977,0.5451211872327836,73.26965523691136,40.028245728372525,100.0,0.010000000707805157,0.4459293782711029,1.0
2978,0.02318837386309712,0.36396088338030985,34.344929086576556,100.0,0.010000000707805157,0.004417009185999632,1.0
2979,0.6583284586559501,74.22727373204948,40.26045548680931,100.0,0.010000000707805157,0.4962862432003021,1.0
2980,0.24081401441943248,37.06417595771988,38.576461165148686,100.0,0.010000000707805157,0.13775017857551575,1.0
2981,0.6584639947312291,74.19584123718357,40.26317604807107,100.0,0.010000000707805157,0.49597132205963135,1.0
2982,0.44093641255768695,39.011804392317174,39.48029468692148,100.0,0.010000000707805157,0.18842682242393494,1.0
2983,0.489725907498443,62.95680525878124,40.57733955403202,100.0,0.010000000707805157,0.31146109104156494,1.0
2984,0.5020130185541203,53.82849631513816,39.04974066025013,100.0,0.010000000707805157,0.32157647609710693,1.0
2985,0.4270673485438417,50.815759809198276,41.76874330918096,100.0,0.010000000707805157,0.17799684405326843,1.0
2986,0.44124769525411794,38.98948490489067,39.489454222108684,100.0,0.010000000707805157,0.18819670379161835,1.0
2987,0.603571334402894,72.01438757902446,41.77353275967504,100.0,0.010000000707805157,0.35158848762512207,1.0
2988,0.4899257728084796,62.94745092479414,40.58418155253169,100.0,0.010000000707805157,0.31083768606185913,1.0
2989,0.4272813828010211,50.87623778918729,41.77239056813472,100.0,0.010000000707805157,0.177446648478508,1.0
2990,0.5565574497890898,65.29224678972106,38.90271683238424,100.0,0.010000000707805157,0.4546049237251282,1.0
2991,0.545504797297352,73.06803889040465,40.051055913820534,100.0,0.010000000707805157,0.4435492753982544,1.0
2992,0.3396005613594159,52.226918652796414,38.59793636899233,100.0,0.010000000707805157,0.2698955535888672,1.0
2993,0.33956862211903366,52.19827927107462,38.60366665967499,100.0,0.010000000707805157,0.2695716619491577,1.0
2994,0.668242128326758,66.30993901969565,39.2030437240921,100.0,0.010000000707805157,0.5048383474349976,1.0
2995,0.3395783823931254,52.1571747095221,38.60910462453074,100.0,0.010000000707805157,0.2691460847854614,1.0
2996,0.5958291017309931,81.84465320484105,39.76036885158054,100.0,0.010000000707805157,0.5748176574707031,1.0
2997,0.24057222370424958,36.776370660265364,38.619106047054906,100.0,0.010000000707805157,0.1362231969833374,1.0
2998,0.4416707499904387,38.76961641274935,39.469278348415436,100.0,0.010000000707805157,0.1879671961069107,1.0
2999,0.5567607447038756,65.03067050275237,38.92455904128571,100.0,0.010000000707805157,0.4520410895347595,1.0
3000,0.7644424684088361,67.45496055571189,39.499627335702804,100.0,0.010000000707805157,0.5549672245979309,1.0
3001,0.44234708207638246,38.89336777919986,39.51352081708222,100.0,0.010000000707805157,0.18720480799674988,1.0
3002,0.660125724230404,73.91276566556411,40.295124450726505,100.0,0.010000000707805157,0.4925549030303955,1.0
3003,0.4903419630284302,62.695780887971125,40.604935510487685,100.0,0.010000000707805157,0.3092835247516632,1.0
3004,0.5458174421499739,72.76703564322656,40.075098093813956,100.0,0.010000000707805157,0.44106394052505493,1.0
3005,0.6602999798598013,73.86762413020996,40.299807824833486,100.0,0.010000000707805157,0.49194449186325073,1.0
3006,0.6046740471765439,71.92486505477855,41.77798375388989,100.0,0.010000000707805157,0.3499735891819,1.0
3007,0.6048040612732589,71.98818040029492,41.779956660312294,100.0,0.010000000707805157,0.349404513835907,1.0
3008,0.7949165296635479,83.61772174306914,40.13449351475457,100.0,0.010000000707805157,0.6745868921279907,1.0
3009,0.6703840784159921,66.18664290837432,39.250960521669825,100.0,0.010000000707805157,0.501329779624939,1.0
3010,0.7499765273958532,81.99674382218252,41.24604818798396,100.0,0.010000000707805157,0.5315666198730469,1.0
3011,0.5581333164219274,64.88553395336041,38.956819798661925,100.0,0.010000000707805157,0.4497113823890686,1.0
3012,0.6163814913644738,64.10812066620164,40.91783713727397,100.0,0.010000000707805157,0.35854244232177734,1.0
3013,0.651223129585983,80.957436080687,41.07816941495788,100.0,0.010000000707805157,0.4799281358718872,1.0
3014,0.6615566815288789,73.92121231997325,40.32458828043867,100.0,0.010000000707805157,0.4896758198738098,1.0
3015,0.6616941666436723,73.92276145130609,40.32733167250286,100.0,0.010000000707805157,0.4894169569015503,1.0
3016,0.5045755198618078,53.37802401491215,39.12211255797909,100.0,0.010000000707805157,0.3173012435436249,1.0
3017,0.7510233829861853,82.09853414297412,41.25752817029398,100.0,0.010000000707805157,0.5295573472976685,1.0
3018,0.5048361294730186,53.37018517391387,39.12891602925878,100.0,0.010000000707805157,0.31702396273612976,1.0
3019,0.020890205832637076,0.313459219762397,34.15039722046488,100.0,0.010000000707805157,0.003986704628914595,1.0
3020,0.5589179428803942,64.72790848977925,38.9756014165303,100.0,0.010000000707805157,0.4481196999549866,1.0
3021,0.49129942339570487,62.6776229235398,40.63710695330597,100.0,0.010000000707805157,0.3065510392189026,1.0
3022,0.5050587302650712,53.30742128067351,39.13564307214602,100.0,0.010000000707805157,0.3165120482444763,1.0
3023,0.240505679000862,36.38819944825153,38.64404705100117,100.0,0.010000000707805157,0.13477011024951935,1.0
3024,0.49135024363613655,62.62954943761218,40.64068290878917,100.0,0.010000000707805157,0.3062380254268646,1.0
3025,0.020585126269184028,0.30711985050675356,34.126504065791835,100.0,0.010000000707805157,0.00392987672239542,1.0
3026,0.5590982746423546,64.5685537513482,38.98324323030386,100.0,0.010000000707805157,0.44708773493766785,1.0
3027,0.5052730736864542,53.21858215132462,39.14189753416856,100.0,0.010000000707805157,0.3159297704696655,1.0
3028,0.429007918394288,50.84627509507099,41.78107958886308,100.0,0.010000000707805157,0.17529845237731934,1.0
3029,0.49145950523597925,62.56414084623554,40.645651500563346,100.0,0.010000000707805157,0.30575186014175415,1.0
3030,0.6179004237475194,64.03827074674547,40.93514077614402,100.0,0.010000000707805157,0.35647279024124146,1.0
3031,0.020305359579132962,0.30125757602480163,34.10263682833507,100.0,0.010000000707805157,0.0038768923841416836,1.0
3032,0.7521644773016409,81.98278574956403,41.263941452938475,100.0,0.010000000707805157,0.527543306350708,1.0
3033,0.8659247412837164,96.83063647442216,41.414976601472134,100.0,0.010000000707805157,0.6981983184814453,1.0
3034,0.6184881696668064,64.12644793673118,40.94626407426704,100.0,0.010000000707805157,0.3554489016532898,1.0
3035,0.50597686309481,53.10766210861776,39.1534207759491,100.0,0.010000000707805157,0.3153921067714691,1.0
3036,0.4918353015668446,62.605601002768864,40.65428719196882,100.0,0.010000000707805157,0.30470728874206543,1.0
3037,0.607031964219895,72.26856202974714,41.7891330613769,100.0,0.010000000707805157,0.34437137842178345,1.0
3038,0.6300259217527615,54.848709407347265,39.613262644667714,100.0,0.010000000707805157,0.3658178448677063,1.0
3039,0.4461015991303069,38.769654407686005,39.624205227054844,100.0,0.010000000707805157,0.1844407469034195,1.0
3040,0.63061557215187,54.96553167366526,39.641086727090396,100.0,0.010000000707805157,0.3648599684238434,1.0
3041,0.6194450260539932,64.20028228939498,40.96465540950689,100.0,0.010000000707805157,0.35417425632476807,1.0
3042,0.24048014349287375,36.121808540862915,38.64290518885825,100.0,0.010000000707805157,0.1342279016971588,1.0
3043,0.6195944751168286,64.19226202909408,40.96640280129597,100.0,0.010000000707805157,0.35395723581314087,1.0
3044,0.5070289911016023,53.099780736554656,39.181665081651865,100.0,0.010000000707805157,0.31420454382896423,1.0
3045,0.7638345741531156,75.20434669678694,40.61418245933841,100.0,0.010000000707805157,0.5336533784866333,1.0
3046,0.5073978594056183,53.13199021989508,39.19364048246331,100.0,0.010000000707805157,0.31374335289001465,1.0
3047,0.42998477603945007,50.99844987213761,41.784236615886364,100.0,0.010000000707805157,0.17364239692687988,1.0
3048,0.6321855720707537,55.1284463317091,39.69763750816937,100.0,0.010000000707805157,0.36267387866973877,1.0
3049,0.4476120161703152,38.967922142258665,39.70810218191674,100.0,0.010000000707805157,0.18283608555793762,1.0
3050,0.507913717135316,53.158750748435644,39.20891556414035,100.0,0.010000000707805157,0.31312429904937744,1.0
3051,0.6207061020254292,64.26796990867192,40.98795732663367,100.0,0.010000000707805157,0.3525560796260834,1.0
3052,0.5081590266892213,53.16192076917842,39.216126217589334,100.0,0.010000000707805157,0.3128054440021515,1.0
3053,0.5082711356887799,53.1646535931879,39.22022021086751,100.0,0.010000000707805157,0.3125982880592346,1.0
3054,0.4926189963533214,62.45736840988076,40.65541500543478,100.0,0.010000000707805157,0.30389490723609924,1.0
3055,0.6210858911201855,64.2648573299351,40.99304179865703,100.0,0.010000000707805157,0.3520239591598511,1.0
3056,0.6659531891085421,73.77048976890258,40.396525399492575,100.0,0.010000000707805157,0.4821552634239197,1.0
3057,0.6082685233202769,72.25170042715642,41.78682433127491,100.0,0.010000000707805157,0.34291955828666687,1.0
3058,0.24058639121086242,35.91312814808284,38.640921154663566,100.0,0.010000000707805157,0.13373681902885437,1.0
3059,0.019128473695208693,0.2762098442648991,33.981414403610465,100.0,0.010000000707805157,0.0036502752918750048,1.0
3060,0.019101379875689332,0.2757893292037081,33.98000581820532,100.0,0.010000000707805157,0.0036448866594582796,1.0
3061,0.666151815897901,73.69523133251872,40.39869408312306,100.0,0.010000000707805157,0.48158931732177734,1.0
3062,0.4928282774277479,62.41989349308678,40.66337826312201,100.0,0.010000000707805157,0.3028642535209656,1.0
3063,0.666289165782995,73.6742912638144,40.40142037699706,100.0,0.010000000707805157,0.4811599552631378,1.0
3064,0.6217370057698884,64.24617694203027,40.99890548189471,100.0,0.010000000707805157,0.3508381247520447,1.0
3065,0.5090094851984133,52.96056401755484,39.23339550666625,100.0,0.010000000707805157,0.31157761812210083,1.0
3066,0.01882760429117708,0.27013570965438755,33.95366965425193,100.0,0.010000000707805157,0.0035929428413510323,1.0
3067,0.6542781947099464,80.76915261813664,41.10862361961269,100.0,0.010000000707805157,0.47151169180870056,1.0
3068,0.6666913063633603,73.6427788911039,40.40797416896224,100.0,0.010000000707805157,0.4802249073982239,1.0
3069,0.6668091407084057,73.64277279000257,40.4101969659113,100.0,0.010000000707805157,0.47995442152023315,1.0
3070,0.4930976994028445,62.392281168753044,40.67335963533201,100.0,0.010000000707805157,0.30166491866111755,1.0
3071,0.44937304443161225,38.85658806664377,39.75304098053482,100.0,0.010000000707805157,0.18137343227863312,1.0
3072,0.2405247286111521,35.69942798994152,38.65350616125269,100.0,0.010000000707805157,0.1330612450838089,1.0
3073,0.6224281896231111,64.2280140496201,41.00570397459222,100.0,0.010000000707805157,0.3496554493904114,1.0
3074,0.5484231202791906,71.96410853271152,40.15084034675719,100.0,0.010000000707805157,0.43102163076400757,1.0
3075,0.018379174587519587,0.26099804358562856,33.913865804607724,100.0,0.010000000707805157,0.0035081766545772552,1.0
3076,0.6354640284006348,54.99800568937623,39.76467496571522,100.0,0.010000000707805157,0.35887500643730164,1.0
3077,0.5098220086023416,52.80384308151037,39.252775944741444,100.0,0.010000000707805157,0.31026792526245117,1.0
3078,0.49329510099539464,62.297740768597855,40.676979022836534,100.0,0.010000000707805157,0.30108752846717834,1.0
3079,0.018246226887072597,0.258332199195264,33.899357061732644,100.0,0.010000000707805157,0.0034828807692974806,1.0
3080,0.6547962987471071,80.69571693168757,41.11563301711721,100.0,0.010000000707805157,0.46919870376586914,1.0
3081,0.6548495607752632,80.72943539834047,41.117731822819046,100.0,0.010000000707805157,0.4685668349266052,1.0
3082,0.49335781163096587,62.30715611232287,40.684764404258054,100.0,0.010000000707805157,0.3001457750797272,1.0
3083,0.8147534520751741,76.2596827322595,39.52348656007015,100.0,0.010000000707805157,0.6654226779937744,1.0
3084,0.6233393221379083,64.2292848199855,41.015114862069154,100.0,0.010000000707805157,0.3480294644832611,1.0
3085,0.6680264363600038,73.5202347559579,40.429938699852144,100.0,0.010000000707805157,0.4770095944404602,1.0
3086,0.4506476061551992,38.825435893737456,39.79151053341872,100.0,0.010000000707805157,0.1801755279302597,1.0
3087,0.4935773040637794,62.27429944600872,40.68601209038298,100.0,0.010000000707805157,0.2997763752937317,1.0
3088,0.3395952254191882,50.221422841877114,38.67228975215042,100.0,0.010000000707805157,0.2612524926662445,1.0
3089,0.548775643943542,71.7471432784186,40.17043593166737,100.0,0.010000000707805157,0.4283865988254547,1.0
3090,0.6370333135924684,54.89689375253043,39.78936929944026,100.0,0.010000000707805157,0.35698553919792175,1.0
3091,0.5488457842904955,71.71283442982144,40.17261492276481,100.0,0.010000000707805157,0.4280760586261749,1.0
3092,0.6239211908069988,64.19682329192884,41.019015920898234,100.0,0.010000000707805157,0.34699636697769165,1.0
3093,0.3395737692046081,50.10023712354247,38.68500612303896,100.0,0.010000000707805157,0.2604128420352936,1.0
3094,0.4936975251167554,62.183294072897,40.69704735031006,100.0,0.010000000707805157,0.2987101078033447,1.0
3095,0.609931867198246,72.3704229011265,41.778034440363335,100.0,0.010000000707805157,0.33704692125320435,1.0
3096,0.4937246899066096,62.20038289200142,40.70030810487252,100.0,0.010000000707805157,0.2981981635093689,1.0
3097,0.6375711391726034,54.75047522139351,39.78667337455783,100.0,0.010000000707805157,0.3565763831138611,1.0
3098,0.24040875680272641,35.28617646747533,38.68801672200152,100.0,0.010000000707805157,0.13152369856834412,1.0
3099,0.637904813636625,54.80892807398229,39.80045599080846,100.0,0.010000000707805157,0.3559536337852478,1.0
3100,0.6382379467881019,54.89761342526705,39.817139244133905,100.0,0.010000000707805157,0.35530364513397217,1.0
3101,0.4939128670065289,62.138973606007454,40.69819019905637,100.0,0.010000000707805157,0.29817041754722595,1.0
3102,0.6247405019907077,64.20888073639101,41.028700014723945,100.0,0.010000000707805157,0.34551456570625305,1.0
3103,0.5650548614242011,63.315698265226416,39.108126405974744,100.0,0.010000000707805157,0.43542906641960144,1.0
3104,0.4939860039017206,62.11181980346673,40.701435829468664,100.0,0.010000000707805157,0.297762930393219,1.0
3105,0.7473355394200706,88.8280838394279,41.77738080061488,100.0,0.010000000707805157,0.5024094581604004,1.0
3106,0.43185496452666994,51.14018474925578,41.76911650058556,100.0,0.010000000707805157,0.16903039813041687,1.0
3107,0.8075658461266826,83.07944632080964,40.31679769474994,100.0,0.010000000707805157,0.6487501263618469,1.0
3108,0.43192755345861156,51.161989373726605,41.76787409775166,100.0,0.010000000707805157,0.16879695653915405,1.0
3109,0.43193961993981644,51.176470303903805,41.76706983327588,100.0,0.010000000707805157,0.16864114999771118,1.0
3110,0.6252961605370114,64.23914217996902,41.031884255408904,100.0,0.010000000707805157,0.3440253734588623,1.0
3111,0.016787996454417354,0.22923617574989794,33.75388119621058,100.0,0.010000000707805157,0.003205919172614813,1.0
3112,0.43198317128430835,51.19364582152851,41.76510358999464,100.0,0.010000000707805157,0.16835492849349976,1.0
3113,0.4319934252684885,51.20834916890958,41.764224177703696,100.0,0.010000000707805157,0.16819900274276733,1.0
3114,0.6106353815546324,72.58839950758501,41.76669493235512,100.0,0.010000000707805157,0.333063006401062,1.0
3115,0.43202152817260064,51.26343098408562,41.761800776379,100.0,0.010000000707805157,0.1677396148443222,1.0
3116,0.24031266668217963,35.013956424612765,38.68658614748918,100.0,0.010000000707805157,0.13109973073005676,1.0
3117,0.33941602152335193,49.57556439270372,38.694186434475554,100.0,0.010000000707805157,0.2589844763278961,1.0
3118,0.43203442557646693,51.240864506141826,41.76031961262043,100.0,0.010000000707805157,0.16759878396987915,1.0
3119,0.4941305242902388,62.12657084530985,40.71114372553782,100.0,0.010000000707805157,0.29528549313545227,1.0
3120,0.4526011256719992,38.447094904390006,39.80740608826771,100.0,0.010000000707805157,0.178717240691185,1.0
3121,0.670025370171896,73.18222873111344,40.45876982763142,100.0,0.010000000707805157,0.47076094150543213,1.0
3122,0.452830434166859,38.4763760502513,39.819143908167014,100.0,0.010000000707805157,0.178427591919899,1.0
3123,0.45295087483328794,38.50209825935747,39.827049819067554,100.0,0.010000000707805157,0.1782606542110443,1.0
3124,0.5658751294264075,62.798797931319896,39.11723747220541,100.0,0.010000000707805157,0.4336484670639038,1.0
3125,0.41556919648230956,60.63077972005084,38.70729827306828,100.0,0.010000000707805157,0.3858873248100281,1.0
3126,0.512633107081321,52.01223571710504,39.31222295690459,100.0,0.010000000707805157,0.30536332726478577,1.0
3127,0.3394815287045738,49.379218407657625,38.71303224695567,100.0,0.010000000707805157,0.25760453939437866,1.0
3128,0.016134343638346305,0.21684685755523517,33.69114559531599,100.0,0.010000000707805157,0.003082804847508669,1.0
3129,0.9052495020919357,77.39950627325457,39.84987130439473,100.0,0.010000000707805157,0.7027812004089355,1.0
3130,0.43228004476804666,51.1282721778578,41.75622570070691,100.0,0.010000000707805157,0.16749490797519684,1.0
3131,0.43228612500959457,51.142649328736304,41.75517954335401,100.0,0.010000000707805157,0.1673380732536316,1.0
3132,0.4322915588368445,51.15711496987351,41.75410495208144,100.0,0.010000000707805157,0.16718125343322754,1.0
3133,0.33952913493703984,49.277816244247774,38.71089327324966,100.0,0.010000000707805157,0.2573873698711395,1.0
3134,0.45366831899942905,38.50932097761746,39.84974857291141,100.0,0.010000000707805157,0.17730745673179626,1.0
3135,0.7482614764701291,88.93895138820713,41.75905897278535,100.0,0.010000000707805157,0.49558407068252563,1.0
3136,0.5132720594737163,51.90942699895549,39.327408229891724,100.0,0.010000000707805157,0.30431580543518066,1.0
3137,0.015826975055849905,0.21096077622133888,33.65640892532855,100.0,0.010000000707805157,0.00302340229973197,1.0
3138,0.41563266349105454,60.32266024653603,38.720198316592764,100.0,0.010000000707805157,0.38411492109298706,1.0
3139,0.5133433638742237,51.85856482177416,39.33066107412886,100.0,0.010000000707805157,0.3039146959781647,1.0
3140,0.453982850262342,38.470078389065755,39.854119228369946,100.0,0.010000000707805157,0.17695266008377075,1.0
3141,0.7738095873552391,74.90297193811725,40.72059757783049,100.0,0.010000000707805157,0.5146384239196777,1.0
3142,0.6112835825657003,72.46252367405593,41.75128310315836,100.0,0.010000000707805157,0.3304157257080078,1.0
3143,0.6714226995893158,73.00344231037374,40.479987908157334,100.0,0.010000000707805157,0.46692514419555664,1.0
3144,0.6715055859830836,73.0027289684574,40.48145209928567,100.0,0.010000000707805157,0.46663764119148254,1.0
3145,0.3395546758509761,49.025685881094795,38.72297899583073,100.0,0.010000000707805157,0.25623229146003723,1.0
3146,0.4545120014276031,38.48663499178328,39.873463266496955,100.0,0.010000000707805157,0.17631088197231293,1.0
3147,0.3395816258352449,48.99236562110035,38.727049194223795,100.0,0.010000000707805157,0.25595158338546753,1.0
3148,0.7744776737983926,74.9009187467093,40.72651452437968,100.0,0.010000000707805157,0.5129297971725464,1.0
3149,0.3396091881637512,48.95331905072456,38.72968929411171,100.0,0.010000000707805157,0.25570398569107056,1.0
3150,0.33960539570148773,48.92836754908045,38.735703392587595,100.0,0.010000000707805157,0.2554028034210205,1.0
3151,0.5497990228418665,70.87469384409289,40.229798880389566,100.0,0.010000000707805157,0.4185023009777069,1.0
3152,0.5497858682627438,70.85309759575388,40.233659347337735,100.0,0.010000000707805157,0.418077290058136,1.0
3153,0.514115314771829,51.66945025630729,39.35524355117216,100.0,0.010000000707805157,0.30186957120895386,1.0
3154,0.6275650529141028,64.01091205485703,41.037120018532704,100.0,0.010000000707805157,0.3389242887496948,1.0
3155,0.6276579812290207,64.02857722826847,41.03861435251712,100.0,0.010000000707805157,0.33866357803344727,1.0
3156,0.43262518736396505,51.124285087516085,41.737182513256606,100.0,0.010000000707805157,0.16557520627975464,1.0
3157,0.549824948528183,70.79803306722144,40.236999743523015,100.0,0.010000000707805157,0.4172200858592987,1.0
3158,0.43262445173827524,51.14197844597159,41.734489304412016,100.0,0.010000000707805157,0.16527891159057617,1.0
3159,0.24033001672486717,34.383622319067584,38.7515772279557,100.0,0.010000000707805157,0.12843933701515198,1.0
3160,0.2403296389144216,34.37091950215742,38.75435572954559,100.0,0.010000000707805157,0.1283593475818634,1.0
3161,0.4947090954375504,61.67823986007441,40.737139916079634,100.0,0.010000000707805157,0.2906861901283264,1.0
3162,0.4947007682315689,61.674784193113425,40.73826012762245,100.0,0.010000000707805157,0.2904677987098694,1.0
3163,0.7751127723366277,74.65312228538988,40.71536535240951,100.0,0.010000000707805157,0.5110863447189331,1.0
3164,0.6722029762988512,72.71605400280414,40.492364966831836,100.0,0.010000000707805157,0.46306487917900085,1.0
3165,0.762453417840028,82.12663382426541,41.305419350232555,100.0,0.010000000707805157,0.49936598539352417,1.0
3166,0.6280944976376622,64.01793791103432,41.03521029899203,100.0,0.010000000707805157,0.3368929326534271,1.0
3167,0.33948991794297817,48.52431381484461,38.761591996062755,100.0,0.010000000707805157,0.25350257754325867,1.0
3168,0.5679389578782014,61.89776320819819,39.183506326373426,100.0,0.010000000707805157,0.42573320865631104,1.0
3169,0.43270120514160154,51.170960102874396,41.722983058938716,100.0,0.010000000707805157,0.16426686942577362,1.0
3170,0.3394956418569312,48.45760982550087,38.77167641730558,100.0,0.010000000707805157,0.25293177366256714,1.0
3171,0.657077621155836,80.288055411265,41.13892561349779,100.0,0.010000000707805157,0.45076581835746765,1.0
3172,0.6116506089049728,72.55243438605906,41.72113349295836,100.0,0.010000000707805157,0.325040727853775,1.0
3173,0.5148986263375105,51.261645979549264,39.36813872448417,100.0,0.010000000707805157,0.30005961656570435,1.0
3174,0.5149829098276392,51.26959103822969,39.37175753599523,100.0,0.010000000707805157,0.29984250664711,1.0
3175,0.6116740611026844,72.55985652855685,41.71787742724728,100.0,0.010000000707805157,0.3245728611946106,1.0
3176,0.6283772179507529,63.96243391765283,41.028298060300294,100.0,0.010000000707805157,0.3355400264263153,1.0
3177,0.2402472321613099,34.08700235243666,38.77545540691642,100.0,0.010000000707805157,0.1274428367614746,1.0
3178,0.5682202156272238,61.62761492769154,39.1918970529355,100.0,0.010000000707805157,0.424343079328537,1.0
3179,0.49476174237807563,61.587892180877816,40.74548558738927,100.0,0.010000000707805157,0.28782618045806885,1.0
3180,0.45602029888008483,38.115884225049406,39.86935608161444,100.0,0.010000000707805157,0.17463724315166473,1.0
3181,0.415589082914669,59.1386283848278,38.793041918146,100.0,0.010000000707805157,0.37638145685195923,1.0
3182,0.515294187268703,51.14849608532368,39.38120472978889,100.0,0.010000000707805157,0.2988482415676117,1.0
3183,0.24028504260049977,34.004843368742,38.7941537525576,100.0,0.010000000707805157,0.12686830759048462,1.0
3184,0.7998928718132854,88.95029330635666,40.89809997307581,100.0,0.010000000707805157,0.6201106309890747,1.0
3185,0.611725090720953,72.54092509227334,41.70746349107919,100.0,0.010000000707805157,0.3231779634952545,1.0
3186,0.6880677479871693,63.82928667440057,39.56033316593947,100.0,0.010000000707805157,0.4703054130077362,1.0
3187,0.24027592089742733,33.936585927996056,38.79751903825675,100.0,0.010000000707805157,0.12667220830917358,1.0
3188,0.2402785994959456,33.9245655213315,38.800307759951,100.0,0.010000000707805157,0.12659458816051483,1.0
3189,0.6451673216882678,53.957336598991574,39.881873061170886,100.0,0.010000000707805157,0.3454447090625763,1.0
3190,0.6290010145441911,63.90489654671675,41.02877341329192,100.0,0.010000000707805157,0.3337976336479187,1.0
3191,0.4327566195248625,51.17861772872132,41.69915895830226,100.0,0.010000000707805157,0.1625232994556427,1.0
3192,0.7292462840260896,72.46020673394597,39.404955602342376,100.0,0.010000000707805157,0.5928674340248108,1.0
3193,0.3395803875816686,47.974929425900896,38.8051144031985,100.0,0.010000000707805157,0.25032225251197815,1.0
3194,0.6572370342505035,80.12444110950933,41.136339925746576,100.0,0.010000000707805157,0.4463460445404053,1.0
3195,0.5499506846190511,70.24668180430967,40.27720415160466,100.0,0.010000000707805157,0.4096807539463043,1.0
3196,0.45683414883906964,38.064917141329104,39.88484387044444,100.0,0.010000000707805157,0.17336253821849823,1.0
3197,0.4327493249997669,51.17335710447024,41.691741405614685,100.0,0.010000000707805157,0.16202625632286072,1.0
3198,0.24030734068265014,33.77916607630453,38.812630781089524,100.0,0.010000000707805157,0.12605103850364685,1.0
3199,0.2403099104832661,33.76739672152702,38.81542340006938,100.0,0.010000000707805157,0.12597350776195526,1.0
3200,0.6571710253745312,80.0939186894836,41.13513259002342,100.0,0.010000000707805157,0.4448964595794678,1.0
3201,0.4569394626499017,37.9825992865218,39.87849517110363,100.0,0.010000000707805157,0.1732965111732483,1.0
3202,0.2403019388525362,33.72228697470104,38.81899900864837,100.0,0.010000000707805157,0.1258281022310257,1.0
3203,0.5161653239296402,50.860177515348525,39.4051331030367,100.0,0.010000000707805157,0.29642701148986816,1.0
3204,0.43273168932569567,51.14905499221775,41.685096984628935,100.0,0.010000000707805157,0.16162654757499695,1.0
3205,0.49481377189070125,61.335826511583576,40.75480012222752,100.0,0.010000000707805157,0.28472602367401123,1.0
3206,0.6735265607360557,72.24784063311014,40.50927834427064,100.0,0.010000000707805157,0.4552280008792877,1.0
3207,0.6735746881938959,72.24675235434086,40.510073420574486,100.0,0.010000000707805157,0.4549240171909332,1.0
3208,0.4947797597023465,61.3236507758453,40.75534507168046,100.0,0.010000000707805157,0.2841508090496063,1.0
3209,0.24028987542719885,33.61095694666989,38.83059402129525,100.0,0.010000000707805157,0.1254037469625473,1.0
3210,0.43265343985558696,51.17894193775906,41.674651972191846,100.0,0.010000000707805157,0.16092215478420258,1.0
3211,0.4326247361567975,51.19239941479494,41.67232613241629,100.0,0.010000000707805157,0.16076073050498962,1.0
3212,0.7777616785902169,74.30800140917418,40.710587407404525,100.0,0.010000000707805157,0.50165855884552,1.0
3213,0.24028649383719283,33.55725056058588,38.82903225421226,100.0,0.010000000707805157,0.12534098327159882,1.0
3214,0.24029033134308683,33.54584603125097,38.83183360073356,100.0,0.010000000707805157,0.12526436150074005,1.0
3215,0.01296749342056376,0.1587030521846661,33.32890375136808,100.0,0.010000000707805157,0.002485244767740369,1.0
3216,0.7779719403668042,74.29567313766267,40.71252612065813,100.0,0.010000000707805157,0.5009889006614685,1.0
3217,0.5167137073960023,50.676178963005675,39.41795589988397,100.0,0.010000000707805157,0.29506716132164,1.0
3218,0.24033402850243044,33.50756469648499,38.83218249980746,100.0,0.010000000707805157,0.12514306604862213,1.0
3219,0.6297069396706173,63.765560879081555,41.014460787490414,100.0,0.010000000707805157,0.33017343282699585,1.0
3220,0.4577856110615277,37.936200914231044,39.90173784931073,100.0,0.010000000707805157,0.17194083333015442,1.0
3221,0.45786898371790713,37.96541782388857,39.908379042102176,100.0,0.010000000707805157,0.17176713049411774,1.0
3222,0.45795119422396413,37.99470699034554,39.91497881320573,100.0,0.010000000707805157,0.17159345746040344,1.0
3223,0.012819284659455418,0.1561515079012985,33.30507285734728,100.0,0.010000000707805157,0.002456463873386383,1.0
3224,0.8009226441816186,88.66992726043902,40.895436602402015,100.0,0.010000000707805157,0.6106156706809998,1.0
3225,0.7640529615631028,81.9805590322876,41.26989637172073,100.0,0.010000000707805157,0.486968070268631,1.0
3226,0.8149270323869254,81.73533491429149,40.38936533356238,100.0,0.010000000707805157,0.6205517053604126,1.0
3227,0.8150715799419466,81.77158310193076,40.39267218578441,100.0,0.010000000707805157,0.6198112964630127,1.0
3228,0.6301672391298537,63.89012671074429,41.02057700273113,100.0,0.010000000707805157,0.327853262424469,1.0
3229,0.4585180436992518,38.09865244311238,39.948989621687424,100.0,0.010000000707805157,0.1704138219356537,1.0
3230,0.012584353184857342,0.15192147952257634,33.2689879315172,100.0,0.010000000707805157,0.002411004388704896,1.0
3231,0.012571745287369032,0.15175397150660913,33.268058714702676,100.0,0.010000000707805157,0.0024085117038339376,1.0
3232,0.5176565002276009,50.70903125500376,39.45126484803423,100.0,0.010000000707805157,0.29288607835769653,1.0
3233,0.6745389896056602,72.1820953356744,40.521427891404755,100.0,0.010000000707805157,0.45000311732292175,1.0
3234,0.43246209473805974,51.165081734428824,41.64511128538053,100.0,0.010000000707805157,0.15936025977134705,1.0
3235,0.5177786456828366,50.68143739790846,39.45533403297825,100.0,0.010000000707805157,0.2924994230270386,1.0
3236,0.012446634543344036,0.14957256483549075,33.25056690394574,100.0,0.010000000707805157,0.002384771592915058,1.0
3237,0.779471859435944,74.53890147523728,40.73955313132936,100.0,0.010000000707805157,0.4943818151950836,1.0
3238,0.012407218856305203,0.14886752149357713,33.24370448913278,100.0,0.010000000707805157,0.0023769373074173927,1.0
3239,0.6304888229159216,63.90489069049529,41.02316628454069,100.0,0.010000000707805157,0.32632261514663696,1.0
3240,0.5498901188894559,69.69001181265106,40.27813945082272,100.0,0.010000000707805157,0.40416669845581055,1.0
3241,0.7796470819412871,74.56085834192002,40.741087693740056,100.0,0.010000000707805157,0.4931698441505432,1.0
3242,0.6111846699730276,72.51753316233287,41.63518300906245,100.0,0.010000000707805157,0.3152269721031189,1.0
3243,0.3398536686432334,47.02690244420462,38.8248926512546,100.0,0.010000000707805157,0.24708840250968933,1.0
3244,0.24050440405853854,33.184338029783426,38.826282420732,100.0,0.010000000707805157,0.12452028691768646,1.0
3245,0.2405091675472847,33.17314868961898,38.8291260822502,100.0,0.010000000707805157,0.12444426864385605,1.0
3246,0.6747209598841851,72.07529577494955,40.52183498564206,100.0,0.010000000707805157,0.44759637117385864,1.0
3247,0.24051749391935845,33.144195731467036,38.833192882012845,100.0,0.010000000707805157,0.12430558353662491,1.0
3248,0.4322313236408026,51.15243940806128,41.624496640299654,100.0,0.010000000707805157,0.15828841924667358,1.0
3249,0.24050961223483774,33.11716694117259,38.835529407942886,100.0,0.010000000707805157,0.12422553449869156,1.0
3250,0.5711218990514219,60.48965653916463,39.27731176146639,100.0,0.010000000707805157,0.41300833225250244,1.0
3251,0.45921702422630606,38.043956898030245,39.96497063722343,100.0,0.010000000707805157,0.16888326406478882,1.0
3252,0.3399412784636965,46.86977130223954,38.84574002588872,100.0,0.010000000707805157,0.24584433436393738,1.0
3253,0.6491982546207125,53.91556696189824,39.97179622896718,100.0,0.010000000707805157,0.33525583148002625,1.0
3254,0.6110857965824192,72.40195140098912,41.624457282676715,100.0,0.010000000707805157,0.31435853242874146,1.0
3255,0.24056588899340609,33.046985083808856,38.84318541765096,100.0,0.010000000707805157,0.12389566004276276,1.0
3256,0.2405713830213266,33.03605241982861,38.84602646527156,100.0,0.010000000707805157,0.12382033467292786,1.0
3257,0.6565678237281979,79.7076683597041,41.10142277156552,100.0,0.010000000707805157,0.4354591965675354,1.0
3258,0.6748029463282021,71.92257930325455,40.521392737474635,100.0,0.010000000707805157,0.4456055760383606,1.0
3259,0.6305822259643887,63.78496166844197,41.00408057213346,100.0,0.010000000707805157,0.32371681928634644,1.0
3260,0.011757676680535898,0.13788337894232505,33.15873771066385,100.0,0.010000000707805157,0.002254184801131487,1.0
3261,0.4319864704122561,51.12945240314147,41.60520753923032,100.0,0.010000000707805157,0.157344251871109,1.0
3262,0.4319323270988639,51.141508777473774,41.60217293248733,100.0,0.010000000707805157,0.1571788489818573,1.0
3263,0.8161617472907435,81.46875083962107,40.40024620463739,100.0,0.010000000707805157,0.6110438704490662,1.0
3264,0.5495297712751028,69.35005620588105,40.28815650964063,100.0,0.010000000707805157,0.39989718794822693,1.0
3265,0.4941759883074499,60.89566804879463,40.73647543268938,100.0,0.010000000707805157,0.2780710458755493,1.0
3266,0.24053705477098314,32.86562509862439,38.857520375989374,100.0,0.010000000707805157,0.12333458662033081,1.0
3267,0.24054208296086224,32.85498739620122,38.860362695827874,100.0,0.010000000707805157,0.12325908243656158,1.0
3268,0.5494669531585936,69.2755710679585,40.29460889394541,100.0,0.010000000707805157,0.39890772104263306,1.0
3269,0.7799897760617334,74.24525032939539,40.71584643809899,100.0,0.010000000707805157,0.488557904958725,1.0
3270,0.6927434671347266,63.036523650438944,39.659465007089125,100.0,0.010000000707805157,0.4544443190097809,1.0
3271,0.5187394780208012,50.23710275844255,39.488065903642784,100.0,0.010000000707805157,0.2883225083351135,1.0
3272,0.24061085365658366,32.79534101824408,38.866876253848126,100.0,0.010000000707805157,0.12294898182153702,1.0
3273,0.24061771696297404,32.7847730262548,38.869718509925384,100.0,0.010000000707805157,0.12287481129169464,1.0
3274,0.7163971118658334,79.0531188111276,40.22359897020784,100.0,0.010000000707805157,0.5634291768074036,1.0
3275,0.4316821845618412,51.09099573296633,41.583038128546974,100.0,0.010000000707805157,0.1563255339860916,1.0
3276,0.7163583302316289,79.01412832579899,40.22379125427142,100.0,0.010000000707805157,0.5628001689910889,1.0
3277,0.6500126773694678,53.730476267790316,39.97373791074534,100.0,0.010000000707805157,0.331977903842926,1.0
3278,0.4940561961355247,60.7435140636251,40.737727259077126,100.0,0.010000000707805157,0.27659961581230164,1.0
3279,0.8009477171042361,88.31692523673944,40.872663339964255,100.0,0.010000000707805157,0.5953188538551331,1.0
3280,0.5189431199159998,50.134072668984004,39.498870967304015,100.0,0.010000000707805157,0.28695639967918396,1.0
3281,0.6305743610012037,63.74659176651135,40.98481870753617,100.0,0.010000000707805157,0.3200581669807434,1.0
3282,0.43136760875096253,51.11057351070988,41.56551337113575,100.0,0.010000000707805157,0.15551471710205078,1.0
3283,0.011084378311773667,0.12665833202424356,33.061769999385014,100.0,0.010000000707805157,0.0021268934942781925,1.0
3284,0.6748119330503215,71.71940488669085,40.51869962110476,100.0,0.010000000707805157,0.44006749987602234,1.0
3285,0.6305136451241871,63.74968254537932,40.98080625723547,100.0,0.010000000707805157,0.3193415403366089,1.0
3286,0.650380918742957,53.79804687022229,39.9921365750191,100.0,0.010000000707805157,0.32991474866867065,1.0
3287,0.9056209584476508,83.7834536352738,40.573793006109895,100.0,0.010000000707805157,0.646244466304779,1.0
3288,0.6935480584846505,63.202633650973894,39.701350635060344,100.0,0.010000000707805157,0.4486332833766937,1.0
3289,0.5192868935695187,50.267012718704066,39.52393060841567,100.0,0.010000000707805157,0.285067617893219,1.0
3290,0.46027040705621175,38.221318405473944,40.02279850469857,100.0,0.010000000707805157,0.16459204256534576,1.0
3291,0.76381262284306,81.99422038387786,41.21107374393761,100.0,0.010000000707805157,0.4708322584629059,1.0
3292,0.5491313670445344,68.95057147736125,40.287108583256156,100.0,0.010000000707805157,0.3955109119415283,1.0
3293,0.4603065312980911,38.20617065598285,40.02376456014196,100.0,0.010000000707805157,0.16431796550750732,1.0
3294,0.6305219105643418,63.89696575231447,40.984006342896706,100.0,0.010000000707805157,0.316850483417511,1.0
3295,0.4603475282865764,38.252929050107326,40.03213573705406,100.0,0.010000000707805157,0.1639777272939682,1.0
3296,0.6305029518135365,63.922883597424516,40.98436165156808,100.0,0.010000000707805157,0.3163895606994629,1.0
3297,0.43081998564223134,51.091901306668824,41.53842791653849,100.0,0.010000000707805157,0.15439708530902863,1.0
3298,0.6508063284667562,54.232514331853444,40.04396681378854,100.0,0.010000000707805157,0.3253331482410431,1.0
3299,0.2408706814018056,32.45881617359751,38.86197439636716,100.0,0.010000000707805157,0.12218659371137619,1.0
3300,0.5194831908721027,50.28860398348046,39.54006847202108,100.0,0.010000000707805157,0.2834605574607849,1.0
3301,0.6090109043740862,72.36063435817444,41.53736950558246,100.0,0.010000000707805157,0.3066978454589844,1.0
3302,0.4604293888581626,38.309804695993236,40.045343575034885,100.0,0.010000000707805157,0.16317731142044067,1.0
3303,0.46044098494855706,38.34303307568609,40.04995011530009,100.0,0.010000000707805157,0.16299650073051453,1.0
3304,0.6087951468799313,72.36966337252402,41.53044634099996,100.0,0.010000000707805157,0.30611273646354675,1.0
3305,0.5725075210017375,59.887753493399465,39.341418286688366,100.0,0.010000000707805157,0.40320146083831787,1.0
3306,0.519533060631042,50.24887600452222,39.545348381103835,100.0,0.010000000707805157,0.2827001214027405,1.0
3307,0.7631433290448008,82.03461220020993,41.19067537900741,100.0,0.010000000707805157,0.46633458137512207,1.0
3308,0.4604508595961002,38.36773549215903,40.055714275982346,100.0,0.010000000707805157,0.16238774359226227,1.0
3309,0.4604548460725233,38.40135000233379,40.06013276097424,100.0,0.010000000707805157,0.16220633685588837,1.0
3310,0.6301795891175792,63.995885866381556,40.975766408765104,100.0,0.010000000707805157,0.31358569860458374,1.0
3311,0.010475032815247793,0.11656513390848361,32.953788671741385,100.0,0.010000000707805157,0.00200889864936471,1.0
3312,0.6542170413869629,79.36731079212375,41.036473373805215,100.0,0.010000000707805157,0.4248843491077423,1.0
3313,0.24094842741525435,32.276429498600415,38.86114210926441,100.0,0.010000000707805157,0.12183226644992828,1.0
3314,0.0103949160233403,0.11534117778823762,32.944002309056685,100.0,0.010000000707805157,0.0019936354365199804,1.0
3315,0.24096011256328495,32.25995172002445,38.86370559545875,100.0,0.010000000707805157,0.1217551901936531,1.0
3316,0.24096784726616205,32.2495313321822,38.866587724935734,100.0,0.010000000707805157,0.12168155610561371,1.0
3317,0.4929198294632519,60.44779023541418,40.70094279670484,100.0,0.010000000707805157,0.27272477746009827,1.0
3318,0.6300049932560513,63.895826342801385,40.963239873695876,100.0,0.010000000707805157,0.31293314695358276,1.0
3319,0.6743796214039031,71.68018984252774,40.51216300949033,100.0,0.010000000707805157,0.4324120581150055,1.0
3320,0.4604874040555505,38.31599557164757,40.054601479278254,100.0,0.010000000707805157,0.16165794432163239,1.0
3321,0.6509362979865181,54.342038391358734,40.06383278664326,100.0,0.010000000707805157,0.321071058511734,1.0
3322,0.7160141822575311,78.7547831938548,40.224273494585674,100.0,0.010000000707805157,0.5514808893203735,1.0
3323,0.5195828786809373,50.17390312709403,39.5603757970087,100.0,0.010000000707805157,0.28049713373184204,1.0
3324,0.7623386880694303,82.0102621793167,41.16842991127023,100.0,0.010000000707805157,0.4622558355331421,1.0
3325,0.34071028052437397,45.505968225723294,38.874068209719844,100.0,0.010000000707805157,0.24080762267112732,1.0
3326,0.24106836751016358,32.111032661279744,38.87558203908645,100.0,0.010000000707805157,0.12118624150753021,1.0
3327,0.429614260271145,51.005020573949245,41.482766357053556,100.0,0.010000000707805157,0.15218403935432434,1.0
3328,0.34072241239948947,45.446730457643255,38.88244061453899,100.0,0.010000000707805157,0.24037937819957733,1.0
3329,0.5726419677228334,59.56605184600349,39.36278327329804,100.0,0.010000000707805157,0.39909690618515015,1.0
3330,0.492517693134547,60.29902109780136,40.695711075768834,100.0,0.010000000707805157,0.27109187841415405,1.0
3331,0.7619726331219026,81.91988220192663,41.15440454328346,100.0,0.010000000707805157,0.4609626531600952,1.0
3332,0.7617399032371054,81.94438958080929,41.14922553589399,100.0,0.010000000707805157,0.4601941406726837,1.0
3333,0.6737736560801796,71.57320922313707,40.503196357231,100.0,0.010000000707805157,0.42888787388801575,1.0
3334,0.6507075458306761,54.31984801036949,40.060253033812664,100.0,0.010000000707805157,0.31851544976234436,1.0
3335,0.24110757007573508,31.967278066448824,38.88429456316638,100.0,0.010000000707805157,0.12073679268360138,1.0
3336,0.5194816976773171,50.022818693195944,39.568063003254416,100.0,0.010000000707805157,0.27867746353149414,1.0
3337,0.6291264010949877,63.92720124452022,40.93872476565852,100.0,0.010000000707805157,0.30905723571777344,1.0
3338,0.6290360887664471,63.94096298503677,40.93717688722109,100.0,0.010000000707805157,0.3087431788444519,1.0
3339,0.6936677140994593,63.258320458479126,39.758080167782275,100.0,0.010000000707805157,0.4357494115829468,1.0
3340,0.5193762503332374,50.094599118651416,39.57639836877678,100.0,0.010000000707805157,0.27774447202682495,1.0
3341,0.5193562272060663,50.1104415120355,39.5783710289395,100.0,0.010000000707805157,0.27751654386520386,1.0
3342,0.6288504022090068,63.992436493120415,40.93695409375648,100.0,0.010000000707805157,0.30783891677856445,1.0
3343,0.3409865598478988,45.16708263941572,38.889580017642096,100.0,0.010000000707805157,0.23915189504623413,1.0
3344,0.009687075124712879,0.1041408466558186,32.82519576676295,100.0,0.010000000707805157,0.001859693438746035,1.0
3345,0.4287090311166375,50.93409368192716,41.446469213113865,100.0,0.010000000707805157,0.15083441138267517,1.0
3346,0.4286016863828506,50.94211689967023,41.44217717511807,100.0,0.010000000707805157,0.15066073834896088,1.0
3347,0.4916674279149761,60.15614180162826,40.67506040877601,100.0,0.010000000707805157,0.26906806230545044,1.0
3348,0.42839212692017464,50.95359611211361,41.43364641231636,100.0,0.010000000707805157,0.15032222867012024,1.0
3349,0.7149619306090963,78.40079805715229,40.21848213501154,100.0,0.010000000707805157,0.5442808270454407,1.0
3350,0.5193007840044137,49.93915835476293,39.5772786689321,100.0,0.010000000707805157,0.2767622768878937,1.0
3351,0.4281923366817217,50.942889576121864,41.42584942879162,100.0,0.010000000707805157,0.15003767609596252,1.0
3352,0.6934163487939182,63.15545563513844,39.760656361905156,100.0,0.010000000707805157,0.4331435561180115,1.0
3353,0.7411086045386432,88.5810284729358,41.42543622161953,100.0,0.010000000707805157,0.4465249180793762,1.0
3354,0.6280121150406207,63.92632277693903,40.90963714342502,100.0,0.010000000707805157,0.3056349754333496,1.0
3355,0.6508993292020562,79.0021135425125,40.970216044418294,100.0,0.010000000707805157,0.41524869203567505,1.0
3356,0.6500261421258298,54.420453809388306,40.0668010667406,100.0,0.010000000707805157,0.31389930844306946,1.0
3357,0.45973619991653086,38.48490479083409,40.069230594284925,100.0,0.010000000707805157,0.15743492543697357,1.0
3358,0.7592092405348324,81.99006706389437,41.097342647297204,100.0,0.010000000707805157,0.4519551694393158,1.0
3359,0.627416973047634,63.98482313247475,40.89933609468191,100.0,0.010000000707805157,0.304056316614151,1.0
3360,0.6272902003396054,63.998512124853285,40.89733250821601,100.0,0.010000000707805157,0.3037344813346863,1.0
3361,0.6718954156031933,71.50171843102743,40.47759925193207,100.0,0.010000000707805157,0.4218262732028961,1.0
3362,0.45946009039353436,38.55810321112054,40.07725799015463,100.0,0.010000000707805157,0.15659570693969727,1.0
3363,0.5720315550098525,59.195618317676725,39.38440252494553,100.0,0.010000000707805157,0.3930022120475769,1.0
3364,0.6498131504208817,78.94404524581877,40.948701962627865,100.0,0.010000000707805157,0.4130813479423523,1.0
3365,0.3410791205860865,44.667481611800994,38.8946135812386,100.0,0.010000000707805157,0.23778115212917328,1.0
3366,0.417656196045069,54.76826666208919,38.90513091944693,100.0,0.010000000707805157,0.3555123805999756,1.0
3367,0.45933797265863896,38.50185921013685,40.06342943116819,100.0,0.010000000707805157,0.15635335445404053,1.0
3368,0.6715661815934056,71.40628170289467,40.474023904900754,100.0,0.010000000707805157,0.42031437158584595,1.0
3369,0.4264347975347122,50.936496900064704,41.36368030353689,100.0,0.010000000707805157,0.14777977764606476,1.0
3370,0.5459772868504223,67.82483582530062,40.24698484063054,100.0,0.010000000707805157,0.38309019804000854,1.0
3371,0.776546098953402,74.75886377126841,40.655885128732706,100.0,0.010000000707805157,0.45643359422683716,1.0
3372,0.42604614768558263,50.94225017175023,41.35035120681887,100.0,0.010000000707805157,0.14730632305145264,1.0
3373,0.6261881725208718,63.94887112264865,40.868604955861464,100.0,0.010000000707805157,0.30124571919441223,1.0
3374,0.4590148947088791,38.52540156637386,40.06470271573573,100.0,0.010000000707805157,0.15554217994213104,1.0
3375,0.48936963796459365,59.91733998453674,40.6273046483272,100.0,0.010000000707805157,0.26459765434265137,1.0
3376,0.6017738060149984,72.19627607491512,41.337892060353845,100.0,0.010000000707805157,0.29207536578178406,1.0
3377,0.6487810655640918,54.52584573639975,40.06592071170675,100.0,0.010000000707805157,0.3092014193534851,1.0
3378,0.45880169624417355,38.561499790097564,40.06754251497551,100.0,0.010000000707805157,0.15503360331058502,1.0
3379,0.42533969540447086,50.944421967435765,41.32771341787469,100.0,0.010000000707805157,0.14651505649089813,1.0
3380,0.008808129289066564,0.09075365042308803,32.674360094700916,100.0,0.010000000707805157,0.0016904252115637064,1.0
3381,0.3412070050775732,44.36036456571201,38.901895263820016,100.0,0.010000000707805157,0.2367057204246521,1.0
3382,0.6254771248853687,63.95212718656071,40.85439236143376,100.0,0.010000000707805157,0.2996599078178406,1.0
3383,0.8295921864691689,74.12797532312928,39.855809064825586,100.0,0.010000000707805157,0.5786269903182983,1.0
3384,0.45841196863943645,38.67629361705899,40.07224581764196,100.0,0.010000000707805157,0.15415841341018677,1.0
3385,0.48880783913070325,59.826421633969375,40.613840473668056,100.0,0.010000000707805157,0.2636919319629669,1.0
3386,0.6699280829109303,71.35539141296267,40.452777243273026,100.0,0.010000000707805157,0.4159910976886749,1.0
3387,0.6248018561870459,64.01991282189718,40.84674627428614,100.0,0.010000000707805157,0.29822444915771484,1.0
3388,0.5958300276507927,74.5951325372944,39.98544437912399,100.0,0.010000000707805157,0.49802279472351074,1.0
3389,0.241494388569992,31.19735740004438,38.90830637115262,100.0,0.010000000707805157,0.1186591163277626,1.0
3390,0.7550710058580006,81.94138446127927,41.019465057559955,100.0,0.010000000707805157,0.4420616030693054,1.0
3391,0.5177125702875585,49.70243995433513,39.5956465879408,100.0,0.010000000707805157,0.27060413360595703,1.0
3392,0.6242186023604104,63.993326313530126,40.83248098531289,100.0,0.010000000707805157,0.2971787452697754,1.0
3393,0.424053925932592,50.89126036103089,41.28675010329008,100.0,0.010000000707805157,0.145159050822258,1.0
3394,0.6472602531327817,54.772381443817025,40.06700582826269,100.0,0.010000000707805157,0.30488869547843933,1.0
3395,0.42388575452079896,50.88506024049217,41.28228685115794,100.0,0.010000000707805157,0.14501085877418518,1.0
3396,0.8101444477903611,81.30767079716585,40.354938058558915,100.0,0.010000000707805157,0.5648334622383118,1.0
3397,0.00844487834057176,0.08539118597902383,32.60491185719,100.0,0.010000000707805157,0.001621016301214695,1.0
3398,0.48756022180343933,59.703098266608734,40.58875079056248,100.0,0.010000000707805157,0.2616939842700958,1.0
3399,0.34145625776959326,44.002385850664155,38.90978443676724,100.0,0.010000000707805157,0.2353418469429016,1.0
3400,0.6455635970331682,78.60457915467609,40.873847991049736,100.0,0.010000000707805157,0.40451759099960327,1.0
3401,0.6231406384383841,63.972060038409964,40.80903563362591,100.0,0.010000000707805157,0.29529035091400146,1.0
3402,0.4870339079101775,59.66129462089932,40.579982571605676,100.0,0.010000000707805157,0.26077547669410706,1.0
3403,0.341448675264555,43.884583885830835,38.91836064195989,100.0,0.010000000707805157,0.23480919003486633,1.0
3404,0.5171626440297045,49.5544681053769,39.59557674293361,100.0,0.010000000707805157,0.26897528767585754,1.0
3405,0.48694166171077574,59.61538090699387,40.580535404373705,100.0,0.010000000707805157,0.2603769898414612,1.0
3406,0.3414976038993893,43.824549270685694,38.92828428277613,100.0,0.010000000707805157,0.23427239060401917,1.0
3407,0.008210457762790207,0.0820546192051238,32.56661228392426,100.0,0.010000000707805157,0.0015772152692079544,1.0
3408,0.34152555194326595,43.79800214546168,38.93402759175731,100.0,0.010000000707805157,0.23399032652378082,1.0
3409,0.4868668399627199,59.5575765422979,40.58222123077812,100.0,0.010000000707805157,0.2598887085914612,1.0
3410,0.6226455927683912,63.844061122201616,40.78963378103802,100.0,0.010000000707805157,0.2944983243942261,1.0
3411,0.7521318936669374,81.80780947053667,40.961506466567,100.0,0.010000000707805157,0.4362669587135315,1.0
3412,0.6221238255892495,63.866695142683994,40.78069264193932,100.0,0.010000000707805157,0.29366227984428406,1.0
3413,0.6671369792396682,71.04439255150596,40.40991311096628,100.0,0.010000000707805157,0.4095320403575897,1.0
3414,0.4859773387176606,59.52405097662148,40.56322665644504,100.0,0.010000000707805157,0.2588158845901489,1.0
3415,0.6458408571984178,54.577474101793754,40.03624929140255,100.0,0.010000000707805157,0.3019564151763916,1.0
3416,0.7709395534785821,74.80997804370207,40.5747534105954,100.0,0.010000000707805157,0.44249603152275085,1.0
3417,0.45638333741596965,38.66635629842381,40.039808888289315,100.0,0.010000000707805157,0.15095742046833038,1.0
3418,0.5162136098682756,49.5193204725586,39.59836385182817,100.0,0.010000000707805157,0.26679107546806335,1.0
3419,0.4856883383463057,59.47114249728849,40.55649682334585,100.0,0.010000000707805157,0.2584860622882843,1.0
3420,0.7500782662699577,81.86445985003388,40.93408797012177,100.0,0.010000000707805157,0.4325697720050812,1.0
3421,0.241685686299019,30.72284356665524,38.92765292560416,100.0,0.010000000707805157,0.11734657734632492,1.0
3422,0.48523708270185645,59.444177469274294,40.547854442380064,100.0,0.010000000707805157,0.2578583061695099,1.0
3423,0.685895891903517,84.32569294728943,40.55061414271424,100.0,0.010000000707805157,0.5141863226890564,1.0
3424,0.6883435741639267,62.788964723732434,39.760018158974454,100.0,0.010000000707805157,0.41536712646484375,1.0
3425,0.8937430469218093,84.45211151574357,40.44511181538476,100.0,0.010000000707805157,0.5880496501922607,1.0
3426,0.48311946271305695,61.57465419608398,38.946072653245956,100.0,0.010000000707805157,0.4642142057418823,1.0
3427,0.7864755549495547,87.5164948907579,40.6515945363653,100.0,0.010000000707805157,0.5454317331314087,1.0
3428,0.5153227391308122,49.41253265126473,39.59799264166468,100.0,0.010000000707805157,0.26480191946029663,1.0
3429,0.4843815740440879,59.33168365952548,40.53521631316453,100.0,0.010000000707805157,0.2563721835613251,1.0
3430,0.7875411689244272,67.33276527800169,40.025594566848454,100.0,0.010000000707805157,0.445264607667923,1.0
3431,0.6185812078903912,63.99014398487032,40.728293272672445,100.0,0.010000000707805157,0.28834056854248047,1.0
3432,0.45445492493051054,38.87514870861136,40.0238544542866,100.0,0.010000000707805157,0.14856645464897156,1.0
3433,0.8740377080632434,90.8394717727845,40.730782411861824,100.0,0.010000000707805157,0.5746042132377625,1.0
3434,0.7462409186002156,81.90522738934497,40.88211579337939,100.0,0.010000000707805157,0.4263763427734375,1.0
3435,0.45380929977121093,38.96008191501052,40.02544558871125,100.0,0.010000000707805157,0.14783714711666107,1.0
3436,0.4184983163335547,50.735207045438855,41.126826694611246,100.0,0.010000000707805157,0.14012697339057922,1.0
3437,0.6170455601570535,64.0638099487345,40.70785545543151,100.0,0.010000000707805157,0.28625911474227905,1.0
3438,0.6410528027708059,55.25617961935199,40.02920222410781,100.0,0.010000000707805157,0.29357296228408813,1.0
3439,0.6846221161818447,63.313275577948275,39.76593833606456,100.0,0.010000000707805157,0.4082285761833191,1.0
3440,0.6386590784569066,78.16565830755324,40.763053506083395,100.0,0.010000000707805157,0.3937836289405823,1.0
3441,0.5132924938074186,49.612831539641014,39.600478384440514,100.0,0.010000000707805157,0.2619691491127014,1.0
3442,0.744020142286569,81.95209465529042,40.85551768016286,100.0,0.010000000707805157,0.4230496883392334,1.0
3443,0.7817826255396848,87.55822398819252,40.601045748371746,100.0,0.010000000707805157,0.5376014709472656,1.0
3444,0.6150228277664813,64.13998902979436,40.680420671372964,100.0,0.010000000707805157,0.2837238907814026,1.0
3445,0.7607516677595744,93.42136704395554,40.836803280439526,100.0,0.010000000707805157,0.528881847858429,1.0
3446,0.4159826805555598,50.730910263606035,41.05964416569567,100.0,0.010000000707805157,0.1381009817123413,1.0
3447,0.6356559579161478,78.12930153731563,40.7139433931975,100.0,0.010000000707805157,0.38979166746139526,1.0
3448,0.007253566188431297,0.06854257296881414,32.36981058198346,100.0,0.010000000707805157,0.0013928223634138703,1.0
3449,0.5126486845378615,49.39939365353507,39.59276960573848,100.0,0.010000000707805157,0.2611323595046997,1.0
3450,0.6388282093866341,55.28444947980558,40.011806510874536,100.0,0.010000000707805157,0.2905566692352295,1.0
3451,0.6134682974114318,64.12111706859301,40.65225913488566,100.0,0.010000000707805157,0.2818671464920044,1.0
3452,0.6131673854829788,64.13420408268593,40.64846562906036,100.0,0.010000000707805157,0.28151407837867737,1.0
3453,0.6344754993994055,78.06829039066604,40.69575286742181,100.0,0.010000000707805157,0.3884069621562958,1.0
3454,0.4188269046228914,52.416442026645,38.93260753762792,100.0,0.010000000707805157,0.34617483615875244,1.0
3455,0.4511692606302348,39.059350816490145,40.00023645259258,100.0,0.010000000707805157,0.14523810148239136,1.0
3456,0.585961620593677,71.83037709329894,41.0201111247052,100.0,0.010000000707805157,0.2726311683654785,1.0
3457,0.24196376179868365,30.115699967346647,38.9301293365878,100.0,0.010000000707805157,0.11601859331130981,1.0
3458,0.6153549579443957,65.42940478485846,39.31062016489933,100.0,0.010000000707805157,0.4893580377101898,1.0
3459,0.4795513135039948,59.00729379117843,40.4400136656377,100.0,0.010000000707805157,0.2511136531829834,1.0
3460,0.5850817661835068,71.79914340286162,41.002054244299494,100.0,0.010000000707805157,0.27164632081985474,1.0
3461,0.4133665800365499,50.67872065214215,40.988700429455605,100.0,0.010000000707805157,0.13606657087802887,1.0
3462,0.006982543033147966,0.0648876998262981,32.31448804346282,100.0,0.010000000707805157,0.0013411554973572493,1.0
3463,0.006978356158219068,0.06487459625569245,32.314613774320655,100.0,0.010000000707805157,0.0013403232442215085,1.0
3464,0.4131382133905164,50.67150734402284,40.981908185844034,100.0,0.010000000707805157,0.1358761191368103,1.0
3465,0.7375951914754476,81.8035899621256,40.74910519328463,100.0,0.010000000707805157,0.41402655839920044,1.0
3466,0.7588542431556414,75.03096863011507,40.4314845643253,100.0,0.010000000707805157,0.4225394129753113,1.0
3467,0.34209494211500896,42.439784561617806,38.93808933316344,100.0,0.010000000707805157,0.23015017807483673,1.0
3468,0.24199665432466316,29.947875461507657,38.93972636663827,100.0,0.010000000707805157,0.11555514484643936,1.0
3469,0.41219468724973096,50.6549524486175,40.957951547947744,100.0,0.010000000707805157,0.13519783318042755,1.0
3470,0.5354865358886062,66.19212362061882,40.09471345640178,100.0,0.010000000707805157,0.3636505901813507,1.0
3471,0.41174680987631473,50.653047128559926,40.94516389973304,100.0,0.010000000707805157,0.1348465383052826,1.0
3472,0.006813240001871969,0.06269283312550428,32.28120106134935,100.0,0.010000000707805157,0.0013085715472698212,1.0
3473,0.5818046429227591,71.77803489792896,40.939043985424554,100.0,0.010000000707805157,0.2681450843811035,1.0
3474,0.2419738486405177,29.848399367987398,38.94534385796867,100.0,0.010000000707805157,0.11533673107624054,1.0
3475,0.4769493899889759,58.86917782718234,40.39028210421871,100.0,0.010000000707805157,0.24837693572044373,1.0
3476,0.6557102267810905,70.59264344384677,40.26042117221642,100.0,0.010000000707805157,0.3915644884109497,1.0
3477,0.7344824763436982,81.70954037625731,40.69712404031154,100.0,0.010000000707805157,0.4100479483604431,1.0
3478,0.4760917605150829,58.840021787676804,40.37427906705517,100.0,0.010000000707805157,0.24757763743400574,1.0
3479,0.5106793720697383,48.93137846235988,39.57530973382145,100.0,0.010000000707805157,0.25808215141296387,1.0
3480,0.8793996866845065,84.55534038910157,40.29881293972504,100.0,0.010000000707805157,0.5622458457946777,1.0
3481,0.4756459678880355,58.80473241335594,40.366469444231925,100.0,0.010000000707805157,0.24717801809310913,1.0
3482,0.00662358244400064,0.06018788227899476,32.2377933095562,100.0,0.010000000707805157,0.0012720609083771706,1.0
3483,0.6345886465583217,55.14109363747411,39.95735301906835,100.0,0.010000000707805157,0.28576385974884033,1.0
3484,0.6070805283595893,63.99344067110409,40.53413704332937,100.0,0.010000000707805157,0.2750735580921173,1.0
3485,0.5092994068983436,49.147289774547666,39.57510989750209,100.0,0.010000000707805157,0.25673708319664,1.0
3486,0.24206888424284917,29.715302405306346,38.94571460373406,100.0,0.010000000707805157,0.11494418978691101,1.0
3487,0.5332749468411765,65.9417178835867,40.06272754738996,100.0,0.010000000707805157,0.36051294207572937,1.0
3488,0.577900948593333,71.6779905930653,40.87226839189905,100.0,0.010000000707805157,0.2645108103752136,1.0
3489,0.5771690332540378,71.69352599651282,40.85883574460376,100.0,0.010000000707805157,0.26378345489501953,1.0
3490,0.6132513395120852,64.71178388320898,39.3105869020389,100.0,0.010000000707805157,0.48378682136535645,1.0
3491,0.24208563903795144,29.611595195960383,38.95907843196729,100.0,0.010000000707805157,0.11453858017921448,1.0
3492,0.5089297324159253,49.013195198675106,39.570724670778276,100.0,0.010000000707805157,0.2559797167778015,1.0
3493,0.47419302635322397,58.66314725543865,40.34272252398858,100.0,0.010000000707805157,0.2454206645488739,1.0
3494,0.40750420285112415,50.555100344440085,40.839621263418884,100.0,0.010000000707805157,0.1319635957479477,1.0
3495,0.6050575939903639,63.914152719040146,40.49327208670481,100.0,0.010000000707805157,0.2731632888317108,1.0
3496,0.4735046624756626,58.638468006823786,40.32953979702725,100.0,0.010000000707805157,0.24483351409435272,1.0
3497,0.24211399829263427,29.531048493586578,38.96510640968695,100.0,0.010000000707805157,0.1142803281545639,1.0
3498,0.6045349317517912,63.896754221244386,40.48321923305236,100.0,0.010000000707805157,0.27267128229141235,1.0
3499,0.4064318447231597,50.543895011982556,40.81340888279574,100.0,0.010000000707805157,0.13125811517238617,1.0
3500,0.6506395057188299,70.49355434346954,40.19794628686016,100.0,0.010000000707805157,0.3853362500667572,1.0
3501,0.5627255385661015,57.243713472929564,39.404662094520766,100.0,0.010000000707805157,0.3681512475013733,1.0
3502,0.8728997057034471,84.79544768302833,40.23709808652262,100.0,0.010000000707805157,0.553366482257843,1.0
3503,0.6224458194249093,77.52461916969636,40.517620513091195,100.0,0.010000000707805157,0.37354594469070435,1.0
3504,0.24217045855250702,29.432235315360682,38.966914716376536,100.0,0.010000000707805157,0.11399439722299576,1.0
3505,0.5303697930963593,65.62331311832183,40.025556066377746,100.0,0.010000000707805157,0.3561718463897705,1.0
3506,0.24219433649708333,29.39982556475205,38.975077834871364,100.0,0.010000000707805157,0.11378978192806244,1.0
3507,0.2422062970625074,29.39231338361618,38.977911570423984,100.0,0.010000000707805157,0.11372080445289612,1.0
3508,0.6490066970192577,70.44735266977578,40.1796133275245,100.0,0.010000000707805157,0.3831925690174103,1.0
3509,0.6746912358564449,62.78222758245725,39.693958441474656,100.0,0.010000000707805157,0.39384034276008606,1.0
3510,0.40453667867083315,50.454745214999015,40.77034410041818,100.0,0.010000000707805157,0.1301199197769165,1.0
3511,0.7161045953537085,69.52529065681931,39.56301549925554,100.0,0.010000000707805157,0.5056861042976379,1.0
3512,0.5825596337711372,71.91333713809473,39.84700350634068,100.0,0.010000000707805157,0.46728527545928955,1.0
3513,0.620489985658281,77.35176122209472,40.491702305715265,100.0,0.010000000707805157,0.3708398640155792,1.0
3514,0.746714403386207,75.11288323498762,40.27370864960752,100.0,0.010000000707805157,0.40844929218292236,1.0
3515,0.6193483172586716,77.32843037997073,40.47533575204744,100.0,0.010000000707805157,0.36975133419036865,1.0
3516,0.737883635756209,92.58003315360683,40.54350733104739,100.0,0.010000000707805157,0.4970986545085907,1.0
3517,0.7834156406891484,80.6919127561404,40.07942092988096,100.0,0.010000000707805157,0.5189304947853088,1.0
3518,0.6267395560355874,55.55074050756665,39.87399048127564,100.0,0.010000000707805157,0.27858519554138184,1.0
3519,0.5046986408555544,49.032552590071504,39.55056005121265,100.0,0.010000000707805157,0.2513970732688904,1.0
3520,0.24236071341758736,29.181005987695436,38.99000826184551,100.0,0.010000000707805157,0.11295602470636368,1.0
3521,0.6255819050504454,55.765025394883665,39.86951575240407,100.0,0.010000000707805157,0.2774820029735565,1.0
3522,0.6170297895900914,77.21909507656457,40.44414955597518,100.0,0.010000000707805157,0.3674851357936859,1.0
3523,0.24238895030464827,29.14380142997411,38.9913283506199,100.0,0.010000000707805157,0.11283919215202332,1.0
3524,0.5966144378376361,64.02016071502526,40.37061951751394,100.0,0.010000000707805157,0.2657945156097412,1.0
3525,0.5270817724634872,65.23205558499909,39.983005486740765,100.0,0.010000000707805157,0.351315975189209,1.0
3526,0.4001979049835052,50.3417435440737,40.67207898838617,100.0,0.010000000707805157,0.12755456566810608,1.0
3527,0.41966013901255816,50.534615263201594,39.00468571042978,100.0,0.010000000707805157,0.33592331409454346,1.0
3528,0.39995238489819884,50.32545953645075,40.66511356589709,100.0,0.010000000707805157,0.12739026546478271,1.0
3529,0.5795527299267376,71.47263693189379,39.81518669664727,100.0,0.010000000707805157,0.4617331027984619,1.0
3530,0.5955011268912521,63.908245891847784,40.342848207210885,100.0,0.010000000707805157,0.2648799419403076,1.0
3531,0.6693529876776417,62.90563366863242,39.65997689457388,100.0,0.010000000707805157,0.38759374618530273,1.0
3532,0.5030572152967987,49.00599770953387,39.54065809810497,100.0,0.010000000707805157,0.2494601160287857,1.0
3533,0.5943950905373071,63.99690679265672,40.33536574777184,100.0,0.010000000707805157,0.26399827003479004,1.0
3534,0.4402592135579783,39.49757771656167,39.83410083641546,100.0,0.010000000707805157,0.13791188597679138,1.0
3535,0.6412812625638116,70.40992783839899,40.09676317439886,100.0,0.010000000707805157,0.3746944069862366,1.0
3536,0.5020341427284185,49.12016148776577,39.53736957546137,100.0,0.010000000707805157,0.24863079190254211,1.0
3537,0.6849900466844161,76.29225424973441,39.93174345608353,100.0,0.010000000707805157,0.4852946102619171,1.0
3538,0.6403060175396831,70.41946532350048,40.087925052219944,100.0,0.010000000707805157,0.3736339509487152,1.0
3539,0.612469257532577,76.93304997550622,40.383458212412854,100.0,0.010000000707805157,0.36248883605003357,1.0
3540,0.5615161405896174,71.15674667164284,40.60614581285735,100.0,0.010000000707805157,0.25077855587005615,1.0
3541,0.8360080378187131,90.83548915223191,40.29780251114566,100.0,0.010000000707805157,0.5224722623825073,1.0
3542,0.43808159428599586,39.647950100964884,39.81178825623742,100.0,0.010000000707805157,0.1366642713546753,1.0
3543,0.395819187776945,50.20002890896246,40.57815630155538,100.0,0.010000000707805157,0.12514297664165497,1.0
3544,0.24258996128958132,28.82777675895948,39.0069986115098,100.0,0.010000000707805157,0.11182180047035217,1.0
3545,0.39551952796665063,50.19124917149315,40.57070021908024,100.0,0.010000000707805157,0.12496164441108704,1.0
3546,0.7098076272393575,81.55434711259466,40.3851849291425,100.0,0.010000000707805157,0.3842414617538452,1.0
3547,0.5001230772796402,49.064376153905286,39.52380808217238,100.0,0.010000000707805157,0.24708595871925354,1.0
3548,0.617922566879174,56.262035554081535,39.80487773915459,100.0,0.010000000707805157,0.27125656604766846,1.0
3549,0.49929894064998165,49.199414239228666,39.52193943108597,100.0,0.010000000707805157,0.24647799134254456,1.0
3550,0.4631062491143332,57.893212470936916,40.15433794032747,100.0,0.010000000707805157,0.23515453934669495,1.0
3551,0.616557123708588,56.4532615704343,39.79783645244435,100.0,0.010000000707805157,0.2701573967933655,1.0
3552,0.005469867225526397,0.04559453349296047,31.940755044987526,100.0,0.010000000707805157,0.0010522929951548576,1.0
3553,0.005467421608305508,0.0455871160487916,31.940870153834535,100.0,0.010000000707805157,0.0010518170893192291,1.0
3554,0.5572190641746927,71.01983046354299,40.544724373745396,100.0,0.010000000707805157,0.2476188838481903,1.0
3555,0.6156281651725477,56.54124148293703,39.794220258697095,100.0,0.010000000707805157,0.2693987190723419,1.0
3556,0.343110583517397,40.68675715473708,39.00389919220273,100.0,0.010000000707805157,0.2222779393196106,1.0
3557,0.39345244132085894,50.092243425627444,40.5309245308532,100.0,0.010000000707805157,0.12392406165599823,1.0
3558,0.660780302610448,63.60533888684876,39.623332341763,100.0,0.010000000707805157,0.37930431962013245,1.0
3559,0.005402046741328307,0.044810563745599885,31.92215111731433,100.0,0.010000000707805157,0.00103920535184443,1.0
3560,0.7052547437912918,81.61753090133465,40.34586701481737,100.0,0.010000000707805157,0.3802083730697632,1.0
3561,0.4970367964118705,49.35663790166497,39.51055214621523,100.0,0.010000000707805157,0.24475893378257751,1.0
3562,0.2427511303553942,28.66104613325856,39.002678517082295,100.0,0.010000000707805157,0.11138796806335449,1.0
3563,0.6128073051148972,56.87146338134753,39.77624030308617,100.0,0.010000000707805157,0.2672305703163147,1.0
3564,0.7035985289044018,81.65144815073366,40.33243415251581,100.0,0.010000000707805157,0.37880244851112366,1.0
3565,0.8248044757601797,91.22999144604644,40.21542688663034,100.0,0.010000000707805157,0.5106704235076904,1.0
3566,0.4317063823459058,40.34417529874342,39.765007023435395,100.0,0.010000000707805157,0.13313668966293335,1.0
3567,0.46017539298730264,57.683495712554866,40.103408574989835,100.0,0.010000000707805157,0.23314565420150757,1.0
3568,0.6304755174212163,70.51627179077956,39.989923218473876,100.0,0.010000000707805157,0.36503323912620544,1.0
3569,0.7001272991527343,81.6692608763667,40.2959742178304,100.0,0.010000000707805157,0.3757532238960266,1.0
3570,0.4306155223249853,40.41193272274512,39.75440846125513,100.0,0.010000000707805157,0.13258923590183258,1.0
3571,0.6742167182392038,76.23086448083947,39.83514750156385,100.0,0.010000000707805157,0.4744356870651245,1.0
3572,0.5798747753442268,64.38346751316261,40.17017163856833,100.0,0.010000000707805157,0.25313422083854675,1.0
3573,0.6281283907780519,70.53890671563856,39.96692203760591,100.0,0.010000000707805157,0.3631015121936798,1.0
3574,0.24286346717510177,28.48628348050425,38.99351118742226,100.0,0.010000000707805157,0.11108776926994324,1.0
3575,0.5788617945346333,64.3954091631135,40.15795274025665,100.0,0.010000000707805157,0.2524314820766449,1.0
3576,0.7196994777120678,76.28710741071947,40.036727306209336,100.0,0.010000000707805157,0.38293254375457764,1.0
3577,0.49204279030399833,49.71384035207363,39.48409038363989,100.0,0.010000000707805157,0.24143999814987183,1.0
3578,0.2429166195937147,28.450269409673666,38.99148819874217,100.0,0.010000000707805157,0.11098677664995193,1.0
3579,0.42766341087951887,40.72076149370319,39.72777631584599,100.0,0.010000000707805157,0.13112935423851013,1.0
3580,0.6259443406585437,70.60740749430505,39.950044379436704,100.0,0.010000000707805157,0.36129650473594666,1.0
3581,0.7569978624048509,81.74212252143798,39.89208168636605,100.0,0.010000000707805157,0.49093782901763916,1.0
3582,0.42611604296538996,40.90159005100682,39.71595609380334,100.0,0.010000000707805157,0.1303895115852356,1.0
3583,0.5752682328893622,64.58564408535868,40.12852221214472,100.0,0.010000000707805157,0.250088632106781,1.0
3584,0.5747142475873358,64.6029909791104,40.12292630738658,100.0,0.010000000707805157,0.24971795082092285,1.0
3585,0.45625959638648633,57.408046077589226,40.03821234248236,100.0,0.010000000707805157,0.23037701845169067,1.0
3586,0.3858419886843977,49.80492477347879,40.386757486140624,100.0,0.010000000707805157,0.12022112309932709,1.0
3587,0.005026409618256703,0.04033810088961234,31.806965080593535,100.0,0.010000000707805157,0.0009663252858445048,1.0
3588,0.38548664653011855,49.7978927168001,40.37885561191673,100.0,0.010000000707805157,0.12003152072429657,1.0
3589,0.6667244785260058,86.59482532476642,40.37086690889193,100.0,0.010000000707805157,0.35797417163848877,1.0
3590,0.572730826024431,64.50332010613592,40.08887269765813,100.0,0.010000000707805157,0.24826079607009888,1.0
3591,0.621562959474929,70.55339634543596,39.90102799290453,100.0,0.010000000707805157,0.3579040467739105,1.0
3592,0.4538011868158424,57.30853976795962,39.99457452478813,100.0,0.010000000707805157,0.22880218923091888,1.0
3593,0.5713992848642637,64.5023478899174,40.07173889734318,100.0,0.010000000707805157,0.24737317860126495,1.0
3594,0.242990917394909,28.2159583225672,38.98247706109983,100.0,0.010000000707805157,0.11065719276666641,1.0
3595,0.3825641036576693,49.74831837427355,40.31868728578665,100.0,0.010000000707805157,0.11857357621192932,1.0
3596,0.004892864966810742,0.03884551419849258,31.77169192393621,100.0,0.010000000707805157,0.0009402051800861955,1.0
3597,0.4883970891125345,49.744907210414226,39.457460715888026,100.0,0.010000000707805157,0.23901714384555817,1.0
3598,0.6198868191627872,70.50465569775743,39.88231141799958,100.0,0.010000000707805157,0.3564380407333374,1.0
3599,0.45258456109502093,57.217612901092735,39.97465690939309,100.0,0.010000000707805157,0.22785291075706482,1.0
3600,0.34361648283811896,39.870350521883566,38.992265880376394,100.0,0.010000000707805157,0.21994175016880035,1.0
3601,0.5696019449700865,64.46369170763728,40.04607381474917,100.0,0.010000000707805157,0.24618306756019592,1.0
3602,0.5445498954069745,57.26370724871572,39.33910394802189,100.0,0.010000000707805157,0.34770479798316956,1.0
3603,0.6184626501498617,70.46849238430877,39.867477795118,100.0,0.010000000707805157,0.3550712764263153,1.0
3604,0.5439776717297917,57.29111293282296,39.33740423046525,100.0,0.010000000707805157,0.3470023274421692,1.0
3605,0.7069313450707303,76.65046634378511,39.924453424080994,100.0,0.010000000707805157,0.37267550826072693,1.0
3606,0.7245843580953317,86.45860976898032,39.997959697760734,100.0,0.010000000707805157,0.47080540657043457,1.0
3607,0.7047646062928641,76.75010965110583,39.908654546234814,100.0,0.010000000707805157,0.3710289001464844,1.0
3608,0.6804858220084252,81.64014219960006,40.09998058628103,100.0,0.010000000707805157,0.3598237931728363,1.0
3609,0.5349120689213384,70.25561429249262,40.23981535920602,100.0,0.010000000707805157,0.23249080777168274,1.0
3610,0.4841893409565893,49.928085224525546,39.429092498888835,100.0,0.010000000707805157,0.23624902963638306,1.0
3611,0.6782140866026928,81.61518012733622,40.07518861460752,100.0,0.010000000707805157,0.35801151394844055,1.0
3612,0.3438173184984638,39.579336882591015,38.990415669450435,100.0,0.010000000707805157,0.21896791458129883,1.0
3613,0.24319531141084494,27.93097124541632,38.991938909124265,100.0,0.010000000707805157,0.10975863039493561,1.0
3614,0.5627608895039671,64.57680361088897,39.97091263631518,100.0,0.010000000707805157,0.24191400408744812,1.0
3615,0.37642308984367806,49.51955271904785,40.202448057436555,100.0,0.010000000707805157,0.1157427504658699,1.0
3616,0.5846358811246383,75.6245676462754,40.026618631416305,100.0,0.010000000707805157,0.33936184644699097,1.0
3617,0.5089873589031814,63.450484673023446,39.712534020362284,100.0,0.010000000707805157,0.33297082781791687,1.0
3618,0.24321416394580836,27.835971094315767,38.99768619065756,100.0,0.010000000707805157,0.10949500650167465,1.0
3619,0.3749495167010231,49.48543297770206,40.17102137789475,100.0,0.010000000707805157,0.11502886563539505,1.0
3620,0.6743869087613389,81.44839830394356,40.02445712878758,100.0,0.010000000707805157,0.35488176345825195,1.0
3621,0.6731993914923661,81.4431284402368,40.0121695267155,100.0,0.010000000707805157,0.35396578907966614,1.0
3622,0.5806365513914273,75.49915046303164,39.97509290961553,100.0,0.010000000707805157,0.3362565040588379,1.0
3623,0.5261510142844649,70.0708450360597,40.11644459584503,100.0,0.010000000707805157,0.22676250338554382,1.0
3624,0.0044504312384526035,0.03395758187983898,31.640954894617344,100.0,0.010000000707805157,0.0008551129139959812,1.0
3625,0.6702622340423726,81.36069418469282,39.97582518889948,100.0,0.010000000707805157,0.3516136407852173,1.0
3626,0.6546919668488842,75.58184502191115,39.64337652241635,100.0,0.010000000707805157,0.4558146595954895,1.0
3627,0.5566631468693364,64.38622109710789,39.88076046151851,100.0,0.010000000707805157,0.23798196017742157,1.0
3628,0.48125537508996347,49.67297751170528,39.39955064412902,100.0,0.010000000707805157,0.2341803014278412,1.0
3629,0.6399730201555811,85.87960229977001,40.070811908726,100.0,0.010000000707805157,0.3366966247558594,1.0
3630,0.5209406670952571,69.96960245518513,40.0472236249218,100.0,0.010000000707805157,0.22353950142860413,1.0
3631,0.24319861262808196,27.553972370246875,38.988777959765144,100.0,0.010000000707805157,0.10919113457202911,1.0
3632,0.5543622927662585,64.3302731215283,39.84872076682201,100.0,0.010000000707805157,0.23654404282569885,1.0
3633,0.664307231171556,81.27930043767196,39.91248922822057,100.0,0.010000000707805157,0.34714579582214355,1.0
3634,0.004293935738267061,0.03223953037364597,31.590953517574135,100.0,0.010000000707805157,0.0008245835779234767,1.0
3635,0.5024627014872306,63.005806467751185,39.613685424650136,100.0,0.010000000707805157,0.32811805605888367,1.0
3636,0.6036878678463421,70.04594223739721,39.69523494725841,100.0,0.010000000707805157,0.34383153915405273,1.0
3637,0.47973148857335596,49.55861899797147,39.38460549202752,100.0,0.010000000707805157,0.23316118121147156,1.0
3638,0.36557234933018684,49.295782955282874,39.994221380961875,100.0,0.010000000707805157,0.11088889837265015,1.0
3639,0.438740495729457,56.49426322695571,39.74707817240873,100.0,0.010000000707805157,0.2188667356967926,1.0
3640,0.004225376595137756,0.03150164959867032,31.56947349587401,100.0,0.010000000707805157,0.0008116095559671521,1.0
3641,0.688549250195694,76.49617146887049,39.73786775790549,100.0,0.010000000707805157,0.35874801874160767,1.0
3642,0.6014318405380329,70.05092223542714,39.67449661063432,100.0,0.010000000707805157,0.342235267162323,1.0
3643,0.6864040131018009,76.62552861661139,39.72510894399133,100.0,0.010000000707805157,0.3572797179222107,1.0
3644,0.3439746594722505,38.78562352680406,38.99058986769269,100.0,0.010000000707805157,0.216822549700737,1.0
3645,0.5004124037173389,62.79396506971459,39.58641403366546,100.0,0.010000000707805157,0.3259629011154175,1.0
3646,0.3440342681221,38.7393611023844,39.00080438652497,100.0,0.010000000707805157,0.21629856526851654,1.0
3647,0.3440683093710468,38.72609024913163,39.0062423853951,100.0,0.010000000707805157,0.21603624522686005,1.0
3648,0.2433739737268434,27.330246186757762,39.007716689368586,100.0,0.010000000707805157,0.10824920237064362,1.0
3649,0.36315569036161327,49.17306922104159,39.94972846186372,100.0,0.010000000707805157,0.10986891388893127,1.0
3650,0.5481559383026772,64.27727705565826,39.772043677610256,100.0,0.010000000707805157,0.2329215556383133,1.0
3651,0.4364338976701878,56.30309605626354,39.712865787545134,100.0,0.010000000707805157,0.21700362861156464,1.0
3652,0.34413432874491157,38.63617706645803,39.01306876493119,100.0,0.010000000707805157,0.2155318558216095,1.0
3653,0.47724001355369783,49.52978282218507,39.3612575932427,100.0,0.010000000707805157,0.23105721175670624,1.0
3654,0.5352978401347454,56.677847109884134,39.27989009359265,100.0,0.010000000707805157,0.3381247818470001,1.0
3655,0.34424163914631045,38.60740362846852,39.02350132182523,100.0,0.010000000707805157,0.21491029858589172,1.0
3656,0.004065106640982705,0.029816095596264424,31.516719726585784,100.0,0.010000000707805157,0.0007819110760465264,1.0
3657,0.36197785356401363,49.09009299470777,39.92775778004615,100.0,0.010000000707805157,0.1093723475933075,1.0
3658,0.00405282760139834,0.02966548272157241,31.512107666765747,100.0,0.010000000707805157,0.0007794708362780511,1.0
3659,0.6281886089000197,64.67730288408494,39.416082412084464,100.0,0.010000000707805157,0.3532460927963257,1.0
3660,0.5111251015156894,69.52001143203408,39.92034596726851,100.0,0.010000000707805157,0.21772733330726624,1.0
3661,0.004024384069513224,0.029378854189226616,31.502472247972225,100.0,0.010000000707805157,0.000773935578763485,1.0
3662,0.5451497954021761,64.25679547884009,39.73651261687113,100.0,0.010000000707805157,0.23121820390224457,1.0
3663,0.004011072505760302,0.029254886556164164,31.498368744376993,100.0,0.010000000707805157,0.0007713168160989881,1.0
3664,0.4753703867290307,49.61251245968744,39.3466168819334,100.0,0.010000000707805157,0.2298155128955841,1.0
3665,0.5961013534022362,69.91021663718598,39.62044530080854,100.0,0.010000000707805157,0.3376573324203491,1.0
3666,0.4074192663920643,41.513686385600955,39.4812246509151,100.0,0.010000000707805157,0.12251300364732742,1.0
3667,0.5086181498858685,69.4202793910991,39.89019759830746,100.0,0.010000000707805157,0.21630607545375824,1.0
3668,0.0039670130847894655,0.02880376737615932,31.483128919554545,100.0,0.010000000707805157,0.0007627460290677845,1.0
3669,0.003965408409105914,0.028800123946661045,31.48324159827959,100.0,0.010000000707805157,0.0007624484715051949,1.0
3670,0.4337249949276177,56.058418431372075,39.671236902704614,100.0,0.010000000707805157,0.21496857702732086,1.0
3671,0.3584836655756211,48.962311963416795,39.86631251155364,100.0,0.010000000707805157,0.10794036090373993,1.0
3672,0.624577462868767,64.80539260173668,39.393803157402836,100.0,0.010000000707805157,0.3508226275444031,1.0
3673,0.35801674026058417,48.936012165853626,39.85942548314283,100.0,0.010000000707805157,0.10776565223932266,1.0
3674,0.24359150678172684,27.067872511149883,39.01735194730193,100.0,0.010000000707805157,0.1073983758687973,1.0
3675,0.6412641351588044,75.03658237811877,39.51682174352823,100.0,0.010000000707805157,0.4424813687801361,1.0
3676,0.42180767369316885,46.98800730689238,39.03074613647839,100.0,0.010000000707805157,0.3203420639038086,1.0
3677,0.4056310137964461,41.54983747069568,39.453675063483445,100.0,0.010000000707805157,0.1218222826719284,1.0
3678,0.6405422073633235,75.01775425228094,39.51223769490596,100.0,0.010000000707805157,0.4413984715938568,1.0
3679,0.40468167122196624,41.63875982398497,39.444280989654345,100.0,0.010000000707805157,0.12146434187889099,1.0
3680,0.0038661234497090998,0.027763063613508162,31.4477231639588,100.0,0.010000000707805157,0.0007438185275532305,1.0
3681,0.5044259018645657,69.21051820926687,39.83735716177511,100.0,0.010000000707805157,0.213908851146698,1.0
3682,0.47189740092246846,49.69195024304899,39.317087380785644,100.0,0.010000000707805157,0.22751514613628387,1.0
3683,0.6389432393839458,74.98883867577875,39.49846099596125,100.0,0.010000000707805157,0.44000551104545593,1.0
3684,0.4032518590525651,41.731992971436654,39.429151410303156,100.0,0.010000000707805157,0.12092127650976181,1.0
3685,0.0038192105624289237,0.027216817315701122,31.427633412505063,100.0,0.010000000707805157,0.0007348305662162602,1.0
3686,0.4027668476305455,41.7906843389357,39.42616030745464,100.0,0.010000000707805157,0.12073252350091934,1.0
3687,0.6705188598265768,76.92075052111538,39.587152644431,100.0,0.010000000707805157,0.34663358330726624,1.0
3688,0.6690385614469755,77.02414934029609,39.57987276021799,100.0,0.010000000707805157,0.34570392966270447,1.0
3689,0.5345870942867779,64.45452317096783,39.63747375696154,100.0,0.010000000707805157,0.22553840279579163,1.0
3690,0.0037796948055881584,0.026873237413022652,31.41375823997672,100.0,0.010000000707805157,0.000726914091501385,1.0
3691,0.24380040857917568,26.90341154272247,39.020048680261255,100.0,0.010000000707805157,0.10676565766334534,1.0
3692,0.5869096930761779,69.95100980690724,39.54022853945888,100.0,0.010000000707805157,0.33133789896965027,1.0
3693,0.5332694873305842,64.4603489180511,39.62393744781279,100.0,0.010000000707805157,0.22483345866203308,1.0
3694,0.46730649476840413,50.067457882541504,39.28619629432789,100.0,0.010000000707805157,0.2252529263496399,1.0
3695,0.5555653062094841,74.11075519623185,39.6801189016739,100.0,0.010000000707805157,0.3171684145927429,1.0
3696,0.6640091598593396,77.18125955105592,39.543691169498686,100.0,0.010000000707805157,0.34247952699661255,1.0
3697,0.7058619654224476,81.9409792307174,39.480564509536194,100.0,0.010000000707805157,0.4476422667503357,1.0
3698,0.2438973893304473,26.7975446613116,39.01786024814445,100.0,0.010000000707805157,0.10648823529481888,1.0
3699,0.351262403607255,48.58283506251777,39.7497008012431,100.0,0.010000000707805157,0.10515528917312622,1.0
3700,0.3508195720327036,48.573974441268575,39.741575777537356,100.0,0.010000000707805157,0.10497599095106125,1.0
3701,0.46519850058124834,50.13366139677718,39.268803740670315,100.0,0.010000000707805157,0.22413018345832825,1.0
3702,0.5247929126008256,56.967354257077034,39.21235275924295,100.0,0.010000000707805157,0.32970738410949707,1.0
3703,0.24395451475400892,26.749032067539687,39.02347128561666,100.0,0.010000000707805157,0.10623908042907715,1.0
3704,0.24396804098825633,26.743977310816017,39.02600144684164,100.0,0.010000000707805157,0.10617437958717346,1.0
3705,0.6307998980101855,75.01633829022559,39.43605396868178,100.0,0.010000000707805157,0.4334699213504791,1.0
3706,0.3948180358553513,42.41999976411615,39.349570639273914,100.0,0.010000000707805157,0.11784850060939789,1.0
3707,0.5238029104465785,57.014971399162064,39.20676295734692,100.0,0.010000000707805157,0.3284902572631836,1.0
3708,0.3499841059027453,48.47295724088569,39.728376725332154,100.0,0.010000000707805157,0.10466258972883224,1.0
3709,0.4262982242186879,55.405049218190754,39.560055125004084,100.0,0.010000000707805157,0.20975655317306519,1.0
3710,0.6814405205102961,73.86102089687358,39.33904031723596,100.0,0.010000000707805157,0.35136741399765015,1.0
3711,0.3490311238203616,48.42675498629066,39.713747901466874,100.0,0.010000000707805157,0.10430716723203659,1.0
3712,0.675430849144143,85.32508559940058,39.54874133015028,100.0,0.010000000707805157,0.42952829599380493,1.0
3713,0.34512759262672,37.715302824041785,39.032257289800256,100.0,0.010000000707805157,0.21092011034488678,1.0
3714,0.5238019821026024,64.56273792993214,39.53042467910167,100.0,0.010000000707805157,0.2199828326702118,1.0
3715,0.42446437567848194,55.272377295237284,39.531422400363944,100.0,0.010000000707805157,0.20866695046424866,1.0
3716,0.3468226155465646,48.3479762273345,39.67446845956684,100.0,0.010000000707805157,0.10343752056360245,1.0
3717,0.5225204230297905,64.52061957238173,39.514249436072944,100.0,0.010000000707805157,0.2192721664905548,1.0
3718,0.6760409591469283,74.18239681519518,39.30903316373968,100.0,0.010000000707805157,0.34812623262405396,1.0
3719,0.24415754002257706,26.552913354609146,39.025325909513676,100.0,0.010000000707805157,0.10560207813978195,1.0
3720,0.34583336338051524,48.290859912725374,39.66027739468515,100.0,0.010000000707805157,0.10308083891868591,1.0
3721,0.6937170518598068,82.21334430809668,39.39629544291361,100.0,0.010000000707805157,0.4386835992336273,1.0
3722,0.6478900110911997,77.7615931373985,39.43031277799898,100.0,0.010000000707805157,0.33267754316329956,1.0
3723,0.5726032485135459,70.03284955922295,39.416420923670856,100.0,0.010000000707805157,0.3221234083175659,1.0
3724,0.5719777153681971,70.03128767747626,39.410715696965966,100.0,0.010000000707805157,0.3217219114303589,1.0
3725,0.0034339915708162844,0.023370893336921737,31.277192360403422,100.0,0.010000000707805157,0.0006606007809750736,1.0
3726,0.003433008230863504,0.02333854531604768,31.27566999750135,100.0,0.010000000707805157,0.0006604221416637301,1.0
3727,0.5177386651234196,57.22297683858118,39.162502137542695,100.0,0.010000000707805157,0.3244549334049225,1.0
3728,0.5162383355876018,64.72830721032787,39.465170042252936,100.0,0.010000000707805157,0.2162741869688034,1.0
3729,0.3430066106294029,48.14377714350502,39.61585187834715,100.0,0.010000000707805157,0.10203253477811813,1.0
3730,0.5439944378233692,61.136229721476816,39.256867939131205,100.0,0.010000000707805157,0.2283085137605667,1.0
3731,0.4206852794080122,54.96816885309247,39.472980515526345,100.0,0.010000000707805157,0.20656132698059082,1.0
3732,0.5921633327296755,83.64005606879199,39.59945605965978,100.0,0.010000000707805157,0.30406200885772705,1.0
3733,0.48168885225682484,68.11572192902308,39.575825626632835,100.0,0.010000000707805157,0.20177024602890015,1.0
3734,0.33978331411307927,48.05087768518145,39.560281781239695,100.0,0.010000000707805157,0.10080493241548538,1.0
3735,0.6610592943315123,85.01530462726264,39.42640065111215,100.0,0.010000000707805157,0.41914498805999756,1.0
3736,0.5112341364630453,64.59993869774978,39.40680919496922,100.0,0.010000000707805157,0.2136102318763733,1.0
3737,0.24429390542250598,26.263419825421717,39.01316938289961,100.0,0.010000000707805157,0.10514494776725769,1.0
3738,0.4777820735878542,67.99213714097662,39.52848981885567,100.0,0.010000000707805157,0.19969899952411652,1.0
3739,0.5834136314419566,83.40012303343316,39.51178494581665,100.0,0.010000000707805157,0.2983554005622864,1.0
3740,0.34540119321308416,37.09304827667322,39.01507271226512,100.0,0.010000000707805157,0.20959211885929108,1.0
3741,0.5090696274959423,64.46760695870766,39.37579647547694,100.0,0.010000000707805157,0.2124107927083969,1.0
3742,0.2442968683411457,26.163929662544557,39.01405727154577,100.0,0.010000000707805157,0.10494294762611389,1.0
3743,0.3454268251710196,37.054711815044506,39.02024373492855,100.0,0.010000000707805157,0.20919758081436157,1.0
3744,0.453608754921259,50.4102544733034,39.164645552716614,100.0,0.010000000707805157,0.21773681044578552,1.0
3745,0.5080229177371961,64.47933971568183,39.36548502936294,100.0,0.010000000707805157,0.21193237602710724,1.0
3746,0.4526944283612383,50.484057536079604,39.157780155707066,100.0,0.010000000707805157,0.21733173727989197,1.0
3747,0.4522520761655045,50.52949742059541,39.154417370763525,100.0,0.010000000707805157,0.2171047031879425,1.0
3748,0.0032075228617256574,0.02118520377510508,31.187687823140386,100.0,0.010000000707805157,0.0006169034750200808,1.0
3749,0.4518177674712815,50.571480114701274,39.15097271778632,100.0,0.010000000707805157,0.21687749028205872,1.0
3750,0.414452839352954,54.563473599429486,39.3737106125452,100.0,0.010000000707805157,0.2029237002134323,1.0
3751,0.48855334476222406,52.453817244636504,39.03586993380863,100.0,0.010000000707805157,0.41636985540390015,1.0
3752,0.41419441257337514,54.5227433587669,39.37061098623694,100.0,0.010000000707805157,0.202464759349823,1.0
3753,0.6058404257035496,80.41856971948424,39.384750381693955,100.0,0.010000000707805157,0.3090225160121918,1.0
3754,0.47076528835807485,67.6502023999753,39.44410919037081,100.0,0.010000000707805157,0.19604358077049255,1.0
3755,0.603402817477249,80.33904146705397,39.36071138167568,100.0,0.010000000707805157,0.3074527680873871,1.0
3756,0.5882050058138005,66.56943029505659,39.151296103375344,100.0,0.010000000707805157,0.32784634828567505,1.0
3757,0.4115354171728296,54.36457130931203,39.32783030030905,100.0,0.010000000707805157,0.20116505026817322,1.0
3758,0.4783324872471426,60.32954316107843,39.27099536218512,100.0,0.010000000707805157,0.30452048778533936,1.0
3759,0.3775588285152,43.2201141833701,39.15932784651052,100.0,0.010000000707805157,0.1120019480586052,1.0
3760,0.376991051666223,43.283016314486446,39.15557220813362,100.0,0.010000000707805157,0.11182381212711334,1.0
3761,0.5269113549473514,72.39663636822628,39.35398494367351,100.0,0.010000000707805157,0.2975059747695923,1.0
3762,0.6465501920200847,84.47289017607936,39.29442163953956,100.0,0.010000000707805157,0.4080873727798462,1.0
3763,0.584765739568032,66.69946649150462,39.12619917522771,100.0,0.010000000707805157,0.32577934861183167,1.0
3764,0.3747703188340062,43.423987227382476,39.134253896928996,100.0,0.010000000707805157,0.11112131923437119,1.0
3765,0.509386682958375,56.98655141780266,39.08907216778282,100.0,0.010000000707805157,0.31746023893356323,1.0
3766,0.244607346910424,25.85866103962994,39.03187861805509,100.0,0.010000000707805157,0.10360671579837799,1.0
3767,0.5682390279849723,82.59475757125264,39.36854470115776,100.0,0.010000000707805157,0.28890636563301086,1.0
3768,0.6211027874753332,77.87839663442223,39.210584988331135,100.0,0.010000000707805157,0.3167397379875183,1.0
3769,0.4078199344056353,54.07175125215958,39.27035270626422,100.0,0.010000000707805157,0.1989702731370926,1.0
3770,0.6446091081085522,75.69920544392883,39.11174051718718,100.0,0.010000000707805157,0.3303771913051605,1.0
3771,0.52413598398553,61.95733366419672,39.099598886693286,100.0,0.010000000707805157,0.21931132674217224,1.0
3772,0.5638980559307262,82.37602910552334,39.33190194369819,100.0,0.010000000707805157,0.28633585572242737,1.0
3773,0.32432808825207543,47.33706537098852,39.309358745231364,100.0,0.010000000707805157,0.09521801769733429,1.0
3774,0.5489015000074794,69.57553367918923,39.18313161767327,100.0,0.010000000707805157,0.30721238255500793,1.0
3775,0.5217046258194342,62.05272276492027,39.084046947787286,100.0,0.010000000707805157,0.21823172271251678,1.0
3776,0.32332938631711816,47.28110551484728,39.29484982370972,100.0,0.010000000707805157,0.09487675130367279,1.0
3777,0.5049195595968985,57.12976460717528,39.051663637493,100.0,0.010000000707805157,0.3150240480899811,1.0
3778,0.24471715831995375,25.672201804851866,39.018365013679194,100.0,0.010000000707805157,0.10333452373743057,1.0
3779,0.0029056042742287526,0.0184005172273096,31.057783228269823,100.0,0.010000000707805157,0.0005588533240370452,1.0
3780,0.36744813855419756,43.926637832265584,39.066988140814345,100.0,0.010000000707805157,0.10885769128799438,1.0
3781,0.4409214994135216,50.99803636123623,39.05153589193872,100.0,0.010000000707805157,0.21148018538951874,1.0
3782,0.4404659242471755,51.04336753011874,39.04777303068616,100.0,0.010000000707805157,0.2112601399421692,1.0
3783,0.3657403068053167,44.09921926795743,39.052161179525456,100.0,0.010000000707805157,0.10835977643728256,1.0
3784,0.4564354515875638,66.87851025947816,39.288386997924775,100.0,0.010000000707805157,0.18897084891796112,1.0
3785,0.6212100806567744,72.48343730033245,39.04032503104398,100.0,0.010000000707805157,0.42147910594940186,1.0
3786,0.485894797595,64.72140282853877,39.16656368515017,100.0,0.010000000707805157,0.20176644623279572,1.0
3787,0.543335455886575,69.7205196870588,39.14251890457256,100.0,0.010000000707805157,0.30408868193626404,1.0
3788,0.5555375302884623,81.89475065465348,39.2578474506483,100.0,0.010000000707805157,0.2813427448272705,1.0
3789,0.31949146265803485,47.05752438499295,39.23546727309825,100.0,0.010000000707805157,0.09354529529809952,1.0
3790,0.40213341966258864,53.596755795258346,39.18174192673614,100.0,0.010000000707805157,0.19591419398784637,1.0
3791,0.45039795082492173,66.6306239562644,39.218984532913176,100.0,0.010000000707805157,0.18599586188793182,1.0
3792,0.3461882126134993,36.088980695400224,39.017046649963795,100.0,0.010000000707805157,0.20536957681179047,1.0
3793,0.43777013093452727,51.00118756537779,39.01819060205819,100.0,0.010000000707805157,0.20981872081756592,1.0
3794,0.0027824021966904784,0.017268014944167874,30.99992708740314,100.0,0.010000000707805157,0.0005351551226340234,1.0
3795,0.481904302756411,64.5463621750195,39.118517433330496,100.0,0.010000000707805157,0.1997702717781067,1.0
3796,0.5397944169905168,69.50196873171708,39.10106500908501,100.0,0.010000000707805157,0.3017931580543518,1.0
3797,0.5103195259423886,71.30113963389323,39.17019386288111,100.0,0.010000000707805157,0.287015438079834,1.0
3798,0.34626500189521325,35.97981050627991,39.02089838826324,100.0,0.010000000707805157,0.20475241541862488,1.0
3799,0.24490985313358163,25.394950068785644,39.022052764378834,100.0,0.010000000707805157,0.10247856378555298,1.0
3800,0.6005071080846685,78.30113537646018,39.06589686231384,100.0,0.010000000707805157,0.3054586946964264,1.0
3801,0.24493278856321543,25.374743235595727,39.02065286074296,100.0,0.010000000707805157,0.10242346674203873,1.0
3802,0.5988469796998557,78.385758551547,39.056696771653954,100.0,0.010000000707805157,0.30462172627449036,1.0
3803,0.597132328045082,78.48436927313806,39.04834420205308,100.0,0.010000000707805157,0.30376431345939636,1.0
3804,0.5057814272600029,62.98398802660809,38.96911449820809,100.0,0.010000000707805157,0.21151810884475708,1.0
3805,0.5540005349213499,62.817294822106156,38.98907237295341,100.0,0.010000000707805157,0.41167452931404114,1.0
3806,0.35613256602481,44.61089929664759,38.95233101087575,100.0,0.010000000707805157,0.10550301522016525,1.0
3807,0.3555327136713169,44.67222010442853,38.94812944498091,100.0,0.010000000707805157,0.10533560812473297,1.0
3808,0.4312239335511244,51.471376037593295,38.960943090317684,100.0,0.010000000707805157,0.20694321393966675,1.0
3809,0.6187401609669612,84.08930466179825,39.08726808045366,100.0,0.010000000707805157,0.38961637020111084,1.0
3810,0.47250410614461774,64.76654480875978,39.04408360827745,100.0,0.010000000707805157,0.1958242654800415,1.0
3811,0.4298217643525365,51.53237096803199,38.94760857005722,100.0,0.010000000707805157,0.20633694529533386,1.0
3812,0.002648570363813427,0.016136232185331365,30.937780235389592,100.0,0.010000000707805157,0.0005094313528388739,1.0
3813,0.3526323952490278,44.88310577244614,38.92163336165754,100.0,0.010000000707805157,0.10451115667819977,1.0
3814,0.470837156651427,64.83331256886159,39.03306991776592,100.0,0.010000000707805157,0.1951581984758377,1.0
3815,0.24512976220520055,25.240360120364596,39.01022694208417,100.0,0.010000000707805157,0.1020488440990448,1.0
3816,0.31224021191974877,46.59177738623086,39.125927245730914,100.0,0.010000000707805157,0.09107483178377151,1.0
3817,0.4284375019593412,51.609419767486216,38.93460592205778,100.0,0.010000000707805157,0.20573289692401886,1.0
3818,0.4959631880489175,63.764688868003894,38.90540550548897,100.0,0.010000000707805157,0.20761734247207642,1.0
3819,0.2451767141725887,25.212811698804824,39.009652458700174,100.0,0.010000000707805157,0.10193487256765366,1.0
3820,0.4407444321640838,65.94335009877906,39.11849703300358,100.0,0.010000000707805157,0.1814090609550476,1.0
3821,0.2451852263356788,25.180736145421374,39.010030966998436,100.0,0.010000000707805157,0.10187039524316788,1.0
3822,0.3497757663328418,45.05453834586621,38.89315024448103,100.0,0.010000000707805157,0.10369476675987244,1.0
3823,0.5611962060418346,79.96659989839144,39.03975040978136,100.0,0.010000000707805157,0.283956378698349,1.0
3824,0.42610032015671034,51.731537064141136,38.91263897647579,100.0,0.010000000707805157,0.20474854111671448,1.0
3825,0.39511065435662873,52.88179717697263,39.07385266346572,100.0,0.010000000707805157,0.19159859418869019,1.0
3826,0.49191381928674827,63.97696676421023,38.876413587231525,100.0,0.010000000707805157,0.20599012076854706,1.0
3827,0.6000138853546338,78.72229414225578,38.86781840014518,100.0,0.010000000707805157,0.30788731575012207,1.0
3828,0.4372208649043235,65.70855143481697,39.082432417694044,100.0,0.010000000707805157,0.17975424230098724,1.0
3829,0.346809436738875,35.52929152331307,39.00453459960196,100.0,0.010000000707805157,0.2029954195022583,1.0
3830,0.5559337414558098,79.93681867830827,39.002089251187165,100.0,0.010000000707805157,0.2811974287033081,1.0
3831,0.5226962973936814,69.68986041215355,38.96266586432914,100.0,0.010000000707805157,0.29251426458358765,1.0
3832,0.24531855308398684,25.02776101423816,39.002373052324614,100.0,0.010000000707805157,0.10152645409107208,1.0
3833,0.46314671810200103,58.414300407499276,39.03641012340232,100.0,0.010000000707805157,0.2914728820323944,1.0
3834,0.34689426526459427,35.41991483773021,39.01167702409314,100.0,0.010000000707805157,0.2022518664598465,1.0
3835,0.5748088735637824,79.30044523946357,38.90795786380717,100.0,0.010000000707805157,0.29261136054992676,1.0
3836,0.4876465735832731,57.73447083546473,38.89411474512205,100.0,0.010000000707805157,0.3034606873989105,1.0
3837,0.5724397134221331,79.43346631121332,38.89464465143652,100.0,0.010000000707805157,0.29151222109794617,1.0
3838,0.6389837511029263,83.25843829484168,38.825455434700615,100.0,0.010000000707805157,0.4040544629096985,1.0
3839,0.41871117443774086,52.19629288766911,38.841508065257194,100.0,0.010000000707805157,0.20148825645446777,1.0
3840,0.5379179282064473,69.65732350849055,38.81533759022423,100.0,0.010000000707805157,0.30165261030197144,1.0
3841,0.33756289989402644,45.92924368228135,38.77737064670401,100.0,0.010000000707805157,0.10037608444690704,1.0
3842,0.3918276640951676,52.46306576422278,39.02460655648148,100.0,0.010000000707805157,0.1893446147441864,1.0
3843,0.24552693615419233,24.913235684729628,39.00693387651863,100.0,0.010000000707805157,0.1008838564157486,1.0
3844,0.24553692858519843,24.910103579186405,39.00912510878165,100.0,0.010000000707805157,0.10082148760557175,1.0
3845,0.47642184660829867,65.08662339613389,38.76866859162674,100.0,0.010000000707805157,0.20008938014507294,1.0
3846,0.3049144802425907,46.02857626585305,39.0189756920799,100.0,0.010000000707805157,0.08862477540969849,1.0
3847,0.4829522489895778,58.09972003679282,38.85121044061353,100.0,0.010000000707805157,0.3007326126098633,1.0
3848,0.3044540833319638,45.99538056905737,39.0115451987961,100.0,0.010000000707805157,0.08846843987703323,1.0
3849,0.5262528317690446,79.93301633661841,39.00225944138554,100.0,0.010000000707805157,0.2642837166786194,1.0
3850,0.4516543296655817,65.04982386770826,38.869059828442104,100.0,0.010000000707805157,0.18719930946826935,1.0
3851,0.24560092841998804,24.80369595359893,39.0043911292858,100.0,0.010000000707805157,0.1006440594792366,1.0
3852,0.48225205218607736,58.000908676973694,38.84110912790554,100.0,0.010000000707805157,0.3000509738922119,1.0
3853,0.41473386768714876,52.35525693159333,38.79803453399624,100.0,0.010000000707805157,0.19952958822250366,1.0
3854,0.33370073325031263,46.08203270694454,38.731940359932096,100.0,0.010000000707805157,0.09930644929409027,1.0
3855,0.33309353755632043,46.13876467195738,38.72746474321061,100.0,0.010000000707805157,0.09915100783109665,1.0
3856,0.33248644872524197,46.19535221225829,38.7229773136476,100.0,0.010000000707805157,0.09899594634771347,1.0
3857,0.4487148362308219,65.18732645421021,38.848809398749914,100.0,0.010000000707805157,0.18612578511238098,1.0
3858,0.30154805887952746,45.80134412234101,38.96719634915857,100.0,0.010000000707805157,0.08749576658010483,1.0
3859,0.55663433414842,80.07630791073291,38.79881921422561,100.0,0.010000000707805157,0.28401997685432434,1.0
3860,0.24570881355624596,24.724566053121478,38.99924591355869,100.0,0.010000000707805157,0.10041700303554535,1.0
3861,0.42543344583715115,42.95663379046932,39.008131517362685,100.0,0.010000000707805157,0.3003493845462799,1.0
3862,0.5204491732778914,79.51198356973329,38.950865883108655,100.0,0.010000000707805157,0.2609438896179199,1.0
3863,0.34745344384523286,34.948281849298255,39.00838277385544,100.0,0.010000000707805157,0.19994434714317322,1.0
3864,0.24574326059220752,24.667849075974033,39.00935934633294,100.0,0.010000000707805157,0.10003592073917389,1.0
3865,0.5275413127735975,70.08142012245766,38.7326405816596,100.0,0.010000000707805157,0.296109139919281,1.0
3866,0.47854751513977967,58.13844597184471,38.801922362523,100.0,0.010000000707805157,0.29726141691207886,1.0
3867,0.45862407843782804,57.59341159523296,38.967233155598365,100.0,0.010000000707805157,0.28566622734069824,1.0
3868,0.0022823800239982063,0.013013425244489757,30.746151283692974,100.0,0.010000000707805157,0.0004394587886054069,1.0
3869,0.5800449961131311,74.52401623145686,38.74885901072464,100.0,0.010000000707805157,0.39441701769828796,1.0
3870,0.3276102771610133,46.41127275664656,38.662542793499775,100.0,0.010000000707805157,0.09768302738666534,1.0
3871,0.562944132591897,74.10750768110731,38.84489302754884,100.0,0.010000000707805157,0.3823656439781189,1.0
3872,0.4882306550232818,69.16673116830269,38.93184604559033,100.0,0.010000000707805157,0.27165788412094116,1.0
3873,0.548998044480765,80.10620211327073,38.73501416438006,100.0,0.010000000707805157,0.2802448868751526,1.0
3874,0.34770656862368926,34.76468432379799,39.01884868664144,100.0,0.010000000707805157,0.19839279353618622,1.0
3875,0.4761054743505186,58.1778720684944,38.77330906187789,100.0,0.010000000707805157,0.2949521541595459,1.0
3876,0.4591753832483187,65.93538282854969,38.62983011189142,100.0,0.010000000707805157,0.19356372952461243,1.0
3877,0.3855444418530746,51.69530515062648,38.9256627232124,100.0,0.010000000707805157,0.1847376674413681,1.0
3878,0.4389190114893381,65.13987520507985,38.75282889788876,100.0,0.010000000707805157,0.18209406733512878,1.0
3879,0.3231265545509705,46.63947976799693,38.6144056340459,100.0,0.010000000707805157,0.09649621695280075,1.0
3880,0.5731772409909924,74.90059858989434,38.69666165075364,100.0,0.010000000707805157,0.39003676176071167,1.0
3881,0.3213946314365991,46.784113994962375,38.598490883288825,100.0,0.010000000707805157,0.09606539458036423,1.0
3882,0.2959128096536598,45.326899143470406,38.88031905805888,100.0,0.010000000707805157,0.08561385422945023,1.0
3883,0.29544318121068214,45.30443561270692,38.8726335148807,100.0,0.010000000707805157,0.0854576826095581,1.0
3884,0.3841123044529105,51.53115441862245,38.901794160585176,100.0,0.010000000707805157,0.18393421173095703,1.0
3885,0.383766137696418,51.50261572369558,38.896077835682306,100.0,0.010000000707805157,0.183720663189888,1.0
3886,0.2940650785645141,45.23479320900243,38.84967587884941,100.0,0.010000000707805157,0.08499965816736221,1.0
3887,0.5246607603979448,79.39262910527133,38.75859526973788,100.0,0.010000000707805157,0.26499736309051514,1.0
3888,0.578149227493589,83.12878698274564,38.771960972402184,100.0,0.010000000707805157,0.3628809452056885,1.0
3889,0.40344027047832465,52.72638420367755,38.66876094859855,100.0,0.010000000707805157,0.19401490688323975,1.0
3890,0.2460844831679869,24.322517700407744,39.01241441986221,100.0,0.010000000707805157,0.09871715307235718,1.0
3891,0.31928438732678993,46.733630993019496,38.57068058630612,100.0,0.010000000707805157,0.09543979167938232,1.0
3892,0.5365750443590614,80.28925059653443,38.64878596034669,100.0,0.010000000707805157,0.2742239832878113,1.0
3893,0.24612114693658627,24.294644335144007,39.00944710299996,100.0,0.010000000707805157,0.09866262227296829,1.0
3894,0.40167172446704463,52.85210052983221,38.650514574750105,100.0,0.010000000707805157,0.19326624274253845,1.0
3895,0.41172546935519283,63.79536569170557,38.80498451087126,100.0,0.010000000707805157,0.167802631855011,1.0
3896,0.3805721079975293,51.18018972413838,38.84282272658214,100.0,0.010000000707805157,0.1819697916507721,1.0
3897,0.28981522565921497,44.95799552278923,38.783045117828195,100.0,0.010000000707805157,0.08360440284013748,1.0
3898,0.3798720278691205,51.12457429867432,38.83103023480488,100.0,0.010000000707805157,0.18160486221313477,1.0
3899,0.45230388385532816,56.642596338918054,38.863006133085534,100.0,0.010000000707805157,0.27954158186912537,1.0
3900,0.4014161466258021,52.68743891833993,38.64063889936788,100.0,0.010000000707805157,0.1927986741065979,1.0
3901,0.3792014346734813,51.05375001004401,38.820519460137064,100.0,0.010000000707805157,0.1810617744922638,1.0
3902,0.2880028958153836,44.851451183365114,38.753149761149544,100.0,0.010000000707805157,0.08301122486591339,1.0
3903,0.45145491968923,56.53114339772121,38.85003185371215,100.0,0.010000000707805157,0.2785986363887787,1.0
3904,0.40592269579341556,63.47896731096183,38.73736105416842,100.0,0.010000000707805157,0.16513007879257202,1.0
3905,0.3168036584160811,46.62430222748411,38.53132105302629,100.0,0.010000000707805157,0.0946890190243721,1.0
3906,0.4505884859624935,56.42444534457641,38.83564768729691,100.0,0.010000000707805157,0.2779024541378021,1.0
3907,0.5102100305320308,70.44177019794398,38.58065279915069,100.0,0.010000000707805157,0.286452054977417,1.0
3908,0.37713048171599056,50.85200580880102,38.78638621714742,100.0,0.010000000707805157,0.1797962188720703,1.0
3909,0.3151752694679653,46.70107225413188,38.51237067948145,100.0,0.010000000707805157,0.09426593780517578,1.0
3910,0.24620841663679574,24.06486528678865,39.016075594392284,100.0,0.010000000707805157,0.0977804958820343,1.0
3911,0.37679837271100386,50.80919479673896,38.78102736835064,100.0,0.010000000707805157,0.17952656745910645,1.0
3912,0.5082240477750473,70.5260528747686,38.56367259906004,100.0,0.010000000707805157,0.2853740453720093,1.0
3913,0.3764585397075842,50.75975382077968,38.77565051983592,100.0,0.010000000707805157,0.179258793592453,1.0
3914,0.24623866082241516,24.027591405739315,39.01909871450272,100.0,0.010000000707805157,0.09753905981779099,1.0
3915,0.4432270342027257,66.26515203320226,38.49203530895841,100.0,0.010000000707805157,0.1874077320098877,1.0
3916,0.42237224639864757,64.75402039802111,38.58737516588137,100.0,0.010000000707805157,0.17506596446037292,1.0
3917,0.39726399453598055,52.75178542556253,38.58791891715634,100.0,0.010000000707805157,0.19059306383132935,1.0
3918,0.2838166982906281,44.53173912085411,38.68807322073644,100.0,0.010000000707805157,0.08165131509304047,1.0
3919,0.5638668560216814,82.42482713904828,38.647033993818404,100.0,0.010000000707805157,0.35304275155067444,1.0
3920,0.5034135161240522,70.76011732472942,38.52734210204359,100.0,0.010000000707805157,0.28308290243148804,1.0
3921,0.24632134578277728,23.94948253856801,39.01357046854363,100.0,0.010000000707805157,0.09731680899858475,1.0
3922,0.4860243498922005,69.13900257199047,38.613849861503034,100.0,0.010000000707805157,0.2707861065864563,1.0
3923,0.374398261021338,50.508823611011756,38.74155512003842,100.0,0.010000000707805157,0.17796018719673157,1.0
3924,0.0019242138135131762,0.010214835689328537,30.542616076387276,100.0,0.010000000707805157,0.00037078754394315183,1.0
3925,0.5348001255671344,81.6849173312986,38.44638292468617,100.0,0.010000000707805157,0.2776113450527191,1.0
3926,0.5317177064191296,81.94565886941301,38.432853656407325,100.0,0.010000000707805157,0.27633431553840637,1.0
3927,0.39247715247060855,53.045344203845865,38.537216189074385,100.0,0.010000000707805157,0.18871700763702393,1.0
3928,0.3050379890522567,47.31876884343994,38.414249089313955,100.0,0.010000000707805157,0.09171988815069199,1.0
3929,0.37403953482052876,50.39496775720116,38.73538265430064,100.0,0.010000000707805157,0.17768582701683044,1.0
3930,0.46262105846658746,58.30704699856229,38.6082230445297,100.0,0.010000000707805157,0.2851499617099762,1.0
3931,0.4623016054847643,58.33432879947278,38.60431376063902,100.0,0.010000000707805157,0.28480178117752075,1.0
3932,0.390883381178646,53.1462942428784,38.51736181574606,100.0,0.010000000707805157,0.18786495923995972,1.0
3933,0.481023825490007,69.29043295242073,38.5724380731983,100.0,0.010000000707805157,0.26819437742233276,1.0
3934,0.34851715377964265,33.804397226736924,39.016190717813934,100.0,0.010000000707805157,0.19311723113059998,1.0
3935,0.4669793811694096,67.1173553648049,38.68941807929297,100.0,0.010000000707805157,0.25728142261505127,1.0
3936,0.3901793834799748,53.11508180057084,38.505049648785295,100.0,0.010000000707805157,0.18731920421123505,1.0
3937,0.389765202421073,53.14840596036069,38.50045744254561,100.0,0.010000000707805157,0.18713214993476868,1.0
3938,0.37275542774526665,50.22177872306821,38.715537084482385,100.0,0.010000000707805157,0.17642945051193237,1.0
3939,0.3947130710669814,62.47069299256693,38.616557812490896,100.0,0.010000000707805157,0.1600160002708435,1.0
3940,0.42620542299078296,67.13415423744352,38.36505749646752,100.0,0.010000000707805157,0.18131184577941895,1.0
3941,0.27821757798178726,44.02235093174235,38.602901002478475,100.0,0.010000000707805157,0.07983856648206711,1.0
3942,0.460045224293204,58.31613901237179,38.572465793218235,100.0,0.010000000707805157,0.28273099660873413,1.0
3943,0.3713940904160217,50.074692379741016,38.6923482140373,100.0,0.010000000707805157,0.175667405128479,1.0
3944,0.27732405402080246,43.95926590632275,38.58831733393284,100.0,0.010000000707805157,0.07955174148082733,1.0
3945,0.24653900941697934,23.753428994580524,39.01442399796473,100.0,0.010000000707805157,0.0961836576461792,1.0
3946,0.38824435639364346,53.10097680558118,38.47766308208253,100.0,0.010000000707805157,0.1862313151359558,1.0
3947,0.29948168754034626,47.450503910683466,38.340644946943485,100.0,0.010000000707805157,0.09025351703166962,1.0
3948,0.2465564254999379,23.748088196414468,39.0153071129778,100.0,0.010000000707805157,0.09606975317001343,1.0
3949,0.34861114743534377,33.641947356110194,39.0199587359005,100.0,0.010000000707805157,0.19173112511634827,1.0
3950,0.34860462946572857,33.64970905166731,39.023333513960615,100.0,0.010000000707805157,0.1914980262517929,1.0
3951,0.38754871319358175,53.14163348561466,38.466460927888896,100.0,0.010000000707805157,0.1856602132320404,1.0
3952,0.47596885960627167,69.070527118311,38.5152336403765,100.0,0.010000000707805157,0.2646980881690979,1.0
3953,0.4212507484300607,67.31226992625338,38.318833464503506,100.0,0.010000000707805157,0.1795160174369812,1.0
3954,0.2764387418068909,43.83797340981641,38.57437536513013,100.0,0.010000000707805157,0.0792568176984787,1.0
3955,0.4615935511914841,66.55836920371719,38.62672311949984,100.0,0.010000000707805157,0.25345009565353394,1.0
3956,0.5590231266360467,83.96305587335645,38.435496775648005,100.0,0.010000000707805157,0.35306334495544434,1.0
3957,0.3690863549742324,49.78394055677929,38.653987469783026,100.0,0.010000000707805157,0.17396721243858337,1.0
3958,0.42697679384343784,41.116680708847504,39.0240973457255,100.0,0.010000000707805157,0.28597450256347656,1.0
3959,0.40350977360542517,64.6176633469198,38.40824659747985,100.0,0.010000000707805157,0.16762861609458923,1.0
3960,0.4739157909974785,75.87395217799931,38.52923034141803,100.0,0.010000000707805157,0.2347642332315445,1.0
3961,0.5674930976942072,85.97543253721857,38.339719502907656,100.0,0.010000000707805157,0.36232098937034607,1.0
3962,0.4006297570373667,64.57361375822259,38.38339427890472,100.0,0.010000000707805157,0.1664741039276123,1.0
3963,0.4421996665425616,54.976710684354146,38.69516640047216,100.0,0.010000000707805157,0.26787859201431274,1.0
3964,0.3667592273018482,49.526422536939585,38.61448037347839,100.0,0.010000000707805157,0.17255860567092896,1.0
3965,0.38317048766019013,61.55459436503737,38.48693268967308,100.0,0.010000000707805157,0.1548120528459549,1.0
3966,0.45567671279388533,58.155135055511316,38.505628597464565,100.0,0.010000000707805157,0.27833735942840576,1.0
3967,0.2466420508555458,23.5349967108886,39.01595957061734,100.0,0.010000000707805157,0.09496120363473892,1.0
3968,0.382940147072142,53.09481176063036,38.40113745637513,100.0,0.010000000707805157,0.18316775560379028,1.0
3969,0.5405228758515599,81.42910522717133,38.44715888919495,100.0,0.010000000707805157,0.33721253275871277,1.0
3970,0.26921458331602366,43.30720615923945,38.459147816927924,100.0,0.010000000707805157,0.07696159183979034,1.0
3971,0.36478621381955106,49.317128635843844,38.58097712140018,100.0,0.010000000707805157,0.17136281728744507,1.0
3972,0.3965957245251168,64.29883028706668,38.33658928674142,100.0,0.010000000707805157,0.1646738052368164,1.0
3973,0.3958731622276739,64.2880862620224,38.33060624054765,100.0,0.010000000707805157,0.16438664495944977,1.0
3974,0.0016449238838857384,0.008158131107852731,30.35820224343051,100.0,0.010000000707805157,0.00031735727679915726,1.0
3975,0.39515580303286685,64.2747417615127,38.32459827192888,100.0,0.010000000707805157,0.16409900784492493,1.0
3976,0.45088733447649093,65.56299108645679,38.49989868446622,100.0,0.010000000707805157,0.2468218207359314,1.0
3977,0.29048852995245233,47.48371751359664,38.22418963494866,100.0,0.010000000707805157,0.08780410885810852,1.0
3978,0.3628125752716345,49.09035783398793,38.546042255319286,100.0,0.010000000707805157,0.17039287090301514,1.0
3979,0.3755348692213056,60.98837836694527,38.401375716530104,100.0,0.010000000707805157,0.15142637491226196,1.0
3980,0.24669710009028187,23.357192598703794,39.00532884639273,100.0,0.010000000707805157,0.0946006327867508,1.0
3981,0.24668545934075167,23.35982224801981,39.00683162332335,100.0,0.010000000707805157,0.09453922510147095,1.0
3982,0.5590472420850602,85.83984477554765,38.27190979595815,100.0,0.010000000707805157,0.3570101261138916,1.0
3983,0.28843400769128863,47.54989075587939,38.201004273459766,100.0,0.010000000707805157,0.0872785672545433,1.0
3984,0.39103883091303243,64.1775868243061,38.286036024288165,100.0,0.010000000707805157,0.16244640946388245,1.0
3985,0.3903244461238154,64.16608922299648,38.280108711849664,100.0,0.010000000707805157,0.16216406226158142,1.0
3986,0.5311482176899041,80.8789632095961,38.36602313705198,100.0,0.010000000707805157,0.3313271403312683,1.0
3987,0.2628813449533486,42.81333942591652,38.36026878230554,100.0,0.010000000707805157,0.07497374713420868,1.0
3988,0.2862998934008976,47.59127241252232,38.18015547629461,100.0,0.010000000707805157,0.08671967685222626,1.0
3989,0.4543385866948525,74.35463689638436,38.3517368635545,100.0,0.010000000707805157,0.22412924468517303,1.0
3990,0.3592510862222964,48.67107105755313,38.48312824812267,100.0,0.010000000707805157,0.16856274008750916,1.0
3991,0.3589304241025621,48.642339391268436,38.47779201872715,100.0,0.010000000707805157,0.1683683544397354,1.0
3992,0.34888800064013475,32.8612010416273,38.99712073680804,100.0,0.010000000707805157,0.18823620676994324,1.0
3993,0.001544449167329184,0.007436168247691054,30.282225865186273,100.0,0.010000000707805157,0.000297877995762974,1.0
3994,0.35861184731856244,48.61507785909357,38.47314406654377,100.0,0.010000000707805157,0.16805925965309143,1.0
3995,0.35829443426869145,48.58641791687573,38.467825188306435,100.0,0.010000000707805157,0.16786742210388184,1.0
3996,0.0015344787740568004,0.007416464503961429,30.28345502512998,100.0,0.010000000707805157,0.00029597178217954934,1.0
3997,0.4510312284236662,57.80927654458785,38.43019624842482,100.0,0.010000000707805157,0.27417176961898804,1.0
3998,0.3858022086498753,63.81499504477876,38.22775235225681,100.0,0.010000000707805157,0.16013026237487793,1.0
3999,0.4503856248216539,57.83304321182585,38.421651086719734,100.0,0.010000000707805157,0.2736888825893402,1.0
4000,0.4717411896736222,71.27250019654696,38.235893702794286,100.0,0.010000000707805157,0.2658102810382843,1.0
4001,0.3757634204237073,52.97610836838925,38.29909145031796,100.0,0.010000000707805157,0.1794431507587433,1.0
4002,0.2829918218216487,47.59931442913486,38.133591159515774,100.0,0.010000000707805157,0.08583123981952667,1.0
4003,0.44875998172096104,57.9662331760011,38.40205225979723,100.0,0.010000000707805157,0.2726326584815979,1.0
4004,0.38279732521921667,63.91328593276206,38.203657467423966,100.0,0.010000000707805157,0.15910997986793518,1.0
4005,0.474332470723127,79.89103422077727,38.171175467351325,100.0,0.010000000707805157,0.24414736032485962,1.0
4006,0.36482231762326367,60.05525607020933,38.28331868686038,100.0,0.010000000707805157,0.1467037796974182,1.0
4007,0.25714588396860566,42.33369400421921,38.27012964958059,100.0,0.010000000707805157,0.0731884017586708,1.0
4008,0.4667430998042072,71.4725950875392,38.19663403951568,100.0,0.010000000707805157,0.2635238468647003,1.0
4009,0.3726778265326703,53.085531177261764,38.261680225711046,100.0,0.010000000707805157,0.17819178104400635,1.0
4010,0.2788237384085233,47.76610249984385,38.09246368281466,100.0,0.010000000707805157,0.08479797095060349,1.0
4011,0.24683013565234496,23.056797735420734,38.98823366077568,100.0,0.010000000707805157,0.09343306720256805,1.0
4012,0.2783203833352423,47.79599819152349,38.08710042012131,100.0,0.010000000707805157,0.08467880636453629,1.0
4013,0.2566802654575107,42.253948054120045,38.263479726790685,100.0,0.010000000707805157,0.07303318381309509,1.0
4014,0.3557885413338231,48.17410570500313,38.42358149022736,100.0,0.010000000707805157,0.1660676747560501,1.0
4015,0.5227972170746071,87.68619361436753,38.203696570485434,100.0,0.010000000707805157,0.30245012044906616,1.0
4016,0.35984258529240376,59.646408042492126,38.22811499386674,100.0,0.010000000707805157,0.1445346176624298,1.0
4017,0.43145038903798405,53.28480626655948,38.5020006993921,100.0,0.010000000707805157,0.2583712339401245,1.0
4018,0.35361035346852543,47.95062365648904,38.38523113216927,100.0,0.010000000707805157,0.16496387124061584,1.0
4019,0.3713398227897916,52.94005772706099,38.237277201219726,100.0,0.010000000707805157,0.1772991269826889,1.0
4020,0.3489851349254787,32.49715570416417,38.986232867404496,100.0,0.010000000707805157,0.18591244518756866,1.0
4021,0.2528113219925846,41.98171843108052,38.20144712016309,100.0,0.010000000707805157,0.07185445725917816,1.0
4022,0.0014174447547036445,0.006603210546845384,30.190256585152003,100.0,0.010000000707805157,0.00027345347916707397,1.0
4023,0.4454991092581582,57.77765931567271,38.34843630627056,100.0,0.010000000707805157,0.26980704069137573,1.0
4024,0.2523868873703016,41.94289873143335,38.19461830236997,100.0,0.010000000707805157,0.0717231035232544,1.0
4025,0.43622148304205105,72.8539070030519,38.186256935772604,100.0,0.010000000707805157,0.21446633338928223,1.0
4026,0.4273016062977035,39.76583424114523,38.98774439805294,100.0,0.010000000707805157,0.27809375524520874,1.0
4027,0.24675915897681872,22.89590685236178,38.986294085934695,100.0,0.010000000707805157,0.09264440089464188,1.0
4028,0.351755084024168,47.758890307091356,38.354835779365565,100.0,0.010000000707805157,0.16360527276992798,1.0
4029,0.373260311435704,63.33776650162127,38.10113869043226,100.0,0.010000000707805157,0.15503358840942383,1.0
4030,0.35114772248922377,47.68642873575082,38.34392942773471,100.0,0.010000000707805157,0.1632859855890274,1.0
4031,0.34888120261062655,32.38428006594834,38.988419344655426,100.0,0.010000000707805157,0.18471884727478027,1.0
4032,0.4636463245904914,79.25860808938458,38.07455375523113,100.0,0.010000000707805157,0.2385655790567398,1.0
4033,0.35053728030321485,47.607185336425026,38.333497871305816,100.0,0.010000000707805157,0.16285164654254913,1.0
4034,0.24673819222625182,22.83659421714801,38.985109832964106,100.0,0.010000000707805157,0.09228996187448502,1.0
4035,0.3488518831448532,32.3526977336997,38.98893090197445,100.0,0.010000000707805157,0.1842520534992218,1.0
4036,0.2485998003604416,41.659325721047715,38.13352112799476,100.0,0.010000000707805157,0.07057587802410126,1.0
4037,0.3698770747389852,52.722234247477026,38.20197115175716,100.0,0.010000000707805157,0.1756983995437622,1.0
4038,0.42893496548381393,63.336556656933524,38.238836541842566,100.0,0.010000000707805157,0.2326434850692749,1.0
4039,0.24733056902674408,41.56177599693353,38.113276240966805,100.0,0.010000000707805157,0.07019202411174774,1.0
4040,0.3490281898241279,47.448656617817996,38.30780670257117,100.0,0.010000000707805157,0.16187098622322083,1.0
4041,0.4605940959187373,79.01674036110867,38.04468022182642,100.0,0.010000000707805157,0.2369144856929779,1.0
4042,0.3684268819161834,63.04948480543785,38.04883414875689,100.0,0.010000000707805157,0.15299244225025177,1.0
4043,0.3677484484662787,63.03353632960129,38.043228395074394,100.0,0.010000000707805157,0.15272849798202515,1.0
4044,0.36806977829054516,52.67668860056802,38.17630334176159,100.0,0.010000000707805157,0.17486482858657837,1.0
4045,0.2727119991171162,47.47350909439274,37.99416145057191,100.0,0.010000000707805157,0.08300060033798218,1.0
4046,0.24675408016142555,22.71804593380342,38.97703442504881,100.0,0.010000000707805157,0.09187574684619904,1.0
4047,0.5315077955615003,85.78414131238065,38.05542000689284,100.0,0.010000000707805157,0.34015604853630066,1.0
4048,0.34783421916542107,47.224933992392785,38.285290713780476,100.0,0.010000000707805157,0.16109828650951385,1.0
4049,0.36622367509188547,52.78006814402457,38.15364399349244,100.0,0.010000000707805157,0.17404328286647797,1.0
4050,0.2447425795133255,41.2880360517234,38.07337051050526,100.0,0.010000000707805157,0.0693897157907486,1.0
4051,0.34724104686813845,47.153745337250335,38.27484816605066,100.0,0.010000000707805157,0.16073021292686462,1.0
4052,0.3469440291412334,47.12423795719005,38.26976264034145,100.0,0.010000000707805157,0.1605483740568161,1.0
4053,0.38210747755666996,67.32450667290694,37.96477473621817,100.0,0.010000000707805157,0.16461999714374542,1.0
4054,0.344263173923389,58.338635356687455,38.05265428805685,100.0,0.010000000707805157,0.1378394365310669,1.0
4055,0.2467635873399202,22.629295941277203,38.97079668482112,100.0,0.010000000707805157,0.091524139046669,1.0
4056,0.2693676169471109,47.53215049681715,37.95486562192361,100.0,0.010000000707805157,0.08214099705219269,1.0
4057,0.42496845832686153,52.25430353982966,38.38917872688044,100.0,0.010000000707805157,0.2513880729675293,1.0
4058,0.3801011517764092,67.34447429145534,37.94780332413292,100.0,0.010000000707805157,0.16388311982154846,1.0
4059,0.43731918758153776,66.97224678236279,38.093846916718675,100.0,0.010000000707805157,0.2414715588092804,1.0
4060,0.42722164918203037,39.262279987702804,38.973659279218865,100.0,0.010000000707805157,0.2735426425933838,1.0
4061,0.0012622688009977627,0.005578841672621852,30.058208155194873,100.0,0.010000000707805157,0.00024378510715905577,1.0
4062,0.43686260471116595,66.93779065829662,38.087241416060834,100.0,0.010000000707805157,0.2410202920436859,1.0
4063,0.43634589298765286,66.91164502743995,38.08162665861243,100.0,0.010000000707805157,0.24071556329727173,1.0
4064,0.4326088381488137,75.1425586901234,37.98035390313265,100.0,0.010000000707805157,0.2176569700241089,1.0
4065,0.3584270096656701,62.79177942547738,37.95466856374871,100.0,0.010000000707805157,0.14912328124046326,1.0
4066,0.42330179072155005,51.95104314632409,38.35830006511984,100.0,0.010000000707805157,0.24958130717277527,1.0
4067,0.43020969370557804,74.96517875652887,37.959643112378735,100.0,0.010000000707805157,0.21640706062316895,1.0
4068,0.26520996711487005,47.54057019455306,37.90280666967603,100.0,0.010000000707805157,0.08104223012924194,1.0
4069,0.3617960231622322,52.688916621087785,38.08598441957456,100.0,0.010000000707805157,0.1716328263282776,1.0
4070,0.24674352201097216,22.483313129267216,38.96085291905504,100.0,0.010000000707805157,0.09081868827342987,1.0
4071,0.43303016385073906,66.7132178572132,38.0455257503048,100.0,0.010000000707805157,0.23880504071712494,1.0
4072,0.42764627487296086,74.84933106376707,37.939281213912714,100.0,0.010000000707805157,0.21516776084899902,1.0
4073,0.5135663849201263,92.28261147198921,37.90006260454903,100.0,0.010000000707805157,0.308538556098938,1.0
4074,0.41595792593688685,61.761580185994625,38.07946011507936,100.0,0.010000000707805157,0.22441692650318146,1.0
4075,0.34891719239893176,31.71503441106869,38.954588895885365,100.0,0.010000000707805157,0.18109747767448425,1.0
4076,0.0011881719376659358,0.005126663847568511,29.99393419207004,100.0,0.010000000707805157,0.000229367331485264,1.0
4077,0.2619410458192166,47.58632405161342,37.865161338248264,100.0,0.010000000707805157,0.08020354807376862,1.0
4078,0.33371671643798606,57.34130969740276,37.93430314415648,100.0,0.010000000707805157,0.13332808017730713,1.0
4079,0.4295402260957894,66.47346203664941,38.007274232283116,100.0,0.010000000707805157,0.2368350625038147,1.0
4080,0.0011742142650389184,0.005015406404542741,29.9743294137512,100.0,0.010000000707805157,0.00022668630117550492,1.0
4081,0.3591155705810062,52.63131187611499,38.04559763637958,100.0,0.010000000707805157,0.17024803161621094,1.0
4082,0.36824203638578495,67.43709722420132,37.849001471923756,100.0,0.010000000707805157,0.15953326225280762,1.0
4083,0.3489086511474817,31.63911847823043,38.94982527787042,100.0,0.010000000707805157,0.18062472343444824,1.0
4084,0.3669144479217674,67.50640153078194,37.83884485408306,100.0,0.010000000707805157,0.15909571945667267,1.0
4085,0.25859088260233565,47.70553054031056,37.83105525822281,100.0,0.010000000707805157,0.07938984036445618,1.0
4086,0.34891096220347934,31.624259692891933,38.948455522265746,100.0,0.010000000707805157,0.1803998351097107,1.0
4087,0.3405816062888021,46.16285892534944,38.15346717039629,100.0,0.010000000707805157,0.15637367963790894,1.0
4088,0.2343793250454134,40.29079404648173,37.908997942545234,100.0,0.010000000707805157,0.06623834371566772,1.0
4089,0.364994461427457,67.54006535352828,37.82272634298672,100.0,0.010000000707805157,0.15840986371040344,1.0
4090,0.25723930114121424,47.728019406684815,37.81496520119171,100.0,0.010000000707805157,0.0790473073720932,1.0
4091,0.49717003601010423,82.04338649680943,37.91851843964474,100.0,0.010000000707805157,0.31382590532302856,1.0
4092,0.2467769706604204,22.273654825175523,38.94118587486816,100.0,0.010000000707805157,0.09005623310804367,1.0
4093,0.3616038750363062,67.69266267392464,37.79983324244892,100.0,0.010000000707805157,0.15727725625038147,1.0
4094,0.2548532902899753,47.83363379269961,37.79210804462637,100.0,0.010000000707805157,0.07848266512155533,1.0
4095,0.3595087670087977,67.8104689876759,37.787516042738794,100.0,0.010000000707805157,0.15659865736961365,1.0
4096,0.24682295410378563,22.244620191891997,38.936659202037966,100.0,0.010000000707805157,0.09000273048877716,1.0
4097,0.34896723522211326,31.515378642713944,38.939983329585004,100.0,0.010000000707805157,0.179724782705307,1.0
4098,0.25349796724464524,47.89674808955455,37.777064563839296,100.0,0.010000000707805157,0.0781635269522667,1.0
4099,0.42727641266468774,38.66411988286627,38.94309150497774,100.0,0.010000000707805157,0.26921671628952026,1.0
4100,0.24673942815624753,22.264923123229867,38.94098056040326,100.0,0.010000000707805157,0.0896625965833664,1.0
4101,0.4236052160592619,66.50010265218992,37.94719112294453,100.0,0.010000000707805157,0.23340120911598206,1.0
4102,0.33943532422831796,45.919164743749036,38.13217203562331,100.0,0.010000000707805157,0.15523186326026917,1.0
4103,0.43068333259038344,57.438397959418566,38.10708877976522,100.0,0.010000000707805157,0.2566903829574585,1.0
4104,0.43041331276254563,57.451825454300796,38.10292694676297,100.0,0.010000000707805157,0.25636184215545654,1.0
4105,0.25198253508279844,47.89497438837696,37.75074768437446,100.0,0.010000000707805157,0.07776233553886414,1.0
4106,0.2466645292314234,22.243999288988235,38.94035738624081,100.0,0.010000000707805157,0.08925879001617432,1.0
4107,0.42215427792669336,66.44660179227458,37.929660630266014,100.0,0.010000000707805157,0.23233884572982788,1.0
4108,0.2511169870961246,47.90925671871614,37.74035468984283,100.0,0.010000000707805157,0.07754351198673248,1.0
4109,0.24665772002640396,22.226533875134166,38.93870079427693,100.0,0.010000000707805157,0.08914419263601303,1.0
4110,0.3516016500778847,52.90241245381416,37.94032645614544,100.0,0.010000000707805157,0.1663806289434433,1.0
4111,0.3388256323910755,45.8078181380016,38.12215002687643,100.0,0.010000000707805157,0.1544668823480606,1.0
4112,0.0010930879820664633,0.0045428348852633495,29.90509828296248,100.0,0.010000000707805157,0.00021131476387381554,1.0
4113,0.24661761658576603,22.219846729325866,38.93880278864398,100.0,0.010000000707805157,0.08897113800048828,1.0
4114,0.34125853218704183,62.439128349002196,37.78927099935036,100.0,0.010000000707805157,0.14265283942222595,1.0
4115,0.41855783077282227,50.931017699412855,38.26901534671056,100.0,0.010000000707805157,0.24293310940265656,1.0
4116,0.2311499984707551,39.87162370879661,37.85652889801778,100.0,0.010000000707805157,0.06522824615240097,1.0
4117,0.3377046315436485,45.67022411366423,38.10207218143049,100.0,0.010000000707805157,0.15376323461532593,1.0
4118,0.4289169124810312,57.34920151330726,38.07408719907497,100.0,0.010000000707805157,0.2544442415237427,1.0
4119,0.33740010224859013,45.63479787810288,38.09729800920792,100.0,0.010000000707805157,0.15347158908843994,1.0
4120,0.35294469503162107,67.7312262253837,37.7118766995257,100.0,0.010000000707805157,0.15409259498119354,1.0
4121,0.3501641588955778,52.80552941604513,37.91291886246831,100.0,0.010000000707805157,0.16530880331993103,1.0
4122,0.4186430241661495,66.20820593840895,37.887089843351035,100.0,0.010000000707805157,0.22993646562099457,1.0
4123,0.2465206626267782,22.143201049149308,38.932360739599964,100.0,0.010000000707805157,0.08844195306301117,1.0
4124,0.4181900773954936,66.17193228543616,37.88128343293552,100.0,0.010000000707805157,0.22959817945957184,1.0
4125,0.4077435339716919,73.90563858931827,37.77084482813804,100.0,0.010000000707805157,0.20560365915298462,1.0
4126,0.34897480112815393,52.75952281869214,37.89323200331,100.0,0.010000000707805157,0.16463038325309753,1.0
4127,0.4268895090303989,57.30562898474841,38.03965185062796,100.0,0.010000000707805157,0.2526489496231079,1.0
4128,0.24646907493871392,22.100412547815125,38.92816262867987,100.0,0.010000000707805157,0.088149294257164,1.0
4129,0.24632201935295886,47.85112106594035,37.671346690959496,100.0,0.010000000707805157,0.0762503445148468,1.0
4130,0.0010391253268408375,0.004215273502047423,29.848951317039155,100.0,0.010000000707805157,0.00020100724941585213,1.0
4131,0.34847493749562386,31.299797701045513,38.929870640215924,100.0,0.010000000707805157,0.17603269219398499,1.0
4132,0.0010380639752479684,0.004212271881920976,29.849149062980764,100.0,0.010000000707805157,0.0002008285082411021,1.0
4133,0.4165866282692843,50.5769461301689,38.23480071441283,100.0,0.010000000707805157,0.2401217520236969,1.0
4134,0.4263737295130135,57.291199712560825,38.029678181566844,100.0,0.010000000707805157,0.25166383385658264,1.0
4135,0.3947874717823556,68.69168681121609,37.80307184194779,100.0,0.010000000707805157,0.1926155686378479,1.0
4136,0.2457030214198435,47.76729341323185,37.65617837264037,100.0,0.010000000707805157,0.07603633403778076,1.0
4137,0.24636517131297558,22.060750581178763,38.92470396632938,100.0,0.010000000707805157,0.08774184435606003,1.0
4138,0.491859654438623,61.44332297992141,38.13494126944075,100.0,0.010000000707805157,0.33873867988586426,1.0
4139,0.41478053782423585,65.91857059759843,37.837959014871814,100.0,0.010000000707805157,0.22707483172416687,1.0
4140,0.2462663913156835,22.056892233756237,38.92412029398561,100.0,0.010000000707805157,0.08745183795690536,1.0
4141,0.2462409432838514,22.06137896368246,38.92459317696761,100.0,0.010000000707805157,0.08739440888166428,1.0
4142,0.2264558025621372,39.37249771891701,37.778785863425036,100.0,0.010000000707805157,0.06380604207515717,1.0
4143,0.3342561145851185,45.16663902305652,38.041405957563576,100.0,0.010000000707805157,0.150898277759552,1.0
4144,0.33285869145296776,61.881440114834874,37.691612089905355,100.0,0.010000000707805157,0.13917826116085052,1.0
4145,0.3467473973348331,52.620434040303536,37.84861800211978,100.0,0.010000000707805157,0.16276410222053528,1.0
4146,0.4025980020614971,59.9113497910902,37.91400068654395,100.0,0.010000000707805157,0.2139408439397812,1.0
4147,0.2245154700390806,39.18726136110983,37.746948201553536,100.0,0.010000000707805157,0.06322942674160004,1.0
4148,0.42353126237237293,71.10837777022726,37.74250945459213,100.0,0.010000000707805157,0.23797215521335602,1.0
4149,0.4121277017870946,65.64961755930686,37.80488211215471,100.0,0.010000000707805157,0.22529886662960052,1.0
4150,0.3455865871180913,52.565470381310476,37.82909943513831,100.0,0.010000000707805157,0.16208940744400024,1.0
4151,0.39841223028065853,73.17970964020905,37.68327497779587,100.0,0.010000000707805157,0.2008548080921173,1.0
4152,0.3152604370630371,55.253918880656606,37.720583104128835,100.0,0.010000000707805157,0.12538576126098633,1.0
4153,0.4262423663336739,38.06620806560673,38.91299357124294,100.0,0.010000000707805157,0.2606768012046814,1.0
4154,0.22220471006980275,38.94514536622493,37.708843136251204,100.0,0.010000000707805157,0.06253626942634583,1.0
4155,0.3136534760126664,55.12022430706701,37.70189252507937,100.0,0.010000000707805157,0.12472821772098541,1.0
4156,0.24200079687351964,47.537299118325656,37.5956311058189,100.0,0.010000000707805157,0.07493098080158234,1.0
4157,0.33081799675415136,44.63857815141041,37.97538908489726,100.0,0.010000000707805157,0.14886128902435303,1.0
4158,0.22067698408299694,38.80066583644925,37.683811630758726,100.0,0.010000000707805157,0.062086060643196106,1.0
4159,0.24162026195415573,47.505155226056914,37.58990424444311,100.0,0.010000000707805157,0.07481317967176437,1.0
4160,0.2461218678765685,21.849910454023057,38.90305292682592,100.0,0.010000000707805157,0.0867222249507904,1.0
4161,0.34794868446280663,30.956671042024666,38.90549192975389,100.0,0.010000000707805157,0.17319093644618988,1.0
4162,0.4117449786655739,49.73798541703228,38.14614796821843,100.0,0.010000000707805157,0.23488201200962067,1.0
4163,0.34455789684344285,52.33832507806304,37.80276505751415,100.0,0.010000000707805157,0.16103999316692352,1.0
4164,0.3477564379458613,30.964783536751014,38.90512756821403,100.0,0.010000000707805157,0.1726090908050537,1.0
4165,0.2458938629888273,21.870644408394533,38.90371071622305,100.0,0.010000000707805157,0.08625726401805878,1.0
4166,0.40851942008379044,65.2191938351811,37.75656860189071,100.0,0.010000000707805157,0.22254317998886108,1.0
4167,0.42270190069307473,56.80291556002202,37.95195154735546,100.0,0.010000000707805157,0.2466364949941635,1.0
4168,0.24030527017003003,47.47467698527694,37.563056486847124,100.0,0.010000000707805157,0.07444330304861069,1.0
4169,0.21956111150883798,38.6745161553583,37.66482838389388,100.0,0.010000000707805157,0.061750032007694244,1.0
4170,0.3918881717140217,72.55488890360054,37.61979007189518,100.0,0.010000000707805157,0.19742871820926666,1.0
4171,0.42200368148286627,56.745195178602124,37.93874593169336,100.0,0.010000000707805157,0.2460707128047943,1.0
4172,0.3379331206874063,67.22569669344527,37.54782773276783,100.0,0.010000000707805157,0.14812374114990234,1.0
4173,0.24582640166601671,21.799869730517873,38.893996725246595,100.0,0.010000000707805157,0.08590658754110336,1.0
4174,0.40134199464784553,77.61951595721045,37.56953734229233,100.0,0.010000000707805157,0.20905561745166779,1.0
4175,0.3416548539872888,52.31633928104978,37.75752005402722,100.0,0.010000000707805157,0.1594289094209671,1.0
4176,0.3475559204617972,30.844491295208528,38.89237936630906,100.0,0.010000000707805157,0.17145439982414246,1.0
4177,0.4552716157075001,86.76417991622084,37.57610327251762,100.0,0.010000000707805157,0.26961466670036316,1.0
4178,0.4098524865948088,49.338656453147124,38.11005371399714,100.0,0.010000000707805157,0.23222868144512177,1.0
4179,0.0008980533263464369,0.0034557864550093216,29.709757048494946,100.0,0.010000000707805157,0.00017401613877154887,1.0
4180,0.21691612934581797,38.35586252561231,37.620549125432426,100.0,0.010000000707805157,0.06094536557793617,1.0
4181,0.24573746642865887,21.73271036140804,38.88499510680623,100.0,0.010000000707805157,0.08555561304092407,1.0
4182,0.21654646992736232,38.32334287109434,37.614423480032,100.0,0.010000000707805157,0.060838598757982254,1.0
4183,0.39217608507902246,58.52835107068496,37.78033427508083,100.0,0.010000000707805157,0.2068043351173401,1.0
4184,0.32675774459338397,44.02254097172793,37.900835110957196,100.0,0.010000000707805157,0.14584243297576904,1.0
4185,0.4200992330363538,56.55499927954195,37.90087936648176,100.0,0.010000000707805157,0.24393898248672485,1.0
4186,0.0008823838810088208,0.0033432514873007672,29.681072547745906,100.0,0.010000000707805157,0.0001710369106149301,1.0
4187,0.3724061310441276,66.35474390363763,37.58856510700234,100.0,0.010000000707805157,0.1810770034790039,1.0
4188,0.3472720919757657,30.690254358751826,38.87935121832325,100.0,0.010000000707805157,0.170374795794487,1.0
4189,0.3256824004970486,43.889102198923815,37.881984024663396,100.0,0.010000000707805157,0.1451183259487152,1.0
4190,0.2363111733650812,47.22201500017884,37.499452840481226,100.0,0.010000000707805157,0.07325205206871033,1.0
4191,0.3254280748911272,43.84458815511179,37.87696777785744,100.0,0.010000000707805157,0.14494837820529938,1.0
4192,0.23592512179970385,47.211184557869174,37.494329826906146,100.0,0.010000000707805157,0.07314572483301163,1.0
4193,0.0008659350740673128,0.0032303056605248463,29.651701067821563,100.0,0.010000000707805157,0.00016781929298304021,1.0
4194,0.4014268113510173,64.52270900112127,37.6680470360299,100.0,0.010000000707805157,0.2177731990814209,1.0
4195,0.34709515183242634,30.643492815539293,38.873740531343984,100.0,0.010000000707805157,0.16978205740451813,1.0
4196,0.3398451319203218,52.00162161524068,37.714143059298955,100.0,0.010000000707805157,0.15768125653266907,1.0
4197,0.3010048333920233,53.76343955907183,37.55244851250181,100.0,0.010000000707805157,0.1194181889295578,1.0
4198,0.4530818396515001,74.87255641341486,37.62783388012937,100.0,0.010000000707805157,0.27657821774482727,1.0
4199,0.21141656679637863,37.80643053375766,37.52890843648173,100.0,0.010000000707805157,0.05933470278978348,1.0
4200,0.2110539850351738,37.771573799002866,37.52290975733301,100.0,0.010000000707805157,0.05922970920801163,1.0
4201,0.0008440610646029202,0.003139010095005012,29.634617038272772,100.0,0.010000000707805157,0.00016358871653210372,1.0
4202,0.23448898104979327,47.093179202097836,37.47157341256523,100.0,0.010000000707805157,0.07270370423793793,1.0
4203,0.3148989863332513,60.41119776323068,37.490020227629394,100.0,0.010000000707805157,0.13161155581474304,1.0
4204,0.424926296467526,37.429305708001344,38.86458445834085,100.0,0.010000000707805157,0.25392940640449524,1.0
4205,0.33878217834313257,51.85854704604459,37.69270916069667,100.0,0.010000000707805157,0.15693694353103638,1.0
4206,0.3985018768737037,64.21157491013973,37.63090024163075,100.0,0.010000000707805157,0.21575140953063965,1.0
4207,0.3773663814830943,71.23428216659423,37.48528088553628,100.0,0.010000000707805157,0.18996171653270721,1.0
4208,0.2092444172455613,37.55914465912228,37.492398436219204,100.0,0.010000000707805157,0.05868887901306152,1.0
4209,0.20888598861847202,37.52439180888793,37.4864546810639,100.0,0.010000000707805157,0.058585360646247864,1.0
4210,0.2948607030698122,53.1046904296416,37.479872924113344,100.0,0.010000000707805157,0.11686665564775467,1.0
4211,0.24532317157665023,21.46347811313225,38.85079473257187,100.0,0.010000000707805157,0.08439762145280838,1.0
4212,0.2326796516048654,46.965039914537705,37.44391207710177,100.0,0.010000000707805157,0.0721605122089386,1.0
4213,0.0008153737495531505,0.003039232499096456,29.6196354132417,100.0,0.010000000707805157,0.00015798764070495963,1.0
4214,0.3214840718859171,43.19637492953013,37.799587372886045,100.0,0.010000000707805157,0.14251480996608734,1.0
4215,0.24525882117137676,21.454463111940687,38.84876169227042,100.0,0.010000000707805157,0.08427675813436508,1.0
4216,0.2933537851012778,52.95411303914843,37.46204554547525,100.0,0.010000000707805157,0.11625070869922638,1.0
4217,0.32845329686882724,66.4512471367312,37.43655183795755,100.0,0.010000000707805157,0.1440073549747467,1.0
4218,0.3728865203387649,70.76337520764775,37.44539133857332,100.0,0.010000000707805157,0.1876150518655777,1.0
4219,0.3369486613945425,51.62165967281272,37.657734583205944,100.0,0.010000000707805157,0.15584218502044678,1.0
4220,0.20603350375168283,37.206773851600445,37.43854871856886,100.0,0.010000000707805157,0.05774439126253128,1.0
4221,0.29083528742049763,52.65492726299731,37.43206320823391,100.0,0.010000000707805157,0.11519278585910797,1.0
4222,0.38522829257409086,76.13257599215935,37.422850190259744,100.0,0.010000000707805157,0.20052815973758698,1.0
4223,0.22993431330720387,46.8559341879686,37.41106394899213,100.0,0.010000000707805157,0.07139609754085541,1.0
4224,0.33587185347337906,51.560785509941454,37.64066184069332,100.0,0.010000000707805157,0.1553463637828827,1.0
4225,0.3194145199032504,42.7949751426594,37.755831761949956,100.0,0.010000000707805157,0.14130926132202148,1.0
4226,0.38292864483380035,76.08848938272467,37.40667794663103,100.0,0.010000000707805157,0.19949837028980255,1.0
4227,0.33504671522017626,51.53817878289202,37.62782669540531,100.0,0.010000000707805157,0.15492060780525208,1.0
4228,0.20390809610572727,36.93876361691533,37.402509923276895,100.0,0.010000000707805157,0.057105518877506256,1.0
4229,0.2878360698232419,52.275468104857445,37.39609328805243,100.0,0.010000000707805157,0.11392179876565933,1.0
4230,0.46184288780850147,66.97918471066554,37.670911962462355,100.0,0.010000000707805157,0.2954857349395752,1.0
4231,0.22767127600371656,46.78890425978248,37.382021218329456,100.0,0.010000000707805157,0.07077811658382416,1.0
4232,0.30437954044157295,59.588453060323445,37.38168046205035,100.0,0.010000000707805157,0.12728539109230042,1.0
4233,0.34672010774153245,30.052159080514627,38.82155164677187,100.0,0.010000000707805157,0.16754969954490662,1.0
4234,0.0007600832167229161,0.0027241571750208477,29.536819247798892,100.0,0.010000000707805157,0.0001472023723181337,1.0
4235,0.24513651932774952,21.227758908132852,38.81962934665876,100.0,0.010000000707805157,0.08370882272720337,1.0
4236,0.22695476182706437,46.78125229973338,37.37178504544273,100.0,0.010000000707805157,0.07058858871459961,1.0
4237,0.3201993243794539,66.29480642513832,37.36764674514855,100.0,0.010000000707805157,0.14090654253959656,1.0
4238,0.3177322656330257,42.47353901126568,37.721613117565305,100.0,0.010000000707805157,0.14014874398708344,1.0
4239,0.3027962489115955,59.52178880926318,37.36541259337844,100.0,0.010000000707805157,0.12668532133102417,1.0
4240,0.4018291697033215,69.68799578111789,37.48352190379098,100.0,0.010000000707805157,0.22386905550956726,1.0
4241,0.37578649660644275,56.141054361193135,37.56120054412223,100.0,0.010000000707805157,0.19616800546646118,1.0
4242,0.4253384654681394,67.09314749859084,37.49077127246437,100.0,0.010000000707805157,0.2519339919090271,1.0
4243,0.2247228286770672,46.690728926649435,37.34336024233705,100.0,0.010000000707805157,0.06996793299913406,1.0
4244,0.37393064056098385,55.892236319442794,37.536222358533784,100.0,0.010000000707805157,0.19506415724754333,1.0
4245,0.24502709788352073,21.109883504928845,38.80328917952702,100.0,0.010000000707805157,0.08334032446146011,1.0
4246,0.0007308872790898627,0.0025656036966818685,29.491611041268587,100.0,0.010000000707805157,0.0001415415172232315,1.0
4247,0.31720615535146063,66.09119765633584,37.33667755431745,100.0,0.010000000707805157,0.13966041803359985,1.0
4248,0.24500689343330243,21.09998220867522,38.80127641638483,100.0,0.010000000707805157,0.08328016102313995,1.0
4249,0.3867707653443462,62.978472022327665,37.487979817920746,100.0,0.010000000707805157,0.20847465097904205,1.0
4250,0.24493654759324324,21.093745218472,38.79906902044537,100.0,0.010000000707805157,0.08316162973642349,1.0
4251,0.29891203136547373,59.19335041090286,37.32311556105508,100.0,0.010000000707805157,0.12507730722427368,1.0
4252,0.19838202494249016,36.295339382251534,37.30878498890199,100.0,0.010000000707805157,0.05548065900802612,1.0
4253,0.31510903688983505,66.0490600507617,37.31841749685508,100.0,0.010000000707805157,0.13887321949005127,1.0
4254,0.31497912595444344,41.97763354154738,37.665590524245296,100.0,0.010000000707805157,0.13839267194271088,1.0
4255,0.2221687833830148,46.618515878794916,37.31045913399285,100.0,0.010000000707805157,0.06927534192800522,1.0
4256,0.19769886946829296,36.1997204601844,37.29693036074953,100.0,0.010000000707805157,0.05527293309569359,1.0
4257,0.3985793138834534,46.97127941702473,37.880342578134474,100.0,0.010000000707805157,0.2211378812789917,1.0
4258,0.19702762387915787,36.139920520914856,37.28578041017063,100.0,0.010000000707805157,0.05508579686284065,1.0
4259,0.22188658111189513,46.557215332279426,37.30384478353271,100.0,0.010000000707805157,0.06916609406471252,1.0
4260,0.36970035274796115,75.29172001817375,37.298827270077055,100.0,0.010000000707805157,0.19302889704704285,1.0
4261,0.3980346894083795,46.83486080024552,37.86815795195085,100.0,0.010000000707805157,0.2205916941165924,1.0
4262,0.000699302342985108,0.0024032767778943086,29.445315697363068,100.0,0.010000000707805157,0.00013540388317778707,1.0
4263,0.3136005158174721,41.74854480379023,37.638442643299804,100.0,0.010000000707805157,0.13750270009040833,1.0
4264,0.1956847130195824,35.98447977596114,37.2628968055019,100.0,0.010000000707805157,0.05469442903995514,1.0
4265,0.1953536170840952,35.95079267777335,37.25731609037263,100.0,0.010000000707805157,0.05460032820701599,1.0
4266,0.3460821263940516,29.69142595231472,38.78187957954394,100.0,0.010000000707805157,0.165361225605011,1.0
4267,0.2946837517106304,58.78879487271473,37.276625919082555,100.0,0.010000000707805157,0.12329338490962982,1.0
4268,0.3371204190576592,62.34456879249289,37.24490842010349,100.0,0.010000000707805157,0.1631341278553009,1.0
4269,0.36728296835297986,54.92703054043204,37.44622134050858,100.0,0.010000000707805157,0.19077059626579285,1.0
4270,0.0006814610727109854,0.002380638091101577,29.451047001940807,100.0,0.010000000707805157,0.0001319477305514738,1.0
4271,0.3116538788322977,41.449511704270364,37.60000420748479,100.0,0.010000000707805157,0.13640838861465454,1.0
4272,0.3963609189367463,68.97152811000485,37.4084148711221,100.0,0.010000000707805157,0.21985730528831482,1.0
4273,0.21995215389381748,46.33663551517897,37.270402535471305,100.0,0.010000000707805157,0.06854186952114105,1.0
4274,0.24461140787487257,20.88556885186685,38.76832730389398,100.0,0.010000000707805157,0.08241023868322372,1.0
4275,0.34994351821349556,68.64789262634886,37.24087677887197,100.0,0.010000000707805157,0.1760336458683014,1.0
4276,0.3804175271812638,62.170850569421006,37.40675627062847,100.0,0.010000000707805157,0.20425520837306976,1.0
4277,0.31074877953915575,41.27423973232102,37.58147631805498,100.0,0.010000000707805157,0.13577276468276978,1.0
4278,0.32813668415598307,50.8214807265409,37.49731487732047,100.0,0.010000000707805157,0.1504010558128357,1.0
4279,0.24447429265404827,20.845945332500918,38.76055068940547,100.0,0.010000000707805157,0.08216589689254761,1.0
4280,0.32785076438870714,50.826924783850004,37.49287549898805,100.0,0.010000000707805157,0.15020062029361725,1.0
4281,0.3949995350055932,46.30045486782502,37.81220894398496,100.0,0.010000000707805157,0.2174673080444336,1.0
4282,0.2701825046127414,50.25756233777848,37.184008195383065,100.0,0.010000000707805157,0.10667212307453156,1.0
4283,0.37779485455707407,80.32833823310034,37.242222676744944,100.0,0.010000000707805157,0.20413219928741455,1.0
4284,0.4079732237276311,54.96501499427492,37.65286282690423,100.0,0.010000000707805157,0.23154538869857788,1.0
4285,0.3456884476359335,68.28607837833124,37.20196470648833,100.0,0.010000000707805157,0.17393913865089417,1.0
4286,0.21647360417511116,46.210958024567816,37.223210675934446,100.0,0.010000000707805157,0.06758633255958557,1.0
4287,0.3941036951120449,46.0685855231465,37.79203183657947,100.0,0.010000000707805157,0.21649958193302155,1.0
4288,0.35949725138306715,74.42604089000552,37.2069621115853,100.0,0.010000000707805157,0.18780487775802612,1.0
4289,0.0006398437490419135,0.0021457504334532447,29.37337145099944,100.0,0.010000000707805157,0.00012390308256726712,1.0
4290,0.24423943829789083,20.75453830212119,38.742852527344745,100.0,0.010000000707805157,0.08168333023786545,1.0
4291,0.21543826817612788,46.18420726550022,37.20950811812537,100.0,0.010000000707805157,0.0673084557056427,1.0
4292,0.3039719686122662,65.44052018525547,37.20555355852421,100.0,0.010000000707805157,0.13438011705875397,1.0
4293,0.3621478323039078,54.07547952584294,37.3753319601397,100.0,0.010000000707805157,0.18709591031074524,1.0
4294,0.2143453357370604,46.16305475104613,37.19739258907297,100.0,0.010000000707805157,0.06702283769845963,1.0
4295,0.34527821294419436,29.343116890090226,38.73814038455641,100.0,0.010000000707805157,0.16304351389408112,1.0
4296,0.28517161843165634,58.05965656020978,37.175589657763446,100.0,0.010000000707805157,0.11946138739585876,1.0
4297,0.32435685411453774,50.65426132488809,37.43460158750211,100.0,0.010000000707805157,0.14822447299957275,1.0
4298,0.4310429776496669,77.24191634626497,37.2831895154255,100.0,0.010000000707805157,0.26737719774246216,1.0
4299,0.3236178252238836,50.64010800279902,37.42312741398077,100.0,0.010000000707805157,0.1478363573551178,1.0
4300,0.32336190238471235,50.64315810851012,37.419330110601635,100.0,0.010000000707805157,0.1476931869983673,1.0
4301,0.30789831141804264,40.72612073161722,37.524645552047474,100.0,0.010000000707805157,0.13353200256824493,1.0
4302,0.3394273781512002,67.78528361848302,37.14628462453882,100.0,0.010000000707805157,0.17090876400470734,1.0
4303,0.3229015705561426,50.578216902082474,37.40999764890075,100.0,0.010000000707805157,0.14737872779369354,1.0
4304,0.40436693708391214,54.72433390096,37.58689719513656,100.0,0.010000000707805157,0.22830575704574585,1.0
4305,0.30719444730352424,40.612496281001235,37.51133877941813,100.0,0.010000000707805157,0.13301728665828705,1.0
4306,0.30696642947236463,40.585225593407436,37.507341429649,100.0,0.010000000707805157,0.1328713744878769,1.0
4307,0.2110619340627504,46.048590085444985,37.15070823077873,100.0,0.010000000707805157,0.06612265855073929,1.0
4308,0.358823548576574,53.56332998586723,37.33072652144847,100.0,0.010000000707805157,0.18464194238185883,1.0
4309,0.32214681265125333,50.49246103396204,37.39471141238679,100.0,0.010000000707805157,0.14675316214561462,1.0
4310,0.4153014875630986,70.67696032311503,37.24812439780335,100.0,0.010000000707805157,0.2501451373100281,1.0
4311,0.2101085583290442,45.973280171690874,37.13635510956671,100.0,0.010000000707805157,0.06583833694458008,1.0
4312,0.3214380136099527,50.45112114724038,37.38278453339128,100.0,0.010000000707805157,0.14635789394378662,1.0
4313,0.24361523065491628,20.599025212085582,38.70608790123856,100.0,0.010000000707805157,0.08060498535633087,1.0
4314,0.27940826971796795,57.634851014380104,37.112443318895565,100.0,0.010000000707805157,0.11716601252555847,1.0
4315,0.27893944140367444,57.595201562275854,37.107977570385344,100.0,0.010000000707805157,0.11697746813297272,1.0
4316,0.0005891683567613704,0.0018712544857200357,29.27150839575422,100.0,0.010000000707805157,0.00011413017637096345,1.0
4317,0.36992990027859624,61.217843652016434,37.27619836613674,100.0,0.010000000707805157,0.19733330607414246,1.0
4318,0.3052667377466673,40.25342936674133,37.47186349834569,100.0,0.010000000707805157,0.1317097395658493,1.0
4319,0.20846043180125565,45.90251100467014,37.114593127657876,100.0,0.010000000707805157,0.06538336724042892,1.0
4320,0.3467952991840495,73.7009769911434,37.10186712689883,100.0,0.010000000707805157,0.18172596395015717,1.0
4321,0.18341613684285377,34.440528979889635,37.04929931071655,100.0,0.010000000707805157,0.051097869873046875,1.0
4322,0.2074004173958297,45.87322083503218,37.10353960424251,100.0,0.010000000707805157,0.06510481238365173,1.0
4323,0.3554763858682355,52.95161108629728,37.281561708319856,100.0,0.010000000707805157,0.18236568570137024,1.0
4324,0.18249898416855065,34.33341338450195,37.033291028901886,100.0,0.010000000707805157,0.050836220383644104,1.0
4325,0.38072836744336847,68.15656738453998,37.233840336389996,100.0,0.010000000707805157,0.21031060814857483,1.0
4326,0.33010905397155693,66.85452670651644,37.061020252072005,100.0,0.010000000707805157,0.16623817384243011,1.0
4327,0.0005669265921630563,0.0018145519932463812,29.263535229713327,100.0,0.010000000707805157,0.0001097799904528074,1.0
4328,0.2567676156756975,48.44902096783239,37.01630823032918,100.0,0.010000000707805157,0.10107211768627167,1.0
4329,0.3667624099868419,60.76510390917708,37.23487072960995,100.0,0.010000000707805157,0.19532737135887146,1.0
4330,0.3032013123846084,39.80317828872307,37.42495306551046,100.0,0.010000000707805157,0.13046512007713318,1.0
4331,0.3662487447390606,60.690208687656195,37.22798740390954,100.0,0.010000000707805157,0.19494003057479858,1.0
4332,0.27326746845679584,57.015322485274794,37.04754990321925,100.0,0.010000000707805157,0.11460668593645096,1.0
4333,0.2052167092986823,45.66074572849858,37.07129414043807,100.0,0.010000000707805157,0.06443672627210617,1.0
4334,0.24343201537311362,20.3671204424677,38.672699935503815,100.0,0.010000000707805157,0.08008107542991638,1.0
4335,0.2541976914679117,48.13437427565377,36.984324045046534,100.0,0.010000000707805157,0.10002990067005157,1.0
4336,0.24338269765755205,20.35412601161043,38.67015489424537,100.0,0.010000000707805157,0.08001744002103806,1.0
4337,0.3180814586147731,50.024422751912496,37.31819923829796,100.0,0.010000000707805157,0.14425548911094666,1.0
4338,0.30211992064583787,39.6211775526186,37.40394566226791,100.0,0.010000000707805157,0.129721999168396,1.0
4339,0.34012228819668744,73.02736515160737,37.043545207014155,100.0,0.010000000707805157,0.17826120555400848,1.0
4340,0.0005445450937077654,0.0017279551641449383,29.23439500117585,100.0,0.010000000707805157,0.00010542976087890565,1.0
4341,0.20397847139883357,45.58214958100629,37.05328541698644,100.0,0.010000000707805157,0.06408064067363739,1.0
4342,0.30175735964481176,39.52217053635173,37.39488803480357,100.0,0.010000000707805157,0.129474937915802,1.0
4343,0.27065623847472176,56.78086075171712,37.0192863308528,100.0,0.010000000707805157,0.11354421824216843,1.0
4344,0.34997472726547874,52.03265532252915,37.20228340627316,100.0,0.010000000707805157,0.17876645922660828,1.0
4345,0.316972412144563,49.889786173633716,37.297007262425694,100.0,0.010000000707805157,0.14354944229125977,1.0
4346,0.24312933978254356,20.289534143277788,38.65551164633806,100.0,0.010000000707805157,0.07964535057544708,1.0
4347,0.3991147907731071,53.949715475502316,37.478431801139166,100.0,0.010000000707805157,0.2229403704404831,1.0
4348,0.26941133055721755,56.66675828588313,37.00416282579011,100.0,0.010000000707805157,0.11303244531154633,1.0
4349,0.3435454943421454,28.734705935294528,38.6523243564666,100.0,0.010000000707805157,0.15887360274791718,1.0
4350,0.3753318050236413,67.64962652090054,37.1667418852905,100.0,0.010000000707805157,0.20663779973983765,1.0
4351,0.3005069393007722,39.3484368158746,37.373331564336404,100.0,0.010000000707805157,0.12850449979305267,1.0
4352,0.2854119715380196,64.39613807800933,37.01992930845779,100.0,0.010000000707805157,0.12693504989147186,1.0
4353,0.24993078546981143,47.57676679858089,36.9305369823513,100.0,0.010000000707805157,0.09828130900859833,1.0
4354,0.38585578115778485,44.23404023545008,37.62337063772949,100.0,0.010000000707805157,0.20740722119808197,1.0
4355,0.24269122547541705,20.258886929460772,38.63943659263717,100.0,0.010000000707805157,0.07910880446434021,1.0
4356,0.201357051202891,45.39253740419966,37.01034836814148,100.0,0.010000000707805157,0.06330686062574387,1.0
4357,0.3478333808218281,78.89579986321027,37.006149258788184,100.0,0.010000000707805157,0.18966954946517944,1.0
4358,0.19997858708512628,45.39719683029682,36.99739392854414,100.0,0.010000000707805157,0.06297191977500916,1.0
4359,0.396908003985085,53.808858822461104,37.43935462989248,100.0,0.010000000707805157,0.22093850374221802,1.0
4360,0.29960956906558395,39.157560548072446,37.354539283362534,100.0,0.010000000707805157,0.1277814656496048,1.0
4361,0.3183979114235655,65.66191715288079,36.95083781142855,100.0,0.010000000707805157,0.1603839248418808,1.0
4362,0.3175722438925836,65.5548509025049,36.94344463170763,100.0,0.010000000707805157,0.15995346009731293,1.0
4363,0.2425824579497787,20.175120938788854,38.624883877144434,100.0,0.010000000707805157,0.07885903865098953,1.0
4364,0.38468517224082177,43.97800256397956,37.599993000079834,100.0,0.010000000707805157,0.2060406506061554,1.0
4365,0.19889289118329473,45.26605048667235,36.97746912062897,100.0,0.010000000707805157,0.0626211166381836,1.0
4366,0.26406720807149053,56.21215087153671,36.944996759320816,100.0,0.010000000707805157,0.11088654398918152,1.0
4367,0.37043796288795305,67.29483548549109,37.11026325622221,100.0,0.010000000707805157,0.20356415212154388,1.0
4368,0.39550847201898065,53.6234653375885,37.41179620169866,100.0,0.010000000707805157,0.21948760747909546,1.0
4369,0.27891305377770814,64.08952775256245,36.95847840537193,100.0,0.010000000707805157,0.12440025061368942,1.0
4370,0.35713223795789684,59.744067526056,37.11120496685067,100.0,0.010000000707805157,0.18880736827850342,1.0
4371,0.2979724599183366,38.82322087103901,37.31992807687908,100.0,0.010000000707805157,0.1266043782234192,1.0
4372,0.19640526056947277,45.194613784628785,36.94709125747911,100.0,0.010000000707805157,0.0619639977812767,1.0
4373,0.3393026150474915,78.54545172044375,36.94296414996297,100.0,0.010000000707805157,0.18565741181373596,1.0
4374,0.2422527202331444,20.099403015456105,38.60472969385886,100.0,0.010000000707805157,0.07837406545877457,1.0
4375,0.26089812880750907,56.03998728431289,36.91252992903076,100.0,0.010000000707805157,0.10970178991556168,1.0
4376,0.2975935430740576,38.70740377954316,37.31011003490975,100.0,0.010000000707805157,0.12629607319831848,1.0
4377,0.31076128376349305,49.479088278300935,37.190203320076044,100.0,0.010000000707805157,0.13977092504501343,1.0
4378,0.3663118978989318,67.12807982489014,37.066472193394034,100.0,0.010000000707805157,0.2011433243751526,1.0
4379,0.24409344199202465,46.6907846993407,36.85397523186138,100.0,0.010000000707805157,0.09581537544727325,1.0
4380,0.35466537318074387,59.4580008138878,37.07881896878626,100.0,0.010000000707805157,0.18718022108078003,1.0
4381,0.34219563284729493,28.398097684356753,38.59284990177448,100.0,0.010000000707805157,0.15608710050582886,1.0
4382,0.1717587497158979,32.87114864081135,36.83936961467405,100.0,0.010000000707805157,0.047692202031612396,1.0
4383,0.25874155886875005,55.79529216320566,36.88703135975335,100.0,0.010000000707805157,0.10878980159759521,1.0
4384,0.24191487669383574,20.036077885171732,38.587018479281824,100.0,0.010000000707805157,0.07794740051031113,1.0
4385,0.32266041101875836,71.7970739375736,36.89329007154827,100.0,0.010000000707805157,0.16978362202644348,1.0
4386,0.3643733103823604,66.91321553233661,37.04217111661727,100.0,0.010000000707805157,0.19983139634132385,1.0
4387,0.30880607702747814,64.68602165040011,36.86065131259925,100.0,0.010000000707805157,0.1556396782398224,1.0
4388,0.0004659211325489539,0.0013949978118183014,29.102536434646648,100.0,0.010000000707805157,9.023347229231149e-05,1.0
4389,0.24186250683940216,19.98166937277497,38.5782559549661,100.0,0.010000000707805157,0.07781725376844406,1.0
4390,0.3086989767619842,49.257303399642595,37.15210492350162,100.0,0.010000000707805157,0.13845710456371307,1.0
4391,0.3084757662073293,49.25323974730975,37.14868048302064,100.0,0.010000000707805157,0.13832345604896545,1.0
4392,0.24168433560992061,19.988776745821934,38.57389722652273,100.0,0.010000000707805157,0.07764195650815964,1.0
4393,0.2956095624415787,38.34975942106579,37.27115587273233,100.0,0.010000000707805157,0.12481364607810974,1.0
4394,0.24155437451666664,19.994915342576164,38.57103498309579,100.0,0.010000000707805157,0.07752537727355957,1.0
4395,0.2953369036576011,38.33300108623726,37.267490114832235,100.0,0.010000000707805157,0.12462170422077179,1.0
4396,0.0004607448622481459,0.0013581978784727303,29.08005714016657,100.0,0.010000000707805157,8.927995804697275e-05,1.0
4397,0.24005021765586307,46.17297782685804,36.8022278929269,100.0,0.010000000707805157,0.09418466687202454,1.0
4398,0.380987013125489,43.22854462622901,37.529503424764584,100.0,0.010000000707805157,0.20173516869544983,1.0
4399,0.2554770403851888,55.423263663564654,36.84726687209717,100.0,0.010000000707805157,0.10740790516138077,1.0
4400,0.3187709298476031,71.36630402070321,36.85538400823396,100.0,0.010000000707805157,0.1677430421113968,1.0
4401,0.3075772397964874,49.08301398251771,37.12948497153918,100.0,0.010000000707805157,0.1375613808631897,1.0
4402,0.29421897616446824,38.11287124724764,37.24382006786922,100.0,0.010000000707805157,0.12389180064201355,1.0
4403,0.19050629767520133,44.74858879359357,36.85953529426296,100.0,0.010000000707805157,0.06024026870727539,1.0
4404,0.29401679576221906,38.07491117407556,37.239722244948766,100.0,0.010000000707805157,0.12374981492757797,1.0
4405,0.29380447796777137,38.05011797374818,37.236136706192475,100.0,0.010000000707805157,0.12361489981412888,1.0
4406,0.16753962628563385,32.314183788361284,36.76225724237189,100.0,0.010000000707805157,0.04648154228925705,1.0
4407,0.19029593732384956,44.68194973594152,36.85371045325843,100.0,0.010000000707805157,0.06014825031161308,1.0
4408,0.31638298691016953,71.12063538265167,36.833945661671464,100.0,0.010000000707805157,0.16652005910873413,1.0
4409,0.3490996908332402,58.68266409242527,37.00397997919782,100.0,0.010000000707805157,0.18322576582431793,1.0
4410,0.3966352302476444,73.86178120669804,36.941772088221114,100.0,0.010000000707805157,0.24291065335273743,1.0
4411,0.2929336820509648,37.83173110530235,37.2153590928301,100.0,0.010000000707805157,0.12301406264305115,1.0
4412,0.24099214696862994,19.856152488468997,38.53766910564155,100.0,0.010000000707805157,0.0768357589840889,1.0
4413,0.340631147334779,28.136927612860354,38.53781026643186,100.0,0.010000000707805157,0.1535116732120514,1.0
4414,0.42310371322942475,61.957514211681385,37.14334110118488,100.0,0.010000000707805157,0.25913047790527344,1.0
4415,0.29226726865143776,37.804299125053795,37.20756666740374,100.0,0.010000000707805157,0.12251414358615875,1.0
4416,0.3261514189596073,77.37410966404855,36.82273788370572,100.0,0.010000000707805157,0.17881792783737183,1.0
4417,0.3050245103396449,48.80108379370051,37.08282927430403,100.0,0.010000000707805157,0.1358199119567871,1.0
4418,0.29983144583814597,63.62373978087824,36.77083387925381,100.0,0.010000000707805157,0.15107406675815582,1.0
4419,0.34649274518017265,58.36340477902307,36.969500028793476,100.0,0.010000000707805157,0.18135800957679749,1.0
4420,0.16479256905315473,31.908048245533255,36.71036745310033,100.0,0.010000000707805157,0.045674994587898254,1.0
4421,0.00042296082750080367,0.0011963824182409351,28.996090622470287,100.0,0.010000000707805157,8.194980910047889e-05,1.0
4422,0.2639966446314186,62.909578027130614,36.80187139475942,100.0,0.010000000707805157,0.11821728199720383,1.0
4423,0.1861482691396094,44.39899404909003,36.79633595905924,100.0,0.010000000707805157,0.05896592512726784,1.0
4424,0.24820537718777688,54.68249859799426,36.76559977106168,100.0,0.010000000707805157,0.10443593561649323,1.0
4425,0.18556294042921778,44.368800063603636,36.78986837577662,100.0,0.010000000707805157,0.058808036148548126,1.0
4426,0.3555561699121156,65.97585594760456,36.932588940115394,100.0,0.010000000707805157,0.19381870329380035,1.0
4427,0.34012160347957526,27.971348603661763,38.51126199640402,100.0,0.010000000707805157,0.15251724421977997,1.0
4428,0.24719215608295003,54.612212204743564,36.754190682751776,100.0,0.010000000707805157,0.10404764860868454,1.0
4429,0.16397511691450994,31.744273006441937,36.693531100065364,100.0,0.010000000707805157,0.04541367292404175,1.0
4430,0.3443962870512819,58.086874409347146,36.94103265912009,100.0,0.010000000707805157,0.17999285459518433,1.0
4431,0.30280609749435483,48.538982146272005,37.041676206330315,100.0,0.010000000707805157,0.13449890911579132,1.0
4432,0.3439011927991405,58.03445613259439,36.93456459531645,100.0,0.010000000707805157,0.17964185774326324,1.0
4433,0.18370628232699232,44.24170460065133,36.7633828393416,100.0,0.010000000707805157,0.05827794969081879,1.0
4434,0.3768565824489279,42.28631905077168,37.445442194178064,100.0,0.010000000707805157,0.1971091777086258,1.0
4435,0.24535189009055525,54.393052259251455,36.73228452064825,100.0,0.010000000707805157,0.10327208787202835,1.0
4436,0.3019961889798102,48.4470112344939,37.026939518452124,100.0,0.010000000707805157,0.1339522898197174,1.0
4437,0.00040316254920875225,0.0010852831657126214,28.919723012496508,100.0,0.010000000707805157,7.813570118742064e-05,1.0
4438,0.24007710680366967,19.699359513294468,38.48963050838586,100.0,0.010000000707805157,0.07579320669174194,1.0
4439,0.0004030953802252632,0.0010849823323700449,28.919827646450884,100.0,0.010000000707805157,7.813570118742064e-05,1.0
4440,0.3527593778422066,65.7095163020378,36.898177803014576,100.0,0.010000000707805157,0.19186408817768097,1.0
4441,0.2898520194220784,37.24663925849098,37.15403550475479,100.0,0.010000000707805157,0.12066313624382019,1.0
4442,0.2896441126077964,37.222673555185736,37.15056061189338,100.0,0.010000000707805157,0.12053240835666656,1.0
4443,0.3046632045655985,70.05767658916223,36.72786141976278,100.0,0.010000000707805157,0.16067083179950714,1.0
4444,0.16182232220414006,31.433549506233437,36.65272134697418,100.0,0.010000000707805157,0.04478853940963745,1.0
4445,0.00039565477846214013,0.001077274459393364,28.926082502106315,100.0,0.010000000707805157,7.67054152674973e-05,1.0
4446,0.3010005389531101,48.32067657674548,37.008475006162946,100.0,0.010000000707805157,0.13326913118362427,1.0
4447,0.18168216164357928,44.05824992868666,36.73202520002999,100.0,0.010000000707805157,0.05767346918582916,1.0
4448,0.3755528167345782,42.056097037367294,37.422448437375714,100.0,0.010000000707805157,0.1956682801246643,1.0
4449,0.18145960953331514,44.0296874824412,36.72740740458349,100.0,0.010000000707805157,0.057600148022174835,1.0
4450,0.23965344297893168,19.65283646646892,38.47083649521839,100.0,0.010000000707805157,0.07536734640598297,1.0
4451,0.33872988782368185,27.849326231844543,38.470645310119,100.0,0.010000000707805157,0.1505836844444275,1.0
4452,0.2394142239703938,19.677884898911817,38.46698433890382,100.0,0.010000000707805157,0.07519587874412537,1.0
4453,0.2562591573619354,62.35409928175495,36.721593540806786,100.0,0.010000000707805157,0.115067258477211,1.0
4454,0.45198962884311267,55.88921036208864,37.34408690036729,100.0,0.010000000707805157,0.2828579843044281,1.0
4455,0.23913935974849485,19.686509617363132,38.45940220503776,100.0,0.010000000707805157,0.0749644786119461,1.0
4456,0.22799739628817337,44.4234241579161,36.64150343792012,100.0,0.010000000707805157,0.08921536803245544,1.0
4457,0.1607205224763745,31.29975232839375,36.632478322356455,100.0,0.010000000707805157,0.044480279088020325,1.0
4458,0.37417143762754324,41.97869034747675,37.40666974152136,100.0,0.010000000707805157,0.1941993534564972,1.0
4459,0.2553581360754091,62.19918062098073,36.70728903535443,100.0,0.010000000707805157,0.11461642384529114,1.0
4460,0.23894547164107666,19.65722652240378,38.45000120028912,100.0,0.010000000707805157,0.07477826625108719,1.0
4461,0.28939403941756847,62.391025100294655,36.66501513467513,100.0,0.010000000707805157,0.14580897986888885,1.0
4462,0.23888825163143595,19.638861413496613,38.445970263814864,100.0,0.010000000707805157,0.07471388578414917,1.0
4463,0.2872651595926074,36.89228918806471,37.10962584277314,100.0,0.010000000707805157,0.11881674826145172,1.0
4464,0.15942164613359044,31.129266331398313,36.6082080594732,100.0,0.010000000707805157,0.044114165008068085,1.0
4465,0.2543518876554361,62.04755385562214,36.694860343706274,100.0,0.010000000707805157,0.11414673924446106,1.0
4466,0.28694491516587806,36.80902796769769,37.10181844992993,100.0,0.010000000707805157,0.11860001087188721,1.0
4467,0.3381934373495929,57.270107670697705,36.858573715156105,100.0,0.010000000707805157,0.17542369663715363,1.0
4468,0.28710975958132184,62.061219116878114,36.64201929960288,100.0,0.010000000707805157,0.1446126103401184,1.0
4469,0.23864239399049114,19.583367602531595,38.43170501860849,100.0,0.010000000707805157,0.07446015626192093,1.0
4470,0.32697930227516697,48.08555663659648,36.876054286120464,100.0,0.010000000707805157,0.16189107298851013,1.0
4471,0.2858698204824802,36.62120466955158,37.08058901708916,100.0,0.010000000707805157,0.11792393028736115,1.0
4472,0.22256986609365398,43.69173765308033,36.56937752824149,100.0,0.010000000707805157,0.08704840391874313,1.0
4473,0.00036774118994902405,0.0009872517386698098,28.880776955284286,100.0,0.010000000707805157,7.134176848921925e-05,1.0
4474,0.0003677371822755965,0.0009872374725036811,28.880800983705974,100.0,0.010000000707805157,7.134176848921925e-05,1.0
4475,0.23807247838730844,53.409334552110444,36.64013900025964,100.0,0.010000000707805157,0.10011473298072815,1.0
4476,0.34738827745275164,64.82487294890272,36.82262440873321,100.0,0.010000000707805157,0.18762925267219543,1.0
4477,0.3363055367706754,56.896580928817244,36.83175104706036,100.0,0.010000000707805157,0.17405132949352264,1.0
4478,0.4204108712790591,67.74820357296421,36.93961279635039,100.0,0.010000000707805157,0.2612946927547455,1.0
4479,0.0003611424298766302,0.0009806472051686458,28.888096038262987,100.0,0.010000000707805157,7.009024557191879e-05,1.0
4480,0.29698749915178296,47.74181442639341,36.93361402606299,100.0,0.010000000707805157,0.13032327592372894,1.0
4481,0.15636926096471354,30.677421483391498,36.54921172810864,100.0,0.010000000707805157,0.043231070041656494,1.0
4482,0.2380863846061561,19.519051031712287,38.40737143990697,100.0,0.010000000707805157,0.07396166026592255,1.0
4483,0.2846271626823247,36.39921436004166,37.05649847579061,100.0,0.010000000707805157,0.11704789102077484,1.0
4484,0.15586668423474045,30.62275458788951,36.540153663273934,100.0,0.010000000707805157,0.043096140027046204,1.0
4485,0.28429384405569996,36.343248462549774,37.04995270149499,100.0,0.010000000707805157,0.1168501079082489,1.0
4486,0.34555157953897814,64.60471099346292,36.79926465429175,100.0,0.010000000707805157,0.18627364933490753,1.0
4487,0.00035494189411453133,0.0009140691235515824,28.819116655826882,100.0,0.010000000707805157,6.889831274747849e-05,1.0
4488,0.29630506811839596,47.6344676413015,36.92094598916581,100.0,0.010000000707805157,0.1297975480556488,1.0
4489,0.23522380388171876,53.09505674293874,36.60531021193387,100.0,0.010000000707805157,0.09894230961799622,1.0
4490,0.2838499208766315,36.254614156209456,37.04099429374002,100.0,0.010000000707805157,0.11651179194450378,1.0
4491,0.3339827152119135,56.576840182495175,36.80104543550434,100.0,0.010000000707805157,0.17235404253005981,1.0
4492,0.23757656004773767,19.483276518499984,38.38746157277666,100.0,0.010000000707805157,0.07353556901216507,1.0
4493,0.3440724287541124,64.44979960159185,36.78145882339655,100.0,0.010000000707805157,0.1852562576532364,1.0
4494,0.0003485654584539375,0.0009073719329610049,28.826152279032264,100.0,0.010000000707805157,6.764678255422041e-05,1.0
4495,0.28331817437745166,36.188176015839296,37.032426047947745,100.0,0.010000000707805157,0.11612564325332642,1.0
4496,0.33316806442031355,56.4794955041653,36.79054244724559,100.0,0.010000000707805157,0.17175716161727905,1.0
4497,0.15410676094857695,30.363667096685834,36.50591363464716,100.0,0.010000000707805157,0.04258859157562256,1.0
4498,0.3432173632674999,64.32033739467573,36.77020126280586,100.0,0.010000000707805157,0.18463055789470673,1.0
4499,0.1538585503936315,30.316916883867123,36.50071153865864,100.0,0.010000000707805157,0.042512036859989166,1.0
4500,0.32165104672610634,47.178505373034355,36.79991645520281,100.0,0.010000000707805157,0.1581261157989502,1.0
4501,0.17504256466567306,43.12685470740336,36.61057853462929,100.0,0.010000000707805157,0.055498212575912476,1.0
4502,0.15313615698538902,30.214087916966577,36.48679430166152,100.0,0.010000000707805157,0.042307402938604355,1.0
4503,0.23716561653061555,19.42215491618586,38.36710015838145,100.0,0.010000000707805157,0.07316260784864426,1.0
4504,0.36840466208253986,40.94952620292899,37.304793255616126,100.0,0.010000000707805157,0.18845531344413757,1.0
4505,0.17487168956223692,43.07757951897593,36.605084625461835,100.0,0.010000000707805157,0.05542433634400368,1.0
4506,0.00033783106918933457,0.00083704001723607,28.754229382390232,100.0,0.010000000707805157,6.556088919751346e-05,1.0
4507,0.368089645815459,40.92577470292278,37.3009356710292,100.0,0.010000000707805157,0.188146710395813,1.0
4508,0.23179770021407303,52.591498907595,36.5609351806882,100.0,0.010000000707805157,0.09743504226207733,1.0
4509,0.00033560552940737086,0.0008345836994905693,28.756434343959658,100.0,0.010000000707805157,6.514370761578903e-05,1.0
4510,0.27697378166800946,60.629967708793075,36.53665259089917,100.0,0.010000000707805157,0.13933825492858887,1.0
4511,0.4732170466564637,38.97603388493175,38.35483581641509,100.0,0.010000000707805157,0.29145896434783936,1.0
4512,0.37687125341749833,51.14800309818714,37.07588952587743,100.0,0.010000000707805157,0.20047247409820557,1.0
4513,0.21444205434943844,42.54285550787636,36.4587243186534,100.0,0.010000000707805157,0.08377648890018463,1.0
4514,0.30128145549920754,74.58120598525707,36.585602705417124,100.0,0.010000000707805157,0.16544374823570251,1.0
4515,0.329662409074015,55.9195723365731,36.743337770117236,100.0,0.010000000707805157,0.1691884994506836,1.0
4516,0.23621046161559944,19.388706027180824,38.334039299588945,100.0,0.010000000707805157,0.07243821024894714,1.0
4517,0.15092582971185514,29.914117037840008,36.444353784559645,100.0,0.010000000707805157,0.04168527200818062,1.0
4518,0.324476531158637,74.10337957669688,36.533672651164835,100.0,0.010000000707805157,0.19299757480621338,1.0
4519,0.2737111278537576,60.16364291181202,36.502576003454706,100.0,0.010000000707805157,0.13764812052249908,1.0
4520,0.3284652809695567,55.65404466539176,36.72549641224311,100.0,0.010000000707805157,0.16833728551864624,1.0
4521,0.0003196968707489233,0.0007596817369255694,28.68296041384073,100.0,0.010000000707805157,6.204465171322227e-05,1.0
4522,0.23611176170429682,19.319963236160287,38.3222467678817,100.0,0.010000000707805157,0.0722990408539772,1.0
4523,0.0003196485747048248,0.0007594776180260928,28.683071367554245,100.0,0.010000000707805157,6.204465171322227e-05,1.0
4524,0.3168675229519664,46.36167753953148,36.731234136634065,100.0,0.010000000707805157,0.15480893850326538,1.0
4525,0.17219538861669656,42.66028069344054,36.55730552525485,100.0,0.010000000707805157,0.05453680455684662,1.0
4526,0.29757839235694483,74.11169066837247,36.55373310175947,100.0,0.010000000707805157,0.1634591668844223,1.0
4527,0.3273663975034041,55.483347278825235,36.71029299688417,100.0,0.010000000707805157,0.16758115589618683,1.0
4528,0.1709240813542109,42.585785069330306,36.54268226337058,100.0,0.010000000707805157,0.05419381707906723,1.0
4529,0.00031342836766370746,0.0007534330505940618,28.69122816187061,100.0,0.010000000707805157,6.0852704336866736e-05,1.0
4530,0.2834754053663022,67.22398387669638,36.515258100998246,100.0,0.010000000707805157,0.1493217647075653,1.0
4531,0.21012648126515823,41.770358679717,36.39531712957973,100.0,0.010000000707805157,0.08194636553525925,1.0
4532,0.3264332146383234,55.28458130248131,36.69622125959259,100.0,0.010000000707805157,0.16694030165672302,1.0
4533,0.28215402400751677,67.02017771523451,36.50321736359231,100.0,0.010000000707805157,0.14860652387142181,1.0
4534,0.14767554463765226,29.345756378837113,36.37712711418588,100.0,0.010000000707805157,0.04071682691574097,1.0
4535,0.26870219679758345,59.420197015332995,36.452548627209126,100.0,0.010000000707805157,0.13505768775939941,1.0
4536,0.29033133421226326,46.55642085244816,36.803980913552,100.0,0.010000000707805157,0.1256834864616394,1.0
4537,0.20786437668369967,41.40630504747157,36.36298721347694,100.0,0.010000000707805157,0.08101915568113327,1.0
4538,0.3565414735382399,62.34324899302674,36.60612191137742,100.0,0.010000000707805157,0.20642076432704926,1.0
4539,0.4082147281902877,33.23790504135921,38.29002901593508,100.0,0.010000000707805157,0.21564283967018127,1.0
4540,0.3732746394932644,50.344445469399886,37.000693725296955,100.0,0.010000000707805157,0.196970596909523,1.0
4541,0.16868718527401125,42.252754508751536,36.505670465198705,100.0,0.010000000707805157,0.053470879793167114,1.0
4542,0.22293357346079823,51.34964740720407,36.45425211255886,100.0,0.010000000707805157,0.0936443954706192,1.0
4543,0.23533710168594493,19.14218980758805,38.27651947635054,100.0,0.010000000707805157,0.07158469408750534,1.0
4544,0.27676001838852027,34.8790004151549,36.89681837663746,100.0,0.010000000707805157,0.11171204596757889,1.0
4545,0.3324686008482553,27.128043630249817,38.27280547390451,100.0,0.010000000707805157,0.14291727542877197,1.0
4546,0.23494896701644055,19.170447992835594,38.26835694438487,100.0,0.010000000707805157,0.07135530561208725,1.0
4547,0.3234863474961575,54.84407126656137,36.657989023055514,100.0,0.010000000707805157,0.16479410231113434,1.0
4548,0.22221134846638937,51.240584166211946,36.44322869034586,100.0,0.010000000707805157,0.09331969916820526,1.0
4549,0.2372993667551973,59.681430451726904,36.48942167717726,100.0,0.010000000707805157,0.10639586299657822,1.0
4550,0.28830500107558676,46.31918154669484,36.77106052681241,100.0,0.010000000707805157,0.12428916990756989,1.0
4551,0.31176141884691083,45.365196679261054,36.65325002680784,100.0,0.010000000707805157,0.15116722881793976,1.0
4552,0.3223338576545361,54.64182494806207,36.64169932404602,100.0,0.010000000707805157,0.1639908105134964,1.0
4553,0.2207573589634599,51.04255161520794,36.42594111572012,100.0,0.010000000707805157,0.09270774573087692,1.0
4554,0.16671696500342942,42.00045315391136,36.47311381720026,100.0,0.010000000707805157,0.05285290628671646,1.0
4555,0.3217337517414577,54.528960216308256,36.63286473457165,100.0,0.010000000707805157,0.16358110308647156,1.0
4556,0.0002859224080130953,0.0006675647601885966,28.623904714527026,100.0,0.010000000707805157,5.548889748752117e-05,1.0
4557,0.275175781621831,34.608599073782464,36.86698255030662,100.0,0.010000000707805157,0.11063523590564728,1.0
4558,0.3711018312945396,75.45399119834829,36.572340108247595,100.0,0.010000000707805157,0.22922155261039734,1.0
4559,0.23407176092942328,59.35184243473779,36.457028280001005,100.0,0.010000000707805157,0.10504915565252304,1.0
4560,0.23337823285352777,59.31589806278026,36.45181963395659,100.0,0.010000000707805157,0.1047915667295456,1.0
4561,0.14374736014614606,28.715190854663078,36.29690970479543,100.0,0.010000000707805157,0.03957405686378479,1.0
4562,0.33142119290201466,26.966433497707612,38.23511567926961,100.0,0.010000000707805157,0.14166796207427979,1.0
4563,0.00028049313290971593,0.0006623232485522954,28.63281271853725,100.0,0.010000000707805157,5.4475727665703744e-05,1.0
4564,0.14351295409322007,28.695927603246375,36.29281480448525,100.0,0.010000000707805157,0.03951500356197357,1.0
4565,0.14329671088350796,28.664920809100835,36.28854995919001,100.0,0.010000000707805157,0.03945481404662132,1.0
4566,0.16467277987826134,41.79533137510632,36.44453576071516,100.0,0.010000000707805157,0.052252717316150665,1.0
4567,0.21796550598626657,50.68963146123574,36.39342242907099,100.0,0.010000000707805157,0.09156002104282379,1.0
4568,0.16419888056846035,41.752065105242885,36.438882702379175,100.0,0.010000000707805157,0.05211866647005081,1.0
4569,0.34070895452647176,53.2466120536493,36.51481396961471,100.0,0.010000000707805157,0.18876245617866516,1.0
4570,0.3192717859312797,54.071743292246765,36.59744731928036,100.0,0.010000000707805157,0.16185522079467773,1.0
4571,0.2856650395781418,45.8418325280211,36.72030670954959,100.0,0.010000000707805157,0.12255606055259705,1.0
4572,0.3690056854280438,49.68998448717368,36.926693470323634,100.0,0.010000000707805157,0.19299723207950592,1.0
4573,0.28518559231219043,45.824028121719486,36.714109587845186,100.0,0.010000000707805157,0.12226112186908722,1.0
4574,0.21627106121820688,50.45434282889141,36.371921936346034,100.0,0.010000000707805157,0.09084029495716095,1.0
4575,0.27333741744717893,34.22024736610501,36.828299129312896,100.0,0.010000000707805157,0.10934306681156158,1.0
4576,0.318024507840018,53.923433226061306,36.58197850376754,100.0,0.010000000707805157,0.16097679734230042,1.0
4577,0.0002688727211829544,0.0006522940263496082,28.647456923417405,100.0,0.010000000707805157,5.221099127084017e-05,1.0
4578,0.21553938517242194,50.332225345493995,36.36261284844534,100.0,0.010000000707805157,0.09051519632339478,1.0
4579,0.23355751876367783,18.95930125399271,38.19852720463311,100.0,0.010000000707805157,0.07022182643413544,1.0
4580,0.28442903257373753,45.70014374961758,36.70062641612241,100.0,0.010000000707805157,0.12174784392118454,1.0
4581,0.25719916106839985,57.77244204720075,36.3304746823861,100.0,0.010000000707805157,0.12915438413619995,1.0
4582,0.32997222604618504,26.835525478828533,38.192172390341796,100.0,0.010000000707805157,0.1401810497045517,1.0
4583,0.14063121063240133,28.253558343510633,36.234245758684025,100.0,0.010000000707805157,0.03869307041168213,1.0
4584,0.19857566923890516,39.96672526192203,36.22969390921481,100.0,0.010000000707805157,0.07725411653518677,1.0
4585,0.36736858025851793,49.44354772843145,36.90145851852816,100.0,0.010000000707805157,0.191421240568161,1.0
4586,0.3057113447122791,44.238421859143045,36.56276066461274,100.0,0.010000000707805157,0.14691194891929626,1.0
4587,0.30524981887482133,44.16430935782246,36.5561354266981,100.0,0.010000000707805157,0.1466195434331894,1.0
4588,0.0002603938200245433,0.0006145585066006522,28.602653803345632,100.0,0.010000000707805157,5.054222492617555e-05,1.0
4589,0.23278599523029156,18.93623715415996,38.17255338000384,100.0,0.010000000707805157,0.06973351538181305,1.0
4590,0.23267555172613483,18.945619753776022,38.17050758655112,100.0,0.010000000707805157,0.06967610120773315,1.0
4591,0.3157556606183763,53.543994252762495,36.553103903879645,100.0,0.010000000707805157,0.1592961996793747,1.0
4592,0.36634793751470973,49.35465903566371,36.89025339972095,100.0,0.010000000707805157,0.19044631719589233,1.0
4593,0.1617299134873282,41.26640318102072,36.38609675338754,100.0,0.010000000707805157,0.051239099353551865,1.0
4594,0.2828638334326259,45.46076910268831,36.6752339260736,100.0,0.010000000707805157,0.12061543762683868,1.0
4595,0.28266267983237586,45.44906883775214,36.67243391984255,100.0,0.010000000707805157,0.12049728631973267,1.0
4596,0.3281493571567387,26.84696941828374,38.15450054067307,100.0,0.010000000707805157,0.13863202929496765,1.0
4597,0.13885322802914482,28.029529278092266,36.199725329445336,100.0,0.010000000707805157,0.038209132850170135,1.0
4598,0.23188258374045667,18.964909675936365,38.148748279182186,100.0,0.010000000707805157,0.06920848041772842,1.0
4599,0.21257012432803632,49.864642959376305,36.320485208604026,100.0,0.010000000707805157,0.08919475972652435,1.0
4600,0.2122674204284036,49.81555913287801,36.31704686442888,100.0,0.010000000707805157,0.08906452357769012,1.0
4601,0.32450022244043863,61.37463531729128,36.52841473674676,100.0,0.010000000707805157,0.17104016244411469,1.0
4602,0.1602454228365271,41.11602811281454,36.363943748108866,100.0,0.010000000707805157,0.05079999566078186,1.0
4603,0.30955350918156405,76.75191690842038,36.339911364734085,100.0,0.010000000707805157,0.19034859538078308,1.0
4604,0.22526471457078254,58.129222253824594,36.353071062591056,100.0,0.010000000707805157,0.10110153257846832,1.0
4605,0.13801181593890996,27.824966360949517,36.179310025588435,100.0,0.010000000707805157,0.037933800369501114,1.0
4606,0.31296976751125277,53.12435577198651,36.515038558338574,100.0,0.010000000707805157,0.15738925337791443,1.0
4607,0.00024803780005352793,0.0006038359198234393,28.62312387822267,100.0,0.010000000707805157,4.815827196580358e-05,1.0
4608,0.28081658932520054,45.157877578210176,36.63905245365555,100.0,0.010000000707805157,0.11935696750879288,1.0
4609,0.32749307881343537,26.72152062885314,38.12861151296295,100.0,0.010000000707805157,0.13787326216697693,1.0
4610,0.1585227676126384,40.94659130829663,36.34055478576336,100.0,0.010000000707805157,0.05030089616775513,1.0
4611,0.0002467840571939824,0.0006027397274293002,28.625319817901755,100.0,0.010000000707805157,4.7919878852553666e-05,1.0
4612,0.20972162293359448,49.497294296335824,36.287040532463365,100.0,0.010000000707805157,0.08803413063287735,1.0
4613,0.00024550725205271204,0.0006020115840467843,28.626708503276255,100.0,0.010000000707805157,4.7681482101324946e-05,1.0
4614,0.3120858385629323,53.00915777948914,36.50383852327779,100.0,0.010000000707805157,0.15677490830421448,1.0
4615,0.20914043369897678,49.402193140754484,36.27990910911872,100.0,0.010000000707805157,0.0877816304564476,1.0
4616,0.32712171937930445,26.68241218598078,38.11691543149222,100.0,0.010000000707805157,0.13750283420085907,1.0
4617,0.15770978860466986,40.835427281647824,36.32774707473191,100.0,0.010000000707805157,0.050047244876623154,1.0
4618,0.34886839910774325,66.97492578815698,36.43195902532543,100.0,0.010000000707805157,0.20635893940925598,1.0
4619,0.32670914242905336,26.6775967309286,38.10756318826048,100.0,0.010000000707805157,0.1371467411518097,1.0
4620,0.1367031564579124,27.618070697541437,36.1519115688982,100.0,0.010000000707805157,0.03755795955657959,1.0
4621,0.3107861756319222,52.82341670565701,36.48742617788214,100.0,0.010000000707805157,0.15585976839065552,1.0
4622,0.26799637186934633,33.43009736068717,36.73525168869008,100.0,0.010000000707805157,0.10584176331758499,1.0
4623,0.35335500626224375,38.430828831026794,37.050361067781246,100.0,0.010000000707805157,0.17410393059253693,1.0
4624,0.3257941781272348,26.702173399250242,38.09013536556771,100.0,0.010000000707805157,0.13644543290138245,1.0
4625,0.00023841857921252086,0.0005962413784590942,28.63557664359808,100.0,0.010000000707805157,4.631070260074921e-05,1.0
4626,0.20765156381359426,49.16465532871522,36.25782395482689,100.0,0.010000000707805157,0.08711710572242737,1.0
4627,0.20736061917778217,49.11493422931714,36.254452625408575,100.0,0.010000000707805157,0.08699097484350204,1.0
4628,0.2784158572910296,44.84335956730424,36.60163282853882,100.0,0.010000000707805157,0.11777244508266449,1.0
4629,0.29939982058620374,43.26188047807548,36.478098480310464,100.0,0.010000000707805157,0.1424935758113861,1.0
4630,0.3091966911524911,52.57317546344475,36.46781943876392,100.0,0.010000000707805157,0.15471473336219788,1.0
4631,0.398053960683439,32.71188299909241,38.072478328340495,100.0,0.010000000707805157,0.2037842571735382,1.0
4632,0.3514621522184109,38.32952286027084,37.02930508844761,100.0,0.010000000707805157,0.17258021235466003,1.0
4633,0.2659209017521647,33.27678207851783,36.70789376982987,100.0,0.010000000707805157,0.10462529212236404,1.0
4634,0.0002321876950748142,0.0004987052985510748,28.460131224818173,100.0,0.010000000707805157,4.517831257544458e-05,1.0
4635,0.3184368072348345,60.49864977368689,36.45485859305679,100.0,0.010000000707805157,0.16671103239059448,1.0
4636,0.0002313532790287115,0.0004978150308589279,28.462513614125513,100.0,0.010000000707805157,4.4999513193033636e-05,1.0
4637,0.20588865101961862,48.8712018758464,36.2328624840006,100.0,0.010000000707805157,0.08633091300725937,1.0
4638,0.1557705115634727,40.44680754370264,36.28528424171235,100.0,0.010000000707805157,0.0493527427315712,1.0
4639,0.35070505050108425,38.23534515901926,37.018194962475,100.0,0.010000000707805157,0.17191700637340546,1.0
4640,0.35032491084991385,38.232881361985974,37.014829582925174,100.0,0.010000000707805157,0.17163518071174622,1.0
4641,0.15564831202513194,40.399027053210396,36.27994395993561,100.0,0.010000000707805157,0.04929029941558838,1.0
4642,0.3071583275326385,52.340668729705,36.44477714986383,100.0,0.010000000707805157,0.15329596400260925,1.0
4643,0.00022694479691258483,0.00046440292023091154,28.39621328341876,100.0,0.010000000707805157,4.410551628097892e-05,1.0
4644,0.18887954492871695,38.48864659326098,36.088020808996156,100.0,0.010000000707805157,0.07337117940187454,1.0
4645,0.26459504744076445,33.06595731102833,36.68418299044107,100.0,0.010000000707805157,0.10379557311534882,1.0
4646,0.32311060043194506,26.6731445155048,38.02994048799868,100.0,0.010000000707805157,0.13430136442184448,1.0
4647,0.2282868693315001,18.85055999802964,38.02465064818228,100.0,0.010000000707805157,0.06704232096672058,1.0
4648,0.13295044788567725,27.11199258232228,36.07669719626756,100.0,0.010000000707805157,0.03653095290064812,1.0
4649,0.2196491684704727,57.05752033991117,36.269915657382384,100.0,0.010000000707805157,0.09831438958644867,1.0
4650,0.24341384012220743,55.643493120273305,36.176019176021306,100.0,0.010000000707805157,0.12198057770729065,1.0
4651,0.295164557859689,42.6792468671364,36.4239535903896,100.0,0.010000000707805157,0.13971371948719025,1.0
4652,0.00022167456798698892,0.0004598117913236114,28.4038122658704,100.0,0.010000000707805157,4.3092328269267455e-05,1.0
4653,0.41636916000636426,42.46389988310752,37.185183818365,100.0,0.010000000707805157,0.23707854747772217,1.0
4654,0.2631168897795654,32.90366570803729,36.661913787367794,100.0,0.010000000707805157,0.10293387621641159,1.0
4655,0.2752795953146214,44.3934892169049,36.55476008704368,100.0,0.010000000707805157,0.11563356220722198,1.0
4656,0.27507686236622175,44.37969615577287,36.55208062609367,100.0,0.010000000707805157,0.11551842093467712,1.0
4657,0.2627197954805605,32.88098850388012,36.657115727638576,100.0,0.010000000707805157,0.1026984453201294,1.0
4658,0.13135848570197012,26.86838273093107,36.04342967189667,100.0,0.010000000707805157,0.03608488291501999,1.0
4659,0.35653187615665033,48.244315909727334,36.75854183535146,100.0,0.010000000707805157,0.18187379837036133,1.0
4660,0.2745137395593826,44.32361160388208,36.544552380648874,100.0,0.010000000707805157,0.11516481637954712,1.0
4661,0.29309132475958316,42.492741376776,36.40187409624294,100.0,0.010000000707805157,0.13840970396995544,1.0
4662,0.13076131597597962,26.78159367061742,36.03107031802084,100.0,0.010000000707805157,0.03591947257518768,1.0
4663,0.20204482401661275,48.14875633987512,36.177477493475116,100.0,0.010000000707805157,0.08455773442983627,1.0
4664,0.1843893063905541,37.82434809805306,36.02240803725478,100.0,0.010000000707805157,0.07161052525043488,1.0
4665,0.3207936404189411,26.61807325555574,37.9754870577072,100.0,0.010000000707805157,0.13250142335891724,1.0
4666,0.32043357787943605,26.645240941701317,37.97047551573258,100.0,0.010000000707805157,0.13227511942386627,1.0
4667,0.2263863537544428,18.83125905539157,37.964995799831726,100.0,0.010000000707805157,0.06602960079908371,1.0
4668,0.2178537713963349,56.54826802239619,36.23587764024288,100.0,0.010000000707805157,0.09728150069713593,1.0
4669,0.2734870493645606,44.169753831435116,36.528998287229065,100.0,0.010000000707805157,0.11449334025382996,1.0
4670,0.22617770906969176,18.826399089551575,37.958062096838646,100.0,0.010000000707805157,0.06591201573610306,1.0
4671,0.291324854337579,42.27218883759355,36.38042041367816,100.0,0.010000000707805157,0.13728046417236328,1.0
4672,0.31945026666867116,26.671714517873166,37.951687714138636,100.0,0.010000000707805157,0.1315867155790329,1.0
4673,0.2602298512195142,32.66811634516438,36.6230217472794,100.0,0.010000000707805157,0.10127906501293182,1.0
4674,0.15358634963426213,39.82634458547037,36.22480621670393,100.0,0.010000000707805157,0.04845533147454262,1.0
4675,0.15336954624860896,39.80901433438263,36.22244544990405,100.0,0.010000000707805157,0.04839678108692169,1.0
4676,0.33834513991014115,65.26058704039131,36.321108609856275,100.0,0.010000000707805157,0.19795863330364227,1.0
4677,0.22550574254485847,18.820834311974583,37.936813279335496,100.0,0.010000000707805157,0.06556043028831482,1.0
4678,0.0002085275931159407,0.0004488965135817624,28.425624450503847,100.0,0.010000000707805157,4.058914055349305e-05,1.0
4679,0.12916932785811175,26.539740327233467,35.99739825599618,100.0,0.010000000707805157,0.03547217696905136,1.0
4680,0.1527856507963862,39.723106801991854,36.213467461698,100.0,0.010000000707805157,0.04821447283029556,1.0
4681,0.25968963710180365,32.549199848723994,36.61165482879262,100.0,0.010000000707805157,0.10091681778430939,1.0
4682,0.19969080642965395,47.74734563833597,36.14366934551329,100.0,0.010000000707805157,0.08350840210914612,1.0
4683,0.30083650692382813,51.35210990243331,36.367562036839615,100.0,0.010000000707805157,0.14887331426143646,1.0
4684,0.3164997107134046,49.645374997937644,36.24527091722843,100.0,0.010000000707805157,0.17123568058013916,1.0
4685,0.23640181052079054,54.422027566440505,36.09497098841847,100.0,0.010000000707805157,0.11822830140590668,1.0
4686,0.2251063429020356,18.75701069238802,37.91644063787149,100.0,0.010000000707805157,0.06530383229255676,1.0
4687,0.25858353283729607,32.319799015034896,36.58928429045587,100.0,0.010000000707805157,0.1002444252371788,1.0
4688,0.2714334032872534,43.8004283208246,36.49547786737444,100.0,0.010000000707805157,0.11313724517822266,1.0
4689,0.1273007931055065,26.22570942103301,35.956875733507246,100.0,0.010000000707805157,0.03494163602590561,1.0
4690,0.299545956205409,51.073760866544816,36.3502053892917,100.0,0.010000000707805157,0.1479381024837494,1.0
4691,0.2710420021652008,43.73542690275322,36.48917096840115,100.0,0.010000000707805157,0.11289261281490326,1.0
4692,0.3102830098293096,58.998256303543656,36.351234849942365,100.0,0.010000000707805157,0.160600483417511,1.0
4693,0.2705242063897162,43.68712149862635,36.481903697103434,100.0,0.010000000707805157,0.11260641366243362,1.0
4694,0.12690663182034567,26.144510425004956,35.947403421780514,100.0,0.010000000707805157,0.03482026979327202,1.0
4695,0.30955685999347493,58.90283802562978,36.34321865532738,100.0,0.010000000707805157,0.16013339161872864,1.0
4696,0.19679696747080722,47.23440546393139,36.10519874684726,100.0,0.010000000707805157,0.08223111927509308,1.0
4697,0.21916426416757026,45.257466722396,35.93785631553571,100.0,0.010000000707805157,0.1041373461484909,1.0
4698,0.25720057405993696,32.05511472956726,36.562417553557744,100.0,0.010000000707805157,0.09937413036823273,1.0
4699,0.00019529536826415166,0.0004394006916537276,28.447096835430035,100.0,0.010000000707805157,3.8026340916985646e-05,1.0
4700,0.22410277895107697,18.703469272271143,37.879808726483404,100.0,0.010000000707805157,0.06475593894720078,1.0
4701,0.4076219912874627,41.71493984134212,37.080656887232394,100.0,0.010000000707805157,0.22871899604797363,1.0
4702,0.256444885934338,32.049607177285694,36.55539447309894,100.0,0.010000000707805157,0.09899476170539856,1.0
4703,0.22345604172052963,18.73747773207199,37.864752940264445,100.0,0.010000000707805157,0.06447426974773407,1.0
4704,0.2692957705390355,43.50935831371619,36.46435649622832,100.0,0.010000000707805157,0.11182267963886261,1.0
4705,0.15036350033104434,39.179403419727066,36.16300949670593,100.0,0.010000000707805157,0.047340355813503265,1.0
4706,0.22321802528633586,18.740972586159177,37.85813505300656,100.0,0.010000000707805157,0.06435937434434891,1.0
4707,0.28497826394012615,41.28836867776081,36.295634731633356,100.0,0.010000000707805157,0.1331479698419571,1.0
4708,0.12504527709773913,25.86487392829456,35.90802208015749,100.0,0.010000000707805157,0.03430570662021637,1.0
4709,0.19534723278155186,46.91287343235297,36.082513318498656,100.0,0.010000000707805157,0.08151978254318237,1.0
4710,0.26872246363671304,43.39414758652684,36.454474969874916,100.0,0.010000000707805157,0.11145323514938354,1.0
4711,0.00019035942251676783,0.0003448773085955759,28.192787419411513,100.0,0.010000000707805157,3.7072732084197924e-05,1.0
4712,0.28417943284556996,41.11748482900278,36.28289150577035,100.0,0.010000000707805157,0.1326126605272293,1.0
4713,0.34871959458657587,47.29589191253795,36.659420602587225,100.0,0.010000000707805157,0.17543154954910278,1.0
4714,0.1243150956199559,25.7425843864541,35.89192904993048,100.0,0.010000000707805157,0.03409832715988159,1.0
4715,0.2681379379923086,43.321057282644624,36.446528484485206,100.0,0.010000000707805157,0.11109697818756104,1.0
4716,0.17554880390417432,36.40448228299657,35.887495679869936,100.0,0.010000000707805157,0.06808482110500336,1.0
4717,0.2614081986626464,59.253444002236044,35.99724729671469,100.0,0.010000000707805157,0.14893615245819092,1.0
4718,0.28258771969245733,40.7942044780906,36.25820046233176,100.0,0.010000000707805157,0.13156364858150482,1.0
4719,0.19346890074755993,46.510543909139805,36.05655684509046,100.0,0.010000000707805157,0.08063584566116333,1.0
4720,0.3478747786970416,47.0716822863095,36.64421614197408,100.0,0.010000000707805157,0.17465068399906158,1.0
4721,0.2106930067271997,54.961342066115634,36.13273904480117,100.0,0.010000000707805157,0.09366108477115631,1.0
4722,0.28184641072647304,40.65046280863911,36.247161767494745,100.0,0.010000000707805157,0.13105829060077667,1.0
4723,0.29379223537584503,50.049032352883316,36.27696290777447,100.0,0.010000000707805157,0.14397160708904266,1.0
4724,0.31364023567793575,26.40666250008588,37.80489675781398,100.0,0.010000000707805157,0.1272393763065338,1.0
4725,0.17280445797010616,35.93177877690731,35.84435198096918,100.0,0.010000000707805157,0.06698336452245712,1.0
4726,0.192114709701162,46.26206983897951,36.037823805188935,100.0,0.010000000707805157,0.08003006130456924,1.0
4727,0.22158933410743148,18.6335707996549,37.79602973638941,100.0,0.010000000707805157,0.0634995847940445,1.0
4728,0.1720773101185446,35.80539591833701,35.83289146480901,100.0,0.010000000707805157,0.06669244915246964,1.0
4729,0.25252003702382986,31.40925691987838,36.48585911579238,100.0,0.010000000707805157,0.09669804573059082,1.0
4730,0.19157638919270734,46.13496973946432,36.03004299165248,100.0,0.010000000707805157,0.07976505160331726,1.0
4731,0.2663351417143487,42.88221588990689,36.413467928585355,100.0,0.010000000707805157,0.10988610237836838,1.0
4732,0.26612396237510577,42.86839664130777,36.41090663481023,100.0,0.010000000707805157,0.10977436602115631,1.0
4733,0.17109410528154498,35.631509011506814,35.81713647247807,100.0,0.010000000707805157,0.06629467755556107,1.0
4734,0.22110591914367878,18.605645710905826,37.77828974914081,100.0,0.010000000707805157,0.0632539615035057,1.0
4735,0.2658278926505653,42.82509213985267,36.40672812366909,100.0,0.010000000707805157,0.10959358513355255,1.0
4736,0.34533194212805896,46.76163642677478,36.6125096403587,100.0,0.010000000707805157,0.1726681888103485,1.0
4737,0.0001758921480290292,0.0003331773485698432,28.221407545941588,100.0,0.010000000707805157,3.4271513868588954e-05,1.0
4738,0.19053095662316744,45.97566302100345,36.015567443737744,100.0,0.010000000707805157,0.07932305335998535,1.0
4739,0.12045051025506937,25.07609667178668,35.8055059631106,100.0,0.010000000707805157,0.032999150454998016,1.0
4740,0.40038008343651804,41.00308554942726,36.99155647367486,100.0,0.010000000707805157,0.22213228046894073,1.0
4741,0.29086452632348486,49.600439376178166,36.24263485159539,100.0,0.010000000707805157,0.14202061295509338,1.0
4742,0.00017370179903766767,0.0003314539585869038,28.225824198083444,100.0,0.010000000707805157,3.385430682101287e-05,1.0
4743,0.25061922679448256,31.2250708147969,36.45889468734072,100.0,0.010000000707805157,0.09565870463848114,1.0
4744,0.1693527942429342,35.37232822041241,35.79065767737834,100.0,0.010000000707805157,0.06561902910470963,1.0
4745,0.2646426853723317,42.668385214862056,36.39050569559007,100.0,0.010000000707805157,0.10888439416885376,1.0
4746,0.33293741991984205,36.36013276387221,36.779910360642916,100.0,0.010000000707805157,0.1581117957830429,1.0
4747,0.18935191103982305,45.71891949297572,35.997252176867676,100.0,0.010000000707805157,0.07875111699104309,1.0
4748,0.3104327569993174,26.36287117024268,37.73369014684503,100.0,0.010000000707805157,0.12511835992336273,1.0
4749,0.21928296067263264,18.63303488258547,37.72765620874048,100.0,0.010000000707805157,0.06245061755180359,1.0
4750,0.11904995962388865,24.884813273598603,35.776134285567935,100.0,0.010000000707805157,0.032622650265693665,1.0
4751,0.32448779804892086,62.60860986264179,36.173019584974476,100.0,0.010000000707805157,0.1871516853570938,1.0
4752,0.24913589256554491,31.07267172181422,36.43749028875172,100.0,0.010000000707805157,0.0948602482676506,1.0
4753,0.14660268413432062,38.18703068924027,36.07696234206815,100.0,0.010000000707805157,0.04590698331594467,1.0
4754,0.21891706923057877,18.61746262949628,37.714833533424724,100.0,0.010000000707805157,0.062272243201732635,1.0
4755,0.11853901923084359,24.790618948339684,35.764225895249865,100.0,0.010000000707805157,0.03247465938329697,1.0
4756,0.2632230678555721,42.51468737567193,36.37226127633783,100.0,0.010000000707805157,0.1080753356218338,1.0
4757,0.275362700373145,39.768291171200445,36.16586093967651,100.0,0.010000000707805157,0.12704822421073914,1.0
4758,0.24835931982952705,30.98348023310241,36.42582231111339,100.0,0.010000000707805157,0.0944402739405632,1.0
4759,0.1666974116787962,34.95279808910639,35.74936370263948,100.0,0.010000000707805157,0.06457801908254623,1.0
4760,0.2036095085975952,42.76230780066979,35.74189806875841,100.0,0.010000000707805157,0.09662472456693649,1.0
4761,0.11708027574445105,24.54570347253464,35.731718831221855,100.0,0.010000000707805157,0.03206869959831238,1.0
4762,0.21842172388231462,18.57778761237341,37.69474483253969,100.0,0.010000000707805157,0.06202496215701103,1.0
4763,0.2182733464492658,18.587797756135355,37.69181199132126,100.0,0.010000000707805157,0.06196939945220947,1.0
4764,0.11690646747831572,24.529146248958885,35.72836169030372,100.0,0.010000000707805157,0.032024987041950226,1.0
4765,0.3297544446162493,36.04541121957089,36.739198605399594,100.0,0.010000000707805157,0.15584757924079895,1.0
4766,0.247070012571386,30.79591264125571,36.40468286305791,100.0,0.010000000707805157,0.09374198317527771,1.0
4767,0.11641201099089926,24.462525610373707,35.71800750643374,100.0,0.010000000707805157,0.03189372271299362,1.0
4768,0.28696871957186926,48.92483674928156,36.19655603760032,100.0,0.010000000707805157,0.13937366008758545,1.0
4769,0.3093228647745951,54.715592697973136,36.09696658977177,100.0,0.010000000707805157,0.17107072472572327,1.0
4770,0.18644345445153088,45.05108413210717,35.95307258084154,100.0,0.010000000707805157,0.07732436060905457,1.0
4771,0.21917175864806815,51.20783954540775,35.89407817100492,100.0,0.010000000707805157,0.10890375077724457,1.0
4772,0.3480624097244029,43.354583623851255,36.38687622967893,100.0,0.010000000707805157,0.18646599352359772,1.0
4773,0.11498464525647875,24.20326046244771,35.68487886355226,100.0,0.010000000707805157,0.03148718178272247,1.0
4774,0.11483139960528684,24.17631109811173,35.68138049786678,100.0,0.010000000707805157,0.03144422918558121,1.0
4775,0.16217882040634019,34.19311417721089,35.67762526542673,100.0,0.010000000707805157,0.06279883533716202,1.0
4776,0.20620698938494408,53.392826580562456,36.045704838758915,100.0,0.010000000707805157,0.09094522893428802,1.0
4777,0.2056245601703608,53.34490518140523,36.04134180459215,100.0,0.010000000707805157,0.09072686731815338,1.0
4778,0.3198469823663594,61.48165278450217,36.1199887548508,100.0,0.010000000707805157,0.1833920031785965,1.0
4779,0.3193646291936839,61.40293977196412,36.11512965332151,100.0,0.010000000707805157,0.18305537104606628,1.0
4780,0.26004712528398394,63.17643705019848,35.92273892201375,100.0,0.010000000707805157,0.15253598988056183,1.0
4781,0.24507779619488676,30.24310826510708,36.3576022537854,100.0,0.010000000707805157,0.09244149923324585,1.0
4782,0.21694941883221114,18.440507566199344,37.635185659298344,100.0,0.010000000707805157,0.06127173453569412,1.0
4783,0.1833461721024317,44.46569687859126,35.9135695997703,100.0,0.010000000707805157,0.07596570998430252,1.0
4784,0.20322174890693376,53.00504841853568,36.01736593298342,100.0,0.010000000707805157,0.08970853686332703,1.0
4785,0.21684214832527518,18.420532402262744,37.629778291497,100.0,0.010000000707805157,0.06120651960372925,1.0
4786,0.2026772874315551,52.95860127439757,36.01262940326886,100.0,0.010000000707805157,0.08949834853410721,1.0
4787,0.14295217473307595,37.357181457949864,36.008655333864624,100.0,0.010000000707805157,0.04463448375463486,1.0
4788,0.1427532678742771,37.34024160224332,36.006517824159964,100.0,0.010000000707805157,0.04458151012659073,1.0
4789,0.3064396886411284,26.06135458210094,37.62475878829973,100.0,0.010000000707805157,0.12228678911924362,1.0
4790,0.2443448281796317,30.167889841396832,36.346788013890965,100.0,0.010000000707805157,0.09203628450632095,1.0
4791,0.0001500955627579073,0.00025490458090227916,28.040009896374,100.0,0.010000000707805157,2.9265034754644148e-05,1.0
4792,0.11323291863815878,23.81399533682316,35.63995823939123,100.0,0.010000000707805157,0.030952244997024536,1.0
4793,0.25906253221430753,41.65461430624246,36.30189989356841,100.0,0.010000000707805157,0.10551358759403229,1.0
4794,0.23096712300337705,57.96235316992216,35.939224333453154,100.0,0.010000000707805157,0.11989202350378036,1.0
4795,0.1814727729389547,44.19027447597981,35.89053516124773,100.0,0.010000000707805157,0.07521609961986542,1.0
4796,0.24385812486921232,30.04489820513583,36.33578522440251,100.0,0.010000000707805157,0.091724693775177,1.0
4797,0.30358655847424715,53.49440455189882,36.02776408788541,100.0,0.010000000707805157,0.16679821908473969,1.0
4798,0.21595670056059715,18.376301610909888,37.598495428884384,100.0,0.010000000707805157,0.0607881173491478,1.0
4799,0.14174685922293515,37.141298119788566,35.98756625266692,100.0,0.010000000707805157,0.04424151033163071,1.0
4800,0.24327959204356378,29.980129469256394,36.32714812208662,100.0,0.010000000707805157,0.09141804277896881,1.0
4801,0.3248874260058697,35.222090212067314,36.6603459917699,100.0,0.010000000707805157,0.15203556418418884,1.0
4802,0.18053950423057177,43.99888626961478,35.87646158171783,100.0,0.010000000707805157,0.07477879524230957,1.0
4803,0.37289030969793635,31.936024835319564,37.583360238668746,100.0,0.010000000707805157,0.18171976506710052,1.0
4804,0.24228005803230654,29.959266138781178,36.31707686416584,100.0,0.010000000707805157,0.0909593254327774,1.0
4805,0.2120231141510488,49.913691685256566,35.812034373886995,100.0,0.010000000707805157,0.10517257452011108,1.0
4806,0.32349303939886065,35.15923515610314,36.64549292098402,100.0,0.010000000707805157,0.15114381909370422,1.0
4807,0.24162826139572668,29.881188094954965,36.30719195218481,100.0,0.010000000707805157,0.09061847627162933,1.0
4808,0.00014343269708072155,0.0002499784779334747,28.056837971135753,100.0,0.010000000707805157,2.79538071481511e-05,1.0
4809,0.32279884078113386,35.153349319840316,36.639262302553014,100.0,0.010000000707805157,0.1507311314344406,1.0
4810,0.21409307362999397,18.42729215855476,37.550424775258804,100.0,0.010000000707805157,0.06006034463644028,1.0
4811,0.14144518828455402,36.97361276500664,35.97160468215159,100.0,0.010000000707805157,0.044060200452804565,1.0
4812,0.19201822368215413,40.698257037717866,35.58603395469179,100.0,0.010000000707805157,0.09092174470424652,1.0
4813,0.17931737655872412,43.71756095657117,35.85648019525673,100.0,0.010000000707805157,0.07417020946741104,1.0
4814,0.26478017777847995,37.87729413056262,36.013822298283024,100.0,0.010000000707805157,0.12030096352100372,1.0
4815,0.33360254043640525,45.234060664472175,36.465813960080766,100.0,0.010000000707805157,0.1638513207435608,1.0
4816,0.21355018224934672,18.404623314780252,37.53196412238054,100.0,0.010000000707805157,0.05982094258069992,1.0
4817,0.15550950145703024,32.97873166147686,35.5655803106922,100.0,0.010000000707805157,0.06009996309876442,1.0
4818,0.17863144962732003,43.564706833986946,35.846070782349535,100.0,0.010000000707805157,0.07383977621793747,1.0
4819,0.29180033018171353,55.32387953596226,36.12183643007919,100.0,0.010000000707805157,0.14745813608169556,1.0
4820,0.2778338504108329,47.287104596098715,36.08148975178979,100.0,0.010000000707805157,0.13337723910808563,1.0
4821,0.2910853209027938,55.23356632340864,36.11454151154431,100.0,0.010000000707805157,0.14702625572681427,1.0
4822,0.2130328302355539,18.37297527948761,37.51331780317174,100.0,0.010000000707805157,0.059581223875284195,1.0
4823,0.21288087797907954,18.38352385427617,37.51019617316783,100.0,0.010000000707805157,0.05952869728207588,1.0
4824,0.13992616163504443,36.68057145592103,35.944470036817236,100.0,0.010000000707805157,0.043557122349739075,1.0
4825,0.1774330876820823,43.39721683715886,35.83076809188978,100.0,0.010000000707805157,0.07336879521608353,1.0
4826,0.20814953219479942,49.188157260642896,35.7659608008182,100.0,0.010000000707805157,0.10311378538608551,1.0
4827,0.23902792165165732,29.51954744259222,36.26473259505199,100.0,0.010000000707805157,0.08920593559741974,1.0
4828,0.00013563186556172588,0.0002448699102435501,28.077887178921433,100.0,0.010000000707805157,2.646377106430009e-05,1.0
4829,0.10876698804777396,23.04774440338672,35.53567470534791,100.0,0.010000000707805157,0.02969874069094658,1.0
4830,0.3486754284281496,50.584793427982824,36.245746445356744,100.0,0.010000000707805157,0.19197291135787964,1.0
4831,0.2071858196587643,48.99039071477768,35.754528016154964,100.0,0.010000000707805157,0.10258262604475021,1.0
4832,0.2383306981297016,29.40938249183011,36.252763222050554,100.0,0.010000000707805157,0.08882422745227814,1.0
4833,0.13910813353889734,36.46770360505294,35.92844558253296,100.0,0.010000000707805157,0.04326259717345238,1.0
4834,0.15279000775585358,32.441839248932105,35.51785139887754,100.0,0.010000000707805157,0.058982111513614655,1.0
4835,0.13893412977165934,36.421942209298244,35.92550215541616,100.0,0.010000000707805157,0.043201886117458344,1.0
4836,0.19616480918363607,51.55995804380621,35.92314089861827,100.0,0.010000000707805157,0.08632032573223114,1.0
4837,0.1753772526101261,42.97805068873545,35.80382660615427,100.0,0.010000000707805157,0.07245137542486191,1.0
4838,0.23800526913864756,29.270656813983756,36.24241524073601,100.0,0.010000000707805157,0.08857192099094391,1.0
4839,0.00013126436463596584,0.00024236883010076977,28.089183687712552,100.0,0.010000000707805157,2.5569748686393723e-05,1.0
4840,0.25315322741312707,40.72340181070141,36.215742485772886,100.0,0.010000000707805157,0.102153480052948,1.0
4841,0.21199730647716258,18.286090182832094,37.47288177217004,100.0,0.010000000707805157,0.059091150760650635,1.0
4842,0.13804437535084885,36.3106384354191,35.91309930803531,100.0,0.010000000707805157,0.04294296354055405,1.0
4843,0.3467343303795084,50.23963666173608,36.222332839825185,100.0,0.010000000707805157,0.19040921330451965,1.0
4844,0.13770592781453084,36.263701333258986,35.90774402289304,100.0,0.010000000707805157,0.04284021258354187,1.0
4845,0.23721570524369953,29.233327904437754,36.23315834273512,100.0,0.010000000707805157,0.08819903433322906,1.0
4846,0.2740028256242144,46.625350468556306,36.03372673385191,100.0,0.010000000707805157,0.13093310594558716,1.0
4847,0.2112843274422496,18.288794084252817,37.452790463061056,100.0,0.010000000707805157,0.05880925804376602,1.0
4848,0.17414053581814387,42.76859003792196,35.7860803674357,100.0,0.010000000707805157,0.07192128151655197,1.0
4849,0.29852579979464866,25.898342165436663,37.448462019414755,100.0,0.010000000707805157,0.11750881373882294,1.0
4850,0.2041223485948382,48.43346307169902,35.718394075726636,100.0,0.010000000707805157,0.10099633783102036,1.0
4851,0.15070199958622812,32.0418113135637,35.481170858421436,100.0,0.010000000707805157,0.058129601180553436,1.0
4852,0.13708987551700133,36.10072120373122,35.894471671303954,100.0,0.010000000707805157,0.042613137513399124,1.0
4853,0.3553709650028076,57.43736016666042,36.19205178671889,100.0,0.010000000707805157,0.2025509923696518,1.0
4854,0.2509542038330253,40.47071189396666,36.18746264399761,100.0,0.010000000707805157,0.10100135952234268,1.0
4855,0.10625982911825234,22.56655830610077,35.47339840425308,100.0,0.010000000707805157,0.028974104672670364,1.0
4856,0.10612425580250943,22.542084552128728,35.470155809392175,100.0,0.010000000707805157,0.0289363581687212,1.0
4857,0.2722323847426576,46.32874282904498,36.012353915682276,100.0,0.010000000707805157,0.12981560826301575,1.0
4858,0.14968640458944377,31.842602284889477,35.46310643601948,100.0,0.010000000707805157,0.05771373212337494,1.0
4859,0.2280569167853691,53.08257467849717,35.65296203722831,100.0,0.010000000707805157,0.12876486778259277,1.0
4860,0.10517567185584877,22.364726761937174,35.4467666864878,100.0,0.010000000707805157,0.028668494895100594,1.0
4861,0.1361122627052039,35.87241443187287,35.87678015337614,100.0,0.010000000707805157,0.042277298867702484,1.0
4862,0.32695269727697623,44.26380935265904,36.377564129731034,100.0,0.010000000707805157,0.15904685854911804,1.0
4863,0.13576945443705896,35.84042357369004,35.87195249455902,100.0,0.010000000707805157,0.042181242257356644,1.0
4864,0.1050223881252641,22.32969199735104,35.4424135319652,100.0,0.010000000707805157,0.028620854020118713,1.0
4865,0.28433605857548244,53.96623322724146,36.03571507082414,100.0,0.010000000707805157,0.1425931602716446,1.0
4866,0.10487905978166939,22.296882176544905,35.43841321756259,100.0,0.010000000707805157,0.02857692539691925,1.0
4867,0.00012200874679560828,0.00023711364688661326,28.11446890728482,100.0,0.010000000707805157,2.3781696654623374e-05,1.0
4868,0.00012200828170444581,0.00023711274246401002,28.11447854288372,100.0,0.010000000707805157,2.3781696654623374e-05,1.0
4869,0.00012200781388429458,0.00023711187352118266,28.114483251549792,100.0,0.010000000707805157,2.3781696654623374e-05,1.0
4870,0.24969487970904178,40.17708821622613,36.16541109173394,100.0,0.010000000707805157,0.10024331510066986,1.0
4871,0.3258629724568665,44.16628380092952,36.365480965662684,100.0,0.010000000707805157,0.15833427011966705,1.0
4872,0.3141298685712267,34.14610624716001,36.51788301940355,100.0,0.010000000707805157,0.14466120302677155,1.0
4873,0.13496198568705395,35.71798980331129,35.858231619790786,100.0,0.010000000707805157,0.0419294610619545,1.0
4874,0.17058978769423114,42.09835064260463,35.737357887792854,100.0,0.010000000707805157,0.07037384063005447,1.0
4875,0.20919824288620598,18.20203914733992,37.38311406858817,100.0,0.010000000707805157,0.05792408436536789,1.0
4876,0.14767875835433403,31.47043825138173,35.42739899529838,100.0,0.010000000707805157,0.05690493434667587,1.0
4877,0.233553385391968,28.733616879545085,36.172740633190266,100.0,0.010000000707805157,0.08625641465187073,1.0
4878,0.34079235254574336,49.41252623585611,36.16031376948001,100.0,0.010000000707805157,0.18591442704200745,1.0
4879,0.2690232123326757,45.81109453783807,35.974284734370336,100.0,0.010000000707805157,0.12782135605812073,1.0
4880,0.26877814913469034,45.773649731871735,35.971420700242746,100.0,0.010000000707805157,0.1276722103357315,1.0
4881,0.19868288128495462,47.39705495047862,35.653473060596994,100.0,0.010000000707805157,0.09813661128282547,1.0
4882,0.3235414597171274,43.953999869749104,36.34106615809845,100.0,0.010000000707805157,0.1568225920200348,1.0
4883,0.1338784112060136,35.47854377511662,35.837265142196614,100.0,0.010000000707805157,0.04155692830681801,1.0
4884,0.10331578664321336,22.035519722222496,35.400192930876905,100.0,0.010000000707805157,0.02814330719411373,1.0
4885,0.2322035103484659,28.592666269271188,36.152376423044345,100.0,0.010000000707805157,0.085582435131073,1.0
4886,0.10304924694083926,21.995522188832055,35.39398950507968,100.0,0.010000000707805157,0.028072388842701912,1.0
4887,0.24714274726743155,39.86973141990045,36.133362146972516,100.0,0.010000000707805157,0.09891992807388306,1.0
4888,0.19754740535613743,47.18025789586816,35.63973292761963,100.0,0.010000000707805157,0.09754019230604172,1.0
4889,0.1334068308021819,35.35903757858705,35.82841626184725,100.0,0.010000000707805157,0.04139133542776108,1.0
4890,0.14517515226504654,31.020644325562586,35.383072577904024,100.0,0.010000000707805157,0.05591145157814026,1.0
4891,0.16804947704250503,41.56526784986284,35.701141814727826,100.0,0.010000000707805157,0.06922087073326111,1.0
4892,0.00011425456722313974,0.0002333998231601541,28.131429440409338,100.0,0.010000000707805157,2.229164783784654e-05,1.0
4893,0.311045190692299,33.777134625021944,36.47353117792163,100.0,0.010000000707805157,0.1425560712814331,1.0
4894,0.2527648677853017,35.89758653578596,35.84557839743358,100.0,0.010000000707805157,0.11288931965827942,1.0
4895,0.29790786977733374,57.54523046111908,35.89737634956708,100.0,0.010000000707805157,0.1675824075937271,1.0
4896,0.1328003997784454,35.197982865616346,35.816004651113765,100.0,0.010000000707805157,0.041171811521053314,1.0
4897,0.101729007771817,21.746451583109863,35.36000563716738,100.0,0.010000000707805157,0.02769765444099903,1.0
4898,0.3100256480633274,33.69163000725029,36.46050627247424,100.0,0.010000000707805157,0.14190776646137238,1.0
4899,0.18757292358886793,49.79011587562611,35.81214145805511,100.0,0.010000000707805157,0.08225409686565399,1.0
4900,0.2788550006263933,53.019527651470504,35.97513307413951,100.0,0.010000000707805157,0.13910552859306335,1.0
4901,0.2452329270403208,39.541911367393276,36.10489102610164,100.0,0.010000000707805157,0.09787337481975555,1.0
4902,0.00011102946984267533,0.00023191910471080844,28.13882661692805,100.0,0.010000000707805157,2.16360258491477e-05,1.0
4903,0.1318050380741067,35.07023335098726,35.80190953075356,100.0,0.010000000707805157,0.04088249057531357,1.0
4904,0.2780054511829201,52.92528971923251,35.96702502764753,100.0,0.010000000707805157,0.13861799240112305,1.0
4905,0.00011040150992646079,0.0002316229408260898,28.14110811913875,100.0,0.010000000707805157,2.151682201656513e-05,1.0
4906,0.30900669977133133,33.64127111252797,36.44803034476884,100.0,0.010000000707805157,0.14127787947654724,1.0
4907,0.00011032886306619824,0.00023148820494967885,28.141224115815927,100.0,0.010000000707805157,2.151682201656513e-05,1.0
4908,0.24438688087549806,39.474020320372546,36.095272183436315,100.0,0.010000000707805157,0.09746721386909485,1.0
4909,0.17540864115443114,37.58624737296863,35.34698108074169,100.0,0.010000000707805157,0.08270452916622162,1.0
4910,0.2060043842567391,18.10800759247973,37.282071804380145,100.0,0.010000000707805157,0.05664684996008873,1.0
4911,0.19383787286179444,46.48186263808932,35.59487082692505,100.0,0.010000000707805157,0.09561950713396072,1.0
4912,0.1652324034162852,41.04505067472546,35.661751808144544,100.0,0.010000000707805157,0.0680120438337326,1.0
4913,0.2638135851186215,44.88670289179796,35.909349096419746,100.0,0.010000000707805157,0.12455422431230545,1.0
4914,0.21033703144749225,53.8673058538111,35.709973455327756,100.0,0.010000000707805157,0.10840298235416412,1.0
4915,0.19262924932489411,46.23389777767063,35.58079767552931,100.0,0.010000000707805157,0.09498990327119827,1.0
4916,0.35621368919506863,31.342989078572717,37.267719146823175,100.0,0.010000000707805157,0.16956689953804016,1.0
4917,0.1302648486053858,34.756214415448234,35.774515053668246,100.0,0.010000000707805157,0.0403745099902153,1.0
4918,0.1413977226138793,30.305424033160268,35.313700975708436,100.0,0.010000000707805157,0.05438905954360962,1.0
4919,0.24301341021254177,39.180243234973354,36.072963081147414,100.0,0.010000000707805157,0.09667937457561493,1.0
4920,0.31775851152221574,43.20086856508927,36.27026553467639,100.0,0.010000000707805157,0.15291628241539001,1.0
4921,0.1835275659830119,49.11558702494094,35.76653700197058,100.0,0.010000000707805157,0.0804799422621727,1.0
4922,0.0001044686518923139,0.00011090730923000788,27.34160730868214,100.0,0.010000000707805157,2.038437560258899e-05,1.0
4923,0.20484054034962026,18.0565220035945,37.24402841428761,100.0,0.010000000707805157,0.0561770424246788,1.0
4924,0.22765931368430736,28.00978654046117,36.07763156954508,100.0,0.010000000707805157,0.08324956893920898,1.0
4925,0.18309032691061283,49.04959057370628,35.761548944148096,100.0,0.010000000707805157,0.08029092848300934,1.0
4926,0.22747734045970414,27.97903124442895,36.074205288042755,100.0,0.010000000707805157,0.08314964175224304,1.0
4927,0.09943366186463681,21.303949295648177,35.29954728098358,100.0,0.010000000707805157,0.027037207037210464,1.0
4928,0.2043837936811035,18.056027925999917,37.23103891277229,100.0,0.010000000707805157,0.05601106584072113,1.0
4929,0.26122458069912685,44.5371195798088,35.88063531379157,100.0,0.010000000707805157,0.12305271625518799,1.0
4930,0.1627511277434856,40.59163942858996,35.62691790907922,100.0,0.010000000707805157,0.0669562816619873,1.0
4931,0.2885409999993045,25.565243072113468,37.22203709112191,100.0,0.010000000707805157,0.11180586367845535,1.0
4932,0.22653714946906606,27.929084188787034,36.062730472481604,100.0,0.010000000707805157,0.08273711800575256,1.0
4933,0.31534718789938965,43.0613528902661,36.24811149027395,100.0,0.010000000707805157,0.1514885276556015,1.0
4934,0.24059822612037532,38.997428359897654,36.047178589258394,100.0,0.010000000707805157,0.09554928541183472,1.0
4935,0.12862251212908654,34.47059899910032,35.744981500826555,100.0,0.010000000707805157,0.03984753414988518,1.0
4936,0.0988731686273168,21.219311207218,35.285875007286954,100.0,0.010000000707805157,0.026885006576776505,1.0
4937,0.1396591706831865,30.009728429679598,35.28263922350197,100.0,0.010000000707805157,0.05370483547449112,1.0
4938,0.18952311537637612,45.66874997829018,35.541597169074166,100.0,0.010000000707805157,0.09338556230068207,1.0
4939,0.28723427636718685,25.562313284437472,37.19596311907383,100.0,0.010000000707805157,0.11114083230495453,1.0
4940,0.20282470221781676,18.069386217575744,37.18928075894467,100.0,0.010000000707805157,0.05546337738633156,1.0
4941,0.20265799070764598,18.079948748434823,37.185923191176286,100.0,0.010000000707805157,0.05541283264756203,1.0
4942,0.20249159152742238,18.0905412613936,37.18256542207506,100.0,0.010000000707805157,0.05536246672272682,1.0
4943,0.271764795550751,52.01796293276097,35.9037208531857,100.0,0.010000000707805157,0.13486753404140472,1.0
4944,0.23929425224245235,38.86825095485688,36.03230205551159,100.0,0.010000000707805157,0.09492426365613937,1.0
4945,0.2020271616147861,18.100026416493115,37.17099911339006,100.0,0.010000000707805157,0.05520351231098175,1.0
4946,0.23894823656397107,38.86034591009014,36.02935828198983,100.0,0.010000000707805157,0.0947783812880516,1.0
4947,0.09819095331149821,21.117030800551067,35.26928573380992,100.0,0.010000000707805157,0.026700712740421295,1.0
4948,0.23874306156142563,38.83192744324532,36.02666931025459,100.0,0.010000000707805157,0.09467436373233795,1.0
4949,0.3121904582605153,42.90556630897413,36.220232950713616,100.0,0.010000000707805157,0.1496715247631073,1.0
4950,0.22384310872313612,27.849225720452342,36.032516048286226,100.0,0.010000000707805157,0.08161476999521255,1.0
4951,0.16076529332015352,40.23901320390915,35.59568451023569,100.0,0.010000000707805157,0.06609586626291275,1.0
4952,9.828928334619523e-05,0.00010525089312705582,27.348464028386164,100.0,0.010000000707805157,1.919233000080567e-05,1.0
4953,0.1693963730253,36.5314056382872,35.25880125169892,100.0,0.010000000707805157,0.07979491353034973,1.0
4954,0.09744434392085505,20.97928189649492,35.25015547835634,100.0,0.010000000707805157,0.026491958647966385,1.0
4955,0.2699024281114851,51.73063604640406,35.88461409836813,100.0,0.010000000707805157,0.13374969363212585,1.0
4956,0.1796440250579906,48.32779349182302,35.71388379219414,100.0,0.010000000707805157,0.07864180207252502,1.0
4957,0.2009837274807533,18.072015018800542,37.13873594396139,100.0,0.010000000707805157,0.054811328649520874,1.0
4958,0.0973061989852989,20.938487297842332,35.24549768714751,100.0,0.010000000707805157,0.02644544281065464,1.0
4959,0.2839246591067572,25.602128182849306,37.13463215094059,100.0,0.010000000707805157,0.10952754318714142,1.0
4960,0.25629780334086993,43.98976658478664,35.83117486418044,100.0,0.010000000707805157,0.12034310400485992,1.0
4961,0.15953866134364908,39.97871261920263,35.57810609681043,100.0,0.010000000707805157,0.06555120646953583,1.0
4962,0.09692898351519477,20.873017753747124,35.2358632227847,100.0,0.010000000707805157,0.026341158896684647,1.0
4963,0.2684911174008798,51.51401588134911,35.87020343365469,100.0,0.010000000707805157,0.1329077035188675,1.0
4964,0.15902201175797728,39.877896572487245,35.57129719290122,100.0,0.010000000707805157,0.0653352290391922,1.0
4965,0.09668520009750611,20.81312289103324,35.22860399815875,100.0,0.010000000707805157,0.026266414672136307,1.0
4966,0.2222852074619045,27.572439108284552,36.00327949315079,100.0,0.010000000707805157,0.08077599108219147,1.0
4967,0.2026295290955017,52.36564265243061,35.62159431593311,100.0,0.010000000707805157,0.10419514030218124,1.0
4968,0.2420432211527815,34.51842718044562,35.71059469586167,100.0,0.010000000707805157,0.10684013366699219,1.0
4969,0.12573563982005392,33.835021587070656,35.69078165169527,100.0,0.010000000707805157,0.03887335956096649,1.0
4970,0.17755314201472544,47.891315843660834,35.68868888422046,100.0,0.010000000707805157,0.07767921686172485,1.0
4971,0.2359092014570025,38.33454023300312,35.98530528754535,100.0,0.010000000707805157,0.09316422790288925,1.0
4972,0.2835599612157889,55.25173335722187,35.760570501031,100.0,0.010000000707805157,0.15796618163585663,1.0
4973,0.176459422011603,47.74482907119916,35.678410062,100.0,0.010000000707805157,0.07723657041788101,1.0
4974,0.09595069579890554,20.633008372081594,35.20655476782664,100.0,0.010000000707805157,0.026040786877274513,1.0
4975,0.09583598715435472,20.611826442825677,35.20360157061668,100.0,0.010000000707805157,0.026009177789092064,1.0
4976,0.24122657893868318,34.309211969188304,35.69556452792193,100.0,0.010000000707805157,0.10628077387809753,1.0
4977,0.12451839780316655,33.62660910868782,35.6730092077785,100.0,0.010000000707805157,0.038504708558321,1.0
4978,0.3454024325946295,31.219075800040706,37.08705349436632,100.0,0.010000000707805157,0.16271854937076569,1.0
4979,0.09545831305639159,20.560716614992675,35.19466651960761,100.0,0.010000000707805157,0.025910863652825356,1.0
4980,0.12439821317956648,33.59954440430851,35.669716429382646,100.0,0.010000000707805157,0.03845934569835663,1.0
4981,0.16514565065112147,35.63899770148795,35.19089598832999,100.0,0.010000000707805157,0.07765339314937592,1.0
4982,0.22054293425465202,27.276788344325734,35.97094776895787,100.0,0.010000000707805157,0.07985289394855499,1.0
4983,0.0948839792178311,20.453978058983854,35.179628131754285,100.0,0.010000000707805157,0.025751713663339615,1.0
4984,0.23448399422163949,38.08435742800107,35.965113293020266,100.0,0.010000000707805157,0.09241671115159988,1.0
4985,0.19947402710194756,51.69787887732468,35.587187351900816,100.0,0.010000000707805157,0.10246770083904266,1.0
4986,0.2525286965581293,43.19111845098751,35.78074584014676,100.0,0.010000000707805157,0.11793512105941772,1.0
4987,0.09452680786492548,20.373802753703135,35.169233049074265,100.0,0.010000000707805157,0.025645440444350243,1.0
4988,0.20505512008257124,48.688327502357254,35.39804098077835,100.0,0.010000000707805157,0.11512602865695953,1.0
4989,0.09408130065019404,20.285194120097557,35.15715615635531,100.0,0.010000000707805157,0.02551984414458275,1.0
4990,0.2960947264031206,32.534028824013966,36.27968748026062,100.0,0.010000000707805157,0.1332779973745346,1.0
4991,0.23856932295707065,33.87737861373203,35.65763011169068,100.0,0.010000000707805157,0.10472580790519714,1.0
4992,8.73337664092404e-05,9.669153363790693e-05,27.374254978349555,100.0,0.010000000707805157,1.7046639186446555e-05,1.0
4993,0.17477974768395005,47.17034238612681,35.65033402968151,100.0,0.010000000707805157,0.07630260288715363,1.0
4994,0.09361234880236187,20.204828147379835,35.14496471106204,100.0,0.010000000707805157,0.025391552597284317,1.0
4995,0.0935024949563535,20.184873626549685,35.14209162685101,100.0,0.010000000707805157,0.02536145970225334,1.0
4996,0.15468766338320292,38.91098965241058,35.50910629030366,100.0,0.010000000707805157,0.06338195502758026,1.0
4997,0.15450005213575935,38.87153849002237,35.506678818221886,100.0,0.010000000707805157,0.06330187618732452,1.0
4998,0.23319510342552519,37.748051930679665,35.94226688835492,100.0,0.010000000707805157,0.09165754914283752,1.0
4999,0.09316271672197214,20.10955256360163,35.132225526524394,100.0,0.010000000707805157,0.025261450558900833,1.0
