t,x,g_raw,g_ratio,alpha,gamma,loss,acc
0,1.0403076505287383,153.06743610501394,32.78193308608162,100.0,0.010000000707805157,1.421705961227417,0.0
1,1.0452008475478831,163.2589043844226,37.873862880968744,100.0,0.010000000707805157,1.417224407196045,0.0
2,1.0946302019572447,143.26590225293256,31.461364137704855,100.0,0.010000000707805157,1.405574083328247,0.0
3,1.0386278786380292,162.40873067524404,37.8966401595214,100.0,0.010000000707805157,1.4031434059143066,0.0
4,1.0355897165418422,162.017300687134,37.90568656710155,100.0,0.010000000707805157,1.396485447883606,0.0
5,0.967289839740947,165.4218561030065,36.54879542717984,100.0,0.010000000707805157,1.392941951751709,0.0
6,1.0280261203419976,155.65563787150876,35.034105025835146,100.0,0.010000000707805157,1.3950697183609009,0.0
7,0.8936763615106771,167.36409155531516,35.036241303921216,100.0,0.010000000707805157,1.4078840017318726,0.0
8,1.0825053884366234,146.30364431859982,33.804833979875,100.0,0.010000000707805157,1.373656153678894,0.0
9,1.0788025526203724,145.8356980998492,33.8232767249133,100.0,0.010000000707805157,1.3635749816894531,0.0
10,1.1273978871157513,129.19898407164658,29.522577529986613,100.0,0.010000000707805157,1.3442368507385254,1.0
11,0.9565464841415893,168.6870591597097,39.371444843659816,100.0,0.010000000707805157,1.3595337867736816,0.25
12,0.8933301791448035,181.14172269351974,43.133280159921576,100.0,0.010000000707805157,1.3692173957824707,0.0
13,1.1204683016932522,128.31709475273294,29.55393599248805,100.0,0.010000000707805157,1.3207722902297974,1.0
14,1.0617734288858722,137.6541677955307,31.121470588054663,100.0,0.010000000707805157,1.331250786781311,0.75
15,1.0608869733500328,143.49646810510146,33.93388057731253,100.0,0.010000000707805157,1.3121683597564697,0.75
16,1.1089105874631322,126.82021667247324,29.613675820945822,100.0,0.010000000707805157,1.2818434238433838,1.0
17,1.053877930909601,142.56139925635392,33.99634843246256,100.0,0.010000000707805157,1.2908809185028076,1.0
18,0.9392844987334138,161.9579372142522,37.020533040697856,100.0,0.010000000707805157,1.3227217197418213,1.0
19,0.9927674486515315,146.30227859836268,32.93841526210214,100.0,0.010000000707805157,1.3079755306243896,1.0
20,1.0449481024013745,135.38321963129718,31.235376887355702,100.0,0.010000000707805157,1.279792308807373,1.0
21,0.8714772540132962,168.957534586795,37.89783707310622,100.0,0.010000000707805157,1.3515779972076416,1.0
22,0.8684025239825367,167.64980036069156,37.54395971123682,100.0,0.010000000707805157,1.3648486137390137,1.0
23,0.9872592499416916,149.9201080307242,35.261423187081895,100.0,0.010000000707805157,1.297315239906311,1.0
24,1.0913076989082346,124.47000309213615,29.747796572958737,100.0,0.010000000707805157,1.2171661853790283,1.0
25,1.0346638121685698,133.91901074038043,31.31237043802769,100.0,0.010000000707805157,1.2473489046096802,1.0
26,0.9274439090988944,167.89435040868722,42.1130669753412,100.0,0.010000000707805157,1.3076404333114624,1.0
27,1.0307417148569893,133.352218481731,31.35483420992538,100.0,0.010000000707805157,1.2341244220733643,1.0
28,0.9755112800672653,143.55114638057537,33.05008220346103,100.0,0.010000000707805157,1.2610180377960205,1.0
29,1.0289810969654016,139.00486700448036,34.25225120521055,100.0,0.010000000707805157,1.2106232643127441,1.0
30,1.0266525812512757,133.70152151513386,31.826797409248382,100.0,0.010000000707805157,1.196663498878479,1.0
31,0.9722072488992393,152.90083073305755,38.35983380292112,100.0,0.010000000707805157,1.2406811714172363,1.0
32,0.9679007749254664,142.30630310799236,33.12718035813834,100.0,0.010000000707805157,1.238656997680664,1.0
33,1.0208556670802509,132.78398275887355,31.89799347972115,100.0,0.010000000707805157,1.1754955053329468,1.0
34,0.9602913923162262,140.37886982339168,32.81034484112481,100.0,0.010000000707805157,1.2407479286193848,1.0
35,1.012965713822139,130.7341077455573,31.562776200411882,100.0,0.010000000707805157,1.1736531257629395,1.0
36,0.9057936358684422,155.23003967951334,36.81276047317489,100.0,0.010000000707805157,1.2718737125396729,1.0
37,1.0127371941746899,136.5496763127305,34.49505293520665,100.0,0.010000000707805157,1.1543302536010742,1.0
38,1.0104088670648346,136.19530150268739,34.53603536007526,100.0,0.010000000707805157,1.1460275650024414,1.0
39,0.9584614161355476,146.0259796539815,35.97575748993498,100.0,0.010000000707805157,1.1936006546020508,1.0
40,1.0033119501122478,129.25395303780067,31.709183581904725,100.0,0.010000000707805157,1.1392381191253662,1.0
41,0.9533621625860113,149.84696966008906,38.605602596743594,100.0,0.010000000707805157,1.1881513595581055,1.0
42,0.9483170738696818,143.88426910311856,35.70525797527728,100.0,0.010000000707805157,1.1904737949371338,1.0
43,0.8854201061689307,146.41077450482396,34.048325996319356,100.0,0.010000000707805157,1.26714289188385,1.0
44,0.9536079027663733,140.17976166569395,33.680412346268746,100.0,0.010000000707805157,1.167832851409912,1.0
45,0.9517653714588975,139.86507727431083,33.69915611709949,100.0,0.010000000707805157,1.162562370300293,1.0
46,0.9481140869348706,144.14256350685645,36.10726356907878,100.0,0.010000000707805157,1.1626887321472168,1.0
47,0.9970119056934844,128.80166614490548,32.25085088106172,100.0,0.010000000707805157,1.0862267017364502,1.0
48,1.0409202941518942,117.07265114966643,30.509462782488193,100.0,0.010000000707805157,1.0102002620697021,1.0
49,0.9868027116965998,126.65619717804226,31.977785868021424,100.0,0.010000000707805157,1.0812143087387085,1.0
50,0.9407400858409651,142.81387524856254,36.22221445004427,100.0,0.010000000707805157,1.140378713607788,1.0
51,0.885361779118235,146.5406917902118,34.75795210199882,100.0,0.010000000707805157,1.216434359550476,1.0
52,0.9857568855080893,132.24135738029594,35.002386574713896,100.0,0.010000000707805157,1.0587900876998901,1.0
53,0.8843327653744931,155.70107544857837,39.74892325963019,100.0,0.010000000707805157,1.2103271484375,1.0
54,1.029939869575884,115.3560425397207,30.737019829110586,100.0,0.010000000707805157,0.9647287130355835,1.0
55,0.9296788600040218,135.59136244376262,33.60909957009262,100.0,0.010000000707805157,1.1248486042022705,1.0
56,1.025348130934012,114.64170714935835,30.83065269155561,100.0,0.010000000707805157,0.9467895030975342,1.0
57,0.9721788451354026,124.31286343314052,32.24836689839846,100.0,0.010000000707805157,1.0309815406799316,1.0
58,0.9737135418976693,130.28940467343702,35.2617739888826,100.0,0.010000000707805157,1.0179002285003662,1.0
59,0.9715917253842041,129.9493309012813,35.308596575947995,100.0,0.010000000707805157,1.0108401775360107,1.0
60,0.9208945687660473,133.98730903323107,33.74981759095969,100.0,0.010000000707805157,1.0990220308303833,1.0
61,0.9713828262464776,124.38768019634975,32.72737538911889,100.0,0.010000000707805157,0.9932699203491211,1.0
62,0.9693231898236131,124.03979038799136,32.76558794591654,100.0,0.010000000707805157,0.9864084124565125,1.0
63,0.9231782884151373,134.27862197624006,34.115673575699375,100.0,0.010000000707805157,1.0725747346878052,1.0
64,0.8066734504176021,155.05257600391138,37.73130205442746,100.0,0.010000000707805157,1.2884764671325684,1.0
65,1.0073588895511318,111.82697373200531,31.20911478709512,100.0,0.010000000707805157,0.879168689250946,1.0
66,0.8573077730575558,141.03626819625114,34.71314502310754,100.0,0.010000000707805157,1.1820290088653564,1.0
67,0.9103821757852202,132.04510740047834,33.89592739066733,100.0,0.010000000707805157,1.0704841613769531,1.0
68,0.956947306999923,127.50719065348322,35.62046747039108,100.0,0.010000000707805157,0.9646037220954895,1.0
69,0.9992827496709671,110.5730516462401,31.375169758998148,100.0,0.010000000707805157,0.8511145710945129,1.0
70,0.8473872314782801,144.29284722478613,37.049538902816366,100.0,0.010000000707805157,1.1774214506149292,1.0
71,0.8555698116942386,145.16240020207988,37.29656101360713,100.0,0.010000000707805157,1.1636409759521484,1.0
72,0.8546723642742088,144.96354136410858,37.304567135694,100.0,0.010000000707805157,1.1618201732635498,1.0
73,0.9931494946234679,109.62150995568469,31.50110176863556,100.0,0.010000000707805157,0.8302847146987915,1.0
74,0.9507109572531807,120.73274967016195,33.105212311257404,100.0,0.010000000707805157,0.9264376163482666,1.0
75,0.9034270162645314,135.65513751185088,36.82365845279748,100.0,0.010000000707805157,1.035029411315918,1.0
76,0.8974525289372183,139.9316439415143,39.5171734271804,100.0,0.010000000707805157,1.0389405488967896,1.0
77,0.8432583389838499,147.87887801807375,39.80823807411475,100.0,0.010000000707805157,1.155977487564087,1.0
78,0.8372424521196311,142.3666411224962,37.16570001035197,100.0,0.010000000707805157,1.1585325002670288,1.0
79,0.8517639086967335,148.5194790734477,40.02805514675199,100.0,0.010000000707805157,1.1411702632904053,1.0
80,0.8939057250207452,128.78867379147906,34.16038630464218,100.0,0.010000000707805157,1.026440143585205,1.0
81,0.7895018191630058,150.7542594668961,37.81684200228999,100.0,0.010000000707805157,1.2653932571411133,1.0
82,0.850461012400837,138.23802195162546,35.13841197167526,100.0,0.010000000707805157,1.1347366571426392,1.0
83,0.9303226036907023,117.55404098086963,33.00287139440255,100.0,0.010000000707805157,0.9056979417800903,1.0
84,0.8481107465735241,137.6850311417522,35.1611775265383,100.0,0.010000000707805157,1.1297056674957275,1.0
85,0.8822834408213185,132.4254244381282,36.7401509285613,100.0,0.010000000707805157,1.0193085670471191,1.0
86,0.8919416120597171,133.27881248688664,36.989943624245676,100.0,0.010000000707805157,1.0059740543365479,1.0
87,0.9287289633134264,122.90045801690015,36.18311926620606,100.0,0.010000000707805157,0.8853371739387512,1.0
88,0.8431359581127355,146.428915396415,40.09870202241276,100.0,0.010000000707805157,1.124071478843689,1.0
89,0.8831572580364171,126.66154206180222,34.312398535997566,100.0,0.010000000707805157,1.0004903078079224,1.0
90,0.8752648230676731,131.19518027754015,36.852317549252724,100.0,0.010000000707805157,1.003701090812683,1.0
91,0.9221998912082128,121.8648399446554,36.30909924910809,100.0,0.010000000707805157,0.8687998056411743,1.0
92,0.87184677155853,130.61224570432344,36.906997592020026,100.0,0.010000000707805157,0.9963365197181702,1.0
93,0.8826556421762786,131.4335969479555,37.1352722646297,100.0,0.010000000707805157,0.9835283160209656,1.0
94,0.9166302395448079,120.99290815844327,36.41690666793579,100.0,0.010000000707805157,0.8552213907241821,1.0
95,0.9097591268751887,114.29513995696945,33.363302254948415,100.0,0.010000000707805157,0.8543460369110107,1.0
96,0.9522380231969262,103.41392849096518,32.287941435444964,100.0,0.010000000707805157,0.7111687660217285,1.0
97,0.8628034098533097,129.04217349498444,37.05091511373903,100.0,0.010000000707805157,0.9776619672775269,1.0
98,0.9155545728727155,114.43899298416642,33.72158511903412,100.0,0.010000000707805157,0.8293678760528564,1.0
99,0.9133236085524419,114.07313357397224,33.75645962803878,100.0,0.010000000707805157,0.824187695980072,1.0
100,0.8465661754902668,134.3891166926195,35.5445322890328,100.0,0.010000000707805157,1.0863008499145508,1.0
101,0.8973128760530931,112.37288579162761,33.56133367021178,100.0,0.010000000707805157,0.826808512210846,1.0
102,0.9076868879675958,113.14202794223574,33.83848065471114,100.0,0.010000000707805157,0.811495304107666,1.0
103,0.93499134164891,100.89701998681507,32.57243406277325,100.0,0.010000000707805157,0.6705844402313232,1.0
104,0.9314584441995446,100.38653734890293,32.62960436731417,100.0,0.010000000707805157,0.6627675890922546,1.0
105,0.8487634589885855,126.51399079585647,37.26622228633405,100.0,0.010000000707805157,0.9509065747261047,1.0
106,0.7664275862752788,153.05917758436482,42.51501011714501,100.0,0.010000000707805157,1.242082118988037,1.0
107,0.8611707246613926,127.16579671758257,37.463912155355146,100.0,0.010000000707805157,0.9371707439422607,1.0
108,0.8453288005941294,125.93586527151751,37.31342800524586,100.0,0.010000000707805157,0.9443448781967163,1.0
109,0.858693696146924,126.66230884551288,37.4985914956849,100.0,0.010000000707805157,0.9320948123931885,1.0
110,0.8037389427894555,139.48098130045057,40.17611659279678,100.0,0.010000000707805157,1.0879685878753662,1.0
111,0.756508052775259,147.3024965582218,40.12487477463196,100.0,0.010000000707805157,1.239880919456482,1.0
112,0.760889051052131,151.95292478253015,42.51957480881457,100.0,0.010000000707805157,1.2333545684814453,1.0
113,0.8243820299188385,130.3666214786662,35.488669658789036,100.0,0.010000000707805157,1.0768251419067383,1.0
114,0.865970417117568,121.1226751366672,34.971286700072895,100.0,0.010000000707805157,0.9211066365242004,1.0
115,0.8538917293288163,125.63759026284487,37.55764600768215,100.0,0.010000000707805157,0.9221901297569275,1.0
116,0.8320971346257281,118.63698127651634,34.65860235651014,100.0,0.010000000707805157,0.9342629313468933,1.0
117,0.9106170325994811,97.41003434121085,32.95036857166828,100.0,0.010000000707805157,0.6185417771339417,1.0
118,0.7908179519703736,132.6146977321942,37.70087169303591,100.0,0.010000000707805157,1.0802114009857178,1.0
119,0.8670137004227415,107.72896855402337,34.00373903903678,100.0,0.010000000707805157,0.7667020559310913,1.0
120,0.8697555695316276,113.72752288993021,37.23437235162781,100.0,0.010000000707805157,0.7584052681922913,1.0
121,0.8673195053903758,113.36637743796315,37.27454926718755,100.0,0.010000000707805157,0.7539822459220886,1.0
122,0.826259615543488,122.59150510564012,37.567725028741975,100.0,0.010000000707805157,0.9108710885047913,1.0
123,0.8428124340956512,123.30179630896642,37.71017801922633,100.0,0.010000000707805157,0.90120530128479,1.0
124,0.8210945547005023,132.80200536817821,37.994275074330645,100.0,0.010000000707805157,1.054324984550476,1.0
125,0.8021455357146138,131.75601215464278,37.8949050253052,100.0,0.010000000707805157,1.0607744455337524,1.0
126,0.8905557121613097,94.61197816146311,33.230206002846145,100.0,0.010000000707805157,0.5810173749923706,1.0
127,0.8563447086831317,111.7175578541493,37.44429601854522,100.0,0.010000000707805157,0.7348641753196716,1.0
128,0.8180702765242712,131.7467685132746,38.02859200094738,100.0,0.010000000707805157,1.0479819774627686,1.0
129,0.8529399689681123,111.21248391151168,37.4952616903789,100.0,0.010000000707805157,0.7290802597999573,1.0
130,0.8458057456842545,104.53024934649821,34.294011303132386,100.0,0.010000000707805157,0.7305596470832825,1.0
131,0.8108847951021518,125.6322333659983,35.67284981071696,100.0,0.010000000707805157,1.0486838817596436,1.0
132,0.7766858058472955,129.1700538668555,37.864040300165286,100.0,0.010000000707805157,1.0588918924331665,1.0
133,0.840915214140252,103.81121018618289,34.345516736392625,100.0,0.010000000707805157,0.7226347923278809,1.0
134,0.8711792169080925,91.96612013638365,33.4749062301681,100.0,0.010000000707805157,0.5483424663543701,1.0
135,0.8351921861536966,102.97846566300699,34.41338937427539,100.0,0.010000000707805157,0.7137627005577087,1.0
136,0.8273397692735642,125.11486456727333,35.82137979137589,100.0,0.010000000707805157,1.0343389511108398,1.0
137,0.8051618531727572,118.70906551808541,37.83500770980586,100.0,0.010000000707805157,0.8780382871627808,1.0
138,0.8037398505161818,118.46129083374682,37.85210958419406,100.0,0.010000000707805157,0.8758488297462463,1.0
139,0.837074836444123,114.16077672658679,35.33760920905285,100.0,0.010000000707805157,0.8633106350898743,1.0
140,0.8157592104241167,113.0271827478005,35.22911309942944,100.0,0.010000000707805157,0.8683345317840576,1.0
141,0.8060851527196927,123.30028274883381,40.75459651143449,100.0,0.010000000707805157,0.8672361373901367,1.0
142,0.7946417151585561,132.58398518631347,40.48915471054427,100.0,0.010000000707805157,1.033581018447876,1.0
143,0.8131122757070576,112.40941232401346,35.2653305854367,100.0,0.010000000707805157,0.8639942407608032,1.0
144,0.7934478455364854,132.20709280719555,40.49838807202548,100.0,0.010000000707805157,1.031348705291748,1.0
145,0.8113587750167536,112.01635335213041,35.28661503965566,100.0,0.010000000707805157,0.861159086227417,1.0
146,0.7948027160157033,116.793482244545,37.95971591458784,100.0,0.010000000707805157,0.8627117872238159,1.0
147,0.8090540761639234,111.5210065384116,35.310873413138005,100.0,0.010000000707805157,0.8574264049530029,1.0
148,0.7630620402103581,125.55107259380108,38.01274036196396,100.0,0.010000000707805157,1.0386481285095215,1.0
149,0.8284898725192581,111.89885052289517,35.43571841602015,100.0,0.010000000707805157,0.8474605679512024,1.0
150,0.7779458598135492,120.49326451956318,35.725129391093965,100.0,0.010000000707805157,1.032787561416626,1.0
151,0.8050392164170214,110.68555334979175,35.3467114961236,100.0,0.010000000707805157,0.8509291410446167,1.0
152,0.8254023196846664,111.1972576575483,35.465172221135056,100.0,0.010000000707805157,0.8421688079833984,1.0
153,0.7938913960262605,120.89017852126902,40.88351786798998,100.0,0.010000000707805157,0.8497089147567749,1.0
154,0.8056788597658118,98.58859834509285,34.73667860428029,100.0,0.010000000707805157,0.6710659265518188,1.0
155,0.8002503456583578,109.64585417093559,35.4000885626789,100.0,0.010000000707805157,0.8435657620429993,1.0
156,0.8080121841079198,104.40675463363877,38.11312122489545,100.0,0.010000000707805157,0.6628323197364807,1.0
157,0.8214775301605102,98.40894694163342,34.926270635575186,100.0,0.010000000707805157,0.6552174687385559,1.0
158,0.8197071848458607,85.15042493630037,34.03718740982628,100.0,0.010000000707805157,0.47374677658081055,1.0
159,0.7715675310325814,118.16163658760892,35.81015139858072,100.0,0.010000000707805157,1.0216377973556519,1.0
160,0.7994212213117124,103.10717582463731,38.22455298585467,100.0,0.010000000707805157,0.6516228914260864,1.0
161,0.7822183223749031,118.55804749720016,41.010260713390444,100.0,0.010000000707805157,0.8337854146957397,1.0
162,0.8121941440549794,96.84766317172603,35.02186144159943,100.0,0.010000000707805157,0.6420260667800903,1.0
163,0.7763511439263996,122.53780491344067,38.19231668909034,100.0,0.010000000707805157,1.01497483253479,1.0
164,0.8091811662969621,96.34640763887802,35.05097951101268,100.0,0.010000000707805157,0.6378318071365356,1.0
165,0.7772379362759535,117.5827945310954,41.05994829579141,100.0,0.010000000707805157,0.826954185962677,1.0
166,0.800156191900813,82.62576284008712,34.232175258223805,100.0,0.010000000707805157,0.44891101121902466,1.0
167,0.7854978507910427,106.27756951725814,35.56670893096,100.0,0.010000000707805157,0.8218140006065369,1.0
168,0.7738169828453196,121.30167723674747,38.22526410608714,100.0,0.010000000707805157,1.0101282596588135,1.0
169,0.7838564408758714,105.90603159250448,35.581709265803816,100.0,0.010000000707805157,0.8193203210830688,1.0
170,0.7544659419311099,125.52823621733522,40.571434719008366,100.0,0.010000000707805157,1.0128772258758545,1.0
171,0.7537252983149099,125.40921026902406,40.57800619582101,100.0,0.010000000707805157,1.011550784111023,1.0
172,0.772520225967874,93.7271138591575,35.072397395051446,100.0,0.010000000707805157,0.6288416981697083,1.0
173,0.7719884418283454,120.39957871121793,38.24942435266274,100.0,0.010000000707805157,1.006157636642456,1.0
174,0.7761094159098955,99.7079864484466,38.51286954843067,100.0,0.010000000707805157,0.6219742894172668,1.0
175,0.8048235866864485,105.25316670573646,35.69792077782684,100.0,0.010000000707805157,0.8062790632247925,1.0
176,0.7847054093261949,110.21520296835698,38.40371257198815,100.0,0.010000000707805157,0.8075215816497803,1.0
177,0.7771276192940161,104.22702926711678,35.65555216780515,100.0,0.010000000707805157,0.8094435930252075,1.0
178,0.7700593175320043,119.37499986102316,38.27687983148093,100.0,0.010000000707805157,1.002288818359375,1.0
179,0.7824515666152173,109.65830715778003,38.42918116553456,100.0,0.010000000707805157,0.8041913509368896,1.0
180,0.7888676028378002,114.23911510380945,36.01274267980571,100.0,0.010000000707805157,0.9975744485855103,1.0
181,0.7595268393142383,91.79998971774346,35.190921082042664,100.0,0.010000000707805157,0.6136777997016907,1.0
182,0.76016685459937,114.05492050787645,41.22541716980183,100.0,0.010000000707805157,0.8045369386672974,1.0
183,0.7827514731692796,91.7836762009415,35.29870074035931,100.0,0.010000000707805157,0.6027960777282715,1.0
184,0.7535250978630625,90.91393377107347,35.246375632098584,100.0,0.010000000707805157,0.6069406270980835,1.0
185,0.7767241816504611,108.17233069580666,38.49142332645701,100.0,0.010000000707805157,0.7959268093109131,1.0
186,0.7873980608572467,112.81913778307735,36.047426355384076,100.0,0.010000000707805157,0.992733359336853,1.0
187,0.7597745355350933,112.27226273910217,36.00714095923873,100.0,0.010000000707805157,0.9985005259513855,1.0
188,0.7557421156243607,96.6212649821759,38.74887180135264,100.0,0.010000000707805157,0.5985916256904602,1.0
189,0.7663161397211674,130.85905682392985,40.18417687776841,100.0,0.010000000707805157,1.1944828033447266,1.0
190,0.745935430733643,89.80140697297159,35.31102490905685,100.0,0.010000000707805157,0.5982757210731506,1.0
191,0.7442318658480627,106.70293899814118,38.509176798012504,100.0,0.010000000707805157,0.7961447238922119,1.0
192,0.7442152388484138,121.35037892543302,40.64901342627805,100.0,0.010000000707805157,0.9957127571105957,1.0
193,0.7927424807759066,101.42475910229511,35.824972344827344,100.0,0.010000000707805157,0.7856649160385132,1.0
194,0.74752348877799,95.4454201258538,38.8438020801944,100.0,0.010000000707805157,0.5891305804252625,1.0
195,0.7697398100713757,106.29500065155807,38.56993252281477,100.0,0.010000000707805157,0.7855762839317322,1.0
196,0.7901891373382799,100.69392850039199,35.852352740088456,100.0,0.010000000707805157,0.7814162969589233,1.0
197,0.7609704361574844,100.10715464928862,35.821637758376774,100.0,0.010000000707805157,0.786296546459198,1.0
198,0.7600962869420436,99.89968235696105,35.82854384684631,100.0,0.010000000707805157,0.7850257158279419,1.0
199,0.7373966776906001,105.16804591097763,38.579815841010664,100.0,0.010000000707805157,0.7878344655036926,1.0
200,0.736369385589156,104.96484472518527,38.59035528071389,100.0,0.010000000707805157,0.7864962816238403,1.0
201,0.7293297872456296,87.34901095810558,35.45113203408007,100.0,0.010000000707805157,0.580308198928833,1.0
202,0.734009480855955,104.45460332345682,38.6130224625071,100.0,0.010000000707805157,0.7835536003112793,1.0
203,0.7239497639333279,108.84504248880728,36.07202275970339,100.0,0.010000000707805157,0.9922148585319519,1.0
204,0.7407690274245745,109.65947321595425,41.40746989870009,100.0,0.010000000707805157,0.7802925109863281,1.0
205,0.7708041964468931,119.20683071720029,40.67961326116658,100.0,0.010000000707805157,0.9826304912567139,1.0
206,0.7228142448710867,98.0418950493214,35.860169159632186,100.0,0.010000000707805157,0.7814919948577881,1.0
207,0.7294208526746988,92.7406029119448,39.04739567660584,100.0,0.010000000707805157,0.5696406960487366,1.0
208,0.7175732208518504,72.3245131518093,34.929780691978586,100.0,0.010000000707805157,0.3599601089954376,1.0
209,0.7495943357744532,85.8081153965225,35.573250391126,100.0,0.010000000707805157,0.5629245638847351,1.0
210,0.8480243335869033,118.06479402930348,36.30985577787223,100.0,0.010000000707805157,1.182942271232605,1.0
211,0.7474515542005845,85.51848808119684,35.59076061808406,100.0,0.010000000707805157,0.560331404209137,1.0
212,0.7381895363658394,117.53867116380991,40.694638966673764,100.0,0.010000000707805157,0.9837177991867065,1.0
213,0.7495909215443592,96.86278343692999,35.93366089444399,100.0,0.010000000707805157,0.769779622554779,1.0
214,0.7157824273712202,96.41979158607664,35.925457998139386,100.0,0.010000000707805157,0.7733098268508911,1.0
215,0.7092624901397127,84.39995070955143,35.60746690885767,100.0,0.010000000707805157,0.5592849850654602,1.0
216,0.7163082686580371,90.67130571936869,39.18722378015156,100.0,0.010000000707805157,0.556496262550354,1.0
217,0.7697582932926911,116.74107322280433,40.69344714193596,100.0,0.010000000707805157,0.9766445159912109,1.0
218,0.7207577829837364,101.41840226067887,38.74714367940731,100.0,0.010000000707805157,0.7671514749526978,1.0
219,0.7855903503502428,106.41194267619815,36.17227032031732,100.0,0.010000000707805157,0.9746423363685608,1.0
220,0.7537356053273065,101.38716578769217,38.74884791038948,100.0,0.010000000707805157,0.7621866464614868,1.0
221,0.7609583085546727,111.23890775581424,38.44989579262085,100.0,0.010000000707805157,0.975784182548523,1.0
222,0.7524690813723214,105.87679710869956,36.178301609582284,100.0,0.010000000707805157,0.9767483472824097,1.0
223,0.7273080856149912,106.41371100244342,41.52719771899699,100.0,0.010000000707805157,0.7633525729179382,1.0
224,0.7768962417725854,95.23792408081835,35.99560632597528,100.0,0.010000000707805157,0.7574384808540344,1.0
225,0.7429672280641904,94.87331732726992,35.99984186525993,100.0,0.010000000707805157,0.7599245309829712,1.0
226,0.7352693568787487,115.52144680646389,40.72202173067591,100.0,0.010000000707805157,0.9765605926513672,1.0
227,0.7603561813669069,110.5277870449663,38.467872241193255,100.0,0.010000000707805157,0.9731535911560059,1.0
228,0.734504635236711,115.41177033411707,40.730211459618204,100.0,0.010000000707805157,0.9750187397003174,1.0
229,0.7601388355743861,110.39310877217204,38.47442983473848,100.0,0.010000000707805157,0.9723068475723267,1.0
230,0.7415685671512934,94.37525937148493,36.017377983152954,100.0,0.010000000707805157,0.7575269937515259,1.0
231,0.7681922876937339,115.25107340603076,40.721924024140264,100.0,0.010000000707805157,0.9703941345214844,1.0
232,0.7598260035305349,110.11285023989159,38.48405516380986,100.0,0.010000000707805157,0.9711053371429443,1.0
233,0.6809535608411186,67.89467543454211,35.205653343198854,100.0,0.010000000707805157,0.3265565037727356,1.0
234,0.7598359508926574,109.68539395364282,38.48983522563349,100.0,0.010000000707805157,0.9701821804046631,1.0
235,0.7030222320953691,93.52779668293198,36.053244857168764,100.0,0.010000000707805157,0.757123589515686,1.0
236,0.7018108219756735,93.33638077142842,36.0588097241792,100.0,0.010000000707805157,0.7553192973136902,1.0
237,0.7249559384287617,81.20252416225297,35.76536326652264,100.0,0.010000000707805157,0.5349252223968506,1.0
238,0.7233148304058734,80.91724379481862,35.77697579875449,100.0,0.010000000707805157,0.5331234931945801,1.0
239,0.782418333270898,122.73642929430041,40.13904288950725,100.0,0.010000000707805157,1.1863183975219727,1.0
240,0.6837765578903814,80.59624982420165,35.80926192693519,100.0,0.010000000707805157,0.5336651802062988,1.0
241,0.7685211233878387,113.62314413988459,40.729738058192076,100.0,0.010000000707805157,0.9670237302780151,1.0
242,0.7357497830734581,92.43041497738184,36.07693115669573,100.0,0.010000000707805157,0.7485634088516235,1.0
243,0.7710294072438845,92.32204808352586,36.06470958035197,100.0,0.010000000707805157,0.745761513710022,1.0
244,0.7413434611683741,118.15251748229576,42.94627706462249,100.0,0.010000000707805157,0.967792272567749,1.0
245,0.6885216989058884,86.64582509355236,39.50014235181584,100.0,0.010000000707805157,0.5281709432601929,1.0
246,0.6775701211312558,79.60302397291044,35.862435487002294,100.0,0.010000000707805157,0.5280108451843262,1.0
247,0.7227205092791141,107.63652245438882,38.54696923968608,100.0,0.010000000707805157,0.9669097661972046,1.0
248,0.7149319294793116,79.24971123469003,35.841478647468335,100.0,0.010000000707805157,0.5239164233207703,1.0
249,0.7120682698173241,102.72215297237999,41.6629185650641,100.0,0.010000000707805157,0.743309497833252,1.0
250,0.7022630083441287,96.98880080408509,38.94557175092311,100.0,0.010000000707805157,0.7433162927627563,1.0
251,0.6804589107703447,85.42560592558388,39.58489161954428,100.0,0.010000000707805157,0.5202921628952026,1.0
252,0.7602218224015578,106.79278154913153,38.53774277084659,100.0,0.010000000707805157,0.9629726409912109,1.0
253,0.7680753739021274,111.85762591507083,40.74399213207249,100.0,0.010000000707805157,0.9607950448989868,1.0
254,0.7394542084206804,96.49768494403445,38.93182327720934,100.0,0.010000000707805157,0.7391612529754639,1.0
255,0.731104027940088,90.3907328622109,36.14146376826149,100.0,0.010000000707805157,0.7411564588546753,1.0
256,0.7076660680467958,101.87207467336856,41.69947818900181,100.0,0.010000000707805157,0.7370262145996094,1.0
257,0.6410148991532783,63.165285158732765,35.484939278676435,100.0,0.010000000707805157,0.2933356761932373,1.0
258,0.7827925083371998,115.34593700038361,38.28568641177483,100.0,0.010000000707805157,1.1861908435821533,1.0
259,0.697573898447944,95.82383731776865,39.00032490868798,100.0,0.010000000707805157,0.7371023893356323,1.0
260,0.7679379872870457,89.56079708065309,36.117572304699586,100.0,0.010000000707805157,0.7374106645584106,1.0
261,0.7603368996517926,105.75973320505396,38.56142107334873,100.0,0.010000000707805157,0.9599569439888,1.0
262,0.7040214289995184,77.05475301272493,35.92545912835317,100.0,0.010000000707805157,0.5120291113853455,1.0
263,0.6873138558772546,89.32222630834582,36.219429271739685,100.0,0.010000000707805157,0.7376308441162109,1.0
264,0.659020213498056,76.74997045393759,36.001049279373646,100.0,0.010000000707805157,0.510524570941925,1.0
265,0.685235238003915,88.90648375600861,36.23013398330058,100.0,0.010000000707805157,0.734600305557251,1.0
266,0.7521129989493608,99.55997878162118,36.32193232752811,100.0,0.010000000707805157,0.9589755535125732,1.0
267,0.7261333797518345,88.58531808744023,36.183599535250636,100.0,0.010000000707805157,0.7326228022575378,1.0
268,0.7202740226997583,104.84611939084739,38.60580457768601,100.0,0.010000000707805157,0.9566580653190613,1.0
269,0.6986967785131756,75.916755383005,35.95568665920972,100.0,0.010000000707805157,0.5064971446990967,1.0
270,0.7610621915620593,104.46416010796128,38.57080978031044,100.0,0.010000000707805157,0.956865131855011,1.0
271,0.8278715831689221,98.85227966524305,36.25172208742814,100.0,0.010000000707805157,0.9585449695587158,1.0
272,0.6521778978952659,75.80049965799692,36.039252832854764,100.0,0.010000000707805157,0.5035924911499023,1.0
273,0.6617122832541253,82.40834301927735,39.79210650655969,100.0,0.010000000707805157,0.5030975341796875,1.0
274,0.6489680251477116,75.28437986262672,36.06007752593308,100.0,0.010000000707805157,0.5007224082946777,1.0
275,0.6902201162565114,93.51450991633043,39.068029509667625,100.0,0.010000000707805157,0.7271789312362671,1.0
276,0.771456550840227,108.67637143491783,40.75083989988383,100.0,0.010000000707805157,0.9563354849815369,1.0
277,0.73953783097198,113.71648480544718,42.90481341349874,100.0,0.010000000707805157,0.9545591473579407,1.0
278,0.7616134259270344,103.57947608433878,38.591008510304334,100.0,0.010000000707805157,0.954505980014801,1.0
279,0.6459253726072447,74.79800952013449,36.091596603733805,100.0,0.010000000707805157,0.4979156255722046,1.0
280,0.7319988081401132,92.9293141547697,39.040385230381915,100.0,0.010000000707805157,0.7259641885757446,1.0
281,0.6777970756652427,87.00970568091365,36.29817008708118,100.0,0.010000000707805157,0.7241172194480896,1.0
282,0.721900904336479,86.63995329925449,36.23479206364684,100.0,0.010000000707805157,0.7248325347900391,1.0
283,0.7637956150563987,86.29614357057505,36.173446082888624,100.0,0.010000000707805157,0.7264748811721802,1.0
284,0.7298885355110072,108.15091144004995,40.79996220285407,100.0,0.010000000707805157,0.9517709016799927,1.0
285,0.7211064883568752,86.37218351032082,36.24381794836585,100.0,0.010000000707805157,0.7234790921211243,1.0
286,0.7621796972143379,102.70576944318512,38.60289074764902,100.0,0.010000000707805157,0.9521874189376831,1.0
287,0.7305059280835695,92.27221329674093,39.06558528112365,100.0,0.010000000707805157,0.7233100533485413,1.0
288,0.6002706516540645,58.42450054093164,35.750803719995396,100.0,0.010000000707805157,0.26246464252471924,1.0
289,0.6848017505176425,73.05166198336919,36.05481974691441,100.0,0.010000000707805157,0.4915969669818878,1.0
290,0.6355549519305407,73.15251570252686,36.15813026793424,100.0,0.010000000707805157,0.48851731419563293,1.0
291,0.5921107294397839,57.49677722714185,35.79225987432793,100.0,0.010000000707805157,0.2566840648651123,1.0
292,0.795875775121169,95.86023289756996,36.32827676433834,100.0,0.010000000707805157,0.9523093700408936,1.0
293,0.7640322686582016,101.47809275895727,38.60980670876714,100.0,0.010000000707805157,0.9506911039352417,1.0
294,0.6832794485629079,91.29391689508924,39.14871240270109,100.0,0.010000000707805157,0.7172685265541077,1.0
295,0.6936444150671254,96.81157479504294,41.83262062807362,100.0,0.010000000707805157,0.717856764793396,1.0
296,0.5858798651379123,56.780929022980715,35.83334391361408,100.0,0.010000000707805157,0.2522340714931488,1.0
297,0.582490035346335,56.398782357398325,35.849568307930525,100.0,0.010000000707805157,0.24989476799964905,1.0
298,0.7216677845070195,100.86055681415219,38.670366305128816,100.0,0.010000000707805157,0.9471845030784607,1.0
299,0.731358637760904,105.92921156141102,40.801489187145556,100.0,0.010000000707805157,0.947130024433136,1.0
300,0.7985603712135455,94.90439797971953,36.335242193361296,100.0,0.010000000707805157,0.9518184661865234,1.0
301,0.7170519309545202,84.04254681100821,36.29539782030488,100.0,0.010000000707805157,0.7150973677635193,1.0
302,0.7978419327864718,94.80731383317725,36.339349692663895,100.0,0.010000000707805157,0.9503554105758667,1.0
303,0.6686113893396439,84.31911538701294,36.37888650940817,100.0,0.010000000707805157,0.7107188701629639,1.0
304,0.6236926384248407,71.35702617040916,36.23106393500487,100.0,0.010000000707805157,0.4773123860359192,1.0
305,0.7270691928426098,89.62236403169065,39.124516835033795,100.0,0.010000000707805157,0.7153948545455933,1.0
306,0.6669700579083341,83.88520022635602,36.3897638031305,100.0,0.010000000707805157,0.7081236839294434,1.0
307,0.57144347630239,55.136944683088295,35.918125842977425,100.0,0.010000000707805157,0.24224618077278137,1.0
308,0.6322741927818996,77.53920343443859,40.111003723457024,100.0,0.010000000707805157,0.47627466917037964,1.0
309,0.6777196471382809,89.2207198703632,39.20779615633249,100.0,0.010000000707805157,0.7085304856300354,1.0
310,0.6168668264714401,70.22270674047098,36.27171135799569,100.0,0.010000000707805157,0.4711885452270508,1.0
311,0.6154663764096789,69.99854726545225,36.27829969434101,100.0,0.010000000707805157,0.46988630294799805,1.0
312,0.6279514956340748,76.74231780796254,40.15328615838641,100.0,0.010000000707805157,0.4723784923553467,1.0
313,0.8202995440875228,112.83697981868266,40.04433778471808,100.0,0.010000000707805157,1.1846116781234741,1.0
314,0.7260106116901124,88.21352980489766,39.15091500964351,100.0,0.010000000707805157,0.7115556001663208,1.0
315,0.8129232838967707,98.36022219803755,38.571788263634886,100.0,0.010000000707805157,0.9515434503555298,1.0
316,0.8813731223710837,102.78448066913244,36.36630413142746,100.0,0.010000000707805157,1.1883803606033325,1.0
317,0.613966405630603,69.76672633172153,36.29668943371106,100.0,0.010000000707805157,0.4685806632041931,1.0
318,0.8899593183832032,107.63536464507257,38.206061935800804,100.0,0.010000000707805157,1.1898338794708252,1.0
319,0.6878294123276247,94.39448437322928,41.89252459013051,100.0,0.010000000707805157,0.7086811065673828,1.0
320,0.7132369222174484,82.1099001078761,36.342766306476115,100.0,0.010000000707805157,0.7069756984710693,1.0
321,0.724146867640423,88.10850503602165,39.17717509835378,100.0,0.010000000707805157,0.709001898765564,1.0
322,0.7991303978196832,103.34009008785846,36.49183304435059,100.0,0.010000000707805157,1.1772382259368896,1.0
323,0.6656364339041556,68.91860525342751,36.183822470818605,100.0,0.010000000707805157,0.4711460471153259,1.0
324,0.8292363939125701,117.40102712650457,41.74879163326043,100.0,0.010000000707805157,1.185317039489746,1.0
325,0.8100521468142005,98.31890308765435,38.605405530146136,100.0,0.010000000707805157,0.947067379951477,1.0
326,0.7121141776231024,81.99535213326091,36.35576116923971,100.0,0.010000000707805157,0.7053533792495728,1.0
327,0.7667348811019981,98.69913504079209,38.66231446286654,100.0,0.010000000707805157,0.9424469470977783,1.0
328,0.7766618395965503,103.9127170355948,40.78212229067225,100.0,0.010000000707805157,0.9446114301681519,1.0
329,0.8088272694051691,98.33411767748966,38.619759768625066,100.0,0.010000000707805157,0.9451924562454224,1.0
330,0.6237109530741327,76.65116574483999,40.239474429650265,100.0,0.010000000707805157,0.46788692474365234,1.0
331,0.6737479424083626,88.47535902541561,39.275558084373735,100.0,0.010000000707805157,0.7026140689849854,1.0
332,0.6733415435364949,88.37592396080643,39.28032989053388,100.0,0.010000000707805157,0.7019510865211487,1.0
333,0.6618267983286515,82.1063047912334,36.46632592178288,100.0,0.010000000707805157,0.7000961303710938,1.0
334,0.6204325270946082,76.10956445721627,40.27595520823204,100.0,0.010000000707805157,0.4648820757865906,1.0
335,0.7576527709149423,92.60801747680135,36.45802602001307,100.0,0.010000000707805157,0.9390370845794678,1.0
336,0.6193272947422374,75.91512685542719,40.28964759148623,100.0,0.010000000707805157,0.4639224708080292,1.0
337,0.6600364594757925,81.62316364928608,36.478773464652065,100.0,0.010000000707805157,0.6970453262329102,1.0
338,0.7783230379914617,103.01507122078243,40.78665551913102,100.0,0.010000000707805157,0.9426718950271606,1.0
339,0.8208984628918017,112.3038372466479,40.072223007655445,100.0,0.010000000707805157,1.1780509948730469,1.0
340,0.5455858027572521,52.161416684402155,36.12072075079894,100.0,0.010000000707805157,0.22451242804527283,1.0
341,0.721053564355325,86.99782081051873,39.242758012204334,100.0,0.010000000707805157,0.7025772333145142,1.0
342,0.6033263468839654,68.11687176216091,36.39202106372616,100.0,0.010000000707805157,0.4587368369102478,1.0
343,0.8132942955507497,96.91317479308344,38.62792180655762,100.0,0.010000000707805157,0.9443792104721069,1.0
344,0.6588864878657207,81.1585367439654,36.498309200604545,100.0,0.010000000707805157,0.6950919032096863,1.0
345,0.7101315357242486,92.43578910626253,36.551899109274785,100.0,0.010000000707805157,0.9306604862213135,1.0
346,0.7684369641007602,97.38246784324497,38.68949333866166,100.0,0.010000000707805157,0.9379839897155762,1.0
347,0.5385724591689042,51.37151052005382,36.163978907239304,100.0,0.010000000707805157,0.21996264159679413,1.0
348,0.6809022693287966,92.77259318929784,41.97090739998936,100.0,0.010000000707805157,0.6976878046989441,1.0
349,0.7589604417380029,91.50709298080001,36.47538711598434,100.0,0.010000000707805157,0.9348949193954468,1.0
350,0.5984194694807508,67.48195862890655,36.4185224342696,100.0,0.010000000707805157,0.45370161533355713,1.0
351,0.6680817826821328,86.73927614256853,39.33922177209272,100.0,0.010000000707805157,0.6928647756576538,1.0
352,0.6799447031998584,92.44400191995409,41.98305442622818,100.0,0.010000000707805157,0.6960355639457703,1.0
353,0.6093991737658114,74.41107073819094,40.41215432896188,100.0,0.010000000707805157,0.4547034502029419,1.0
354,0.5283921674366273,50.240696089023984,36.22183301593697,100.0,0.010000000707805157,0.2134871482849121,1.0
355,0.6669142326822232,86.0904570568606,39.357321489819284,100.0,0.010000000707805157,0.6905326247215271,1.0
356,0.6062592070816417,73.82245078669044,40.439947005684324,100.0,0.010000000707805157,0.45179247856140137,1.0
357,0.6663275806809185,85.82627481341106,39.36594549309261,100.0,0.010000000707805157,0.6893811225891113,1.0
358,0.6659933104390846,85.74849829444109,39.37006960447353,100.0,0.010000000707805157,0.6887906789779663,1.0
359,0.6656615643251083,85.67149142402975,39.374167840402954,100.0,0.010000000707805157,0.6882027387619019,1.0
360,0.6534955677534292,79.37471050937165,36.5505243621697,100.0,0.010000000707805157,0.68513023853302,1.0
361,0.8224791620512857,105.29757635877307,38.33316552196548,100.0,0.010000000707805157,1.1742045879364014,1.0
362,0.6034021586351607,73.43746605660853,40.4822200885122,100.0,0.010000000707805157,0.4491020441055298,1.0
363,0.6023264232860688,73.25429536393378,40.49159176097601,100.0,0.010000000707805157,0.44806233048439026,1.0
364,0.7094301734224847,78.29892258005817,36.4221806144041,100.0,0.010000000707805157,0.6934653520584106,1.0
365,0.6518483581610276,79.02142670290492,36.56109456503645,100.0,0.010000000707805157,0.6821339726448059,1.0
366,0.5865969824206022,65.54736400513221,36.49188225424352,100.0,0.010000000707805157,0.44258570671081543,1.0
367,0.7089422573768949,77.96435664368599,36.42348551502781,100.0,0.010000000707805157,0.6918075084686279,1.0
368,0.5996399256156418,72.63326921640963,40.52165141099629,100.0,0.010000000707805157,0.44581854343414307,1.0
369,0.5093116564492914,48.13232149845099,36.32768946181843,100.0,0.010000000707805157,0.20168960094451904,1.0
370,0.6633941441340453,84.42936458797543,39.39908545704351,100.0,0.010000000707805157,0.6831005215644836,1.0
371,0.7090969344921638,77.35596613229782,36.429857718025545,100.0,0.010000000707805157,0.6905046701431274,1.0
372,0.7768212782737007,94.37117767393818,38.70221436662997,100.0,0.010000000707805157,0.9342656135559082,1.0
373,0.5818135104538981,64.73062176545605,36.517080226507346,100.0,0.010000000707805157,0.43814098834991455,1.0
374,0.7086002808839874,77.16787048176231,36.43283337823678,100.0,0.010000000707805157,0.6892906427383423,1.0
375,0.7210051558763113,83.35481708227117,39.31005807154462,100.0,0.010000000707805157,0.6944437026977539,1.0
376,0.6458631380249872,63.40251269524904,36.30956073038561,100.0,0.010000000707805157,0.4492395520210266,1.0
377,0.7889892477519913,99.19198469544578,40.774977834163366,100.0,0.010000000707805157,0.9388717412948608,1.0
378,0.6750533787437518,89.8229798797856,42.0301013023866,100.0,0.010000000707805157,0.6856012344360352,1.0
379,0.8171533770584541,87.75338332317696,36.39505595447548,100.0,0.010000000707805157,0.9411947131156921,1.0
380,0.7078871543158699,76.95583131302017,36.44584203349965,100.0,0.010000000707805157,0.6881097555160522,1.0
381,0.8264677331749205,93.36790313532256,38.635422315675925,100.0,0.010000000707805157,0.9443663358688354,1.0
382,0.8254427711983701,93.4699116112464,38.64146041363386,100.0,0.010000000707805157,0.9433853626251221,1.0
383,0.5008679924003964,47.17154464415516,36.39644057184373,100.0,0.010000000707805157,0.19641202688217163,1.0
384,0.6430388777271178,63.04480125343186,36.335749619239145,100.0,0.010000000707805157,0.44616419076919556,1.0
385,0.7663527299115043,88.27649656894904,36.51607520747658,100.0,0.010000000707805157,0.9278489351272583,1.0
386,0.49670814325989426,46.7171067705111,36.41459229217423,100.0,0.010000000707805157,0.19396913051605225,1.0
387,0.6414630697329203,62.64133061447201,36.34247442028381,100.0,0.010000000707805157,0.44435393810272217,1.0
388,0.7895799501742642,98.66462737079246,40.77622589175737,100.0,0.010000000707805157,0.9366350769996643,1.0
389,0.6615717416924753,83.47405079183822,39.43401973721014,100.0,0.010000000707805157,0.6792311072349548,1.0
390,0.7369670515879146,99.42539772334699,40.83195288401884,100.0,0.010000000707805157,0.9247221946716309,1.0
391,0.8272224210427839,92.78763492351592,38.64912632271639,100.0,0.010000000707805157,0.9418740272521973,1.0
392,0.7464070955464346,104.64460222998794,42.7552127293389,100.0,0.010000000707805157,0.9271328449249268,1.0
393,0.6602334709801693,83.66581741942062,39.456353030520425,100.0,0.010000000707805157,0.67772376537323,1.0
394,0.6711585444398623,89.53366797719441,42.06080881358484,100.0,0.010000000707805157,0.6796939969062805,1.0
395,0.7863167177060191,98.96449585436429,40.80522422089691,100.0,0.010000000707805157,0.931586742401123,1.0
396,0.7168011204657929,82.79116986187594,39.37775299847662,100.0,0.010000000707805157,0.686983048915863,1.0
397,0.4912684538045037,46.09330355211119,36.4769627238457,100.0,0.010000000707805157,0.19046618044376373,1.0
398,0.8655638236580574,86.0435860467155,36.30298929485217,100.0,0.010000000707805157,0.9491459727287292,1.0
399,0.5748503130326441,63.37613950783481,36.595600532332284,100.0,0.010000000707805157,0.432462215423584,1.0
400,0.7601473995265425,74.94839254573803,36.331190299693695,100.0,0.010000000707805157,0.6941673159599304,1.0
401,0.8427597752388994,108.01322133692284,40.040917463159836,100.0,0.010000000707805157,1.173879623413086,1.0
402,0.8783480284485924,102.62754301081097,38.29751238050938,100.0,0.010000000707805157,1.180803656578064,1.0
403,0.6690300617685346,89.71592924991253,42.07671136916623,100.0,0.010000000707805157,0.6770694851875305,1.0
404,0.767192233162472,87.92623845458827,36.546964611704446,100.0,0.010000000707805157,0.9272940754890442,1.0
405,0.6383603152930124,62.28467370663589,36.386531189050366,100.0,0.010000000707805157,0.4410596489906311,1.0
406,0.6376861129476268,62.133967077269105,36.38982212275505,100.0,0.010000000707805157,0.4402763843536377,1.0
407,0.6370192209945678,61.98450272116853,36.39306523552038,100.0,0.010000000707805157,0.4394993185997009,1.0
408,0.7052106724482315,75.78178963586335,36.498899163524534,100.0,0.010000000707805157,0.6823859214782715,1.0
409,0.8247847503353707,92.4675784522773,38.688758779963955,100.0,0.010000000707805157,0.935559093952179,1.0
410,0.7045860348330324,75.82725294050852,36.502842475301215,100.0,0.010000000707805157,0.6817771196365356,1.0
411,0.8237545059420368,92.5392472352699,38.695210011433275,100.0,0.010000000707805157,0.934442400932312,1.0
412,0.6351814134335906,61.88316193038007,36.40981188180719,100.0,0.010000000707805157,0.4375709295272827,1.0
413,0.7039441901969882,75.73121143026724,36.50856900284364,100.0,0.010000000707805157,0.6807970404624939,1.0
414,0.6476711940264758,76.70840923642224,36.64652931822093,100.0,0.010000000707805157,0.6732051372528076,1.0
415,0.6583082003726722,83.14092243868001,39.49116615804037,100.0,0.010000000707805157,0.6742751002311707,1.0
416,0.6690115657313516,89.12214667982215,42.080681143737046,100.0,0.010000000707805157,0.6761730909347534,1.0
417,0.7038320365422653,75.48507025616013,36.51110750525796,100.0,0.010000000707805157,0.6797972321510315,1.0
418,0.7765391903074155,93.06548751178521,38.770085218731886,100.0,0.010000000707805157,0.9251676797866821,1.0
419,0.76662633030937,87.36640522187989,36.558525398711325,100.0,0.010000000707805157,0.9226160049438477,1.0
420,0.6334573150436885,61.487363216326585,36.421097306180044,100.0,0.010000000707805157,0.43572187423706055,1.0
421,0.6572610336458923,83.01578510833217,39.50343591229011,100.0,0.010000000707805157,0.6725412607192993,1.0
422,0.6327319836759949,61.26670699566594,36.42443768390706,100.0,0.010000000707805157,0.4348527491092682,1.0
423,0.6571142593610174,82.8208648401039,39.50628140228859,100.0,0.010000000707805157,0.6719549894332886,1.0
424,0.8443749194298601,107.66321784067854,40.04310720400507,100.0,0.010000000707805157,1.170697808265686,1.0
425,0.755543733034801,74.22786206534045,36.37170991027519,100.0,0.010000000707805157,0.6866066455841064,1.0
426,0.47774285573176495,44.54642234593369,36.598889856992514,100.0,0.010000000707805157,0.182184636592865,1.0
427,0.6566258429176121,82.69309809108984,39.51473985995156,100.0,0.010000000707805157,0.6710302829742432,1.0
428,0.745215192557524,104.14433787628991,42.73027694584105,100.0,0.010000000707805157,0.919917106628418,1.0
429,0.7766391014207052,92.77423943788254,38.78598219426079,100.0,0.010000000707805157,0.9229456186294556,1.0
430,0.6658010296374748,88.95367493641348,42.110887739417564,100.0,0.010000000707805157,0.6714690923690796,1.0
431,0.8166986727354038,85.97204762890901,36.45878622708054,100.0,0.010000000707805157,0.9303140044212341,1.0
432,0.7117022636223025,81.85478518143229,39.463184155216794,100.0,0.010000000707805157,0.6780942678451538,1.0
433,0.6449214995205257,76.2109485987855,36.68021582409496,100.0,0.010000000707805157,0.6681831479072571,1.0
434,0.47376004695339236,44.09744847316434,36.63903171859845,100.0,0.010000000707805157,0.17975902557373047,1.0
435,0.8255116600199087,91.64234502951619,38.72233790815348,100.0,0.010000000707805157,0.9310421943664551,1.0
436,0.4718752811137761,43.89104685065629,36.649125583455564,100.0,0.010000000707805157,0.17867688834667206,1.0
437,0.8634393335960282,84.55657326394373,36.34888169858585,100.0,0.010000000707805157,0.9374110102653503,1.0
438,0.7112200217706423,81.4651797072424,39.47066141164331,100.0,0.010000000707805157,0.6764344573020935,1.0
439,0.7015880656958039,74.68321366120398,36.542583442729274,100.0,0.010000000707805157,0.6747785210609436,1.0
440,0.7765411489426067,92.51454542671176,38.79667526143042,100.0,0.010000000707805157,0.9209429621696472,1.0
441,0.7759935669698445,92.60677487233642,38.79973231852886,100.0,0.010000000707805157,0.9205330610275269,1.0
442,0.8354275932296025,102.6498344211523,38.38898595940218,100.0,0.010000000707805157,1.164731740951538,1.0
443,0.8500081660354173,112.8015362897221,41.63538327755333,100.0,0.010000000707805157,1.16768479347229,1.0
444,0.7521187718767913,73.92394056466301,36.40393084646587,100.0,0.010000000707805157,0.6816838383674622,1.0
445,0.5648580509142721,62.23641475902835,36.689394780743285,100.0,0.010000000707805157,0.4227082133293152,1.0
446,0.4711459926299352,43.77231229013712,36.68397596514334,100.0,0.010000000707805157,0.1779862940311432,1.0
447,0.46852897964210183,43.495021761742564,36.691928229575005,100.0,0.010000000707805157,0.17655354738235474,1.0
448,0.5619223891871107,61.56782631329886,36.69921514501951,100.0,0.010000000707805157,0.42007046937942505,1.0
449,0.824801075085144,91.25108831990632,38.741909881963636,100.0,0.010000000707805157,0.927228569984436,1.0
450,0.7002360798653858,74.36890211281549,36.55630157173366,100.0,0.010000000707805157,0.6720856428146362,1.0
451,0.9234910794664815,100.55252680077622,38.2814413319801,100.0,0.010000000707805157,1.1786978244781494,1.0
452,0.6992090742693402,74.57078214792168,36.561165992009094,100.0,0.010000000707805157,0.6714438796043396,1.0
453,0.8215389159092159,91.60320010177603,38.75826938436023,100.0,0.010000000707805157,0.9244028329849243,1.0
454,0.5738389438281507,69.88099820240367,40.898467297465814,100.0,0.010000000707805157,0.42188549041748047,1.0
455,0.6535516942722261,82.47258512893733,39.56574431468143,100.0,0.010000000707805157,0.6662997007369995,1.0
456,0.6532566965405109,82.4258615868995,39.56916539002461,100.0,0.010000000707805157,0.6657862067222595,1.0
457,0.7423174698021491,104.32595251648962,42.71899881202586,100.0,0.010000000707805157,0.9133930802345276,1.0
458,0.7077829706485448,81.34390822703517,39.5225574892724,100.0,0.010000000707805157,0.6714195013046265,1.0
459,0.6241427359411845,59.9289295682678,36.504397050877586,100.0,0.010000000707805157,0.42541268467903137,1.0
460,0.6525292016984271,82.32830681805038,39.58385050799209,100.0,0.010000000707805157,0.6645927429199219,1.0
461,0.8597469491824585,84.11871443522203,36.38365626530025,100.0,0.010000000707805157,0.9294121265411377,1.0
462,0.6985755059639763,74.3131816694977,36.576977328714236,100.0,0.010000000707805157,0.6700315475463867,1.0
463,0.8206554263270944,91.47016753450261,38.77698261273438,100.0,0.010000000707805157,0.9215560555458069,1.0
464,0.5708444599659067,69.74455845169541,40.94068647516976,100.0,0.010000000707805157,0.4189327359199524,1.0
465,0.4614059072689762,42.67627192942327,36.766656853323255,100.0,0.010000000707805157,0.17219385504722595,1.0
466,0.6216051380236681,59.49348742621232,36.521135745771645,100.0,0.010000000707805157,0.42249059677124023,1.0
467,0.5687370562425308,69.21092807559832,40.95183971544875,100.0,0.010000000707805157,0.41692379117012024,1.0
468,0.7838106389641174,97.60792285467134,40.853464486984414,100.0,0.010000000707805157,0.9155348539352417,1.0
469,0.558259820812158,60.83449255141362,36.74400391164881,100.0,0.010000000707805157,0.4169677495956421,1.0
470,0.9244520326631599,100.01988788067486,38.30419170711347,100.0,0.010000000707805157,1.1732964515686035,1.0
471,0.698265395498327,73.8585613101972,36.590872920608206,100.0,0.010000000707805157,0.6684528589248657,1.0
472,0.726590988856893,93.12211186628184,38.89167540622101,100.0,0.010000000707805157,0.9106998443603516,1.0
473,0.6201586007296602,59.32296245021467,36.53487284186814,100.0,0.010000000707805157,0.420960396528244,1.0
474,0.65174747217831,81.97039972466793,39.59944062993641,100.0,0.010000000707805157,0.6626406908035278,1.0
475,0.7182007931584962,86.97762261150905,36.721183286662956,100.0,0.010000000707805157,0.9094436764717102,1.0
476,0.6509183536850639,81.97233195160776,39.60387024847164,100.0,0.010000000707805157,0.6614593267440796,1.0
477,0.7060795160305438,80.72527768103542,39.5551975838586,100.0,0.010000000707805157,0.6673940420150757,1.0
478,0.7673233858651302,85.84795479969509,36.61817200578389,100.0,0.010000000707805157,0.9126768112182617,1.0
479,0.7057039950813093,80.78691351590531,39.56002901731125,100.0,0.010000000707805157,0.6671674251556396,1.0
480,0.7744735477648305,92.0599506384661,38.8474626447164,100.0,0.010000000707805157,0.9126884937286377,1.0
481,0.8804050644445172,101.26638388757142,38.37052122435911,100.0,0.010000000707805157,1.1643829345703125,1.0
482,0.6957275878478657,73.98687830660506,36.599136611976974,100.0,0.010000000707805157,0.6652112603187561,1.0
483,0.7643822210284709,86.21227909837951,36.62213291995494,100.0,0.010000000707805157,0.9098372459411621,1.0
484,0.7720301723657309,92.46335758904364,38.855475339623496,100.0,0.010000000707805157,0.9109629392623901,1.0
485,0.658828104766781,88.92287697598991,42.17816220359037,100.0,0.010000000707805157,0.6620761156082153,1.0
486,0.6186929467822476,59.32363221325806,36.55415954135387,100.0,0.010000000707805157,0.41979479789733887,1.0
487,0.70382186238438,81.06182751978723,39.58317514094419,100.0,0.010000000707805157,0.6655970811843872,1.0
488,0.5654976887107902,69.38113663402056,41.03217676192607,100.0,0.010000000707805157,0.41413140296936035,1.0
489,0.6952401529952187,73.747008923621,36.6069765532351,100.0,0.010000000707805157,0.6638257503509521,1.0
490,0.694971474000179,73.72576802941362,36.60750472377496,100.0,0.010000000707805157,0.6633749008178711,1.0
491,0.5534230027494208,60.68776633469977,36.77563136256722,100.0,0.010000000707805157,0.41156938672065735,1.0
492,0.6948256115516588,73.5545178411629,36.60732613639541,100.0,0.010000000707805157,0.6625453233718872,1.0
493,0.658531601785317,88.39790941655787,42.17481329634232,100.0,0.010000000707805157,0.6604963541030884,1.0
494,0.4494230391112851,41.32431440805992,36.883301137618275,100.0,0.010000000707805157,0.1651540994644165,1.0
495,0.695295309337307,73.23236756263739,36.60936679733861,100.0,0.010000000707805157,0.6621250510215759,1.0
496,0.7042323274249475,80.3479993963536,39.58861491346512,100.0,0.010000000707805157,0.6639379262924194,1.0
497,0.4462743281910495,40.98781930230921,36.896866859348,100.0,0.010000000707805157,0.1634552925825119,1.0
498,0.6954451675703665,72.95322460069907,36.61154532754191,100.0,0.010000000707805157,0.6614097952842712,1.0
499,0.5497452567656641,59.92398682616922,36.79035558362856,100.0,0.010000000707805157,0.4080873131752014,1.0
500,0.6143834214728097,57.98520866162995,36.56790257305037,100.0,0.010000000707805157,0.4143765866756439,1.0
501,0.5606323881243749,68.13221927822282,41.070234780716255,100.0,0.010000000707805157,0.4096735119819641,1.0
502,0.5599100793616808,68.00335080654789,41.075133440301315,100.0,0.010000000707805157,0.4089391827583313,1.0
503,0.4377870908709335,40.09368518026506,36.92731045496829,100.0,0.010000000707805157,0.15899111330509186,1.0
504,0.7372294315913908,97.44074859065617,40.859393599962075,100.0,0.010000000707805157,0.9052690863609314,1.0
505,0.5580812417080258,67.71566217634292,41.09067141259072,100.0,0.010000000707805157,0.4071020483970642,1.0
506,0.7055914221285923,79.20717538779141,39.590216209362865,100.0,0.010000000707805157,0.661685585975647,1.0
507,0.7201152382055167,85.6018541366215,36.74898172561769,100.0,0.010000000707805157,0.9016537070274353,1.0
508,0.545808252116459,59.11283901229583,36.811068235828685,100.0,0.010000000707805157,0.40427643060684204,1.0
509,0.779650754355686,90.4460455420465,38.853417425699206,100.0,0.010000000707805157,0.9091482758522034,1.0
510,0.5568830387991999,67.57681124473926,41.11150577740001,100.0,0.010000000707805157,0.4060609042644501,1.0
511,0.5561938072291458,67.45317915942653,41.116068196436686,100.0,0.010000000707805157,0.4053516685962677,1.0
512,0.6475914432459251,80.30431815658193,39.6505519821965,100.0,0.010000000707805157,0.6523886919021606,1.0
513,0.6970524642823578,71.72876679734343,36.61654442097452,100.0,0.010000000707805157,0.6590563654899597,1.0
514,0.718765488022378,85.37461193774614,36.75425533134543,100.0,0.010000000707805157,0.8971014618873596,1.0
515,0.821128175166143,82.8026172150388,36.51252280708428,100.0,0.010000000707805157,0.9147403240203857,1.0
516,0.6954350626810084,71.91265031036272,36.61709957542123,100.0,0.010000000707805157,0.6573899984359741,1.0
517,0.7053084344033241,79.0427922432838,39.60633157690344,100.0,0.010000000707805157,0.6611438989639282,1.0
518,0.7786167296945795,90.46850343658575,38.860705366129636,100.0,0.010000000707805157,0.9070276021957397,1.0
519,0.5554761423626821,67.51942903346985,41.14258346130248,100.0,0.010000000707805157,0.40493083000183105,1.0
520,0.5424238680963046,58.83066558449534,36.828730374296725,100.0,0.010000000707805157,0.40069252252578735,1.0
521,0.6566232655619705,86.77173414712703,42.18261454168825,100.0,0.010000000707805157,0.6540659070014954,1.0
522,0.7438489055388688,102.73133650335238,42.65798714599027,100.0,0.010000000707805157,0.902821958065033,1.0
523,0.6113947871164558,56.70689880417903,36.580702148720135,100.0,0.010000000707805157,0.4104776978492737,1.0
524,0.6453447363108012,80.30336346777267,39.67394222682537,100.0,0.010000000707805157,0.6491858959197998,1.0
525,0.8216579874279296,82.59926106013693,36.51857972066499,100.0,0.010000000707805157,0.9140884876251221,1.0
526,0.7252693185900325,91.67232936278734,38.93020101002619,100.0,0.010000000707805157,0.8954721689224243,1.0
527,0.654032712781603,87.04030839949806,42.20416465808889,100.0,0.010000000707805157,0.6512507200241089,1.0
528,0.6439823817144874,80.48397779917224,39.686852530343664,100.0,0.010000000707805157,0.6477745771408081,1.0
529,0.4267929468915937,38.87973941814542,37.038006861846085,100.0,0.010000000707805157,0.15283100306987762,1.0
530,0.786876231117015,96.07153193161376,40.88443765507559,100.0,0.010000000707805157,0.9074112772941589,1.0
531,0.6523435489374634,86.9532446999196,42.21087058934737,100.0,0.010000000707805157,0.6486181020736694,1.0
532,0.5401887771602929,58.46608391514527,36.860693960883275,100.0,0.010000000707805157,0.39856547117233276,1.0
533,0.8229950979316846,82.37202041909386,36.519024926994454,100.0,0.010000000707805157,0.9144377112388611,1.0
534,0.5396007557041614,58.45294543800892,36.86072788446145,100.0,0.010000000707805157,0.3979174494743347,1.0
535,0.8941015673957433,99.14551117006286,38.37968497981451,100.0,0.010000000707805157,1.1622750759124756,1.0
536,0.7774173611081179,90.42035034643169,38.89136699001862,100.0,0.010000000707805157,0.9032913446426392,1.0
537,0.4253291142853034,38.700699679139056,37.06714234899754,100.0,0.010000000707805157,0.15189242362976074,1.0
538,0.5494797680620049,67.18982188027945,41.22121548125488,100.0,0.010000000707805157,0.3991985321044922,1.0
539,0.42168502459999724,38.32351195083339,37.07772513286349,100.0,0.010000000707805157,0.15005671977996826,1.0
540,0.5376469637092525,58.0408231337647,36.86935636820129,100.0,0.010000000707805157,0.3959742784500122,1.0
541,0.5369819590344497,57.91794952513249,36.8701381984824,100.0,0.010000000707805157,0.39527103304862976,1.0
542,0.5475306042862794,66.55550820941542,41.230597008260865,100.0,0.010000000707805157,0.397216796875,1.0
543,0.789333566013243,95.39176297284749,40.876478487619664,100.0,0.010000000707805157,0.9061151742935181,1.0
544,0.5363473822187179,57.75308565826491,36.877169100115196,100.0,0.010000000707805157,0.39467301964759827,1.0
545,0.6516833458985708,86.17207697871747,42.207852883978376,100.0,0.010000000707805157,0.6455361843109131,1.0
546,0.5356824945257497,57.5968389509433,36.882147532963025,100.0,0.010000000707805157,0.3940022885799408,1.0
547,0.5453112019037716,66.31034175573285,41.25161046093927,100.0,0.010000000707805157,0.3949859142303467,1.0
548,0.704915044761082,77.7409463022653,39.652907199055306,100.0,0.010000000707805157,0.6551450490951538,1.0
549,0.7045933760727658,77.765903725417,39.65559909410459,100.0,0.010000000707805157,0.6547677516937256,1.0
550,0.6970674072962977,70.3507473942134,36.64015499120718,100.0,0.010000000707805157,0.6537165641784668,1.0
551,0.7041850294013666,77.79066711942654,39.65886201867815,100.0,0.010000000707805157,0.65434730052948,1.0
552,0.6966400530732291,70.3623290025708,36.642417975166936,100.0,0.010000000707805157,0.6532294154167175,1.0
553,0.8944958907316716,92.44228244000922,36.56249052595269,100.0,0.010000000707805157,1.1614909172058105,1.0
554,0.5447048112951116,66.46606094091965,41.26852335977143,100.0,0.010000000707805157,0.39460575580596924,1.0
555,0.5340738274089608,57.437244441877084,36.892311743063324,100.0,0.010000000707805157,0.3923906683921814,1.0
556,0.5437859063784698,66.21854507600816,41.27406780544191,100.0,0.010000000707805157,0.39365696907043457,1.0
557,0.5331437284571889,57.1967081205048,36.89542071500862,100.0,0.010000000707805157,0.39142608642578125,1.0
558,0.7352677019283167,96.30431964104268,40.883364695225914,100.0,0.010000000707805157,0.8909856081008911,1.0
559,0.4080058671916122,36.87124986795997,37.158724455693296,100.0,0.010000000707805157,0.1429702490568161,1.0
560,0.9095592323071765,103.28850758703823,40.02609873171576,100.0,0.010000000707805157,1.1651122570037842,1.0
561,0.6411299293959093,79.29033313400393,39.73082009124904,100.0,0.010000000707805157,0.640084981918335,1.0
562,0.7032480334064015,77.66159750251143,39.677444966775234,100.0,0.010000000707805157,0.6525539755821228,1.0
563,0.5413886277828508,66.13523090863698,41.301429057924665,100.0,0.010000000707805157,0.3913402557373047,1.0
564,0.6057107672133155,54.71384094959828,36.60530807747026,100.0,0.010000000707805157,0.4029883146286011,1.0
565,0.6410834010301223,79.09385699752062,39.73547475666431,100.0,0.010000000707805157,0.6393702030181885,1.0
566,0.7032443595090339,77.46053254977429,39.68077200317685,100.0,0.010000000707805157,0.651641845703125,1.0
567,0.64067841202065,79.11138850947547,39.740732306121004,100.0,0.010000000707805157,0.6388553380966187,1.0
568,0.782857435348351,88.97734964393094,38.90766418733372,100.0,0.010000000707805157,0.9000608921051025,1.0
569,0.828343099938043,81.01337263729089,36.52550048100541,100.0,0.010000000707805157,0.9122267961502075,1.0
570,0.5400766844826991,66.17348957942781,41.32235938467025,100.0,0.010000000707805157,0.390211820602417,1.0
571,0.6466457322134012,86.07514514580353,42.23087263930371,100.0,0.010000000707805157,0.6382471323013306,1.0
572,0.6958093450645625,69.97766784596853,36.65714099983819,100.0,0.010000000707805157,0.6506403684616089,1.0
573,0.4041731798197176,36.43471138581191,37.21118519372393,100.0,0.010000000707805157,0.14077156782150269,1.0
574,0.8605531339651401,104.6793836960253,40.065256231338665,100.0,0.010000000707805157,1.14812433719635,1.0
575,0.6452989161391122,86.15906399693434,42.2386096421737,100.0,0.010000000707805157,0.6366420984268188,1.0
576,0.8970218003326091,92.1205536532753,36.57273324405413,100.0,0.010000000707805157,1.1608455181121826,1.0
577,0.7519269233395065,68.28718349152646,36.45672214268797,100.0,0.010000000707805157,0.6624088287353516,1.0
578,0.7791075343048001,89.5218317452298,38.92827535788297,100.0,0.010000000707805157,0.8970274925231934,1.0
579,0.6034936899459243,54.843901326902746,36.630413087775466,100.0,0.010000000707805157,0.401298463344574,1.0
580,0.40512115538501603,36.5032021854981,37.23256321316112,100.0,0.010000000707805157,0.14103224873542786,1.0
581,0.5298753046173722,56.90995089569679,36.93194692237934,100.0,0.010000000707805157,0.3882506489753723,1.0
582,0.6942755865392353,69.90059547397826,36.664477608380764,100.0,0.010000000707805157,0.6483098864555359,1.0
583,0.5375465110931221,66.01691633708577,41.35480386288027,100.0,0.010000000707805157,0.38794034719467163,1.0
584,0.6384480580558203,79.17118136047262,39.761450384025665,100.0,0.010000000707805157,0.6357851624488831,1.0
585,0.6311564042223505,71.65249663603656,36.856520013761596,100.0,0.010000000707805157,0.6350111961364746,1.0
586,0.7750181799187217,82.4270738051627,36.67885004866775,100.0,0.010000000707805157,0.8953054547309875,1.0
587,0.7006440088497536,77.52081276765719,39.71592983241391,100.0,0.010000000707805157,0.6486197113990784,1.0
588,0.7800755638508806,89.17852637202397,38.925354671249664,100.0,0.010000000707805157,0.8956366777420044,1.0
589,0.5366381482545753,66.08487729607118,41.377175389397145,100.0,0.010000000707805157,0.3872779309749603,1.0
590,0.6368975322852096,79.2977560546947,39.77158421484103,100.0,0.010000000707805157,0.633987307548523,1.0
591,0.8266637828627599,80.87273710833036,36.53395078358348,100.0,0.010000000707805157,0.9079694747924805,1.0
592,0.8309552681192356,87.81280558625953,38.87104615384515,100.0,0.010000000707805157,0.9084248542785645,1.0
593,0.6433057906315544,86.53172043749346,42.25983611840923,100.0,0.010000000707805157,0.6351931095123291,1.0
594,0.6013511083247104,54.43657537917784,36.64100067723611,100.0,0.010000000707805157,0.39895161986351013,1.0
595,0.5271862908364631,56.82597903489033,36.94802304036542,100.0,0.010000000707805157,0.38546478748321533,1.0
596,0.5265893976183744,56.715396852669265,36.94823219746594,100.0,0.010000000707805157,0.3848173916339874,1.0
597,0.636216963521595,79.2631431965861,39.777204904187954,100.0,0.010000000707805157,0.632851243019104,1.0
598,0.6925580222886524,69.71731252488576,36.671693348560325,100.0,0.010000000707805157,0.6450883150100708,1.0
599,0.6358292168551214,79.2673371547258,39.778971162023005,100.0,0.010000000707805157,0.632303774356842,1.0
600,0.5250970627484277,56.569605554687385,36.95217217061042,100.0,0.010000000707805157,0.3832056522369385,1.0
601,0.77994006109429,89.01928435107854,38.9326593536083,100.0,0.010000000707805157,0.8933921456336975,1.0
602,0.6351395929483488,79.26555012395416,39.78354688778059,100.0,0.010000000707805157,0.6313141584396362,1.0
603,0.600502116353386,53.952577977519944,36.63687246528045,100.0,0.010000000707805157,0.397676944732666,1.0
604,0.7858038047051639,95.27320592311939,40.91878647610404,100.0,0.010000000707805157,0.8951418399810791,1.0
605,0.7505867768306999,67.6356002223018,36.46291909607547,100.0,0.010000000707805157,0.6586697697639465,1.0
606,0.6419592303740861,86.33752413548487,42.26480260686306,100.0,0.010000000707805157,0.6328118443489075,1.0
607,0.6344057522284264,79.38005069193802,39.7955179785627,100.0,0.010000000707805157,0.6306416392326355,1.0
608,0.6977915495042152,77.55834500476685,39.75400043684522,100.0,0.010000000707805157,0.6447756886482239,1.0
609,0.6974524054268137,77.59165964168548,39.75656913754449,100.0,0.010000000707805157,0.6444076895713806,1.0
610,0.6274598973227434,71.72649666967851,36.87842057129635,100.0,0.010000000707805157,0.6296327114105225,1.0
611,0.5992780617495068,53.90209232919639,36.64850456692931,100.0,0.010000000707805157,0.3965115547180176,1.0
612,0.7497754900465378,67.529057296831,36.468545039246244,100.0,0.010000000707805157,0.6572743654251099,1.0
613,0.6969881599250141,77.55564660860207,39.75819292123344,100.0,0.010000000707805157,0.6437433958053589,1.0
614,0.7719365021537925,82.53058771675333,36.697272885136464,100.0,0.010000000707805157,0.8896120190620422,1.0
615,0.6898179636831643,69.7821602983792,36.686352733744954,100.0,0.010000000707805157,0.6417935490608215,1.0
616,0.6406326992073966,86.55155476995138,42.27311451246043,100.0,0.010000000707805157,0.6316409111022949,1.0
617,0.8284040176066452,87.84765549071562,38.89995852338993,100.0,0.010000000707805157,0.9035742878913879,1.0
618,0.8268717786286404,88.04028148408007,38.90641872065872,100.0,0.010000000707805157,0.9024173021316528,1.0
619,0.938099207393873,97.3927845881623,38.38419711157148,100.0,0.010000000707805157,1.1605730056762695,1.0
620,0.39844581496776404,35.69217912177372,37.360931829171356,100.0,0.010000000707805157,0.13691917061805725,1.0
621,0.6935535683114754,78.13938158015763,39.78184039453115,100.0,0.010000000707805157,0.6413848400115967,1.0
622,0.3962997381671898,35.47086593167809,37.36760873580534,100.0,0.010000000707805157,0.1358758807182312,1.0
623,0.6328855535450253,79.75071266848133,39.81078222460003,100.0,0.010000000707805157,0.629474937915802,1.0
624,0.7697603123347124,82.80216572975608,36.707454873917804,100.0,0.010000000707805157,0.8878316879272461,1.0
625,0.6935903622332311,78.01697576655862,39.784458280576345,100.0,0.010000000707805157,0.6410114169120789,1.0
626,0.6875904466812214,69.99171334827065,36.701738293043356,100.0,0.010000000707805157,0.6399470567703247,1.0
627,0.743769299623029,67.91226339369473,36.50351179877678,100.0,0.010000000707805157,0.6515469551086426,1.0
628,0.6927329219785451,78.11337950495046,39.787980426221374,100.0,0.010000000707805157,0.6402710676193237,1.0
629,0.6319943725262699,79.97112220336653,39.815146579590376,100.0,0.010000000707805157,0.6288157105445862,1.0
630,0.7728539362456841,89.94775203971983,38.9739882024698,100.0,0.010000000707805157,0.8864438533782959,1.0
631,0.6862166930778282,70.14031590012162,36.70782577872836,100.0,0.010000000707805157,0.638761043548584,1.0
632,0.39467980480789033,35.27474472388205,37.39612881910006,100.0,0.010000000707805157,0.13490131497383118,1.0
633,0.6316009355234291,79.8706339154787,39.8168931139776,100.0,0.010000000707805157,0.6279070973396301,1.0
634,0.8969810825777812,104.76360325804256,40.09917329021202,100.0,0.010000000707805157,1.1457237005233765,1.0
635,0.630673310834077,80.14517418049037,39.827463424857136,100.0,0.010000000707805157,0.6274733543395996,1.0
636,0.5940850685543604,54.083787357202716,36.69709165286752,100.0,0.010000000707805157,0.3920268714427948,1.0
637,0.6913321953225906,78.18346151870205,39.80458873324627,100.0,0.010000000707805157,0.63857102394104,1.0
638,0.6857487459664549,70.04236726040263,36.71341930367887,100.0,0.010000000707805157,0.6377949714660645,1.0
639,0.8214324533050265,88.44915256292401,38.93862288443281,100.0,0.010000000707805157,0.8957542181015015,1.0
640,0.3937408278478652,35.15185780848585,37.420452304248,100.0,0.010000000707805157,0.13425299525260925,1.0
641,0.6853780368206068,69.98805758751053,36.7157647995934,100.0,0.010000000707805157,0.6371040940284729,1.0
642,0.5285267599596727,66.4395378732366,41.49275140877707,100.0,0.010000000707805157,0.3804422616958618,1.0
643,0.6363205440644366,87.18724941005794,42.28165875766445,100.0,0.010000000707805157,0.6271885633468628,1.0
644,0.6857839619113512,69.84533392155512,36.71702320672405,100.0,0.010000000707805157,0.6370823979377747,1.0
645,0.6356485423140695,87.23283621912867,42.2851292596546,100.0,0.010000000707805157,0.6264097690582275,1.0
646,0.5207550699645933,56.45093551744983,37.002383422866906,100.0,0.010000000707805157,0.37912848591804504,1.0
647,0.8225969308001291,88.15457208932406,38.940953847314844,100.0,0.010000000707805157,0.8949466347694397,1.0
648,0.6297616965225327,80.00473061542648,39.83961824276837,100.0,0.010000000707805157,0.6255822777748108,1.0
649,0.5919657279994369,53.71896519521038,36.7082803725333,100.0,0.010000000707805157,0.389557808637619,1.0
650,0.38817827426610224,34.56615020806073,37.45352737372667,100.0,0.010000000707805157,0.13147695362567902,1.0
651,0.7730984179257383,89.66232718822344,38.987108074543926,100.0,0.010000000707805157,0.8834158778190613,1.0
652,0.7231439549000719,97.91568196296916,40.93586859897952,100.0,0.010000000707805157,0.8719498515129089,1.0
653,0.5915368003019961,53.57419226725992,36.709090176162995,100.0,0.010000000707805157,0.38899046182632446,1.0
654,0.7720228926786807,89.82365962773073,38.994567665118275,100.0,0.010000000707805157,0.8825165629386902,1.0
655,0.5250670258770341,66.35161386632304,41.52750033408598,100.0,0.010000000707805157,0.3772546350955963,1.0
656,0.5245116347912372,66.25686140510254,41.529414417327175,100.0,0.010000000707805157,0.3766835331916809,1.0
657,0.6896462483217688,77.85282652719533,39.827390159697295,100.0,0.010000000707805157,0.6345852613449097,1.0
658,0.6288806102623166,79.79636743966952,39.852557384180265,100.0,0.010000000707805157,0.623596727848053,1.0
659,0.5234022678169429,66.18539558907933,41.53790353226547,100.0,0.010000000707805157,0.3756178617477417,1.0
660,0.6862140829448842,69.36611779992786,36.724517889533765,100.0,0.010000000707805157,0.6356964111328125,1.0
661,0.5906051068726912,53.21655171241484,36.709882046200434,100.0,0.010000000707805157,0.38763055205345154,1.0
662,0.6895086128235085,77.70051902400753,39.82958422841471,100.0,0.010000000707805157,0.6337219476699829,1.0
663,0.6287363892283314,79.65598390126607,39.85446515814923,100.0,0.010000000707805157,0.6228595972061157,1.0
664,0.5178366266676094,55.91349070856566,37.02218020526811,100.0,0.010000000707805157,0.37615907192230225,1.0
665,0.5220457029507165,65.91796214366626,41.54550889893375,100.0,0.010000000707805157,0.37430521845817566,1.0
666,0.5170895492162937,55.704345440148835,37.02354282553861,100.0,0.010000000707805157,0.37534257769584656,1.0
667,0.5212962868128077,65.704817169968,41.54779790603069,100.0,0.010000000707805157,0.373521625995636,1.0
668,0.6904913754013536,77.25453098403969,39.828277609295334,100.0,0.010000000707805157,0.633109450340271,1.0
669,0.5205562154406125,65.65547687244894,41.551297861279544,100.0,0.010000000707805157,0.3727836012840271,1.0
670,0.6255238450779752,70.94915488387639,36.92021378933277,100.0,0.010000000707805157,0.6233108639717102,1.0
671,0.7754530134455715,89.02502934321257,38.997138757181794,100.0,0.010000000707805157,0.8812471628189087,1.0
672,0.6866972393708345,68.85453361667986,36.723874222947735,100.0,0.010000000707805157,0.6340011358261108,1.0
673,0.9385559193151412,89.9689194035728,36.49850797598425,100.0,0.010000000707805157,1.1540987491607666,1.0
674,0.6886248612135578,77.6085842010288,39.84210203289261,100.0,0.010000000707805157,0.632244884967804,1.0
675,0.6230741358123438,71.41339387804672,36.919872444626606,100.0,0.010000000707805157,0.6213420629501343,1.0
676,0.5150945374889434,55.761097725022566,37.02964246987219,100.0,0.010000000707805157,0.3732885420322418,1.0
677,0.626979458846117,79.48122043276105,39.86055281013629,100.0,0.010000000707805157,0.6196982860565186,1.0
678,0.6312968613111123,86.9041472164852,42.29396045628464,100.0,0.010000000707805157,0.6195655465126038,1.0
679,0.5193758158904811,65.80946399463991,41.5798482391797,100.0,0.010000000707805157,0.37203943729400635,1.0
680,0.6264213999537497,79.39373664169084,39.8704481335484,100.0,0.010000000707805157,0.6186481714248657,1.0
681,0.7431248963235071,66.53142157104968,36.506796929267196,100.0,0.010000000707805157,0.6456496119499207,1.0
682,0.37560418606686297,33.22292584487803,37.55411049454365,100.0,0.010000000707805157,0.12513740360736847,1.0
683,0.5135592789882684,55.35610513812331,37.036637741837914,100.0,0.010000000707805157,0.3716315031051636,1.0
684,0.7227772496440228,97.35925182462327,40.93158898109552,100.0,0.010000000707805157,0.8653976917266846,1.0
685,0.68921521655559,77.2049299342498,39.8494035611472,100.0,0.010000000707805157,0.6311622858047485,1.0
686,0.6888960739037226,77.25571425077588,39.85159186541823,100.0,0.010000000707805157,0.6308360695838928,1.0
687,0.7181026848430607,91.01923598507331,39.060209094920324,100.0,0.010000000707805157,0.8650569319725037,1.0
688,0.5884187329328604,52.457714152563746,36.7121394811174,100.0,0.010000000707805157,0.38467180728912354,1.0
689,0.5176373312019587,65.69149732854447,41.59320671172279,100.0,0.010000000707805157,0.3701778054237366,1.0
690,0.5883856190202013,52.31633259415816,36.71163636586452,100.0,0.010000000707805157,0.3842231333255768,1.0
691,0.5132501152243418,55.26344651126591,37.04627774184879,100.0,0.010000000707805157,0.3707912266254425,1.0
692,0.77469741313653,88.9793487140119,39.00776069523037,100.0,0.010000000707805157,0.8777933120727539,1.0
693,0.7766389365792665,95.8924533465968,40.96234865862412,100.0,0.010000000707805157,0.8766444325447083,1.0
694,0.517082937816837,65.74044214399241,41.59808852366282,100.0,0.010000000707805157,0.3694343566894531,1.0
695,0.7734857408026717,89.19674293292788,39.01831229039941,100.0,0.010000000707805157,0.8769343495368958,1.0
696,0.774782464588292,96.17551946328362,40.97328274735989,100.0,0.010000000707805157,0.8748862743377686,1.0
697,0.6267954567091325,87.27053350589199,42.303222263864576,100.0,0.010000000707805157,0.613693118095398,1.0
698,0.6869770829845723,77.5822953135263,39.87629775287499,100.0,0.010000000707805157,0.6285161972045898,1.0
699,0.6866708717893559,77.6321713893812,39.87838443637909,100.0,0.010000000707805157,0.6281968355178833,1.0
700,0.6863667116018799,77.6818709205746,39.880464734075154,100.0,0.010000000707805157,0.6278784275054932,1.0
701,0.6860646105693641,77.73140991489547,39.882524067458995,100.0,0.010000000707805157,0.6275608539581299,1.0
702,0.5146614079720849,55.55391564606248,37.068413137416755,100.0,0.010000000707805157,0.371882826089859,1.0
703,0.6243000629650641,79.72978125815368,39.90401099548695,100.0,0.010000000707805157,0.615260899066925,1.0
704,0.6863420765183763,77.65193919650518,39.883455160161944,100.0,0.010000000707805157,0.6273961067199707,1.0
705,0.6245945121233224,87.5410081120082,42.304613678757256,100.0,0.010000000707805157,0.6109079122543335,1.0
706,0.685879521999659,77.72337517182754,39.88928914121469,100.0,0.010000000707805157,0.6267610788345337,1.0
707,0.6856661691146999,68.85846362342153,36.75124276757411,100.0,0.010000000707805157,0.6313632726669312,1.0
708,0.6237134367116751,87.68395316063534,42.3068961444713,100.0,0.010000000707805157,0.6099399924278259,1.0
709,0.685673406229991,68.86680353377307,36.75280487100901,100.0,0.010000000707805157,0.6312928199768066,1.0
710,0.6852599558909831,77.83544763545873,39.895315168312095,100.0,0.010000000707805157,0.6261142492294312,1.0
711,0.5143627133447943,66.32144265644305,41.627568002163926,100.0,0.010000000707805157,0.3663525879383087,1.0
712,0.6227254990813167,87.74472853776601,42.305677103737985,100.0,0.010000000707805157,0.6084717512130737,1.0
713,0.5883502480531286,52.36885496527418,36.737864571264204,100.0,0.010000000707805157,0.38322895765304565,1.0
714,0.5135597873590076,66.2228635077758,41.62713765979997,100.0,0.010000000707805157,0.36532899737358093,1.0
715,0.7717459618944725,89.55805761360972,39.0545164293985,100.0,0.010000000707805157,0.8738051652908325,1.0
716,0.6862925092459177,68.7481192410023,36.7572968744764,100.0,0.010000000707805157,0.6311667561531067,1.0
717,0.37452343264865456,32.96108223070434,37.66468430477168,100.0,0.010000000707805157,0.12314457446336746,1.0
718,0.8492471489068129,100.0457979440919,38.568454997788116,100.0,0.010000000707805157,1.122030258178711,1.0
719,0.5880537813087081,52.33944075643362,36.742827530436976,100.0,0.010000000707805157,0.3826786279678345,1.0
720,0.3740978643094137,32.90569807882469,37.67130485704349,100.0,0.010000000707805157,0.12284320592880249,1.0
721,0.6238745443910275,79.6763449369948,39.91768303599338,100.0,0.010000000707805157,0.6129083633422852,1.0
722,0.514155673543182,55.222833644443995,37.09013185519162,100.0,0.010000000707805157,0.3699365258216858,1.0
723,0.7440230164069441,65.962479662331,36.517004583567314,100.0,0.010000000707805157,0.6425342559814453,1.0
724,0.5134322540737468,66.02364316788088,41.623988335134904,100.0,0.010000000707805157,0.36468076705932617,1.0
725,0.5879255991578276,51.98527271142919,36.74009505632715,100.0,0.010000000707805157,0.3815528154373169,1.0
726,0.6244810034072267,79.49095402436406,39.91202803589036,100.0,0.010000000707805157,0.6125962734222412,1.0
727,0.5879145819187556,51.91649964092197,36.739932402901886,100.0,0.010000000707805157,0.3813263773918152,1.0
728,0.8009277324508307,113.63754661354305,41.49143034608328,100.0,0.010000000707805157,1.0990749597549438,1.0
729,0.6246785645850909,70.87860151401463,36.971870465736885,100.0,0.010000000707805157,0.617469072341919,1.0
730,0.6866642832162677,68.4427634485605,36.75766319203636,100.0,0.010000000707805157,0.629154622554779,1.0
731,0.6235062892677637,70.93885638492321,36.970635826894444,100.0,0.010000000707805157,0.6157885193824768,1.0
732,0.7982821553939186,101.71939836259627,38.62011722853268,100.0,0.010000000707805157,1.1043825149536133,1.0
733,0.6856984588610687,77.64784454208917,39.908334552157655,100.0,0.010000000707805157,0.6246399879455566,1.0
734,0.6212359179841929,71.18596085411357,36.973206980535544,100.0,0.010000000707805157,0.6132277846336365,1.0
735,0.84674545050341,106.67052591364919,40.15318582763185,100.0,0.010000000707805157,1.1127197742462158,1.0
736,0.6197957306392645,71.41232063622039,36.976204066208204,100.0,0.010000000707805157,0.6118893623352051,1.0
737,0.5128654283123752,66.39417932333767,41.66348361730229,100.0,0.010000000707805157,0.36424189805984497,1.0
738,0.893438757770217,98.64863556881281,38.51918594851664,100.0,0.010000000707805157,1.129934310913086,1.0
739,0.5128142796637821,66.56817287440309,41.66860980554547,100.0,0.010000000707805157,0.3642178475856781,1.0
740,0.5117381531905615,55.58897263545497,37.10868900292,100.0,0.010000000707805157,0.36651113629341125,1.0
741,0.8928119864966874,98.7234922174334,38.52180589400002,100.0,0.010000000707805157,1.1291275024414062,1.0
742,0.37552132257803056,32.94650140325222,37.73491764258619,100.0,0.010000000707805157,0.1226714476943016,1.0
743,0.6206972725629193,88.12868958586957,42.32118187399028,100.0,0.010000000707805157,0.6055395603179932,1.0
744,0.6843706561566991,77.93748221588952,39.92835364328691,100.0,0.010000000707805157,0.623436689376831,1.0
745,0.7679812158285617,90.02845135179469,39.07498880873093,100.0,0.010000000707805157,0.8676754236221313,1.0
746,0.6835409195502961,78.12170709407563,39.935284326488734,100.0,0.010000000707805157,0.6229443550109863,1.0
747,0.5879991564555991,52.301270359751086,36.75842257761616,100.0,0.010000000707805157,0.381833553314209,1.0
748,0.5878028231763357,52.253192668365145,36.75940516840522,100.0,0.010000000707805157,0.3814759850502014,1.0
749,0.6835161617617866,78.04595805692315,39.93135897102477,100.0,0.010000000707805157,0.6223306655883789,1.0
750,0.5118722359271107,66.63249481324688,41.66825567425758,100.0,0.010000000707805157,0.36280179023742676,1.0
751,0.5115058280006701,66.55816028637936,41.6674697928547,100.0,0.010000000707805157,0.36235472559928894,1.0
752,0.6201458465402744,80.18790793958803,39.946532092393966,100.0,0.010000000707805157,0.6072144508361816,1.0
753,0.5109302074748184,66.4862056262156,41.669961035508685,100.0,0.010000000707805157,0.36169418692588806,1.0
754,0.8457824158270026,100.41905516960692,38.5886437653027,100.0,0.010000000707805157,1.1127310991287231,1.0
755,0.6842561205330641,68.76579382097555,36.77251372106043,100.0,0.010000000707805157,0.6257389783859253,1.0
756,0.6196615332800274,71.42967980715564,36.991290262012505,100.0,0.010000000707805157,0.6099690794944763,1.0
757,0.6837010982936023,68.79263062250789,36.771644503639635,100.0,0.010000000707805157,0.6248959302902222,1.0
758,0.6187913937262299,80.37917354002079,39.95068395414507,100.0,0.010000000707805157,0.6056350469589233,1.0
759,0.709816635762388,92.15494183516807,39.12702714182815,100.0,0.010000000707805157,0.8487910032272339,1.0
760,0.7091989850225705,105.99180428918532,42.59790560972522,100.0,0.010000000707805157,0.8432213068008423,1.0
761,0.6832078007370695,68.93836256051664,36.77465269586895,100.0,0.010000000707805157,0.6246250867843628,1.0
762,0.6171971265959775,71.68466066735773,36.997971116157686,100.0,0.010000000707805157,0.6068967580795288,1.0
763,0.5883985553651646,52.15295922980123,36.759975753332384,100.0,0.010000000707805157,0.3816044330596924,1.0
764,0.6831522927727579,78.15436497205417,39.95094645575113,100.0,0.010000000707805157,0.621594250202179,1.0
765,0.7079561656438361,106.19710959796427,42.59974852577688,100.0,0.010000000707805157,0.8418200612068176,1.0
766,0.5883733728934057,52.17655441467201,36.76449787998047,100.0,0.010000000707805157,0.38145309686660767,1.0
767,0.7649844289134524,97.71499302153114,41.038294522763124,100.0,0.010000000707805157,0.860358715057373,1.0
768,0.5881345830718294,52.22362556335335,36.76958918065755,100.0,0.010000000707805157,0.38117581605911255,1.0
769,0.5879332890075418,52.17555819688216,36.77050712731809,100.0,0.010000000707805157,0.380817711353302,1.0
770,0.3745211637055757,32.716529147867966,37.81149076260402,100.0,0.010000000707805157,0.1210850402712822,1.0
771,0.6188458676925703,71.43869971049592,37.002099536135255,100.0,0.010000000707805157,0.6074866056442261,1.0
772,0.6180572544214329,71.45697259104482,37.001769684938914,100.0,0.010000000707805157,0.6063085198402405,1.0
773,0.6833023435635686,68.7166147286546,36.77640417888932,100.0,0.010000000707805157,0.622887372970581,1.0
774,0.8705361016452877,77.4414059264217,36.41527347974521,100.0,0.010000000707805157,0.9005398750305176,1.0
775,0.6818036567271011,68.96155990802079,36.781924140357006,100.0,0.010000000707805157,0.6219184994697571,1.0
776,0.6814552072181178,68.99526894063463,36.78247803503062,100.0,0.010000000707805157,0.621520459651947,1.0
777,0.6819220042652374,78.31770728913641,39.95587149463866,100.0,0.010000000707805157,0.6199620962142944,1.0
778,0.6816195346498662,78.36734627385627,39.957778931090296,100.0,0.010000000707805157,0.6196471452713013,1.0
779,0.7642989327378884,97.90031349446026,41.03169619583681,100.0,0.010000000707805157,0.8596321940422058,1.0
780,0.5107757947141998,55.875908219814164,37.14373211438971,100.0,0.010000000707805157,0.36326366662979126,1.0
781,0.5866208685811817,52.201394337817796,36.7853578897721,100.0,0.010000000707805157,0.3791414499282837,1.0
782,0.5864243091334669,52.15397861857255,36.78619496820609,100.0,0.010000000707805157,0.37878796458244324,1.0
783,0.6812144873816479,68.965913036968,36.787725304836826,100.0,0.010000000707805157,0.620695948600769,1.0
784,0.6812826542520123,78.35001492536952,39.956859481007086,100.0,0.010000000707805157,0.618703305721283,1.0
785,0.5105299865317809,55.72824196909743,37.14210629325468,100.0,0.010000000707805157,0.3626243472099304,1.0
786,0.6174770461270774,80.70251491083918,39.95406409512877,100.0,0.010000000707805157,0.6026164293289185,1.0
787,0.5099447516585967,55.63725728055112,37.14314341737415,100.0,0.010000000707805157,0.36185967922210693,1.0
788,0.5104041395895723,66.75142575261947,41.688990030551125,100.0,0.010000000707805157,0.3602063059806824,1.0
789,0.6819744328114277,68.70059839827796,36.78491984986701,100.0,0.010000000707805157,0.6200271844863892,1.0
790,0.6180746238978223,88.64710124924304,42.3011564718366,100.0,0.010000000707805157,0.6006989479064941,1.0
791,0.5097134275296749,66.72889185402406,41.691674138470475,100.0,0.010000000707805157,0.35942304134368896,1.0
792,0.5093388693542088,66.65498376990674,41.69065960929293,100.0,0.010000000707805157,0.35898101329803467,1.0
793,0.37048163608377543,32.21188366863926,37.8585464937529,100.0,0.010000000707805157,0.11848033964633942,1.0
794,0.743142314840205,65.41802254674042,36.52675422707487,100.0,0.010000000707805157,0.6372653245925903,1.0
795,0.6828992750752294,77.79552786499761,39.94704184744178,100.0,0.010000000707805157,0.6176615357398987,1.0
796,0.6182396668878737,80.2899676205016,39.951722416465316,100.0,0.010000000707805157,0.6014195680618286,1.0
797,0.5864076172821615,51.5550272920401,36.78014590297377,100.0,0.010000000707805157,0.3770604729652405,1.0
798,0.5088693046501375,66.46347342740042,41.67961745176529,100.0,0.010000000707805157,0.35811692476272583,1.0
799,0.6830365773970064,77.69506685673393,39.94622671686649,100.0,0.010000000707805157,0.6170551776885986,1.0
800,0.508408241329305,66.44552950074082,41.67903003945692,100.0,0.010000000707805157,0.3575671315193176,1.0
801,0.7120999882394147,91.83669039264466,39.128274372310706,100.0,0.010000000707805157,0.8446964025497437,1.0
802,0.7680693910329927,89.81199522456168,39.089499158968,100.0,0.010000000707805157,0.8599474430084229,1.0
803,0.5080162189468508,66.58293180031552,41.69036978233172,100.0,0.010000000707805157,0.35724616050720215,1.0
804,0.7915306626321269,109.06049394266554,40.16096473588911,100.0,0.010000000707805157,1.082942008972168,1.0
805,0.7087977906975949,92.2635480608676,39.143355071739215,100.0,0.010000000707805157,0.8415682911872864,1.0
806,0.6828936298726209,68.4955642471116,36.78983674813028,100.0,0.010000000707805157,0.6193156242370605,1.0
807,0.5075467041660802,66.79433492416256,41.708920662665925,100.0,0.010000000707805157,0.3569222390651703,1.0
808,0.5869923977470667,51.489537586045024,36.7797598897605,100.0,0.010000000707805157,0.3773205876350403,1.0
809,0.708524426290927,92.2468107364983,39.14199675497925,100.0,0.010000000707805157,0.8404911756515503,1.0
810,0.3697810615953383,32.06524815790813,37.9033587660379,100.0,0.010000000707805157,0.1175500750541687,1.0
811,0.8933710920489282,91.2533991050264,36.65454291828974,100.0,0.010000000707805157,1.1209723949432373,1.0
812,0.7422090708427596,65.50468351833453,36.52959682662077,100.0,0.010000000707805157,0.6364394426345825,1.0
813,0.6811945213479114,78.14575182980197,39.97090106318523,100.0,0.010000000707805157,0.6159603595733643,1.0
814,0.78658001182688,115.96926354601796,41.499358575190115,100.0,0.010000000707805157,1.076775312423706,1.0
815,0.5863540590516875,51.75873324164228,36.79432542035301,100.0,0.010000000707805157,0.37699204683303833,1.0
816,0.6147551973111991,80.91041219617007,39.979067268065904,100.0,0.010000000707805157,0.5974563360214233,1.0
817,0.5071437238471415,67.05568103959524,41.71877282308437,100.0,0.010000000707805157,0.3563604950904846,1.0
818,0.6146643064256173,80.82073156914691,39.98112775240849,100.0,0.010000000707805157,0.5969103574752808,1.0
819,0.6805876223299909,78.24496292166234,39.983243469814205,100.0,0.010000000707805157,0.6150126457214355,1.0
820,0.7639629020494659,90.46095671332255,39.11553499950491,100.0,0.010000000707805157,0.8557474613189697,1.0
821,0.7630723319948611,90.61393315330045,39.1194428598517,100.0,0.010000000707805157,0.8552483320236206,1.0
822,0.680697866446637,68.84231953750019,36.802691604881375,100.0,0.010000000707805157,0.6170538663864136,1.0
823,0.37293521562073145,32.30958201372318,37.93650771903004,100.0,0.010000000707805157,0.11838129907846451,1.0
824,0.6810663400540435,68.68867505507554,36.80052644431999,100.0,0.010000000707805157,0.6166937351226807,1.0
825,0.506772120409742,67.12758420254822,41.722958514615065,100.0,0.010000000707805157,0.35580170154571533,1.0
826,0.6800250627727781,78.31476229850887,39.98668298285717,100.0,0.010000000707805157,0.6141937375068665,1.0
827,0.5062986488439445,67.10497903901788,41.72198163410634,100.0,0.010000000707805157,0.3552495241165161,1.0
828,0.7653405631954071,82.15594227757498,36.80181839145139,100.0,0.010000000707805157,0.857567548751831,1.0
829,0.6122269468638852,89.39879595928896,42.30567544906034,100.0,0.010000000707805157,0.5932148098945618,1.0
830,0.7630020283238239,90.59021385609765,39.12199761947882,100.0,0.010000000707805157,0.8539998531341553,1.0
831,0.7022292214230366,100.49144676124061,40.996790246715314,100.0,0.010000000707805157,0.8322622776031494,1.0
832,0.5080607547349903,55.63512085651277,37.18906227179739,100.0,0.010000000707805157,0.35747018456459045,1.0
833,0.8179250769538545,79.78593234147613,36.622747149008504,100.0,0.010000000707805157,0.875086784362793,1.0
834,0.7011338626963785,100.69909622005953,41.00171029329435,100.0,0.010000000707805157,0.8314012289047241,1.0
835,0.5077359451340564,55.76112953731887,37.192157388155024,100.0,0.010000000707805157,0.35702452063560486,1.0
836,0.6117016994160248,81.33564566279705,40.00270329859741,100.0,0.010000000707805157,0.5934088230133057,1.0
837,0.6114557919283136,81.3371504469393,40.004685343489264,100.0,0.010000000707805157,0.5930342078208923,1.0
838,0.5049797219937552,67.41568154071719,41.75157031875059,100.0,0.010000000707805157,0.35399430990219116,1.0
839,0.5867432072343239,51.52751853206831,36.79573888024596,100.0,0.010000000707805157,0.37640655040740967,1.0
840,0.6134978718665479,71.72762634867883,37.041461286642935,100.0,0.010000000707805157,0.5949573516845703,1.0
841,0.6794087117296783,78.44631318608397,40.005943162182604,100.0,0.010000000707805157,0.6131758689880371,1.0
842,0.5865232248097034,51.47916943846361,36.79659105367187,100.0,0.010000000707805157,0.37601470947265625,1.0
843,0.6132356517867377,71.70764319823775,37.04089922109692,100.0,0.010000000707805157,0.5942296981811523,1.0
844,0.6103397259473459,89.57589006834365,42.31503125356701,100.0,0.010000000707805157,0.5907950401306152,1.0
845,0.8187454146983558,79.61158740213737,36.61855223320673,100.0,0.010000000707805157,0.8742532730102539,1.0
846,0.7410316381678481,65.5109448266753,36.53350842164731,100.0,0.010000000707805157,0.6346554756164551,1.0
847,0.7020300988742656,85.20106818713472,36.97586076717552,100.0,0.010000000707805157,0.8316650390625,1.0
848,0.7599868002443132,82.70234922612083,36.80999050116619,100.0,0.010000000707805157,0.8502131104469299,1.0
849,0.5055151943159407,55.880935280376036,37.19726584483221,100.0,0.010000000707805157,0.35402002930641174,1.0
850,0.6991298513363347,93.46235419432423,39.16455380213442,100.0,0.010000000707805157,0.8275272846221924,1.0
851,0.677704415512976,69.0185626778461,36.80909226993563,100.0,0.010000000707805157,0.6117516756057739,1.0
852,0.5858524215457008,51.69092101475476,36.806380613487086,100.0,0.010000000707805157,0.3756430745124817,1.0
853,0.6098376589122343,81.53562045539954,39.9976767148794,100.0,0.010000000707805157,0.5904008150100708,1.0
854,0.5056235336034108,67.47586259191769,41.75934678254053,100.0,0.010000000707805157,0.35427266359329224,1.0
855,0.6993017762529159,100.84661130699635,40.99702734837392,100.0,0.010000000707805157,0.8273705840110779,1.0
856,0.8837990685998542,99.74556320456689,38.582997813659794,100.0,0.010000000707805157,1.1076600551605225,1.0
857,0.5858280199963252,51.77274576296606,36.81169897637855,100.0,0.010000000707805157,0.37562447786331177,1.0
858,0.6088166130915162,81.76848348846815,40.008398508776935,100.0,0.010000000707805157,0.5894511342048645,1.0
859,0.6079700113202025,72.35352282505715,37.049525339808774,100.0,0.010000000707805157,0.5878482460975647,1.0
860,0.6777650530160215,78.87776860797067,40.02618172148995,100.0,0.010000000707805157,0.6122967004776001,1.0
861,0.7575163373925956,91.33380696186804,39.14114265883765,100.0,0.010000000707805157,0.8471029996871948,1.0
862,0.5051230159927615,67.8243570141998,41.77634885599086,100.0,0.010000000707805157,0.35374385118484497,1.0
863,0.6964600394618669,101.35413117781269,41.01138226327072,100.0,0.010000000707805157,0.8248058557510376,1.0
864,0.7567396578984571,91.47679055450595,39.14998153331593,100.0,0.010000000707805157,0.8463841676712036,1.0
865,0.6069668066049785,82.08718612442564,40.0247581689292,100.0,0.010000000707805157,0.5875760912895203,1.0
866,0.5860860024117144,51.77577891080346,36.81326421443127,100.0,0.010000000707805157,0.3757256269454956,1.0
867,0.8127953982299088,80.26952017435572,36.62955981080505,100.0,0.010000000707805157,0.868328869342804,1.0
868,0.7551857639090337,91.72956962817017,39.15379022069245,100.0,0.010000000707805157,0.845221757888794,1.0
869,0.6057160998046887,72.81110759933365,37.05885738171823,100.0,0.010000000707805157,0.5855440497398376,1.0
870,0.7377380671978578,65.9850371839802,36.54519126690647,100.0,0.010000000707805157,0.6328972578048706,1.0
871,0.6074594050952244,90.88479702328769,42.354520914633625,100.0,0.010000000707805157,0.5896521210670471,1.0
872,0.7533522720945733,83.49226922430928,36.824614643342166,100.0,0.010000000707805157,0.8423141241073608,1.0
873,0.8096996763712462,89.4490074120631,39.13030785824777,100.0,0.010000000707805157,0.8676719665527344,1.0
874,0.3780307355074737,32.57200415398278,38.05682022335932,100.0,0.010000000707805157,0.11870414018630981,1.0
875,0.37642086924534685,32.4149440214938,38.05642827519225,100.0,0.010000000707805157,0.11799773573875427,1.0
876,0.8107264889204892,89.20392163031893,39.123577637021086,100.0,0.010000000707805157,0.8672922849655151,1.0
877,0.6745893991301909,79.51782703508016,40.04991236539272,100.0,0.010000000707805157,0.6096521019935608,1.0
878,0.8083789388128978,80.69668896625126,36.64599538800281,100.0,0.010000000707805157,0.8638826608657837,1.0
879,0.606157652173724,82.63476587096136,40.02425431687999,100.0,0.010000000707805157,0.5869978666305542,1.0
880,0.6730578557652914,69.71806344915075,36.83433513959246,100.0,0.010000000707805157,0.6069802045822144,1.0
881,0.7527709895031872,100.02129580575327,41.09093379089346,100.0,0.010000000707805157,0.8448014855384827,1.0
882,0.6905552628954639,86.6893975977095,36.994285019276475,100.0,0.010000000707805157,0.8176380395889282,1.0
883,0.5054968231821415,68.6167545887191,41.79886272149815,100.0,0.010000000707805157,0.35367703437805176,1.0
884,0.8723830314649783,93.35242620142716,36.69162165932575,100.0,0.010000000707805157,1.0947617292404175,1.0
885,0.6874253738779728,87.00834296732222,36.996082298130155,100.0,0.010000000707805157,0.8139339685440063,1.0
886,0.8219304212116487,117.39489924230972,41.62704182572628,100.0,0.010000000707805157,1.0802421569824219,1.0
887,0.6048652166561854,91.98014253743426,42.38418825582282,100.0,0.010000000707805157,0.5883132219314575,1.0
888,0.505208842614605,69.04331310102538,41.82114388288557,100.0,0.010000000707805157,0.35340481996536255,1.0
889,0.6719509424582396,80.23473321925798,40.083483362943035,100.0,0.010000000707805157,0.6083039045333862,1.0
890,0.3805690967388728,32.746416061749954,38.09452748148896,100.0,0.010000000707805157,0.11916563659906387,1.0
891,0.7339745867700617,66.37234329314326,36.569006486198425,100.0,0.010000000707805157,0.6294556260108948,1.0
892,0.6718936600015453,80.14538182087539,40.07789076338819,100.0,0.010000000707805157,0.6076761484146118,1.0
893,0.6716229616765705,80.18840955011538,40.07940630723522,100.0,0.010000000707805157,0.6073721647262573,1.0
894,0.7487680353239807,92.79725619706194,39.184176880367644,100.0,0.010000000707805157,0.8392032384872437,1.0
895,0.748024853361477,92.93339230127481,39.18778425212634,100.0,0.010000000707805157,0.838766872882843,1.0
896,0.5047488471611851,69.1803355213136,41.81691135384239,100.0,0.010000000707805157,0.3526434004306793,1.0
897,0.8549037216584123,78.26774270608118,36.460426726177886,100.0,0.010000000707805157,0.8821430802345276,1.0
898,0.9137334267246356,91.43303084229171,36.56451276905894,100.0,0.010000000707805157,1.1114535331726074,1.0
899,0.5060077855713088,69.53009099494092,41.81499317371449,100.0,0.010000000707805157,0.3536152243614197,1.0
900,0.8643986137300755,94.26292800962834,36.713846643225516,100.0,0.010000000707805157,1.0881168842315674,1.0
901,0.5054186635978463,57.42493893991862,37.24520950934907,100.0,0.010000000707805157,0.35128623247146606,1.0
902,0.38439500979773034,33.05437526186882,38.111715067518766,100.0,0.010000000707805157,0.12027888000011444,1.0
903,0.6032395045695668,83.65524364678984,40.044727768597404,100.0,0.010000000707805157,0.5842076539993286,1.0
904,0.6695583106203161,80.6378445671374,40.09091327783144,100.0,0.010000000707805157,0.6057630777359009,1.0
905,0.8649986007961035,102.07756127831274,38.645675486579805,100.0,0.010000000707805157,1.089323878288269,1.0
906,0.5050055538973927,57.34935217220012,37.24713317490301,100.0,0.010000000707805157,0.3505954444408417,1.0
907,0.5057245845746137,69.46275961405499,41.81303748931224,100.0,0.010000000707805157,0.35313504934310913,1.0
908,0.3825841110924694,32.85061351855442,38.12126698357318,100.0,0.010000000707805157,0.11929895728826523,1.0
909,0.6881100571052352,103.4831673189082,41.03106708174582,100.0,0.010000000707805157,0.8173002004623413,1.0
910,0.5041002978171686,57.02969262981009,37.24817904501582,100.0,0.010000000707805157,0.3495033383369446,1.0
911,0.7302335879669004,66.56630559411224,36.595476382090105,100.0,0.010000000707805157,0.6247725486755371,1.0
912,0.6689048996550594,70.26607833538846,36.86051607251538,100.0,0.010000000707805157,0.601942241191864,1.0
913,0.745261770077242,84.47990936394066,36.851296999376444,100.0,0.010000000707805157,0.8323314785957336,1.0
914,0.5053799688666645,69.29790989593408,41.807290039587016,100.0,0.010000000707805157,0.35260844230651855,1.0
915,0.3809001132460757,32.653875812887804,38.130219750358194,100.0,0.010000000707805157,0.1183575987815857,1.0
916,0.7480467474306812,100.88231927919377,41.1009775804357,100.0,0.010000000707805157,0.8391140699386597,1.0
917,0.6028449368612221,83.49237122344685,40.04192450752461,100.0,0.010000000707805157,0.5822733640670776,1.0
918,0.6026140584502591,83.48084669095734,40.043668967296185,100.0,0.010000000707805157,0.5819041132926941,1.0
919,0.3795881093638698,32.508814270454145,38.139181146724866,100.0,0.010000000707805157,0.11767005920410156,1.0
920,0.5034827837633498,68.95537374537876,41.80130525200364,100.0,0.010000000707805157,0.350692480802536,1.0
921,0.37706380072189155,32.256456467690924,38.13952936445193,100.0,0.010000000707805157,0.11656075716018677,1.0
922,0.6895199437742827,95.12364457954995,39.19614941039101,100.0,0.010000000707805157,0.812770426273346,1.0
923,0.688510968870622,95.22960459448586,39.199283580879694,100.0,0.010000000707805157,0.8116718530654907,1.0
924,0.6875100944968826,95.33497024447038,39.20238905822722,100.0,0.010000000707805157,0.8105798959732056,1.0
925,0.376626138219285,32.197661982122604,38.15110553361665,100.0,0.010000000707805157,0.11627654731273651,1.0
926,0.6706862715948504,69.61527862367674,36.85015512367001,100.0,0.010000000707805157,0.6006457209587097,1.0
927,0.6007386978708787,73.2526299355249,37.08477198614092,100.0,0.010000000707805157,0.5752938985824585,1.0
928,0.8061249285069971,89.65529016219428,39.15671604336215,100.0,0.010000000707805157,0.8600229024887085,1.0
929,0.5822737506827367,51.86998722674159,36.86343672408536,100.0,0.010000000707805157,0.3702680170536041,1.0
930,0.5820440924864392,51.8228755831494,36.86375997097746,100.0,0.010000000707805157,0.3699116110801697,1.0
931,0.5818202665246844,51.77622367926632,36.86407310643139,100.0,0.010000000707805157,0.36955904960632324,1.0
932,0.5027847473137408,68.62496001242312,41.79156333384812,100.0,0.010000000707805157,0.34972018003463745,1.0
933,0.5816822815996133,51.627265578232866,36.860910086657775,100.0,0.010000000707805157,0.36910462379455566,1.0
934,0.7677218268900501,119.4033895797248,41.48808006987295,100.0,0.010000000707805157,1.0495855808258057,1.0
935,0.6013191681057887,73.17463457601708,37.08571308512051,100.0,0.010000000707805157,0.5751862525939941,1.0
936,0.7498711561197751,100.4243745366263,41.08636808338276,100.0,0.010000000707805157,0.8378141522407532,1.0
937,0.7481353812780057,92.61419260229334,39.183769483114936,100.0,0.010000000707805157,0.8328831195831299,1.0
938,0.6011988490266201,83.26248342102883,40.04298652052181,100.0,0.010000000707805157,0.5782504677772522,1.0
939,0.6016370487537327,92.10405479959513,42.33216337438196,100.0,0.010000000707805157,0.5819282531738281,1.0
940,0.6859696005526031,95.50245679934586,39.21107586428087,100.0,0.010000000707805157,0.8072104454040527,1.0
941,0.7607896672462189,113.58242337075725,40.21996397420569,100.0,0.010000000707805157,1.0391795635223389,1.0
942,0.6834644881653705,95.82714250552824,39.222126215754365,100.0,0.010000000707805157,0.8048685193061829,1.0
943,0.7326809990871512,66.02460320101049,36.569629619122296,100.0,0.010000000707805157,0.6255852580070496,1.0
944,0.6825560701082032,96.00273420282363,39.22306865067344,100.0,0.010000000707805157,0.8041545152664185,1.0
945,0.4998046551546091,56.95052425334814,37.27456524466341,100.0,0.010000000707805157,0.3434884548187256,1.0
946,0.6682412386798166,69.98275961021476,36.86176721095492,100.0,0.010000000707805157,0.5977562665939331,1.0
947,0.815571803259014,118.45800853482031,41.621109985596014,100.0,0.010000000707805157,1.0682218074798584,1.0
948,0.6675936039296868,70.1771211245124,36.867273895436696,100.0,0.010000000707805157,0.5976508855819702,1.0
949,0.5986904046972807,92.88247998407283,42.36940014805686,100.0,0.010000000707805157,0.5798866748809814,1.0
950,0.5005224262823944,69.51702197893249,41.850017168536326,100.0,0.010000000707805157,0.34754058718681335,1.0
951,0.7442655166221854,101.46468549414595,41.13394537381016,100.0,0.010000000707805157,0.833255410194397,1.0
952,0.5968769505070054,93.03283293742318,42.37153914776374,100.0,0.010000000707805157,0.5778207778930664,1.0
953,0.4993261871519307,69.60772769371093,41.8556893147375,100.0,0.010000000707805157,0.34638485312461853,1.0
954,0.7431446083829164,101.58621059134131,41.139401529977405,100.0,0.010000000707805157,0.8314828872680664,1.0
955,0.7420204865444615,101.78610127932578,41.14597308014143,100.0,0.010000000707805157,0.8305593729019165,1.0
956,0.7426650134444381,93.63078059689883,39.23680720906896,100.0,0.010000000707805157,0.8281809687614441,1.0
957,0.8073841997966845,119.61434079031365,41.65230746909208,100.0,0.010000000707805157,1.058922529220581,1.0
958,0.6677434056258668,70.40380236275384,36.881073699240346,100.0,0.010000000707805157,0.5985857844352722,1.0
959,0.808792605290634,105.28936955714835,38.7351250619027,100.0,0.010000000707805157,1.0548425912857056,1.0
960,0.675283947577397,105.34087426117864,41.093249074547124,100.0,0.010000000707805157,0.8014407753944397,1.0
961,0.7407604504604139,85.09568548733426,36.88271313665293,100.0,0.010000000707805157,0.8248062133789062,1.0
962,0.501288023078283,57.59077667362191,37.307852463841144,100.0,0.010000000707805157,0.34408020973205566,1.0
963,0.5941020437414032,84.87254670688571,40.1209804985676,100.0,0.010000000707805157,0.571935772895813,1.0
964,0.5830387539058374,52.36586231888474,36.888812938679486,100.0,0.010000000707805157,0.37102222442626953,1.0
965,0.5005257857949241,57.41258781220838,37.30609037187845,100.0,0.010000000707805157,0.34321343898773193,1.0
966,0.8600043619175277,110.44967706984741,40.34681399355466,100.0,0.010000000707805157,1.0824494361877441,1.0
967,0.38310365206540764,32.63296750218845,38.252976006563905,100.0,0.010000000707805157,0.11739296466112137,1.0
968,0.7379684277205503,102.58770727503928,41.1726750180757,100.0,0.010000000707805157,0.8273159265518188,1.0
969,0.6663835672924078,70.55949578443206,36.88738811913351,100.0,0.010000000707805157,0.596756100654602,1.0
970,0.5939973951892346,84.87195568153409,40.12018411440534,100.0,0.010000000707805157,0.5713120102882385,1.0
971,0.8595125319894893,102.90597959656836,38.70205164347329,100.0,0.010000000707805157,1.0782368183135986,1.0
972,0.5933978741803979,85.11621403786248,40.126540624991684,100.0,0.010000000707805157,0.5709875822067261,1.0
973,0.5824376867009017,52.438590702042866,36.8992385114037,100.0,0.010000000707805157,0.3702169358730316,1.0
974,0.6654536609671029,70.68207841024987,36.89148545346488,100.0,0.010000000707805157,0.5957094430923462,1.0
975,0.5005038178045166,57.5379958436388,37.31184110933592,100.0,0.010000000707805157,0.34265458583831787,1.0
976,0.38206336031671206,32.4916981949745,38.26341603177064,100.0,0.010000000707805157,0.11666277050971985,1.0
977,0.4978346918181045,70.21882943685162,41.87747105272526,100.0,0.010000000707805157,0.3444470763206482,1.0
978,0.6665205549921122,70.28059798143192,36.88437554829194,100.0,0.010000000707805157,0.5952938795089722,1.0
979,0.7479463036264972,122.34697919241806,41.563530971644816,100.0,0.010000000707805157,1.02801513671875,1.0
980,0.7370985933329449,102.70292455144973,41.17328897927752,100.0,0.010000000707805157,0.8255330324172974,1.0
981,0.5902631129061969,94.32668503380839,42.395497568008,100.0,0.010000000707805157,0.5711603760719299,1.0
982,0.582376532355305,52.148822676931594,36.892206075626845,100.0,0.010000000707805157,0.36953288316726685,1.0
983,0.7410026555707204,84.87375904426047,36.88861784717571,100.0,0.010000000707805157,0.821754515171051,1.0
984,0.6749545468630408,97.35723571696496,39.28293562905854,100.0,0.010000000707805157,0.7948150038719177,1.0
985,0.7391923150803003,85.09360000044532,36.89094956632341,100.0,0.010000000707805157,0.819848895072937,1.0
986,0.6731757033160216,97.58277727597769,39.28523869647881,100.0,0.010000000707805157,0.792983889579773,1.0
987,0.6644941111957622,70.72823767462687,36.894456385600556,100.0,0.010000000707805157,0.5937949419021606,1.0
988,0.7352506940817607,103.1558371692969,41.191162096069895,100.0,0.010000000707805157,0.8246302008628845,1.0
989,0.4972938112160276,70.81401077805555,41.90876955258328,100.0,0.010000000707805157,0.34369462728500366,1.0
990,0.7289008506717142,66.47181621923804,36.58691226191357,100.0,0.010000000707805157,0.6226770877838135,1.0
991,0.5818239860149015,52.343783135010035,36.90363304493153,100.0,0.010000000707805157,0.3690682351589203,1.0
992,0.5916718824894053,85.24969372347775,40.12978977153352,100.0,0.010000000707805157,0.5678755640983582,1.0
993,0.7361948366441889,94.6379707200475,39.27172396398041,100.0,0.010000000707805157,0.8203943967819214,1.0
994,0.7355306785148431,94.76594862044033,39.27510840635712,100.0,0.010000000707805157,0.8199938535690308,1.0
995,0.5908799317841126,85.47202753053371,40.137319145495454,100.0,0.010000000707805157,0.5672048330307007,1.0
996,0.5817372194973329,52.353114754616655,36.90548097049256,100.0,0.010000000707805157,0.3688918948173523,1.0
997,0.671907972279548,97.82828462509278,39.28954989593798,100.0,0.010000000707805157,0.7909867763519287,1.0
998,0.7336291832993338,103.42937077480674,41.19534911319471,100.0,0.010000000707805157,0.8225886821746826,1.0
999,0.6615231818813532,82.06361219957992,40.2006917474047,100.0,0.010000000707805157,0.5951951146125793,1.0
1000,0.4965849887984283,71.036805658952,41.911562654064305,100.0,0.010000000707805157,0.34272292256355286,1.0
1001,0.6690690444272038,106.3447582718231,41.10505554224516,100.0,0.010000000707805157,0.7925153374671936,1.0
1002,0.6637561655459211,70.81753189453909,36.90429825936651,100.0,0.010000000707805157,0.5925276279449463,1.0
1003,0.7275589170713004,66.54601258610965,36.594715340466855,100.0,0.010000000707805157,0.6210958361625671,1.0
1004,0.4992166988803889,57.76413554480069,37.33531660191328,100.0,0.010000000707805157,0.3399236798286438,1.0
1005,0.5921613058565763,74.87978659468044,37.15680088929442,100.0,0.010000000707805157,0.5629546642303467,1.0
1006,0.7344658661822614,94.87991564114222,39.28098776785136,100.0,0.010000000707805157,0.8178579211235046,1.0
1007,0.4982213386020035,57.750840541138814,37.336072272934175,100.0,0.010000000707805157,0.3388242721557617,1.0
1008,0.6674467600319646,114.0859251899175,42.60032492590263,100.0,0.010000000707805157,0.7954926490783691,1.0
1009,0.498055848779173,57.68097559107371,37.33913929469066,100.0,0.010000000707805157,0.33859139680862427,1.0
1010,0.6634339850853529,70.67584447285128,36.90251678016737,100.0,0.010000000707805157,0.5910537838935852,1.0
1011,0.590812824358123,74.85135967146523,37.16069993296966,100.0,0.010000000707805157,0.5606107711791992,1.0
1012,0.5889839425365978,85.44036059352148,40.13947040518448,100.0,0.010000000707805157,0.563801109790802,1.0
1013,0.7287783231900382,66.22197615467645,36.57986028595328,100.0,0.010000000707805157,0.6213687062263489,1.0
1014,0.740266543832824,116.65527861963577,40.29278814176513,100.0,0.010000000707805157,1.0128722190856934,1.0
1015,0.7278443317268319,66.39797083900518,36.5862314058771,100.0,0.010000000707805157,0.6209403872489929,1.0
1016,0.5811094400385595,52.25666009378385,36.90826789082979,100.0,0.010000000707805157,0.3677530586719513,1.0
1017,0.4970311163739654,57.739706957014256,37.33958358916393,100.0,0.010000000707805157,0.33720293641090393,1.0
1018,0.7344034959896341,85.44811798606305,36.905402503883344,100.0,0.010000000707805157,0.8110519051551819,1.0
1019,0.6681904940752481,98.17213524666688,39.291265514001715,100.0,0.010000000707805157,0.784503698348999,1.0
1020,0.7326779765891563,103.63767937332618,41.19746882720354,100.0,0.010000000707805157,0.8208988904953003,1.0
1021,0.7324288349131366,85.7468658592375,36.910438328614156,100.0,0.010000000707805157,0.8094262480735779,1.0
1022,0.6604714180985459,71.09190262750631,36.91242210795292,100.0,0.010000000707805157,0.5878900289535522,1.0
1023,0.49641509696409747,71.18382329101131,41.92141169710514,100.0,0.010000000707805157,0.34211280941963196,1.0
1024,0.7916874609683561,82.06968409880548,36.7011330590542,100.0,0.010000000707805157,0.8397652506828308,1.0
1025,0.7902188513318377,82.24986444377565,36.706443495484216,100.0,0.010000000707805157,0.838590145111084,1.0
1026,0.38524293731179143,32.56550708397583,38.34245671156961,100.0,0.010000000707805157,0.11627177894115448,1.0
1027,0.7905090601290145,91.99624504933401,39.27589957496792,100.0,0.010000000707805157,0.8444812297821045,1.0
1028,0.659119947882465,71.24399947242317,36.919131254137845,100.0,0.010000000707805157,0.5863884091377258,1.0
1029,0.4972038449714929,71.29603196678792,41.91085473165858,100.0,0.010000000707805157,0.34253430366516113,1.0
1030,0.7307645745302571,95.36998954507581,39.283990368989095,100.0,0.010000000707805157,0.8129228353500366,1.0
1031,0.7368076713281169,131.35126314108086,42.702991423474394,100.0,0.010000000707805157,1.0220856666564941,1.0
1032,0.49617462432949827,71.53043199357198,41.92447047409121,100.0,0.010000000707805157,0.34152576327323914,1.0
1033,0.4965806277274973,58.04995230304908,37.351849972154085,100.0,0.010000000707805157,0.33591634035110474,1.0
1034,0.7248215186488467,66.54788102531437,36.60478760508714,100.0,0.010000000707805157,0.6172834038734436,1.0
1035,0.587132789157299,86.10434206974234,40.14365526219705,100.0,0.010000000707805157,0.5614343881607056,1.0
1036,0.5796797313174245,52.304660810960435,36.92334105606135,100.0,0.010000000707805157,0.3658691644668579,1.0
1037,0.6663509707960974,98.59330357841847,39.2971272784658,100.0,0.010000000707805157,0.7817016839981079,1.0
1038,0.7243613745458607,66.53849579659953,36.60704989603511,100.0,0.010000000707805157,0.6165622472763062,1.0
1039,0.5869428571378399,86.12830582061484,40.14082781349022,100.0,0.010000000707805157,0.5609937906265259,1.0
1040,0.665254936938381,107.13923665602533,41.09274552808437,100.0,0.010000000707805157,0.7866113185882568,1.0
1041,0.6586163988457225,82.4546474929121,40.219922919156815,100.0,0.010000000707805157,0.5911210775375366,1.0
1042,0.5862603859774346,86.2144175433048,40.14915037574339,100.0,0.010000000707805157,0.5601908564567566,1.0
1043,0.7935764691067573,114.96555738735903,40.3446795199969,100.0,0.010000000707805157,1.0362070798873901,1.0
1044,0.6578416560544614,82.66708675466653,40.23047150275967,100.0,0.010000000707805157,0.5905565619468689,1.0
1045,0.7283006577666175,95.80846890741006,39.308713434957845,100.0,0.010000000707805157,0.809974193572998,1.0
1046,0.8469578246534877,95.68740234304208,36.77143903934405,100.0,0.010000000707805157,1.0547386407852173,1.0
1047,0.584398789272731,96.44557848118934,42.4178565136701,100.0,0.010000000707805157,0.5652774572372437,1.0
1048,0.7220421575460845,66.94242708944896,36.62356696828229,100.0,0.010000000707805157,0.6152660846710205,1.0
1049,0.7211331852794376,67.02920535084749,36.63134852872913,100.0,0.010000000707805157,0.6143043041229248,1.0
1050,0.7842902141632526,82.85124713195297,36.7344697258895,100.0,0.010000000707805157,0.8324658274650574,1.0
1051,0.49675286164996657,72.18773221206037,41.929568154224064,100.0,0.010000000707805157,0.3412325084209442,1.0
1052,0.7247299614344247,105.20128762921279,41.222391754645706,100.0,0.010000000707805157,0.8134206533432007,1.0
1053,0.5863417525098263,76.07993287426339,37.1853586580085,100.0,0.010000000707805157,0.554774284362793,1.0
1054,0.5849120680536021,86.99283208985554,40.16424480097477,100.0,0.010000000707805157,0.5592193007469177,1.0
1055,0.49671151923484264,58.49993698732055,37.367790660332446,100.0,0.010000000707805157,0.33479374647140503,1.0
1056,0.655999240367255,83.05644858857232,40.24052051851571,100.0,0.010000000707805157,0.5888271927833557,1.0
1057,0.38698583416935756,32.586252304580086,38.38414929325906,100.0,0.010000000707805157,0.11587338894605637,1.0
1058,0.5839582475561251,96.33867148209885,42.391715171353454,100.0,0.010000000707805157,0.5640738010406494,1.0
1059,0.7214839334539831,66.70937211652591,36.626128093815545,100.0,0.010000000707805157,0.6132163405418396,1.0
1060,0.577981260938734,52.46275705268998,36.94822987583245,100.0,0.010000000707805157,0.36363863945007324,1.0
1061,0.4962475422422298,58.14825693656397,37.36129288139574,100.0,0.010000000707805157,0.3341955542564392,1.0
1062,0.7862346342912987,82.33579350824665,36.72931462473484,100.0,0.010000000707805157,0.8314307332038879,1.0
1063,0.6627902532842838,107.8482180014666,41.08861569089702,100.0,0.010000000707805157,0.7834178805351257,1.0
1064,0.5849317336886192,86.6917726840515,40.152582604438045,100.0,0.010000000707805157,0.5580810904502869,1.0
1065,0.7852628027876039,82.47982238017049,36.73232289704171,100.0,0.010000000707805157,0.8307613134384155,1.0
1066,0.7886845125091636,115.81533488290427,40.35090028308941,100.0,0.010000000707805157,1.0306079387664795,1.0
1067,0.7871572814547806,116.09188755196993,40.360362382333356,100.0,0.010000000707805157,1.0296077728271484,1.0
1068,0.5847916069606038,76.21061889116021,37.19333379414109,100.0,0.010000000707805157,0.5519504547119141,1.0
1069,0.6594137324999765,108.56696256431924,41.11343326816917,100.0,0.010000000707805157,0.7807457447052002,1.0
1070,0.6586335317327885,108.67054091762411,41.11994604410428,100.0,0.010000000707805157,0.7799325585365295,1.0
1071,0.6551082746592681,71.82325833800309,36.950761565601724,100.0,0.010000000707805157,0.5812445282936096,1.0
1072,0.8904403494728442,102.18991799215445,38.75238133240253,100.0,0.010000000707805157,1.0830459594726562,1.0
1073,0.3909797611314081,32.88953661425384,38.410463088182844,100.0,0.010000000707805157,0.11690086126327515,1.0
1074,0.5828999077925563,87.41934230471126,40.17506817577426,100.0,0.010000000707805157,0.5563468933105469,1.0
1075,0.5776207998676582,52.75793232547583,36.96548643155165,100.0,0.010000000707805157,0.3632594347000122,1.0
1076,0.5773503082424019,52.70258964792393,36.965225772489774,100.0,0.010000000707805157,0.36288827657699585,1.0
1077,0.6546895750094138,71.72163561007784,36.952003916007335,100.0,0.010000000707805157,0.5800890922546387,1.0
1078,0.780750143670033,93.19764000374941,39.331764920378966,100.0,0.010000000707805157,0.8330674171447754,1.0
1079,0.7801967405951973,83.07365356971539,36.75344065319279,100.0,0.010000000707805157,0.8261364698410034,1.0
1080,0.6526697195556984,83.71119581250898,40.257561615529774,100.0,0.010000000707805157,0.5852913856506348,1.0
1081,0.7273552677337416,111.64058758351058,38.8303849786857,100.0,0.010000000707805157,0.9913398027420044,1.0
1082,0.5828258811601116,76.6115433845605,37.20026162900401,100.0,0.010000000707805157,0.549241840839386,1.0
1083,0.6527290844486865,83.75784282584576,40.26252216267437,100.0,0.010000000707805157,0.5855275392532349,1.0
1084,0.39021136944624274,32.76434111849741,38.41375666192017,100.0,0.010000000707805157,0.11623966693878174,1.0
1085,0.721591898696486,96.83963230747902,39.32821967122774,100.0,0.010000000707805157,0.8017776012420654,1.0
1086,0.49538900102262023,58.77057595911163,37.38064495393209,100.0,0.010000000707805157,0.33190739154815674,1.0
1087,0.7215821058736763,105.76326167813316,41.22026187403838,100.0,0.010000000707805157,0.8088468313217163,1.0
1088,0.49479022234367387,72.57516437461815,41.92795140180969,100.0,0.010000000707805157,0.3385266959667206,1.0
1089,0.6533489794889572,71.80791199198765,36.958390511954214,100.0,0.010000000707805157,0.5780242085456848,1.0
1090,0.3876133198871155,32.48849156162535,38.41452879556326,100.0,0.010000000707805157,0.11502692103385925,1.0
1091,0.6531473521130563,83.30678532205789,40.246668832915056,100.0,0.010000000707805157,0.584467887878418,1.0
1092,0.38592189335565774,32.31704940706918,38.41182933692414,100.0,0.010000000707805157,0.11429791897535324,1.0
1093,0.6541482247747293,71.42309059963002,36.95120737244648,100.0,0.010000000707805157,0.577579140663147,1.0
1094,0.7810709659971543,92.89237492549717,39.32287188864014,100.0,0.010000000707805157,0.8310010433197021,1.0
1095,0.3854535351890729,32.25439007050388,38.409662126647135,100.0,0.010000000707805157,0.11400970816612244,1.0
1096,0.7168741259277515,66.65375077777688,36.65266444442277,100.0,0.010000000707805157,0.6061888337135315,1.0
1097,0.49355942348460774,72.10224315380901,41.89037994712574,100.0,0.010000000707805157,0.3373780846595764,1.0
1098,0.7245139530122834,86.33446968855856,36.94618272050198,100.0,0.010000000707805157,0.7945670485496521,1.0
1099,0.7802492213758483,92.8982683018904,39.32071545887509,100.0,0.010000000707805157,0.8294577598571777,1.0
1100,0.6522841987980494,83.2903536024001,40.23573319398009,100.0,0.010000000707805157,0.5828778147697449,1.0
1101,0.6520563266190745,83.32101177068044,40.236348370131175,100.0,0.010000000707805157,0.5825893878936768,1.0
1102,0.4936341268502547,72.28608193001558,41.88819682490369,100.0,0.010000000707805157,0.33719295263290405,1.0
1103,0.3841245887590406,32.087000981679715,38.4080665482678,100.0,0.010000000707805157,0.1132093220949173,1.0
1104,0.4924618943277477,71.98857046963718,41.876376089544415,100.0,0.010000000707805157,0.3362978398799896,1.0
1105,0.4918827318380983,71.89370604103975,41.87319036276178,100.0,0.010000000707805157,0.3358319401741028,1.0
1106,0.4913067385871381,71.79944106258728,41.86999969544594,100.0,0.010000000707805157,0.33536791801452637,1.0
1107,0.3791426311209252,31.59621079672688,38.40258529108074,100.0,0.010000000707805157,0.11117151379585266,1.0
1108,0.8958609426279972,91.5480834699119,36.62254522034002,100.0,0.010000000707805157,1.070988655090332,1.0
1109,0.6545145874541116,70.94075924866227,36.94760908738516,100.0,0.010000000707805157,0.5758169889450073,1.0
1110,0.715897953033624,66.29177086178012,36.6569675902211,100.0,0.010000000707805157,0.60280841588974,1.0
1111,0.3804948595026367,31.698376363053875,38.39867308868818,100.0,0.010000000707805157,0.11154645681381226,1.0
1112,0.4914359912730032,71.61511858173306,41.845251465370495,100.0,0.010000000707805157,0.3353131413459778,1.0
1113,0.6548313583232417,70.70777415006303,36.94328447811672,100.0,0.010000000707805157,0.5752389430999756,1.0
1114,0.4933369970950472,57.55405720689439,37.350939720887936,100.0,0.010000000707805157,0.3291764259338379,1.0
1115,0.5847046397731374,86.16296486242393,40.09979220661943,100.0,0.010000000707805157,0.5536322593688965,1.0
1116,0.6548613910962011,70.58047353560394,36.939893567605395,100.0,0.010000000707805157,0.5746439099311829,1.0
1117,0.4906651899339006,71.36268784678867,41.83582154451195,100.0,0.010000000707805157,0.3346920609474182,1.0
1118,0.6550368632930005,70.47770993041235,36.937794864361656,100.0,0.010000000707805157,0.5744232535362244,1.0
1119,0.5845059353483935,86.05223874270602,40.09439753497331,100.0,0.010000000707805157,0.552987277507782,1.0
1120,0.7268365998532661,95.33041173900023,39.27637131825275,100.0,0.010000000707805157,0.7992179989814758,1.0
1121,0.5839730158050527,86.15274598934514,40.098794142988254,100.0,0.010000000707805157,0.5524719953536987,1.0
1122,0.48982174037704185,71.32955556205276,41.83771679076566,100.0,0.010000000707805157,0.3339613080024719,1.0
1123,0.7934368290209176,106.85670982431216,38.76519758758794,100.0,0.010000000707805157,1.0174723863601685,1.0
1124,0.5816474357807814,96.12998970556092,42.268341348482174,100.0,0.010000000707805157,0.558407187461853,1.0
1125,0.37524757383756047,31.142733152291683,38.40488108521725,100.0,0.010000000707805157,0.1091659888625145,1.0
1126,0.7268971025002176,95.25963076174938,39.28031609791195,100.0,0.010000000707805157,0.7984297275543213,1.0
1127,0.7245138276889524,104.46545060381042,41.12839328121827,100.0,0.010000000707805157,0.8043481111526489,1.0
1128,0.582758313383123,86.26373015895538,40.11068888582432,100.0,0.010000000707805157,0.5509629249572754,1.0
1129,0.7827794379344883,92.03232406669953,39.299076993216644,100.0,0.010000000707805157,0.8264083862304688,1.0
1130,0.4918374058133815,57.47433615047906,37.3591488140768,100.0,0.010000000707805157,0.3272196054458618,1.0
1131,0.654381156652813,70.49411008286565,36.94104550586673,100.0,0.010000000707805157,0.573227047920227,1.0
1132,0.37496436350516216,31.083076822187536,38.408345788426836,100.0,0.010000000707805157,0.10884496569633484,1.0
1133,0.7831671407791632,91.86395323072412,39.290901711197534,100.0,0.010000000707805157,0.8258806467056274,1.0
1134,0.5716562284681285,51.33682737208394,36.944020578067764,100.0,0.010000000707805157,0.3545532524585724,1.0
1135,0.6541486760625786,70.41389147974108,36.94011435836944,100.0,0.010000000707805157,0.5724834203720093,1.0
1136,0.5712230913585536,51.30522510590485,36.94481781842033,100.0,0.010000000707805157,0.35403499007225037,1.0
1137,0.7156332687534418,65.63435645487607,36.644562449510396,100.0,0.010000000707805157,0.5993665456771851,1.0
1138,0.5705607736211579,51.34128856588176,36.950837823340464,100.0,0.010000000707805157,0.35330235958099365,1.0
1139,0.5858337535628435,74.85752968194313,37.17068306721229,100.0,0.010000000707805157,0.5449399352073669,1.0
1140,0.4907491853045271,57.22752711890633,37.342821001240495,100.0,0.010000000707805157,0.32584258913993835,1.0
1141,0.7823462806249802,91.7687668542929,39.27857832632886,100.0,0.010000000707805157,0.8238003849983215,1.0
1142,0.7264089556511426,85.43161390961394,36.937146328234796,100.0,0.010000000707805157,0.7887730598449707,1.0
1143,0.6515141376837029,82.3494509561836,40.180279597321906,100.0,0.010000000707805157,0.5778179168701172,1.0
1144,0.6629800119244081,107.7009409218364,40.97657123458374,100.0,0.010000000707805157,0.7756861448287964,1.0
1145,0.7228607734763384,104.74965395488779,41.10771409864629,100.0,0.010000000707805157,0.8021385669708252,1.0
1146,0.5805138694218134,96.49575618649887,42.23340730723184,100.0,0.010000000707805157,0.5566929578781128,1.0
1147,0.650329687770454,82.5961043371317,40.19599852627518,100.0,0.010000000707805157,0.5767108201980591,1.0
1148,0.5848617922322178,75.10227323447619,37.17903159945179,100.0,0.010000000707805157,0.5438626408576965,1.0
1149,0.5797324059315739,96.500741634223,42.23282365369635,100.0,0.010000000707805157,0.5557956695556641,1.0
1150,0.6502409243797082,82.55698116431344,40.19749739024318,100.0,0.010000000707805157,0.5763990879058838,1.0
1151,0.7234547817583384,95.75429120081772,39.2870060452921,100.0,0.010000000707805157,0.7939644455909729,1.0
1152,0.6496434327900429,82.70982692174648,40.20232198170852,100.0,0.010000000707805157,0.5759692192077637,1.0
1153,0.6493925144332046,82.74789959998154,40.202919002384775,100.0,0.010000000707805157,0.5756821036338806,1.0
1154,0.4914108045884019,57.447893189088376,37.35506338297615,100.0,0.010000000707805157,0.3258761167526245,1.0
1155,0.578282588712539,96.66465317699213,42.227179804403185,100.0,0.010000000707805157,0.5541566610336304,1.0
1156,0.8412331656787142,104.26723196318844,38.75896961958989,100.0,0.010000000707805157,1.0383515357971191,1.0
1157,0.651828633536372,70.69908089909939,36.95266359298022,100.0,0.010000000707805157,0.5698575377464294,1.0
1158,0.7122466257843868,65.91940032823463,36.663445561720515,100.0,0.010000000707805157,0.5961383581161499,1.0
1159,0.5691767395521877,51.55418542426111,36.969320588495755,100.0,0.010000000707805157,0.35177651047706604,1.0
1160,0.4876909877953457,71.94255517256155,41.813609277642925,100.0,0.010000000707805157,0.3311438262462616,1.0
1161,0.7862427388437742,115.94894500921154,40.28084029810245,100.0,0.010000000707805157,1.0155367851257324,1.0
1162,0.5810979107377904,86.87751858114234,40.10206250973501,100.0,0.010000000707805157,0.5482534766197205,1.0
1163,0.49133602121233183,57.51682290505074,37.356632790284515,100.0,0.010000000707805157,0.32543882727622986,1.0
1164,0.7768056363761922,92.53175475460526,39.31114895668342,100.0,0.010000000707805157,0.818153977394104,1.0
1165,0.5808569595883982,86.88897681824622,40.10070584334938,100.0,0.010000000707805157,0.5478492975234985,1.0
1166,0.6510028700717861,70.71680007322185,36.95479228807803,100.0,0.010000000707805157,0.5685585141181946,1.0
1167,0.7207430572238508,96.18050512503159,39.29429098455299,100.0,0.010000000707805157,0.7908869981765747,1.0
1168,0.6631633378325507,89.76579944984218,37.11444295797359,100.0,0.010000000707805157,0.758716344833374,1.0
1169,0.5797683970145715,87.03696392421456,40.10294475598238,100.0,0.010000000707805157,0.5467050075531006,1.0
1170,0.5795181910479815,87.0077979274212,40.1039266806303,100.0,0.010000000707805157,0.5463473200798035,1.0
1171,0.6500244625171567,70.8076905073873,36.956106214074566,100.0,0.010000000707805157,0.567340075969696,1.0
1172,0.7197721364380543,96.28299814547172,39.29651190188762,100.0,0.010000000707805157,0.7896806001663208,1.0
1173,0.48687845028872495,72.17122571385505,41.8299758597608,100.0,0.010000000707805157,0.3303302526473999,1.0
1174,0.48933431255329457,57.61159934814762,37.36172788386805,100.0,0.010000000707805157,0.3232153654098511,1.0
1175,0.7765390773436766,92.54809221038825,39.31288840902214,100.0,0.010000000707805157,0.8178234100341797,1.0
1176,0.3751556130680989,30.89203500455711,38.427154021588414,100.0,0.010000000707805157,0.10760687291622162,1.0
1177,0.57933842940686,86.79803957027828,40.09339656101552,100.0,0.010000000707805157,0.5454549193382263,1.0
1178,0.7327043490212647,102.04267051904952,37.079740312355156,100.0,0.010000000707805157,0.9704891443252563,1.0
1179,0.7208171151939378,85.95391879423073,36.954347652861664,100.0,0.010000000707805157,0.7805881500244141,1.0
1180,0.5779545613283833,87.01737032417721,40.098017958187874,100.0,0.010000000707805157,0.5441675782203674,1.0
1181,0.5765935371976553,97.11013345663943,42.22914304773436,100.0,0.010000000707805157,0.5525099039077759,1.0
1182,0.7204048116461217,85.98102754255277,36.95605402522968,100.0,0.010000000707805157,0.7798649668693542,1.0
1183,0.5780348930816106,75.65199421036739,37.19815190285787,100.0,0.010000000707805157,0.5345613956451416,1.0
1184,0.48577774255669354,71.98898823840655,41.834329195698146,100.0,0.010000000707805157,0.3295329809188843,1.0
1185,0.6552177804387816,108.65728004910434,40.9884423563929,100.0,0.010000000707805157,0.7655730247497559,1.0
1186,0.48480812909390064,71.97347106557301,41.8377689829778,100.0,0.010000000707805157,0.3287612199783325,1.0
1187,0.574985427905918,97.03054873129506,42.22869905542178,100.0,0.010000000707805157,0.5506588220596313,1.0
1188,0.652251443037613,116.99665000282803,42.38530599805313,100.0,0.010000000707805157,0.7720051407814026,1.0
1189,0.7193227089927801,96.14236704751056,39.3064303400361,100.0,0.010000000707805157,0.7870821952819824,1.0
1190,0.7186844439197291,96.27098973605129,39.30979527691302,100.0,0.010000000707805157,0.7867028713226318,1.0
1191,0.577748132042864,75.57540341351417,37.20851154646872,100.0,0.010000000707805157,0.5337241291999817,1.0
1192,0.5750035517371107,87.16305984513356,40.12157633746948,100.0,0.010000000707805157,0.5406714677810669,1.0
1193,0.6490312725225567,70.6418667627917,36.95277087966897,100.0,0.010000000707805157,0.5647574663162231,1.0
1194,0.6470940501854812,82.94205726071567,40.22617324818097,100.0,0.010000000707805157,0.5727351903915405,1.0
1195,0.48299078366215126,72.15730787805718,41.84917948553086,100.0,0.010000000707805157,0.32716304063796997,1.0
1196,0.4852703777218266,57.49256642899338,37.375421381916375,100.0,0.010000000707805157,0.3189327120780945,1.0
1197,0.779724434125384,81.45577752455557,36.74271588398584,100.0,0.010000000707805157,0.8103001117706299,1.0
1198,0.5728251867465374,97.3221814646896,42.230939073562126,100.0,0.010000000707805157,0.5484589338302612,1.0
1199,0.5687385112886049,50.88306723457646,36.926803466101155,100.0,0.010000000707805157,0.3508278727531433,1.0
1200,0.7185439732863518,96.1540739269816,39.30285617385345,100.0,0.010000000707805157,0.7852950096130371,1.0
1201,0.48225831244099715,72.10449797122695,41.83995807183336,100.0,0.010000000707805157,0.32649752497673035,1.0
1202,0.777106374145034,92.39033832769572,39.31966668557912,100.0,0.010000000707805157,0.8170509338378906,1.0
1203,0.48207824400771604,72.1786815776253,41.83743039670521,100.0,0.010000000707805157,0.3262617588043213,1.0
1204,0.6517767973431943,108.97605433258563,40.993650235096226,100.0,0.010000000707805157,0.7604966759681702,1.0
1205,0.48111413825452926,72.16421793862135,41.840493238817004,100.0,0.010000000707805157,0.3255036175251007,1.0
1206,0.7796082241866789,81.3694312816821,36.74375944730054,100.0,0.010000000707805157,0.8096275329589844,1.0
1207,0.3706282556858045,30.338211558936685,38.449987116671686,100.0,0.010000000707805157,0.10514324903488159,1.0
1208,0.6490847986995609,70.31024950198318,36.94746006204806,100.0,0.010000000707805157,0.5634013414382935,1.0
1209,0.5744011427998087,86.95895940215489,40.1066815609404,100.0,0.010000000707805157,0.5388662815093994,1.0
1210,0.4842962683220567,57.256495117118156,37.369106501381324,100.0,0.010000000707805157,0.31766948103904724,1.0
1211,0.6490757045463488,70.18588621100291,36.94358657493858,100.0,0.010000000707805157,0.5628179311752319,1.0
1212,0.5741547185430069,86.8143745624679,40.099873580979875,100.0,0.010000000707805157,0.5382313132286072,1.0
1213,0.837003324278353,113.03254683940736,40.34773423443314,100.0,0.010000000707805157,1.0377625226974487,1.0
1214,0.7123771987967865,65.12552608740936,36.620316376104675,100.0,0.010000000707805157,0.5942530035972595,1.0
1215,0.8877720739105031,91.32722895653131,36.63449602348497,100.0,0.010000000707805157,1.0511996746063232,1.0
1216,0.5738137626455565,87.45652585349183,40.10771459214412,100.0,0.010000000707805157,0.538644552230835,1.0
1217,0.7173689456396012,86.12194511396416,36.96482755048943,100.0,0.010000000707805157,0.773959219455719,1.0
1218,0.5732771952115385,87.52844601846762,40.10853380226573,100.0,0.010000000707805157,0.5380905270576477,1.0
1219,0.4818680386247486,72.41080782609058,41.83125944993238,100.0,0.010000000707805157,0.3257788419723511,1.0
1220,0.7784214253825965,116.89929364962117,40.290387210860274,100.0,0.010000000707805157,1.0024380683898926,1.0
1221,0.4814088909124175,72.52280897486857,41.83666427922566,100.0,0.010000000707805157,0.32534730434417725,1.0
1222,0.5725770481173733,87.47903930320629,40.114042623874994,100.0,0.010000000707805157,0.5371016263961792,1.0
1223,0.5723331043533395,87.44952612038664,40.114791552240995,100.0,0.010000000707805157,0.5367552638053894,1.0
1224,0.8319913282936137,113.83280394541454,40.36863871647753,100.0,0.010000000707805157,1.0336239337921143,1.0
1225,0.6503709601230054,100.57376060898021,39.30477081137129,100.0,0.010000000707805157,0.7486120462417603,1.0
1226,0.5669606747592447,51.01416380155144,36.93829434766063,100.0,0.010000000707805157,0.3489697575569153,1.0
1227,0.37159157849260804,30.3383103673608,38.45959438366958,100.0,0.010000000707805157,0.10496486723423004,1.0
1228,0.5747911183868875,75.60344951978989,37.211629622680306,100.0,0.010000000707805157,0.5281996726989746,1.0
1229,0.6483067758203612,109.48088030947062,40.985793453105835,100.0,0.010000000707805157,0.7558280229568481,1.0
1230,0.5667368293774967,50.73549401099724,36.923240844158535,100.0,0.010000000707805157,0.3485621511936188,1.0
1231,0.6462319942997975,70.53470724931628,36.95453431260831,100.0,0.010000000707805157,0.559855580329895,1.0
1232,0.6522885691124028,90.20194152695245,37.146352011646194,100.0,0.010000000707805157,0.7382985949516296,1.0
1233,0.5664330530487026,50.71068558072249,36.92124581878782,100.0,0.010000000707805157,0.3482620120048523,1.0
1234,0.4795229534029295,72.26098987253698,41.82610366382391,100.0,0.010000000707805157,0.3239094316959381,1.0
1235,0.6440747746753731,82.92840328022722,40.2160352701379,100.0,0.010000000707805157,0.5681055784225464,1.0
1236,0.6458596612747678,70.44153361083822,36.95169252349132,100.0,0.010000000707805157,0.5588808059692383,1.0
1237,0.4814331595372282,57.42224528506152,37.37153441271133,100.0,0.010000000707805157,0.31424984335899353,1.0
1238,0.6469702731731898,117.66936425840015,42.32816594009085,100.0,0.010000000707805157,0.7646393775939941,1.0
1239,0.5659472585048583,50.46450824074902,36.91049000589718,100.0,0.010000000707805157,0.3475453853607178,1.0
1240,0.6460463804100708,70.29868461328851,36.94833993086915,100.0,0.010000000707805157,0.5585729479789734,1.0
1241,0.5684003138322881,97.61591902844503,42.17947192720023,100.0,0.010000000707805157,0.5430861115455627,1.0
1242,0.7745132501268809,92.40339843492715,39.319867262221635,100.0,0.010000000707805157,0.8118940591812134,1.0
1243,0.573531482446569,75.48112946618244,37.20978088296016,100.0,0.010000000707805157,0.5256079435348511,1.0
1244,0.7754700000891859,81.42560339110528,36.74874185494606,100.0,0.010000000707805157,0.8023563623428345,1.0
1245,0.6426588825884441,83.14246552389456,40.21746508994982,100.0,0.010000000707805157,0.5666719675064087,1.0
1246,0.5649117055633898,50.63366172013463,36.92381732661955,100.0,0.010000000707805157,0.34655457735061646,1.0
1247,0.6445260902942413,70.51257225196284,36.95452359653548,100.0,0.010000000707805157,0.5571733117103577,1.0
1248,0.7084184046692185,65.11171443732482,36.62907432598785,100.0,0.010000000707805157,0.5892646908760071,1.0
1249,0.48145239808791096,57.50560477745308,37.36532581394001,100.0,0.010000000707805157,0.3138419985771179,1.0
1250,0.5708082395065106,87.37583433196096,40.08308605092435,100.0,0.010000000707805157,0.5337834358215332,1.0
1251,0.6440480325745293,70.46492540479247,36.95276439961332,100.0,0.010000000707805157,0.5562471151351929,1.0
1252,0.6437377735041344,70.49585511944628,36.95331769186571,100.0,0.010000000707805157,0.5558971166610718,1.0
1253,0.7133074238076487,96.53666828800449,39.287989354780336,100.0,0.010000000707805157,0.7763189077377319,1.0
1254,0.5702582170856223,87.49312525637407,40.08128812590086,100.0,0.010000000707805157,0.5331976413726807,1.0
1255,0.7117210946969186,106.14635217300473,41.086709355163656,100.0,0.010000000707805157,0.7863026261329651,1.0
1256,0.5637045703155821,50.63651471501655,36.927408904139725,100.0,0.010000000707805157,0.34530073404312134,1.0
1257,0.6415219806787478,83.17077264300487,40.205461667736124,100.0,0.010000000707805157,0.5651334524154663,1.0
1258,0.48056563558595095,57.46952594487932,37.36288626970485,100.0,0.010000000707805157,0.31282126903533936,1.0
1259,0.5631809474726118,50.48623593170616,36.92167647798158,100.0,0.010000000707805157,0.3446417450904846,1.0
1260,0.47994112563332486,57.30856742846642,37.356745640918184,100.0,0.010000000707805157,0.3122735917568207,1.0
1261,0.7123412076269168,105.86586533719667,41.065362918278495,100.0,0.010000000707805157,0.7857372760772705,1.0
1262,0.7150715479343871,135.32442257527129,42.35699355520495,100.0,0.010000000707805157,0.9832335710525513,1.0
1263,0.5693241419489643,87.52947284778163,40.08829287948821,100.0,0.010000000707805157,0.5318881273269653,1.0
1264,0.36531824218390646,29.585718723724284,38.44002180173202,100.0,0.010000000707805157,0.10178910195827484,1.0
1265,0.7082423684750604,64.72310058909916,36.61626975325771,100.0,0.010000000707805157,0.5876854658126831,1.0
1266,0.7182890708123412,120.10538831143674,40.18932645967511,100.0,0.010000000707805157,0.9626998901367188,1.0
1267,0.5656274093332512,98.10077619888443,42.14829893641329,100.0,0.010000000707805157,0.5400168299674988,1.0
1268,0.6404187347740646,83.14742104627668,40.21031184755168,100.0,0.010000000707805157,0.5633677244186401,1.0
1269,0.47993461563469614,57.24018541961513,37.36347011695,100.0,0.010000000707805157,0.3120671510696411,1.0
1270,0.5721123386930258,75.33696334466335,37.20438001497345,100.0,0.010000000707805157,0.5223007202148438,1.0
1271,0.47492774813082095,72.23781457134943,41.78754510564877,100.0,0.010000000707805157,0.319915771484375,1.0
1272,0.4785026390187053,57.018924279189505,37.35879184292555,100.0,0.010000000707805157,0.31082993745803833,1.0
1273,0.4779554369455835,56.92551600157225,37.35620086434944,100.0,0.010000000707805157,0.3103582262992859,1.0
1274,0.6492540677563698,99.82609238174963,39.263340976682194,100.0,0.010000000707805157,0.7401506900787354,1.0
1275,0.47359589431186944,71.91630422091781,41.77995958084852,100.0,0.010000000707805157,0.3190472424030304,1.0
1276,0.5678571973758946,86.90711434554468,40.07234596481287,100.0,0.010000000707805157,0.5288832783699036,1.0
1277,0.8325875456609897,75.87662972704557,36.45776787501472,100.0,0.010000000707805157,0.8342514634132385,1.0
1278,0.5706449748492972,75.14184736562997,37.201868415049766,100.0,0.010000000707805157,0.5196605920791626,1.0
1279,0.5674922559107402,87.07078262916352,40.07009055315481,100.0,0.010000000707805157,0.5286422967910767,1.0
1280,0.6413739301071139,82.579387120167,40.18957681555925,100.0,0.010000000707805157,0.5632187128067017,1.0
1281,0.7093022105786478,64.26089784394533,36.589420965564415,100.0,0.010000000707805157,0.5877633094787598,1.0
1282,0.47677075783466666,56.954963503572806,37.353547493020415,100.0,0.010000000707805157,0.30910080671310425,1.0
1283,0.47621866701252896,56.86200783473977,37.35093530877088,100.0,0.010000000707805157,0.30862945318222046,1.0
1284,0.5618448133489363,49.65689251821055,36.8736402933788,100.0,0.010000000707805157,0.34282082319259644,1.0
1285,0.5677448572356789,86.8054185323868,40.05169761360417,100.0,0.010000000707805157,0.5282493829727173,1.0
1286,0.6435289992636046,69.6573407213451,36.93013801402038,100.0,0.010000000707805157,0.5522173643112183,1.0
1287,0.7155275215115572,85.23311916651534,36.95139571281385,100.0,0.010000000707805157,0.7614691257476807,1.0
1288,0.6462151435876957,109.05798939582485,40.89870389895779,100.0,0.010000000707805157,0.7481104731559753,1.0
1289,0.5665952207460411,87.00223560984159,40.05677916617771,100.0,0.010000000707805157,0.5272160768508911,1.0
1290,0.3572663340814759,28.734698649528802,38.42019442785577,100.0,0.010000000707805157,0.09841839969158173,1.0
1291,0.5614854252624143,49.445203155662284,36.85967296962034,100.0,0.010000000707805157,0.3423730731010437,1.0
1292,0.5686174313110173,74.84278096916032,37.19345046951685,100.0,0.010000000707805157,0.5157981514930725,1.0
1293,0.47339861189415683,56.59538601066126,37.3418056147254,100.0,0.010000000707805157,0.3060421943664551,1.0
1294,0.7800377142320318,115.90150711936862,40.207484234063024,100.0,0.010000000707805157,0.9925652742385864,1.0
1295,0.7146331178568811,85.1966712093896,36.9508732645243,100.0,0.010000000707805157,0.7591621279716492,1.0
1296,0.3556000624317302,28.555708074670115,38.41350898990466,100.0,0.010000000707805157,0.09772714972496033,1.0
1297,0.6424663419344863,69.53209971746328,36.92369875856027,100.0,0.010000000707805157,0.5500802993774414,1.0
1298,0.8353245367800832,112.73132817425034,40.28504957278906,100.0,0.010000000707805157,1.0283896923065186,1.0
1299,0.5656621332068659,86.95506657785903,40.043878119153625,100.0,0.010000000707805157,0.5258035659790039,1.0
1300,0.6407215375313443,82.35118507062492,40.16904534709575,100.0,0.010000000707805157,0.5618767738342285,1.0
1301,0.645526777098061,99.94870215187058,39.241789669148844,100.0,0.010000000707805157,0.733556866645813,1.0
1302,0.6404083138351271,82.4339622381928,40.173492191157145,100.0,0.010000000707805157,0.5617064833641052,1.0
1303,0.56483424312555,87.06842864962407,40.0490149764654,100.0,0.010000000707805157,0.5249797105789185,1.0
1304,0.7117172602724342,96.05348622391138,39.26568810856963,100.0,0.010000000707805157,0.7690703868865967,1.0
1305,0.5642803257055938,87.17196125859407,40.0529974688338,100.0,0.010000000707805157,0.5244940519332886,1.0
1306,0.3558659587046135,28.5386489983815,38.41816574616755,100.0,0.010000000707805157,0.09759175777435303,1.0
1307,0.7111382380777311,105.49164923737024,41.02999617435954,100.0,0.010000000707805157,0.7810995578765869,1.0
1308,0.708454404070568,63.88827948864219,36.56830572720424,100.0,0.010000000707805157,0.5858871936798096,1.0
1309,0.7096430336753103,105.80290832708046,41.03410386571875,100.0,0.010000000707805157,0.7799974679946899,1.0
1310,0.4729813239962379,56.89667642680213,37.3488292192756,100.0,0.010000000707805157,0.30525296926498413,1.0
1311,0.559920526944028,49.45987845606649,36.859151438435454,100.0,0.010000000707805157,0.3409770727157593,1.0
1312,0.4701605717155802,71.83477627406059,41.743395860454065,100.0,0.010000000707805157,0.3162367343902588,1.0
1313,0.47219207958371107,56.62222997967357,37.33979135468202,100.0,0.010000000707805157,0.3045758306980133,1.0
1314,0.5622003320838285,97.34440861742615,42.06204345190417,100.0,0.010000000707805157,0.5351917743682861,1.0
1315,0.7156604112821232,119.64978171360829,40.14300429009114,100.0,0.010000000707805157,0.951170027256012,1.0
1316,0.4684997536950677,71.78231760290956,41.74844273211125,100.0,0.010000000707805157,0.31502610445022583,1.0
1317,0.7119941840007924,95.81959069397081,39.26409793181574,100.0,0.010000000707805157,0.7676461935043335,1.0
1318,0.5629922863896973,87.00278541625822,40.05095723971168,100.0,0.010000000707805157,0.5224269032478333,1.0
1319,0.4710966380962386,56.551625248903186,37.344616025520395,100.0,0.010000000707805157,0.303557813167572,1.0
1320,0.6392781588270476,82.20942790506083,40.16768301312997,100.0,0.010000000707805157,0.5594902634620667,1.0
1321,0.5627393814616701,86.88232726692364,40.04665193426899,100.0,0.010000000707805157,0.5218691825866699,1.0
1322,0.6415557180081518,69.32855698653015,36.91816332608935,100.0,0.010000000707805157,0.5482141375541687,1.0
1323,0.5595749963283606,49.00358092652026,36.82908030871122,100.0,0.010000000707805157,0.3404337763786316,1.0
1324,0.5626948213463795,86.80669385158804,40.038920003696056,100.0,0.010000000707805157,0.5216032266616821,1.0
1325,0.7137701392823574,84.93699864409088,36.94670210612444,100.0,0.010000000707805157,0.7552381753921509,1.0
1326,0.5599846212382936,97.47275016819792,42.06108612844228,100.0,0.010000000707805157,0.5330305695533752,1.0
1327,0.6409128042344318,69.34333736518565,36.91759420204985,100.0,0.010000000707805157,0.5473734140396118,1.0
1328,0.6405543932942482,69.38398770549652,36.918309905263065,100.0,0.010000000707805157,0.5470170378684998,1.0
1329,0.6384972737771292,82.25827565589299,40.1630408493248,100.0,0.010000000707805157,0.5586981177330017,1.0
1330,0.561750782730465,86.97424150795575,40.038541143879364,100.0,0.010000000707805157,0.520703911781311,1.0
1331,0.7740335384383198,80.30953527486298,36.716567627785196,100.0,0.010000000707805157,0.7915024757385254,1.0
1332,0.709517400662234,96.09165227277286,39.26028891615344,100.0,0.010000000707805157,0.76478511095047,1.0
1333,0.5592547358847297,97.86937629417041,42.06326874597447,100.0,0.010000000707805157,0.5326112508773804,1.0
1334,0.6371807864904049,82.55951920668888,40.172894376864136,100.0,0.010000000707805157,0.5577753186225891,1.0
1335,0.7719235742232724,80.5824353217616,36.725245271978416,100.0,0.010000000707805157,0.790098249912262,1.0
1336,0.5607728257510975,87.45022864428377,40.0460659446499,100.0,0.010000000707805157,0.5202311277389526,1.0
1337,0.7078155232692295,96.40438647454394,39.269145777004354,100.0,0.010000000707805157,0.7635536193847656,1.0
1338,0.6397069249265277,100.61161471370265,39.249995778548424,100.0,0.010000000707805157,0.7258014678955078,1.0
1339,0.7709160459216117,108.6358024838621,38.772301887604726,100.0,0.010000000707805157,0.9686063528060913,1.0
1340,0.5591354933997414,87.83734618456708,40.05946879174288,100.0,0.010000000707805157,0.5189778804779053,1.0
1341,0.6369417047223694,70.06828500929406,36.93645215915639,100.0,0.010000000707805157,0.5446038246154785,1.0
1342,0.7055499788614027,96.81428762409267,39.279281436399344,100.0,0.010000000707805157,0.7619718909263611,1.0
1343,0.636194208893038,70.20262242667715,36.939932681003334,100.0,0.010000000707805157,0.5440418124198914,1.0
1344,0.825158416087009,105.2523945727885,38.76313178686486,100.0,0.010000000707805157,1.0044883489608765,1.0
1345,0.6349649491191829,70.48098936292934,36.94764344949335,100.0,0.010000000707805157,0.5433163642883301,1.0
1346,0.6352099559953168,101.45075525615688,39.25862567471851,100.0,0.010000000707805157,0.7223357558250427,1.0
1347,0.7027658128399829,107.10772483356627,41.05538573686768,100.0,0.010000000707805157,0.7742760181427002,1.0
1348,0.6338963330549354,83.61083411451341,40.207369007836895,100.0,0.010000000707805157,0.5563578605651855,1.0
1349,0.6342114266427918,70.62428639049337,36.95204510381837,100.0,0.010000000707805157,0.5428081750869751,1.0
1350,0.6340130088036854,101.69793001569418,39.26471907131456,100.0,0.010000000707805157,0.7213570475578308,1.0
1351,0.6335834201090815,83.67577969082784,40.20888131729222,100.0,0.010000000707805157,0.5561437010765076,1.0
1352,0.6330102374726726,111.2412968825121,40.90848904265414,100.0,0.010000000707805157,0.7342569828033447,1.0
1353,0.3589167175643675,28.612672506349618,38.42803544101387,100.0,0.010000000707805157,0.09761355817317963,1.0
1354,0.35702378041249133,28.43811739601727,38.42037253268534,100.0,0.010000000707805157,0.09695204347372055,1.0
1355,0.6346464835141493,70.29463526460489,36.94227803611564,100.0,0.010000000707805157,0.5422706604003906,1.0
1356,0.6343262914330923,70.32787369116296,36.942902918904245,100.0,0.010000000707805157,0.5419268608093262,1.0
1357,0.4673217119930279,57.34328938142303,37.355081582011614,100.0,0.010000000707805157,0.29944881796836853,1.0
1358,0.6342715329014358,90.95975003524227,37.159992330454585,100.0,0.010000000707805157,0.7055345773696899,1.0
1359,0.6343192060524334,83.17659847442262,40.186160790314574,100.0,0.010000000707805157,0.5560044050216675,1.0
1360,0.63362955193545,70.3242186901376,36.941423255059945,100.0,0.010000000707805157,0.540869414806366,1.0
1361,0.5569882093476458,98.72934125720732,42.06798343835362,100.0,0.010000000707805157,0.5310028791427612,1.0
1362,0.7026237198699922,106.87679866571749,41.03449191096637,100.0,0.010000000707805157,0.7728584408760071,1.0
1363,0.46643056265971655,57.34732182186725,37.356438807175465,100.0,0.010000000707805157,0.298597514629364,1.0
1364,0.5556580822082354,98.78080907693428,42.06624279705625,100.0,0.010000000707805157,0.5296456217765808,1.0
1365,0.5556578208556234,88.08817378499825,40.0520798599344,100.0,0.010000000707805157,0.5149356126785278,1.0
1366,0.6331343206163226,101.26611091458025,39.254850342662266,100.0,0.010000000707805157,0.7175629138946533,1.0
1367,0.6338774375693891,70.15662727269235,36.936961752801274,100.0,0.010000000707805157,0.5407078266143799,1.0
1368,0.3525861544450289,27.97583678927865,38.40534784418889,100.0,0.010000000707805157,0.0951913520693779,1.0
1369,0.4641370563791718,72.37036634519514,41.74408960385516,100.0,0.010000000707805157,0.31145158410072327,1.0
1370,0.7036834694415309,96.70582484941866,39.26845884296964,100.0,0.010000000707805157,0.757610559463501,1.0
1371,0.7025169625179961,106.66294155883044,41.024727712472234,100.0,0.010000000707805157,0.7715671062469482,1.0
1372,0.5546158074282468,88.04195252707248,40.051149182910414,100.0,0.010000000707805157,0.5135840177536011,1.0
1373,0.6339934269944031,69.97376805853396,36.93163115480428,100.0,0.010000000707805157,0.5402987599372864,1.0
1374,0.6315697193517844,110.7044978111142,40.876669650770566,100.0,0.010000000707805157,0.7298742532730103,1.0
1375,0.7656042763251735,92.57252226503086,39.31071657608032,100.0,0.010000000707805157,0.7975358963012695,1.0
1376,0.46478832873182324,57.21654054747556,37.35611779199153,100.0,0.010000000707805157,0.29704928398132324,1.0
1377,0.4630664628323874,72.60998825509876,41.74831423482644,100.0,0.010000000707805157,0.31052446365356445,1.0
1378,0.5538215205139952,88.02177464721865,40.049544547684455,100.0,0.010000000707805157,0.512562096118927,1.0
1379,0.6327572914009288,90.74342054482766,37.1656170342963,100.0,0.010000000707805157,0.7010475397109985,1.0
1380,0.823582775237158,114.32029410913782,40.30620047760634,100.0,0.010000000707805157,1.0143111944198608,1.0
1381,0.4637225538520975,57.23344082514658,37.35829776420745,100.0,0.010000000707805157,0.29608872532844543,1.0
1382,0.4623238668381895,72.62298158943086,41.750846462175375,100.0,0.010000000707805157,0.3099912703037262,1.0
1383,0.462917398355705,57.014390232712785,37.352398729727234,100.0,0.010000000707805157,0.29546114802360535,1.0
1384,0.6309355747532741,101.15757484560902,39.25043741307251,100.0,0.010000000707805157,0.7130872011184692,1.0
1385,0.5522358729888112,87.99921727862596,40.048464268860826,100.0,0.010000000707805157,0.5107032060623169,1.0
1386,0.5556779553782962,48.760354106924,36.79383601866056,100.0,0.010000000707805157,0.337385356426239,1.0
1387,0.5522210146324776,87.89198941746464,40.042991336729344,100.0,0.010000000707805157,0.5104791522026062,1.0
1388,0.7025152826246789,85.78891681287689,36.96533412267588,100.0,0.010000000707805157,0.7399610280990601,1.0
1389,0.5516623933635997,87.97731565345447,40.04342473571651,100.0,0.010000000707805157,0.5099765062332153,1.0
1390,0.4605494499332832,72.34147600576614,41.74311232921329,100.0,0.010000000707805157,0.30885422229766846,1.0
1391,0.7020866677367159,96.67476278514856,39.26764989855774,100.0,0.010000000707805157,0.754302978515625,1.0
1392,0.34637138611420715,27.31811829862874,38.38775777709058,100.0,0.010000000707805157,0.09267105162143707,1.0
1393,0.4600670833145309,56.730280007199525,37.345328409174805,100.0,0.010000000707805157,0.29303815960884094,1.0
1394,0.5550287385120063,48.37208144567434,36.76859495997737,100.0,0.010000000707805157,0.33660098910331726,1.0
1395,0.7032675221795807,85.46516365735224,36.95740885662834,100.0,0.010000000707805157,0.7388075590133667,1.0
1396,0.4591924431194474,56.7047754079545,37.34100619662914,100.0,0.010000000707805157,0.2922835946083069,1.0
1397,0.5507147807814388,75.45707805571442,37.212929552524066,100.0,0.010000000707805157,0.4925050735473633,1.0
1398,0.549928277985187,75.48057700470878,37.21409887149669,100.0,0.010000000707805157,0.49158620834350586,1.0
1399,0.7059926715446969,62.74638427723765,36.483450623147505,100.0,0.010000000707805157,0.5816922187805176,1.0
1400,0.6291089407169664,100.80465800521952,39.22046213202819,100.0,0.010000000707805157,0.7083544731140137,1.0
1401,0.6317861549739644,69.546279489925,36.91216063153605,100.0,0.010000000707805157,0.5356040000915527,1.0
1402,0.7004641862890607,128.891519842996,41.23029891914575,100.0,0.010000000707805157,0.942948579788208,1.0
1403,0.6328212393758362,82.55734022899306,40.16147088788318,100.0,0.010000000707805157,0.5530010461807251,1.0
1404,0.8246552741302964,104.79847636611399,38.737528831464076,100.0,0.010000000707805157,0.997133195400238,1.0
1405,0.7656892978942499,92.2749773286284,39.29050665733358,100.0,0.010000000707805157,0.7965478897094727,1.0
1406,0.6309778305064511,83.0858006563093,40.175320112978646,100.0,0.010000000707805157,0.5519295930862427,1.0
1407,0.5535631503091079,48.79774846712368,36.79181382672829,100.0,0.010000000707805157,0.33563873171806335,1.0
1408,0.7013154251254263,63.420274581908025,36.52311889863487,100.0,0.010000000707805157,0.5783504247665405,1.0
1409,0.6989985217436239,107.04966892614588,41.002509190746615,100.0,0.010000000707805157,0.7674831748008728,1.0
1410,0.45929877657026436,57.239478935390444,37.34605387480671,100.0,0.010000000707805157,0.2920394539833069,1.0
1411,0.5494350709587604,88.29436362003554,40.024187731211754,100.0,0.010000000707805157,0.5075877904891968,1.0
1412,0.45838879326375204,57.111049817894774,37.34332386930175,100.0,0.010000000707805157,0.2913159728050232,1.0
1413,0.552632279030262,48.637832532370695,36.78452241582365,100.0,0.010000000707805157,0.33467990159988403,1.0
1414,0.3442625173633862,27.03055295454252,38.35331366499079,100.0,0.010000000707805157,0.09158055484294891,1.0
1415,0.6997275264312048,96.69896038539277,39.24206506625515,100.0,0.010000000707805157,0.7503979206085205,1.0
1416,0.7010027423399373,63.16958753935012,36.51634199454143,100.0,0.010000000707805157,0.5770397782325745,1.0
1417,0.6299140715362527,82.89383416704443,40.14982652918705,100.0,0.010000000707805157,0.5501546859741211,1.0
1418,0.4590344439049029,72.34177409729261,41.69379485580879,100.0,0.010000000707805157,0.307645320892334,1.0
1419,0.548835328625124,75.74454238048145,37.204086802397825,100.0,0.010000000707805157,0.49049389362335205,1.0
1420,0.6290200000583533,69.71187102230735,36.91601958928433,100.0,0.010000000707805157,0.5328400731086731,1.0
1421,0.7635449900940364,92.18485833072816,39.27331564350817,100.0,0.010000000707805157,0.7925692200660706,1.0
1422,0.76114317118054,80.881621187283,36.72721823921839,100.0,0.010000000707805157,0.7742647528648376,1.0
1423,0.6977302123842228,63.53645801966762,36.5435712568896,100.0,0.010000000707805157,0.5740353465080261,1.0
1424,0.4600847993178206,72.55074571544837,41.68338799753679,100.0,0.010000000707805157,0.3082630932331085,1.0
1425,0.8178694244156889,105.43822813724185,38.73604229086962,100.0,0.010000000707805157,0.9893140196800232,1.0
1426,0.696667755550852,107.34682881410848,40.97555634457089,100.0,0.010000000707805157,0.7648757100105286,1.0
1427,0.7579626582169107,93.05510534333052,39.297001301736174,100.0,0.010000000707805157,0.7882400751113892,1.0
1428,0.7558109736099998,81.59973564769042,36.75332715832175,100.0,0.010000000707805157,0.7705050706863403,1.0
1429,0.6227631472592279,91.92229752439818,37.15906752673546,100.0,0.010000000707805157,0.6892520189285278,1.0
1430,0.6252243806107898,111.95301528472102,40.82289898396796,100.0,0.010000000707805157,0.7228394150733948,1.0
1431,0.5478920975309934,89.05458869737585,40.01261472471766,100.0,0.010000000707805157,0.5064455270767212,1.0
1432,0.46051256847834815,73.14780962123116,41.70144211308266,100.0,0.010000000707805157,0.3082500696182251,1.0
1433,0.6931496710438808,97.90533259077884,39.25934963049303,100.0,0.010000000707805157,0.7457249760627747,1.0
1434,0.6243970225489291,70.64639599938869,36.94376370587786,100.0,0.010000000707805157,0.5299795269966125,1.0
1435,0.8649449542998012,91.58196331091244,36.64728126985891,100.0,0.010000000707805157,1.0086464881896973,1.0
1436,0.7518471571153418,82.14709910263622,36.76918464417113,100.0,0.010000000707805157,0.7673604488372803,1.0
1437,0.5486688154070913,49.652397409453,36.857783947929974,100.0,0.010000000707805157,0.33143261075019836,1.0
1438,0.5503268114593564,100.20129752109041,41.99101701957173,100.0,0.010000000707805157,0.5246849656105042,1.0
1439,0.5473881937289325,89.36066118897371,40.00763932070127,100.0,0.010000000707805157,0.5060553550720215,1.0
1440,0.6244746497123342,84.19356612162197,40.171337292783974,100.0,0.010000000707805157,0.5463361740112305,1.0
1441,0.45845986529033195,57.76897301243604,37.333583810655476,100.0,0.010000000707805157,0.29064321517944336,1.0
1442,0.8077290792148711,96.5417944320204,36.844778605846415,100.0,0.010000000707805157,0.964249849319458,1.0
1443,0.6215822859567954,71.11080127518224,36.956868649558025,100.0,0.010000000707805157,0.52765953540802,1.0
1444,0.749674751218491,82.31951329717577,36.7767532726986,100.0,0.010000000707805157,0.7647649049758911,1.0
1445,0.7508700858860586,94.12997496706517,39.31847089834679,100.0,0.010000000707805157,0.7827355265617371,1.0
1446,0.7496055895659213,94.34187149032446,39.32466021931837,100.0,0.010000000707805157,0.7817302346229553,1.0
1447,0.6224748617113106,84.8298852196082,40.17818489869381,100.0,0.010000000707805157,0.545067310333252,1.0
1448,0.6195525008265373,71.58700803133075,36.97154676728878,100.0,0.010000000707805157,0.5264089107513428,1.0
1449,0.6192738387150397,71.60956667745559,36.97199251879667,100.0,0.010000000707805157,0.5260818004608154,1.0
1450,0.35521531278244833,27.834682241786137,38.319064286478884,100.0,0.010000000707805157,0.09447526931762695,1.0
1451,0.6224175531183455,84.61689761837489,40.16267519103755,100.0,0.010000000707805157,0.5446028113365173,1.0
1452,0.3532328156083454,27.647894735758292,38.307945735985506,100.0,0.010000000707805157,0.09378598630428314,1.0
1453,0.5473218464754623,89.47816357523247,39.97776133870216,100.0,0.010000000707805157,0.5056917071342468,1.0
1454,0.68721401651666,64.65575565670986,36.62877606675863,100.0,0.010000000707805157,0.5644227266311646,1.0
1455,0.45806171751425595,57.884902057684556,37.314256648798676,100.0,0.010000000707805157,0.28998351097106934,1.0
1456,0.547242020745043,89.34953420939328,39.968010021940785,100.0,0.010000000707805157,0.5053973197937012,1.0
1457,0.6886738516335544,98.48065530004926,39.23843649046442,100.0,0.010000000707805157,0.7409827709197998,1.0
1458,0.622192309373773,84.33241373595402,40.146209578587104,100.0,0.010000000707805157,0.5438023805618286,1.0
1459,0.6207919121548572,102.99965301583153,39.190775933331146,100.0,0.010000000707805157,0.7018916606903076,1.0
1460,0.5462529166689377,89.47827882405092,39.97396031913794,100.0,0.010000000707805157,0.504449725151062,1.0
1461,0.6226827570762005,112.56592738659539,40.782589736492845,100.0,0.010000000707805157,0.7197206020355225,1.0
1462,0.5455025497676799,89.49303381383893,39.980509851788504,100.0,0.010000000707805157,0.5036797523498535,1.0
1463,0.5422176660593887,77.09799793482726,37.20318251481595,100.0,0.010000000707805157,0.4845256209373474,1.0
1464,0.545303891785747,49.34735612786469,36.844656643340194,100.0,0.010000000707805157,0.32835522294044495,1.0
1465,0.5451397611128633,89.30605712125215,39.97136455240943,100.0,0.010000000707805157,0.5030562877655029,1.0
1466,0.5449880897253688,49.236785994100195,36.83857587175508,100.0,0.010000000707805157,0.3280319571495056,1.0
1467,0.6250427309426341,121.09206967755793,42.03822417597911,100.0,0.010000000707805157,0.7379606366157532,1.0
1468,0.4577794274658548,73.2953803364272,41.64715066590701,100.0,0.010000000707805157,0.30607879161834717,1.0
1469,0.5445886669958299,89.11749808621708,39.97167302544211,100.0,0.010000000707805157,0.5022098422050476,1.0
1470,0.6195780593761826,102.60196342261435,39.1938018482364,100.0,0.010000000707805157,0.6985041499137878,1.0
1471,0.3443681883540486,26.781253189991016,38.27859640309508,100.0,0.010000000707805157,0.09060743451118469,1.0
1472,0.6909589881676153,107.94015417218975,40.93841004490487,100.0,0.010000000707805157,0.7579681277275085,1.0
1473,0.45568862023513856,73.11260535401604,41.6414267659968,100.0,0.010000000707805157,0.30471858382225037,1.0
1474,0.6183924248706582,91.76347708665617,37.1510850310859,100.0,0.010000000707805157,0.6799567937850952,1.0
1475,0.6200643607441879,70.39158549940463,36.93401829569775,100.0,0.010000000707805157,0.5237835049629211,1.0
1476,0.6867337599506111,86.8954049368741,36.97636465982854,100.0,0.010000000707805157,0.7194828987121582,1.0
1477,0.6191304088432419,70.54824847882014,36.93802786386408,100.0,0.010000000707805157,0.5229784250259399,1.0
1478,0.6888219365709275,63.84155350391776,36.57745886313166,100.0,0.010000000707805157,0.5648916363716125,1.0
1479,0.7506407159622215,93.5115839506196,39.28842667676463,100.0,0.010000000707805157,0.779312789440155,1.0
1480,0.5434936714731818,49.09273410758722,36.830094652734296,100.0,0.010000000707805157,0.32675591111183167,1.0
1481,0.45281056746214376,57.5002223444387,37.30267600555487,100.0,0.010000000707805157,0.285683810710907,1.0
1482,0.61795940829607,70.635966594795,36.93971276574032,100.0,0.010000000707805157,0.5217260122299194,1.0
1483,0.6208879641571233,83.8704454392312,40.12073875617551,100.0,0.010000000707805157,0.5416158437728882,1.0
1484,0.7500981680690163,119.62754974032492,40.128863125185966,100.0,0.010000000707805157,0.952566921710968,1.0
1485,0.6861365449633926,98.43232513574539,39.229554750639046,100.0,0.010000000707805157,0.7363952398300171,1.0
1486,0.6167959105683013,70.90502252087117,36.94834729652435,100.0,0.010000000707805157,0.5210919380187988,1.0
1487,0.688232273925853,108.55578634248715,40.931710093190915,100.0,0.010000000707805157,0.7560113668441772,1.0
1488,0.5424304021828347,49.22151950099528,36.84117302363567,100.0,0.010000000707805157,0.32587379217147827,1.0
1489,0.45265942212510085,57.61480695477072,37.299963825785376,100.0,0.010000000707805157,0.2854064404964447,1.0
1490,0.45597058378239336,73.2672963448192,41.612310364458715,100.0,0.010000000707805157,0.3047941029071808,1.0
1491,0.6173941574869976,102.75971162742533,39.17083774693729,100.0,0.010000000707805157,0.6951396465301514,1.0
1492,0.7485318534581704,119.82152879780999,40.13096411078818,100.0,0.010000000707805157,0.950531005859375,1.0
1493,0.4552706687572252,73.38679608416513,41.622005321148535,100.0,0.010000000707805157,0.3042512536048889,1.0
1494,0.4545417037640728,73.28299041152566,41.617251546878286,100.0,0.010000000707805157,0.30380120873451233,1.0
1495,0.8045256453164797,76.04849672072555,36.502050370034375,100.0,0.010000000707805157,0.7981411218643188,1.0
1496,0.6183860948952643,84.22387741635588,40.12788554455897,100.0,0.010000000707805157,0.5392736792564392,1.0
1497,0.5417616780762532,89.40731211640664,39.94838587241967,100.0,0.010000000707805157,0.4990686774253845,1.0
1498,0.7434244297398913,101.16093597042276,36.99811597876996,100.0,0.010000000707805157,0.9106894135475159,1.0
1499,0.45501493355966405,73.47988905778746,41.61485489206677,100.0,0.010000000707805157,0.3039984405040741,1.0
1500,0.5411156684554663,48.96799484925097,36.826051556947974,100.0,0.010000000707805157,0.3247409462928772,1.0
1501,0.3414977610472082,26.390674319247594,38.22083391472652,100.0,0.010000000707805157,0.08919788897037506,1.0
1502,0.33956869569051396,26.216019019184333,38.211053269107225,100.0,0.010000000707805157,0.08856962621212006,1.0
1503,0.6165400987141938,70.29117011249033,36.927963263656245,100.0,0.010000000707805157,0.5191681385040283,1.0
1504,0.337685091370742,26.039095804586218,38.19808209229156,100.0,0.010000000707805157,0.08794333785772324,1.0
1505,0.44909296789679853,56.86796454409703,37.26866257726121,100.0,0.010000000707805157,0.2826990485191345,1.0
1506,0.5387320926895686,76.10926465765749,37.16524673565532,100.0,0.010000000707805157,0.4777069687843323,1.0
1507,0.5397919451745062,48.248169364085015,36.78308734294413,100.0,0.010000000707805157,0.32323166728019714,1.0
1508,0.4515984673312624,72.38687579894174,41.55125977949454,100.0,0.010000000707805157,0.30220022797584534,1.0
1509,0.5415525396179235,88.21931486894998,39.89323834000733,100.0,0.010000000707805157,0.4972577393054962,1.0
1510,0.5394148593901605,48.03211262826389,36.77021563824746,100.0,0.010000000707805157,0.32281219959259033,1.0
1511,0.5390955362978455,47.99755126329683,36.769786089203386,100.0,0.010000000707805157,0.3224795460700989,1.0
1512,0.45033104652165207,72.12200424392074,41.531421286359915,100.0,0.010000000707805157,0.30141782760620117,1.0
1513,0.5392061556748748,75.55339251980375,37.14846564571758,100.0,0.010000000707805157,0.4769006073474884,1.0
1514,0.54143006805483,87.85480197656096,39.87551972901128,100.0,0.010000000707805157,0.4965708255767822,1.0
1515,0.5387801601010991,47.731922360554265,36.751522962806,100.0,0.010000000707805157,0.32211995124816895,1.0
1516,0.6873468966717772,85.7591970047244,36.94011116956835,100.0,0.010000000707805157,0.7132039070129395,1.0
1517,0.6167939187393133,69.4911943265582,36.89821582774139,100.0,0.010000000707805157,0.5169540047645569,1.0
1518,0.6221095651425491,110.84444208395642,40.647287619774445,100.0,0.010000000707805157,0.712732195854187,1.0
1519,0.6865669419620848,62.82037951209373,36.54931991250348,100.0,0.010000000707805157,0.5589590072631836,1.0
1520,0.44543633466325355,56.431420945778434,37.24417300219553,100.0,0.010000000707805157,0.27983027696609497,1.0
1521,0.6149504839500463,91.05321848220554,37.11227092322109,100.0,0.010000000707805157,0.6692616939544678,1.0
1522,0.5400765777543255,87.94848707543696,39.86441156803041,100.0,0.010000000707805157,0.4952559471130371,1.0
1523,0.617151874442132,101.4878750903379,39.10348338198986,100.0,0.010000000707805157,0.6891831159591675,1.0
1524,0.543897501561371,98.6631135861077,41.78395823450609,100.0,0.010000000707805157,0.517099142074585,1.0
1525,0.5346551070764762,75.7871919357027,37.15743212692489,100.0,0.010000000707805157,0.4720917046070099,1.0
1526,0.5387067159368617,87.91793066118814,39.86953295689994,100.0,0.010000000707805157,0.4938117563724518,1.0
1527,0.6876883169294338,62.54123660654857,36.52374559646514,100.0,0.010000000707805157,0.5600124001502991,1.0
1528,0.5386266799318989,87.96719930811079,39.866476794681326,100.0,0.010000000707805157,0.49376991391181946,1.0
1529,0.44221463918237836,56.38544659020905,37.24851528822155,100.0,0.010000000707805157,0.2773224711418152,1.0
1530,0.5383373996577066,87.79671272697011,39.86104661791048,100.0,0.010000000707805157,0.4932248592376709,1.0
1531,0.6877407532751212,62.413262280830764,36.5174204526142,100.0,0.010000000707805157,0.5597333908081055,1.0
1532,0.6198890551870656,110.80710696636996,40.63575592888224,100.0,0.010000000707805157,0.709667444229126,1.0
1533,0.447127788446054,71.8628656272043,41.52013778449136,100.0,0.010000000707805157,0.2994849383831024,1.0
1534,0.7497075291288902,80.36134036245325,36.72186295646084,100.0,0.010000000707805157,0.7529037594795227,1.0
1535,0.3253225932427545,24.82674709218355,38.118557277277894,100.0,0.010000000707805157,0.08366250991821289,1.0
1536,0.4410802161025375,56.19017107699262,37.23744432413332,100.0,0.010000000707805157,0.27643054723739624,1.0
1537,0.44053291252421634,56.101562504064766,37.23442124938122,100.0,0.010000000707805157,0.2760080099105835,1.0
1538,0.5426355304975924,98.09975317705945,41.74314067817267,100.0,0.010000000707805157,0.5154685974121094,1.0
1539,0.44521778201444884,71.45029745257855,41.49565479375252,100.0,0.010000000707805157,0.29832202196121216,1.0
1540,0.5335743332474253,75.17869884908893,37.14128298553019,100.0,0.010000000707805157,0.46927329897880554,1.0
1541,0.6162113165171764,100.82769073397502,39.08270929241807,100.0,0.010000000707805157,0.6849340200424194,1.0
1542,0.5413699071661531,98.00044888865723,41.7433248866879,100.0,0.010000000707805157,0.5142155885696411,1.0
1543,0.5322595280852545,75.21909010959995,37.14703453010864,100.0,0.010000000707805157,0.46786803007125854,1.0
1544,0.6157229754653457,68.8214853121858,36.871014515794045,100.0,0.010000000707805157,0.5136921405792236,1.0
1545,0.43787276606429804,55.877440233083476,37.232498912219874,100.0,0.010000000707805157,0.2739543616771698,1.0
1546,0.6199821997338806,81.74305707374322,40.00837539187157,100.0,0.010000000707805157,0.5370417833328247,1.0
1547,0.5311052592590748,75.20322922864635,37.144626199588856,100.0,0.010000000707805157,0.46645304560661316,1.0
1548,0.6152250635989587,68.76901795243474,36.867570590962984,100.0,0.010000000707805157,0.512843132019043,1.0
1549,0.6891047215594622,61.72312435694926,36.475022802797554,100.0,0.010000000707805157,0.5597686171531677,1.0
1550,0.619289204031317,81.85612901276154,40.00352655970467,100.0,0.010000000707805157,0.5365586280822754,1.0
1551,0.687879918117315,96.26997664342848,39.118817420975944,100.0,0.010000000707805157,0.728753924369812,1.0
1552,0.31842453177805075,24.159133906684982,38.073972187704136,100.0,0.010000000707805157,0.08132992684841156,1.0
1553,0.5358280267856546,87.25183741176174,39.82185628539039,100.0,0.010000000707805157,0.4896880090236664,1.0
1554,0.5355373661787025,46.77723681236709,36.67397263482521,100.0,0.010000000707805157,0.3194618821144104,1.0
1555,0.6237552191636198,118.60901204014492,41.80022150565904,100.0,0.010000000707805157,0.7305895686149597,1.0
1556,0.6878534304722849,61.71200293038531,36.48048001579829,100.0,0.010000000707805157,0.5583739876747131,1.0
1557,0.6873458379487186,96.2579828509369,39.11704442516455,100.0,0.010000000707805157,0.7278909087181091,1.0
1558,0.44272566031467153,71.41055133800398,41.473925295278995,100.0,0.010000000707805157,0.2967279255390167,1.0
1559,0.7468438782244134,99.2344584348748,36.953630988492954,100.0,0.010000000707805157,0.8972760438919067,1.0
1560,0.5395964237810367,98.22855441587201,41.71974816742167,100.0,0.010000000707805157,0.5127903819084167,1.0
1561,0.44208058418247326,71.47028060398942,41.47915494279957,100.0,0.010000000707805157,0.2962988317012787,1.0
1562,0.7527601835452487,91.4456836877618,39.181619913302434,100.0,0.010000000707805157,0.773349940776825,1.0
1563,0.4367034880122783,55.89836760932155,37.21899428770895,100.0,0.010000000707805157,0.273027628660202,1.0
1564,0.6129253612719938,68.88052275348915,36.86865952914122,100.0,0.010000000707805157,0.5108543038368225,1.0
1565,0.6166454325833196,82.08421009913859,40.002670266385415,100.0,0.010000000707805157,0.534125566482544,1.0
1566,0.6124236914817721,68.93864267131059,36.87002504945833,100.0,0.010000000707805157,0.510454535484314,1.0
1567,0.5338960565973526,87.56338651664042,39.82006079291842,100.0,0.010000000707805157,0.48810362815856934,1.0
1568,0.3158740576242732,23.872503433879377,38.0423544954835,100.0,0.010000000707805157,0.08034642040729523,1.0
1569,0.6825610468626356,85.31249481723786,36.92117899274415,100.0,0.010000000707805157,0.7024303078651428,1.0
1570,0.4349009626104971,55.79820828952719,37.209386359718486,100.0,0.010000000707805157,0.27163708209991455,1.0
1571,0.6121094527402897,68.77485886825863,36.862473596077336,100.0,0.010000000707805157,0.5094563961029053,1.0
1572,0.5389984619923935,97.9424111683842,41.6855071544345,100.0,0.010000000707805157,0.5120171904563904,1.0
1573,0.5381446670291333,97.98150017359042,41.686792864263055,100.0,0.010000000707805157,0.5112113952636719,1.0
1574,0.5283428679446113,75.09907813620647,37.12775231874937,100.0,0.010000000707805157,0.46305203437805176,1.0
1575,0.6896892954093655,105.94428896794214,40.74893646759159,100.0,0.010000000707805157,0.7494539022445679,1.0
1576,0.8123623311992489,113.65615679359358,40.09494422722199,100.0,0.010000000707805157,0.9873794317245483,1.0
1577,0.532847228506335,46.83141883969325,36.67766881134216,100.0,0.010000000707805157,0.3176387548446655,1.0
1578,0.6147040457237829,82.2062941040167,40.00019708017696,100.0,0.010000000707805157,0.5323086380958557,1.0
1579,0.4347869054891876,55.79189159746167,37.205387425904924,100.0,0.010000000707805157,0.27155447006225586,1.0
1580,0.6841380270686227,96.44806733012679,39.11214430784029,100.0,0.010000000707805157,0.724006712436676,1.0
1581,0.5358026077643165,98.49147702751615,41.69024516379886,100.0,0.010000000707805157,0.5093746781349182,1.0
1582,0.5349620274014552,98.52715241768517,41.691277742287575,100.0,0.010000000707805157,0.5085797309875488,1.0
1583,0.6112953873613022,68.75653237541253,36.862091167474894,100.0,0.010000000707805157,0.5090771317481995,1.0
1584,0.4341302261635537,55.69462351940781,37.20305545489316,100.0,0.010000000707805157,0.2710561752319336,1.0
1585,0.6110943283797563,68.69756501417004,36.859116286973794,100.0,0.010000000707805157,0.508590042591095,1.0
1586,0.5311438266708796,87.52935342360821,39.81093342066688,100.0,0.010000000707805157,0.48516884446144104,1.0
1587,0.6840895634596712,61.63626576981265,36.4813133628798,100.0,0.010000000707805157,0.5547198057174683,1.0
1588,0.6102063805973011,68.80467144466685,36.86156697034964,100.0,0.010000000707805157,0.5078518390655518,1.0
1589,0.6134045331590675,82.19589244112214,39.9900894042242,100.0,0.010000000707805157,0.5309482216835022,1.0
1590,0.5309098680494948,87.64408007805584,39.805144045862626,100.0,0.010000000707805157,0.4850793182849884,1.0
1591,0.4330105458474516,55.67776211138057,37.194760121227375,100.0,0.010000000707805157,0.2702048420906067,1.0
1592,0.31097425496142483,23.352979867945887,37.98986950617206,100.0,0.010000000707805157,0.07857881486415863,1.0
1593,0.3091734059789881,23.194756800362843,37.97932529324158,100.0,0.010000000707805157,0.07802654802799225,1.0
1594,0.8089095643128542,73.39946686454475,36.40695569589411,100.0,0.010000000707805157,0.791782021522522,1.0
1595,0.6835054572675908,96.21000800148903,39.088863414161125,100.0,0.010000000707805157,0.7220253944396973,1.0
1596,0.9119892615782502,84.36862271904346,36.403837653858375,100.0,0.010000000707805157,1.0258409976959229,1.0
1597,0.4386603588994095,71.6924808060748,41.4168697813071,100.0,0.010000000707805157,0.2940170168876648,1.0
1598,0.6794155433078404,62.05339544821093,36.524764487566834,100.0,0.010000000707805157,0.5499247908592224,1.0
1599,0.526943309131815,75.32803256917686,37.101919066604346,100.0,0.010000000707805157,0.4621025025844574,1.0
1600,0.5308647259018242,87.71508223465574,39.77760663704516,100.0,0.010000000707805157,0.48506778478622437,1.0
1601,0.6168404535852301,119.67630980606842,41.72687707174203,100.0,0.010000000707805157,0.7238448858261108,1.0
1602,0.4326655146935715,55.70829904395196,37.1789296715809,100.0,0.010000000707805157,0.2699422240257263,1.0
1603,0.5285874507585502,46.72028144564905,36.681337991858776,100.0,0.010000000707805157,0.31413283944129944,1.0
1604,0.43207584068181787,55.561754080665004,37.1709738674128,100.0,0.010000000707805157,0.269487589597702,1.0
1605,0.5282147404338695,46.587587698252676,36.67388001508887,100.0,0.010000000707805157,0.3137093186378479,1.0
1606,0.4315030212809991,55.417410867919045,37.163049116534715,100.0,0.010000000707805157,0.2690397799015045,1.0
1607,0.43097586074978655,55.33299615719542,37.160068252243725,100.0,0.010000000707805157,0.26863205432891846,1.0
1608,0.5278067514329088,46.35238051855266,36.65886281498154,100.0,0.010000000707805157,0.3131943941116333,1.0
1609,0.5348900230585723,97.82591756850155,41.593447099219354,100.0,0.010000000707805157,0.5079569220542908,1.0
1610,0.7476845490880186,91.1910344021872,39.139264648859765,100.0,0.010000000707805157,0.7648221254348755,1.0
1611,0.607863750276725,68.4906136262357,36.84503041599916,100.0,0.010000000707805157,0.5043662786483765,1.0
1612,0.5261490351392133,74.81867724609337,37.08363724300246,100.0,0.010000000707805157,0.45996353030204773,1.0
1613,0.30619930812661117,22.84973047910138,37.91200390523286,100.0,0.010000000707805157,0.07691605389118195,1.0
1614,0.5268293136195942,46.25296058977044,36.65510128430269,100.0,0.010000000707805157,0.31233322620391846,1.0
1615,0.685949008731609,105.78957301038666,40.663225891703185,100.0,0.010000000707805157,0.7436463832855225,1.0
1616,0.3046788368034275,22.706563443060677,37.89720190602202,100.0,0.010000000707805157,0.07642731815576553,1.0
1617,0.8092377170140098,113.28990031987044,40.0190249363459,100.0,0.010000000707805157,0.9793318510055542,1.0
1618,0.6814399572354559,96.11247110966808,39.060705764937445,100.0,0.010000000707805157,0.7186263203620911,1.0
1619,0.612905881484141,110.40513984674207,40.49085302167739,100.0,0.010000000707805157,0.6980243921279907,1.0
1620,0.7421136196473126,79.68057212076897,36.704578626279236,100.0,0.010000000707805157,0.738741397857666,1.0
1621,0.608888259742613,82.23681974523046,39.94784575922953,100.0,0.010000000707805157,0.5261708498001099,1.0
1622,0.5288585772985779,87.53356192125015,39.749729600691914,100.0,0.010000000707805157,0.48269668221473694,1.0
1623,0.5285726334937711,87.50406286106629,39.75030499844162,100.0,0.010000000707805157,0.48237234354019165,1.0
1624,0.5249260431150784,74.9030812389573,37.0797604153365,100.0,0.010000000707805157,0.4589496850967407,1.0
1625,0.6820337707200632,106.52423827444346,40.68220176268359,100.0,0.010000000707805157,0.7406489849090576,1.0
1626,0.7403573966152868,79.88009378964335,36.71041759624045,100.0,0.010000000707805157,0.7374616861343384,1.0
1627,0.43411312171218597,71.65881470560574,41.37244954371651,100.0,0.010000000707805157,0.291130006313324,1.0
1628,0.6048706489557745,68.74714744773452,36.850683816058755,100.0,0.010000000707805157,0.5020437836647034,1.0
1629,0.4292191241217793,55.44224316588894,37.14515867713831,100.0,0.010000000707805157,0.2673903703689575,1.0
1630,0.8557490956377057,100.5283177389443,38.64561319707877,100.0,0.010000000707805157,0.9949657917022705,1.0
1631,0.6068213672353053,82.5970501165036,39.95254030564871,100.0,0.010000000707805157,0.52469801902771,1.0
1632,0.7420586356485647,118.6249670660101,39.930802089009624,100.0,0.010000000707805157,0.9292826652526855,1.0
1633,0.43406933957240706,71.99964239355607,41.37285128056254,100.0,0.010000000707805157,0.29099220037460327,1.0
1634,0.5296460893931264,99.15144886428966,41.590631961036955,100.0,0.010000000707805157,0.5040343403816223,1.0
1635,0.4296719498531579,55.521368662937405,37.14378992871415,100.0,0.010000000707805157,0.2677620053291321,1.0
1636,0.6782816107300402,107.1489671539193,40.6869714581317,100.0,0.010000000707805157,0.7372814416885376,1.0
1637,0.43214438366794344,71.92830865686257,41.36931694996142,100.0,0.010000000707805157,0.28973454236984253,1.0
1638,0.42928753086946947,55.354960448113644,37.13825494327202,100.0,0.010000000707805157,0.2674783766269684,1.0
1639,0.4311534761840273,71.69919813010773,41.35889426067411,100.0,0.010000000707805157,0.2891639471054077,1.0
1640,0.6081060805023636,110.96948851323505,40.49089821626926,100.0,0.010000000707805157,0.693135678768158,1.0
1641,0.742756961141334,126.99342944474634,41.00792566350299,100.0,0.010000000707805157,0.9489760398864746,1.0
1642,0.6044327430537805,90.38239516604087,37.05254949142789,100.0,0.010000000707805157,0.6496069431304932,1.0
1643,0.6745099078656981,61.82358550293626,36.5238396234008,100.0,0.010000000707805157,0.5451282858848572,1.0
1644,0.6044641428460302,82.77895584927664,39.96646650747759,100.0,0.010000000707805157,0.5225092172622681,1.0
1645,0.3059726283895957,22.699557103270582,37.87030291760691,100.0,0.010000000707805157,0.07649575918912888,1.0
1646,0.6033882143309738,68.63119971385652,36.845658270641316,100.0,0.010000000707805157,0.5006559491157532,1.0
1647,0.6031734998293982,90.44563670203394,37.047322295497196,100.0,0.010000000707805157,0.6479690670967102,1.0
1648,0.42709459245822673,55.37926566539968,37.13727103353569,100.0,0.010000000707805157,0.26588064432144165,1.0
1649,0.6751915805014084,96.7943917386115,39.074143685798994,100.0,0.010000000707805157,0.7126400470733643,1.0
1650,0.4265459517519392,55.38088881736588,37.13660808269148,100.0,0.010000000707805157,0.2654789686203003,1.0
1651,0.7978474255840367,105.08744882424953,38.62277484986574,100.0,0.010000000707805157,0.9469017386436462,1.0
1652,0.6022680820402208,101.69011155359304,39.00903538724124,100.0,0.010000000707805157,0.6674532294273376,1.0
1653,0.4258398560785083,55.560683862887664,37.1424356674626,100.0,0.010000000707805157,0.2649763524532318,1.0
1654,0.4252891840873538,55.473920156043974,37.13941970636034,100.0,0.010000000707805157,0.26456552743911743,1.0
1655,0.6046053076028095,82.4400539056274,39.94576845334402,100.0,0.010000000707805157,0.5224113464355469,1.0
1656,0.5227022478188982,87.85535113819802,39.740837395594376,100.0,0.010000000707805157,0.47700971364974976,1.0
1657,0.6013709428487073,68.69225306258787,36.84421036132336,100.0,0.010000000707805157,0.4983786940574646,1.0
1658,0.5218289058077743,46.343955076156114,36.660778442322524,100.0,0.010000000707805157,0.3092212677001953,1.0
1659,0.42873286710788616,71.62192298576174,41.34268027673013,100.0,0.010000000707805157,0.2877861261367798,1.0
1660,0.42809558142953075,71.53093178436126,41.33818294758162,100.0,0.010000000707805157,0.28738805651664734,1.0
1661,0.5225802535147747,87.51600657558137,39.72618774892511,100.0,0.010000000707805157,0.47638240456581116,1.0
1662,0.6042908421687959,82.13918104413568,39.93025658460674,100.0,0.010000000707805157,0.5215207934379578,1.0
1663,0.6039425908870997,82.192295771415,39.9309670814593,100.0,0.010000000707805157,0.521219789981842,1.0
1664,0.6724351068879542,85.07922798396903,36.88900883466462,100.0,0.010000000707805157,0.6875391602516174,1.0
1665,0.6042165395771795,111.11889597416774,40.4659668305453,100.0,0.010000000707805157,0.6886067390441895,1.0
1666,0.4267562293339335,71.64771260663787,41.34127057779644,100.0,0.010000000707805157,0.28650128841400146,1.0
1667,0.6032497203751637,82.27960144942864,39.93556356572503,100.0,0.010000000707805157,0.5206924676895142,1.0
1668,0.7368295816174694,79.61404194381592,36.70171012802035,100.0,0.010000000707805157,0.7320729494094849,1.0
1669,0.6007732019830442,101.4629214183642,38.993517590579806,100.0,0.010000000707805157,0.6644814014434814,1.0
1670,0.6698528004513628,85.42829553122256,36.89722886650242,100.0,0.010000000707805157,0.6855931282043457,1.0
1671,0.4268988880503353,71.83140065441329,41.343781924159124,100.0,0.010000000707805157,0.28659525513648987,1.0
1672,0.6022824127442629,82.50621300413792,39.94006293623384,100.0,0.010000000707805157,0.5201890468597412,1.0
1673,0.5200098097674936,46.23037838869595,36.655718222276185,100.0,0.010000000707805157,0.3079492747783661,1.0
1674,0.6719135163617641,96.88554568685028,39.06133307853023,100.0,0.010000000707805157,0.7084349393844604,1.0
1675,0.5195674614788618,46.28195348663648,36.661517301571315,100.0,0.010000000707805157,0.30760735273361206,1.0
1676,0.6720457583067533,122.51901494504884,39.796748844438504,100.0,0.010000000707805157,0.8755894899368286,1.0
1677,0.6706680791859675,97.11378956498555,39.06839852865179,100.0,0.010000000707805157,0.7076083421707153,1.0
1678,0.6005156565420162,111.79501769518771,40.473667902745014,100.0,0.010000000707805157,0.6855998039245605,1.0
1679,0.7327647515067746,80.13734978905796,36.71853911076149,100.0,0.010000000707805157,0.7291823625564575,1.0
1680,0.6000687014858624,83.03930901435845,39.95580164553006,100.0,0.010000000707805157,0.5188143253326416,1.0
1681,0.6685599441789025,97.54840187817118,39.0797593642679,100.0,0.010000000707805157,0.7063543200492859,1.0
1682,0.42608599596332475,72.34072214560572,41.349966258351145,100.0,0.010000000707805157,0.2859259247779846,1.0
1683,0.7903882163648578,105.88995004900491,38.637359197992936,100.0,0.010000000707805157,0.9390130043029785,1.0
1684,0.5987386066225232,83.35224960982843,39.96473611081924,100.0,0.010000000707805157,0.5178855657577515,1.0
1685,0.5182148647817062,46.713894861316405,36.694409237488365,100.0,0.010000000707805157,0.3069567382335663,1.0
1686,0.42577000765171824,72.44619680671941,41.34187492070018,100.0,0.010000000707805157,0.28567272424697876,1.0
1687,0.4250943693502049,72.35000533795503,41.33710218079493,100.0,0.010000000707805157,0.2852665185928345,1.0
1688,0.5984678293181017,83.0985307886839,39.95063675603114,100.0,0.010000000707805157,0.5170925855636597,1.0
1689,0.7315655447321905,92.79322165703738,39.17634350170563,100.0,0.010000000707805157,0.749004602432251,1.0
1690,0.5179136531760564,88.59959733148041,39.735716316852844,100.0,0.010000000707805157,0.47316044569015503,1.0
1691,0.42231693590056474,55.458714982909775,37.11087287930644,100.0,0.010000000707805157,0.2625551223754883,1.0
1692,0.5994820514089335,121.50980938414195,41.611659831496034,100.0,0.010000000707805157,0.7057223916053772,1.0
1693,0.5952533258053123,90.85923663906371,37.03834229920756,100.0,0.010000000707805157,0.638991117477417,1.0
1694,0.5975415975658316,83.21429749781255,39.9573785989315,100.0,0.010000000707805157,0.5163825154304504,1.0
1695,0.2994826089232677,21.952542840123815,37.765025431810706,100.0,0.010000000707805157,0.07413660734891891,1.0
1696,0.420842540500746,55.25179417820992,37.106057475918085,100.0,0.010000000707805157,0.2614838778972626,1.0
1697,0.5964921844266745,68.65521814679111,36.838933052681156,100.0,0.010000000707805157,0.49369317293167114,1.0
1698,0.5165959482818405,88.20892250478286,39.720983134175455,100.0,0.010000000707805157,0.471391499042511,1.0
1699,0.5144097098966496,75.02009383308436,37.05198865561724,100.0,0.010000000707805157,0.448397696018219,1.0
1700,0.669409718077286,107.6762613495273,40.64652959038368,100.0,0.010000000707805157,0.7270075678825378,1.0
1701,0.42159808917967684,72.12328933274479,41.32092127310403,100.0,0.010000000707805157,0.28315606713294983,1.0
1702,0.517056058579551,99.64934373516884,41.5172093200367,100.0,0.010000000707805157,0.4929581880569458,1.0
1703,0.420249284174583,72.04244557312329,41.31777381549697,100.0,0.010000000707805157,0.2822924554347992,1.0
1704,0.41905243108230744,54.887224983475555,37.095463298743596,100.0,0.010000000707805157,0.26016297936439514,1.0
1705,0.5970614369367806,68.21837418383382,36.823052364002514,100.0,0.010000000707805157,0.49335694313049316,1.0
1706,0.514308610359932,74.64466553875914,37.04355613792199,100.0,0.010000000707805157,0.44746777415275574,1.0
1707,0.41936867615858014,71.74432799032503,41.30378341244566,100.0,0.010000000707805157,0.2818644344806671,1.0
1708,0.6695422904668479,107.23111882140908,40.627577059825164,100.0,0.010000000707805157,0.7257887125015259,1.0
1709,0.5966591669007254,68.18261064674964,36.82114860563325,100.0,0.010000000707805157,0.4928768277168274,1.0
1710,0.5146996912435493,87.85671147952925,39.71052364242611,100.0,0.010000000707805157,0.46903812885284424,1.0
1711,0.5950730000353048,101.41566119952797,38.978212858392844,100.0,0.010000000707805157,0.656390905380249,1.0
1712,0.29063764555709115,21.150864726872626,37.710114833876226,100.0,0.010000000707805157,0.0714411735534668,1.0
1713,0.41639558363773926,54.665460669071486,37.086819944532095,100.0,0.010000000707805157,0.2582155466079712,1.0
1714,0.5128031461870071,74.38015542026672,37.03867319828576,100.0,0.010000000707805157,0.44517990946769714,1.0
1715,0.6702112840341639,60.80100130275427,36.481146135593626,100.0,0.010000000707805157,0.5394557118415833,1.0
1716,0.4154552276178723,54.66166361277245,37.082441264507175,100.0,0.010000000707805157,0.25754237174987793,1.0
1717,0.28681228788007546,20.813451760879992,37.67751240193125,100.0,0.010000000707805157,0.07031162828207016,1.0
1718,0.4168222431557115,71.16387878479227,41.269004207243334,100.0,0.010000000707805157,0.28044503927230835,1.0
1719,0.5142276999641094,87.08970889844863,39.67557718858469,100.0,0.010000000707805157,0.4674725830554962,1.0
1720,0.5139513497939938,87.06601490526009,39.67612154699415,100.0,0.010000000707805157,0.46716415882110596,1.0
1721,0.41550889945245895,71.03399770090492,41.26596103476329,100.0,0.010000000707805157,0.2796269953250885,1.0
1722,0.5126523517406695,73.83962046191384,37.023143143930646,100.0,0.010000000707805157,0.44361215829849243,1.0
1723,0.7365835610112329,78.49352011875435,36.66174893252691,100.0,0.010000000707805157,0.726934015750885,1.0
1724,0.5131713298255115,87.08126781330587,39.67143559566626,100.0,0.010000000707805157,0.4664645195007324,1.0
1725,0.6695199184962588,95.95707990137105,39.01637214105239,100.0,0.010000000707805157,0.7014250159263611,1.0
1726,0.4152150254826478,71.11557145122735,41.26688069624504,100.0,0.010000000707805157,0.2794875502586365,1.0
1727,0.5970333879864308,119.82625424545483,41.52082698458836,100.0,0.010000000707805157,0.7001913189888,1.0
1728,0.5146843947445585,44.982525538011025,36.56832393642818,100.0,0.010000000707805157,0.30401384830474854,1.0
1729,0.4128571562668523,54.17588778837491,37.06447897597594,100.0,0.010000000707805157,0.2555882930755615,1.0
1730,0.5965517898529169,67.3653701417633,36.78727279627407,100.0,0.010000000707805157,0.49055686593055725,1.0
1731,0.670043762239127,106.36547897528702,40.579417321095924,100.0,0.010000000707805157,0.7241729497909546,1.0
1732,0.6676568124151632,84.24842608782772,36.85662676424485,100.0,0.010000000707805157,0.6771941184997559,1.0
1733,0.4120287561292945,54.32715310465032,37.06603898228467,100.0,0.010000000707805157,0.25508081912994385,1.0
1734,0.596686949845222,81.70031777889412,39.882889909546726,100.0,0.010000000707805157,0.5134429931640625,1.0
1735,0.595074580262923,67.56212106307437,36.79296338145161,100.0,0.010000000707805157,0.48953521251678467,1.0
1736,0.41145584832958854,54.2880826798213,37.060747129111974,100.0,0.010000000707805157,0.25467851758003235,1.0
1737,0.5111729019353404,87.07115074731752,39.6603919346211,100.0,0.010000000707805157,0.4645524024963379,1.0
1738,0.7337833567915653,117.79398933662166,39.83738053180868,100.0,0.010000000707805157,0.9098691940307617,1.0
1739,0.41296301224625626,71.19718023771364,41.25959402850439,100.0,0.010000000707805157,0.2781142592430115,1.0
1740,0.5102856316869641,87.16695862784535,39.667986285405775,100.0,0.010000000707805157,0.4638208746910095,1.0
1741,0.59588400519298,81.68941349602652,39.882502424931495,100.0,0.010000000707805157,0.512673020362854,1.0
1742,0.5928619264535254,110.82842643844548,40.38662257486584,100.0,0.010000000707805157,0.6732004880905151,1.0
1743,0.5944730377908481,67.49455900185337,36.78958075229289,100.0,0.010000000707805157,0.48898062109947205,1.0
1744,0.4115860261914524,71.22731794088884,41.2592159095978,100.0,0.010000000707805157,0.27724117040634155,1.0
1745,0.5944654946201718,67.41314316465711,36.78628499819021,100.0,0.010000000707805157,0.48875513672828674,1.0
1746,0.5102526979568995,98.69381450677497,41.43434592907346,100.0,0.010000000707805157,0.48639294505119324,1.0
1747,0.27817049708370395,19.99021531489212,37.6026845298194,100.0,0.010000000707805157,0.0676310583949089,1.0
1748,0.2764948776687092,19.849222503642412,37.59125169818365,100.0,0.010000000707805157,0.06715074181556702,1.0
1749,0.7971783574701441,72.09880816570877,36.40104889293111,100.0,0.010000000707805157,0.7736799716949463,1.0
1750,0.5095884766893981,86.98464917598588,39.652376411248476,100.0,0.010000000707805157,0.4628567397594452,1.0
1751,0.6671902315652645,106.44960150053811,40.560567163021126,100.0,0.010000000707805157,0.720639705657959,1.0
1752,0.5939377235305927,81.74883576430521,39.87606555571205,100.0,0.010000000707805157,0.5106868147850037,1.0
1753,0.5112637511838335,44.80839527696584,36.56613513276874,100.0,0.010000000707805157,0.30153441429138184,1.0
1754,0.5936831241488619,67.28718971845119,36.78089772917009,100.0,0.010000000707805157,0.48778170347213745,1.0
1755,0.40971198502938017,71.14239416568113,41.22750095573296,100.0,0.010000000707805157,0.2760862112045288,1.0
1756,0.6661765863744988,95.89669259486321,39.00234104105339,100.0,0.010000000707805157,0.696694016456604,1.0
1757,0.665455079269298,96.04595671725438,39.00629367131729,100.0,0.010000000707805157,0.6963115930557251,1.0
1758,0.5926158238643202,67.42916051228816,36.78520976573438,100.0,0.010000000707805157,0.4870944321155548,1.0
1759,0.40945037519578426,71.28377987354006,41.228781257513525,100.0,0.010000000707805157,0.27593040466308594,1.0
1760,0.7312230652151451,78.56803222195057,36.66923270769905,100.0,0.010000000707805157,0.7208299040794373,1.0
1761,0.6640684179451459,107.01865811086368,40.56003946125082,100.0,0.010000000707805157,0.7181342244148254,1.0
1762,0.6630911317194021,107.23062181191648,40.56662118772154,100.0,0.010000000707805157,0.7173546552658081,1.0
1763,0.4096372286657174,54.185350996250804,37.03473103773849,100.0,0.010000000707805157,0.25365447998046875,1.0
1764,0.6605981228664842,139.19102979235208,41.515482283738194,100.0,0.010000000707805157,0.9007038474082947,1.0
1765,0.5066079189809801,87.67773777083436,39.67140415724349,100.0,0.010000000707805157,0.46099239587783813,1.0
1766,0.5902991144652628,82.35783696613042,39.894463716077745,100.0,0.010000000707805157,0.5079474449157715,1.0
1767,0.6631183163566596,84.35766936972611,36.85059465423406,100.0,0.010000000707805157,0.672871470451355,1.0
1768,0.5066155929445129,74.12953534722556,37.00381136187815,100.0,0.010000000707805157,0.4389113783836365,1.0
1769,0.6613725471741468,96.72865215596134,39.02684879692273,100.0,0.010000000707805157,0.6934148073196411,1.0
1770,0.7856190992886537,115.23940325415184,39.98582639392164,100.0,0.010000000707805157,0.9484974145889282,1.0
1771,0.4080620264762047,72.11869480382384,41.256262401463545,100.0,0.010000000707805157,0.27488547563552856,1.0
1772,0.5056286558745753,74.30865023006274,37.00662589510424,100.0,0.010000000707805157,0.4384101629257202,1.0
1773,0.4073511548641808,71.95535950332864,41.25061763121249,100.0,0.010000000707805157,0.27450308203697205,1.0
1774,0.40772772471255386,54.25379908895365,37.038610923746496,100.0,0.010000000707805157,0.2524118423461914,1.0
1775,0.6607443281051589,96.70535097761788,39.02517192808932,100.0,0.010000000707805157,0.6924729943275452,1.0
1776,0.6603307769085986,84.61982462521075,36.85600449320346,100.0,0.010000000707805157,0.6700737476348877,1.0
1777,0.5038208061089575,87.99181660087808,39.66958105596752,100.0,0.010000000707805157,0.4588470458984375,1.0
1778,0.4065397951788259,71.86920835146718,41.24650563068807,100.0,0.010000000707805157,0.2740635871887207,1.0
1779,0.4059303234563093,71.781372214125,41.24176300251796,100.0,0.010000000707805157,0.27369168400764465,1.0
1780,0.7242751156993826,118.88800711771847,39.84425181817833,100.0,0.010000000707805157,0.8989834785461426,1.0
1781,0.40535330921038587,71.9010914374129,41.24684482987478,100.0,0.010000000707805157,0.2732886075973511,1.0
1782,0.40614474164742675,54.12872537260325,37.03456850721406,100.0,0.010000000707805157,0.251295804977417,1.0
1783,0.5886059539658802,82.31108901082233,39.88966024962278,100.0,0.010000000707805157,0.5063836574554443,1.0
1784,0.5077042291566765,44.81591905498023,36.57067410271835,100.0,0.010000000707805157,0.2995046377182007,1.0
1785,0.5881731266371522,82.31839841884498,39.88510548834301,100.0,0.010000000707805157,0.5058940649032593,1.0
1786,0.5071488446778767,44.829748186693074,36.576734735147426,100.0,0.010000000707805157,0.29901814460754395,1.0
1787,0.5846358323725829,111.61831401628667,40.360313584034685,100.0,0.010000000707805157,0.6645846366882324,1.0
1788,0.6595490977832372,96.62599704257084,39.020378079267594,100.0,0.010000000707805157,0.6905286312103271,1.0
1789,0.40562303561589513,54.03823657042903,37.023048774971855,100.0,0.010000000707805157,0.2509784698486328,1.0
1790,0.5024119453090901,87.6736574469817,39.6555847936388,100.0,0.010000000707805157,0.4569929242134094,1.0
1791,0.5833739466383632,111.67947747349038,40.363804160913304,100.0,0.010000000707805157,0.6631935238838196,1.0
1792,0.6590058385090568,96.6393490195668,39.022929761872824,100.0,0.010000000707805157,0.6898497343063354,1.0
1793,0.6593615678378089,84.38398736900254,36.84792103713292,100.0,0.010000000707805157,0.66806560754776,1.0
1794,0.6569499813153716,107.90712883201603,40.575233244085986,100.0,0.010000000707805157,0.711078941822052,1.0
1795,0.5063861325428588,44.94043676691462,36.58133271979829,100.0,0.010000000707805157,0.2988412380218506,1.0
1796,0.7248066890227338,78.99424047608836,36.68532905909066,100.0,0.010000000707805157,0.7155230045318604,1.0
1797,0.5854494142158562,82.8623594291962,39.8999356991099,100.0,0.010000000707805157,0.5040762424468994,1.0
1798,0.7182997347898228,128.8671629424011,40.87284064387948,100.0,0.010000000707805157,0.9157087802886963,1.0
1799,0.7177031208941897,119.99934457263006,39.862126466098935,100.0,0.010000000707805157,0.8929991722106934,1.0
1800,0.5851406877987861,68.14499065482612,36.80831747288166,100.0,0.010000000707805157,0.48221489787101746,1.0
1801,0.500700229673116,74.63028943669863,37.00186760751956,100.0,0.010000000707805157,0.43454408645629883,1.0
1802,0.6538887314123439,97.68369406889988,39.046988736327016,100.0,0.010000000707805157,0.6867419481277466,1.0
1803,0.27735085778740476,19.70838216275121,37.49644779463108,100.0,0.010000000707805157,0.06704874336719513,1.0
1804,0.7177848588412792,99.22590394145587,36.89081516621342,100.0,0.010000000707805157,0.8487656712532043,1.0
1805,0.5836574894436846,83.32979732364647,39.91669901022582,100.0,0.010000000707805157,0.5030838251113892,1.0
1806,0.4981753526099496,100.82969922858892,41.42053759277125,100.0,0.010000000707805157,0.4768398106098175,1.0
1807,0.6529679593532818,97.76537734921403,39.04747935704034,100.0,0.010000000707805157,0.685779869556427,1.0
1808,0.65188608149018,109.05048306806809,40.59825916406838,100.0,0.010000000707805157,0.7072145342826843,1.0
1809,0.6518678260151635,98.02034666905953,39.056603235893164,100.0,0.010000000707805157,0.6851394772529602,1.0
1810,0.49744862716523536,89.06176508742847,39.68878955318898,100.0,0.010000000707805157,0.45406079292297363,1.0
1811,0.5040482640846232,45.43520025016981,36.625590011863856,100.0,0.010000000707805157,0.29763856530189514,1.0
1812,0.6520836520375373,85.39889103874314,36.8708711951127,100.0,0.010000000707805157,0.6632577180862427,1.0
1813,0.4026314650138999,54.77512622099471,37.03486458648654,100.0,0.010000000707805157,0.24933674931526184,1.0
1814,0.7137266426151603,110.61712018972541,38.57569910568463,100.0,0.010000000707805157,0.8669444918632507,1.0
1815,0.5034884447375285,45.5044313846896,36.6318402653664,100.0,0.010000000707805157,0.297269731760025,1.0
1816,0.5816229345625229,83.63819533386783,39.92255400040013,100.0,0.010000000707805157,0.5014657974243164,1.0
1817,0.5757610731967197,113.47194481190135,40.38469947440664,100.0,0.010000000707805157,0.6577993631362915,1.0
1818,0.6551483149737659,61.360822460121675,36.55836015349449,100.0,0.010000000707805157,0.5272504687309265,1.0
1819,0.4960839188284898,101.37272561626193,41.41856043242452,100.0,0.010000000707805157,0.47514575719833374,1.0
1820,0.40198103756095166,54.753453818528065,37.02830777955008,100.0,0.010000000707805157,0.24894671142101288,1.0
1821,0.6500599407941613,98.09832803990749,39.04949683784933,100.0,0.010000000707805157,0.6829510927200317,1.0
1822,0.49594922905434563,74.98992184820325,37.00119930165761,100.0,0.010000000707805157,0.4306683838367462,1.0
1823,0.6495400240818449,98.16004091648963,39.049380082606845,100.0,0.010000000707805157,0.6824836730957031,1.0
1824,0.6487002095278964,85.71181122546993,36.87769274411245,100.0,0.010000000707805157,0.6597886085510254,1.0
1825,0.5802584168462078,83.84161292061148,39.92702273827192,100.0,0.010000000707805157,0.5004320740699768,1.0
1826,0.714701468046941,80.23062231292214,36.73723030898483,100.0,0.010000000707805157,0.7072641849517822,1.0
1827,0.7101776661083077,130.61779635902852,40.892663999064766,100.0,0.010000000707805157,0.9085519313812256,1.0
1828,0.49365380763952643,75.50369730060031,37.00996583465617,100.0,0.010000000707805157,0.4294816553592682,1.0
1829,0.40135688324875446,73.24653899784244,41.252917045215575,100.0,0.010000000707805157,0.2705592215061188,1.0
1830,0.49444847138549414,101.67437368784142,41.41973507467499,100.0,0.010000000707805157,0.47380465269088745,1.0
1831,0.27598613979884745,19.49382955168739,37.435392554259955,100.0,0.010000000707805157,0.06652799248695374,1.0
1832,0.7758983381770231,74.04693242524098,36.55044293381078,100.0,0.010000000707805157,0.7553271055221558,1.0
1833,0.500572828031274,45.683106601839526,36.664718290597726,100.0,0.010000000707805157,0.2951842248439789,1.0
1834,0.40006151595988904,54.840910945429606,37.01668171536489,100.0,0.010000000707805157,0.24774818122386932,1.0
1835,0.27425816216337595,19.33376509618603,37.403455824069866,100.0,0.010000000707805157,0.06603118777275085,1.0
1836,0.49424438753339095,74.84234322903326,36.983729106200485,100.0,0.010000000707805157,0.42875778675079346,1.0
1837,0.4943461373001029,101.06425704405963,41.37750052243457,100.0,0.010000000707805157,0.4735090732574463,1.0
1838,0.3983271844934813,72.6750984778545,41.21068644619828,100.0,0.010000000707805157,0.26890721917152405,1.0
1839,0.4942141816189422,74.59957102195929,36.98012582213593,100.0,0.010000000707805157,0.428188681602478,1.0
1840,0.3976911533040831,54.39385491474255,37.00386167744399,100.0,0.010000000707805157,0.24598801136016846,1.0
1841,0.648867564303556,85.11538951341426,36.85857582469758,100.0,0.010000000707805157,0.6572294235229492,1.0
1842,0.579235870000426,83.27852639802062,39.89100146841791,100.0,0.010000000707805157,0.4985998272895813,1.0
1843,0.39688257439042235,54.42181715933715,37.00230225543381,100.0,0.010000000707805157,0.2454531490802765,1.0
1844,0.7160987024293334,92.83093223927763,39.147713198832484,100.0,0.010000000707805157,0.7285624742507935,1.0
1845,0.4929345468848195,88.7145094106956,39.63221292430399,100.0,0.010000000707805157,0.44946542382240295,1.0
1846,0.4931019028129385,100.80777299197126,41.358479029457015,100.0,0.010000000707805157,0.4723222553730011,1.0
1847,0.4923694137900268,74.56246355133813,36.97728371935631,100.0,0.010000000707805157,0.4262358248233795,1.0
1848,0.4991803409630647,45.01182077325203,36.61873833828666,100.0,0.010000000707805157,0.29392459988594055,1.0
1849,0.3961805389011236,72.31876432255127,41.18656537235219,100.0,0.010000000707805157,0.267764687538147,1.0
1850,0.6485002874533036,97.47954762655877,39.009894678957046,100.0,0.010000000707805157,0.6786991357803345,1.0
1851,0.5724013787463929,122.69027064422343,41.40856339192144,100.0,0.010000000707805157,0.6753832697868347,1.0
1852,0.49163991858903167,88.56772967050382,39.63409143510708,100.0,0.010000000707805157,0.44797253608703613,1.0
1853,0.49874659336659444,44.873542826457445,36.61031867460188,100.0,0.010000000707805157,0.2936417758464813,1.0
1854,0.49843837068625513,44.86058699250848,36.613060296333686,100.0,0.010000000707805157,0.2933349013328552,1.0
1855,0.5776309243814198,83.097278162586,39.87749261882351,100.0,0.010000000707805157,0.49657219648361206,1.0
1856,0.26451138919470407,18.471150729288773,37.31503853615732,100.0,0.010000000707805157,0.06323184072971344,1.0
1857,0.3936517728167794,72.12266190476949,41.16431612622057,100.0,0.010000000707805157,0.26621881127357483,1.0
1858,0.3950120994964779,53.738125358532415,36.96858592521275,100.0,0.010000000707805157,0.24404682219028473,1.0
1859,0.6493071323009347,96.97044334855681,38.992850050261765,100.0,0.010000000707805157,0.67793208360672,1.0
1860,0.7158393185898434,92.40147332804388,39.13055174421919,100.0,0.010000000707805157,0.7263833284378052,1.0
1861,0.39313410762514045,72.16955287467111,41.15898216095161,100.0,0.010000000707805157,0.26589396595954895,1.0
1862,0.6482414230409657,97.17429927039402,38.997760689365954,100.0,0.010000000707805157,0.6771869659423828,1.0
1863,0.7153857888536543,79.11350354812745,36.71232070774908,100.0,0.010000000707805157,0.7032560110092163,1.0
1864,0.5721824180789743,101.99864337283395,38.890720171923434,100.0,0.010000000707805157,0.6285151839256287,1.0
1865,0.5760776492451285,83.18974009729162,39.87260118957981,100.0,0.010000000707805157,0.4950939416885376,1.0
1866,0.39289007912372936,72.35610057828872,41.16142128359764,100.0,0.010000000707805157,0.2657194137573242,1.0
1867,0.713350305299683,92.78003248055056,39.142695901301906,100.0,0.010000000707805157,0.7241161465644836,1.0
1868,0.39258524781090326,72.42949232939547,41.158145414275545,100.0,0.010000000707805157,0.265496164560318,1.0
1869,0.5751893327059807,83.21273730539984,39.86965678969121,100.0,0.010000000707805157,0.49407508969306946,1.0
1870,0.49034324384480016,88.38641342896011,39.60619217020096,100.0,0.010000000707805157,0.44650185108184814,1.0
1871,0.2612956607654705,18.15595813997224,37.260113304600736,100.0,0.010000000707805157,0.06228357553482056,1.0
1872,0.2596696934465732,18.02286522369881,37.24809460309895,100.0,0.010000000707805157,0.061833713203668594,1.0
1873,0.5775381334404502,67.29644330024834,36.7786035269634,100.0,0.010000000707805157,0.47246143221855164,1.0
1874,0.4951250673373934,44.5702894754532,36.62154398957259,100.0,0.010000000707805157,0.29048019647598267,1.0
1875,0.6456626842302379,108.32157062173789,40.48429705957387,100.0,0.010000000707805157,0.6967976093292236,1.0
1876,0.6448253826864813,108.51737447125176,40.4901850238456,100.0,0.010000000707805157,0.6960810422897339,1.0
1877,0.4901010144365954,88.09373930042267,39.59019967926158,100.0,0.010000000707805157,0.4458644986152649,1.0
1878,0.6440206094293413,108.6600140818567,40.495305234145455,100.0,0.010000000707805157,0.6952813267707825,1.0
1879,0.38942701701813676,72.28707619527916,41.13339423952355,100.0,0.010000000707805157,0.2635415494441986,1.0
1880,0.2575531327259719,17.82338772003317,37.21834715125179,100.0,0.010000000707805157,0.06121591478586197,1.0
1881,0.25595505946327046,17.69288830490232,37.20636101707784,100.0,0.010000000707805157,0.06077604740858078,1.0
1882,0.6507347030726839,83.68145748704866,36.81076344488179,100.0,0.010000000707805157,0.6546666622161865,1.0
1883,0.3881783758941038,71.88613523557297,41.10992337668377,100.0,0.010000000707805157,0.2628868818283081,1.0
1884,0.38760405669294073,71.80076305633081,41.1051678566474,100.0,0.010000000707805157,0.2625374495983124,1.0
1885,0.5706712747665655,111.88529115658628,40.25425802689387,100.0,0.010000000707805157,0.6472245454788208,1.0
1886,0.25285488165439807,17.430655582583608,37.18479986840821,100.0,0.010000000707805157,0.05991104245185852,1.0
1887,0.6517427642942589,83.33045162212464,36.80102169967702,100.0,0.010000000707805157,0.6544830799102783,1.0
1888,0.3915790031736454,52.933690724506775,36.915211995148944,100.0,0.010000000707805157,0.24163565039634705,1.0
1889,0.5743835791025,82.29106292435912,39.82170777186646,100.0,0.010000000707805157,0.491696298122406,1.0
1890,0.8302843772876178,100.65164740213764,38.64797252894754,100.0,0.010000000707805157,0.9513850808143616,1.0
1891,0.5729466724885489,82.71836649616995,39.83313675370025,100.0,0.010000000707805157,0.49080485105514526,1.0
1892,0.49250745235082766,44.38531264054915,36.63030415405183,100.0,0.010000000707805157,0.2884153127670288,1.0
1893,0.5731445175750298,101.0265490549293,38.84681427737386,100.0,0.010000000707805157,0.6264711022377014,1.0
1894,0.7112560098388095,92.39392033204683,39.12078613700703,100.0,0.010000000707805157,0.7191646099090576,1.0
1895,0.2538435788144087,17.470628658032883,37.15453636435352,100.0,0.010000000707805157,0.06015811115503311,1.0
1896,0.6455403566554085,96.80993496864119,38.967114139177816,100.0,0.010000000707805157,0.6721279621124268,1.0
1897,0.4881376146644867,87.76887430293007,39.559394313125914,100.0,0.010000000707805157,0.4436068832874298,1.0
1898,0.4916269247551355,44.40203187285526,36.637961048873294,100.0,0.010000000707805157,0.2877880334854126,1.0
1899,0.710783576412329,109.15337398024205,38.49466189911223,100.0,0.010000000707805157,0.8537458181381226,1.0
1900,0.5708895205423038,101.32289136132962,38.84651903257812,100.0,0.010000000707805157,0.6246957778930664,1.0
1901,0.3899038815771947,53.229050907940184,36.910125861479294,100.0,0.010000000707805157,0.24087326228618622,1.0
1902,0.5676489682921017,112.29502372422743,40.24103186774696,100.0,0.010000000707805157,0.6446035504341125,1.0
1903,0.4863446102961891,87.86024975027586,39.56277440743133,100.0,0.010000000707805157,0.4420800507068634,1.0
1904,0.647691595895105,60.37710625888205,36.594530205981336,100.0,0.010000000707805157,0.5164165496826172,1.0
1905,0.7705601998259366,93.64859148869759,36.76926742929768,100.0,0.010000000707805157,0.8776370882987976,1.0
1906,0.6420534356795004,97.38855809016347,38.9771231932937,100.0,0.010000000707805157,0.6695480346679688,1.0
1907,0.5689972935847764,89.50451714430702,36.90356022927336,100.0,0.010000000707805157,0.6007983088493347,1.0
1908,0.6452577032825613,60.8826992848492,36.63048727108419,100.0,0.010000000707805157,0.5148427486419678,1.0
1909,0.38796528695494725,53.65605645215858,36.91816694848246,100.0,0.010000000707805157,0.23984327912330627,1.0
1910,0.4848447522314596,88.2630894949058,39.55550805889002,100.0,0.010000000707805157,0.44138845801353455,1.0
1911,0.4845890704108895,88.22362249923178,39.55552272811627,100.0,0.010000000707805157,0.44109129905700684,1.0
1912,0.6451904689439136,60.78718455463622,36.62887864605848,100.0,0.010000000707805157,0.5144732594490051,1.0
1913,0.8219944294399297,89.63016544174859,36.72064428112515,100.0,0.010000000707805157,0.9203439354896545,1.0
1914,0.4889831243234343,45.01700425742492,36.700345920914636,100.0,0.010000000707805157,0.28627732396125793,1.0
1915,0.4886807411410398,45.00621497901762,36.70380476873613,100.0,0.010000000707805157,0.2859739065170288,1.0
1916,0.38710444669107513,53.69466225454636,36.9046807485847,100.0,0.010000000707805157,0.23938217759132385,1.0
1917,0.2528866668076192,17.31425256162032,37.08323733330889,100.0,0.010000000707805157,0.05986076593399048,1.0
1918,0.5696145523512449,67.63596634133899,36.79466761761803,100.0,0.010000000707805157,0.4648570716381073,1.0
1919,0.5661615014664132,112.57457852148741,40.2067528516808,100.0,0.010000000707805157,0.6437044143676758,1.0
1920,0.4841618130483491,88.13235734254718,39.52913611578048,100.0,0.010000000707805157,0.44068658351898193,1.0
1921,0.5652714089155209,112.61185232358862,40.21247531518357,100.0,0.010000000707805157,0.6426739692687988,1.0
1922,0.4826926406766531,100.58097157616183,41.21555708760424,100.0,0.010000000707805157,0.4628016948699951,1.0
1923,0.24997371907617283,17.067344206509006,37.06788870581146,100.0,0.010000000707805157,0.05904807895421982,1.0
1924,0.707848523888765,79.03894200310492,36.73931819570009,100.0,0.010000000707805157,0.6917946338653564,1.0
1925,0.4877066973507362,44.653620472477535,36.685415293282304,100.0,0.010000000707805157,0.28507891297340393,1.0
1926,0.5682794421781132,83.04318212076411,39.81576023133271,100.0,0.010000000707805157,0.48668599128723145,1.0
1927,0.5635610033034942,122.6074327690641,41.250978989390326,100.0,0.010000000707805157,0.664226770401001,1.0
1928,0.5675868855711869,83.16071275120687,39.823253276400834,100.0,0.010000000707805157,0.48606017231941223,1.0
1929,0.7658789721166019,73.80204541546135,36.67444784448279,100.0,0.010000000707805157,0.7367010116577148,1.0
1930,0.3858967001114862,53.394963896794,36.88143946974649,100.0,0.010000000707805157,0.2386348843574524,1.0
1931,0.5667579710370818,83.327460887282,39.822115579744924,100.0,0.010000000707805157,0.48536595702171326,1.0
1932,0.7637600306490802,74.10588540938733,36.70380992928888,100.0,0.010000000707805157,0.7342126369476318,1.0
1933,0.6359268217811428,109.43939028893774,40.43943939000256,100.0,0.010000000707805157,0.6860817074775696,1.0
1934,0.7009973610535001,93.72696321793907,39.15213451579046,100.0,0.010000000707805157,0.7084579467773438,1.0
1935,0.48280704712417155,88.6853415514897,39.52807657569188,100.0,0.010000000707805157,0.4399964213371277,1.0
1936,0.5646812488931214,83.8996102183135,39.8373164603654,100.0,0.010000000707805157,0.48380139470100403,1.0
1937,0.48251987620059983,88.65166899395362,39.52722073912771,100.0,0.010000000707805157,0.4396718740463257,1.0
1938,0.47996318968420615,101.37892915028172,41.194800094964066,100.0,0.010000000707805157,0.4603690207004547,1.0
1939,0.566572013111391,67.83014424768463,36.809951497826475,100.0,0.010000000707805157,0.4626886248588562,1.0
1940,0.6338869918576246,109.76278507450559,40.44430670222199,100.0,0.010000000707805157,0.683800220489502,1.0
1941,0.47887312610488597,101.54277699660155,41.19588930293238,100.0,0.010000000707805157,0.45936912298202515,1.0
1942,0.7016387362271144,79.78196235278803,36.790710453145124,100.0,0.010000000707805157,0.6864902973175049,1.0
1943,0.25116658588693475,17.076741422327302,37.00021354416843,100.0,0.010000000707805157,0.059314727783203125,1.0
1944,0.3855229345803985,53.31179075011191,36.859418634475475,100.0,0.010000000707805157,0.23862573504447937,1.0
1945,0.2484933149120554,16.861610748438515,36.9802760141941,100.0,0.010000000707805157,0.05858999490737915,1.0
1946,0.38483386315831225,53.07538679725501,36.85001308036884,100.0,0.010000000707805157,0.23803448677062988,1.0
1947,0.48169997401914644,88.07387775521255,39.5035020318862,100.0,0.010000000707805157,0.43817830085754395,1.0
1948,0.48362726932031314,44.75089718673252,36.74212279272361,100.0,0.010000000707805157,0.28183263540267944,1.0
1949,0.244801107093302,16.55942376356745,36.94878349391126,100.0,0.010000000707805157,0.05758962035179138,1.0
1950,0.5642197612677083,83.12071885678377,39.79690897720392,100.0,0.010000000707805157,0.48206302523612976,1.0
1951,0.7012638120751561,93.08526619836003,39.1253058726936,100.0,0.010000000707805157,0.7061043977737427,1.0
1952,0.4817001305203783,87.92725117779335,39.48996839787544,100.0,0.010000000707805157,0.4379854202270508,1.0
1953,0.3792152693199939,72.10146848821472,41.003648415478175,100.0,0.010000000707805157,0.2575216293334961,1.0
1954,0.6398999144701044,83.86004145643992,36.80031587815496,100.0,0.010000000707805157,0.6416350603103638,1.0
1955,0.48429029601868606,72.91600722451855,36.829916035758096,100.0,0.010000000707805157,0.4168408513069153,1.0
1956,0.3826016788722568,52.81535389874317,36.83419337941689,100.0,0.010000000707805157,0.23645347356796265,1.0
1957,0.7012516347736317,92.97773238131438,39.11965990076896,100.0,0.010000000707805157,0.7058246731758118,1.0
1958,0.37884532159337786,72.01472481567572,40.99648057035655,100.0,0.010000000707805157,0.25737425684928894,1.0
1959,0.48199660908526454,44.622378885638355,36.75223485218424,100.0,0.010000000707805157,0.280385285615921,1.0
1960,0.37819448791966015,71.86938452687502,40.98443199825883,100.0,0.010000000707805157,0.2569979727268219,1.0
1961,0.6393708369341696,83.72049588745217,36.795080739703316,100.0,0.010000000707805157,0.6401062607765198,1.0
1962,0.562910305189656,83.06368706804557,39.785183993097704,100.0,0.010000000707805157,0.48059335350990295,1.0
1963,0.5652885059353794,67.15506724368818,36.78965603546847,100.0,0.010000000707805157,0.45944735407829285,1.0
1964,0.5616977345647234,112.32893970163548,40.13644441291509,100.0,0.010000000707805157,0.6371326446533203,1.0
1965,0.5610400961966261,112.41002024019717,40.14242201927455,100.0,0.010000000707805157,0.6364705562591553,1.0
1966,0.47590516097210583,100.59849776434955,41.12299783537491,100.0,0.010000000707805157,0.4563603401184082,1.0
1967,0.4790906424946312,87.74780285704188,39.479676525352275,100.0,0.010000000707805157,0.4353288412094116,1.0
1968,0.6999333169246814,93.03969540394837,39.12590304723628,100.0,0.010000000707805157,0.7039642930030823,1.0
1969,0.5627145292620533,101.26949386599364,38.775758058763856,100.0,0.010000000707805157,0.614692211151123,1.0
1970,0.6343038385424034,97.36102932961555,38.9401196225922,100.0,0.010000000707805157,0.6585612297058105,1.0
1971,0.6338111737528059,97.47461434852444,38.943878484193036,100.0,0.010000000707805157,0.6582461595535278,1.0
1972,0.2409531729777439,16.18023510100409,36.880438931677666,100.0,0.010000000707805157,0.056515682488679886,1.0
1973,0.564570082282098,88.51382031032729,36.82656724352357,100.0,0.010000000707805157,0.5929545164108276,1.0
1974,0.48033264987272645,72.8946175522491,36.83293856647156,100.0,0.010000000707805157,0.4128706157207489,1.0
1975,0.48071300336468253,44.55737558202639,36.75257689392552,100.0,0.010000000707805157,0.2797228693962097,1.0
1976,0.2384068687238135,15.972402232854774,36.8577704858066,100.0,0.010000000707805157,0.0558372363448143,1.0
1977,0.5640184205363151,66.99492657285012,36.78978685158581,100.0,0.010000000707805157,0.45771196484565735,1.0
1978,0.6360605336686959,60.9588928796152,36.75744876735808,100.0,0.010000000707805157,0.502860426902771,1.0
1979,0.37562666942753803,71.8348419943476,40.972263094133936,100.0,0.010000000707805157,0.2555302381515503,1.0
1980,0.37879755687450384,52.46510933196843,36.81513145420623,100.0,0.010000000707805157,0.2337268590927124,1.0
1981,0.561311666528381,82.86831848768462,39.77216972687107,100.0,0.010000000707805157,0.4787171185016632,1.0
1982,0.47939169676348936,44.4294473433288,36.76392794346618,100.0,0.010000000707805157,0.2783457636833191,1.0
1983,0.5598668205239957,111.97027417147748,40.115088568294226,100.0,0.010000000707805157,0.6339582800865173,1.0
1984,0.6354019935946958,60.91411808082232,36.76919778453352,100.0,0.010000000707805157,0.5016918778419495,1.0
1985,0.47762158861097276,87.45973919180143,39.45259622945225,100.0,0.010000000707805157,0.43349218368530273,1.0
1986,0.3783555954117007,52.32062133620534,36.805980480247044,100.0,0.010000000707805157,0.23337875306606293,1.0
1987,0.6343426285775893,96.77827707229243,38.910703906729495,100.0,0.010000000707805157,0.656543493270874,1.0
1988,0.3738699106732699,71.66004567427986,40.953470235069375,100.0,0.010000000707805157,0.25449687242507935,1.0
1989,0.37332185000949786,71.5759528020068,40.94891481600578,100.0,0.010000000707805157,0.25416117906570435,1.0
1990,0.3778823166041146,52.0685939843337,36.798146959795744,100.0,0.010000000707805157,0.23287755250930786,1.0
1991,0.5638917593786588,66.53328376192923,36.7800673605515,100.0,0.010000000707805157,0.45626696944236755,1.0
1992,0.7603936341748808,73.70156959288789,36.77797421693509,100.0,0.010000000707805157,0.7245833277702332,1.0
1993,0.6975779675601941,119.5422609765688,39.65219347116359,100.0,0.010000000707805157,0.8559500575065613,1.0
1994,0.23382118750437214,15.551263538314936,36.769964876563286,100.0,0.010000000707805157,0.0545976385474205,1.0
1995,0.7581205855558,74.06568835093238,36.810181743244954,100.0,0.010000000707805157,0.7222182750701904,1.0
1996,0.6325423205580551,97.0367303909962,38.90955270129166,100.0,0.010000000707805157,0.6547830104827881,1.0
1997,0.5610881931554305,67.11663798097685,36.809413014921134,100.0,0.010000000707805157,0.45463794469833374,1.0
1998,0.4763768223810334,44.77456386594165,36.830445263236065,100.0,0.010000000707805157,0.27601340413093567,1.0
1999,0.6320045077873454,97.10418839841317,38.90752935582981,100.0,0.010000000707805157,0.6542322635650635,1.0
2000,0.6293934447243622,108.97804616401389,40.342691582207074,100.0,0.010000000707805157,0.6755195260047913,1.0
2001,0.37363258501993735,71.86726511661222,40.934298664502194,100.0,0.010000000707805157,0.2541895806789398,1.0
2002,0.7551549873472123,105.99646396394583,38.568527118059805,100.0,0.010000000707805157,0.8752012252807617,1.0
2003,0.62960791889662,61.76865814753293,36.87599538260147,100.0,0.010000000707805157,0.49598655104637146,1.0
2004,0.556732738213136,83.58536266313774,39.7761391828295,100.0,0.010000000707805157,0.4744541049003601,1.0
2005,0.47656452383790365,87.74273620711638,39.43443092911147,100.0,0.010000000707805157,0.43273693323135376,1.0
2006,0.6302188188984121,97.44738509742903,38.91840227413926,100.0,0.010000000707805157,0.652801513671875,1.0
2007,0.5577298379878752,112.57980688062624,40.10093792062491,100.0,0.010000000707805157,0.6318827271461487,1.0
2008,0.3773620754411188,52.40680893998118,36.787174692841305,100.0,0.010000000707805157,0.23306888341903687,1.0
2009,0.5591326919934078,67.3073369362007,36.827477707694726,100.0,0.010000000707805157,0.4530891180038452,1.0
2010,0.6319856780096861,83.99092709680619,36.818844640235895,100.0,0.010000000707805157,0.6311053037643433,1.0
2011,0.6281902341637996,61.97053103324752,36.901707897695786,100.0,0.010000000707805157,0.4946369230747223,1.0
2012,0.6929360445523148,79.93377505856732,36.87051688899428,100.0,0.010000000707805157,0.6717783212661743,1.0
2013,0.6283754207199032,97.81301936482762,38.92342480963973,100.0,0.010000000707805157,0.6513576507568359,1.0
2014,0.37430505602851205,72.17436462090424,40.93123755575361,100.0,0.010000000707805157,0.25451409816741943,1.0
2015,0.37377204745425907,72.06660962076771,40.926673725541846,100.0,0.010000000707805157,0.254192054271698,1.0
2016,0.477955617010893,72.54057630034976,36.78709907829366,100.0,0.010000000707805157,0.41033363342285156,1.0
2017,0.47327832960584487,45.17725866084324,36.9036896457645,100.0,0.010000000707805157,0.2737552523612976,1.0
2018,0.6305103618120103,84.09533445346801,36.82525220696768,100.0,0.010000000707805157,0.6291598677635193,1.0
2019,0.6285739640061339,97.5468875180667,38.914091375416014,100.0,0.010000000707805157,0.650769829750061,1.0
2020,0.47354814172813386,100.63925601404794,41.04570409240475,100.0,0.010000000707805157,0.4537605345249176,1.0
2021,0.37547533250381726,52.38573565402637,36.78263624478559,100.0,0.010000000707805157,0.23176923394203186,1.0
2022,0.5570460660632915,67.4368802692802,36.84469059165492,100.0,0.010000000707805157,0.4507703483104706,1.0
2023,0.7490807128153982,75.47304349493763,36.95375868588068,100.0,0.010000000707805157,0.7116707563400269,1.0
2024,0.6265470711694511,109.45763133524702,40.334811481794404,100.0,0.010000000707805157,0.6723233461380005,1.0
2025,0.6260407586731287,109.5736712955687,40.33971768032736,100.0,0.010000000707805157,0.6717770099639893,1.0
2026,0.6242244303376564,62.58562211786423,36.98318655846865,100.0,0.010000000707805157,0.4905681014060974,1.0
2027,0.3757236313124889,52.51306077585106,36.772475480348035,100.0,0.010000000707805157,0.23216275870800018,1.0
2028,0.4711111212423324,45.530571395236144,36.966098174703134,100.0,0.010000000707805157,0.2720591127872467,1.0
2029,0.47523217841711285,87.70956025007885,39.40943205574885,100.0,0.010000000707805157,0.4313531517982483,1.0
2030,0.688569116984235,94.20394461081641,39.15164136263936,100.0,0.010000000707805157,0.689303457736969,1.0
2031,0.5548628177994289,67.80425290719556,36.87048879819681,100.0,0.010000000707805157,0.44914379715919495,1.0
2032,0.4750562932260413,87.7744898276615,39.4080647598178,100.0,0.010000000707805157,0.43124860525131226,1.0
2033,0.47032101442734786,45.57058592152719,36.98253216741542,100.0,0.010000000707805157,0.271383136510849,1.0
2034,0.7480782431176615,106.87963896588997,38.59228008257453,100.0,0.010000000707805157,0.865920901298523,1.0
2035,0.7989792532061232,91.59216686180753,36.97225198291105,100.0,0.010000000707805157,0.8822454810142517,1.0
2036,0.3740615623031171,72.26536049275428,40.898248169749465,100.0,0.010000000707805157,0.25425800681114197,1.0
2037,0.473593662311215,100.97229263391354,41.02060936637309,100.0,0.010000000707805157,0.4534556269645691,1.0
2038,0.6241760864378082,109.89448212181645,40.33217953542067,100.0,0.010000000707805157,0.6693534851074219,1.0
2039,0.55184599694693,84.2182678244211,39.78351086329011,100.0,0.010000000707805157,0.46954870223999023,1.0
2040,0.37270341411863944,72.18912350594655,40.89699000458357,100.0,0.010000000707805157,0.2532974183559418,1.0
2041,0.623666457350841,109.85812717247201,40.33075009523386,100.0,0.010000000707805157,0.6683908700942993,1.0
2042,0.37204317330816694,72.15236202184947,40.896377859763234,100.0,0.010000000707805157,0.25283104181289673,1.0
2043,0.5538859890911864,67.74910880357335,36.88160196030662,100.0,0.010000000707805157,0.44809818267822266,1.0
2044,0.6852399056751065,94.64384637745265,39.17407628041522,100.0,0.010000000707805157,0.6849551200866699,1.0
2045,0.6248917204348365,98.02334024895578,38.924974442697035,100.0,0.010000000707805157,0.6465311050415039,1.0
2046,0.684026662646681,94.93508082285635,39.18603398843324,100.0,0.010000000707805157,0.6838767528533936,1.0
2047,0.3722585756258403,72.31451517631046,40.89297949980118,100.0,0.010000000707805157,0.2528517246246338,1.0
2048,0.6854301847870276,80.78364284776725,36.97093563487016,100.0,0.010000000707805157,0.66261887550354,1.0
2049,0.2327563558628756,15.254226491472624,36.553957379159705,100.0,0.010000000707805157,0.054303281009197235,1.0
2050,0.7443859133043174,107.40737134765607,38.61721907868248,100.0,0.010000000707805157,0.8610225915908813,1.0
2051,0.47678886273712334,72.46357660374346,36.74540132880444,100.0,0.010000000707805157,0.41009199619293213,1.0
2052,0.7434764633483534,107.60614290176663,38.62336639230753,100.0,0.010000000707805157,0.8602703809738159,1.0
2053,0.47422490668946743,88.10027340094149,39.40182399666979,100.0,0.010000000707805157,0.43058961629867554,1.0
2054,0.47407189968804647,88.02454380016378,39.40207365794684,100.0,0.010000000707805157,0.43034929037094116,1.0
2055,0.557510556567008,101.30386055134335,38.70566932890044,100.0,0.010000000707805157,0.6077473759651184,1.0
2056,0.555639173507257,112.9211668065833,40.06539901406891,100.0,0.010000000707805157,0.6286137104034424,1.0
2057,0.47332489346370865,87.94527540986273,39.41174166852661,100.0,0.010000000707805157,0.42948979139328003,1.0
2058,0.6829907629138658,95.02678883424772,39.19653409932837,100.0,0.010000000707805157,0.682449996471405,1.0
2059,0.5493264035053628,84.49219675974915,39.79868236449111,100.0,0.010000000707805157,0.46682208776474,1.0
2060,0.5508907104773801,68.16588730719509,36.920003885513125,100.0,0.010000000707805157,0.44558873772621155,1.0
2061,0.47321225173914455,87.96910288057525,39.40821067315765,100.0,0.010000000707805157,0.42937004566192627,1.0
2062,0.550781828947127,68.11919230089684,36.92022741522339,100.0,0.010000000707805157,0.4452947974205017,1.0
2063,0.46581858914296154,46.15913725794228,37.1089204733291,100.0,0.010000000707805157,0.2679295241832733,1.0
2064,0.6239450913183953,84.60301316674105,36.86793854433635,100.0,0.010000000707805157,0.6221707463264465,1.0
2065,0.6164557456937093,63.73090257547698,37.16495815302756,100.0,0.010000000707805157,0.4817536771297455,1.0
2066,0.23046745984923558,15.020837267622023,36.493720782199695,100.0,0.010000000707805157,0.05371451377868652,1.0
2067,0.3727007020604357,52.149299461458945,36.732499942285116,100.0,0.010000000707805157,0.23029965162277222,1.0
2068,0.5502590559742592,68.01595082056372,36.92370062884206,100.0,0.010000000707805157,0.4440104365348816,1.0
2069,0.6228544885706372,97.97167523278127,38.91831814773681,100.0,0.010000000707805157,0.6429992318153381,1.0
2070,0.6232481563325084,84.58295808586534,36.87144139882455,100.0,0.010000000707805157,0.6205662488937378,1.0
2071,0.5487755038555673,84.3172543070312,39.77901013830649,100.0,0.010000000707805157,0.4658222794532776,1.0
2072,0.4728623438249499,87.6754301581246,39.38035826099011,100.0,0.010000000707805157,0.4287185072898865,1.0
2073,0.5493790170763825,68.12478279397439,36.93473043517199,100.0,0.010000000707805157,0.44312211871147156,1.0
2074,0.47323759502716506,72.2881559800161,36.74859155311693,100.0,0.010000000707805157,0.4058558940887451,1.0
2075,0.4724728870746878,87.53048433365583,39.3765999586542,100.0,0.010000000707805157,0.4281839430332184,1.0
2076,0.46424490184154454,46.12036060430715,37.13693680668208,100.0,0.010000000707805157,0.2663727402687073,1.0
2077,0.6224930384308457,97.82167600338242,38.91339574656643,100.0,0.010000000707805157,0.6419023871421814,1.0
2078,0.47231340024910784,87.4385713156221,39.372809148456916,100.0,0.010000000707805157,0.42789801955223083,1.0
2079,0.5490548779191479,67.99358930330021,36.93594448459338,100.0,0.010000000707805157,0.4422454237937927,1.0
2080,0.4723171611229532,72.14157234690978,36.75014685744611,100.0,0.010000000707805157,0.40443703532218933,1.0
2081,0.548773615706425,83.94332865685809,39.76443189074386,100.0,0.010000000707805157,0.4653639495372772,1.0
2082,0.5485771626977073,83.95820461193622,39.764725504998566,100.0,0.010000000707805157,0.4651126265525818,1.0
2083,0.2243896329752547,14.507591563438202,36.41327486326665,100.0,0.010000000707805157,0.05213233828544617,1.0
2084,0.5560540052171775,111.79341085029094,40.009252450578444,100.0,0.010000000707805157,0.6268601417541504,1.0
2085,0.6220300026523219,109.27723907777508,40.29049279418027,100.0,0.010000000707805157,0.6641416549682617,1.0
2086,0.5481458653182377,83.84676214265795,39.764305770721826,100.0,0.010000000707805157,0.464397132396698,1.0
2087,0.47280757003315155,71.7898863743201,36.739967957228984,100.0,0.010000000707805157,0.40433844923973083,1.0
2088,0.6223745784285714,97.49346615122789,38.910295993033856,100.0,0.010000000707805157,0.6405935883522034,1.0
2089,0.6214590841201846,109.37409851015747,40.29562491080826,100.0,0.010000000707805157,0.6634137630462646,1.0
2090,0.3692518725131796,51.75102997813103,36.728096479617875,100.0,0.010000000707805157,0.2277032434940338,1.0
2091,0.5486370023661409,67.7338723480108,36.93934719991167,100.0,0.010000000707805157,0.44109290838241577,1.0
2092,0.5543548820972314,122.21763308674282,41.0033729108915,100.0,0.010000000707805157,0.6485730409622192,1.0
2093,0.6219727192510957,97.46916723133747,38.916589690116865,100.0,0.010000000707805157,0.6398974657058716,1.0
2094,0.5483469292619333,67.75242080407205,36.943903344991874,100.0,0.010000000707805157,0.4409136176109314,1.0
2095,0.5481230790844893,67.78447645729487,36.946767340167156,100.0,0.010000000707805157,0.44064995646476746,1.0
2096,0.4708407067504727,87.05920374082018,39.36868615273988,100.0,0.010000000707805157,0.4258551001548767,1.0
2097,0.6215566728777399,97.48766735186913,38.916632063396726,100.0,0.010000000707805157,0.6392768025398254,1.0
2098,0.36806310158148836,51.67346725567463,36.730047280537306,100.0,0.010000000707805157,0.22684575617313385,1.0
2099,0.687953701646836,97.76440634374703,36.85523785775214,100.0,0.010000000707805157,0.7917717099189758,1.0
2100,0.4699354563228069,71.86718205368979,36.75647580343837,100.0,0.010000000707805157,0.40140992403030396,1.0
2101,0.3667859943051362,51.73724075553297,36.742006246950275,100.0,0.010000000707805157,0.22587253153324127,1.0
2102,0.21931003396473386,14.069921358835368,36.35109270208497,100.0,0.010000000707805157,0.050823479890823364,1.0
2103,0.5478670708051213,83.42212042985312,39.751383728656265,100.0,0.010000000707805157,0.46354061365127563,1.0
2104,0.47012255081473214,86.64404553658973,39.35593714621449,100.0,0.010000000707805157,0.4246402978897095,1.0
2105,0.46174805182822026,45.77639849966384,37.159923884534294,100.0,0.010000000707805157,0.26405254006385803,1.0
2106,0.5477909099705696,67.46239645196488,36.945398731179026,100.0,0.010000000707805157,0.43897533416748047,1.0
2107,0.36598836214645086,70.8819090573279,40.81947764864939,100.0,0.010000000707805157,0.24934180080890656,1.0
2108,0.7438261772774714,94.48713127658303,36.96410760780848,100.0,0.010000000707805157,0.8282498717308044,1.0
2109,0.4698784302895471,86.56534260012783,39.347311416207425,100.0,0.010000000707805157,0.42430758476257324,1.0
2110,0.36580238684827765,70.86788584375421,40.81993218092995,100.0,0.010000000707805157,0.2492276132106781,1.0
2111,0.4610290420854746,45.7443896879122,37.173977584769844,100.0,0.010000000707805157,0.26330944895744324,1.0
2112,0.5473926765818703,83.17374475630658,39.73793646439658,100.0,0.010000000707805157,0.4624655544757843,1.0
2113,0.4605871060427493,45.7672958458974,37.186739449881316,100.0,0.010000000707805157,0.2628530263900757,1.0
2114,0.6221590523869746,96.74977792253385,38.888767609225155,100.0,0.010000000707805157,0.6374596357345581,1.0
2115,0.6885003790010538,108.80248181273699,38.42114160068275,100.0,0.010000000707805157,0.8126627802848816,1.0
2116,0.5467519957541789,83.35072090063596,39.74523425001021,100.0,0.010000000707805157,0.46188443899154663,1.0
2117,0.3651688729660965,51.26034238271223,36.71612300187578,100.0,0.010000000707805157,0.22453860938549042,1.0
2118,0.36488561167621003,51.18415324121106,36.714763423900045,100.0,0.010000000707805157,0.2242545336484909,1.0
2119,0.5468706699964535,67.32280969425973,36.956818612164646,100.0,0.010000000707805157,0.4371371865272522,1.0
2120,0.5468898341808478,83.11064373576458,39.732628896214145,100.0,0.010000000707805157,0.4616602063179016,1.0
2121,0.4595934313084058,45.829437082430694,37.214710166754394,100.0,0.010000000707805157,0.2618947923183441,1.0
2122,0.4696902512786548,98.89730700266396,40.896198432046326,100.0,0.010000000707805157,0.4480670094490051,1.0
2123,0.45935193393572704,45.758659314330544,37.215512552672735,100.0,0.010000000707805157,0.2616196274757385,1.0
2124,0.5468285401623546,67.18267780323626,36.958516711151034,100.0,0.010000000707805157,0.4365936517715454,1.0
2125,0.6216623648602503,108.16312573656852,40.23631515479505,100.0,0.010000000707805157,0.6605433225631714,1.0
2126,0.6887128684938535,108.50676961221947,38.414021158904845,100.0,0.010000000707805157,0.8113072514533997,1.0
2127,0.2119942664866068,13.441584980857023,36.22520324790933,100.0,0.010000000707805157,0.048944443464279175,1.0
2128,0.3640775317745891,50.87742134479804,36.69699105511704,100.0,0.010000000707805157,0.2235579490661621,1.0
2129,0.36338613085341004,70.29484516659798,40.77495828939244,100.0,0.010000000707805157,0.2477148175239563,1.0
2130,0.5468519031048946,66.9878208423281,36.957466916234615,100.0,0.010000000707805157,0.4360066056251526,1.0
2131,0.363613175254518,50.70555183058171,36.691440608268245,100.0,0.010000000707805157,0.22306522727012634,1.0
2132,0.36335471366982014,50.6338951898812,36.69023932525778,100.0,0.010000000707805157,0.22279004752635956,1.0
2133,0.5466866314763386,82.52061984888381,39.705470695281846,100.0,0.010000000707805157,0.46032416820526123,1.0
2134,0.4695709207804358,85.37363123405902,39.29656888080487,100.0,0.010000000707805157,0.4222699999809265,1.0
2135,0.6308381006501973,120.15710805972482,39.3488467888208,100.0,0.010000000707805157,0.7971644401550293,1.0
2136,0.6220005715904794,107.58030782969293,40.22340741070577,100.0,0.010000000707805157,0.6597548723220825,1.0
2137,0.621506228251494,107.69566689365196,40.22898028137069,100.0,0.010000000707805157,0.659211277961731,1.0
2138,0.3628761447414683,50.564635642096825,36.69411050149463,100.0,0.010000000707805157,0.2225131094455719,1.0
2139,0.45812661723501,45.509016979954595,37.22541648127329,100.0,0.010000000707805157,0.2603580057621002,1.0
2140,0.6824694028798008,79.90543082028307,37.076448509030854,100.0,0.010000000707805157,0.6481895446777344,1.0
2141,0.621574946441999,96.1399697737734,38.87716008200296,100.0,0.010000000707805157,0.6341279745101929,1.0
2142,0.45743461075826597,45.72558397378194,37.25886225425036,100.0,0.010000000707805157,0.25978025794029236,1.0
2143,0.20622941413391876,12.969279855767693,36.14881624361211,100.0,0.010000000707805157,0.0474708154797554,1.0
2144,0.3613589502911884,69.8980864586668,40.75257105415312,100.0,0.010000000707805157,0.2464008778333664,1.0
2145,0.6131606805623313,63.22487375343783,37.312512031687355,100.0,0.010000000707805157,0.4717632830142975,1.0
2146,0.6212138888083338,107.52057239952808,40.20777695532419,100.0,0.010000000707805157,0.6579777002334595,1.0
2147,0.620720383092436,107.63465048150263,40.21335460777117,100.0,0.010000000707805157,0.6574233770370483,1.0
2148,0.20476169780398193,12.844226299625229,36.12235118814557,100.0,0.010000000707805157,0.04709582030773163,1.0
2149,0.5447462304823829,82.52832306178688,39.71017030620234,100.0,0.010000000707805157,0.45764151215553284,1.0
2150,0.5445479028972192,82.55280042776833,39.711194837323184,100.0,0.010000000707805157,0.4573972225189209,1.0
2151,0.46902589064262323,85.08878652474714,39.28657673975279,100.0,0.010000000707805157,0.42120686173439026,1.0
2152,0.6816183321500683,79.89702341238093,37.106580965785206,100.0,0.010000000707805157,0.6458283066749573,1.0
2153,0.45565979449964605,45.78243601996589,37.31060642053676,100.0,0.010000000707805157,0.2579692602157593,1.0
2154,0.46892406798158875,85.09044356905146,39.28070155846201,100.0,0.010000000707805157,0.4211411476135254,1.0
2155,0.6809158129429425,80.03003932908177,37.12009075774349,100.0,0.010000000707805157,0.6447995901107788,1.0
2156,0.6208462858006811,96.0172202136844,38.872524081303084,100.0,0.010000000707805157,0.6320927143096924,1.0
2157,0.610203124531021,63.83824037962438,37.4019918324353,100.0,0.010000000707805157,0.46825283765792847,1.0
2158,0.5557687096275029,98.27396265562471,38.59739899347752,100.0,0.010000000707805157,0.5965076684951782,1.0
2159,0.46724333879132474,98.26018819533274,40.84269920221811,100.0,0.010000000707805157,0.4447632431983948,1.0
2160,0.6099330447049309,63.878711804381794,37.411051483908906,100.0,0.010000000707805157,0.46792471408843994,1.0
2161,0.361705750095907,50.23992496136597,36.653313962810394,100.0,0.010000000707805157,0.22187477350234985,1.0
2162,0.3614582455424764,50.16977926368686,36.652248427140606,100.0,0.010000000707805157,0.22160346806049347,1.0
2163,0.35976970088644655,69.77407827123253,40.726663850380824,100.0,0.010000000707805157,0.2452724575996399,1.0
2164,0.619764737162491,107.4551614300535,40.19735436469262,100.0,0.010000000707805157,0.654998779296875,1.0
2165,0.5444760750559495,66.76076678389786,37.00108586095426,100.0,0.010000000707805157,0.431945264339447,1.0
2166,0.5534646448328906,119.74448499297884,40.86685858322526,100.0,0.010000000707805157,0.642997145652771,1.0
2167,0.3586972608196691,69.77577576134608,40.73379673748948,100.0,0.010000000707805157,0.24445462226867676,1.0
2168,0.36126453094102634,49.84093997769759,36.64263788680994,100.0,0.010000000707805157,0.2212677299976349,1.0
2169,0.6210235435909355,95.57149894752493,38.869193660573515,100.0,0.010000000707805157,0.6306678652763367,1.0
2170,0.6206733876110812,95.6602275484634,38.87300102795723,100.0,0.010000000707805157,0.6304276585578918,1.0
2171,0.4655377477156076,97.86472165492557,40.832191597153404,100.0,0.010000000707805157,0.4426330029964447,1.0
2172,0.6221079190051249,82.30652162313827,36.894003624127905,100.0,0.010000000707805157,0.607275664806366,1.0
2173,0.5425165602658857,82.57170605391117,39.72260377119426,100.0,0.010000000707805157,0.4545927941799164,1.0
2174,0.45355644602153106,45.857513205287646,37.37269340270379,100.0,0.010000000707805157,0.2559995949268341,1.0
2175,0.5521649242922155,119.60658841060332,40.867277244078814,100.0,0.010000000707805157,0.6408824324607849,1.0
2176,0.4672143004732048,84.77327183628516,39.284882964313006,100.0,0.010000000707805157,0.4188600778579712,1.0
2177,0.45341627547608837,45.75895676893746,37.369150715845166,100.0,0.010000000707805157,0.25585418939590454,1.0
2178,0.19728040834100383,12.207431528577928,35.99797285652058,100.0,0.010000000707805157,0.045216456055641174,1.0
2179,0.5588288300840651,84.20391831562871,36.66578874573057,100.0,0.010000000707805157,0.571908712387085,1.0
2180,0.19606290179969907,12.115807382059076,35.9887338148962,100.0,0.010000000707805157,0.04490889608860016,1.0
2181,0.6294902334098689,128.38350300936244,40.18465134432549,100.0,0.010000000707805157,0.8156591653823853,1.0
2182,0.5447750836928468,66.21348718083475,36.997564850378005,100.0,0.010000000707805157,0.43093255162239075,1.0
2183,0.5445302543994237,66.25778767378137,37.00133518953498,100.0,0.010000000707805157,0.4306653141975403,1.0
2184,0.19494160446007855,12.024123704130572,35.97448941372288,100.0,0.010000000707805157,0.04462846741080284,1.0
2185,0.35581249406060916,69.15732827981445,40.71529001663234,100.0,0.010000000707805157,0.24252551794052124,1.0
2186,0.35544261359086504,69.06787912486472,40.712064993869255,100.0,0.010000000707805157,0.24225634336471558,1.0
2187,0.46725257450758645,83.93307745130508,39.262147333774706,100.0,0.010000000707805157,0.41750937700271606,1.0
2188,0.4637509945522329,96.88346723516813,40.80454086181418,100.0,0.010000000707805157,0.4400811791419983,1.0
2189,0.5572648180563797,96.5157572144062,38.584967541298234,100.0,0.010000000707805157,0.5928196907043457,1.0
2190,0.6191897035517657,106.38497913359787,40.18499014008449,100.0,0.010000000707805157,0.6513493061065674,1.0
2191,0.46652011587170583,83.92600393677876,39.27641640539439,100.0,0.010000000707805157,0.41670098900794983,1.0
2192,0.5564702234441884,96.5694721738452,38.595241245651586,100.0,0.010000000707805157,0.5919705629348755,1.0
2193,0.6213551397736237,94.70331331887927,38.87087625301208,100.0,0.010000000707805157,0.628185510635376,1.0
2194,0.35816157577576524,49.15261827644154,36.64272178662837,100.0,0.010000000707805157,0.21850188076496124,1.0
2195,0.5529728468751501,108.06529650338095,39.910134262420925,100.0,0.010000000707805157,0.6137712001800537,1.0
2196,0.3578143293903504,49.08703134580241,36.6454844179557,100.0,0.010000000707805157,0.21815696358680725,1.0
2197,0.6214223224880976,94.54826933287603,38.87009664695416,100.0,0.010000000707805157,0.6277822256088257,1.0
2198,0.45301142321253685,45.15360399990595,37.33603491281577,100.0,0.010000000707805157,0.2551579773426056,1.0
2199,0.6186645645470285,106.30704590766433,40.193157852514226,100.0,0.010000000707805157,0.6503478288650513,1.0
2200,0.4686203662692302,68.44420296731883,36.66596694218824,100.0,0.010000000707805157,0.39284154772758484,1.0
2201,0.4527127216652799,45.17978503971303,37.34648376563771,100.0,0.010000000707805157,0.25486496090888977,1.0
2202,0.18870265016438012,11.533195316609266,35.91633800725352,100.0,0.010000000707805157,0.04306097328662872,1.0
2203,0.6214931043412646,94.375569170615,38.86412982797841,100.0,0.010000000707805157,0.6271030306816101,1.0
2204,0.4523567324084287,45.156665177914604,37.35690928435302,100.0,0.010000000707805157,0.2543806731700897,1.0
2205,0.46202258928126005,96.56027299754757,40.807661570827506,100.0,0.010000000707805157,0.43799203634262085,1.0
2206,0.46898688720083714,68.13037562410571,36.65535505241522,100.0,0.010000000707805157,0.39235562086105347,1.0
2207,0.5527708603914517,107.59232473074823,39.89868104165996,100.0,0.010000000707805157,0.6123786568641663,1.0
2208,0.5523590376301527,107.6285881283193,39.90575592268096,100.0,0.010000000707805157,0.6118810176849365,1.0
2209,0.5417425543724832,81.39898102027831,39.70932336550841,100.0,0.010000000707805157,0.45163166522979736,1.0
2210,0.5550236699521681,96.16349718627106,38.602935911027274,100.0,0.010000000707805157,0.5888018608093262,1.0
2211,0.1862658562888103,11.337848620997097,35.89460417703508,100.0,0.010000000707805157,0.04245314002037048,1.0
2212,0.5486920298701689,117.89103425312211,40.85646172185091,100.0,0.010000000707805157,0.6337667107582092,1.0
2213,0.5451523953948062,65.29920845068645,36.990182358653236,100.0,0.010000000707805157,0.42901360988616943,1.0
2214,0.46423718966455146,83.39733651826761,39.289313880659456,100.0,0.010000000707805157,0.4133973717689514,1.0
2215,0.46411862360778905,83.35407308368445,39.29071216227351,100.0,0.010000000707805157,0.4131859540939331,1.0
2216,0.7380205532339464,76.35773122126446,37.42314217821383,100.0,0.010000000707805157,0.6795293092727661,1.0
2217,0.6822046671855444,78.8668178715647,37.15648666325164,100.0,0.010000000707805157,0.6401296854019165,1.0
2218,0.35543077876805207,48.82712315939676,36.64189058194208,100.0,0.010000000707805157,0.21645057201385498,1.0
2219,0.46686540450157654,68.12541479219486,36.66678075229432,100.0,0.010000000707805157,0.39034274220466614,1.0
2220,0.4514287426687004,45.14080898376693,37.380548683549485,100.0,0.010000000707805157,0.25355345010757446,1.0
2221,0.1843508170474756,11.173140317206567,35.85126654921319,100.0,0.010000000707805157,0.04198899492621422,1.0
2222,0.6229444289988895,80.85167057034474,36.89888979241002,100.0,0.010000000707805157,0.6014838218688965,1.0
2223,0.6884190980405991,116.10426830554394,39.531609382825394,100.0,0.010000000707805157,0.8221099376678467,1.0
2224,0.6196226669415236,94.37885420976869,38.87992572472293,100.0,0.010000000707805157,0.6240653395652771,1.0
2225,0.3506539737873571,68.61697356883727,40.73378377788413,100.0,0.010000000707805157,0.23892509937286377,1.0
2226,0.553139265944008,96.05615743144901,38.60096038923166,100.0,0.010000000707805157,0.5861936211585999,1.0
2227,0.45095079254075904,45.185059743448186,37.39763807300972,100.0,0.010000000707805157,0.25310972332954407,1.0
2228,0.5405856934350893,81.39406843852304,39.71649214103153,100.0,0.010000000707805157,0.4499002695083618,1.0
2229,0.6282447831128157,117.59274125776226,39.32636745162133,100.0,0.010000000707805157,0.7830824255943298,1.0
2230,0.3498817092927091,68.57355162697664,40.7409523992147,100.0,0.010000000707805157,0.23835793137550354,1.0
2231,0.18258111587102238,11.022307906850443,35.82594438190428,100.0,0.010000000707805157,0.04155799746513367,1.0
2232,0.46583648627774016,67.82596224784953,36.66746936066962,100.0,0.010000000707805157,0.388410747051239,1.0
2233,0.5550981045969423,82.83720426492575,36.68370480024323,100.0,0.010000000707805157,0.5612742304801941,1.0
2234,0.459685702167605,96.04636195045134,40.820088754649795,100.0,0.010000000707805157,0.43514055013656616,1.0
2235,0.5430958737101724,65.34215360261206,37.020779903051746,100.0,0.010000000707805157,0.4259621798992157,1.0
2236,0.4643286136317202,67.90989759556713,36.681034014680215,100.0,0.010000000707805157,0.3868131637573242,1.0
2237,0.6195989667071928,93.9822301353397,38.87854637148734,100.0,0.010000000707805157,0.6226300001144409,1.0
2238,0.6192171130227996,94.07918148681145,38.88273967307341,100.0,0.010000000707805157,0.6223697066307068,1.0
2239,0.35164443256868727,48.6912306578894,36.664214533266374,100.0,0.010000000707805157,0.21347586810588837,1.0
2240,0.6813030950561825,78.87808432954468,37.18388527760974,100.0,0.010000000707805157,0.6369634866714478,1.0
2241,0.6877324622419624,105.67236762616189,38.416713079353286,100.0,0.010000000707805157,0.7941941022872925,1.0
2242,0.5401556267413937,81.40865408270344,39.72841913508568,100.0,0.010000000707805157,0.44935640692710876,1.0
2243,0.46061003021132535,83.41102234307628,39.292691585240945,100.0,0.010000000707805157,0.4099913537502289,1.0
2244,0.1810081495267266,10.878627501744978,35.79303272063084,100.0,0.010000000707805157,0.041188597679138184,1.0
2245,0.3507770172058703,48.668485851734744,36.66504404909856,100.0,0.010000000707805157,0.21285608410835266,1.0
2246,0.4608494770639581,83.07187324852823,39.28284093710468,100.0,0.010000000707805157,0.40959835052490234,1.0
2247,0.6106878853007498,62.96087062963212,37.47807896662561,100.0,0.010000000707805157,0.4637245535850525,1.0
2248,0.34864388142048064,68.15551062529488,40.72929576874618,100.0,0.010000000707805157,0.23756742477416992,1.0
2249,0.35054183526937766,48.51240943492203,36.65820030663255,100.0,0.010000000707805157,0.21250328421592712,1.0
2250,0.7430156851109743,114.25819696318496,39.762627949354815,100.0,0.010000000707805157,0.857752799987793,1.0
2251,0.44945062293801863,45.22095875556799,37.44994506525675,100.0,0.010000000707805157,0.251411110162735,1.0
2252,0.5411635029301233,65.52200764672082,37.05767909817426,100.0,0.010000000707805157,0.42332565784454346,1.0
2253,0.4590835659735686,95.81416446362995,40.80502320717181,100.0,0.010000000707805157,0.4342445135116577,1.0
2254,0.6182885594331541,93.98369903841544,38.88561510520972,100.0,0.010000000707805157,0.6200973987579346,1.0
2255,0.6165935526320963,105.63046113155045,40.19344620595643,100.0,0.010000000707805157,0.6445050239562988,1.0
2256,0.678181683923724,92.63664467445291,39.21869468017756,100.0,0.010000000707805157,0.6580536961555481,1.0
2257,0.35025167248224126,48.53901381307723,36.65065886278277,100.0,0.010000000707805157,0.21269254386425018,1.0
2258,0.3500843923916427,48.48286677750568,36.65015608832546,100.0,0.010000000707805157,0.21245640516281128,1.0
2259,0.6793822401692879,79.18066860976745,37.24232411450363,100.0,0.010000000707805157,0.6331011652946472,1.0
2260,0.6081546503621005,63.607690633002015,37.577098403436636,100.0,0.010000000707805157,0.46019718050956726,1.0
2261,0.607550671064975,63.78633609991811,37.59981340546578,100.0,0.010000000707805157,0.45941242575645447,1.0
2262,0.3496801653401456,48.576164133274574,36.64236915917318,100.0,0.010000000707805157,0.21242313086986542,1.0
2263,0.5383375096054823,81.483178076358,39.7312667989213,100.0,0.010000000707805157,0.4462911784648895,1.0
2264,0.6174728051246762,81.23588819311736,36.962495835585,100.0,0.010000000707805157,0.5934489369392395,1.0
2265,0.5388085123249328,65.99085761615837,37.10892393769925,100.0,0.010000000707805157,0.420957088470459,1.0
2266,0.6852693876142991,105.85828866957529,38.42467935094764,100.0,0.010000000707805157,0.7896222472190857,1.0
2267,0.4593637121602792,68.13876566617631,36.680345581087536,100.0,0.010000000707805157,0.3830747902393341,1.0
2268,0.17794402017851324,10.591144306047658,35.68786196413081,100.0,0.010000000707805157,0.040478114038705826,1.0
2269,0.6069103470936161,64.04833936148654,37.64063035464059,100.0,0.010000000707805157,0.45798173546791077,1.0
2270,0.44685035246032934,45.930306501946866,37.596193771450515,100.0,0.010000000707805157,0.24864596128463745,1.0
2271,0.3480196600005355,68.10480150821635,40.69655019342155,100.0,0.010000000707805157,0.23718863725662231,1.0
2272,0.45994266083697655,67.81857902313442,36.66629381525976,100.0,0.010000000707805157,0.3827357590198517,1.0
2273,0.45946392746749753,82.88892196935866,39.249486186000794,100.0,0.010000000707805157,0.40814703702926636,1.0
2274,0.5382374620750877,81.3424894278929,39.725369099935435,100.0,0.010000000707805157,0.4455770254135132,1.0
2275,0.5380484618873822,81.37072044086311,39.72719731564851,100.0,0.010000000707805157,0.4453195035457611,1.0
2276,0.5488616220764819,95.4775438746449,38.57437821828634,100.0,0.010000000707805157,0.5793027281761169,1.0
2277,0.45861214219679874,95.64567151810043,40.78129728888697,100.0,0.010000000707805157,0.433474063873291,1.0
2278,0.3466913889614134,67.93188360514112,40.70265135213082,100.0,0.010000000707805157,0.23616494238376617,1.0
2279,0.446592024102607,45.69113796116192,37.59154458190943,100.0,0.010000000707805157,0.24812763929367065,1.0
2280,0.538655535852865,65.70719812515192,37.1211350318072,100.0,0.010000000707805157,0.41929513216018677,1.0
2281,0.4462924968834706,45.755507645866004,37.60888553620124,100.0,0.010000000707805157,0.24772609770298004,1.0
2282,0.5384432113167412,65.73646240001449,37.12774316509779,100.0,0.010000000707805157,0.4188629388809204,1.0
2283,0.3473836098510978,48.197511392970405,36.630666436309504,100.0,0.010000000707805157,0.21034471690654755,1.0
2284,0.34722724879831135,48.14373023346212,36.63032329135121,100.0,0.010000000707805157,0.2101123034954071,1.0
2285,0.5496622604427915,82.25380528992615,36.67059537495019,100.0,0.010000000707805157,0.5522462129592896,1.0
2286,0.5382349283792196,65.69375352182665,37.12923103984315,100.0,0.010000000707805157,0.4180922508239746,1.0
2287,0.34648174641863233,67.52833826192257,40.67494441031064,100.0,0.010000000707805157,0.23607635498046875,1.0
2288,0.17068555012144146,10.040132710454948,35.58442224125014,100.0,0.010000000707805157,0.038690805435180664,1.0
2289,0.16969040755539752,9.97005363001059,35.57405939697527,100.0,0.010000000707805157,0.038441769778728485,1.0
2290,0.3458209763527657,67.17095006107131,40.655491154671054,100.0,0.010000000707805157,0.2355087697505951,1.0
2291,0.6181498348037814,93.18679868096561,38.862778039577464,100.0,0.010000000707805157,0.615471363067627,1.0
2292,0.4460460021003202,45.47767727061073,37.609774435552005,100.0,0.010000000707805157,0.24676547944545746,1.0
2293,0.34547479359373495,67.10820602220976,40.65062556997955,100.0,0.010000000707805157,0.23522794246673584,1.0
2294,0.7433534949095317,103.33383583639666,38.65006430596778,100.0,0.010000000707805157,0.8242436647415161,1.0
2295,0.7423166246396372,103.6269452711272,38.66145930271632,100.0,0.010000000707805157,0.8234116435050964,1.0
2296,0.4588663751977272,82.09972536786404,39.222432983664355,100.0,0.010000000707805157,0.4061025083065033,1.0
2297,0.5376674277326537,80.85152165975695,39.71217180846012,100.0,0.010000000707805157,0.4432218372821808,1.0
2298,0.3459837001280132,47.85524834865798,36.6216144412358,100.0,0.010000000707805157,0.20890837907791138,1.0
2299,0.5376741450229804,80.77574581041675,39.70929809718263,100.0,0.010000000707805157,0.44302377104759216,1.0
2300,0.4450336372350025,45.73922202213173,37.666916440366585,100.0,0.010000000707805157,0.24574770033359528,1.0
2301,0.3448654150874851,67.18065699459056,40.65013274646863,100.0,0.010000000707805157,0.2347797006368637,1.0
2302,0.34458234520168063,67.10435381641801,40.64782703057327,100.0,0.010000000707805157,0.2345387041568756,1.0
2303,0.6066319265621201,63.909835446185774,37.731953969044376,100.0,0.010000000707805157,0.4534284174442291,1.0
2304,0.6868793543087801,114.66577670632036,39.49454202569969,100.0,0.010000000707805157,0.8107900619506836,1.0
2305,0.6765235729801993,92.57900044268627,39.24970172965698,100.0,0.010000000707805157,0.6495085954666138,1.0
2306,0.34431340403006855,67.29127259929399,40.65232080542586,100.0,0.010000000707805157,0.23434282839298248,1.0
2307,0.44408455135154146,45.893271106811284,37.71578752790537,100.0,0.010000000707805157,0.24468380212783813,1.0
2308,0.45725217367243837,94.60075929997622,40.719083696117515,100.0,0.010000000707805157,0.4308021068572998,1.0
2309,0.5364232613220177,80.8291993822993,39.71868685564917,100.0,0.010000000707805157,0.4409419894218445,1.0
2310,0.34625500436562634,47.44881784754956,36.591550521088834,100.0,0.010000000707805157,0.20893613994121552,1.0
2311,0.7414520066946786,103.65536193617469,38.68576160272454,100.0,0.010000000707805157,0.8199366331100464,1.0
2312,0.16560000456789795,9.623188418675126,35.47293922906948,100.0,0.010000000707805157,0.03747638314962387,1.0
2313,0.1646387350035371,9.556542096138326,35.46276177364327,100.0,0.010000000707805157,0.0372367799282074,1.0
2314,0.5509830706560935,93.81612278025221,38.527134542246294,100.0,0.010000000707805157,0.576866090297699,1.0
2315,0.45873385232346015,81.49845843549699,39.20610671687035,100.0,0.010000000707805157,0.4047786593437195,1.0
2316,0.6168304145598894,93.08411688192206,38.8807006760127,100.0,0.010000000707805157,0.6119308471679688,1.0
2317,0.6164803476675217,93.17807712610117,38.88519760050357,100.0,0.010000000707805157,0.6116766929626465,1.0
2318,0.3428527085861086,67.03545890652038,40.64782004090816,100.0,0.010000000707805157,0.2331886887550354,1.0
2319,0.5378027706724454,65.24694565420167,37.17512228258829,100.0,0.010000000707805157,0.4150237739086151,1.0
2320,0.685971400109007,114.5441169717401,39.5035988906321,100.0,0.010000000707805157,0.8079084157943726,1.0
2321,0.45767951481621194,81.63473112937652,39.21927191893586,100.0,0.010000000707805157,0.4039682149887085,1.0
2322,0.6050608127416862,64.37475329591098,37.81979146742705,100.0,0.010000000707805157,0.450607031583786,1.0
2323,0.7904843325916794,103.37619569774844,39.012471106033786,100.0,0.010000000707805157,0.8530656099319458,1.0
2324,0.6841989073808228,115.12500809925439,39.52083487589467,100.0,0.010000000707805157,0.8064203262329102,1.0
2325,0.4553684616941367,94.90701427370931,40.737614826484815,100.0,0.010000000707805157,0.428748220205307,1.0
2326,0.4568455929735079,81.91794262581271,39.23095799677156,100.0,0.010000000707805157,0.4036760628223419,1.0
2327,0.536116594880263,65.66278404319584,37.215089162789404,100.0,0.010000000707805157,0.4139616787433624,1.0
2328,0.16391812192824873,9.466385250898277,35.42804001067259,100.0,0.010000000707805157,0.03709831461310387,1.0
2329,0.6159189209463111,80.46058701730348,37.02480611662153,100.0,0.010000000707805157,0.5848051905632019,1.0
2330,0.163248355137756,9.416766907989462,35.417198307809144,100.0,0.010000000707805157,0.03693574666976929,1.0
2331,0.3418040766633182,67.07099467282693,40.65127584343325,100.0,0.010000000707805157,0.23239272832870483,1.0
2332,0.5365240366013395,65.44020440552315,37.21349249370639,100.0,0.010000000707805157,0.41337305307388306,1.0
2333,0.343866042484736,47.25529579794529,36.59137869398435,100.0,0.010000000707805157,0.20722952485084534,1.0
2334,0.5485942268117037,93.75763450673514,38.536661053407684,100.0,0.010000000707805157,0.573803186416626,1.0
2335,0.536304773007063,65.43979714969828,37.21667988515341,100.0,0.010000000707805157,0.41288065910339355,1.0
2336,0.5478701505075451,93.82462233604112,38.54018601302072,100.0,0.010000000707805157,0.5730767250061035,1.0
2337,0.6147432722829222,93.3106043222235,38.90764765811675,100.0,0.010000000707805157,0.6085683703422546,1.0
2338,0.4566909696837015,66.40041002428364,36.637732432773646,100.0,0.010000000707805157,0.3763355612754822,1.0
2339,0.34138301176297464,66.91189722863987,40.65626247286831,100.0,0.010000000707805157,0.23212619125843048,1.0
2340,0.5358829748015415,65.4641821833477,37.224074879957406,100.0,0.010000000707805157,0.41217875480651855,1.0
2341,0.34118264033273665,66.83088813948659,40.65176395145104,100.0,0.010000000707805157,0.23195640742778778,1.0
2342,0.6045720314435148,64.66692224374357,37.88895150580401,100.0,0.010000000707805157,0.44833070039749146,1.0
2343,0.5465290812248793,105.00202242547388,39.82122820832277,100.0,0.010000000707805157,0.5978659987449646,1.0
2344,0.5356310238537001,65.48631916285466,37.23466372815799,100.0,0.010000000707805157,0.41171613335609436,1.0
2345,0.534823738493753,80.82603564150544,39.74778367324815,100.0,0.010000000707805157,0.4374952018260956,1.0
2346,0.6142541770663897,93.28725350451937,38.91451617905421,100.0,0.010000000707805157,0.6072383522987366,1.0
2347,0.45535593920440043,81.43458542750894,39.22029985043624,100.0,0.010000000707805157,0.401283323764801,1.0
2348,0.45525130447112655,81.39441062044142,39.222128950511355,100.0,0.010000000707805157,0.4010753035545349,1.0
2349,0.546231866875533,93.72395000890464,38.5504272435896,100.0,0.010000000707805157,0.570615291595459,1.0
2350,0.73928200054953,103.91149835973066,38.740170712017566,100.0,0.010000000707805157,0.8129317164421082,1.0
2351,0.45397965061097667,94.35127385289627,40.739728706724314,100.0,0.010000000707805157,0.4267149567604065,1.0
2352,0.3409116225678581,47.27346129900907,36.61883512777069,100.0,0.010000000707805157,0.20518040657043457,1.0
2353,0.4417003214253479,46.27953024118459,37.867418818086286,100.0,0.010000000707805157,0.24141047894954681,1.0
2354,0.5456174121416493,93.7021243376765,38.55442034437206,100.0,0.010000000707805157,0.5697590112686157,1.0
2355,0.3397312299286059,66.80108348801197,40.66799199459325,100.0,0.010000000707805157,0.23082467913627625,1.0
2356,0.5343730225188461,80.7609547077857,39.761048760419236,100.0,0.010000000707805157,0.4364851117134094,1.0
2357,0.5349764046242238,65.4705048485239,37.257455117261316,100.0,0.010000000707805157,0.41040700674057007,1.0
2358,0.6139781562327206,80.32790581142841,37.06411822124206,100.0,0.010000000707805157,0.5794972777366638,1.0
2359,0.5343774874417196,65.63394585352782,37.27005623898105,100.0,0.010000000707805157,0.4098067283630371,1.0
2360,0.6744826403270147,93.0240719977849,39.331263651560334,100.0,0.010000000707805157,0.6416751742362976,1.0
2361,0.6127192356200148,93.50148021527693,38.937693373897496,100.0,0.010000000707805157,0.6047635078430176,1.0
2362,0.6124449686957651,104.93550374611712,40.18548945650266,100.0,0.010000000707805157,0.6310414671897888,1.0
2363,0.6121965683677232,93.6456832208678,38.94773872110155,100.0,0.010000000707805157,0.6042890548706055,1.0
2364,0.6118273688412341,80.80883610729792,37.09372618017656,100.0,0.010000000707805157,0.5778706669807434,1.0
2365,0.45287237873348274,81.66128476706587,39.24050470357178,100.0,0.010000000707805157,0.39917296171188354,1.0
2366,0.543364044393507,115.60301406633751,40.77813244086886,100.0,0.010000000707805157,0.6207102537155151,1.0
2367,0.611630217941669,93.73618679322303,38.9601518179546,100.0,0.010000000707805157,0.6035760641098022,1.0
2368,0.5328619492293553,81.36600314597689,39.80409048962517,100.0,0.010000000707805157,0.4347165822982788,1.0
2369,0.5328259787416805,66.02289052483717,37.314928810625325,100.0,0.010000000707805157,0.4085560739040375,1.0
2370,0.542508606388601,94.06746234778734,38.57560912689002,100.0,0.010000000707805157,0.5671005249023438,1.0
2371,0.6111004026414061,93.8535131260741,38.968670345934925,100.0,0.010000000707805157,0.6028479933738708,1.0
2372,0.4520397298789196,94.5923620822128,40.76625675512316,100.0,0.010000000707805157,0.42443281412124634,1.0
2373,0.7289280271991748,80.4624298103975,38.076245030429725,100.0,0.010000000707805157,0.6490819454193115,1.0
2374,0.4399622050681053,47.06087781886388,38.01651633752414,100.0,0.010000000707805157,0.23941294848918915,1.0
2375,0.6105455597579108,94.02960050932396,38.978029403483,100.0,0.010000000707805157,0.6020393967628479,1.0
2376,0.15760312165553686,8.921205112198257,35.27817107606961,100.0,0.010000000707805157,0.035658590495586395,1.0
2377,0.3382071836340572,47.2708727050392,36.62435044101775,100.0,0.010000000707805157,0.20368599891662598,1.0
2378,0.6109681892054899,93.80785234308527,38.971709028474685,100.0,0.010000000707805157,0.6018245220184326,1.0
2379,0.1562468406755955,8.825306982719207,35.260934943472066,100.0,0.010000000707805157,0.0353265255689621,1.0
2380,0.836069058818354,93.30069613863235,38.148864501087786,100.0,0.010000000707805157,0.8506355285644531,1.0
2381,0.4521110561716376,94.52825624719479,40.74267753625319,100.0,0.010000000707805157,0.42427077889442444,1.0
2382,0.33800162798804184,47.20428044794128,36.61565678454184,100.0,0.010000000707805157,0.20358577370643616,1.0
2383,0.5318748609103054,66.20396557871021,37.364203010666245,100.0,0.010000000707805157,0.4064638018608093,1.0
2384,0.45144009618801056,66.20769389104284,36.64606694854816,100.0,0.010000000707805157,0.3714941143989563,1.0
2385,0.5316729627239403,66.2376143279955,37.36909976014205,100.0,0.010000000707805157,0.40601789951324463,1.0
2386,0.15495812509754428,8.721360744816204,35.22430438183301,100.0,0.010000000707805157,0.03502819687128067,1.0
2387,0.4522199948211748,94.08153755153788,40.72698913302944,100.0,0.010000000707805157,0.42407411336898804,1.0
2388,0.7364151650220414,104.64537699094852,38.82071418099384,100.0,0.010000000707805157,0.804019033908844,1.0
2389,0.5412690212724175,80.85203949753769,36.66038535459962,100.0,0.010000000707805157,0.5388758182525635,1.0
2390,0.6013369398963017,66.41659309127769,38.161585354511,100.0,0.010000000707805157,0.44069209694862366,1.0
2391,0.7345988533746344,93.73701413640912,37.42249969438415,100.0,0.010000000707805157,0.7756425142288208,1.0
2392,0.5388245676891188,81.23590923890401,36.67334145866672,100.0,0.010000000707805157,0.5370244979858398,1.0
2393,0.6795146799140017,115.40009622055895,39.572591843418806,100.0,0.010000000707805157,0.7942339181900024,1.0
2394,0.43886932576877286,47.62261586453445,38.14383870163799,100.0,0.010000000707805157,0.23730437457561493,1.0
2395,0.5300330433472606,66.70701099224264,37.41897993067645,100.0,0.010000000707805157,0.4039841890335083,1.0
2396,0.6091710896945788,94.2636493154977,38.99640694265054,100.0,0.010000000707805157,0.59856116771698,1.0
2397,0.6713159251087999,94.56492563210111,39.44938932604811,100.0,0.010000000707805157,0.6336163282394409,1.0
2398,0.33507353830017916,47.455698291499026,36.638805933579945,100.0,0.010000000707805157,0.20179715752601624,1.0
2399,0.45208281154265634,94.4079909625608,40.73784227771561,100.0,0.010000000707805157,0.4240683317184448,1.0
2400,0.4384194982663648,47.75587251629233,38.185091416907426,100.0,0.010000000707805157,0.23650433123111725,1.0
2401,0.5410974657475474,105.22738743726785,39.84061023308124,100.0,0.010000000707805157,0.5906146764755249,1.0
2402,0.6003395391494037,67.10401030610763,38.25715821364049,100.0,0.010000000707805157,0.4381760358810425,1.0
2403,0.5311504101580097,81.91220239480829,39.85229885669574,100.0,0.010000000707805157,0.4303461015224457,1.0
2404,0.4499203419555715,81.51241426388188,39.23619171151254,100.0,0.010000000707805157,0.3958110809326172,1.0
2405,0.531070583798308,81.87108657198758,39.853724115874165,100.0,0.010000000707805157,0.4300635755062103,1.0
2406,0.5395468021887051,93.83126424090608,38.56461245081488,100.0,0.010000000707805157,0.5627427101135254,1.0
2407,0.15271878624584584,8.518925759636979,35.15181948108274,100.0,0.010000000707805157,0.03454122319817543,1.0
2408,0.5382665806767576,80.85135323805954,36.67082492178366,100.0,0.010000000707805157,0.5350742936134338,1.0
2409,0.44948087302161,81.32176039190111,39.238427540566065,100.0,0.010000000707805157,0.3949345350265503,1.0
2410,0.8351825904925924,94.89914325907701,38.324931724589426,100.0,0.010000000707805157,0.8417758941650391,1.0
2411,0.3368772478906666,66.85437483127545,40.669092399211756,100.0,0.010000000707805157,0.22856995463371277,1.0
2412,0.669673083054139,81.98165601212342,37.77276138140969,100.0,0.010000000707805157,0.6029788255691528,1.0
2413,0.5308540496816356,82.00959933274127,39.86556537143068,100.0,0.010000000707805157,0.42920732498168945,1.0
2414,0.3366609004747124,66.83043415829874,40.6643656800549,100.0,0.010000000707805157,0.22837060689926147,1.0
2415,0.6707488548412252,94.79864836053498,39.489183710746076,100.0,0.010000000707805157,0.6296898126602173,1.0
2416,0.5289784372262217,66.95129790544637,37.496863705618374,100.0,0.010000000707805157,0.4011481702327728,1.0
2417,0.6689963023880539,82.30964701333909,37.814159686258286,100.0,0.010000000707805157,0.6012721061706543,1.0
2418,0.4490712294568494,81.45640985007427,39.22770274836625,100.0,0.010000000707805157,0.3948301076889038,1.0
2419,0.66872818222209,82.44448477106496,37.82790240187297,100.0,0.010000000707805157,0.6006472706794739,1.0
2420,0.45121494090277964,94.30361762208558,40.72250766619492,100.0,0.010000000707805157,0.4225377142429352,1.0
2421,0.5284445920607872,67.13485951825697,37.52304633377656,100.0,0.010000000707805157,0.4002556800842285,1.0
2422,0.53026828804841,82.2250297508927,39.88367739729821,100.0,0.010000000707805157,0.427702933549881,1.0
2423,0.5400449421684459,105.1092630066148,39.83135525245443,100.0,0.010000000707805157,0.5884872674942017,1.0
2424,0.5380499848482204,93.75269836107067,38.562514285720276,100.0,0.010000000707805157,0.5606038570404053,1.0
2425,0.6701194790725241,95.23006706111468,39.52635267805663,100.0,0.010000000707805157,0.6274062395095825,1.0
2426,0.7338785159743135,116.43641861342357,39.942088653376146,100.0,0.010000000707805157,0.8207573294639587,1.0
2427,0.15112821630806378,8.357295674981007,35.07289775351464,100.0,0.010000000707805157,0.03422296792268753,1.0
2428,0.3355345453474099,66.8710480647788,40.66760472364728,100.0,0.010000000707805157,0.22734972834587097,1.0
2429,0.4498687796456272,94.20681782319663,40.72918565602882,100.0,0.010000000707805157,0.4205802083015442,1.0
2430,0.44839348798747425,81.22037992068552,39.2394917904254,100.0,0.010000000707805157,0.39346742630004883,1.0
2431,0.14875798405869758,8.196806758039111,35.05191129905189,100.0,0.010000000707805157,0.033639952540397644,1.0
2432,0.44748667339151005,65.66257373289737,36.642365744126565,100.0,0.010000000707805157,0.36670970916748047,1.0
2433,0.3345964301513567,66.54295295205728,40.66257323298269,100.0,0.010000000707805157,0.22653687000274658,1.0
2434,0.5397396459202641,104.50572893137554,39.83552985688819,100.0,0.010000000707805157,0.5863149166107178,1.0
2435,0.5997532386783805,67.85721994286969,38.431944762742646,100.0,0.010000000707805157,0.4328625202178955,1.0
2436,0.529069186042079,66.76084642909372,37.542755213658246,100.0,0.010000000707805157,0.3991660177707672,1.0
2437,0.5386400735263951,93.12086707641186,38.560126480053086,100.0,0.010000000707805157,0.559287428855896,1.0
2438,0.3325731674913185,46.677019079798306,36.62062281832906,100.0,0.010000000707805157,0.19926783442497253,1.0
2439,0.5394457511830898,104.40284672201616,39.835744860669344,100.0,0.010000000707805157,0.5856608748435974,1.0
2440,0.6073521319618621,81.09671089043843,37.26168919149498,100.0,0.010000000707805157,0.5649885535240173,1.0
2441,0.33197658432221566,46.68241426240207,36.63015864401805,100.0,0.010000000707805157,0.19874507188796997,1.0
2442,0.6001300439917905,67.96281311322254,38.45414392789692,100.0,0.010000000707805157,0.4323010742664337,1.0
2443,0.44773897543769603,80.76448062052694,39.233579341093005,100.0,0.010000000707805157,0.39183175563812256,1.0
2444,0.4459851818917644,65.51177663642665,36.65765347933292,100.0,0.010000000707805157,0.3642251491546631,1.0
2445,0.4368069046695163,48.33149838648956,38.40305789583426,100.0,0.010000000707805157,0.23221150040626526,1.0
2446,0.5288230100292226,66.73933313066718,37.56289337210555,100.0,0.010000000707805157,0.39759889245033264,1.0
2447,0.3313343429943167,46.57941485162623,36.62895026800379,100.0,0.010000000707805157,0.1980019360780716,1.0
2448,0.5288452874166445,66.71343305678013,37.56625008932352,100.0,0.010000000707805157,0.39723968505859375,1.0
2449,0.3310701326108715,46.5427165270396,36.629833155860155,100.0,0.010000000707805157,0.19767411053180695,1.0
2450,0.5288672044241567,66.68849695078843,37.5696503638221,100.0,0.010000000707805157,0.39688119292259216,1.0
2451,0.7364974848089783,115.34841459649152,39.92512375220465,100.0,0.010000000707805157,0.818884015083313,1.0
2452,0.5284656954209732,66.85747607493226,37.587977753330335,100.0,0.010000000707805157,0.3965042233467102,1.0
2453,0.6063839013979105,81.24627895006812,37.29743992174858,100.0,0.010000000707805157,0.5615319013595581,1.0
2454,0.6696122841385878,82.60662066326513,37.93532013468006,100.0,0.010000000707805157,0.5949041843414307,1.0
2455,0.3340091686649545,66.13902009096334,40.639546865648335,100.0,0.010000000707805157,0.2260625660419464,1.0
2456,0.5368407984632798,92.80820301438256,38.549890467362104,100.0,0.010000000707805157,0.555705189704895,1.0
2457,0.6743547257334696,93.63771438633624,37.16404930640917,100.0,0.010000000707805157,0.7251637578010559,1.0
2458,0.5304898184675018,81.88911732617058,39.90758351600553,100.0,0.010000000707805157,0.42458248138427734,1.0
2459,0.5303779349498089,81.90539487435593,39.90995508769197,100.0,0.010000000707805157,0.42432600259780884,1.0
2460,0.7274570364918793,84.27246808369011,38.6104308737918,100.0,0.010000000707805157,0.6275261044502258,1.0
2461,0.6045908083077609,81.74445810851726,37.33888372772259,100.0,0.010000000707805157,0.559083878993988,1.0
2462,0.7267766598726625,84.78915895889783,38.65777684740649,100.0,0.010000000707805157,0.625746488571167,1.0
2463,0.144055587081896,7.817094659780718,34.91762375461783,100.0,0.010000000707805157,0.032578401267528534,1.0
2464,0.6071098500509519,94.35991063581268,39.07613768285386,100.0,0.010000000707805157,0.5877141356468201,1.0
2465,0.6681305101651878,83.5254154065557,38.03231177753635,100.0,0.010000000707805157,0.5909285545349121,1.0
2466,0.4418667446338993,65.79907451053215,36.668535757533405,100.0,0.010000000707805157,0.3605664372444153,1.0
2467,0.43574672571798473,49.472431638483975,38.62297340250201,100.0,0.010000000707805157,0.22916774451732635,1.0
2468,0.6069391965667421,94.44811194060584,39.08141072475819,100.0,0.010000000707805157,0.5870031118392944,1.0
2469,0.5263644928624217,67.76282556821685,37.70036339228821,100.0,0.010000000707805157,0.39274659752845764,1.0
2470,0.6033812408759104,82.12378587808928,37.3796209427287,100.0,0.010000000707805157,0.5564265847206116,1.0
2471,0.45038046743817367,93.29940581351752,40.67989014016513,100.0,0.010000000707805157,0.42025405168533325,1.0
2472,0.5262800882571301,67.78734599791137,37.71008662919618,100.0,0.010000000707805157,0.39231425523757935,1.0
2473,0.14220605944203366,7.675900493174058,34.87217935726459,100.0,0.010000000707805157,0.03215165436267853,1.0
2474,0.6809138638610667,124.2370809524983,40.383903667588775,100.0,0.010000000707805157,0.8108325600624084,1.0
2475,0.4495615530941646,93.18193709385281,40.68296701486525,100.0,0.010000000707805157,0.4190146028995514,1.0
2476,0.5266447141796364,67.61996472727641,37.71353366323989,100.0,0.010000000707805157,0.3922201991081238,1.0
2477,0.5298161445204158,82.2765503781014,39.94482225703938,100.0,0.010000000707805157,0.4216139614582062,1.0
2478,0.32797156507564246,46.51405969949978,36.634192826323876,100.0,0.010000000707805157,0.19558382034301758,1.0
2479,0.5994161737513466,69.8249682012214,38.74287809242019,100.0,0.010000000707805157,0.42440661787986755,1.0
2480,0.7870227478094277,108.09885499177598,39.479248803956324,100.0,0.010000000707805157,0.8139688372612,1.0
2481,0.5412126486011707,114.11215140197442,40.698975721553026,100.0,0.010000000707805157,0.6121840476989746,1.0
2482,0.4454657230183529,80.44570376616946,39.20833925289865,100.0,0.010000000707805157,0.38874733448028564,1.0
2483,0.6705342942303872,96.19895734746427,39.66555369666028,100.0,0.010000000707805157,0.6163682341575623,1.0
2484,0.6702543500726303,96.37306805536981,39.67695481380882,100.0,0.010000000707805157,0.6157119274139404,1.0
2485,0.3279050491448255,46.436867455126894,36.620142302825506,100.0,0.010000000707805157,0.19577907025814056,1.0
2486,0.13973714355274394,7.483901806471108,34.8131431651015,100.0,0.010000000707805157,0.03159224987030029,1.0
2487,0.6167732535245818,122.84608941299676,40.06177890631247,100.0,0.010000000707805157,0.7749985456466675,1.0
2488,0.4452662496192744,80.27491851365295,39.21199532199971,100.0,0.010000000707805157,0.38810014724731445,1.0
2489,0.5266951911858822,67.6553165767428,37.764247459505604,100.0,0.010000000707805157,0.3908557891845703,1.0
2490,0.6089455945588284,105.40167286785476,40.26835441136951,100.0,0.010000000707805157,0.6122099161148071,1.0
2491,0.5266272697872983,67.7001734828413,37.77483490884189,100.0,0.010000000707805157,0.39061421155929565,1.0
2492,0.4450465886036425,80.20381476453848,39.21274052626157,100.0,0.010000000707805157,0.38768470287323,1.0
2493,0.5373252393640501,103.61629755558141,39.808202440052796,100.0,0.010000000707805157,0.5801496505737305,1.0
2494,0.44478235231397356,80.14559951680191,39.22134292155381,100.0,0.010000000707805157,0.38720232248306274,1.0
2495,0.6067844941749855,94.17391716899652,39.12965518146567,100.0,0.010000000707805157,0.5827415585517883,1.0
2496,0.13723723567640253,7.307180424514097,34.78572495692886,100.0,0.010000000707805157,0.03100362792611122,1.0
2497,0.6069983174710976,94.05966744905795,39.12805489517816,100.0,0.010000000707805157,0.5825394988059998,1.0
2498,0.32715713562167775,46.05882476169752,36.627022831677614,100.0,0.010000000707805157,0.1945444792509079,1.0
2499,0.3270796763174108,46.014242735103856,36.627583883223316,100.0,0.010000000707805157,0.19434742629528046,1.0
2500,0.5271427828440397,67.4197023287779,37.77957588040207,100.0,0.010000000707805157,0.3897416889667511,1.0
2501,0.13538242023129954,7.182630712820146,34.75806255357372,100.0,0.010000000707805157,0.03055596724152565,1.0
2502,0.4449668851833969,79.64951764887202,39.20731917681805,100.0,0.010000000707805157,0.38637101650238037,1.0
2503,0.3302912400329523,65.39169159542693,40.62063581703889,100.0,0.010000000707805157,0.22254016995429993,1.0
2504,0.44500742956305966,79.49937414762906,39.20841394289986,100.0,0.010000000707805157,0.38604864478111267,1.0
2505,0.6006743904437941,69.87567635183629,38.827840849310334,100.0,0.010000000707805157,0.4216307997703552,1.0
2506,0.32999791890790947,65.29565291400493,40.6155196409739,100.0,0.010000000707805157,0.2222391664981842,1.0
2507,0.5341056638239113,78.6142748417761,36.658239333936145,100.0,0.010000000707805157,0.5213440656661987,1.0
2508,0.6008454029564352,69.9547144406001,38.84227730139804,100.0,0.010000000707805157,0.4212385416030884,1.0
2509,0.6059098779447559,81.13649182131634,37.43990797535678,100.0,0.010000000707805157,0.5522164106369019,1.0
2510,0.4351895978857103,49.8084721020333,38.81523984471982,100.0,0.010000000707805157,0.22510217130184174,1.0
2511,0.5274036467121693,67.33996052337105,37.80991649532069,100.0,0.010000000707805157,0.38816124200820923,1.0
2512,0.6078665886964351,93.60398672243223,39.12513141384069,100.0,0.010000000707805157,0.5806806087493896,1.0
2513,0.67032693967606,83.80673798331091,38.21276694728673,100.0,0.010000000707805157,0.5828781723976135,1.0
2514,0.6722517483773256,96.05397023493174,39.71224608790628,100.0,0.010000000707805157,0.6118921637535095,1.0
2515,0.529551255352869,82.15645974362144,39.99165230295973,100.0,0.010000000707805157,0.4166754484176636,1.0
2516,0.32582311426186905,45.759922032268946,36.6203075941207,100.0,0.010000000707805157,0.19294637441635132,1.0
2517,0.5348229996041106,91.44204106872428,38.530196515324945,100.0,0.010000000707805157,0.548420786857605,1.0
2518,0.4407576865224879,64.39557889211054,36.65772814547213,100.0,0.010000000707805157,0.3553575873374939,1.0
2519,0.5342285975988814,91.44547150150188,38.53654208437086,100.0,0.010000000707805157,0.5474631786346436,1.0
2520,0.44732132610446135,91.94587174807425,40.66047352597258,100.0,0.010000000707805157,0.41454511880874634,1.0
2521,0.5270558033249549,67.50157120806513,37.848177388889994,100.0,0.010000000707805157,0.38669896125793457,1.0
2522,0.13111225038968574,6.874276570539008,34.6713976214063,100.0,0.010000000707805157,0.02956516295671463,1.0
2523,0.6012657349377816,70.57564445407426,38.941596976357054,100.0,0.010000000707805157,0.4186183214187622,1.0
2524,0.5299400615437238,81.88801843375218,39.99027434762972,100.0,0.010000000707805157,0.4160443842411041,1.0
2525,0.44406115928470274,79.11713980993599,39.19178699949048,100.0,0.010000000707805157,0.384205162525177,1.0
2526,0.4407423503851326,64.12046921934696,36.658587069463174,100.0,0.010000000707805157,0.3543105721473694,1.0
2527,0.4438646329953196,79.04305481525276,39.19408832980743,100.0,0.010000000707805157,0.3837968707084656,1.0
2528,0.44379227227037976,78.99933972738147,39.19626956575469,100.0,0.010000000707805157,0.38359344005584717,1.0
2529,0.4468346292263073,91.51423440314967,40.65277538879366,100.0,0.010000000707805157,0.4134352207183838,1.0
2530,0.5317867730472642,78.2933056317056,36.67962561958861,100.0,0.010000000707805157,0.5159738659858704,1.0
2531,0.32867333299455187,64.7708256230421,40.60943219594807,100.0,0.010000000707805157,0.22094354033470154,1.0
2532,0.4435138248941086,78.8290266466346,39.20508472800201,100.0,0.010000000707805157,0.3827935755252838,1.0
2533,0.5341617442408695,90.78887861612003,38.54813601053974,100.0,0.010000000707805157,0.544701099395752,1.0
2534,0.5277260547450098,67.15068815690357,37.85588400046056,100.0,0.010000000707805157,0.38549086451530457,1.0
2535,0.5276559777526143,67.19421770337709,37.862179686016816,100.0,0.010000000707805157,0.3852555751800537,1.0
2536,0.530513839060409,81.48763033399578,39.99144509511076,100.0,0.010000000707805157,0.4155213236808777,1.0
2537,0.44312514931098107,78.75435873431526,39.20719589098929,100.0,0.010000000707805157,0.3821624517440796,1.0
2538,0.12695806505164775,6.592185627319583,34.61513833409851,100.0,0.010000000707805157,0.028581228107213974,1.0
2539,0.6086110015301485,92.9466287251771,39.1457914751296,100.0,0.010000000707805157,0.5769907832145691,1.0
2540,0.5305264858330593,81.38346584102675,39.992771250742905,100.0,0.010000000707805157,0.41501086950302124,1.0
2541,0.6724565426645795,83.59974886453222,38.2753625141431,100.0,0.010000000707805157,0.5794795155525208,1.0
2542,0.539028261520832,111.68022871690778,40.677281840178495,100.0,0.010000000707805157,0.6042402982711792,1.0
2543,0.6102730353384055,103.95527929440513,40.27727007330455,100.0,0.010000000707805157,0.6060411334037781,1.0
2544,0.3272732166834381,64.60694108017928,40.620607304836,100.0,0.010000000707805157,0.21954837441444397,1.0
2545,0.3238931907354121,45.12192914051269,36.64514303230716,100.0,0.010000000707805157,0.19004371762275696,1.0
2546,0.44526337881229244,91.05004900037052,40.664750753233015,100.0,0.010000000707805157,0.4106734097003937,1.0
2547,0.67937976203616,113.04056691682386,39.653446047809545,100.0,0.010000000707805157,0.7672052383422852,1.0
2548,0.606653015857616,80.62022561048626,37.51799007650435,100.0,0.010000000707805157,0.5464047193527222,1.0
2549,0.6030222258155014,70.61626954967909,39.00556756378572,100.0,0.010000000707805157,0.4169002175331116,1.0
2550,0.6772186694527522,103.38446498544096,38.679253755509464,100.0,0.010000000707805157,0.7369691133499146,1.0
2551,0.5352976436587222,101.69014575367281,39.81132823145103,100.0,0.010000000707805157,0.5717126131057739,1.0
2552,0.53503204038746,101.69809985984706,39.818801185330265,100.0,0.010000000707805157,0.5712411403656006,1.0
2553,0.7926795840863324,108.21160886810715,39.63202225190047,100.0,0.010000000707805157,0.8021054267883301,1.0
2554,0.4354894226464052,50.39519702863429,39.01034799304969,100.0,0.010000000707805157,0.22182655334472656,1.0
2555,0.6027498894155017,71.17983865240967,39.07625496108555,100.0,0.010000000707805157,0.4153028428554535,1.0
2556,0.6075155968775742,93.41362338979488,39.20616843448933,100.0,0.010000000707805157,0.5736843347549438,1.0
2557,0.6093085518620731,104.39919148818856,40.316139809246906,100.0,0.010000000707805157,0.602654218673706,1.0
2558,0.5345024497534754,101.83067986476598,39.822466235685155,100.0,0.010000000707805157,0.5705176591873169,1.0
2559,0.5273691930771314,67.54716062033022,37.97252908905882,100.0,0.010000000707805157,0.3827208876609802,1.0
2560,0.5293781938947093,82.0209236859578,40.07030922039734,100.0,0.010000000707805157,0.41130876541137695,1.0
2561,0.4413815865725674,78.63575816320541,39.240944660450815,100.0,0.010000000707805157,0.37958699464797974,1.0
2562,0.32560017135582564,64.65762081236008,40.64738357665494,100.0,0.010000000707805157,0.21788403391838074,1.0
2563,0.6059957099366169,80.90924845383626,37.57837119546375,100.0,0.010000000707805157,0.544114351272583,1.0
2564,0.5275063226620789,67.52647547984778,37.987070067904355,100.0,0.010000000707805157,0.3820933699607849,1.0
2565,0.529532883461655,81.95360175156836,40.074139319632025,100.0,0.010000000707805157,0.41083019971847534,1.0
2566,0.5294643014503705,81.96843723053895,40.07695211099279,100.0,0.010000000707805157,0.4105823338031769,1.0
2567,0.6781097534011834,113.54205629247195,39.70137939244511,100.0,0.010000000707805157,0.7623134851455688,1.0
2568,0.44100230204520907,78.51695478439028,39.24622412495046,100.0,0.010000000707805157,0.3787972331047058,1.0
2569,0.6031394104907158,71.7036217539274,39.16596659537215,100.0,0.010000000707805157,0.41304370760917664,1.0
2570,0.43526305699076895,50.917226925497324,39.13560264478197,100.0,0.010000000707805157,0.21990038454532623,1.0
2571,0.6726274727983673,84.65863717766143,38.456137616296274,100.0,0.010000000707805157,0.5736188888549805,1.0
2572,0.4410441906784526,78.4436515789509,39.23523415702784,100.0,0.010000000707805157,0.37874600291252136,1.0
2573,0.12202398819644118,6.21198303297346,34.483575196056414,100.0,0.010000000707805157,0.0275005791336298,1.0
2574,0.4352332040877555,50.98602245072815,39.161346721209846,100.0,0.010000000707805157,0.2193395346403122,1.0
2575,0.6031533080368444,72.04640158977206,39.225085528463026,100.0,0.010000000707805157,0.41118109226226807,1.0
2576,0.6030015053926551,72.23678712503018,39.24881117692464,100.0,0.010000000707805157,0.41053974628448486,1.0
2577,0.32227485464072575,44.69818860775676,36.62716930329513,100.0,0.010000000707805157,0.18864518404006958,1.0
2578,0.6080040539617456,93.33486711899606,39.24272423214005,100.0,0.010000000707805157,0.5702309012413025,1.0
2579,0.6086640471711441,89.05185048032004,36.67861958931383,100.0,0.010000000707805157,0.6727595329284668,1.0
2580,0.44094158080121876,78.19742057346106,39.221607771929186,100.0,0.010000000707805157,0.37811601161956787,1.0
2581,0.4408761925701186,78.15408743106438,39.22386119154926,100.0,0.010000000707805157,0.3779107332229614,1.0
2582,0.6732022733927211,84.93158012635385,38.50911157013164,100.0,0.010000000707805157,0.5711817741394043,1.0
2583,0.44069905625651745,78.15748342770883,39.22359035459643,100.0,0.010000000707805157,0.37771672010421753,1.0
2584,0.11995736637534465,6.0676867471320195,34.43484636792669,100.0,0.010000000707805157,0.02702506259083748,1.0
2585,0.5277352904758887,67.77777258679617,38.08303865223794,100.0,0.010000000707805157,0.3788764476776123,1.0
2586,0.1192260083748456,6.020987955991035,34.421574917656464,100.0,0.010000000707805157,0.026849668473005295,1.0
2587,0.530171030269758,81.85053683630478,40.095120133612,100.0,0.010000000707805157,0.40828484296798706,1.0
2588,0.11842073660988955,5.96951443893424,34.408155380611305,100.0,0.010000000707805157,0.02665730193257332,1.0
2589,0.6087071924674893,92.96164667206604,39.244307549491644,100.0,0.010000000707805157,0.5688552260398865,1.0
2590,0.32450582813935075,63.90366593318845,40.60137174554602,100.0,0.010000000707805157,0.2165040373802185,1.0
2591,0.5330980202963463,89.30024343279781,38.55005971435079,100.0,0.010000000707805157,0.5379500985145569,1.0
2592,0.530263917086147,81.69508356024848,40.096738393614075,100.0,0.010000000707805157,0.4077184200286865,1.0
2593,0.6087485063845017,92.89832222012791,39.25203116220451,100.0,0.010000000707805157,0.5682415962219238,1.0
2594,0.11705174174632048,5.877784123595384,34.38619495541557,100.0,0.010000000707805157,0.026338627561926842,1.0
2595,0.11647793647576637,5.842830838877508,34.378284842408085,100.0,0.010000000707805157,0.026199035346508026,1.0
2596,0.6092427436779031,92.66022990507038,39.24692689564854,100.0,0.010000000707805157,0.5680369138717651,1.0
2597,0.6091373482675796,92.71408847478772,39.251490483065794,100.0,0.010000000707805157,0.5678115487098694,1.0
2598,0.4356528299325983,51.24180700973707,39.27030945385216,100.0,0.010000000707805157,0.21704907715320587,1.0
2599,0.4430845844414142,89.92179991891864,40.638015235041856,100.0,0.010000000707805157,0.4056013822555542,1.0
2600,0.6092389544458717,92.65612001530839,39.2572717111821,100.0,0.010000000707805157,0.567368745803833,1.0
2601,0.5302416387369265,81.61764664243441,40.109371997216535,100.0,0.010000000707805157,0.40635550022125244,1.0
2602,0.43948233207797205,62.16924312334951,36.65789427127261,100.0,0.010000000707805157,0.3471919298171997,1.0
2603,0.5288804557521518,67.47609577356545,38.12700556614325,100.0,0.010000000707805157,0.37713950872421265,1.0
2604,0.3209412836739279,44.11927925655028,36.63926598620594,100.0,0.010000000707805157,0.18607892096042633,1.0
2605,0.5289550559667267,67.46762089499425,38.13210248875832,100.0,0.010000000707805157,0.3767988383769989,1.0
2606,0.5348285438763225,99.88157476077845,39.78111253970679,100.0,0.010000000707805157,0.5654712319374084,1.0
2607,0.44263264182248024,89.71700979870214,40.64370818350202,100.0,0.010000000707805157,0.4046664834022522,1.0
2608,0.3208393784519273,44.00943421759285,36.643126426865685,100.0,0.010000000707805157,0.18573810160160065,1.0
2609,0.3229849252624409,63.39927933579354,40.6032665799735,100.0,0.010000000707805157,0.2147379368543625,1.0
2610,0.43600867389146025,51.14560461619689,39.291192916675634,100.0,0.010000000707805157,0.21632122993469238,1.0
2611,0.3210690422363397,43.853221354853005,36.636711762568055,100.0,0.010000000707805157,0.1855381727218628,1.0
2612,0.1122973935941996,5.569504573888849,34.30814696820021,100.0,0.010000000707805157,0.025219375267624855,1.0
2613,0.530921206719934,81.10274459036738,40.099619739328965,100.0,0.010000000707805157,0.40549206733703613,1.0
2614,0.6805273494460216,101.91910651790951,38.751567529196244,100.0,0.010000000707805157,0.7264592051506042,1.0
2615,0.6767130108452578,84.49215639399092,38.59454351870585,100.0,0.010000000707805157,0.5670770406723022,1.0
2616,0.6110811654563615,103.02766389486548,40.32580333572468,100.0,0.010000000707805157,0.5946431159973145,1.0
2617,0.32252122530408756,63.23240801309954,40.59584720643495,100.0,0.010000000707805157,0.2141590714454651,1.0
2618,0.6108444475497332,102.9965002143806,40.33070211933647,100.0,0.010000000707805157,0.5938757061958313,1.0
2619,0.32214855242069856,63.21109761315976,40.600981915331325,100.0,0.010000000707805157,0.21374593675136566,1.0
2620,0.32111152995344777,43.6041848275176,36.628203599449265,100.0,0.010000000707805157,0.18522994220256805,1.0
2621,0.6771782509976172,84.49776941858434,38.61950266307546,100.0,0.010000000707805157,0.5663467049598694,1.0
2622,0.32083247259326575,43.61858021758895,36.63027184407295,100.0,0.010000000707805157,0.1849949210882187,1.0
2623,0.529990417999496,67.23657164389402,38.179426067449235,100.0,0.010000000707805157,0.3751395344734192,1.0
2624,0.6103246474053631,92.16759469249209,39.28316600373947,100.0,0.010000000707805157,0.5641356706619263,1.0
2625,0.5346452833575691,99.1582724998317,39.78161229806983,100.0,0.010000000707805157,0.5627813339233398,1.0
2626,0.44060916945856726,76.53834439867381,39.21549893597245,100.0,0.010000000707805157,0.3733360171318054,1.0
2627,0.5299856971351313,67.26082812415257,38.19060040377416,100.0,0.010000000707805157,0.3747352659702301,1.0
2628,0.5309510194247367,81.28743573120714,40.138045528320205,100.0,0.010000000707805157,0.40351128578186035,1.0
2629,0.6093345713690316,80.11319577550742,37.74184057380437,100.0,0.010000000707805157,0.5344230532646179,1.0
2630,0.5329644072813381,88.0064512944538,38.558735719779705,100.0,0.010000000707805157,0.5326507091522217,1.0
2631,0.6774078338666998,84.90640214091007,38.66917946426578,100.0,0.010000000707805157,0.564306378364563,1.0
2632,0.5323209351804675,88.09941011221414,38.56248513004795,100.0,0.010000000707805157,0.5320491790771484,1.0
2633,0.43966984878585896,76.59122436078961,39.2244279279772,100.0,0.010000000707805157,0.37233424186706543,1.0
2634,0.6076096657604559,73.0296882083166,39.46111661255694,100.0,0.010000000707805157,0.4045211970806122,1.0
2635,0.5301477887943453,75.46442524484013,36.69690407438536,100.0,0.010000000707805157,0.5017732381820679,1.0
2636,0.3185668621373961,43.753927035641105,36.67244173385836,100.0,0.010000000707805157,0.1831391453742981,1.0
2637,0.6079712836543938,73.15421769731398,39.476458069215674,100.0,0.010000000707805157,0.40416771173477173,1.0
2638,0.5316033127995322,88.05187895563067,38.563716618603394,100.0,0.010000000707805157,0.5307049751281738,1.0
2639,0.528892179893545,75.58001416765526,36.7139870869121,100.0,0.010000000707805157,0.49977385997772217,1.0
2640,0.4389408527449295,76.54958019293444,39.226160544201164,100.0,0.010000000707805157,0.371355801820755,1.0
2641,0.5294478064490509,67.7065426253154,38.252196724043756,100.0,0.010000000707805157,0.3721603751182556,1.0
2642,0.53316081807721,99.02705816368207,39.79669651105009,100.0,0.010000000707805157,0.5602337718009949,1.0
2643,0.43866744933918644,76.50315394158673,39.23394998107081,100.0,0.010000000707805157,0.3708220422267914,1.0
2644,0.3213502385917696,62.85513202895146,40.61806726478805,100.0,0.010000000707805157,0.2128039300441742,1.0
2645,0.32120774877995895,62.80025173033121,40.61781252854074,100.0,0.010000000707805157,0.2126166671514511,1.0
2646,0.6102740826051565,92.13625321998666,39.32300578979208,100.0,0.010000000707805157,0.5606492161750793,1.0
2647,0.4410498138385635,88.72531232783236,40.659332994997506,100.0,0.010000000707805157,0.4008481502532959,1.0
2648,0.43644071369091325,61.458464079065514,36.71803281161694,100.0,0.010000000707805157,0.3399215042591095,1.0
2649,0.6102989063154257,92.09256040032571,39.328789357224615,100.0,0.010000000707805157,0.5602117776870728,1.0
2650,0.10676130513651493,5.186922067913534,34.193389222487745,100.0,0.010000000707805157,0.023969478905200958,1.0
2651,0.43870757836713636,76.15718618126755,39.24222087536542,100.0,0.010000000707805157,0.36977097392082214,1.0
2652,0.43630091309057667,61.371791931770225,36.725546442660715,100.0,0.010000000707805157,0.3391132950782776,1.0
2653,0.5327889821065647,98.55046824396783,39.81509988618628,100.0,0.010000000707805157,0.5578452348709106,1.0
2654,0.5322655539706539,81.02179494357833,40.169843135506746,100.0,0.010000000707805157,0.40201815962791443,1.0
2655,0.7422310663510318,95.3699621117146,38.2871674983948,100.0,0.010000000707805157,0.7194510102272034,1.0
2656,0.855524100013748,103.84391343072508,39.547351118077785,100.0,0.010000000707805157,0.7842393517494202,1.0
2657,0.7413364740615751,96.04879852645223,38.33579345844333,100.0,0.010000000707805157,0.7174217104911804,1.0
2658,0.43790475568338516,52.27303901017915,39.53669772500498,100.0,0.010000000707805157,0.2128238081932068,1.0
2659,0.5296529774662901,68.00494244554736,38.33394027427969,100.0,0.010000000707805157,0.36977410316467285,1.0
2660,0.43777078404819786,76.27617019484202,39.239746000276035,100.0,0.010000000707805157,0.369071900844574,1.0
2661,0.5264783133417289,75.40623594830053,36.74966522349537,100.0,0.010000000707805157,0.4947018027305603,1.0
2662,0.6103874831190781,73.97534489768586,39.59203424924911,100.0,0.010000000707805157,0.4016919732093811,1.0
2663,0.6073188571039481,80.89783450285007,37.876355851770086,100.0,0.010000000707805157,0.5257835388183594,1.0
2664,0.4373162266873157,76.28828218660426,39.24038523356462,100.0,0.010000000707805157,0.3685527443885803,1.0
2665,0.6790691674289127,86.09234891954627,38.83065406374243,100.0,0.010000000707805157,0.5575518608093262,1.0
2666,0.32075924475227086,62.628926782234295,40.61517760413634,100.0,0.010000000707805157,0.21205028891563416,1.0
2667,0.4409979742180886,88.46299363434306,40.6528963334109,100.0,0.010000000707805157,0.4002799391746521,1.0
2668,0.3203501887366913,62.559444664338045,40.62066167558564,100.0,0.010000000707805157,0.21155712008476257,1.0
2669,0.4405862568695995,88.36851829169169,40.6580801085031,100.0,0.010000000707805157,0.3994792699813843,1.0
2670,0.6081249895642887,80.63772422430405,37.88579466044288,100.0,0.010000000707805157,0.525351881980896,1.0
2671,0.433785031106584,61.40953158003635,36.75116210882375,100.0,0.010000000707805157,0.3361485004425049,1.0
2672,0.4405112908608278,88.29897078082823,40.66295621585328,100.0,0.010000000707805157,0.39926695823669434,1.0
2673,0.530212592294926,67.96928635661277,38.37233954564415,100.0,0.010000000707805157,0.3681972920894623,1.0
2674,0.5302059371704435,68.01526508404092,38.37947110953082,100.0,0.010000000707805157,0.3679734468460083,1.0
2675,0.4335188225332295,61.356790616600136,36.75817895307816,100.0,0.010000000707805157,0.33539676666259766,1.0
2676,0.6117437801165254,116.49848781947465,40.071323525799436,100.0,0.010000000707805157,0.7434672117233276,1.0
2677,0.43671708441132606,75.96467828964109,39.263906765626984,100.0,0.010000000707805157,0.3666142225265503,1.0
2678,0.5303211275595633,67.97667714203483,38.38358455572586,100.0,0.010000000707805157,0.36762624979019165,1.0
2679,0.6804917795667422,85.96199534651299,38.859094378862736,100.0,0.010000000707805157,0.556267499923706,1.0
2680,0.534052264748727,108.08961049960303,40.69071648302316,100.0,0.010000000707805157,0.586415708065033,1.0
2681,0.6121234028095853,74.33702369929156,39.66344116028138,100.0,0.010000000707805157,0.39995720982551575,1.0
2682,0.43650522863880215,75.91006373960819,39.26565384752669,100.0,0.010000000707805157,0.36619070172309875,1.0
2683,0.53314655196287,81.5676898977581,40.249595446390856,100.0,0.010000000707805157,0.3984999656677246,1.0
2684,0.4390535173790069,52.69921921624467,39.650757523987096,100.0,0.010000000707805157,0.21094278991222382,1.0
2685,0.6808367328437094,86.22464887669094,38.9062705182554,100.0,0.010000000707805157,0.5548585653305054,1.0
2686,0.3147473305680195,43.3300788838388,36.73813209342743,100.0,0.010000000707805157,0.17862489819526672,1.0
2687,0.10167988984346144,4.835097860229243,34.0558369534401,100.0,0.010000000707805157,0.022839181125164032,1.0
2688,0.4335520775063581,61.01709775564388,36.75961394193028,100.0,0.010000000707805157,0.33420488238334656,1.0
2689,0.6138512008309597,124.43998859775584,40.69288596691074,100.0,0.010000000707805157,0.7734391689300537,1.0
2690,0.612747642398309,74.56302819781568,39.70975148890211,100.0,0.010000000707805157,0.39854925870895386,1.0
2691,0.3148467839733919,43.17310651579637,36.73781915833683,100.0,0.010000000707805157,0.1783100664615631,1.0
2692,0.43931083339517124,52.81343196105081,39.68884369879864,100.0,0.010000000707805157,0.21015805006027222,1.0
2693,0.31494093143215435,43.097635462980435,36.734966847482276,100.0,0.010000000707805157,0.1781451553106308,1.0
2694,0.5336298167354968,81.3937179958107,40.2567513865528,100.0,0.010000000707805157,0.3972301483154297,1.0
2695,0.31501461387362933,43.028748846616054,36.7331059526115,100.0,0.010000000707805157,0.17802345752716064,1.0
2696,0.7474094998648798,91.64723805832375,39.763266316263014,100.0,0.010000000707805157,0.5852498412132263,1.0
2697,0.43696471863865116,75.32444641371241,39.246115899315306,100.0,0.010000000707805157,0.3652031719684601,1.0
2698,0.3187818291625453,61.91470175606984,40.616004305509854,100.0,0.010000000707805157,0.20936575531959534,1.0
2699,0.31506685586620065,42.9203791075305,36.72881679175278,100.0,0.010000000707805157,0.17782169580459595,1.0
2700,0.60988047316052,80.41082055378402,37.97499210881544,100.0,0.010000000707805157,0.5206811428070068,1.0
2701,0.43963319336517664,52.99270320217043,39.737205626002094,100.0,0.010000000707805157,0.20920699834823608,1.0
2702,0.6825503783495517,86.41388700508867,38.98111483872103,100.0,0.010000000707805157,0.5517396330833435,1.0
2703,0.5292065501521926,86.52637799396761,38.595246407128805,100.0,0.010000000707805157,0.5201908946037292,1.0
2704,0.43985407874424537,87.34798330417105,40.643684417327286,100.0,0.010000000707805157,0.3965983986854553,1.0
2705,0.5340911906171337,81.42033143900039,40.27633660630408,100.0,0.010000000707805157,0.3959512710571289,1.0
2706,0.5340522167137117,81.43939839122218,40.279972877492916,100.0,0.010000000707805157,0.39570438861846924,1.0
2707,0.43681826562329695,75.04888896931473,39.25016268948478,100.0,0.010000000707805157,0.364141583442688,1.0
2708,0.4398327550629625,53.15691976964234,39.77749001365396,100.0,0.010000000707805157,0.2085368037223816,1.0
2709,0.31824978451539304,61.66014247916102,40.611767451399906,100.0,0.010000000707805157,0.20856624841690063,1.0
2710,0.43705033427723855,74.8725438575729,39.24851670566152,100.0,0.010000000707805157,0.3638920783996582,1.0
2711,0.4370052443930801,74.84491429326116,39.25154876840344,100.0,0.010000000707805157,0.3637126386165619,1.0
2712,0.5341943282759307,81.25223103858362,40.28309230848872,100.0,0.010000000707805157,0.39501553773880005,1.0
2713,0.31786161400519636,61.55675337350392,40.61816150323611,100.0,0.010000000707805157,0.20803092420101166,1.0
2714,0.6126886037360577,91.6587352893056,39.45040824840346,100.0,0.010000000707805157,0.5502942800521851,1.0
2715,0.31768036825563717,61.52460238318016,40.62121261813105,100.0,0.010000000707805157,0.20779024064540863,1.0
2716,0.6146545395548066,75.07612515084142,39.82755948072405,100.0,0.010000000707805157,0.3947575092315674,1.0
2717,0.43998231630796253,53.20252611624599,39.81271526703943,100.0,0.010000000707805157,0.20767545700073242,1.0
2718,0.4399676662607873,53.24577914975551,39.822814010539545,100.0,0.010000000707805157,0.2074742168188095,1.0
2719,0.685348596439369,97.27560825773288,40.180924147610824,100.0,0.010000000707805157,0.5801141262054443,1.0
2720,0.5328866570056406,68.09894692939821,38.57214101927263,100.0,0.010000000707805157,0.36276519298553467,1.0
2721,0.43738435686917687,74.48669611923273,39.2394692058282,100.0,0.010000000707805157,0.3632294833660126,1.0
2722,0.7485227720141074,106.28451067096182,39.5892996813334,100.0,0.010000000707805157,0.7351995706558228,1.0
2723,0.09479687783741483,4.395086996403651,33.89554653052745,100.0,0.010000000707805157,0.021267399191856384,1.0
2724,0.31746144340290294,61.30609750950975,40.599586666924,100.0,0.010000000707805157,0.207339346408844,1.0
2725,0.09405651373113885,4.352781554390272,33.88464884581408,100.0,0.010000000707805157,0.021090427413582802,1.0
2726,0.31735782863528106,61.17364389833935,40.594590599253834,100.0,0.010000000707805157,0.20709946751594543,1.0
2727,0.53251529503237,96.15529550920114,39.796144091115025,100.0,0.010000000707805157,0.5490605235099792,1.0
2728,0.532917701883831,106.02567018745529,40.6542259014193,100.0,0.010000000707805157,0.5789158344268799,1.0
2729,0.44020649054663963,53.304048743984495,39.863337942755734,100.0,0.010000000707805157,0.20653614401817322,1.0
2730,0.31673876885989766,61.13302819158351,40.61077724705645,100.0,0.010000000707805157,0.20631462335586548,1.0
2731,0.09246431204996411,4.258351220640596,33.863315518072824,100.0,0.010000000707805157,0.020717989653348923,1.0
2732,0.3166518550592237,61.00353517171554,40.60594555696541,100.0,0.010000000707805157,0.2060847282409668,1.0
2733,0.6143069629406682,91.04267998803677,39.47444197006498,100.0,0.010000000707805157,0.547995388507843,1.0
2734,0.4380587183089661,73.86107940571357,39.250181547864244,100.0,0.010000000707805157,0.3619197607040405,1.0
2735,0.09156478557582369,4.204906961255735,33.848863260894625,100.0,0.010000000707805157,0.020507490262389183,1.0
2736,0.5346324970457078,67.5066734898108,38.58624979419823,100.0,0.010000000707805157,0.3620961904525757,1.0
2737,0.43821517456533415,73.71928246185827,39.24698939299674,100.0,0.010000000707805157,0.3616776466369629,1.0
2738,0.6144718526896993,79.36938023859405,38.0561260713857,100.0,0.010000000707805157,0.517835259437561,1.0
2739,0.5345744301244779,67.62628077156391,38.601141213198424,100.0,0.010000000707805157,0.36153921484947205,1.0
2740,0.09087606914532674,4.161744976351301,33.829919454228204,100.0,0.010000000707805157,0.020349949598312378,1.0
2741,0.614788636085898,90.92079011638378,39.481838504343116,100.0,0.010000000707805157,0.5470072031021118,1.0
2742,0.7504325033486222,95.87252717387301,38.63554797321097,100.0,0.010000000707805157,0.7025812864303589,1.0
2743,0.6150087320753321,101.36406586865859,40.45083480029876,100.0,0.010000000707805157,0.5767987966537476,1.0
2744,0.5349798122909609,81.04458858604845,40.33471305925886,100.0,0.010000000707805157,0.3906632363796234,1.0
2745,0.6145317780980648,91.17775742194429,39.50480548686656,100.0,0.010000000707805157,0.5460295081138611,1.0
2746,0.6852558682356449,118.49204873712267,40.526777399853046,100.0,0.010000000707805157,0.7613217830657959,1.0
2747,0.09028270922580969,4.116150171834054,33.807223136544074,100.0,0.010000000707805157,0.02023239992558956,1.0
2748,0.6145710748095619,91.17209352034808,39.515694317029435,100.0,0.010000000707805157,0.5455155372619629,1.0
2749,0.8671461494402382,107.960410304994,40.03245482550934,100.0,0.010000000707805157,0.7599956393241882,1.0
2750,0.3157989397789426,60.88097851102484,40.61284102886989,100.0,0.010000000707805157,0.20494039356708527,1.0
2751,0.6143549955380522,79.8241458054991,38.13453393832946,100.0,0.010000000707805157,0.5155529975891113,1.0
2752,0.08973377909764088,4.07741986442627,33.78181705464142,100.0,0.010000000707805157,0.020116304978728294,1.0
2753,0.44107573281013585,54.04214754968805,40.01448689545634,100.0,0.010000000707805157,0.2040351927280426,1.0
2754,0.6171426687556919,76.55696049243076,40.058005693635835,100.0,0.010000000707805157,0.3879276216030121,1.0
2755,0.4410466029416516,54.23043393960681,40.046093811142626,100.0,0.010000000707805157,0.20352381467819214,1.0
2756,0.4410393602860915,54.27590740322937,40.055731763380216,100.0,0.010000000707805157,0.20332789421081543,1.0
2757,0.6151648594352586,91.31858136075886,39.53941030297061,100.0,0.010000000707805157,0.5440263748168945,1.0
2758,0.5324437422637548,95.22372066563398,39.791379420678254,100.0,0.010000000707805157,0.5454431772232056,1.0
2759,0.43760057477850656,73.37193438149127,39.24279335482202,100.0,0.010000000707805157,0.3599991798400879,1.0
2760,0.43749636654422364,58.48967743869458,36.70848288297478,100.0,0.010000000707805157,0.3305583596229553,1.0
2761,0.6151446546762155,91.30537076368327,39.54864952630092,100.0,0.010000000707805157,0.5433920621871948,1.0
2762,0.5354682141445385,81.3954597457757,40.38907523167539,100.0,0.010000000707805157,0.38786447048187256,1.0
2763,0.6882105713790434,98.05412026478945,40.319725840457686,100.0,0.010000000707805157,0.5712684988975525,1.0
2764,0.08782963531059566,3.9569710834542655,33.72717194690691,100.0,0.010000000707805157,0.0196889266371727,1.0
2765,0.4414825031068173,54.48766581769417,40.10040408129101,100.0,0.010000000707805157,0.20258961617946625,1.0
2766,0.6154808998830135,91.30526144542473,39.56199024654867,100.0,0.010000000707805157,0.5426049828529358,1.0
2767,0.4372656994927608,85.55661527434292,40.62348888043287,100.0,0.010000000707805157,0.38856661319732666,1.0
2768,0.44156313323681096,54.5422513010045,40.11530646395119,100.0,0.010000000707805157,0.20230409502983093,1.0
2769,0.6156242866719708,91.27083655103726,39.57006320899829,100.0,0.010000000707805157,0.5421478152275085,1.0
2770,0.31507902073511823,60.4366530367809,40.597657251361426,100.0,0.010000000707805157,0.20359662175178528,1.0
2771,0.314987552514133,60.394853475951464,40.59850021285038,100.0,0.010000000707805157,0.20343425869941711,1.0
2772,0.5362084046031717,68.23228714627172,38.79001641868897,100.0,0.010000000707805157,0.35751235485076904,1.0
2773,0.5362174030980048,68.28591327348379,38.79754004652947,100.0,0.010000000707805157,0.3572929799556732,1.0
2774,0.6162292241348521,79.75337907238831,38.219646359709955,100.0,0.010000000707805157,0.5125573873519897,1.0
2775,0.5359046530260141,81.45790158056312,40.417311582837165,100.0,0.010000000707805157,0.38597965240478516,1.0
2776,0.6161230939884967,79.85354676947205,38.23225220496327,100.0,0.010000000707805157,0.5120172500610352,1.0
2777,0.5360319629553072,81.53260081704194,40.42464641252428,100.0,0.010000000707805157,0.3857477009296417,1.0
2778,0.4373971610743069,72.91750474517349,39.243693842184626,100.0,0.010000000707805157,0.35831236839294434,1.0
2779,0.5360587853256826,81.51863579976131,40.42899319797663,100.0,0.010000000707805157,0.38545477390289307,1.0
2780,0.755772094963409,95.41763386168832,40.23595634711629,100.0,0.010000000707805157,0.5658138394355774,1.0
2781,0.31538000851913417,41.031673096552886,36.678872603489296,100.0,0.010000000707805157,0.17409327626228333,1.0
2782,0.4374304557187073,72.81282085209759,39.2390292868552,100.0,0.010000000707805157,0.35808515548706055,1.0
2783,0.686820623420975,100.20469984370479,39.07793957834629,100.0,0.010000000707805157,0.6950805187225342,1.0
2784,0.6160465703927311,80.0999635911307,38.27444682778707,100.0,0.010000000707805157,0.5102744102478027,1.0
2785,0.5316186029020985,104.46089258598325,40.64029252049956,100.0,0.010000000707805157,0.5715103149414062,1.0
2786,0.5364498011675204,68.76030290629492,38.876057662118335,100.0,0.010000000707805157,0.3552852272987366,1.0
2787,0.5364208658125244,81.7468191654407,40.458104647566394,100.0,0.010000000707805157,0.384378045797348,1.0
2788,0.6159607177559415,101.6538517316054,40.534561417077725,100.0,0.010000000707805157,0.5681028366088867,1.0
2789,0.5366253647308749,68.83404975305011,38.896556082656154,100.0,0.010000000707805157,0.35495465993881226,1.0
2790,0.3147351411036776,40.981831888224036,36.69516046684023,100.0,0.010000000707805157,0.1733846217393875,1.0
2791,0.4428823214661638,55.372167508475,40.258463998032276,100.0,0.010000000707805157,0.20010530948638916,1.0
2792,0.6905222686330309,98.9281301019061,40.4273271551352,100.0,0.010000000707805157,0.5651481747627258,1.0
2793,0.3148550474922724,40.89470542446975,36.68854826005103,100.0,0.010000000707805157,0.17329508066177368,1.0
2794,0.08352060873214988,3.6869096477278234,33.60670497860246,100.0,0.010000000707805157,0.018724149093031883,1.0
2795,0.43659466025901633,84.86978068742248,40.619002279891774,100.0,0.010000000707805157,0.38587450981140137,1.0
2796,0.6162703527354135,101.45100854166643,40.538848516052404,100.0,0.010000000707805157,0.5667140483856201,1.0
2797,0.6167912038855307,91.34116459281731,39.64459067860935,100.0,0.010000000707805157,0.5376326441764832,1.0
2798,0.44307755297775125,55.5261854927688,40.295955811981976,100.0,0.010000000707805157,0.19934329390525818,1.0
2799,0.6162295834249398,101.51464307668849,40.547915596596205,100.0,0.010000000707805157,0.565854549407959,1.0
2800,0.5315986284501489,94.13189495851309,39.814308203667025,100.0,0.010000000707805157,0.5393989086151123,1.0
2801,0.6175598297513617,79.95820651005715,38.33446573152245,100.0,0.010000000707805157,0.508831262588501,1.0
2802,0.44333993328768195,55.6565009767185,40.31798962767786,100.0,0.010000000707805157,0.19903060793876648,1.0
2803,0.5368369036612893,81.85401307364107,40.50034802382355,100.0,0.010000000707805157,0.38181567192077637,1.0
2804,0.3135579548830452,59.937660450554155,40.61018460776185,100.0,0.010000000707805157,0.20108139514923096,1.0
2805,0.5368291903147773,81.81123099029126,40.503324150319045,100.0,0.010000000707805157,0.3814466893672943,1.0
2806,0.5368206155931128,81.83185209870989,40.50709464933572,100.0,0.010000000707805157,0.3812086582183838,1.0
2807,0.5380351236732452,68.88856449544907,38.9787839147399,100.0,0.010000000707805157,0.3532566428184509,1.0
2808,0.4356040503312647,84.67393761798563,40.635154614430164,100.0,0.010000000707805157,0.3834075927734375,1.0
2809,0.31318625507754383,59.8392061074946,40.615149461003384,100.0,0.010000000707805157,0.20044991374015808,1.0
2810,0.5368616786939153,81.77647836235924,40.51447928365303,100.0,0.010000000707805157,0.38055992126464844,1.0
2811,0.3130386774340831,59.786052132884194,40.61631411221439,100.0,0.010000000707805157,0.20017534494400024,1.0
2812,0.6928375716320141,88.63847471117745,39.536745979392784,100.0,0.010000000707805157,0.5334575176239014,1.0
2813,0.5369550632874347,81.84272401175905,40.52418948695263,100.0,0.010000000707805157,0.3800147771835327,1.0
2814,0.6929548292722206,88.88799635801344,39.56214933993409,100.0,0.010000000707805157,0.5326757431030273,1.0
2815,0.6918196246819583,99.49443846164884,40.51420425364891,100.0,0.010000000707805157,0.5593855381011963,1.0
2816,0.6878490309573778,109.36778166001653,39.98932926318381,100.0,0.010000000707805157,0.7169668674468994,1.0
2817,0.43705955316856077,72.03063355905043,39.268933168345136,100.0,0.010000000707805157,0.35480403900146484,1.0
2818,0.8179447587565386,114.7509988450847,40.52858978529225,100.0,0.010000000707805157,0.7382646799087524,1.0
2819,0.622455340376103,80.01021882761265,40.486815040062716,100.0,0.010000000707805157,0.37559565901756287,1.0
2820,0.6163477466717076,101.88196976861325,40.60421113399329,100.0,0.010000000707805157,0.5603611469268799,1.0
2821,0.5370561119801799,82.4070052005189,40.57529242476086,100.0,0.010000000707805157,0.3779306411743164,1.0
2822,0.07934102487839098,3.4253009225947295,33.48432749601843,100.0,0.010000000707805157,0.017801111564040184,1.0
2823,0.31247816706729376,59.687443551241266,40.61197014821393,100.0,0.010000000707805157,0.19920970499515533,1.0
2824,0.4439474411163701,56.62842359249236,40.48873189164481,100.0,0.010000000707805157,0.19594945013523102,1.0
2825,0.6200858488093407,80.02673811800882,38.45251933266587,100.0,0.010000000707805157,0.5067213177680969,1.0
2826,0.5392849090156584,69.40224386620531,39.10882355034516,100.0,0.010000000707805157,0.3509020209312439,1.0
2827,0.4441897263161541,56.81442648213097,40.513026835922076,100.0,0.010000000707805157,0.19556978344917297,1.0
2828,0.6927255886951748,100.23233936971265,40.58211822948476,100.0,0.010000000707805157,0.5553867816925049,1.0
2829,0.3159846999205607,39.89725838803394,36.63328390649148,100.0,0.010000000707805157,0.1726304590702057,1.0
2830,0.6169318210568122,101.72062320725288,40.60988080742675,100.0,0.010000000707805157,0.5587531328201294,1.0
2831,0.5375536579286051,82.41990656896786,40.593497082766056,100.0,0.010000000707805157,0.3765084147453308,1.0
2832,0.3161325850118669,39.80194124494282,36.629425139574224,100.0,0.010000000707805157,0.17258623242378235,1.0
2833,0.5398097573057199,69.52115918467202,39.14844303686028,100.0,0.010000000707805157,0.3500298857688904,1.0
2834,0.6189056788125171,91.55038427211366,39.760665894691655,100.0,0.010000000707805157,0.5314723253250122,1.0
2835,0.07728062882152402,3.3044840126733974,33.42518382351323,100.0,0.010000000707805157,0.017332537099719048,1.0
2836,0.6921393075708594,89.55110507251287,38.121709318636256,100.0,0.010000000707805157,0.6600893139839172,1.0
2837,0.4373059928680572,71.45625666269943,39.25400245771446,100.0,0.010000000707805157,0.3534095883369446,1.0
2838,0.4348879459368171,83.9499963729488,40.62468265654563,100.0,0.010000000707805157,0.38010817766189575,1.0
2839,0.4372459372501954,71.40869555326978,39.26383725126431,100.0,0.010000000707805157,0.35304975509643555,1.0
2840,0.531585651986174,92.91309076018128,39.82138914854967,100.0,0.010000000707805157,0.5342202186584473,1.0
2841,0.540218732309163,69.50902719907404,39.164582290673266,100.0,0.010000000707805157,0.3492572009563446,1.0
2842,0.6942031879918055,100.37140869877462,40.617247953957765,100.0,0.010000000707805157,0.5534049272537231,1.0
2843,0.3119124441721372,59.30064950725614,40.615921881751824,100.0,0.010000000707805157,0.19795404374599457,1.0
2844,0.44527671102090194,57.174899211195125,40.582336456304596,100.0,0.010000000707805157,0.19422173500061035,1.0
2845,0.6943367304126546,100.47749436931977,40.630024414228714,100.0,0.010000000707805157,0.5524111390113831,1.0
2846,0.5338947931946428,81.53645872909017,38.61033044280665,100.0,0.010000000707805157,0.5073140859603882,1.0
2847,0.43959655152247007,56.03930574678658,36.66793257799035,100.0,0.010000000707805157,0.3259407877922058,1.0
2848,0.5406038320946766,69.70867722971762,39.205295672091516,100.0,0.010000000707805157,0.3482259511947632,1.0
2849,0.43691948209269443,71.22902592850339,39.27260087023929,100.0,0.010000000707805157,0.35193145275115967,1.0
2850,0.07545000592523417,3.1962340745497047,33.38228371393565,100.0,0.010000000707805157,0.016920723021030426,1.0
2851,0.6951541078267539,100.49651011350701,40.640355681299475,100.0,0.010000000707805157,0.5519171357154846,1.0
2852,0.6912341362285034,99.77476481117989,39.26216755211948,100.0,0.010000000707805157,0.683154821395874,1.0
2853,0.5389632153189989,82.51026852939363,40.64257510791679,100.0,0.010000000707805157,0.3742006719112396,1.0
2854,0.6214312973785063,80.34180089939704,38.573751257497776,100.0,0.010000000707805157,0.501638650894165,1.0
2855,0.4366744361079213,71.13785881575436,39.27630134277647,100.0,0.010000000707805157,0.35127657651901245,1.0
2856,0.4463023929615893,57.60038732451336,40.64278573728008,100.0,0.010000000707805157,0.19324129819869995,1.0
2857,0.5312954472910384,92.4696976443152,39.82715266485513,100.0,0.010000000707805157,0.5319629907608032,1.0
2858,0.44641552766185866,57.609612777105255,40.647614417502176,100.0,0.010000000707805157,0.19311538338661194,1.0
2859,0.6914194676666678,99.80386567800237,39.281845977783576,100.0,0.010000000707805157,0.681553840637207,1.0
2860,0.620046776334334,91.63192437265023,39.82910165265998,100.0,0.010000000707805157,0.527186930179596,1.0
2861,0.6923614765306431,89.80047277070278,38.21591620324993,100.0,0.010000000707805157,0.6538783311843872,1.0
2862,0.4469619325436604,57.877337812620716,40.67683328685244,100.0,0.010000000707805157,0.19279325008392334,1.0
2863,0.6978613677061695,91.16276177165406,39.855445791975704,100.0,0.010000000707805157,0.5222150683403015,1.0
2864,0.6276946509080683,82.25958224944694,40.72591245263056,100.0,0.010000000707805157,0.36831656098365784,1.0
2865,0.5399509191014642,82.86850225204478,40.68189374945282,100.0,0.010000000707805157,0.37272149324417114,1.0
2866,0.5292989986105336,102.21651061018004,40.649368272166555,100.0,0.010000000707805157,0.558326244354248,1.0
2867,0.6203464953136424,91.8501904084241,39.85830286041966,100.0,0.010000000707805157,0.5257267355918884,1.0
2868,0.6970807715664867,101.51391034236617,40.725096650519546,100.0,0.010000000707805157,0.5477619171142578,1.0
2869,0.6971217612492342,101.66662164076493,40.73545001245925,100.0,0.010000000707805157,0.547166645526886,1.0
2870,0.6281189781513369,82.89981055381308,40.78628024389008,100.0,0.010000000707805157,0.366336852312088,1.0
2871,0.5418509054589812,70.66697075222073,39.369377658323494,100.0,0.010000000707805157,0.3445398807525635,1.0
2872,0.3144199774517421,39.389444027574974,36.6638227087943,100.0,0.010000000707805157,0.16973192989826202,1.0
2873,0.07276853503420631,3.030636577959117,33.28306463338541,100.0,0.010000000707805157,0.01633520983159542,1.0
2874,0.6907820125209314,109.25709400844073,40.10348517584685,100.0,0.010000000707805157,0.7050417065620422,1.0
2875,0.5421644740709174,70.65890558589061,39.38070254238811,100.0,0.010000000707805157,0.3440912365913391,1.0
2876,0.6978626605498214,101.98036351513358,40.76321339191986,100.0,0.010000000707805157,0.5453998446464539,1.0
2877,0.4364335241247198,70.65241537173205,39.272962793820106,100.0,0.010000000707805157,0.34940534830093384,1.0
2878,0.07208716335070947,2.990928553610501,33.2635484283071,100.0,0.010000000707805157,0.016182739287614822,1.0
2879,0.4340121206400501,82.99660175832354,40.63188344857434,100.0,0.010000000707805157,0.3758441209793091,1.0
2880,0.31475905658482095,39.16757224582776,36.66168639763122,100.0,0.010000000707805157,0.16937264800071716,1.0
2881,0.3147478119812221,39.15804338010055,36.66468013027009,100.0,0.010000000707805157,0.16923831403255463,1.0
2882,0.3110291981335201,58.54561298489408,40.6124523546616,100.0,0.010000000707805157,0.1956366002559662,1.0
2883,0.44799709693917766,58.646710330277614,40.797468482937575,100.0,0.010000000707805157,0.19022637605667114,1.0
2884,0.07090009971024937,2.9284766139057496,33.24033919170306,100.0,0.010000000707805157,0.01590377651154995,1.0
2885,0.5341582893717051,80.372648437175,38.61738836842718,100.0,0.010000000707805157,0.502252459526062,1.0
2886,0.5409410203984302,82.79946207547154,40.722166912551366,100.0,0.010000000707805157,0.3697758913040161,1.0
2887,0.31093333055501265,58.38134913015055,40.610773740051435,100.0,0.010000000707805157,0.19524765014648438,1.0
2888,0.31087242978670326,58.34848525048074,40.612480350388736,100.0,0.010000000707805157,0.1951013207435608,1.0
2889,0.5435535982835591,70.31712973381482,39.40288665855483,100.0,0.010000000707805157,0.343204140663147,1.0
2890,0.44025398033209323,54.99084769377663,36.67739315846229,100.0,0.010000000707805157,0.3220362365245819,1.0
2891,0.6202179235724659,101.29904336916523,40.70605707822057,100.0,0.010000000707805157,0.5490581393241882,1.0
2892,0.31518333629845263,38.880384964039315,36.66697083268344,100.0,0.010000000707805157,0.16862806677818298,1.0
2893,0.5437778826671436,70.36070084681745,39.414972272032536,100.0,0.010000000707805157,0.342678964138031,1.0
2894,0.624498444833815,80.49373020219379,38.73441242864386,100.0,0.010000000707805157,0.4954812526702881,1.0
2895,0.43692132670390305,70.01343442350688,39.28082117761993,100.0,0.010000000707805157,0.3475956916809082,1.0
2896,0.5438724179862725,70.47233307645757,39.428428171181956,100.0,0.010000000707805157,0.3421213626861572,1.0
2897,0.3146914268657658,38.91504315691506,36.68491337448095,100.0,0.010000000707805157,0.16793791949748993,1.0
2898,0.3146763972870526,38.907423208583374,36.68801586910871,100.0,0.010000000707805157,0.16780465841293335,1.0
2899,0.4492218436150449,58.742337574425676,40.82622880131151,100.0,0.010000000707805157,0.1893692910671234,1.0
2900,0.6944566187918659,99.39227314338797,39.3708979203552,100.0,0.010000000707805157,0.6738525629043579,1.0
2901,0.4368281710390467,69.87201432601694,39.28057427512267,100.0,0.010000000707805157,0.3469451069831848,1.0
2902,0.5442259799415151,70.53955794664519,39.446708928206334,100.0,0.010000000707805157,0.34127822518348694,1.0
2903,0.5423315128834604,82.70103984889141,40.744488763024876,100.0,0.010000000707805157,0.36854860186576843,1.0
2904,0.31447957418161454,38.852021366826875,36.69685234388957,100.0,0.010000000707805157,0.16729328036308289,1.0
2905,0.3144658081620777,38.8448974056024,36.69999547250365,100.0,0.010000000707805157,0.16716161370277405,1.0
2906,0.43690791316132954,69.71453705778042,39.28045438232251,100.0,0.010000000707805157,0.3464525640010834,1.0
2907,0.31085765946130894,57.874290022072955,40.61124333174045,100.0,0.010000000707805157,0.19447378814220428,1.0
2908,0.3107964018037909,57.84395408709185,40.61316196113065,100.0,0.010000000707805157,0.1943264752626419,1.0
2909,0.5362060609057817,67.1566488008024,36.727338232107215,100.0,0.010000000707805157,0.47082382440567017,1.0
2910,0.625150726725911,80.48767204823734,38.77267494801284,100.0,0.010000000707805157,0.4921953082084656,1.0
2911,0.31401856444308984,38.863705469480095,36.72541869984046,100.0,0.010000000707805157,0.16638165712356567,1.0
2912,0.5448745835073927,70.49651284558922,39.46200607041353,100.0,0.010000000707805157,0.34015339612960815,1.0
2913,0.7023744278980628,101.5454173486056,40.79977080586391,100.0,0.010000000707805157,0.5423029661178589,1.0
2914,0.6237918672235789,91.32306158617331,39.93720180895745,100.0,0.010000000707805157,0.5192115306854248,1.0
2915,0.3138942585729956,38.82059719405742,36.72744409188315,100.0,0.010000000707805157,0.1661078929901123,1.0
2916,0.31388259470966656,38.8139498999314,36.73062649809226,100.0,0.010000000707805157,0.16597837209701538,1.0
2917,0.4386063614713714,54.89158241270151,36.749649867330334,100.0,0.010000000707805157,0.3167770504951477,1.0
2918,0.5316376042290609,90.39865346392573,39.83158222679903,100.0,0.010000000707805157,0.5245156288146973,1.0
2919,0.43634561261106214,69.5220684134411,39.2985791751438,100.0,0.010000000707805157,0.3447004556655884,1.0
2920,0.5437632271802801,82.47678801605335,40.76119462285596,100.0,0.010000000707805157,0.36769649386405945,1.0
2921,0.5454389534120254,70.60006504605929,39.49260950797804,100.0,0.010000000707805157,0.3390832245349884,1.0
2922,0.45131956209487706,59.028018087969755,40.87513973838159,100.0,0.010000000707805157,0.18828006088733673,1.0
2923,0.5439331474410379,82.51676431835503,40.76754921535647,100.0,0.010000000707805157,0.3672221004962921,1.0
2924,0.703560075973724,101.72576827099589,40.82744428822086,100.0,0.010000000707805157,0.5405029058456421,1.0
2925,0.6956569207111126,99.24019617296321,39.423774922375166,100.0,0.010000000707805157,0.6685096025466919,1.0
2926,0.31359862255780085,38.709309254567614,36.74424201859204,100.0,0.010000000707805157,0.1652592420578003,1.0
2927,0.4383667366431905,54.74689949456343,36.76305877067563,100.0,0.010000000707805157,0.3155815899372101,1.0
2928,0.6232493812568395,100.7828923989203,40.74566716448519,100.0,0.010000000707805157,0.5458934903144836,1.0
2929,0.43820407201560024,54.7408199147137,36.7691006972817,100.0,0.010000000707805157,0.31527066230773926,1.0
2930,0.43790867894052554,54.797188771969836,36.77838196379706,100.0,0.010000000707805157,0.3148099482059479,1.0
2931,0.6359550993024123,84.00845835314082,40.9286126496858,100.0,0.010000000707805157,0.3608422875404358,1.0
2932,0.4361455047868835,69.25568134729902,39.30153514956505,100.0,0.010000000707805157,0.34340566396713257,1.0
2933,0.624877780876726,91.34115919879078,39.97887024584634,100.0,0.010000000707805157,0.5162621140480042,1.0
2934,0.5448411604251475,82.69326574976265,40.796814821719025,100.0,0.010000000707805157,0.3661012649536133,1.0
2935,0.531223765027616,90.01006102195488,39.84896835143821,100.0,0.010000000707805157,0.5218803882598877,1.0
2936,0.31305228637858096,38.680148415808404,36.77287626698841,100.0,0.010000000707805157,0.16429655253887177,1.0
2937,0.5449691474050021,82.65479109667695,40.802285811968005,100.0,0.010000000707805157,0.3657612204551697,1.0
2938,0.5449740910898944,82.67293254304886,40.80579853463699,100.0,0.010000000707805157,0.36552125215530396,1.0
2939,0.5449794381687911,82.6910996116089,40.809297801189736,100.0,0.010000000707805157,0.3652819097042084,1.0
2940,0.43617778404093255,69.0602938584292,39.317044494027435,100.0,0.010000000707805157,0.3425159454345703,1.0
2941,0.5329764961437141,79.14269128342386,38.67847173240069,100.0,0.010000000707805157,0.4922929108142853,1.0
2942,0.3131140444892557,38.57279608458481,36.778476894813615,100.0,0.010000000707805157,0.16396564245224,1.0
2943,0.0642733328123024,2.559651888248711,33.0644565803338,100.0,0.010000000707805157,0.014400825835764408,1.0
2944,0.4338743227174162,80.9625161923307,40.663963848133854,100.0,0.010000000707805157,0.3706507086753845,1.0
2945,0.545281775908878,82.52842560121184,40.814039039097366,100.0,0.010000000707805157,0.36481335759162903,1.0
2946,0.4386170230228836,54.354810309331064,36.78862904871239,100.0,0.010000000707805157,0.31360453367233276,1.0
2947,0.3133330933313169,38.46329541879662,36.78295201238538,100.0,0.010000000707805157,0.16366586089134216,1.0
2948,0.4533423883848957,59.41582093921655,40.94164540928248,100.0,0.010000000707805157,0.18669165670871735,1.0
2949,0.0634079588989908,2.514713602000159,33.04332355838777,100.0,0.010000000707805157,0.014200447127223015,1.0
2950,0.6378227269692982,84.19003434110239,40.96555685032855,100.0,0.010000000707805157,0.35898229479789734,1.0
2951,0.5457185075234592,82.47438381812914,40.817673395242444,100.0,0.010000000707805157,0.36425551772117615,1.0
2952,0.7080931018918137,92.792314823438,40.170831569973956,100.0,0.010000000707805157,0.5078656077384949,1.0
2953,0.062798279355145,2.481283547515885,33.01849255901918,100.0,0.010000000707805157,0.014063447713851929,1.0
2954,0.31395351465210564,38.22991244267198,36.7672909885652,100.0,0.010000000707805157,0.16345898807048798,1.0
2955,0.4369467384206627,68.49950869745103,39.30969864909752,100.0,0.010000000707805157,0.34140950441360474,1.0
2956,0.5341508487419656,78.50927803673741,38.674477291717835,100.0,0.010000000707805157,0.49071764945983887,1.0
2957,0.6266854969482358,90.96443640509479,40.01987533903703,100.0,0.010000000707805157,0.5131083726882935,1.0
2958,0.6267067789622567,91.00480682943449,40.02466718248983,100.0,0.010000000707805157,0.512879490852356,1.0
2959,0.5463103345961142,82.53452639504125,40.83495117905166,100.0,0.010000000707805157,0.36346009373664856,1.0
2960,0.6284109699387458,80.71766879807002,38.94774506230649,100.0,0.010000000707805157,0.4838131368160248,1.0
2961,0.6152692796399519,87.48177250662013,38.31107747278685,100.0,0.010000000707805157,0.6385871767997742,1.0
2962,0.62678309099566,91.16200522967873,40.04002018620321,100.0,0.010000000707805157,0.5120344161987305,1.0
2963,0.312824621823461,38.35332965231519,36.81187231135564,100.0,0.010000000707805157,0.16231973469257355,1.0
2964,0.06199225051826722,2.435691182981973,32.99551842796187,100.0,0.010000000707805157,0.013883576728403568,1.0
2965,0.3100465645601476,56.73561746499459,40.64619986425027,100.0,0.010000000707805157,0.19143851101398468,1.0
2966,0.6399543241490283,84.7734465205614,41.01632724352517,100.0,0.010000000707805157,0.35711172223091125,1.0
2967,0.6399826064373625,84.96749584226144,41.030509182917314,100.0,0.010000000707805157,0.35652393102645874,1.0
2968,0.43655962420501854,68.30002151635723,39.32265118416073,100.0,0.010000000707805157,0.33992084860801697,1.0
2969,0.5318074828366066,88.83478952091285,39.86366216283747,100.0,0.010000000707805157,0.5175495147705078,1.0
2970,0.4363503600384685,68.3176671160213,39.33646787272164,100.0,0.010000000707805157,0.3394920229911804,1.0
2971,0.7830418395400515,104.3613859817078,41.05059464382478,100.0,0.010000000707805157,0.5278445482254028,1.0
2972,0.7726565420155731,109.49611144700815,40.369004387547044,100.0,0.010000000707805157,0.6817513704299927,1.0
2973,0.54728917435638,82.8230051214612,40.874698611659696,100.0,0.010000000707805157,0.36156436800956726,1.0
2974,0.6292150508584216,81.03474470447885,39.017409640125784,100.0,0.010000000707805157,0.48112407326698303,1.0
2975,0.3098425001114234,56.55979545735189,40.64313911655689,100.0,0.010000000707805157,0.19079305231571198,1.0
2976,0.31320668832583515,38.06421415069247,36.806121430067655,100.0,0.010000000707805157,0.16178083419799805,1.0
2977,0.5475767433131533,82.7929181029567,40.879372363935325,100.0,0.010000000707805157,0.3612278699874878,1.0
2978,0.31331631083879513,38.01499777841254,36.80581263822469,100.0,0.010000000707805157,0.16168896853923798,1.0
2979,0.3133085648085862,38.01218426064444,36.80932181295996,100.0,0.010000000707805157,0.16156771779060364,1.0
2980,0.6414405937931981,85.61364317129879,41.08369215184221,100.0,0.010000000707805157,0.35431307554244995,1.0
2981,0.3099349262037979,56.35112023501512,40.63380403586131,100.0,0.010000000707805157,0.1905566155910492,1.0
2982,0.5478379616681598,82.74043105826357,40.88372486956448,100.0,0.010000000707805157,0.36065733432769775,1.0
2983,0.3098400294332422,56.3073762978474,40.63677779070357,100.0,0.010000000707805157,0.19029411673545837,1.0
2984,0.6963151042426321,115.14230299220768,40.795567660235896,100.0,0.010000000707805157,0.714939534664154,1.0
2985,0.5320144809641787,88.31893379923628,39.878788784977196,100.0,0.010000000707805157,0.5151509642601013,1.0
2986,0.6417963630605201,85.74981220196226,41.10217388848991,100.0,0.010000000707805157,0.3533811569213867,1.0
2987,0.3139215024130931,37.733541124361274,36.79461283159744,100.0,0.010000000707805157,0.16156497597694397,1.0
2988,0.436867203978362,67.77875737155627,39.34397165645566,100.0,0.010000000707805157,0.3380109667778015,1.0
2989,0.4368128643214241,67.775513966586,39.34847264090678,100.0,0.010000000707805157,0.33784377574920654,1.0
2990,0.31382915856237603,37.7291459642014,36.806297267193145,100.0,0.010000000707805157,0.16126412153244019,1.0
2991,0.4562304307100798,60.54823712553373,41.091443951246255,100.0,0.010000000707805157,0.18296249210834503,1.0
2992,0.548228543047259,82.69803596849704,40.90393845545039,100.0,0.010000000707805157,0.35931146144866943,1.0
2993,0.6290832153500405,90.95196091387321,40.11198811081674,100.0,0.010000000707805157,0.5074260234832764,1.0
2994,0.7730869186578921,117.38271701803906,40.92955227884547,100.0,0.010000000707805157,0.7055339813232422,1.0
2995,0.31405464676954425,37.590443500541824,36.79918395601867,100.0,0.010000000707805157,0.16117091476917267,1.0
2996,0.5483805916332494,82.81908389564404,40.919299683508235,100.0,0.010000000707805157,0.35850125551223755,1.0
2997,0.5510751220494389,71.52869378319873,39.79110265432309,100.0,0.010000000707805157,0.3303571939468384,1.0
2998,0.3141179787456991,37.54271921025145,36.800957132744465,100.0,0.010000000707805157,0.16097496449947357,1.0
2999,0.4566505261565589,60.88082045069596,41.12856895773796,100.0,0.010000000707805157,0.181992769241333,1.0
3000,0.3094660490433292,55.99013996964425,40.65264619915759,100.0,0.010000000707805157,0.18895265460014343,1.0
3001,0.5514112383713788,71.51812489003177,39.80167196354741,100.0,0.010000000707805157,0.3299400210380554,1.0
3002,0.6432266242841999,86.36057985649168,41.15402334056815,100.0,0.010000000707805157,0.35072463750839233,1.0
3003,0.4339064303343573,79.12253193021508,40.6628343711695,100.0,0.010000000707805157,0.3650813400745392,1.0
3004,0.6299125845157235,90.94515771455015,40.140173130219985,100.0,0.010000000707805157,0.5056807994842529,1.0
3005,0.5516995517247777,71.64802521539964,39.825277232579566,100.0,0.010000000707805157,0.3293837308883667,1.0
3006,0.7139931658660292,94.44512369753645,40.389275805015814,100.0,0.010000000707805157,0.4979258179664612,1.0
3007,0.6323842150416265,81.04108674678461,39.138830083017616,100.0,0.010000000707805157,0.476899117231369,1.0
3008,0.3141646098884731,37.40012843630682,36.80544931692556,100.0,0.010000000707805157,0.16033674776554108,1.0
3009,0.63022666040665,91.10378332823907,40.15395453095091,100.0,0.010000000707805157,0.5047316551208496,1.0
3010,0.7125321841523923,103.49321281675991,41.043333914686905,100.0,0.010000000707805157,0.5252171158790588,1.0
3011,0.5520208707632978,72.02326028548131,39.86768598012241,100.0,0.010000000707805157,0.3280850648880005,1.0
3012,0.31413318951758085,37.34903084151709,36.80789487337552,100.0,0.010000000707805157,0.16007652878761292,1.0
3013,0.4404715045669352,52.85227614059662,36.825086373985464,100.0,0.010000000707805157,0.30741429328918457,1.0
3014,0.05621266717487013,2.1265289850943283,32.79848816566062,100.0,0.010000000707805157,0.01258467324078083,1.0
3015,0.05604346275320847,2.1186133391816475,32.79429366679253,100.0,0.010000000707805157,0.01254457887262106,1.0
3016,0.30966309718582996,55.56038814349011,40.634017989975646,100.0,0.010000000707805157,0.18848817050457,1.0
3017,0.6308969881896377,90.96756509414624,40.16285104110967,100.0,0.010000000707805157,0.5037741661071777,1.0
3018,0.44086502261788507,52.72601401907214,36.830408540481784,100.0,0.010000000707805157,0.3069242537021637,1.0
3019,0.3095950159334029,55.524991526023186,40.64067442313247,100.0,0.010000000707805157,0.18831291794776917,1.0
3020,0.7155504134762806,94.7992010131542,40.429601441309394,100.0,0.010000000707805157,0.49540096521377563,1.0
3021,0.7156438871995312,94.9876730241918,40.441927620172805,100.0,0.010000000707805157,0.49482595920562744,1.0
3022,0.43760253496488183,66.82167587333923,39.335524951650626,100.0,0.010000000707805157,0.3352419435977936,1.0
3023,0.633304851014969,81.26588377398352,39.19591285959448,100.0,0.010000000707805157,0.47360968589782715,1.0
3024,0.30963294268442026,55.41835921261325,40.6355391205634,100.0,0.010000000707805157,0.1882130205631256,1.0
3025,0.7798437398773987,102.32915900975094,39.91803452178588,100.0,0.010000000707805157,0.6409221291542053,1.0
3026,0.6332853831146178,81.44648800083873,39.213985673694225,100.0,0.010000000707805157,0.4725993275642395,1.0
3027,0.5530379856781382,72.39764077813271,39.923488453051085,100.0,0.010000000707805157,0.3256564140319824,1.0
3028,0.5509954830615341,83.20347133170327,40.975551418356574,100.0,0.010000000707805157,0.3552737534046173,1.0
3029,0.5531848783727379,72.45935987569962,39.93445562594201,100.0,0.010000000707805157,0.32535144686698914,1.0
3030,0.6316785518693465,91.2875363356103,40.19895233183569,100.0,0.010000000707805157,0.5013167262077332,1.0
3031,0.7013530076863193,106.93169836139796,40.32995610846171,100.0,0.010000000707805157,0.6773693561553955,1.0
3032,0.31347880460756045,37.2729722294496,36.855353664927854,100.0,0.010000000707805157,0.15826153755187988,1.0
3033,0.05449764030693125,2.035987631494256,32.733015321147825,100.0,0.010000000707805157,0.012199127115309238,1.0
3034,0.6299351748702394,100.03843408435674,40.8917880787603,100.0,0.010000000707805157,0.5305227041244507,1.0
3035,0.5512789334618458,83.26894119955884,40.992565348396994,100.0,0.010000000707805157,0.35416385531425476,1.0
3036,0.5512748097358815,83.28527573917499,40.995505863536394,100.0,0.010000000707805157,0.3539212942123413,1.0
3037,0.44057167200359876,52.487512770846585,36.858576625689466,100.0,0.010000000707805157,0.3045228123664856,1.0
3038,0.4342115000841442,78.10958687855789,40.66052373563318,100.0,0.010000000707805157,0.3629308044910431,1.0
3039,0.3139041466779683,37.088866066056134,36.854092227193895,100.0,0.010000000707805157,0.15807728469371796,1.0
3040,0.5515185197748174,83.22166469027628,41.00006115324239,100.0,0.010000000707805157,0.35362088680267334,1.0
3041,0.30933689061966196,55.12221154636851,40.65117181809168,100.0,0.010000000707805157,0.187061607837677,1.0
3042,0.5515136256906332,83.19550542767826,41.00339815201409,100.0,0.010000000707805157,0.3532600998878479,1.0
3043,0.05326845072715339,1.9738155583817125,32.69827271786262,100.0,0.010000000707805157,0.011921937577426434,1.0
3044,0.5333589725422879,86.30069490296441,39.88751282578589,100.0,0.010000000707805157,0.5082516670227051,1.0
3045,0.5300237531224291,95.6358219328725,40.694044037748476,100.0,0.010000000707805157,0.5365807414054871,1.0
3046,0.6351352606149175,81.25174880351017,39.2689493032095,100.0,0.010000000707805157,0.4707030653953552,1.0
3047,0.8494622209285047,121.63226371978001,41.1724948529428,100.0,0.010000000707805157,0.685725212097168,1.0
3048,0.4600299804131449,62.43111693061208,41.28481895557118,100.0,0.010000000707805157,0.17748725414276123,1.0
3049,0.3144940528559049,36.80837552792912,36.845780303841785,100.0,0.010000000707805157,0.15789364278316498,1.0
3050,0.6139631157372368,102.44410612430165,40.13665334672207,100.0,0.010000000707805157,0.6820824146270752,1.0
3051,0.7806668410009139,110.73388180824743,40.58884694568872,100.0,0.010000000707805157,0.6641385555267334,1.0
3052,0.3143025834008043,36.802160371793946,36.85516699008055,100.0,0.010000000707805157,0.15768390893936157,1.0
3053,0.5549838296543516,72.60118981722354,40.010046344464264,100.0,0.010000000707805157,0.3231329917907715,1.0
3054,0.5360044117170578,75.81221795231843,38.750576246100174,100.0,0.010000000707805157,0.4777466654777527,1.0
3055,0.7193498021040259,96.10859954684294,40.5601294398261,100.0,0.010000000707805157,0.48857244849205017,1.0
3056,0.4607865529156111,62.71580467704761,41.307872757910836,100.0,0.010000000707805157,0.17684659361839294,1.0
3057,0.5523758487988475,83.45192021714699,41.04200486001614,100.0,0.010000000707805157,0.3510574400424957,1.0
3058,0.6358152675911911,81.63743508717018,39.33172717176881,100.0,0.010000000707805157,0.4680500030517578,1.0
3059,0.4375397480745401,66.07460003014904,39.381453528119216,100.0,0.010000000707805157,0.33131349086761475,1.0
3060,0.31405429218170566,36.78431713536299,36.87609974553876,100.0,0.010000000707805157,0.15691740810871124,1.0
3061,0.5527190424748053,83.4513240926575,41.04719170453254,100.0,0.010000000707805157,0.35078370571136475,1.0
3062,0.7178683462419445,104.72118436715245,41.15999983204745,100.0,0.010000000707805157,0.515709638595581,1.0
3063,0.44130278549003854,51.9228659892487,36.882755450796274,100.0,0.010000000707805157,0.30232930183410645,1.0
3064,0.6502203404776584,89.23661454883405,41.342824009501754,100.0,0.010000000707805157,0.34086963534355164,1.0
3065,0.3142541787415078,36.67876514289301,36.874351510238256,100.0,0.010000000707805157,0.15666846930980682,1.0
3066,0.4377871034869607,65.86071629329598,39.37887104255638,100.0,0.010000000707805157,0.33076387643814087,1.0
3067,0.441209289405118,51.91919426799328,36.89503477045945,100.0,0.010000000707805157,0.3015882968902588,1.0
3068,0.631639087052201,99.95409167225834,40.95411615607536,100.0,0.010000000707805157,0.5245077013969421,1.0
3069,0.4410933373183136,51.91500324774088,36.90168420661012,100.0,0.010000000707805157,0.30129560828208923,1.0
3070,0.553386240756329,83.52120403959897,41.0622637647436,100.0,0.010000000707805157,0.3498600125312805,1.0
3071,0.5533760349386774,83.53546361624993,41.06487112441926,100.0,0.010000000707805157,0.34961384534835815,1.0
3072,0.050644568047181995,1.8378184541318048,32.60064392582224,100.0,0.010000000707805157,0.011336557567119598,1.0
3073,0.556343171413621,72.99543582825063,40.07983400367292,100.0,0.010000000707805157,0.320374071598053,1.0
3074,0.6318833890187411,99.88433804173769,40.96147154470129,100.0,0.010000000707805157,0.5233899354934692,1.0
3075,0.31442800820106515,36.53672779117613,36.8880091907765,100.0,0.010000000707805157,0.1560933142900467,1.0
3076,0.6319197089953972,99.86903327241305,40.96614512026855,100.0,0.010000000707805157,0.522926926612854,1.0
3077,0.6222033129579583,73.23452503120271,36.91535984825185,100.0,0.010000000707805157,0.5910343527793884,1.0
3078,0.43753960715981655,65.71313386872369,39.40590110688372,100.0,0.010000000707805157,0.3292441964149475,1.0
3079,0.3088382533002032,54.514932530776925,40.69925748672899,100.0,0.010000000707805157,0.1846618503332138,1.0
3080,0.553924278037173,83.50812178174695,41.07964350178794,100.0,0.010000000707805157,0.3487095236778259,1.0
3081,0.4376697755121232,65.6325460306263,39.41384872576856,100.0,0.010000000707805157,0.32894161343574524,1.0
3082,0.5569767187588455,73.03168887315522,40.098475319044226,100.0,0.010000000707805157,0.31953176856040955,1.0
3083,0.46270689657430786,63.23874752417506,41.35650616487488,100.0,0.010000000707805157,0.17494013905525208,1.0
3084,0.04959018330123615,1.7852407724031119,32.56552486345006,100.0,0.010000000707805157,0.011098474264144897,1.0
3085,0.5367512673659792,75.01604705887655,38.7803157421666,100.0,0.010000000707805157,0.4732622504234314,1.0
3086,0.7226069847344674,96.84327282390801,40.64133227264152,100.0,0.010000000707805157,0.4831233322620392,1.0
3087,0.5543667835121638,83.53843819145222,41.08798130113679,100.0,0.010000000707805157,0.34794288873672485,1.0
3088,0.4339596504326087,76.87382444985806,40.71429156300069,100.0,0.010000000707805157,0.3575039505958557,1.0
3089,0.4629371828016379,63.365163653597534,41.36823690131219,100.0,0.010000000707805157,0.1743718534708023,1.0
3090,0.4420758251572333,51.443983100205635,36.922620213658135,100.0,0.010000000707805157,0.29949548840522766,1.0
3091,0.5576008597307104,73.15141226590863,40.12620239504625,100.0,0.010000000707805157,0.3183847665786743,1.0
3092,0.6530646499497273,89.92678806127948,41.386658331594326,100.0,0.010000000707805157,0.33752381801605225,1.0
3093,0.707481722413151,98.31109646025878,39.819785431682995,100.0,0.010000000707805157,0.6355931758880615,1.0
3094,0.5577539821924992,73.351384153042,40.14571680258251,100.0,0.010000000707805157,0.3176671266555786,1.0
3095,0.554842596491056,83.65739857993447,41.10127310535245,100.0,0.010000000707805157,0.3468634784221649,1.0
3096,0.3089649902276039,54.08050109599949,40.69170027275601,100.0,0.010000000707805157,0.1838386058807373,1.0
3097,0.6203494810433496,83.13279705710873,38.41563292676994,100.0,0.010000000707805157,0.6158162355422974,1.0
3098,0.04840948968450952,1.725932112080539,32.51814963320164,100.0,0.010000000707805157,0.0108331935480237,1.0
3099,0.048279795747468664,1.7202013615324148,32.51453661063914,100.0,0.010000000707805157,0.01080263126641512,1.0
3100,0.30896981500185516,54.009844239103685,40.69852643313088,100.0,0.010000000707805157,0.18364425003528595,1.0
3101,0.04803567545158523,1.7091112886435187,32.50844922282508,100.0,0.010000000707805157,0.010745896957814693,1.0
3102,0.43424769450379047,76.40045987426224,40.71559970058049,100.0,0.010000000707805157,0.35645541548728943,1.0
3103,0.4385185607037229,65.01051115688927,39.42539730598012,100.0,0.010000000707805157,0.3270856440067291,1.0
3104,0.5551779564368465,83.41557790929366,41.107445395607186,100.0,0.010000000707805157,0.34612083435058594,1.0
3105,0.43855917662715016,64.97060572914096,39.43091530542307,100.0,0.010000000707805157,0.3268699049949646,1.0
3106,0.6365624193394464,90.98864330054325,40.36134433756035,100.0,0.010000000707805157,0.489692747592926,1.0
3107,0.6543021747262912,90.07116438825133,41.40059454775936,100.0,0.010000000707805157,0.3360365927219391,1.0
3108,0.4638894570814588,63.679139533335906,41.39594050789541,100.0,0.010000000707805157,0.17289365828037262,1.0
3109,0.46384281498391633,63.72208702667496,41.39887868796409,100.0,0.010000000707805157,0.17271088063716888,1.0
3110,0.43900928048516275,64.74049396368146,39.42183507702206,100.0,0.010000000707805157,0.3266699016094208,1.0
3111,0.3154204576158483,35.981495125085054,36.92620771614835,100.0,0.010000000707805157,0.1541273295879364,1.0
3112,0.72219072861097,105.23092389844315,41.23167898032225,100.0,0.010000000707805157,0.5075157880783081,1.0
3113,0.6401454388343665,81.7273034588776,39.49187667696892,100.0,0.010000000707805157,0.4597969651222229,1.0
3114,0.6122068672268546,107.87666369741362,40.745062393200165,100.0,0.010000000707805157,0.7006630897521973,1.0
3115,0.4642028701153986,63.85285542869022,41.409455726605344,100.0,0.010000000707805157,0.1722414493560791,1.0
3116,0.31554580794035036,35.88217852643726,36.92781740763461,100.0,0.010000000707805157,0.15395736694335938,1.0
3117,0.53055421769224,93.27747859789218,40.74942851700269,100.0,0.010000000707805157,0.5266296863555908,1.0
3118,0.801237507039051,111.02050950025092,41.430488982888,100.0,0.010000000707805157,0.4962191581726074,1.0
3119,0.31576329999579894,35.782697731063976,36.92243038415888,100.0,0.010000000707805157,0.1539437621831894,1.0
3120,0.6406853282049257,81.73295473933675,39.51399354784147,100.0,0.010000000707805157,0.45900052785873413,1.0
3121,0.3087839912708044,53.6208150477024,40.72300478123205,100.0,0.010000000707805157,0.18204361200332642,1.0
3122,0.5596790238656547,73.40738195081354,40.21216379922064,100.0,0.010000000707805157,0.3150239586830139,1.0
3123,0.534806428279181,83.9679461285591,39.965834013101755,100.0,0.010000000707805157,0.4973055124282837,1.0
3124,0.6342304698289749,99.48970650545755,41.035895341931486,100.0,0.010000000707805157,0.5149648785591125,1.0
3125,0.5303282508936236,93.14293354268352,40.770781609422144,100.0,0.010000000707805157,0.5246731042861938,1.0
3126,0.4647090690239289,64.04379222068052,41.42589469857707,100.0,0.010000000707805157,0.17135462164878845,1.0
3127,0.4646547652341042,64.08549893467105,41.428400627301365,100.0,0.010000000707805157,0.17117145657539368,1.0
3128,0.3160903330762806,35.60774450535862,36.92710327585571,100.0,0.010000000707805157,0.15362796187400818,1.0
3129,0.04532483822773538,1.5765249437245286,32.41046178264783,100.0,0.010000000707805157,0.010139739140868187,1.0
3130,0.46467275050687984,64.07680365619188,41.42866020793567,100.0,0.010000000707805157,0.17095986008644104,1.0
3131,0.30871882699232644,53.429014028279,40.73775713619458,100.0,0.010000000707805157,0.18117207288742065,1.0
3132,0.04496503385726224,1.56038262168865,32.398667009558835,100.0,0.010000000707805157,0.010056586004793644,1.0
3133,0.3087496009618277,53.37426968212023,40.73862716663148,100.0,0.010000000707805157,0.18103140592575073,1.0
3134,0.4400398243470835,64.09702912623882,39.45856249866992,100.0,0.010000000707805157,0.32456833124160767,1.0
3135,0.43414622601493347,75.5869507248176,40.763954851822916,100.0,0.010000000707805157,0.35183289647102356,1.0
3136,0.3168266416523079,35.391995332053455,36.92289988211061,100.0,0.010000000707805157,0.15351349115371704,1.0
3137,0.31681100892643577,35.39973643991364,36.92730117055568,100.0,0.010000000707805157,0.15340478718280792,1.0
3138,0.642430063198861,81.33549117435447,39.5386308694172,100.0,0.010000000707805157,0.4577852785587311,1.0
3139,0.8618596416255303,116.92656086094863,40.96222513287653,100.0,0.010000000707805157,0.6363546252250671,1.0
3140,0.04436032986875896,1.5316233761927043,32.37504246798643,100.0,0.010000000707805157,0.009919356554746628,1.0
3141,0.6425361491409898,81.5098906897939,39.55642066321509,100.0,0.010000000707805157,0.45678412914276123,1.0
3142,0.788979050253335,111.47352211103397,40.766525475981794,100.0,0.010000000707805157,0.645119309425354,1.0
3143,0.5609934739020275,73.50384856282149,40.258771425253606,100.0,0.010000000707805157,0.31288057565689087,1.0
3144,0.04404951805353381,1.516699202711758,32.358562187311286,100.0,0.010000000707805157,0.009849143214523792,1.0
3145,0.7920950475153256,104.2518664450315,40.27287914565562,100.0,0.010000000707805157,0.6160233616828918,1.0
3146,0.44531260753864055,50.12221792380223,36.96289718393761,100.0,0.010000000707805157,0.2951492369174957,1.0
3147,0.639133762101524,90.90393990103341,40.43488627472201,100.0,0.010000000707805157,0.48335397243499756,1.0
3148,0.6570143643162004,91.49081687444784,41.46525737320262,100.0,0.010000000707805157,0.32929521799087524,1.0
3149,0.5571402046560455,83.68419550313143,41.167937015439186,100.0,0.010000000707805157,0.3402252197265625,1.0
3150,0.5612969763706062,73.78501340513783,40.28639984208355,100.0,0.010000000707805157,0.31152990460395813,1.0
3151,0.7278790503484297,98.4372587426415,40.79896099102426,100.0,0.010000000707805157,0.4707556366920471,1.0
3152,0.440375879482902,63.62463368333196,39.4437650853796,100.0,0.010000000707805157,0.3230687379837036,1.0
3153,0.5572885973828519,83.7644890303044,41.1732356820422,100.0,0.010000000707805157,0.3395950198173523,1.0
3154,0.4403977885528439,63.58920912325614,39.449697377004505,100.0,0.010000000707805157,0.3228357136249542,1.0
3155,0.30904512341123636,52.85040615254966,40.72810276498198,100.0,0.010000000707805157,0.18032757937908173,1.0
3156,0.4347856786612821,74.83922584976358,40.74755799482793,100.0,0.010000000707805157,0.3509663939476013,1.0
3157,0.4403903774143194,63.572209045994015,39.4668832945694,100.0,0.010000000707805157,0.3224260210990906,1.0
3158,0.44032796581346145,63.58283724482638,39.47225161557532,100.0,0.010000000707805157,0.3222660720348358,1.0
3159,0.44570638133130597,49.88250985148334,36.97981324953917,100.0,0.010000000707805157,0.29404282569885254,1.0
3160,0.6359868799167617,99.1559606244565,41.07273890196569,100.0,0.010000000707805157,0.5096186399459839,1.0
3161,0.8050424521373074,112.68132316300895,41.486729774703136,100.0,0.010000000707805157,0.48680436611175537,1.0
3162,0.5575272715418736,83.79600379451789,41.190552704735495,100.0,0.010000000707805157,0.33823561668395996,1.0
3163,0.46601152153276815,64.99358366898967,41.47760376020767,100.0,0.010000000707805157,0.16777805984020233,1.0
3164,0.5574779563185568,83.80176286287282,41.19131464369796,100.0,0.010000000707805157,0.3378234803676605,1.0
3165,0.5620775960669941,73.94893361861845,40.32507844157811,100.0,0.010000000707805157,0.3098297119140625,1.0
3166,0.440847871675489,63.28511926405464,39.46931184772566,100.0,0.010000000707805157,0.3217344880104065,1.0
3167,0.44078018300165966,63.29667725840124,39.47474072729351,100.0,0.010000000707805157,0.32157137989997864,1.0
3168,0.308896915929438,52.669759101245205,40.755193758071805,100.0,0.010000000707805157,0.1792498379945755,1.0
3169,0.5576757033839567,83.77480862228228,41.197864432907096,100.0,0.010000000707805157,0.3372780978679657,1.0
3170,0.04181487192162559,1.4103878694019976,32.26458062951938,100.0,0.010000000707805157,0.009349008090794086,1.0
3171,0.04171426088149333,1.4061929651984444,32.26144287073694,100.0,0.010000000707805157,0.009325321763753891,1.0
3172,0.30898175279194207,52.55644423472496,40.75481220059344,100.0,0.010000000707805157,0.17898470163345337,1.0
3173,0.5420506699190766,72.1863888428108,38.853496954568136,100.0,0.010000000707805157,0.46362417936325073,1.0
3174,0.3088985321953567,52.57595111825432,40.76680624221209,100.0,0.010000000707805157,0.17881432175636292,1.0
3175,0.8053638489719579,112.95241399973993,41.49534555445726,100.0,0.010000000707805157,0.4836622476577759,1.0
3176,0.30898680101519777,52.48061726229057,40.758958045091894,100.0,0.010000000707805157,0.17869825661182404,1.0
3177,0.5627994877759862,73.83711787018903,40.33984200361399,100.0,0.010000000707805157,0.30898720026016235,1.0
3178,0.6579006204493419,92.30001248563764,41.49461677479833,100.0,0.010000000707805157,0.3241276741027832,1.0
3179,0.537455616858179,81.97031137168881,39.999160761916926,100.0,0.010000000707805157,0.49060773849487305,1.0
3180,0.4415632920033052,62.90968929398648,39.4882800357683,100.0,0.010000000707805157,0.3206217885017395,1.0
3181,0.6408670597149069,90.74246792804804,40.49664258317719,100.0,0.010000000707805157,0.4779213070869446,1.0
3182,0.5630048679830876,73.95692993896022,40.353504572751824,100.0,0.010000000707805157,0.30828070640563965,1.0
3183,0.6409458820370744,90.78449105164023,40.50054866290614,100.0,0.010000000707805157,0.47750574350357056,1.0
3184,0.5580448163463152,83.8191878740689,41.2135496132162,100.0,0.010000000707805157,0.33520442247390747,1.0
3185,0.7880003009932087,118.92294023114718,41.2288138842801,100.0,0.010000000707805157,0.661592423915863,1.0
3186,0.04039471672427435,1.344138689937612,32.20411276829788,100.0,0.010000000707805157,0.009031448513269424,1.0
3187,0.7145045928858544,97.26668541833546,40.005891592041095,100.0,0.010000000707805157,0.6190102100372314,1.0
3188,0.44161767938373003,62.76306769056075,39.50341671027895,100.0,0.010000000707805157,0.31973889470100403,1.0
3189,0.31815935446712773,34.61466938553335,36.97131739196145,100.0,0.010000000707805157,0.1507510542869568,1.0
3190,0.6586459627673854,92.7636544028405,41.50711821331607,100.0,0.010000000707805157,0.32209762930870056,1.0
3191,0.6412548510693757,90.8324666585711,40.51634103667131,100.0,0.010000000707805157,0.47597816586494446,1.0
3192,0.3183029451068088,34.560684348440155,36.97211583584795,100.0,0.010000000707805157,0.15058518946170807,1.0
3193,0.3090069931291172,52.18260874335458,40.77781839057821,100.0,0.010000000707805157,0.17765991389751434,1.0
3194,0.6586544619222102,92.90321840217716,41.50982457380218,100.0,0.010000000707805157,0.3212771415710449,1.0
3195,0.7920761330542986,112.33771034156902,40.8602160832159,100.0,0.010000000707805157,0.6316393613815308,1.0
3196,0.3185830159483125,34.459390384198784,36.96900728426932,100.0,0.010000000707805157,0.15045015513896942,1.0
3197,0.5321965521609542,90.44793010093765,40.799275991818774,100.0,0.010000000707805157,0.5152806043624878,1.0
3198,0.5318925045809487,90.55294843369029,40.81670072944718,100.0,0.010000000707805157,0.5143250226974487,1.0
3199,0.6461585345235821,81.8673521069839,39.7214432538151,100.0,0.010000000707805157,0.4481106400489807,1.0
3200,0.5583744977502961,83.9925228992139,41.238477060634224,100.0,0.010000000707805157,0.3326166868209839,1.0
3201,0.31859565632986553,34.38993652307005,36.97623045862669,100.0,0.010000000707805157,0.15031218528747559,1.0
3202,0.43490149126090477,73.79892309382939,40.820415833405306,100.0,0.010000000707805157,0.3450002074241638,1.0
3203,0.5375477241917982,81.5331779195837,40.06263561679307,100.0,0.010000000707805157,0.48630303144454956,1.0
3204,0.3086588125120716,52.173451182484236,40.82915008434616,100.0,0.010000000707805157,0.17640471458435059,1.0
3205,0.3086453536504297,52.16782480070836,40.83329577846833,100.0,0.010000000707805157,0.1762920618057251,1.0
3206,0.5585202394078179,83.9086202881282,41.249276448181966,100.0,0.010000000707805157,0.3318880498409271,1.0
3207,0.4420398208974591,62.43936494279032,39.55655177668828,100.0,0.010000000707805157,0.31775686144828796,1.0
3208,0.7111394635085271,104.84805488440169,40.63655279439382,100.0,0.010000000707805157,0.6410994529724121,1.0
3209,0.03876735753415699,1.2676496209704835,32.13993928327353,100.0,0.010000000707805157,0.008671245537698269,1.0
3210,0.6420264999196462,90.71300846074288,40.55773678436071,100.0,0.010000000707805157,0.4730272889137268,1.0
3211,0.7315696322304516,99.25959872269877,40.889060444126564,100.0,0.010000000707805157,0.4609978497028351,1.0
3212,0.30865268714621413,52.06375758397055,40.84712384159667,100.0,0.010000000707805157,0.17575274407863617,1.0
3213,0.43467109129665527,73.7370230297994,40.86581641150762,100.0,0.010000000707805157,0.3428605794906616,1.0
3214,0.7158879239967142,97.04768708129302,40.067188252283565,100.0,0.010000000707805157,0.6140575408935547,1.0
3215,0.6370793404782243,99.00537358642472,41.1637683068543,100.0,0.010000000707805157,0.49764180183410645,1.0
3216,0.44933837029037516,48.32321438950034,36.99783648776913,100.0,0.010000000707805157,0.2913568317890167,1.0
3217,0.5434160476890211,71.20911099294126,38.950098513317364,100.0,0.010000000707805157,0.45782649517059326,1.0
3218,0.46779960556336864,65.78889562915845,41.5107891817225,100.0,0.010000000707805157,0.16350612044334412,1.0
3219,0.31879612416409125,34.187213336458555,37.00645890639861,100.0,0.010000000707805157,0.14952296018600464,1.0
3220,0.5490303314371981,59.38737013060632,37.02830990004024,100.0,0.010000000707805157,0.4314517378807068,1.0
3221,0.5373165205872296,81.39825723189531,40.123780551078895,100.0,0.010000000707805157,0.4829462766647339,1.0
3222,0.642527485643155,90.83564347568452,40.58332877496546,100.0,0.010000000707805157,0.47095179557800293,1.0
3223,0.5649739741667953,74.2930094704617,40.4255539724135,100.0,0.010000000707805157,0.3039531707763672,1.0
3224,0.4416271160701008,62.369002387173765,39.60813858316097,100.0,0.010000000707805157,0.31550195813179016,1.0
3225,0.03794819968689749,1.228933973279524,32.10185611012627,100.0,0.010000000707805157,0.008489537984132767,1.0
3226,0.3084975816262664,52.008339860300495,40.89527662677333,100.0,0.010000000707805157,0.1749119609594345,1.0
3227,0.6378740735140644,98.93499504509519,41.183419654504675,100.0,0.010000000707805157,0.4964292049407959,1.0
3228,0.5432608743233339,71.14780072558574,38.98128149736541,100.0,0.010000000707805157,0.45576947927474976,1.0
3229,0.46862603298325545,65.82229904817076,41.51181660348466,100.0,0.010000000707805157,0.16315387189388275,1.0
3230,0.43449624195453107,73.62086331306467,40.923248106945145,100.0,0.010000000707805157,0.340833455324173,1.0
3231,0.6379064468527741,98.94196429383793,41.19504145157909,100.0,0.010000000707805157,0.4953536093235016,1.0
3232,0.6286218270672913,78.9588759046266,38.61236950595228,100.0,0.010000000707805157,0.5959606766700745,1.0
3233,0.4416111536695311,62.32635301750746,39.64788330735031,100.0,0.010000000707805157,0.3143378496170044,1.0
3234,0.6430830997104428,90.80063937747984,40.60841667851284,100.0,0.010000000707805157,0.4690834879875183,1.0
3235,0.4485657082236444,48.4119831778503,37.07260890242311,100.0,0.010000000707805157,0.2884290814399719,1.0
3236,0.6383117213044901,99.01235028114507,41.21100842016068,100.0,0.010000000707805157,0.49469995498657227,1.0
3237,0.6479724290432433,81.8765236269347,39.78923697778577,100.0,0.010000000707805157,0.44282060861587524,1.0
3238,0.30826903179255377,52.01138826553683,40.951299368865946,100.0,0.010000000707805157,0.1738346815109253,1.0
3239,0.5602975522336171,84.05107092540753,41.30376049304395,100.0,0.010000000707805157,0.32824110984802246,1.0
3240,0.30827485201231397,51.97874251303794,40.95620832990287,100.0,0.010000000707805157,0.17361433804035187,1.0
3241,0.6434027131569557,90.77840133121812,40.62043716092792,100.0,0.010000000707805157,0.46792078018188477,1.0
3242,0.44173621542654085,62.206654160356855,39.672753101908995,100.0,0.010000000707805157,0.31328946352005005,1.0
3243,0.44169290285520846,62.21904407817841,39.67816020460312,100.0,0.010000000707805157,0.3131362497806549,1.0
3244,0.43422492399489243,73.626951724953,40.98883084273359,100.0,0.010000000707805157,0.33847472071647644,1.0
3245,0.03673128801700044,1.172494612182204,32.05339983268295,100.0,0.010000000707805157,0.008221471682190895,1.0
3246,0.543337211204865,70.99873943308307,39.04571877786797,100.0,0.010000000707805157,0.45270946621894836,1.0
3247,0.6632542516744444,93.29958266971596,41.520793888556916,100.0,0.010000000707805157,0.3169548511505127,1.0
3248,0.31873815558742535,34.0420931356446,37.084990236051645,100.0,0.010000000707805157,0.14771877229213715,1.0
3249,0.31872667683610406,34.05337800500745,37.089768452882296,100.0,0.010000000707805157,0.14761538803577423,1.0
3250,0.7174024862356876,97.005392162395,40.14150241469154,100.0,0.010000000707805157,0.6064448356628418,1.0
3251,0.5608627188368753,83.99707020629921,41.31576350108568,100.0,0.010000000707805157,0.32706862688064575,1.0
3252,0.31871227100066385,34.04716478268457,37.09928152522507,100.0,0.010000000707805157,0.14736966788768768,1.0
3253,0.44193913067238444,62.06503164228036,39.69542456674186,100.0,0.010000000707805157,0.3121444582939148,1.0
3254,0.5313366571287759,90.06746536906387,41.01684089863328,100.0,0.010000000707805157,0.502714991569519,1.0
3255,0.5373954565239456,81.08361102702293,40.24557946024439,100.0,0.010000000707805157,0.47645431756973267,1.0
3256,0.30816148596023457,51.927310576389296,41.02019167788246,100.0,0.010000000707805157,0.1723266988992691,1.0
3257,0.31874639157188633,34.00142495128353,37.11037549621784,100.0,0.010000000707805157,0.14721974730491638,1.0
3258,0.6640924143485656,93.29024654282017,41.51959318943728,100.0,0.010000000707805157,0.3162028193473816,1.0
3259,0.3082906512185586,51.81938791328617,41.014784720111926,100.0,0.010000000707805157,0.17222636938095093,1.0
3260,0.6444140079074469,90.59980439668458,40.64993304643799,100.0,0.010000000707805157,0.46530747413635254,1.0
3261,0.6638462082428163,93.42475373602863,41.52011473691132,100.0,0.010000000707805157,0.315297931432724,1.0
3262,0.6444443018985083,90.61088955302635,40.65132076703858,100.0,0.010000000707805157,0.46479514241218567,1.0
3263,0.3192542769987818,33.83808729002569,37.10536935902478,100.0,0.010000000707805157,0.147024005651474,1.0
3264,0.47002860271218416,66.03638026676451,41.51288975078845,100.0,0.010000000707805157,0.1610761284828186,1.0
3265,0.5610477234125447,83.93830414047511,41.32565226679858,100.0,0.010000000707805157,0.3251074254512787,1.0
3266,0.7136991120936799,104.43649232288837,40.75076466933018,100.0,0.010000000707805157,0.6285748481750488,1.0
3267,0.03516329072614562,1.1034642760352047,31.97988310411709,100.0,0.010000000707805157,0.007869229651987553,1.0
3268,0.5509501119766148,58.55577968306543,37.11926871728078,100.0,0.010000000707805157,0.42524954676628113,1.0
3269,0.44260110739740227,61.73552283144562,39.72812154007302,100.0,0.010000000707805157,0.31058967113494873,1.0
3270,0.4702802520148353,66.09374573110523,41.51266000769419,100.0,0.010000000707805157,0.1607130467891693,1.0
3271,0.43485619075313764,73.00840793349438,41.03357091177039,100.0,0.010000000707805157,0.3356422483921051,1.0
3272,0.034935222336712986,1.09354395306014,31.970138263431014,100.0,0.010000000707805157,0.007817566394805908,1.0
3273,0.5674748193521894,74.22376924843074,40.479233547951594,100.0,0.010000000707805157,0.2993890047073364,1.0
3274,0.47015334701649003,66.10317549934193,41.510865130828364,100.0,0.010000000707805157,0.16035450994968414,1.0
3275,0.5674749887003798,74.26673405796741,40.482693296358455,100.0,0.010000000707805157,0.29900842905044556,1.0
3276,0.4700024020555115,66.17685976696845,41.51046210275319,100.0,0.010000000707805157,0.16001908481121063,1.0
3277,0.5455593183039816,70.10215809501877,39.07775196948855,100.0,0.010000000707805157,0.4491007328033447,1.0
3278,0.47010942000016553,66.20320796959206,41.51040741123574,100.0,0.010000000707805157,0.15990693867206573,1.0
3279,0.5675543110970098,74.33497634713667,40.48826213225045,100.0,0.010000000707805157,0.2983629107475281,1.0
3280,0.5392257383636289,80.09384361705855,40.24901417284302,100.0,0.010000000707805157,0.4739653468132019,1.0
3281,0.03430122680620676,1.0668695961590702,31.93700355531275,100.0,0.010000000707805157,0.007672641426324844,1.0
3282,0.47008801184836574,66.22669218776456,41.5089525722796,100.0,0.010000000707805157,0.15959350764751434,1.0
3283,0.7313110885119016,107.10202751480966,41.40452792514872,100.0,0.010000000707805157,0.47529226541519165,1.0
3284,0.539603443636525,79.90964226531962,40.251536678600004,100.0,0.010000000707805157,0.47348666191101074,1.0
3285,0.3204165987200422,33.48469276999547,37.1227194662157,100.0,0.010000000707805157,0.14605608582496643,1.0
3286,0.4437419198116821,61.22014135729625,39.73424973200516,100.0,0.010000000707805157,0.3094039559364319,1.0
3287,0.5678554453079513,74.33111276712552,40.49545162942316,100.0,0.010000000707805157,0.297582745552063,1.0
3288,0.44376202809004606,61.196381079477014,39.737017332034895,100.0,0.010000000707805157,0.3091927468776703,1.0
3289,0.435490018372448,72.4649288384278,41.04413695184575,100.0,0.010000000707805157,0.3341899514198303,1.0
3290,0.5680092979319373,74.308499340177,40.497474651104,100.0,0.010000000707805157,0.2973828911781311,1.0
3291,0.30894595548464604,51.141596963841465,41.037576397199,100.0,0.010000000707805157,0.17060230672359467,1.0
3292,0.6640808279604901,93.93283541849544,41.51344056329933,100.0,0.010000000707805157,0.3105164170265198,1.0
3293,0.5615075711656591,83.82372023967348,41.3337476149452,100.0,0.010000000707805157,0.3217274248600006,1.0
3294,0.5614294123605201,83.82492129810694,41.33385271772941,100.0,0.010000000707805157,0.3214728832244873,1.0
3295,0.4357402027833712,72.24857978070564,41.04831833244738,100.0,0.010000000707805157,0.3332928419113159,1.0
3296,0.3210786464535203,33.254297299227254,37.123315172281984,100.0,0.010000000707805157,0.14579035341739655,1.0
3297,0.03314315679100936,1.0174918087102025,31.88241310855224,100.0,0.010000000707805157,0.007412636186927557,1.0
3298,0.6516748391277862,81.45728112922367,39.8780963051547,100.0,0.010000000707805157,0.43509727716445923,1.0
3299,0.568166515588249,74.32494131668112,40.50567981073644,100.0,0.010000000707805157,0.29632216691970825,1.0
3300,0.03298183702419121,1.0108834831105682,31.8722017793288,100.0,0.010000000707805157,0.007375091314315796,1.0
3301,0.03291604703626916,1.0083702378370902,31.869690402737824,100.0,0.010000000707805157,0.007359650917351246,1.0
3302,0.03285073450525959,1.0059116783618394,31.86726607007278,100.0,0.010000000707805157,0.007344329264014959,1.0
3303,0.453261631235076,47.00551052043426,37.142757756858586,100.0,0.010000000707805157,0.28354278206825256,1.0
3304,0.5684124213200682,74.28615005907221,40.506716708319175,100.0,0.010000000707805157,0.2959095239639282,1.0
3305,0.4448551290553792,60.736264788115705,39.74471919505175,100.0,0.010000000707805157,0.30806633830070496,1.0
3306,0.03271494122249246,1.0002066973894468,31.85954038417382,100.0,0.010000000707805157,0.007312850095331669,1.0
3307,0.5619080647108253,83.63369887623114,41.33081185307642,100.0,0.010000000707805157,0.3207380771636963,1.0
3308,0.5618218453864161,83.63549823735018,41.330861974276104,100.0,0.010000000707805157,0.32047969102859497,1.0
3309,0.5685010281683619,74.27568444408462,40.51026773513998,100.0,0.010000000707805157,0.29538923501968384,1.0
3310,0.5338913954188564,88.02538626962337,41.056276240497354,100.0,0.010000000707805157,0.49569597840309143,1.0
3311,0.5549171749912335,57.487770133389326,37.16027466689497,100.0,0.010000000707805157,0.4209408760070801,1.0
3312,0.3094095855862603,50.72388719991327,41.0521178993932,100.0,0.010000000707805157,0.1696527600288391,1.0
3313,0.03231611642833976,0.9829727982608376,31.840529970597405,100.0,0.010000000707805157,0.007224237080663443,1.0
3314,0.6467161003262007,90.03283354240381,40.68932935310395,100.0,0.010000000707805157,0.4576694369316101,1.0
3315,0.3094618338895097,50.68014465242492,41.05739069997805,100.0,0.010000000707805157,0.16945955157279968,1.0
3316,0.7320711503870437,107.00474050377129,41.40748757553088,100.0,0.010000000707805157,0.4700382947921753,1.0
3317,0.4364281856822972,71.71911097858082,41.07275238517486,100.0,0.010000000707805157,0.33152735233306885,1.0
3318,0.5688096452083762,74.22369648383345,40.51612036028655,100.0,0.010000000707805157,0.2947034537792206,1.0
3319,0.45408863592169413,46.73313947841046,37.163979265343485,100.0,0.010000000707805157,0.28237855434417725,1.0
3320,0.6640980618819289,94.18415103011668,41.50012981497593,100.0,0.010000000707805157,0.30675315856933594,1.0
3321,0.5618591261950225,83.6402574398069,41.337486165274534,100.0,0.010000000707805157,0.31865745782852173,1.0
3322,0.4366592277276025,71.54087683027726,41.073426476149656,100.0,0.010000000707805157,0.3311091661453247,1.0
3323,0.32226809723215216,32.91449992458555,37.154836916147175,100.0,0.010000000707805157,0.144598588347435,1.0
3324,0.4698751581643936,66.50939780405689,41.48992885562133,100.0,0.010000000707805157,0.1563255488872528,1.0
3325,0.4459141105389893,60.287308406320925,39.779407778845396,100.0,0.010000000707805157,0.30639249086380005,1.0
3326,0.44585837465361033,60.30736324496498,39.78518221520648,100.0,0.010000000707805157,0.306240051984787,1.0
3327,0.3096598076807233,50.49089147416665,41.07835495287319,100.0,0.010000000707805157,0.1686539500951767,1.0
3328,0.3096570306505778,50.492475086102836,41.083005700895406,100.0,0.010000000707805157,0.16854900121688843,1.0
3329,0.43667504951916325,71.5306507724922,41.10082520135246,100.0,0.010000000707805157,0.3300683796405792,1.0
3330,0.8692610549093714,126.28157778386131,41.43991815713145,100.0,0.010000000707805157,0.6170232892036438,1.0
3331,0.3097021982972713,50.44640790334638,41.09272404977684,100.0,0.010000000707805157,0.1681509017944336,1.0
3332,0.44625461181065773,60.18250441946991,39.806699414168435,100.0,0.010000000707805157,0.3057255446910858,1.0
3333,0.5421109037993721,78.71592730553321,40.34403713875306,100.0,0.010000000707805157,0.4669049382209778,1.0
3334,0.6407743310507202,97.82825693433321,41.3000377054512,100.0,0.010000000707805157,0.4780369997024536,1.0
3335,0.6636175566412026,94.20957601776655,41.49003322380973,100.0,0.010000000707805157,0.30452272295951843,1.0
3336,0.4694722261329243,66.54857202889261,41.48116408488833,100.0,0.010000000707805157,0.15524454414844513,1.0
3337,0.3097920613707808,50.3721570557935,41.10956712652309,100.0,0.010000000707805157,0.1675952970981598,1.0
3338,0.46931015286319017,66.54372846972672,41.47888634546301,100.0,0.010000000707805157,0.155043363571167,1.0
3339,0.5690105351171575,74.14290311906313,40.52740971358715,100.0,0.010000000707805157,0.29262685775756836,1.0
3340,0.4690714555405035,66.60749971372171,41.47612708642175,100.0,0.010000000707805157,0.1547015905380249,1.0
3341,0.030280915010549827,0.8983894485131921,31.736906530300264,100.0,0.010000000707805157,0.006768478080630302,1.0
3342,0.7986511360194067,111.98750829626977,40.98556426664243,100.0,0.010000000707805157,0.6014444828033447,1.0
3343,0.31010252790607923,50.143084812374994,41.09675111525022,100.0,0.010000000707805157,0.1674060970544815,1.0
3344,0.6472428360587076,89.66430337557057,40.712725379605985,100.0,0.010000000707805157,0.4527618885040283,1.0
3345,0.4473574395851796,59.73714397022644,39.814175146625445,100.0,0.010000000707805157,0.304891973733902,1.0
3346,0.6472800056370103,89.68564983583155,40.7165977531935,100.0,0.010000000707805157,0.4523938298225403,1.0
3347,0.7306404536761992,107.1701900446231,41.40095377686966,100.0,0.010000000707805157,0.4621257781982422,1.0
3348,0.4474972214176682,59.66401542978734,39.820421822973714,100.0,0.010000000707805157,0.3045731782913208,1.0
3349,0.46856881751213564,66.76068840357146,41.46688465593755,100.0,0.010000000707805157,0.15363700687885284,1.0
3350,0.6616607654785029,94.64490060767173,41.470823907647706,100.0,0.010000000707805157,0.30046626925468445,1.0
3351,0.5686514440625404,74.2742239430492,40.5331424803504,100.0,0.010000000707805157,0.29069533944129944,1.0
3352,0.32439941972147424,32.21800168635953,37.1389140062695,100.0,0.010000000707805157,0.1440049111843109,1.0
3353,0.5357074280456425,86.72929560833185,41.1235594477183,100.0,0.010000000707805157,0.4880937337875366,1.0
3354,0.6613101681675649,94.72741072799154,41.466001461406734,100.0,0.010000000707805157,0.2995928227901459,1.0
3355,0.31040669234261875,49.8799772024539,41.10815775919788,100.0,0.010000000707805157,0.16660596430301666,1.0
3356,0.310404123703595,49.88435713951744,41.11302172484175,100.0,0.010000000707805157,0.16650323569774628,1.0
3357,0.6540913836337254,80.95686074891111,39.93837611022806,100.0,0.010000000707805157,0.4279220998287201,1.0
3358,0.02914005334319752,0.8517233794146571,31.671299017085428,100.0,0.010000000707805157,0.006512754131108522,1.0
3359,0.552595414625611,67.56328652825115,39.171443258600895,100.0,0.010000000707805157,0.44138646125793457,1.0
3360,0.4379185970566311,70.63781865765567,41.13519276793518,100.0,0.010000000707805157,0.3264436423778534,1.0
3361,0.31037703985870213,49.899287655250575,41.133876695093534,100.0,0.010000000707805157,0.16619281470775604,1.0
3362,0.7300212108607346,107.19746477254586,41.3952225139746,100.0,0.010000000707805157,0.45875880122184753,1.0
3363,0.43796336653702156,70.61922383496379,41.14895108804022,100.0,0.010000000707805157,0.32570314407348633,1.0
3364,0.6473651668978829,89.52746228003673,40.72979327306359,100.0,0.010000000707805157,0.4493010640144348,1.0
3365,0.5607008773093649,83.52310866947188,41.34716145986594,100.0,0.010000000707805157,0.3115381598472595,1.0
3366,0.5605851688714749,83.51984584766653,41.346303028679905,100.0,0.010000000707805157,0.31128185987472534,1.0
3367,0.4674303005369071,66.90645751087558,41.44508658999888,100.0,0.010000000707805157,0.15172165632247925,1.0
3368,0.3253209591358301,31.870185124200102,37.13351575988106,100.0,0.010000000707805157,0.1437876671552658,1.0
3369,0.8082821856629865,116.40008897549045,41.453167169307235,100.0,0.010000000707805157,0.44254326820373535,1.0
3370,0.5452916999191261,77.26462132157019,40.37654677568743,100.0,0.010000000707805157,0.46251389384269714,1.0
3371,0.028270382705678807,0.8162340098721049,31.622948512621377,100.0,0.010000000707805157,0.006319275591522455,1.0
3372,0.5538043550688185,67.1398007877011,39.1946293542829,100.0,0.010000000707805157,0.44032496213912964,1.0
3373,0.5603413958488381,83.50066683334664,41.341679078187944,100.0,0.010000000707805157,0.3102710545063019,1.0
3374,0.028151280806145998,0.8113545200156014,31.61622016747637,100.0,0.010000000707805157,0.006292709615081549,1.0
3375,0.7239090917078072,95.0107860433418,40.27704445496556,100.0,0.010000000707805157,0.5849406719207764,1.0
3376,0.4669993274719641,67.02258927244904,41.43381792604252,100.0,0.010000000707805157,0.15082335472106934,1.0
3377,0.027985741094729042,0.8048712678432468,31.605668781717426,100.0,0.010000000707805157,0.006254989188164473,1.0
3378,0.3257634871019009,31.75260740878448,37.144775713716506,100.0,0.010000000707805157,0.14333245158195496,1.0
3379,0.5685709468800613,74.22713053156932,40.53653914573957,100.0,0.010000000707805157,0.28772830963134766,1.0
3380,0.027865382538980073,0.8003837268508606,31.598250722036152,100.0,0.010000000707805157,0.006226890720427036,1.0
3381,0.027816425895154952,0.7986497682323274,31.596149525407874,100.0,0.010000000707805157,0.006215439178049564,1.0
3382,0.6475285751530865,89.29206241544733,40.726032357818205,100.0,0.010000000707805157,0.4466821551322937,1.0
3383,0.7177079340483075,102.27577974275222,40.834306564559846,100.0,0.010000000707805157,0.6057349443435669,1.0
3384,0.5685089496685135,74.24015955554077,40.536553933191634,100.0,0.010000000707805157,0.28711631894111633,1.0
3385,0.5684459104595802,74.26971317046265,40.53651009168201,100.0,0.010000000707805157,0.2868831157684326,1.0
3386,0.5600360680702,83.41330510719587,41.32948434917651,100.0,0.010000000707805157,0.3088045120239258,1.0
3387,0.5683053489388245,74.29066108092428,40.53577950913871,100.0,0.010000000707805157,0.2865208387374878,1.0
3388,0.537337813974006,85.6757646676993,41.17061986705501,100.0,0.010000000707805157,0.4828096330165863,1.0
3389,0.5631120719066846,54.94792044792853,37.17380166374655,100.0,0.010000000707805157,0.4164731502532959,1.0
3390,0.32585219318482245,31.730829510538594,37.177770365899114,100.0,0.010000000707805157,0.14251931011676788,1.0
3391,0.6545214994649806,80.93761122505832,39.963583513662414,100.0,0.010000000707805157,0.4225769639015198,1.0
3392,0.4666745131157194,67.19781605720058,41.416438684893386,100.0,0.010000000707805157,0.1495703160762787,1.0
3393,0.8068493890805507,116.9103980615257,41.42319636287924,100.0,0.010000000707805157,0.43655338883399963,1.0
3394,0.727596682686088,107.45570903267254,41.360354124110955,100.0,0.010000000707805157,0.4507487416267395,1.0
3395,0.026962944452155406,0.7648003713043375,31.538173436770638,100.0,0.010000000707805157,0.00602342002093792,1.0
3396,0.02691674812429278,0.7632217560916954,31.536224430860212,100.0,0.010000000707805157,0.006012556608766317,1.0
3397,0.5556161699339077,66.44509084144228,39.202746138200744,100.0,0.010000000707805157,0.43742305040359497,1.0
3398,0.5679517424451926,74.42736235501077,40.5345539811113,100.0,0.010000000707805157,0.28472763299942017,1.0
3399,0.3264482319007832,31.599049456403147,37.18542180553345,100.0,0.010000000707805157,0.14202114939689636,1.0
3400,0.4503944525353132,58.38703017013954,39.86097797995468,100.0,0.010000000707805157,0.30056148767471313,1.0
3401,0.7969288520018342,112.11686342217008,40.973208002714834,100.0,0.010000000707805157,0.5859980583190918,1.0
3402,0.7272147699804,107.48866343524243,41.35239474276803,100.0,0.010000000707805157,0.4491550326347351,1.0
3403,0.026581855817492582,0.7498376057228813,31.512781622787156,100.0,0.010000000707805157,0.005937372799962759,1.0
3404,0.4507318215248186,58.24212003606804,39.86303535896196,100.0,0.010000000707805157,0.300251841545105,1.0
3405,0.32665493556891667,31.53459945965067,37.19392823820167,100.0,0.010000000707805157,0.14173446595668793,1.0
3406,0.46516944072616245,67.39440654306998,41.38790023656204,100.0,0.010000000707805157,0.14777252078056335,1.0
3407,0.3267967390047928,31.51081491280386,37.195534750020784,100.0,0.010000000707805157,0.14164288341999054,1.0
3408,0.6397318305828399,96.77273996654782,41.27698058081631,100.0,0.010000000707805157,0.4647049009799957,1.0
3409,0.7266373967037544,107.44908490618158,41.34445982344114,100.0,0.010000000707805157,0.44763413071632385,1.0
3410,0.5563665232018363,66.14299270828148,39.21809231066355,100.0,0.010000000707805157,0.43574824929237366,1.0
3411,0.5474260416536278,76.09871474933226,40.40829366715559,100.0,0.010000000707805157,0.4578246772289276,1.0
3412,0.4507718663839671,58.20812231661357,39.889760300751476,100.0,0.010000000707805157,0.29932403564453125,1.0
3413,0.6396117746972737,96.85476080494793,41.29215662863959,100.0,0.010000000707805157,0.46324852108955383,1.0
3414,0.5559431119247371,66.26986692966415,39.24777899303882,100.0,0.010000000707805157,0.4347507655620575,1.0
3415,0.4398097949400924,69.3482573646136,41.21364712030818,100.0,0.010000000707805157,0.3210788369178772,1.0
3416,0.439751425365853,69.40651394802073,41.22544641539482,100.0,0.010000000707805157,0.32070720195770264,1.0
3417,0.02605066324915354,0.7274694455809566,31.481772362991524,100.0,0.010000000707805157,0.005822531878948212,1.0
3418,0.46514929662321736,67.34884186595092,41.377349460091054,100.0,0.010000000707805157,0.14714740216732025,1.0
3419,0.6471386873332046,89.17674302502701,40.74116967393082,100.0,0.010000000707805157,0.43999260663986206,1.0
3420,0.45091167079191347,58.19442284093451,39.92724406263874,100.0,0.010000000707805157,0.29843199253082275,1.0
3421,0.5677332042059847,74.3984521015718,40.531694882598394,100.0,0.010000000707805157,0.2822975516319275,1.0
3422,0.32690559718860934,31.401124946803513,37.224175566898026,100.0,0.010000000707805157,0.14102952182292938,1.0
3423,0.5474440984160694,76.15930599271778,40.46413173443562,100.0,0.010000000707805157,0.4555222988128662,1.0
3424,0.4508053012747616,58.23190288040976,39.942467902356796,100.0,0.010000000707805157,0.29791784286499023,1.0
3425,0.025765124955001485,0.7161042559489942,31.463048447663017,100.0,0.010000000707805157,0.005758788902312517,1.0
3426,0.32681934553708575,31.43033129555976,37.23899755708259,100.0,0.010000000707805157,0.14079253375530243,1.0
3427,0.654654785041324,80.8631783187717,39.980380307208186,100.0,0.010000000707805157,0.41698163747787476,1.0
3428,0.6574491331390694,95.49395692689409,41.373424258093564,100.0,0.010000000707805157,0.2878032624721527,1.0
3429,0.647209828185228,89.15564962295613,40.742966608579614,100.0,0.010000000707805157,0.4384439289569855,1.0
3430,0.4402538765395834,69.12128513329984,41.245816111578954,100.0,0.010000000707805157,0.31966495513916016,1.0
3431,0.3270073523375827,31.385119222750625,37.24855324245974,100.0,0.010000000707805157,0.14049124717712402,1.0
3432,0.5386815025720411,84.86109528740785,41.26881147912537,100.0,0.010000000707805157,0.476389080286026,1.0
3433,0.647279065874323,89.14768054003376,40.75379140407989,100.0,0.010000000707805157,0.43781158328056335,1.0
3434,0.5476324493362725,76.11469612288299,40.50482563380774,100.0,0.010000000707805157,0.453558087348938,1.0
3435,0.5678098118651932,74.38998484506881,40.531250325833255,100.0,0.010000000707805157,0.28087908029556274,1.0
3436,0.6568165689032656,95.51744159326125,41.36026538452704,100.0,0.010000000707805157,0.28644540905952454,1.0
3437,0.7244792485809823,94.58415763347108,40.320352835262696,100.0,0.010000000707805157,0.5717839002609253,1.0
3438,0.5673843143430255,74.46367780508477,40.52702547114698,100.0,0.010000000707805157,0.28004106879234314,1.0
3439,0.6469563415719263,89.14658049076455,40.7499276052687,100.0,0.010000000707805157,0.43634361028671265,1.0
3440,0.46401496608575304,67.51735190632814,41.340997400725854,100.0,0.010000000707805157,0.14515580236911774,1.0
3441,0.5670779790804834,74.4870031335709,40.523068376406826,100.0,0.010000000707805157,0.27942711114883423,1.0
3442,0.5483405282583961,75.74375945372061,40.5003526877605,100.0,0.010000000707805157,0.4527212977409363,1.0
3443,0.6553292381094473,95.70579185720584,41.33929675769553,100.0,0.010000000707805157,0.28433459997177124,1.0
3444,0.4631990455492773,67.56979026714802,41.32717767080991,100.0,0.010000000707805157,0.14446240663528442,1.0
3445,0.024640108130990383,0.6730399056351799,31.38509256151993,100.0,0.010000000707805157,0.0055058421567082405,1.0
3446,0.5579484545889325,83.25730201133928,41.30523495093414,100.0,0.010000000707805157,0.30051693320274353,1.0
3447,0.4626395802813089,67.55907837031926,41.3183923284818,100.0,0.010000000707805157,0.14405471086502075,1.0
3448,0.32813410681488486,31.072364936631267,37.255901789627984,100.0,0.010000000707805157,0.13984523713588715,1.0
3449,0.4624530115067554,67.56229064168132,41.314399312935976,100.0,0.010000000707805157,0.14387370645999908,1.0
3450,0.3126476300895392,48.335291337018475,41.24856979024828,100.0,0.010000000707805157,0.1615137904882431,1.0
3451,0.4621796446298538,67.54423820037073,41.3098206156085,100.0,0.010000000707805157,0.14366775751113892,1.0
3452,0.4414646175730306,68.41236092538453,41.26053478107003,100.0,0.010000000707805157,0.31756383180618286,1.0
3453,0.312679905114959,48.33053422462585,41.26049507292589,100.0,0.010000000707805157,0.16120870411396027,1.0
3454,0.4413941103183752,68.4896181126296,41.27782056696005,100.0,0.010000000707805157,0.31699392199516296,1.0
3455,0.6542626053072071,80.55211809846095,39.97536359897525,100.0,0.010000000707805157,0.4127762019634247,1.0
3456,0.45283543895848904,57.46853402651105,39.98110310834022,100.0,0.010000000707805157,0.2953822612762451,1.0
3457,0.5664347805227375,74.32596787086035,40.509160348897474,100.0,0.010000000707805157,0.27774524688720703,1.0
3458,0.32850889185504617,30.96449281356832,37.26641494957678,100.0,0.010000000707805157,0.13952548801898956,1.0
3459,0.024014275347728237,0.6495740251216522,31.34554985712407,100.0,0.010000000707805157,0.005365003831684589,1.0
3460,0.46386052079462714,43.85851884714273,37.27849505501685,100.0,0.010000000707805157,0.273570716381073,1.0
3461,0.5665326325463691,74.36013954901078,40.50936800104936,100.0,0.010000000707805157,0.27727633714675903,1.0
3462,0.0239464050629988,0.647205126324673,31.33967430728465,100.0,0.010000000707805157,0.005348927807062864,1.0
3463,0.5664622096336003,74.35269066597257,40.507513804400446,100.0,0.010000000707805157,0.2770264148712158,1.0
3464,0.023856705773494784,0.6440525279732349,31.333421955163242,100.0,0.010000000707805157,0.005328063853085041,1.0
3465,0.3287141886597697,30.98201190935989,37.28655125643432,100.0,0.010000000707805157,0.13905102014541626,1.0
3466,0.02381233797589249,0.6425347102232715,31.330734558226816,100.0,0.010000000707805157,0.005317543167620897,1.0
3467,0.6467917588379307,88.67267169580812,40.7320138977072,100.0,0.010000000707805157,0.43263137340545654,1.0
3468,0.3287920103524629,30.977826308628472,37.29371230839465,100.0,0.010000000707805157,0.1388833224773407,1.0
3469,0.6527733878427757,95.65429521805162,41.29439745734958,100.0,0.010000000707805157,0.28051891922950745,1.0
3470,0.3290173051666555,30.931244878306224,37.29277984829947,100.0,0.010000000707805157,0.13880287110805511,1.0
3471,0.7249542179633796,93.99679556549738,40.308836379395785,100.0,0.010000000707805157,0.565650463104248,1.0
3472,0.4614054857680327,67.55651527512309,41.28006284337321,100.0,0.010000000707805157,0.1423361748456955,1.0
3473,0.3132925385495289,47.92400630104507,41.25998864202483,100.0,0.010000000707805157,0.16087181866168976,1.0
3474,0.6465042319174564,88.59398280702028,40.72480646287435,100.0,0.010000000707805157,0.4313644766807556,1.0
3475,0.4609650236572824,67.55243616140764,41.272073482519666,100.0,0.010000000707805157,0.14198198914527893,1.0
3476,0.7248394058088812,93.90573254334488,40.30621542966326,100.0,0.010000000707805157,0.5645122528076172,1.0
3477,0.6539337827162246,80.65030813700191,39.9759489839927,100.0,0.010000000707805157,0.4082387685775757,1.0
3478,0.856101406052122,127.16703480590256,41.274795902993255,100.0,0.010000000707805157,0.5707982778549194,1.0
3479,0.6496100932359085,95.89135515999311,41.25371322878646,100.0,0.010000000707805157,0.2770257294178009,1.0
3480,0.4590291463847295,67.69011331135202,41.24062459531883,100.0,0.010000000707805157,0.14060425758361816,1.0
3481,0.45870026188241875,67.69287129825254,41.23567088878423,100.0,0.010000000707805157,0.1404011845588684,1.0
3482,0.4583695971884029,67.69548988512888,41.230684720980854,100.0,0.010000000707805157,0.140198215842247,1.0
3483,0.6452673089898442,88.3659646497895,40.69322684407286,100.0,0.010000000707805157,0.4289917051792145,1.0
3484,0.5547581222819801,82.78173612190729,41.231752349891025,100.0,0.010000000707805157,0.2953903079032898,1.0
3485,0.455164926791789,56.500303525047755,39.95562167030188,100.0,0.010000000707805157,0.2935982346534729,1.0
3486,0.5639844809545991,74.370419912628,40.46797204813156,100.0,0.010000000707805157,0.2728823125362396,1.0
3487,0.4575122719223164,67.71998225278308,41.21462078803187,100.0,0.010000000707805157,0.13953319191932678,1.0
3488,0.02247462819861487,0.5943740669213258,31.23173136431473,100.0,0.010000000707805157,0.0050134193152189255,1.0
3489,0.5637154592015291,74.34465478858101,40.46238312097182,100.0,0.010000000707805157,0.2724553346633911,1.0
3490,0.5541513084538059,82.6907564369839,41.218175540854105,100.0,0.010000000707805157,0.29459306597709656,1.0
3491,0.5624057729233107,64.14208297763278,39.3039136967862,100.0,0.010000000707805157,0.4264536499977112,1.0
3492,0.5541110091754732,82.70523634652245,41.219907989765865,100.0,0.010000000707805157,0.29433220624923706,1.0
3493,0.6446656004933207,88.24027655685798,40.68433226256823,100.0,0.010000000707805157,0.4271301031112671,1.0
3494,0.4669715091353327,43.22315268928235,37.31371470210088,100.0,0.010000000707805157,0.2706284523010254,1.0
3495,0.7092471725766045,106.73627117400999,41.24823404118877,100.0,0.010000000707805157,0.6047924757003784,1.0
3496,0.4564404435434122,67.73355034072773,41.19178793411163,100.0,0.010000000707805157,0.13860100507736206,1.0
3497,0.5534819167327875,82.68628936568511,41.214760235362625,100.0,0.010000000707805157,0.29330962896347046,1.0
3498,0.5628021284693759,74.3220696829629,40.448252811498016,100.0,0.010000000707805157,0.2710718512535095,1.0
3499,0.4555525038436668,67.74382444832334,41.177404242056426,100.0,0.010000000707805157,0.13804329931735992,1.0
3500,0.5624714833529676,74.31744387854825,40.44251300823955,100.0,0.010000000707805157,0.2706529498100281,1.0
3501,0.6439327259334835,88.11981834010044,40.672147514210415,100.0,0.010000000707805157,0.4254079759120941,1.0
3502,0.4676862885480184,43.041513630841216,37.31934248801925,100.0,0.010000000707805157,0.27006062865257263,1.0
3503,0.5527583933202666,82.6241719889902,41.19850608891652,100.0,0.010000000707805157,0.2924520969390869,1.0
3504,0.5525227531635151,82.60582269294775,41.19569440207762,100.0,0.010000000707805157,0.29217711091041565,1.0
3505,0.722269410881093,100.82613024972675,40.7617641766175,100.0,0.010000000707805157,0.40244707465171814,1.0
3506,0.5539033779285885,73.1967562572017,40.49505903300915,100.0,0.010000000707805157,0.44672664999961853,1.0
3507,0.5537203519266315,73.28499497392869,40.50833016728741,100.0,0.010000000707805157,0.44631877541542053,1.0
3508,0.5520919165445862,82.61713401254529,41.195502128848325,100.0,0.010000000707805157,0.29134947061538696,1.0
3509,0.5518552698762875,82.59743286616336,41.19258933792206,100.0,0.010000000707805157,0.2910779118537903,1.0
3510,0.7137880349794388,107.07678941675071,41.17439876768584,100.0,0.010000000707805157,0.4229511618614197,1.0
3511,0.551120589110846,82.54756023758947,41.18190151782511,100.0,0.010000000707805157,0.2903561592102051,1.0
3512,0.021220243944956065,0.548403263109289,31.136628650090618,100.0,0.010000000707805157,0.0047338176518678665,1.0
3513,0.3148769296627419,46.915072472119554,41.27834982770891,100.0,0.010000000707805157,0.15865100920200348,1.0
3514,0.4687795186725157,42.67176066294527,37.31481166218132,100.0,0.010000000707805157,0.26980385184288025,1.0
3515,0.021184660460356063,0.5471399954950795,31.13412129695378,100.0,0.010000000707805157,0.004725711885839701,1.0
3516,0.5609404884476424,74.20026579762289,40.415708110280626,100.0,0.010000000707805157,0.26845160126686096,1.0
3517,0.6428070398556959,87.90597563316675,40.660562254636105,100.0,0.010000000707805157,0.4223586320877075,1.0
3518,0.3319451257391248,30.166827684441888,37.324882073138085,100.0,0.010000000707805157,0.13687151670455933,1.0
3519,0.7125032941999632,106.96301272426386,41.15634608044529,100.0,0.010000000707805157,0.4211195707321167,1.0
3520,0.45726473228612646,55.704242565324705,39.99864741497112,100.0,0.010000000707805157,0.29068517684936523,1.0
3521,0.5603288286195796,74.20129315475842,40.40571383515071,100.0,0.010000000707805157,0.26756125688552856,1.0
3522,0.6337076448695689,94.93825952192805,41.20378405107769,100.0,0.010000000707805157,0.44314655661582947,1.0
3523,0.7111691339072643,106.92533697242426,41.14292458922922,100.0,0.010000000707805157,0.4194963574409485,1.0
3524,0.020702895034820177,0.5299926074985758,31.096105920114265,100.0,0.010000000707805157,0.004617556929588318,1.0
3525,0.4576667505278839,55.56804437447192,40.00665931349159,100.0,0.010000000707805157,0.2903028428554535,1.0
3526,0.6419633579417664,87.76281748627729,40.65038437484224,100.0,0.010000000707805157,0.4204865097999573,1.0
3527,0.5494733513726797,82.36094826795379,41.15789266510999,100.0,0.010000000707805157,0.2880232036113739,1.0
3528,0.33256512644513525,29.975587445468157,37.3257923395987,100.0,0.010000000707805157,0.13660579919815063,1.0
3529,0.6363631845707515,95.93205141007984,41.081578758054484,100.0,0.010000000707805157,0.2643356919288635,1.0
3530,0.47000738418199717,42.395589600494034,37.332347497034874,100.0,0.010000000707805157,0.26856669783592224,1.0
3531,0.3326351066878614,29.995789885063733,37.33766321583581,100.0,0.010000000707805157,0.13632863759994507,1.0
3532,0.4697216861761805,42.52062802415279,37.35059551368475,100.0,0.010000000707805157,0.2679689824581146,1.0
3533,0.45006384063798544,67.73076731957333,41.07130113402064,100.0,0.010000000707805157,0.13411404192447662,1.0
3534,0.45792705113785875,55.44569764569297,40.01060965739138,100.0,0.010000000707805157,0.28953051567077637,1.0
3535,0.4455010557540713,65.96693675997865,41.31191767304952,100.0,0.010000000707805157,0.31132766604423523,1.0
3536,0.020379012051196826,0.518287235144443,31.068377716085543,100.0,0.010000000707805157,0.004544888623058796,1.0
3537,0.46974279627124543,42.52892314140993,37.36274293315235,100.0,0.010000000707805157,0.2675393521785736,1.0
3538,0.45774669383820066,55.52446035055995,40.029112696563224,100.0,0.010000000707805157,0.2890607416629791,1.0
3539,0.6330666638536786,94.75034638608562,41.20338585669747,100.0,0.010000000707805157,0.44065648317337036,1.0
3540,0.4577390281252571,55.54337246794938,40.042953818557315,100.0,0.010000000707805157,0.2887774109840393,1.0
3541,0.5591574665319623,74.1130781052816,40.38322816668211,100.0,0.010000000707805157,0.26517024636268616,1.0
3542,0.31540790159815174,46.61118312649842,41.332963121658906,100.0,0.010000000707805157,0.15737101435661316,1.0
3543,0.33249564064082865,30.061087797907703,37.37688384898895,100.0,0.010000000707805157,0.13563072681427002,1.0
3544,0.7173476156787554,100.56893768639115,40.690671153583565,100.0,0.010000000707805157,0.3944000005722046,1.0
3545,0.020129098210595334,0.5091715304725066,31.04631805096382,100.0,0.010000000707805157,0.00448902091011405,1.0
3546,0.02010148594826829,0.5083242107598692,31.044824728090315,100.0,0.010000000707805157,0.004482570569962263,1.0
3547,0.6413828264137604,87.57577964051742,40.64233484124755,100.0,0.010000000707805157,0.4175068140029907,1.0
3548,0.02002845502453291,0.5057682983158778,31.039047887168987,100.0,0.010000000707805157,0.004466176964342594,1.0
3549,0.5485501034688903,82.13340248672603,41.140185449542045,100.0,0.010000000707805157,0.2860792279243469,1.0
3550,0.45839178948032816,55.32382866410749,40.047102711099726,100.0,0.010000000707805157,0.2881840467453003,1.0
3551,0.33293846686653333,29.977824813195188,37.38453765201375,100.0,0.010000000707805157,0.1353399157524109,1.0
3552,0.44585796228533364,65.82733722877585,41.35150748693112,100.0,0.010000000707805157,0.3098241090774536,1.0
3553,0.33289857438427517,29.98035704827207,37.38897776099948,100.0,0.010000000707805157,0.13528093695640564,1.0
3554,0.548599043224122,82.11633542833194,41.14560820286156,100.0,0.010000000707805157,0.28566646575927734,1.0
3555,0.01982536373276801,0.49840073217581665,31.02410962235218,100.0,0.010000000707805157,0.004421490244567394,1.0
3556,0.5584616974101515,73.93644118798876,40.36550758667222,100.0,0.010000000707805157,0.26376864314079285,1.0
3557,0.458547975526228,55.29278643956655,40.06312523651749,100.0,0.010000000707805157,0.28761276602745056,1.0
3558,0.6389845008501298,86.24856626333101,40.83146763774943,100.0,0.010000000707805157,0.5927692651748657,1.0
3559,0.6343559648335568,95.67104877254822,41.03686213258696,100.0,0.010000000707805157,0.2613593339920044,1.0
3560,0.3331817376317105,29.907256551220307,37.39714499958203,100.0,0.010000000707805157,0.13502536714076996,1.0
3561,0.33314886514021597,29.93114703687329,37.40285513048198,100.0,0.010000000707805157,0.13492947816848755,1.0
3562,0.01962884541217074,0.49134677166148283,31.006904094648103,100.0,0.010000000707805157,0.004377629142254591,1.0
3563,0.31586432704480266,46.403006131989535,41.36803256186537,100.0,0.010000000707805157,0.1564807891845703,1.0
3564,0.019576171016731626,0.489532264780669,31.003981855003662,100.0,0.010000000707805157,0.00436590937897563,1.0
3565,0.5761703390883868,51.96278842844279,37.41889535321395,100.0,0.010000000707805157,0.3960537314414978,1.0
3566,0.632390632604277,94.40475020726115,41.206561020292895,100.0,0.010000000707805157,0.4371001124382019,1.0
3567,0.5480358426284012,81.99283490256752,41.14050383662767,100.0,0.010000000707805157,0.2843582332134247,1.0
3568,0.5579210782037753,73.84968291058297,40.35367587539381,100.0,0.010000000707805157,0.26252615451812744,1.0
3569,0.640710145583451,87.33114210139996,40.63984699156502,100.0,0.010000000707805157,0.4143662452697754,1.0
3570,0.33337750797992355,29.904939268152287,37.422305572789476,100.0,0.010000000707805157,0.13448424637317657,1.0
3571,0.3160113129694228,46.33445997946974,41.385751075088216,100.0,0.010000000707805157,0.15610715746879578,1.0
3572,0.31600604659938225,46.35117540148073,41.39149485361479,100.0,0.010000000707805157,0.15601003170013428,1.0
3573,0.6317844540439932,94.30390064243615,41.206366933458575,100.0,0.010000000707805157,0.43548309803009033,1.0
3574,0.5574771865304253,73.76343537557322,40.34474246698933,100.0,0.010000000707805157,0.2619096040725708,1.0
3575,0.5470343526318187,81.87846882328223,41.12848465055232,100.0,0.010000000707805157,0.283063143491745,1.0
3576,0.4464468845682656,67.36875252565729,40.98856149977158,100.0,0.010000000707805157,0.13125605881214142,1.0
3577,0.33388783284194035,29.753119027539153,37.417258297026386,100.0,0.010000000707805157,0.1344226896762848,1.0
3578,0.5673589828583974,62.69932763350358,39.45447257800938,100.0,0.010000000707805157,0.4160726070404053,1.0
3579,0.3336723343478012,29.83755713661554,37.435008935663696,100.0,0.010000000707805157,0.1341523826122284,1.0
3580,0.33364076966603823,29.86162575550268,37.440684589289496,100.0,0.010000000707805157,0.1340574026107788,1.0
3581,0.6313121057880421,95.46401175669392,40.989139929832426,100.0,0.010000000707805157,0.2582978904247284,1.0
3582,0.5463480662483859,81.76055428496304,41.11290235924744,100.0,0.010000000707805157,0.28233107924461365,1.0
3583,0.3340158693941025,29.77141022198445,37.43621683279263,100.0,0.010000000707805157,0.1340080201625824,1.0
3584,0.45961050079214044,54.98220126683448,40.1116088193692,100.0,0.010000000707805157,0.2853396236896515,1.0
3585,0.5565522991780208,73.70874709380871,40.32654738207946,100.0,0.010000000707805157,0.26037150621414185,1.0
3586,0.018848795356707596,0.4642596907803874,30.939941620863447,100.0,0.010000000707805157,0.00420251814648509,1.0
3587,0.4597092421586379,54.951253587028376,40.114142486548566,100.0,0.010000000707805157,0.28512609004974365,1.0
3588,0.4469624185214948,65.35662600370098,41.42170987087736,100.0,0.010000000707805157,0.30676159262657166,1.0
3589,0.7126147014746025,100.00194138804954,40.616823343707146,100.0,0.010000000707805157,0.38672128319740295,1.0
3590,0.018709445764874433,0.45943513085234866,30.928621186212748,100.0,0.010000000707805157,0.004171670880168676,1.0
3591,0.45988836211184675,54.904781156487104,40.124092707030506,100.0,0.010000000707805157,0.2847804129123688,1.0
3592,0.5457733955475842,81.64987668494028,41.106834864577806,100.0,0.010000000707805157,0.2812778353691101,1.0
3593,0.3165756292457188,46.076053858603274,41.42301816157444,100.0,0.010000000707805157,0.15504321455955505,1.0
3594,0.5559422472009773,73.56960112738268,40.31320836996166,100.0,0.010000000707805157,0.25951558351516724,1.0
3595,0.460070283366376,54.85943859725798,40.13408657558756,100.0,0.010000000707805157,0.2844393253326416,1.0
3596,0.3166049365799127,46.07363815222615,41.43225727344905,100.0,0.010000000707805157,0.1548880785703659,1.0
3597,0.46001948925893404,54.89935174616421,40.145522247478745,100.0,0.010000000707805157,0.2842171788215637,1.0
3598,0.5455083512005194,81.60211585680733,41.108385854289175,100.0,0.010000000707805157,0.2805858254432678,1.0
3599,0.7130523568956002,98.57862008049605,40.81111998130995,100.0,0.010000000707805157,0.5607197284698486,1.0
3600,0.018401051354096847,0.4483565740131861,30.903157337155918,100.0,0.010000000707805157,0.004104520659893751,1.0
3601,0.6480452600290951,79.33996755431936,39.869747036394116,100.0,0.010000000707805157,0.38827985525131226,1.0
3602,0.316701252869154,46.06175698256875,41.453327053010874,100.0,0.010000000707805157,0.15449082851409912,1.0
3603,0.46019225757033205,54.871949240779664,40.164582798401234,100.0,0.010000000707805157,0.28359830379486084,1.0
3604,0.3344139154873465,29.69980651074557,37.47767325275348,100.0,0.010000000707805157,0.1331178992986679,1.0
3605,0.5682700203030854,62.54185681234929,39.51560809227242,100.0,0.010000000707805157,0.4124734103679657,1.0
3606,0.7031499009018314,105.90716574113578,41.043345971090694,100.0,0.010000000707805157,0.4055185616016388,1.0
3607,0.5551367154412035,73.4768383931151,40.297719893728306,100.0,0.010000000707805157,0.25800061225891113,1.0
3608,0.018192290931586218,0.441152285601927,30.88196435859994,100.0,0.010000000707805157,0.004057501908391714,1.0
3609,0.31684246681097855,46.00408585990946,41.46759581686032,100.0,0.010000000707805157,0.15419575572013855,1.0
3610,0.4431365576160403,67.08839466304019,40.916514564215525,100.0,0.010000000707805157,0.1288832128047943,1.0
3611,0.6475524997657388,79.25204597485047,39.86022214265146,100.0,0.010000000707805157,0.3865501284599304,1.0
3612,0.7659126816007064,116.67056919113821,40.91008736383412,100.0,0.010000000707805157,0.37809616327285767,1.0
3613,0.44805780083403374,64.87705395755818,41.46386782006746,100.0,0.010000000707805157,0.3043946325778961,1.0
3614,0.33514683031200077,29.549383821404735,37.48504014613172,100.0,0.010000000707805157,0.13271167874336243,1.0
3615,0.5590594910909836,71.45568471901466,40.70419290811888,100.0,0.010000000707805157,0.4328675866127014,1.0
3616,0.7081068406231978,99.5919107722191,40.55521402537488,100.0,0.010000000707805157,0.3809959292411804,1.0
3617,0.5427610038395786,81.28371840993798,41.06810093856235,100.0,0.010000000707805157,0.2776055335998535,1.0
3618,0.4612005524967868,54.53451304922903,40.17943365000061,100.0,0.010000000707805157,0.28233253955841064,1.0
3619,0.3172194766397452,45.81152995999111,41.480717406736176,100.0,0.010000000707805157,0.153610497713089,1.0
3620,0.44810488989551406,64.94071276049043,41.49761943732604,100.0,0.010000000707805157,0.3032422661781311,1.0
3621,0.6987015766618025,105.54006202987648,40.99626064364891,100.0,0.010000000707805157,0.40088748931884766,1.0
3622,0.5801064273891746,51.12941762804519,37.5014002035708,100.0,0.010000000707805157,0.389911413192749,1.0
3623,0.6372171270450043,86.53702904651402,40.60131954709477,100.0,0.010000000707805157,0.40520042181015015,1.0
3624,0.3353123462012275,29.519474827387455,37.50982045116386,100.0,0.010000000707805157,0.13216452300548553,1.0
3625,0.33528363701475006,29.543953565377038,37.515447601113536,100.0,0.010000000707805157,0.13207095861434937,1.0
3626,0.3173000061601827,45.80235461350054,41.50335341175951,100.0,0.010000000707805157,0.15325094759464264,1.0
3627,0.5528847836690259,73.22647314550682,40.2556881650432,100.0,0.010000000707805157,0.2552446722984314,1.0
3628,0.6976428823063765,105.4545018403481,40.98127768554444,100.0,0.010000000707805157,0.3995990753173828,1.0
3629,0.4387401420590674,66.88885217708226,40.84040423286054,100.0,0.010000000707805157,0.12648804485797882,1.0
3630,0.017338916382787346,0.4127134062552977,30.804768424471536,100.0,0.010000000707805157,0.003866140730679035,1.0
3631,0.46184916813167703,54.35466136232676,40.20141208221487,100.0,0.010000000707805157,0.28124409914016724,1.0
3632,0.6365328970642509,86.33495962034849,40.58697488226458,100.0,0.010000000707805157,0.4037793278694153,1.0
3633,0.4380906108465002,66.8382940607672,40.82886366608172,100.0,0.010000000707805157,0.12613296508789062,1.0
3634,0.6361687202376073,86.25737150934357,40.57944375659184,100.0,0.010000000707805157,0.403308242559433,1.0
3635,0.6359869365883143,86.24040095123597,40.577503463332526,100.0,0.010000000707805157,0.40301644802093506,1.0
3636,0.694514228361868,105.20746239002615,40.9466518051185,100.0,0.010000000707805157,0.39676201343536377,1.0
3637,0.5712531936915319,61.700331550013004,39.55321651638874,100.0,0.010000000707805157,0.40873420238494873,1.0
3638,0.43635181155093494,66.77522159743357,40.80054736810486,100.0,0.010000000707805157,0.12526841461658478,1.0
3639,0.33628677192675444,29.324126270039407,37.52362975840578,100.0,0.010000000707805157,0.13155223429203033,1.0
3640,0.5503239609232524,72.9912427604113,40.20978478374014,100.0,0.010000000707805157,0.2528570592403412,1.0
3641,0.7013913134928441,103.65467987057842,41.22154608470403,100.0,0.010000000707805157,0.5723022222518921,1.0
3642,0.3363859584405433,29.293919627911798,37.52786749149356,100.0,0.010000000707805157,0.1314328908920288,1.0
3643,0.4624758436181161,54.16080797741964,40.22454662692247,100.0,0.010000000707805157,0.28000593185424805,1.0
3644,0.6254593827014828,92.94241198067,41.15009854934006,100.0,0.010000000707805157,0.4222281575202942,1.0
3645,0.5386668280179625,80.82178588445815,41.01954225962457,100.0,0.010000000707805157,0.2730650305747986,1.0
3646,0.336517583285831,29.246047177996683,37.5309857676722,100.0,0.010000000707805157,0.13133111596107483,1.0
3647,0.5384331895195072,80.78199769658042,41.01597525324526,100.0,0.010000000707805157,0.2728210389614105,1.0
3648,0.3366210076643337,29.226210223912727,37.53286055077373,100.0,0.010000000707805157,0.13126377761363983,1.0
3649,0.7000817917232991,98.92751993382873,40.45393863378448,100.0,0.010000000707805157,0.3725826144218445,1.0
3650,0.537595915281314,80.67801104723704,41.000594149074786,100.0,0.010000000707805157,0.2722321152687073,1.0
3651,0.6986226038511786,98.84336422055509,40.437237302358604,100.0,0.010000000707805157,0.37145134806632996,1.0
3652,0.5478967108111235,72.72350454342572,40.16666496233878,100.0,0.010000000707805157,0.2507670819759369,1.0
3653,0.6105168058420992,94.29499272236126,40.73023665306527,100.0,0.010000000707805157,0.24274617433547974,1.0
3654,0.5730587029886891,61.182609502978536,39.564397959253874,100.0,0.010000000707805157,0.40676257014274597,1.0
3655,0.45006292212035887,63.96073021578463,41.534508474285545,100.0,0.010000000707805157,0.3000756502151489,1.0
3656,0.33723744639743897,29.11471143187562,37.54248075165133,100.0,0.010000000707805157,0.13083308935165405,1.0
3657,0.5472578800929576,72.67256757096312,40.155589921225186,100.0,0.010000000707805157,0.2500123679637909,1.0
3658,0.33727810231534905,29.13792345830855,37.55106430386043,100.0,0.010000000707805157,0.1306544691324234,1.0
3659,0.6875059122867682,104.62770921659643,40.86906025600075,100.0,0.010000000707805157,0.3901444673538208,1.0
3660,0.6323884708194536,85.59216430097517,40.51957526074064,100.0,0.010000000707805157,0.39751219749450684,1.0
3661,0.45030393206776076,63.84660838221888,41.54511870269119,100.0,0.010000000707805157,0.2994639277458191,1.0
3662,0.6076223560953995,94.10044193427748,40.6959357306309,100.0,0.010000000707805157,0.24077832698822021,1.0
3663,0.31884553666972526,45.0141095055557,41.537873152000465,100.0,0.010000000707805157,0.15125420689582825,1.0
3664,0.4641632905260481,53.61539564176848,40.24641603099707,100.0,0.010000000707805157,0.2782820463180542,1.0
3665,0.31880451894862905,45.06530917314457,41.550934957515416,100.0,0.010000000707805157,0.1510869264602661,1.0
3666,0.4290148213444953,66.3245577757728,40.681203586164706,100.0,0.010000000707805157,0.12172093987464905,1.0
3667,0.7548822208484882,113.85632280527008,40.95765760312876,100.0,0.010000000707805157,0.5352505445480347,1.0
3668,0.015825419758777968,0.36342208622304395,30.659886087713264,100.0,0.010000000707805157,0.0035277067217975855,1.0
3669,0.4778152835822648,40.87496352182343,37.54441518636961,100.0,0.010000000707805157,0.2577318549156189,1.0
3670,0.6047458811470647,93.87873607366994,40.66375532766379,100.0,0.010000000707805157,0.23897871375083923,1.0
3671,0.5327168478824121,80.0950238919621,40.929104757043966,100.0,0.010000000707805157,0.2682194709777832,1.0
3672,0.42628994448741286,66.17806337650917,40.640478605287676,100.0,0.010000000707805157,0.12056473642587662,1.0
3673,0.31931186720598714,44.81211778374864,41.545133498914815,100.0,0.010000000707805157,0.15071366727352142,1.0
3674,0.6202037231060968,91.88297596326468,41.076863328296525,100.0,0.010000000707805157,0.41508060693740845,1.0
3675,0.5316821421444232,79.9757751902955,40.91838119710789,100.0,0.010000000707805157,0.2672768235206604,1.0
3676,0.6399165271112089,77.67068104277024,39.70442060050077,100.0,0.010000000707805157,0.3744192123413086,1.0
3677,0.7509103991987436,113.39611467644585,40.91789318160423,100.0,0.010000000707805157,0.5309459567070007,1.0
3678,0.7499009800178319,113.31160137107511,40.90981732186001,100.0,0.010000000707805157,0.5298576354980469,1.0
3679,0.33921698954911444,28.549820692478665,37.524376181406424,100.0,0.010000000707805157,0.1304590106010437,1.0
3680,0.5976672674372794,93.4630262813351,40.589855750588875,100.0,0.010000000707805157,0.23492088913917542,1.0
3681,0.3394521195368453,28.509255099166833,37.52411028252625,100.0,0.010000000707805157,0.13038156926631927,1.0
3682,0.5647453079666528,69.4824374496813,40.798390314351174,100.0,0.010000000707805157,0.42388179898262024,1.0
3683,0.5292500287622969,79.73968473440539,40.8874785630182,100.0,0.010000000707805157,0.2653409540653229,1.0
3684,0.33941062937406496,28.513531312083032,37.53138583591107,100.0,0.010000000707805157,0.1302475780248642,1.0
3685,0.6762997332469952,103.64605300081128,40.75886654560991,100.0,0.010000000707805157,0.3805946111679077,1.0
3686,0.6750961180258481,103.55326095781659,40.74645262895229,100.0,0.010000000707805157,0.379747211933136,1.0
3687,0.33983770739695723,28.398599059981436,37.524485049968796,100.0,0.010000000707805157,0.13021978735923767,1.0
3688,0.6167800014273456,91.34634937669722,41.03775912969992,100.0,0.010000000707805157,0.4107306897640228,1.0
3689,0.014891658000564901,0.33427454392649975,30.568623905958727,100.0,0.010000000707805157,0.003318946808576584,1.0
3690,0.5395386697692559,71.6521327194375,40.01711822632033,100.0,0.010000000707805157,0.24455015361309052,1.0
3691,0.3200906922581979,44.50379366564809,41.57789630509785,100.0,0.010000000707805157,0.14939899742603302,1.0
3692,0.5392897214844707,71.61656587359622,40.01251448688396,100.0,0.010000000707805157,0.24431614577770233,1.0
3693,0.34008554539323327,28.352580702075585,37.530952092949285,100.0,0.010000000707805157,0.13000939786434174,1.0
3694,0.46672547745157805,52.820025539433885,40.28216384043041,100.0,0.010000000707805157,0.27604469656944275,1.0
3695,0.5919221232374178,93.06358649727116,40.52652712754194,100.0,0.010000000707805157,0.2314714640378952,1.0
3696,0.4525123721467511,62.93130389267435,41.590002636262035,100.0,0.010000000707805157,0.29537391662597656,1.0
3697,0.6716256736757292,103.20739061782155,40.71218426866106,100.0,0.010000000707805157,0.376775860786438,1.0
3698,0.46714872288477866,52.694122004769504,40.29081556347838,100.0,0.010000000707805157,0.2757206857204437,1.0
3699,0.6151381799801069,91.0777369773398,41.02509703214171,100.0,0.010000000707805157,0.4082529842853546,1.0
3700,0.6255952091267118,84.24465619216508,40.42338434586718,100.0,0.010000000707805157,0.3887924551963806,1.0
3701,0.5373186129101534,71.37704275290103,39.9791594829895,100.0,0.010000000707805157,0.24286790192127228,1.0
3702,0.5370337597978112,71.36333646981542,39.97433922951742,100.0,0.010000000707805157,0.24261474609375,1.0
3703,0.7113994289091451,88.88025177574453,40.09261227690525,100.0,0.010000000707805157,0.5147014260292053,1.0
3704,0.014415748766220851,0.3194002366284617,30.51584312792993,100.0,0.010000000707805157,0.003212583949789405,1.0
3705,0.6351776640658789,76.83118899792946,39.61359215324156,100.0,0.010000000707805157,0.36847883462905884,1.0
3706,0.014384407745294163,0.3184988398966703,30.51125477015981,100.0,0.010000000707805157,0.003205113345757127,1.0
3707,0.5859973155148808,92.70297501130901,40.46307059204244,100.0,0.010000000707805157,0.22806119918823242,1.0
3708,0.32071900449966134,44.189956048706826,41.59442698736229,100.0,0.010000000707805157,0.1486039012670517,1.0
3709,0.3206980203268001,44.21413667055687,41.60036150151948,100.0,0.010000000707805157,0.14850589632987976,1.0
3710,0.535689119039965,71.21985938924233,39.950399250824255,100.0,0.010000000707805157,0.24140523374080658,1.0
3711,0.3207461660041049,44.1912966797994,41.602858954665145,100.0,0.010000000707805157,0.14842191338539124,1.0
3712,0.3207294409918984,44.215609606322566,41.60877970525213,100.0,0.010000000707805157,0.14832642674446106,1.0
3713,0.6760997398998968,96.79159827120057,40.17285961893032,100.0,0.010000000707805157,0.35325801372528076,1.0
3714,0.6125714295372189,90.57155023116104,40.99003565572353,100.0,0.010000000707805157,0.405224472284317,1.0
3715,0.01406228325429016,0.3086657799051166,30.47920832065863,100.0,0.010000000707805157,0.003133306046947837,1.0
3716,0.32089064252523125,44.15649958303961,41.61519347362904,100.0,0.010000000707805157,0.14804761111736298,1.0
3717,0.4116404545585761,65.16323794096404,40.41953908140661,100.0,0.010000000707805157,0.11440065503120422,1.0
3718,0.41108283634731396,65.12944963123887,40.41163813218418,100.0,0.010000000707805157,0.11419524252414703,1.0
3719,0.7100603097400885,88.31303622050397,40.06124982840069,100.0,0.010000000707805157,0.5117641687393188,1.0
3720,0.4102464978872292,65.09064659640762,40.39919457240948,100.0,0.010000000707805157,0.11385874450206757,1.0
3721,0.4096857023101008,65.05628984075592,40.39126606360813,100.0,0.010000000707805157,0.11365358531475067,1.0
3722,0.3212645558804,43.95806146528096,41.6068587812845,100.0,0.010000000707805157,0.14786726236343384,1.0
3723,0.34190804538389674,27.917864590895086,37.540443778843446,100.0,0.010000000707805157,0.1291457861661911,1.0
3724,0.341860461424029,27.946603178970303,37.54627874368312,100.0,0.010000000707805157,0.129049614071846,1.0
3725,0.013810277251809574,0.3012800842919215,30.452391575345793,100.0,0.010000000707805157,0.003076021559536457,1.0
3726,0.4688548349828308,52.16331864324481,40.31371792144327,100.0,0.010000000707805157,0.2737749218940735,1.0
3727,0.6619868708370134,102.22758588788139,40.61392117895506,100.0,0.010000000707805157,0.36903315782546997,1.0
3728,0.7438040844816471,105.99575524668977,40.36676648718502,100.0,0.010000000707805157,0.4943313002586365,1.0
3729,0.32142564518055755,43.88493125158781,41.61795549647032,100.0,0.010000000707805157,0.14753851294517517,1.0
3730,0.45415923801672636,62.22728287792786,41.634412414718305,100.0,0.010000000707805157,0.29200541973114014,1.0
3731,0.013610943611561064,0.2950644759006345,30.431432974234166,100.0,0.010000000707805157,0.0030324305407702923,1.0
3732,0.3213757983965068,43.96124828008985,41.63574987916991,100.0,0.010000000707805157,0.1472572386264801,1.0
3733,0.6699962695100065,96.07276219622915,40.10121319204009,100.0,0.010000000707805157,0.34872379899024963,1.0
3734,0.4542911933767113,62.2095294983566,41.64489481728651,100.0,0.010000000707805157,0.2914890646934509,1.0
3735,0.6585484804544257,101.89686631148241,40.58558589098346,100.0,0.010000000707805157,0.3662019968032837,1.0
3736,0.6203235044858498,83.14223092089468,40.341437236438715,100.0,0.010000000707805157,0.3821429908275604,1.0
3737,0.46959209833319004,51.97631706309389,40.346760356192036,100.0,0.010000000707805157,0.27274540066719055,1.0
3738,0.5561763185294828,76.40471029107799,41.67630508922048,100.0,0.010000000707805157,0.4347218871116638,1.0
3739,0.4542212244675083,62.3998944077275,41.68518358450768,100.0,0.010000000707805157,0.29012200236320496,1.0
3740,0.3213992277116634,44.095929932705964,41.68717776514454,100.0,0.010000000707805157,0.14629828929901123,1.0
3741,0.4054517023787867,64.58892907308514,40.328331055480575,100.0,0.010000000707805157,0.111894890666008,1.0
3742,0.6084397537380384,89.99261034820167,40.97475344495972,100.0,0.010000000707805157,0.3985978960990906,1.0
3743,0.46957601322606274,52.07932963184751,40.39093388672316,100.0,0.010000000707805157,0.2720414400100708,1.0
3744,0.013231932734843828,0.2830144256089418,30.391275197284294,100.0,0.010000000707805157,0.0029508136212825775,1.0
3745,0.013218895439123081,0.28259357186851314,30.38983189426983,100.0,0.010000000707805157,0.002947788219898939,1.0
3746,0.5299375883884995,70.21180845697086,39.84694096418895,100.0,0.010000000707805157,0.2374662160873413,1.0
3747,0.5712274395619777,91.33412595211048,40.30866037917638,100.0,0.010000000707805157,0.21989750862121582,1.0
3748,0.3217636837285336,43.94807914109337,41.69031250677238,100.0,0.010000000707805157,0.14594261348247528,1.0
3749,0.4546566725384287,62.31743224479244,41.706334299477966,100.0,0.010000000707805157,0.2889370620250702,1.0
3750,0.6074108084489646,89.82238083185544,40.97069529545135,100.0,0.010000000707805157,0.3968891203403473,1.0
3751,0.3430064264456424,27.47319639322503,37.53317966224288,100.0,0.010000000707805157,0.12881609797477722,1.0
3752,0.4699779031343479,51.99600234440289,40.410472829645755,100.0,0.010000000707805157,0.27141422033309937,1.0
3753,0.5690867707857452,68.36982783691604,40.959621427866615,100.0,0.010000000707805157,0.4140359163284302,1.0
3754,0.342749129579254,27.548639942055456,37.549596115647574,100.0,0.010000000707805157,0.12857165932655334,1.0
3755,0.5154730760844349,78.10641727987348,40.74284501718378,100.0,0.010000000707805157,0.25339174270629883,1.0
3756,0.4545061306947501,62.54892623720093,41.75002734315361,100.0,0.010000000707805157,0.2876514196395874,1.0
3757,0.5151034458719121,78.0746129416406,40.7434069591412,100.0,0.010000000707805157,0.2529435157775879,1.0
3758,0.5147187129462814,78.02765951558263,40.738814277305,100.0,0.010000000707805157,0.25266432762145996,1.0
3759,0.6064241010047066,89.79772821040683,40.984046759241814,100.0,0.010000000707805157,0.3946363925933838,1.0
3760,0.5139520076284162,77.9492279050578,40.73246766762325,100.0,0.010000000707805157,0.2520274519920349,1.0
3761,0.01275522141201997,0.26842365031585314,30.339289455337436,100.0,0.010000000707805157,0.002846525749191642,1.0
3762,0.5695308837904638,68.37666908892166,40.999660086497876,100.0,0.010000000707805157,0.4123963713645935,1.0
3763,0.6058784938162001,89.77290536834708,40.9895509870216,100.0,0.010000000707805157,0.3934590220451355,1.0
3764,0.32177872020437054,44.24296017889493,41.78483202628909,100.0,0.010000000707805157,0.1442183554172516,1.0
3765,0.56562069553221,90.62489696280394,40.250943223867175,100.0,0.010000000707805157,0.21679715812206268,1.0
3766,0.6167884678347229,82.50373773201328,40.33396619903567,100.0,0.010000000707805157,0.37680044770240784,1.0
3767,0.6597365948630803,94.60456540785276,39.98520460365789,100.0,0.010000000707805157,0.3416597247123718,1.0
3768,0.6543804815124942,81.4527916503074,41.24881439822231,100.0,0.010000000707805157,0.552977979183197,1.0
3769,0.5253567229023974,69.43438057328325,39.76902907806518,100.0,0.010000000707805157,0.23459632694721222,1.0
3770,0.6157813399013391,82.38974960787324,40.32345236391242,100.0,0.010000000707805157,0.3755883574485779,1.0
3771,0.5609376398285982,90.32569857813398,40.20435624359378,100.0,0.010000000707805157,0.21441411972045898,1.0
3772,0.559294427032006,90.22836359204423,40.18849260441171,100.0,0.010000000707805157,0.21364355087280273,1.0
3773,0.5093127558123889,77.40218218862265,40.67477944922165,100.0,0.010000000707805157,0.24882370233535767,1.0
3774,0.3442789601706089,27.050892115408317,37.52863500383785,100.0,0.010000000707805157,0.12832891941070557,1.0
3775,0.012244761793871099,0.25367331367097246,30.278326925950733,100.0,0.010000000707805157,0.0027323157992213964,1.0
3776,0.3224661629313744,43.89026523666893,41.781719943146186,100.0,0.010000000707805157,0.14361238479614258,1.0
3777,0.012219529412063605,0.2528974461852377,30.27593685744583,100.0,0.010000000707805157,0.002726856619119644,1.0
3778,0.5090238073290735,77.32213152313034,40.672269874498085,100.0,0.010000000707805157,0.24846607446670532,1.0
3779,0.5710447303828625,67.90149254004218,41.025184942733006,100.0,0.010000000707805157,0.4100181758403778,1.0
3780,0.012161301468242387,0.2510970734941898,30.269250334432122,100.0,0.010000000707805157,0.002714395523071289,1.0
3781,0.4556901050882567,62.28179841734375,41.810268417843,100.0,0.010000000707805157,0.28395330905914307,1.0
3782,0.3443330171042628,27.002991689494824,37.53206618885718,100.0,0.010000000707805157,0.12823405861854553,1.0
3783,0.643260083137611,100.24246891058306,40.47084611360532,100.0,0.010000000707805157,0.35288816690444946,1.0
3784,0.522201901746771,68.93174723799169,39.71174411618014,100.0,0.010000000707805157,0.2325841784477234,1.0
3785,0.5218854330012528,68.91113545938195,39.706540767148205,100.0,0.010000000707805157,0.23233085870742798,1.0
3786,0.3916793725642718,63.3147950508996,40.13178822737035,100.0,0.010000000707805157,0.10667292028665543,1.0
3787,0.5529165242016534,89.65539011252032,40.124462804944166,100.0,0.010000000707805157,0.21042460203170776,1.0
3788,0.6242355302740569,73.91195879104417,39.37787676481899,100.0,0.010000000707805157,0.3570605516433716,1.0
3789,0.47234988983392506,51.35169660252438,40.48137622003135,100.0,0.010000000707805157,0.26828306913375854,1.0
3790,0.45629903427063906,61.92878932990432,41.8065450031126,100.0,0.010000000707805157,0.2833816409111023,1.0
3791,0.5966486128372336,46.78674027002102,37.55557867497919,100.0,0.010000000707805157,0.3781996965408325,1.0
3792,0.32273956685443983,43.77592614389394,41.81169651032194,100.0,0.010000000707805157,0.14280591905117035,1.0
3793,0.6502470301273557,93.63376144010445,39.879696188375384,100.0,0.010000000707805157,0.3346361219882965,1.0
3794,0.456252840068681,61.948479621650534,41.82004840622565,100.0,0.010000000707805157,0.2829466760158539,1.0
3795,0.5501055386233917,89.4262070301976,40.09587144558138,100.0,0.010000000707805157,0.2089100480079651,1.0
3796,0.32295489003895306,43.67948922030077,41.81347457310052,100.0,0.010000000707805157,0.14252056181430817,1.0
3797,0.6801096186695041,98.98298092067155,41.09962481885405,100.0,0.010000000707805157,0.5255962610244751,1.0
3798,0.38743367698656395,62.95598561314802,40.072708533453195,100.0,0.010000000707805157,0.10512784868478775,1.0
3799,0.5720820262923476,67.59388961547202,41.06464975540809,100.0,0.010000000707805157,0.4069700241088867,1.0
3800,0.3451117054676058,26.831910039062954,37.551689779151296,100.0,0.010000000707805157,0.12745939195156097,1.0
3801,0.4723706986947737,51.42523620869489,40.52972160188184,100.0,0.010000000707805157,0.26686328649520874,1.0
3802,0.5717653482073041,67.75799704620445,41.08324756279382,100.0,0.010000000707805157,0.40628746151924133,1.0
3803,0.5185330603185957,68.48640895505638,39.65418184337036,100.0,0.010000000707805157,0.22974950075149536,1.0
3804,0.34492414317898207,26.91015977920051,37.571115323775246,100.0,0.010000000707805157,0.12712126970291138,1.0
3805,0.3228357006807055,43.833823132829174,41.85818164827633,100.0,0.010000000707805157,0.1418009102344513,1.0
3806,0.5039074712484903,76.75206641315378,40.63281625078764,100.0,0.010000000707805157,0.24414344131946564,1.0
3807,0.6220670627203376,73.59164851330958,39.34956023160697,100.0,0.010000000707805157,0.3539177179336548,1.0
3808,0.5176499437951831,68.4095206556893,39.640052595476114,100.0,0.010000000707805157,0.22895987331867218,1.0
3809,0.4876390404948662,38.14803418527259,37.59114969739662,100.0,0.010000000707805157,0.2510680854320526,1.0
3810,0.6339000188448303,99.33292821200263,40.38916794099208,100.0,0.010000000707805157,0.3458425998687744,1.0
3811,0.32305372140207067,43.6989479327877,41.85975160539978,100.0,0.010000000707805157,0.14157633483409882,1.0
3812,0.5022652239232142,76.56291060736093,40.609615314042834,100.0,0.010000000707805157,0.24314090609550476,1.0
3813,0.5966538265001902,88.30440307940003,40.913414177007795,100.0,0.010000000707805157,0.3819954991340637,1.0
3814,0.6206638075642891,73.40297482878724,39.32427292618573,100.0,0.010000000707805157,0.35229960083961487,1.0
3815,0.4566525549879915,61.91778613231574,41.881591644025384,100.0,0.010000000707805157,0.2800763249397278,1.0
3816,0.5012145985958768,76.49040178594082,40.60312931560963,100.0,0.010000000707805157,0.24224960803985596,1.0
3817,0.5723126644004055,67.63103906308754,41.11818890804251,100.0,0.010000000707805157,0.4037644565105438,1.0
3818,0.47261092759433176,51.436293854898096,40.580869679801026,100.0,0.010000000707805157,0.2648615837097168,1.0
3819,0.5155140319620557,68.16063352530303,39.60628953003775,100.0,0.010000000707805157,0.22745941579341888,1.0
3820,0.48793446680650987,38.05458429432956,37.606271035229156,100.0,0.010000000707805157,0.2501930594444275,1.0
3821,0.4725006844826513,51.47545934312349,40.584391589131464,100.0,0.010000000707805157,0.2644696831703186,1.0
3822,0.6988468949093136,85.68433498461464,39.96159733757541,100.0,0.010000000707805157,0.4891884922981262,1.0
3823,0.38259020675978633,62.56211229619508,40.00155602836581,100.0,0.010000000707805157,0.10326230525970459,1.0
3824,0.3451465684220465,26.954077085953156,37.62317031801027,100.0,0.010000000707805157,0.12588684260845184,1.0
3825,0.47252167439855314,51.47628422149173,40.589439043842034,100.0,0.010000000707805157,0.2640133500099182,1.0
3826,0.6194799963351476,73.43838552657485,39.3164615681086,100.0,0.010000000707805157,0.3497844934463501,1.0
3827,0.01118579714836761,0.2225148063581962,30.12843579656884,100.0,0.010000000707805157,0.0024984870105981827,1.0
3828,0.38184977854291396,62.516854400465505,39.99007742089675,100.0,0.010000000707805157,0.10297928005456924,1.0
3829,0.6680079125259203,72.95467933837188,40.59995668172853,100.0,0.010000000707805157,0.5253224968910217,1.0
3830,0.34502993194731013,27.058793868965797,37.650200094015595,100.0,0.010000000707805157,0.1253754198551178,1.0
3831,0.49991474008026743,76.39223084640709,40.59715999943824,100.0,0.010000000707805157,0.24094487726688385,1.0
3832,0.4566260316463758,61.99160476436166,41.93216014020675,100.0,0.010000000707805157,0.2783444821834564,1.0
3833,0.38110760548973394,62.42464370037577,39.9789709806526,100.0,0.010000000707805157,0.10268891602754593,1.0
3834,0.38050822430221726,62.38860273015191,39.970756832412526,100.0,0.010000000707805157,0.10250137746334076,1.0
3835,0.5133172858448799,68.00090267176256,39.57195724033427,100.0,0.010000000707805157,0.22529499232769012,1.0
3836,0.37942047892290454,62.332267815151596,39.95570590541627,100.0,0.010000000707805157,0.1021546870470047,1.0
3837,0.697353381473411,85.34189586724736,39.93432144751627,100.0,0.010000000707805157,0.48585957288742065,1.0
3838,0.5123683861738804,67.9384460598512,39.55638773860079,100.0,0.010000000707805157,0.22459152340888977,1.0
3839,0.45711759700908977,61.70766289737469,41.92723191609745,100.0,0.010000000707805157,0.27787578105926514,1.0
3840,0.5120714395230215,67.88983391419515,39.55145134555517,100.0,0.010000000707805157,0.2243843376636505,1.0
3841,0.4731881119119844,51.278846402935784,40.6046024751565,100.0,0.010000000707805157,0.26251912117004395,1.0
3842,0.3455855814385684,26.96832713934187,37.66290981309262,100.0,0.010000000707805157,0.12487063556909561,1.0
3843,0.4730739157968281,51.33002373282677,40.61029802349327,100.0,0.010000000707805157,0.2622833847999573,1.0
3844,0.49727652136924316,76.0840507998087,40.566016744967214,100.0,0.010000000707805157,0.2390652298927307,1.0
3845,0.6050831825435707,80.78033613051758,40.207129624081,100.0,0.010000000707805157,0.3612767159938812,1.0
3846,0.5923790052679792,87.79619049707914,40.896185949618065,100.0,0.010000000707805157,0.37602540850639343,1.0
3847,0.510891974245913,67.74800839353684,39.53263166137448,100.0,0.010000000707805157,0.22344937920570374,1.0
3848,0.6043115036419313,80.66014056707223,40.19709120187391,100.0,0.010000000707805157,0.36044520139694214,1.0
3849,0.5859179905728331,58.002386080064504,39.93122795752219,100.0,0.010000000707805157,0.3838294744491577,1.0
3850,0.5103339062728465,67.73521755389264,39.525268110656455,100.0,0.010000000707805157,0.22285997867584229,1.0
3851,0.5100178012808085,67.71437967339662,39.51991059017021,100.0,0.010000000707805157,0.22261987626552582,1.0
3852,0.010643699543951843,0.20748467311530183,30.047715967268392,100.0,0.010000000707805157,0.0023771501146256924,1.0
3853,0.6206400729894512,98.16018622657141,40.27475338851395,100.0,0.010000000707805157,0.3359067142009735,1.0
3854,0.32373383634223757,43.41740566232668,41.9459420959051,100.0,0.010000000707805157,0.13918021321296692,1.0
3855,0.5090325067391237,67.56020536267665,39.50112962429187,100.0,0.010000000707805157,0.22207176685333252,1.0
3856,0.5989029259866135,46.7617292144335,37.69711194470538,100.0,0.010000000707805157,0.3678491413593292,1.0
3857,0.32371973960796696,43.40214219792002,41.95083662583292,100.0,0.010000000707805157,0.13914059102535248,1.0
3858,0.5277804241493111,87.69066634422562,39.86900749997984,100.0,0.010000000707805157,0.19785629212856293,1.0
3859,0.5081260750421999,67.50305314811088,39.486559133316526,100.0,0.010000000707805157,0.22129473090171814,1.0
3860,0.47397550019513346,51.04177980782169,40.62076369207133,100.0,0.010000000707805157,0.2605733871459961,1.0
3861,0.6943699048386736,84.85350885744555,39.89481392749374,100.0,0.010000000707805157,0.47944527864456177,1.0
3862,0.6019634496874143,80.32095538703817,40.16137349530672,100.0,0.010000000707805157,0.3574827313423157,1.0
3863,0.323881433630106,43.298299329475945,41.956677524207606,100.0,0.010000000707805157,0.13880686461925507,1.0
3864,0.6282878810097426,91.62407825823627,39.640040246665265,100.0,0.010000000707805157,0.3176582455635071,1.0
3865,0.3697964919729716,61.66481791722521,39.8206954265636,100.0,0.010000000707805157,0.09891542047262192,1.0
3866,0.4911780115027151,75.34572325107861,40.48406905067152,100.0,0.010000000707805157,0.23526102304458618,1.0
3867,0.010261083439892914,0.19733958160905798,29.990939719364448,100.0,0.010000000707805157,0.0022905278019607067,1.0
3868,0.010253107595887288,0.19718831113481536,29.99049296311742,100.0,0.010000000707805157,0.002288687275722623,1.0
3869,0.6007619348215049,80.01480574974768,40.137142148610515,100.0,0.010000000707805157,0.356289267539978,1.0
3870,0.010216594332006458,0.19621330874663528,29.985128395942706,100.0,0.010000000707805157,0.002280493499711156,1.0
3871,0.725523483375621,110.38556266174425,39.66705891111414,100.0,0.010000000707805157,0.4123198688030243,1.0
3872,0.4749146684737894,50.71688567690671,40.61851708288853,100.0,0.010000000707805157,0.2596086859703064,1.0
3873,0.5046321913493846,67.08691886336263,39.42551783369113,100.0,0.010000000707805157,0.2189149558544159,1.0
3874,0.6230392171680317,91.12526559053187,39.58049428344922,100.0,0.010000000707805157,0.3143770694732666,1.0
3875,0.4587067791500864,60.77520590671496,41.94754805820327,100.0,0.010000000707805157,0.27476540207862854,1.0
3876,0.5613780015865458,74.70855453558865,41.96701385368214,100.0,0.010000000707805157,0.41068458557128906,1.0
3877,0.4882481430953941,74.98507784753834,40.45094710209841,100.0,0.010000000707805157,0.2332639992237091,1.0
3878,0.45848495635404846,60.99447429772447,41.97482480221789,100.0,0.010000000707805157,0.2736692428588867,1.0
3879,0.5986513352068429,79.66413782929591,40.11494752011706,100.0,0.010000000707805157,0.3539188504219055,1.0
3880,0.5881239795461075,57.44251523719428,39.96026928244272,100.0,0.010000000707805157,0.37954697012901306,1.0
3881,0.3242945598058523,43.131230650895915,41.985372178330366,100.0,0.010000000707805157,0.13756272196769714,1.0
3882,0.4876188671870006,74.95169574170495,40.45511865133301,100.0,0.010000000707805157,0.23249639570713043,1.0
3883,0.5027257749796883,66.75595438666066,39.394162869580356,100.0,0.010000000707805157,0.21774183213710785,1.0
3884,0.5979157488283956,79.56988740113266,40.10906743447268,100.0,0.010000000707805157,0.3528924584388733,1.0
3885,0.3473462035203828,26.703302849515925,37.72036311226212,100.0,0.010000000707805157,0.12276192009449005,1.0
3886,0.36278929613165833,61.04595989212775,39.72515863896115,100.0,0.010000000707805157,0.09664618968963623,1.0
3887,0.4862147597974192,74.74883867833924,40.433720436220504,100.0,0.010000000707805157,0.23170077800750732,1.0
3888,0.5112503351610334,86.35675133937383,39.70945424887458,100.0,0.010000000707805157,0.1905229389667511,1.0
3889,0.5889473562857847,57.21591402041758,39.96286431343527,100.0,0.010000000707805157,0.37849801778793335,1.0
3890,0.6044026755636709,96.5211245467136,40.12707056230926,100.0,0.010000000707805157,0.32511988282203674,1.0
3891,0.34787386530113784,26.592071216858194,37.71876740594656,100.0,0.010000000707805157,0.12255772948265076,1.0
3892,0.3595139159379644,60.80235929424759,39.681285105096386,100.0,0.010000000707805157,0.09564496576786041,1.0
3893,0.3248147649122922,42.837464033613465,41.981199666906335,100.0,0.010000000707805157,0.13702069222927094,1.0
3894,0.4918367766894826,37.64671077044046,37.72580207047175,100.0,0.010000000707805157,0.24288105964660645,1.0
3895,0.47570946443988193,50.532298326929435,40.662374064340874,100.0,0.010000000707805157,0.2571888864040375,1.0
3896,0.35924794525943904,60.76047749302982,39.67714893648531,100.0,0.010000000707805157,0.0955260843038559,1.0
3897,0.711726478001053,108.99098931368292,39.54794819154073,100.0,0.010000000707805157,0.4024946987628937,1.0
3898,0.4761286371138731,50.36981268014422,40.65440699404902,100.0,0.010000000707805157,0.2569677531719208,1.0
3899,0.6938389951358751,99.82054442185628,39.907300468985156,100.0,0.010000000707805157,0.4428423047065735,1.0
3900,0.5944690445022951,78.89047538249514,40.04843998257124,100.0,0.010000000707805157,0.34929579496383667,1.0
3901,0.5808212608112989,85.72548781303297,40.76408172895978,100.0,0.010000000707805157,0.3637663722038269,1.0
3902,0.4923909188600721,37.58221138911907,37.7395747773118,100.0,0.010000000707805157,0.2418666034936905,1.0
3903,0.32497202078761783,42.70870823988206,41.994355010977216,100.0,0.010000000707805157,0.13643589615821838,1.0
3904,0.49728973478757565,66.09673199671329,39.30180510727577,100.0,0.010000000707805157,0.21402479708194733,1.0
3905,0.7026085909909693,93.70737339069457,39.300576754796694,100.0,0.010000000707805157,0.4258483350276947,1.0
3906,0.009341401725484807,0.17326243381737153,29.847160575874707,100.0,0.010000000707805157,0.002084223786368966,1.0
3907,0.4803075000134384,73.96010744844926,40.35433300527987,100.0,0.010000000707805157,0.2281913012266159,1.0
3908,0.6087084165872861,89.55318489869344,39.423774406827484,100.0,0.010000000707805157,0.3049283027648926,1.0
3909,0.3519089029727823,60.21691773273568,39.57952790787639,100.0,0.010000000707805157,0.09329357743263245,1.0
3910,0.34885941865502257,26.496345495710983,37.746731749995554,100.0,0.010000000707805157,0.12146108597517014,1.0
3911,0.49684302115556667,85.25856549579522,39.57268088322979,100.0,0.010000000707805157,0.18433856964111328,1.0
3912,0.32554873831141945,42.33901029652566,41.97364875138587,100.0,0.010000000707805157,0.136239156126976,1.0
3913,0.35019488199813475,60.073990118451974,39.55662273465237,100.0,0.010000000707805157,0.09278315305709839,1.0
3914,0.3255951248172105,42.317227542466405,41.974339131839024,100.0,0.010000000707805157,0.13613200187683105,1.0
3915,0.49358136814313297,37.41063861162685,37.74757702084785,100.0,0.010000000707805157,0.24085097014904022,1.0
3916,0.4940851129917829,65.68292961028301,39.24386871261993,100.0,0.010000000707805157,0.21192148327827454,1.0
3917,0.6044995218991239,70.894210392594,39.023864789860674,100.0,0.010000000707805157,0.33093738555908203,1.0
3918,0.5774412519884046,65.59637384960085,41.197674034555206,100.0,0.010000000707805157,0.3893921375274658,1.0
3919,0.3489850762924917,26.54206294324874,37.768241502908644,100.0,0.010000000707805157,0.12088561803102493,1.0
3920,0.577483818702682,85.0054177010409,40.71867525581792,100.0,0.010000000707805157,0.3605853319168091,1.0
3921,0.4931744241201355,65.59797268898333,39.23155166661597,100.0,0.010000000707805157,0.21112816035747528,1.0
3922,0.47649945743150957,73.42010529306046,40.30337461185173,100.0,0.010000000707805157,0.22592470049858093,1.0
3923,0.4912947056789184,84.76458300771907,39.520484711096174,100.0,0.010000000707805157,0.1819416582584381,1.0
3924,0.5898009980075721,77.9619904623966,39.971043510979456,100.0,0.010000000707805157,0.34425288438796997,1.0
3925,0.4749669947103968,73.20185555393168,40.281385374996496,100.0,0.010000000707805157,0.22507858276367188,1.0
3926,0.49117771209058236,65.29080454223686,39.19435772196438,100.0,0.010000000707805157,0.2100609540939331,1.0
3927,0.4873413586822971,84.45322685541745,39.483860840714954,100.0,0.010000000707805157,0.18033993244171143,1.0
3928,0.34986707559210245,26.335403335671504,37.76044537237645,100.0,0.010000000707805157,0.12063252180814743,1.0
3929,0.6930587270920588,92.43786783188902,39.180968704141655,100.0,0.010000000707805157,0.41725510358810425,1.0
3930,0.4945501759032004,37.373910773752314,37.776854647501125,100.0,0.010000000707805157,0.23882398009300232,1.0
3931,0.5881235798326985,77.64042899716088,39.93843699425816,100.0,0.010000000707805157,0.3425309360027313,1.0
3932,0.5739915414158148,84.24171356156853,40.664511763171426,100.0,0.010000000707805157,0.3575953245162964,1.0
3933,0.48314406585453723,84.1296759390766,39.44502911547285,100.0,0.010000000707805157,0.17858508229255676,1.0
3934,0.47144067499086845,72.68667564250377,40.22874770199337,100.0,0.010000000707805157,0.22320571541786194,1.0
3935,0.5925968599839021,56.159693286332896,39.962745063713186,100.0,0.010000000707805157,0.3717428147792816,1.0
3936,0.3401239931302023,59.2466845163087,39.42443017791077,100.0,0.010000000707805157,0.08973753452301025,1.0
3937,0.47074984931888225,72.59905348591882,40.22215929156268,100.0,0.010000000707805157,0.2227412760257721,1.0
3938,0.5863013051039454,77.26432041722668,39.91269088017825,100.0,0.010000000707805157,0.3407379686832428,1.0
3939,0.478484076628496,49.47976944389208,40.656145634558406,100.0,0.010000000707805157,0.25289225578308105,1.0
3940,0.3385586056217527,59.09603530221126,39.404121965128375,100.0,0.010000000707805157,0.0892699807882309,1.0
3941,0.47853549727960454,49.46347109416168,40.65786152797481,100.0,0.010000000707805157,0.25273367762565613,1.0
3942,0.5857655195755664,77.20631772577792,39.91058408421998,100.0,0.010000000707805157,0.3399924039840698,1.0
3943,0.48637742876662393,64.67535987220795,39.11414403053117,100.0,0.010000000707805157,0.2068551778793335,1.0
3944,0.48606599898622155,64.64446971020422,39.1088901209331,100.0,0.010000000707805157,0.20662376284599304,1.0
3945,0.3262669130905322,41.762390269653544,41.98879180494117,100.0,0.010000000707805157,0.1345408707857132,1.0
3946,0.5850323600710001,77.0676954577214,39.899611101150576,100.0,0.010000000707805157,0.3391651213169098,1.0
3947,0.5789143388262006,64.90075821491529,41.21477252674233,100.0,0.010000000707805157,0.38472020626068115,1.0
3948,0.4854459996178264,64.55438546990071,39.10051873767878,100.0,0.010000000707805157,0.20613835752010345,1.0
3949,0.46801763066529045,72.27169689094907,40.200129186045565,100.0,0.010000000707805157,0.22083225846290588,1.0
3950,0.3351379055307081,58.765796477085175,39.359854772701205,100.0,0.010000000707805157,0.0882318764925003,1.0
3951,0.5790775386784033,64.83907602490642,41.22019505143841,100.0,0.010000000707805157,0.3840634226799011,1.0
3952,0.4785697335699675,49.46394020587038,40.6810697051155,100.0,0.010000000707805157,0.2513794004917145,1.0
3953,0.4608660176043072,59.33608092293412,42.02580752346483,100.0,0.010000000707805157,0.2659391462802887,1.0
3954,0.6760924433799739,70.31495875329182,40.70681379554839,100.0,0.010000000707805157,0.5006365776062012,1.0
3955,0.6804872788880186,81.52848170090425,39.67579832716302,100.0,0.010000000707805157,0.45462822914123535,1.0
3956,0.35008126916297705,26.38408393100671,37.81683143900759,100.0,0.010000000707805157,0.11886055022478104,1.0
3957,0.57824155087183,65.22090689092636,41.258594222394564,100.0,0.010000000707805157,0.38223713636398315,1.0
3958,0.4603271375194653,59.633550319831954,42.06038760882609,100.0,0.010000000707805157,0.2648181617259979,1.0
3959,0.4735221242223926,83.05522467806519,39.3574030615262,100.0,0.010000000707805157,0.17436498403549194,1.0
3960,0.47808813169396247,49.686600475530874,40.720566251532574,100.0,0.010000000707805157,0.2500399947166443,1.0
3961,0.46032764641350965,59.645684935775414,42.067227740507555,100.0,0.010000000707805157,0.26427435874938965,1.0
3962,0.5875688874181105,87.07050884040375,39.199065582125876,100.0,0.010000000707805157,0.2907441258430481,1.0
3963,0.3257201675359105,42.06231923005739,42.06135729003061,100.0,0.010000000707805157,0.13279874622821808,1.0
3964,0.3256798828021508,42.092553957933184,42.06553118737383,100.0,0.010000000707805157,0.13270655274391174,1.0
3965,0.4704687773343848,82.70714722339352,39.329282259524554,100.0,0.010000000707805157,0.17310598492622375,1.0
3966,0.5708538247928798,92.80038891378612,39.84077089339807,100.0,0.010000000707805157,0.3034660220146179,1.0
3967,0.46709199925185135,82.41362221532876,39.29830642507248,100.0,0.010000000707805157,0.17180167138576508,1.0
3968,0.3509131332902721,26.126162372211894,37.804206634238476,100.0,0.010000000707805157,0.1186581701040268,1.0
3969,0.4655280750138302,82.28260474540444,39.283820637603405,100.0,0.010000000707805157,0.17118379473686218,1.0
3970,0.5816634772596132,86.29290346934035,39.13004856227519,100.0,0.010000000707805157,0.2875010669231415,1.0
3971,0.5653554227046363,82.89810159711733,40.61155283569191,100.0,0.010000000707805157,0.3475292921066284,1.0
3972,0.35132701550735285,26.03308614863263,37.800737815253115,100.0,0.010000000707805157,0.11851789802312851,1.0
3973,0.4792716446141751,49.25330265569783,40.71668880575444,100.0,0.010000000707805157,0.2490084022283554,1.0
3974,0.5653494944594296,92.1086360454721,39.78685875889473,100.0,0.010000000707805157,0.300330251455307,1.0
3975,0.6773321804350878,80.46021988439834,39.617717564247755,100.0,0.010000000707805157,0.44938570261001587,1.0
3976,0.3262521275606705,41.69908906545842,42.05146694588065,100.0,0.010000000707805157,0.13199566304683685,1.0
3977,0.3262006796228335,41.7307957432967,42.05562951307548,100.0,0.010000000707805157,0.1319010853767395,1.0
3978,0.007816047895583092,0.13519271027894797,29.582232815317603,100.0,0.010000000707805157,0.0017430271254852414,1.0
3979,0.5640662756734354,82.7839328820508,40.615229938028875,100.0,0.010000000707805157,0.34569817781448364,1.0
3980,0.5932538626509654,68.46940836813465,38.80243583035991,100.0,0.010000000707805157,0.31827202439308167,1.0
3981,0.47929370831285856,49.251179108266214,40.73388055366478,100.0,0.010000000707805157,0.24803808331489563,1.0
3982,0.32609021569444674,41.774755484317105,42.06814297650253,100.0,0.010000000707805157,0.13154909014701843,1.0
3983,0.6888905916452635,73.38478671906488,38.67682151420458,100.0,0.010000000707805157,0.43411657214164734,1.0
3984,0.47907483412360824,49.32210156780966,40.739819861298244,100.0,0.010000000707805157,0.24755209684371948,1.0
3985,0.478965043066413,49.36417000592195,40.744346549419625,100.0,0.010000000707805157,0.2473897635936737,1.0
3986,0.3510308453210737,26.170967112718728,37.83720821996772,100.0,0.010000000707805157,0.117551289498806,1.0
3987,0.5772327015151998,85.70477297233171,39.08663461794458,100.0,0.010000000707805157,0.2840275466442108,1.0
3988,0.5761019087693243,85.57722117569374,39.07381957005779,100.0,0.010000000707805157,0.2833535075187683,1.0
3989,0.6628620275407701,86.63395689838504,40.3279442791094,100.0,0.010000000707805157,0.4596806466579437,1.0
3990,0.4578875772269645,70.93839214464002,40.12097383223199,100.0,0.010000000707805157,0.21366211771965027,1.0
3991,0.6751148990055553,80.13631887526319,39.60249193978604,100.0,0.010000000707805157,0.44487279653549194,1.0
3992,0.45719713569251585,70.84667868851258,40.11507489998453,100.0,0.010000000707805157,0.2132047861814499,1.0
3993,0.47927693275279715,49.219228544140755,40.74653802530878,100.0,0.010000000707805157,0.24632589519023895,1.0
3994,0.6618131919252902,86.50972254925854,40.32901673781514,100.0,0.010000000707805157,0.4577714800834656,1.0
3995,0.5606861905053561,82.33042383118867,40.6061729738768,100.0,0.010000000707805157,0.34171199798583984,1.0
3996,0.49675716400602404,36.942856937996964,37.849773113429166,100.0,0.010000000707805157,0.2323080599308014,1.0
3997,0.5790930541873827,64.77327010358692,41.31416702241952,100.0,0.010000000707805157,0.3745538294315338,1.0
3998,0.31930596286031065,56.98542889223486,39.15751940209368,100.0,0.010000000707805157,0.08343343436717987,1.0
3999,0.31871191972202384,56.92934532776184,39.14974563792677,100.0,0.010000000707805157,0.08327063173055649,1.0
4000,0.3514569421010669,26.09863883097983,37.85247786067856,100.0,0.010000000707805157,0.11671779304742813,1.0
4001,0.4739979302098428,62.66357102745042,38.9126899159054,100.0,0.010000000707805157,0.19816604256629944,1.0
4002,0.5749171091241794,75.3478020749319,39.813764875615746,100.0,0.010000000707805157,0.3267020881175995,1.0
4003,0.5746588397168712,75.30237373297037,39.81116814561426,100.0,0.010000000707805157,0.3264000713825226,1.0
4004,0.5744007719889548,75.25680912418822,39.80857600413,100.0,0.010000000707805157,0.32609814405441284,1.0
4005,0.3515242866113339,26.128012453248928,37.86424589460681,100.0,0.010000000707805157,0.1163061186671257,1.0
4006,0.007380306312284813,0.1244869881872635,29.488097173513697,100.0,0.010000000707805157,0.0016460336046293378,1.0
4007,0.31633250973366467,56.67648054207073,39.119030133322525,100.0,0.010000000707805157,0.08256390690803528,1.0
4008,0.4538178821948892,70.33938092395115,40.0874432344648,100.0,0.010000000707805157,0.21082432568073273,1.0
4009,0.5737344568298158,75.0609396651186,39.79671189260414,100.0,0.010000000707805157,0.3253272771835327,1.0
4010,0.5734756028394016,75.01566732266278,39.79415701465744,100.0,0.010000000707805157,0.3250252604484558,1.0
4011,0.4794780146422032,49.11240873441435,40.76515690827545,100.0,0.010000000707805157,0.24419575929641724,1.0
4012,0.49713732535673444,36.97857987045408,37.87462123665124,100.0,0.010000000707805157,0.2304266095161438,1.0
4013,0.45285275339160974,70.2154921474189,40.08297057294924,100.0,0.010000000707805157,0.2100936323404312,1.0
4014,0.5574371724709781,81.7199241295458,40.586525113548696,100.0,0.010000000707805157,0.337958961725235,1.0
4015,0.6717971413141729,79.43627439265103,39.57298912461325,100.0,0.010000000707805157,0.43834152817726135,1.0
4016,0.3516874142446387,26.120197218666473,37.8781152294608,100.0,0.010000000707805157,0.11568322777748108,1.0
4017,0.32581408957933866,41.58029862058005,42.114900940820924,100.0,0.010000000707805157,0.12922808527946472,1.0
4018,0.35163706748361506,26.138364050619266,37.88150972965109,100.0,0.010000000707805157,0.11560307443141937,1.0
4019,0.31311107720463865,56.27418422059545,39.07812017752776,100.0,0.010000000707805157,0.08158623427152634,1.0
4020,0.5871672960525607,67.44327128628157,38.7069750792695,100.0,0.010000000707805157,0.3094713091850281,1.0
4021,0.312120473724837,56.18497494921549,39.06537560859143,100.0,0.010000000707805157,0.08130547404289246,1.0
4022,0.46985127187153475,61.988346049481315,38.84431279933624,100.0,0.010000000707805157,0.1949739009141922,1.0
4023,0.5631713640900435,83.7485145546477,38.93623473518338,100.0,0.010000000707805157,0.274356484413147,1.0
4024,0.3099671860624114,55.98655581715645,39.03760047469695,100.0,0.010000000707805157,0.08071298897266388,1.0
4025,0.46867252741089416,61.788369345808896,38.821258750727175,100.0,0.010000000707805157,0.19423167407512665,1.0
4026,0.3088916427204709,55.88447976560815,39.02367644377799,100.0,0.010000000707805157,0.08041632175445557,1.0
4027,0.5856480457973734,67.0680624585756,38.66913040994063,100.0,0.010000000707805157,0.30751633644104004,1.0
4028,0.6095856308554051,45.39042670327794,37.9033556105639,100.0,0.010000000707805157,0.3417568504810333,1.0
4029,0.46779183764860655,61.74820769544929,38.8106625766577,100.0,0.010000000707805157,0.19333705306053162,1.0
4030,0.30768917517467953,55.782147949268726,39.008559843272636,100.0,0.010000000707805157,0.08005388081073761,1.0
4031,0.4672172707901812,61.643269331417386,38.79912325341149,100.0,0.010000000707805157,0.19296716153621674,1.0
4032,0.4335603364826522,78.87900864250092,38.994558912947184,100.0,0.010000000707805157,0.1580718755722046,1.0
4033,0.3054649381841389,55.568697380526416,38.979776332659405,100.0,0.010000000707805157,0.07945160567760468,1.0
4034,0.006914053914322704,0.11415167321288422,29.39107291485146,100.0,0.010000000707805157,0.0015390402404591441,1.0
4035,0.3268179837114276,40.85154147163481,42.072730133624205,100.0,0.010000000707805157,0.1291038990020752,1.0
4036,0.3267235587608523,40.88450261270392,42.07649211599594,100.0,0.010000000707805157,0.12899476289749146,1.0
4037,0.5690634905922958,73.88649015677397,39.713528518386184,100.0,0.010000000707805157,0.31986376643180847,1.0
4038,0.3526357998309109,26.08185224582336,37.90141927691978,100.0,0.010000000707805157,0.114415742456913,1.0
4039,0.5530222267473348,80.37201618168795,40.51201094288774,100.0,0.010000000707805157,0.33405351638793945,1.0
4040,0.3526469112377696,26.068900080119267,37.90192358851119,100.0,0.010000000707805157,0.11434808373451233,1.0
4041,0.3040273779734759,55.35479032689095,38.961313468495646,100.0,0.010000000707805157,0.07901690155267715,1.0
4042,0.48055462945068456,48.54840600515306,40.738780272375834,100.0,0.010000000707805157,0.2414098083972931,1.0
4043,0.3035442237382853,55.29414350898987,38.955146584323074,100.0,0.010000000707805157,0.07887551188468933,1.0
4044,0.5680715136278655,73.67552770646061,39.703314952250594,100.0,0.010000000707805157,0.31863272190093994,1.0
4045,0.3024920537690634,55.18161178268927,38.94170195422852,100.0,0.010000000707805157,0.07858467847108841,1.0
4046,0.006759740053956956,0.11051147125147207,29.358973148954686,100.0,0.010000000707805157,0.001504857325926423,1.0
4047,0.35291637587432834,26.025909132863003,37.90363250663106,100.0,0.010000000707805157,0.11410823464393616,1.0
4048,0.32663050762765994,40.80553803933774,42.08297524881504,100.0,0.010000000707805157,0.12839213013648987,1.0
4049,0.49877075274139243,36.897882535928765,37.911541693290076,100.0,0.010000000707805157,0.226605623960495,1.0
4050,0.42727736831250956,78.09558126641339,38.937370749421284,100.0,0.010000000707805157,0.15553484857082367,1.0
4051,0.46380402453776315,60.943837372659516,38.73450729928331,100.0,0.010000000707805157,0.19059787690639496,1.0
4052,0.6417103030964137,91.91852445359872,39.40438094822074,100.0,0.010000000707805157,0.3941965699195862,1.0
4053,0.35306450421865093,26.038081321354177,37.91225511755183,100.0,0.010000000707805157,0.11368625611066818,1.0
4054,0.3529957694050815,26.070159703204787,37.916363345602136,100.0,0.010000000707805157,0.11359481513500214,1.0
4055,0.4433461170931135,68.38207713025731,39.94949798918532,100.0,0.010000000707805157,0.20460276305675507,1.0
4056,0.29911470354219943,54.80715105709999,38.898465174122215,100.0,0.010000000707805157,0.07762029767036438,1.0
4057,0.5655445044641563,70.61946793043569,42.09070231545125,100.0,0.010000000707805157,0.38171666860580444,1.0
4058,0.48083610389757453,48.36332936679882,40.74018869948001,100.0,0.010000000707805157,0.23994578421115875,1.0
4059,0.442446994752726,68.30909300876957,39.951932256222065,100.0,0.010000000707805157,0.20381416380405426,1.0
4060,0.2980910736824685,54.64622887450714,38.88574831099057,100.0,0.010000000707805157,0.07732152938842773,1.0
4061,0.5964526671683917,54.952580472846954,40.05534297559992,100.0,0.010000000707805157,0.35184746980667114,1.0
4062,0.32644709685992107,40.72120877219737,42.09368845585048,100.0,0.010000000707805157,0.1275143027305603,1.0
4063,0.5653583267413264,73.10176451823595,39.67614865631131,100.0,0.010000000707805157,0.3152775764465332,1.0
4064,0.4990557505345148,36.85268834158952,37.923506316908494,100.0,0.010000000707805157,0.22508028149604797,1.0
4065,0.35288636153016006,26.08309500770701,37.9271956059822,100.0,0.010000000707805157,0.1130584329366684,1.0
4066,0.3528193187279434,26.114966889533488,37.93116150534713,100.0,0.010000000707805157,0.11296795308589935,1.0
4067,0.48041424998363663,48.4637070971936,40.749196703964465,100.0,0.010000000707805157,0.23886513710021973,1.0
4068,0.48028481403839063,48.5056058270942,40.75301100171757,100.0,0.010000000707805157,0.2386981099843979,1.0
4069,0.595442035508599,55.2589362307059,40.06950807174653,100.0,0.010000000707805157,0.3499241769313812,1.0
4070,0.6523019122454169,85.96830095893898,38.710584810389236,100.0,0.010000000707805157,0.3755275309085846,1.0
4071,0.4800629739811603,48.54449945938761,40.753351609462705,100.0,0.010000000707805157,0.23811843991279602,1.0
4072,0.46086497989213426,57.804820514925645,42.122317827080984,100.0,0.010000000707805157,0.2527494728565216,1.0
4073,0.5642932690657212,73.14152650512511,39.6848717914636,100.0,0.010000000707805157,0.3134220242500305,1.0
4074,0.47980957560459964,48.62558242548848,40.76628695955737,100.0,0.010000000707805157,0.23760801553726196,1.0
4075,0.5948812986467855,55.41102830050874,40.08203036168801,100.0,0.010000000707805157,0.34828320145606995,1.0
4076,0.5477530340297168,79.65633361547108,40.51458214175584,100.0,0.010000000707805157,0.3274384140968323,1.0
4077,0.32558681156411406,40.94037316867459,42.13528595506804,100.0,0.010000000707805157,0.1263800710439682,1.0
4078,0.2962710294134699,54.28293926564351,38.86479488638377,100.0,0.010000000707805157,0.0766511857509613,1.0
4079,0.4598968443475897,60.31687483564272,38.68472267685194,100.0,0.010000000707805157,0.18716061115264893,1.0
4080,0.29522353928956285,54.1737429032187,38.851257402045405,100.0,0.010000000707805157,0.07636643946170807,1.0
4081,0.6210069736900259,96.31363090730832,39.9545405341483,100.0,0.010000000707805157,0.401337206363678,1.0
4082,0.45877660559132877,60.053037862518266,38.66106497975454,100.0,0.010000000707805157,0.18653230369091034,1.0
4083,0.45849516402331914,60.01195253774993,38.656237384412556,100.0,0.010000000707805157,0.18631482124328613,1.0
4084,0.48005177529276516,48.47221636600552,40.768163313069444,100.0,0.010000000707805157,0.23648963868618011,1.0
4085,0.619126231029292,95.98228752741345,39.940680318795984,100.0,0.010000000707805157,0.39967185258865356,1.0
4086,0.46037452947831137,57.752675071889314,42.1352486218571,100.0,0.010000000707805157,0.2502177357673645,1.0
4087,0.5776115007494387,65.34007581374719,38.53085671729836,100.0,0.010000000707805157,0.2962465286254883,1.0
4088,0.35272023818380743,26.15063927105118,37.95594176681016,100.0,0.010000000707805157,0.11155560612678528,1.0
4089,0.29125674310533806,53.680925785760216,38.80098068372018,100.0,0.010000000707805157,0.07525260746479034,1.0
4090,0.5611209783819929,72.41143991551516,39.651774848385145,100.0,0.010000000707805157,0.3096123933792114,1.0
4091,0.5441354992753935,78.88725553604992,40.486286471413024,100.0,0.010000000707805157,0.3234612047672272,1.0
4092,0.6621478992902994,76.99023315574406,39.44490838268702,100.0,0.010000000707805157,0.4192250967025757,1.0
4093,0.2892900539947311,53.43218711536806,38.77621165100423,100.0,0.010000000707805157,0.07470196485519409,1.0
4094,0.678426923122291,68.67497452233162,40.787003447664574,100.0,0.010000000707805157,0.46918126940727234,1.0
4095,0.5599675799113247,72.24736888116884,39.6480775619042,100.0,0.010000000707805157,0.3081572651863098,1.0
4096,0.5391515371355091,80.02000292770695,38.680492059669625,100.0,0.010000000707805157,0.2574140727519989,1.0
4097,0.006085871070371299,0.09503736819512419,29.19696604235782,100.0,0.010000000707805157,0.001355143147520721,1.0
4098,0.5756150176992361,64.93374347478958,38.4966007028345,100.0,0.010000000707805157,0.29348665475845337,1.0
4099,0.5422811228901462,78.50618926961114,40.47463116089277,100.0,0.010000000707805157,0.32144060730934143,1.0
4100,0.43349242070860394,66.93945977639072,39.90102265940665,100.0,0.010000000707805157,0.19732454419136047,1.0
4101,0.579568194866205,63.31209333753591,41.33436898468172,100.0,0.010000000707805157,0.3574802279472351,1.0
4102,0.28600421856892827,52.990941980813595,38.73497650376217,100.0,0.010000000707805157,0.07376322150230408,1.0
4103,0.3252334599015597,40.654179491427314,42.13888003253675,100.0,0.010000000707805157,0.12435794621706009,1.0
4104,0.6073658902000455,95.70854061421097,38.672048176177356,100.0,0.010000000707805157,0.32805290818214417,1.0
4105,0.2838966991240271,52.75322012485768,38.7077487763899,100.0,0.010000000707805157,0.07320141792297363,1.0
4106,0.5341496292176413,79.14044470730627,38.62114101888591,100.0,0.010000000707805157,0.25434255599975586,1.0
4107,0.596165024326647,54.76359620769437,40.08223350537454,100.0,0.010000000707805157,0.3428533375263214,1.0
4108,0.5736637838031077,64.35749014811954,38.45268753985232,100.0,0.010000000707805157,0.2911045551300049,1.0
4109,0.5327421808562537,78.98788476831086,38.60826117518302,100.0,0.010000000707805157,0.2532110810279846,1.0
4110,0.005854952800486289,0.09022031367859969,29.142997437715486,100.0,0.010000000707805157,0.0013026937376707792,1.0
4111,0.2811189151739091,52.44722598619565,38.672549884458135,100.0,0.010000000707805157,0.07243522256612778,1.0
4112,0.45120641153215385,58.560079179050405,38.52680373473817,100.0,0.010000000707805157,0.1811603158712387,1.0
4113,0.005819839894955315,0.08950439600975832,29.134871343423594,100.0,0.010000000707805157,0.0012946058996021748,1.0
4114,0.6227341683186902,88.52483061480778,39.250423617607936,100.0,0.010000000707805157,0.3750777244567871,1.0
4115,0.27912143980061854,52.2170828448976,38.64682451569063,100.0,0.010000000707805157,0.07189744710922241,1.0
4116,0.5293502937551068,78.41606610595554,38.56667701463948,100.0,0.010000000707805157,0.2511163353919983,1.0
4117,0.6581653892437824,75.52340902484283,39.36045752279334,100.0,0.010000000707805157,0.4117625951766968,1.0
4118,0.657845794489764,75.5129346186619,39.35924842787248,100.0,0.010000000707805157,0.4112182855606079,1.0
4119,0.6198906066206262,87.993706724967,39.22033765437906,100.0,0.010000000707805157,0.37252187728881836,1.0
4120,0.48073241606748146,47.7580992324685,40.74078828741857,100.0,0.010000000707805157,0.23188713192939758,1.0
4121,0.3535517315858576,26.020505312084516,37.97153431256303,100.0,0.010000000707805157,0.10933030396699905,1.0
4122,0.5541153747659276,70.6655265384952,39.550667822314914,100.0,0.010000000707805157,0.3015710413455963,1.0
4123,0.3534590967421099,26.052410825190798,37.975466259905964,100.0,0.010000000707805157,0.10915929079055786,1.0
4124,0.5364906662176245,76.95374954178452,40.40761257038699,100.0,0.010000000707805157,0.3156909942626953,1.0
4125,0.5072140459723158,83.62288450421912,39.3328138577069,100.0,0.010000000707805157,0.26259249448776245,1.0
4126,0.3875264982093831,73.07163515363084,38.582982065627014,100.0,0.010000000707805157,0.139837846159935,1.0
4127,0.3860391711702354,72.90821431283534,38.569258316295766,100.0,0.010000000707805157,0.13930171728134155,1.0
4128,0.42434116322193627,65.0788237531813,39.78194172363827,100.0,0.010000000707805157,0.1919170618057251,1.0
4129,0.5006566723483636,36.59555431191355,37.96369352065556,100.0,0.010000000707805157,0.21705232560634613,1.0
4130,0.48089731929953533,47.56286519469413,40.734511425015604,100.0,0.010000000707805157,0.23077978193759918,1.0
4131,0.5035528830774038,83.01912119977347,39.298559816289874,100.0,0.010000000707805157,0.26044389605522156,1.0
4132,0.3540457206127187,25.86621029985058,37.96415636682695,100.0,0.010000000707805157,0.10885640978813171,1.0
4133,0.005483562971168724,0.08252016812928648,29.051790178988544,100.0,0.010000000707805157,0.0012186579406261444,1.0
4134,0.0054810298249270435,0.08250705171874143,29.05201452321401,100.0,0.010000000707805157,0.0012180632911622524,1.0
4135,0.38275123319430554,72.47980139055814,38.539555121905444,100.0,0.010000000707805157,0.13803741335868835,1.0
4136,0.3257585615395214,39.7114733559575,42.09289905487529,100.0,0.010000000707805157,0.12276792526245117,1.0
4137,0.269631877783904,51.036055445120304,38.526196369718235,100.0,0.010000000707805157,0.06930828094482422,1.0
4138,0.4224990185101833,64.703115261594,39.76198461115714,100.0,0.010000000707805157,0.19071897864341736,1.0
4139,0.4221357990781093,64.64643992663648,39.75936171623515,100.0,0.010000000707805157,0.1904734969139099,1.0
4140,0.5508630967179645,69.61862031914154,39.497815044033636,100.0,0.010000000707805157,0.29797857999801636,1.0
4141,0.5664320204196613,96.94342395849273,39.046871046274745,100.0,0.010000000707805157,0.32564419507980347,1.0
4142,0.32566786273593384,39.610656019617515,42.08628089590702,100.0,0.010000000707805157,0.12219288945198059,1.0
4143,0.6947635977328039,59.77074009017836,39.636387639536856,100.0,0.010000000707805157,0.4451359510421753,1.0
4144,0.49770175252794285,82.07717625108404,39.252385528772706,100.0,0.010000000707805157,0.25676509737968445,1.0
4145,0.00528322395448782,0.07843293365130419,29.00522789010484,100.0,0.010000000707805157,0.0011739886831492186,1.0
4146,0.5671150595129125,62.32763643847241,38.29831659389613,100.0,0.010000000707805157,0.28293803334236145,1.0
4147,0.4600645644823957,56.11652297772653,42.09622924459379,100.0,0.010000000707805157,0.24276655912399292,1.0
4148,0.515685664211735,75.99602595056325,38.41026078399693,100.0,0.010000000707805157,0.24226057529449463,1.0
4149,0.4811173719368215,47.24026556111166,40.729734690345666,100.0,0.010000000707805157,0.2288140207529068,1.0
4150,0.4597216291851906,56.1571264862989,42.09979881215353,100.0,0.010000000707805157,0.24215421080589294,1.0
4151,0.3544343290265514,25.680402445092643,37.9556043851363,100.0,0.010000000707805157,0.1081484779715538,1.0
4152,0.3249936712819875,39.68918704066228,42.09887824250918,100.0,0.010000000707805157,0.1213996633887291,1.0
4153,0.41867721487949794,64.1634663497901,39.74579431253541,100.0,0.010000000707805157,0.18802236020565033,1.0
4154,0.41832076746514757,64.10667968430225,39.74326456001674,100.0,0.010000000707805157,0.1877807080745697,1.0
4155,0.49385696578366833,81.51123434632865,39.23296875072324,100.0,0.010000000707805157,0.2540900409221649,1.0
4156,0.48085076689341,47.25868190768176,40.74346736041231,100.0,0.010000000707805157,0.227977454662323,1.0
4157,0.3545888473682831,25.593606283226837,37.95001904051844,100.0,0.010000000707805157,0.10800668597221375,1.0
4158,0.48060208840812313,47.315151343190315,40.74513686027614,100.0,0.010000000707805157,0.2277178317308426,1.0
4159,0.41727078785737204,63.96398764314963,39.74046135154377,100.0,0.010000000707805157,0.18701452016830444,1.0
4160,0.32450939261633743,39.73509221285165,42.103188550063635,100.0,0.010000000707805157,0.1206684559583664,1.0
4161,0.41682433831923904,63.916924051195956,39.74061370820607,100.0,0.010000000707805157,0.18666639924049377,1.0
4162,0.5012076496925083,36.21991794120909,37.9530405565879,100.0,0.010000000707805157,0.21462734043598175,1.0
4163,0.4584557493766359,56.356697584401466,42.112840605429454,100.0,0.010000000707805157,0.2399434745311737,1.0
4164,0.32409735137699003,39.83419923855941,42.110814572123665,100.0,0.010000000707805157,0.12027282267808914,1.0
4165,0.4402480791876521,56.089868146895164,38.32636645243989,100.0,0.010000000707805157,0.17364689707756042,1.0
4166,0.5271710895991709,75.41241332815267,40.37392881229993,100.0,0.010000000707805157,0.30530041456222534,1.0
4167,0.3543929471729616,25.568583839275544,37.950371203242995,100.0,0.010000000707805157,0.1076180711388588,1.0
4168,0.32386898094210104,39.85341162059124,42.11278269609721,100.0,0.010000000707805157,0.11996608227491379,1.0
4169,0.43970624725394103,55.958586540382065,38.31731936980206,100.0,0.010000000707805157,0.1732458621263504,1.0
4170,0.35429218190297973,25.598515813126408,37.95368502885323,100.0,0.010000000707805157,0.10744284838438034,1.0
4171,0.4153467027004573,63.74219172512789,39.74209411677606,100.0,0.010000000707805157,0.18550334870815277,1.0
4172,0.47982709154451114,47.40600833219661,40.761092843453085,100.0,0.010000000707805157,0.22607384622097015,1.0
4173,0.3541720917621,25.619688836349784,37.95613690103777,100.0,0.010000000707805157,0.10727500170469284,1.0
4174,0.5638617304961009,61.59021997833409,38.252937744049,100.0,0.010000000707805157,0.27886852622032166,1.0
4175,0.6037105638573651,84.92670790399661,39.10039038021774,100.0,0.010000000707805157,0.35670822858810425,1.0
4176,0.35402293573049326,25.67514271019929,37.961868369409466,100.0,0.010000000707805157,0.10691860318183899,1.0
4177,0.4882856438735246,80.65743322799702,39.20962849847926,100.0,0.010000000707805157,0.25003889203071594,1.0
4178,0.3236434243835857,39.721650099988736,42.10845789238199,100.0,0.010000000707805157,0.11943958699703217,1.0
4179,0.32352256933279727,39.75589873314226,42.11034982507499,100.0,0.010000000707805157,0.11933596432209015,1.0
4180,0.43781264504766865,55.600002161611165,38.28804078149692,100.0,0.010000000707805157,0.17175713181495667,1.0
4181,0.4375552291777124,55.560831910148735,38.28388318373001,100.0,0.010000000707805157,0.17155420780181885,1.0
4182,0.47952331951710353,47.320170790802244,40.75127479640909,100.0,0.010000000707805157,0.22487419843673706,1.0
4183,0.4128984352831135,63.302680360036554,39.72490273881338,100.0,0.010000000707805157,0.18384486436843872,1.0
4184,0.43702190995258416,55.4489832869332,38.27518459222801,100.0,0.010000000707805157,0.1711542010307312,1.0
4185,0.5061330716891748,74.15498686386893,38.30862448677937,100.0,0.010000000707805157,0.2354886680841446,1.0
4186,0.3234833220537461,39.60425943648687,42.1024110900982,100.0,0.010000000707805157,0.11899545043706894,1.0
4187,0.35414169948352175,25.611362427900843,37.95914263860697,100.0,0.010000000707805157,0.10641650855541229,1.0
4188,0.5052584034810927,74.0049444340454,38.29905395385477,100.0,0.010000000707805157,0.2348581850528717,1.0
4189,0.00483335265216397,0.06914570600019661,28.880408898247296,100.0,0.010000000707805157,0.0010742880403995514,1.0
4190,0.5426523806366867,68.02899122369044,39.44248229493815,100.0,0.010000000707805157,0.2881995439529419,1.0
4191,0.2536460471410894,48.764168228164124,38.32506100273527,100.0,0.010000000707805157,0.06488024443387985,1.0
4192,0.5422689555815123,67.90577904318826,39.436093924483316,100.0,0.010000000707805157,0.2877657413482666,1.0
4193,0.3541826135246761,25.601105013773168,37.95955505739374,100.0,0.010000000707805157,0.10606584697961807,1.0
4194,0.35407549260657617,25.634699408645037,37.96232886220514,100.0,0.010000000707805157,0.10597405582666397,1.0
4195,0.3233681316570111,39.48174704409124,42.097663701951404,100.0,0.010000000707805157,0.11866588890552521,1.0
4196,0.3232367493185961,39.51636846046157,42.09944539831326,100.0,0.010000000707805157,0.11855977773666382,1.0
4197,0.5417571279905885,67.89500870943498,39.439494490869514,100.0,0.010000000707805157,0.2871074378490448,1.0
4198,0.43468558178783406,54.98476304833039,38.23668350064313,100.0,0.010000000707805157,0.16935068368911743,1.0
4199,0.5021941257568823,73.45301603502739,38.26569550539661,100.0,0.010000000707805157,0.23266220092773438,1.0
4200,0.4568542093601534,55.875626545356845,42.10010322026241,100.0,0.010000000707805157,0.2357340157032013,1.0
4201,0.5013237415432105,73.2677328180322,38.25505449382798,100.0,0.010000000707805157,0.2321110963821411,1.0
4202,0.004697078936606951,0.06644718755066724,28.84094481636969,100.0,0.010000000707805157,0.0010437085293233395,1.0
4203,0.5595268668688523,60.499389369534036,38.17138392939527,100.0,0.010000000707805157,0.2731436491012573,1.0
4204,0.6615101968457656,73.2465838589976,41.52143286285871,100.0,0.010000000707805157,0.4571651816368103,1.0
4205,0.43281203166790444,83.77482858155483,38.27763607360443,100.0,0.010000000707805157,0.18968093395233154,1.0
4206,0.47903759936687756,46.99693092580709,40.7270580042187,100.0,0.010000000707805157,0.22210174798965454,1.0
4207,0.3514592868061774,68.04362544880816,38.26003401141397,100.0,0.010000000707805157,0.1260131299495697,1.0
4208,0.5584237228686375,60.17707445065807,38.1482349221894,100.0,0.010000000707805157,0.2718009352684021,1.0
4209,0.32285465447986017,39.26519868722102,42.084349379650575,100.0,0.010000000707805157,0.11764484643936157,1.0
4210,0.5772505111260071,61.39088303116587,41.2763044090986,100.0,0.010000000707805157,0.33834540843963623,1.0
4211,0.5949402796447004,53.6366442855663,40.04344928353947,100.0,0.010000000707805157,0.325407475233078,1.0
4212,0.6118902234527692,44.61003110969811,37.973019215305236,100.0,0.010000000707805157,0.31244462728500366,1.0
4213,0.49927132026071774,36.51420489783497,37.977077959893194,100.0,0.010000000707805157,0.20803731679916382,1.0
4214,0.2477435202498714,47.895356762876645,38.25241801588033,100.0,0.010000000707805157,0.06320946663618088,1.0
4215,0.5939550753560671,53.8191238077889,40.03494102773371,100.0,0.010000000707805157,0.3240809738636017,1.0
4216,0.3221360302896186,39.37196755059614,42.097398005855375,100.0,0.010000000707805157,0.11718803644180298,1.0
4217,0.3527998391033931,25.86601999779674,37.97965790252223,100.0,0.010000000707805157,0.10415554791688919,1.0
4218,0.32199657576520196,39.39902680600517,42.09942934721981,100.0,0.010000000707805157,0.11708803474903107,1.0
4219,0.4059696086866831,62.05984498671067,39.67976599502689,100.0,0.010000000707805157,0.1791524887084961,1.0
4220,0.49870822892117866,36.61865935343144,37.981971575476805,100.0,0.010000000707805157,0.20719116926193237,1.0
4221,0.4056839641418918,62.007061585759566,39.67851414570053,100.0,0.010000000707805157,0.17894785106182098,1.0
4222,0.5561010204204835,60.26622627832573,38.14840212337855,100.0,0.010000000707805157,0.26883256435394287,1.0
4223,0.5557513286845676,60.27282031438826,38.14666105475713,100.0,0.010000000707805157,0.26837506890296936,1.0
4224,0.42961206280365116,54.2891949479868,38.17686225351718,100.0,0.010000000707805157,0.16527050733566284,1.0
4225,0.49801244154951435,36.80964582154074,37.99040728983151,100.0,0.010000000707805157,0.2059411108493805,1.0
4226,0.4292261869445228,54.294122374584404,38.175342001255316,100.0,0.010000000707805157,0.1649121642112732,1.0
4227,0.40464755090849414,61.69332880276725,39.66124717321298,100.0,0.010000000707805157,0.17833130061626434,1.0
4228,0.3521130566800299,26.026293593694422,37.98913985068894,100.0,0.010000000707805157,0.10318321734666824,1.0
4229,0.4240114029227899,82.43675094024293,38.21578159519752,100.0,0.010000000707805157,0.18531569838523865,1.0
4230,0.40361554702421587,61.42760324159915,39.64539482352011,100.0,0.010000000707805157,0.17771866917610168,1.0
4231,0.24294978874824924,47.199725171365884,38.191393112137696,100.0,0.010000000707805157,0.06188136339187622,1.0
4232,0.004437312853435479,0.06125349197099796,28.75092334377376,100.0,0.010000000707805157,0.0009848051704466343,1.0
4233,0.34289537224187844,66.76664668398574,38.18465969081572,100.0,0.010000000707805157,0.12261416018009186,1.0
4234,0.5934053395153939,53.59381143292057,40.0031776767592,100.0,0.010000000707805157,0.3208816945552826,1.0
4235,0.5536547395494424,59.78457405635936,38.107706350507634,100.0,0.010000000707805157,0.26560264825820923,1.0
4236,0.4269421806363217,53.749032717826516,38.12999850002568,100.0,0.010000000707805157,0.16327159106731415,1.0
4237,0.658987395217093,72.6300173400814,41.48490572994793,100.0,0.010000000707805157,0.44938769936561584,1.0
4238,0.48990290720203766,71.43695905247225,38.145460065377364,100.0,0.010000000707805157,0.22350668907165527,1.0
4239,0.4546029948723844,55.191773002754054,42.08019439529219,100.0,0.010000000707805157,0.23118847608566284,1.0
4240,0.42611943592480095,53.55373619474776,38.117128217948526,100.0,0.010000000707805157,0.1626940369606018,1.0
4241,0.4009073509404605,60.92130666639422,39.625785964983386,100.0,0.010000000707805157,0.17591698467731476,1.0
4242,0.5133102798323486,72.43532331873777,40.29946433275377,100.0,0.010000000707805157,0.2906150817871094,1.0
4243,0.004305991530597847,0.05875027857001886,28.71137956814269,100.0,0.010000000707805157,0.0009556490695104003,1.0
4244,0.004304334252013251,0.05874234761312577,28.711571269333866,100.0,0.010000000707805157,0.000955292081926018,1.0
4245,0.47651108281541055,46.853516520797676,40.684993096203414,100.0,0.010000000707805157,0.21699082851409912,1.0
4246,0.5327972651919339,66.20437659801897,39.362787293652495,100.0,0.010000000707805157,0.27675262093544006,1.0
4247,0.39968764666211815,60.777728018646485,39.62575510001239,100.0,0.010000000707805157,0.1750209927558899,1.0
4248,0.32071491794711443,39.01587492583311,42.07256644129053,100.0,0.010000000707805157,0.11513227969408035,1.0
4249,0.5919639191220755,53.63368333861145,40.005385176492105,100.0,0.010000000707805157,0.3178403675556183,1.0
4250,0.4529239371058938,55.39048139049283,42.081903788223784,100.0,0.010000000707805157,0.22905543446540833,1.0
4251,0.4755921249909976,46.99117077632572,40.69446360077531,100.0,0.010000000707805157,0.2159464955329895,1.0
4252,0.39881094061708305,60.79086294951413,39.63776577411604,100.0,0.010000000707805157,0.1742851734161377,1.0
4253,0.3984619194255394,60.73457774363247,39.63573401555409,100.0,0.010000000707805157,0.17405067384243011,1.0
4254,0.6090425329473971,44.901040540847276,37.976538698779166,100.0,0.010000000707805157,0.30431634187698364,1.0
4255,0.4750796306827077,47.03115674379019,40.69179233460353,100.0,0.010000000707805157,0.21529212594032288,1.0
4256,0.3981117233980928,60.69907654959278,39.63794436703609,100.0,0.010000000707805157,0.1737697422504425,1.0
4257,0.4237994231518927,53.01858463034893,38.083901895276426,100.0,0.010000000707805157,0.16097070276737213,1.0
4258,0.4748833668169067,47.01411078714683,40.68922924488026,100.0,0.010000000707805157,0.21490204334259033,1.0
4259,0.5499823268435136,59.09790776501821,38.06411414956884,100.0,0.010000000707805157,0.26135963201522827,1.0
4260,0.2362468627095976,46.072254633194625,38.10651880486474,100.0,0.010000000707805157,0.05998512730002403,1.0
4261,0.5529333315372229,68.0024145426209,42.08471304626082,100.0,0.010000000707805157,0.3407682180404663,1.0
4262,0.4964260125729428,36.75747955584859,37.97634398464329,100.0,0.010000000707805157,0.20175713300704956,1.0
4263,0.508942665371615,72.23826121800376,40.319736510566926,100.0,0.010000000707805157,0.2858629822731018,1.0
4264,0.2354090905832124,45.901764579194456,38.09564686383545,100.0,0.010000000707805157,0.05974358692765236,1.0
4265,0.4506954743175801,55.52225084619587,42.078932118986266,100.0,0.010000000707805157,0.22627882659435272,1.0
4266,0.6346266633358513,70.8571775773673,39.17125933741263,100.0,0.010000000707805157,0.37290525436401367,1.0
4267,0.3508780463408503,25.95417590168861,37.970674038695016,100.0,0.010000000707805157,0.10097508132457733,1.0
4268,0.4736222957816748,47.10673672054533,40.68784987157102,100.0,0.010000000707805157,0.2132696658372879,1.0
4269,0.6067788148743537,45.203552412546266,37.97973694929546,100.0,0.010000000707805157,0.30071720480918884,1.0
4270,0.42160905266658044,52.76213157583425,38.06554019907343,100.0,0.010000000707805157,0.1592325121164322,1.0
4271,0.004103771229316362,0.05463048247030828,28.63707068462005,100.0,0.010000000707805157,0.0009113761479966342,1.0
4272,0.3953473388914381,60.29371188212897,39.634219745756965,100.0,0.010000000707805157,0.17176112532615662,1.0
4273,0.42119307215407437,52.63584288762846,38.056210552659934,100.0,0.010000000707805157,0.15892571210861206,1.0
4274,0.3948020746566351,60.16836089813189,39.628153365335386,100.0,0.010000000707805157,0.17141470313072205,1.0
4275,0.3181367481181714,39.13248114517843,42.06960359741782,100.0,0.010000000707805157,0.11288710683584213,1.0
4276,0.5883538499862578,53.90484372835765,39.99399931047433,100.0,0.010000000707805157,0.3118826150894165,1.0
4277,0.5499912861087498,68.18391955848104,42.08236999112678,100.0,0.010000000707805157,0.3366289734840393,1.0
4278,0.457707794598766,75.56506432772264,39.04547267311287,100.0,0.010000000707805157,0.2289917767047882,1.0
4279,0.3285676154996779,64.21561501502913,38.05589894789823,100.0,0.010000000707805157,0.1169019341468811,1.0
4280,0.31737913216372127,39.174266434075314,42.06285082671622,100.0,0.010000000707805157,0.11220680177211761,1.0
4281,0.23144806615101096,45.20661814167422,38.04398839302415,100.0,0.010000000707805157,0.05862972140312195,1.0
4282,0.4790566844946973,69.09476005266413,38.03035923895141,100.0,0.010000000707805157,0.21566930413246155,1.0
4283,0.2301925066475526,45.04352300951242,38.02718154835301,100.0,0.010000000707805157,0.05830853432416916,1.0
4284,0.41913879745541316,51.959173725548474,38.008546133310865,100.0,0.010000000707805157,0.15748824179172516,1.0
4285,0.45390257871923806,74.77480495533351,39.00606095624468,100.0,0.010000000707805157,0.2267317920923233,1.0
4286,0.003909484801925713,0.05113034610020556,28.579432557586916,100.0,0.010000000707805157,0.0008679931634105742,1.0
4287,0.39111877774524656,59.4553382150865,39.59863561697765,100.0,0.010000000707805157,0.16899588704109192,1.0
4288,0.47647716588628325,68.50726212355573,37.99471193230728,100.0,0.010000000707805157,0.21399614214897156,1.0
4289,0.0038742504503312546,0.05052334097303711,28.568811072539187,100.0,0.010000000707805157,0.0008600185392424464,1.0
4290,0.3508758260811574,25.773454657069465,37.949487589332946,100.0,0.010000000707805157,0.09992089867591858,1.0
4291,0.2273021994952215,44.63459070095848,37.98833192423997,100.0,0.010000000707805157,0.0575554221868515,1.0
4292,0.5905806420601392,73.11762864077605,37.98083758089903,100.0,0.010000000707805157,0.31234484910964966,1.0
4293,0.47453361973095165,68.17894203295106,37.972789431655535,100.0,0.010000000707805157,0.2126326560974121,1.0
4294,0.38948530716660507,58.93849631285534,39.569277502177094,100.0,0.010000000707805157,0.16800513863563538,1.0
4295,0.0038142923031536037,0.049554521551397876,28.550314096470803,100.0,0.010000000707805157,0.0008461519028060138,1.0
4296,0.5444794374190005,57.50808542467739,37.95796620569176,100.0,0.010000000707805157,0.2545117437839508,1.0
4297,0.22458972587785025,44.265943982335145,37.95258540275824,100.0,0.010000000707805157,0.056845393031835556,1.0
4298,0.22416587383653228,44.20961009509243,37.94675212559468,100.0,0.010000000707805157,0.056738629937171936,1.0
4299,0.38859420984468857,58.682324696422064,39.555571561563504,100.0,0.010000000707805157,0.16744351387023926,1.0
4300,0.4731599690797793,46.38457502112495,40.62646117465431,100.0,0.010000000707805157,0.21004095673561096,1.0
4301,0.4486727920993929,54.660289846659914,42.023662426303375,100.0,0.010000000707805157,0.22196248173713684,1.0
4302,0.0037592361480564985,0.04854604016293029,28.53175216833674,100.0,0.010000000707805157,0.0008339512278325856,1.0
4303,0.5689367201157398,60.58171094911253,41.18972630153995,100.0,0.010000000707805157,0.3201134204864502,1.0
4304,0.3166799742269186,38.69733724235439,42.020384222231215,100.0,0.010000000707805157,0.11090650409460068,1.0
4305,0.6288185677697666,69.25741386552677,39.101219278098995,100.0,0.010000000707805157,0.3636043071746826,1.0
4306,0.5679401896101752,60.71284223990112,41.19112084307123,100.0,0.010000000707805157,0.3190116882324219,1.0
4307,0.47156072967848817,46.62133227181964,40.636305638477545,100.0,0.010000000707805157,0.20866623520851135,1.0
4308,0.6454068642928112,62.908444518028226,37.945377723984286,100.0,0.010000000707805157,0.3508075475692749,1.0
4309,0.4710439001975233,46.662263559573205,40.62891436927361,100.0,0.010000000707805157,0.20820555090904236,1.0
4310,0.5208635692539324,64.20316125826551,39.297054681289175,100.0,0.010000000707805157,0.2636493444442749,1.0
4311,0.0037069674113583704,0.0474661011862652,28.507517731779092,100.0,0.010000000707805157,0.0008226428180932999,1.0
4312,0.520584318906381,64.1496671891089,39.295116297670724,100.0,0.010000000707805157,0.26334354281425476,1.0
4313,0.6264181451616702,69.25160644053095,39.09730366954814,100.0,0.010000000707805157,0.36071354150772095,1.0
4314,0.4702467649309919,46.691330168650865,40.621333219317926,100.0,0.010000000707805157,0.20732006430625916,1.0
4315,0.3853372010587237,58.50273964966757,39.57354433165655,100.0,0.010000000707805157,0.1651083528995514,1.0
4316,0.348961638721332,25.918700086227634,37.93773572768424,100.0,0.010000000707805157,0.09805075824260712,1.0
4317,0.5194122827417395,64.03808419990582,39.29124832377253,100.0,0.010000000707805157,0.2621629536151886,1.0
4318,0.003654166552343737,0.04649682585712422,28.487125189396032,100.0,0.010000000707805157,0.0008109178161248565,1.0
4319,0.49693028175433573,70.24610419044444,40.27941705155686,100.0,0.010000000707805157,0.2736513018608093,1.0
4320,0.46958239200591434,46.70416617572462,40.619053781458085,100.0,0.010000000707805157,0.20649874210357666,1.0
4321,0.34866532145334905,25.923805541583615,37.93440617260253,100.0,0.010000000707805157,0.09778916835784912,1.0
4322,0.38227609857220324,75.52702765948375,37.90277366370174,100.0,0.010000000707805157,0.16567866504192352,1.0
4323,0.46681035678872135,66.67272100174809,37.896320723146815,100.0,0.010000000707805157,0.20705348253250122,1.0
4324,0.3145712502049746,38.62759681667641,41.99936548569818,100.0,0.010000000707805157,0.10919953137636185,1.0
4325,0.4444107321828512,54.79756865315076,42.003809117655784,100.0,0.010000000707805157,0.21750354766845703,1.0
4326,0.0035725575096267792,0.04504855981869434,28.45978272328468,100.0,0.010000000707805157,0.0007928835111670196,1.0
4327,0.4438849931182564,54.888873059461496,42.003089651193704,100.0,0.010000000707805157,0.21706503629684448,1.0
4328,0.0035628921396590085,0.044903639308030555,28.45846755020897,100.0,0.010000000707805157,0.0007909193518571556,1.0
4329,0.21862637395856405,43.12590751830928,37.87442329787221,100.0,0.010000000707805157,0.05514620989561081,1.0
4330,0.30858941994188177,61.00418535414181,37.868431835641,100.0,0.010000000707805157,0.10936591029167175,1.0
4331,0.4693072318507612,46.511825093520734,40.60698016649511,100.0,0.010000000707805157,0.20550407469272614,1.0
4332,0.5640192156766487,60.69215191659816,41.163061673553244,100.0,0.010000000707805157,0.3132243752479553,1.0
4333,0.3487430061999733,25.767801938854497,37.91890162433966,100.0,0.010000000707805157,0.09743635356426239,1.0
4334,0.21750927173920162,42.935398578769025,37.859565553527226,100.0,0.010000000707805157,0.05483992397785187,1.0
4335,0.4428578957534144,54.88294424569434,41.992802864740554,100.0,0.010000000707805157,0.21591070294380188,1.0
4336,0.3808189145767549,57.874796639945316,39.56004510886512,100.0,0.010000000707805157,0.1620894968509674,1.0
4337,0.3804648139881755,57.82206946497437,39.55824901636463,100.0,0.010000000707805157,0.16186195611953735,1.0
4338,0.3057763469447592,60.49975259717969,37.841292579616486,100.0,0.010000000707805157,0.10830341279506683,1.0
4339,0.4101138226635714,49.783894236512154,37.85414444807899,100.0,0.010000000707805157,0.150943785905838,1.0
4340,0.0034508601367541237,0.04288730536943287,28.417586236924485,100.0,0.010000000707805157,0.0007659796974621713,1.0
4341,0.34895666538900466,25.64178062820314,37.90798206528073,100.0,0.010000000707805157,0.0972536951303482,1.0
4342,0.3487868722285622,25.676430926787255,37.90907835450847,100.0,0.010000000707805157,0.09716086089611053,1.0
4343,0.5629105018111342,60.59683804657623,41.14973780558925,100.0,0.010000000707805157,0.31138092279434204,1.0
4344,0.3484417876218796,25.722173188794553,37.9093856427879,100.0,0.010000000707805157,0.09698338806629181,1.0
4345,0.4677481359608028,46.54268788406335,40.59414192777487,100.0,0.010000000707805157,0.2037762999534607,1.0
4346,0.44129434125558964,54.89018802475763,41.98026887129144,100.0,0.010000000707805157,0.21431024372577667,1.0
4347,0.5614905146754191,60.80167906734309,41.151381068051975,100.0,0.010000000707805157,0.3100551962852478,1.0
4348,0.3785453899939437,57.64528342191519,39.56053991165639,100.0,0.010000000707805157,0.16056010127067566,1.0
4349,0.003413291717717718,0.04219287014625141,28.40288210050462,100.0,0.010000000707805157,0.0007580631063319743,1.0
4350,0.4668246139869453,46.645526475519475,40.597989715928804,100.0,0.010000000707805157,0.2029571235179901,1.0
4351,0.4917634395457728,36.47166497036941,37.908054055693434,100.0,0.010000000707805157,0.19256281852722168,1.0
4352,0.46629822296187357,46.706836959087084,40.593433391837365,100.0,0.010000000707805157,0.20258817076683044,1.0
4353,0.5599826748051405,60.952661675006645,41.14720167166816,100.0,0.010000000707805157,0.30854594707489014,1.0
4354,0.5594319871974344,61.03124281952645,41.14762074144573,100.0,0.010000000707805157,0.308034211397171,1.0
4355,0.21504228601390127,42.35159380526438,37.827096651419936,100.0,0.010000000707805157,0.054083600640296936,1.0
4356,0.4339380201614541,71.5818168301147,38.92794105458026,100.0,0.010000000707805157,0.2129606008529663,1.0
4357,0.5354077125060371,55.88958257131625,37.85419417073336,100.0,0.010000000707805157,0.24482634663581848,1.0
4358,0.5349243796263975,55.90343773365607,37.85238256209713,100.0,0.010000000707805157,0.24437198042869568,1.0
4359,0.34670817974850876,25.87240893270611,37.900182067646824,100.0,0.010000000707805157,0.09581740200519562,1.0
4360,0.3016122002269534,59.62123560375751,37.80344812583898,100.0,0.010000000707805157,0.1065523624420166,1.0
4361,0.45873805003820006,64.94005257417865,37.81260979681688,100.0,0.010000000707805157,0.20125943422317505,1.0
4362,0.3466880128178376,25.850829669780197,37.89587001579413,100.0,0.010000000707805157,0.09562475979328156,1.0
4363,0.4650320887123486,46.57456355271222,40.561964864321766,100.0,0.010000000707805157,0.20094828307628632,1.0
4364,0.31005182064286474,38.67701963834828,41.95041211903864,100.0,0.010000000707805157,0.10597433149814606,1.0
4365,0.5106015072528624,62.77568398996197,39.251007208191645,100.0,0.010000000707805157,0.2532656490802765,1.0
4366,0.37497672039369184,57.03858376949585,39.54336929325874,100.0,0.010000000707805157,0.15821027755737305,1.0
4367,0.34634062499092727,25.855629314352015,37.891322261210355,100.0,0.010000000707805157,0.09535766392946243,1.0
4368,0.6375880843408865,72.22053601839968,41.35561811642602,100.0,0.010000000707805157,0.41048097610473633,1.0
4369,0.4786313692394233,82.32077657849948,38.59996598579717,100.0,0.010000000707805157,0.26255932450294495,1.0
4370,0.5785897005307085,53.33410634642116,39.87769407379269,100.0,0.010000000707805157,0.2942274808883667,1.0
4371,0.34585359804839444,25.865218837658162,37.88508264771495,100.0,0.010000000707805157,0.09499581158161163,1.0
4372,0.34567125201935683,25.89955036080745,37.88571733083769,100.0,0.010000000707805157,0.09490396827459335,1.0
4373,0.4841908842054515,68.92219677031578,40.26104094327106,100.0,0.010000000707805157,0.2616364359855652,1.0
4374,0.003229594432636072,0.03897003338737046,28.326543200995317,100.0,0.010000000707805157,0.0007170497556217015,1.0
4375,0.3727594266064334,56.793511435059465,39.54050497764099,100.0,0.010000000707805157,0.15677520632743835,1.0
4376,0.3723947392998796,56.740955592955665,39.53862738402928,100.0,0.010000000707805157,0.15654852986335754,1.0
4377,0.34577976962398316,25.807836021679652,37.8779587814834,100.0,0.010000000707805157,0.09481549263000488,1.0
4378,0.3455940941885577,25.842261506839183,37.878574413577844,100.0,0.010000000707805157,0.09472312778234482,1.0
4379,0.3454087180142824,25.87668491088907,37.87917021343557,100.0,0.010000000707805157,0.09463109821081161,1.0
4380,0.46249045698123237,46.61918109097381,40.53851119419892,100.0,0.010000000707805157,0.198452889919281,1.0
4381,0.5072456966712019,62.42086000782674,39.23875706695711,100.0,0.010000000707805157,0.25010114908218384,1.0
4382,0.5303257337443325,55.33426427286716,37.80683196453888,100.0,0.010000000707805157,0.23978744447231293,1.0
4383,0.5924791927778752,73.52747936494401,39.93504194839922,100.0,0.010000000707805157,0.3533979058265686,1.0
4384,0.5541381448374352,60.73836089584619,41.08156934915257,100.0,0.010000000707805157,0.3010985255241394,1.0
4385,0.3067097227038534,38.7273319629219,41.91217963193662,100.0,0.010000000707805157,0.10386660695075989,1.0
4386,0.4609142045673158,46.70303269446995,40.52714135933545,100.0,0.010000000707805157,0.1971185952425003,1.0
4387,0.5290806904805482,55.25113355154923,37.79974236521356,100.0,0.010000000707805157,0.2386966347694397,1.0
4388,0.30632369466914383,38.728544401581026,41.90869663716838,100.0,0.010000000707805157,0.10364028811454773,1.0
4389,0.46029330487123105,46.73413005421683,40.52037286551818,100.0,0.010000000707805157,0.19662077724933624,1.0
4390,0.3436863289712809,26.03680672536442,37.86929044865057,100.0,0.010000000707805157,0.09363655000925064,1.0
4391,0.4014073426690851,48.64452672865712,37.77270877374387,100.0,0.010000000707805157,0.14493507146835327,1.0
4392,0.5278301560820805,55.25887744256997,37.79488205866711,100.0,0.010000000707805157,0.23761199414730072,1.0
4393,0.47960060662994186,68.51701117448367,40.255401795424014,100.0,0.010000000707805157,0.2575427293777466,1.0
4394,0.34316236875166495,26.081733772186467,37.86457119985342,100.0,0.010000000707805157,0.093267522752285,1.0
4395,0.649131990435416,66.30594215879661,40.51007630629103,100.0,0.010000000707805157,0.39103013277053833,1.0
4396,0.4783728659569174,68.52483199437626,40.257649143740046,100.0,0.010000000707805157,0.25652629137039185,1.0
4397,0.4000053576841069,48.43129130534841,37.75719890339338,100.0,0.010000000707805157,0.14400804042816162,1.0
4398,0.29143828895495305,57.60850362492874,37.70629101377831,100.0,0.010000000707805157,0.10247823596000671,1.0
4399,0.3675512793801445,56.10282684394438,39.52664347070323,100.0,0.010000000707805157,0.15342189371585846,1.0
4400,0.43069509052362964,54.76797716795937,41.88425782251947,100.0,0.010000000707805157,0.20451994240283966,1.0
4401,0.5019608433707151,61.89297325880395,39.21725257378929,100.0,0.010000000707805157,0.24530147016048431,1.0
4402,0.2045342289182517,40.40942167917208,37.684497676853525,100.0,0.010000000707805157,0.05114626884460449,1.0
4403,0.429867315022491,54.78253706278121,41.87478513908984,100.0,0.010000000707805157,0.20380499958992004,1.0
4404,0.0030170589598059088,0.035347760663210534,28.237713943078845,100.0,0.010000000707805157,0.0006699612131342292,1.0
4405,0.3658685448769157,55.9644827723413,39.524973039884614,100.0,0.010000000707805157,0.15239135921001434,1.0
4406,0.20371836200558802,40.254924845789176,37.672477070943,100.0,0.010000000707805157,0.05093070864677429,1.0
4407,0.34302113860161026,25.89174819415379,37.84229269412762,100.0,0.010000000707805157,0.09280452877283096,1.0
4408,0.500903953531523,61.65464778006749,39.20856153073812,100.0,0.010000000707805157,0.24423445761203766,1.0
4409,0.3033215136359653,38.64239317936124,41.857751336768786,100.0,0.010000000707805157,0.10169540345668793,1.0
4410,0.5630564299769854,67.81509044651827,37.720682121852825,100.0,0.010000000707805157,0.28505876660346985,1.0
4411,0.500031675546157,61.50496387842415,39.200198397725465,100.0,0.010000000707805157,0.2434310019016266,1.0
4412,0.5924348421985796,45.07881521525248,37.840091517511524,100.0,0.010000000707805157,0.27582818269729614,1.0
4413,0.5700392311699104,53.45761666397543,39.78692004954199,100.0,0.010000000707805157,0.28442081809043884,1.0
4414,0.42796603990072474,54.65793327142614,41.85372361838487,100.0,0.010000000707805157,0.20212793350219727,1.0
4415,0.0029501280269860057,0.03423908447636328,28.206919497033,100.0,0.010000000707805157,0.0006548396777361631,1.0
4416,0.2859303625239726,56.57209892859449,37.65179353997131,100.0,0.010000000707805157,0.10036014020442963,1.0
4417,0.28487841293166144,56.42867224601999,37.64131020442414,100.0,0.010000000707805157,0.09999725222587585,1.0
4418,0.6041570607894361,77.47314149753099,41.84721765548339,100.0,0.010000000707805157,0.4029396176338196,1.0
4419,0.3014819058295581,38.59761607506381,41.828657573958566,100.0,0.010000000707805157,0.10059478133916855,1.0
4420,0.4554300116854829,46.565137117770654,40.45326805442772,100.0,0.010000000707805157,0.1917801797389984,1.0
4421,0.4973584813284971,61.28724526088074,39.19282951565155,100.0,0.010000000707805157,0.2411283254623413,1.0
4422,0.39571762801095783,47.38144538024695,37.685574358308685,100.0,0.010000000707805157,0.14107558131217957,1.0
4423,0.3411975004307273,25.944854358310124,37.81805112988075,100.0,0.010000000707805157,0.09159481525421143,1.0
4424,0.42532640673346056,54.679134878788695,41.82335572221362,100.0,0.010000000707805157,0.19996005296707153,1.0
4425,0.19996856762839826,39.51155339475195,37.620101399194986,100.0,0.010000000707805157,0.04987306147813797,1.0
4426,0.48218716336909057,36.726633709374816,37.81710709287357,100.0,0.010000000707805157,0.18241365253925323,1.0
4427,0.34065666887965257,25.99788243306921,37.8148105707923,100.0,0.010000000707805157,0.09131733328104019,1.0
4428,0.5210090327226944,54.11578094487519,37.71428885032802,100.0,0.010000000707805157,0.23113283514976501,1.0
4429,0.4247759857998968,54.59663018001208,41.817329127399034,100.0,0.010000000707805157,0.19947364926338196,1.0
4430,0.2820081578660323,55.7956690349994,37.61258969632602,100.0,0.010000000707805157,0.09883131086826324,1.0
4431,0.5436726237663579,60.54186830189221,40.97403587892497,100.0,0.010000000707805157,0.28949397802352905,1.0
4432,0.39381339218412115,47.160125269887786,37.667237799441025,100.0,0.010000000707805157,0.13988319039344788,1.0
4433,0.2805272144789901,55.549775399158776,37.59784339702683,100.0,0.010000000707805157,0.09828682243824005,1.0
4434,0.3590107127606493,54.91889750159593,39.489837602952086,100.0,0.010000000707805157,0.14816910028457642,1.0
4435,0.002797581537477962,0.031807416449529606,28.14355725025771,100.0,0.010000000707805157,0.0006208447157405317,1.0
4436,0.5429989797200749,60.42204830465083,40.96136767236606,100.0,0.010000000707805157,0.2885285019874573,1.0
4437,0.34166317478874547,67.79506340400758,37.58149749943319,100.0,0.010000000707805157,0.14634937047958374,1.0
4438,0.34020876233326003,25.887693011975053,37.79426799173811,100.0,0.010000000707805157,0.09074186533689499,1.0
4439,0.19622664146684565,38.88334408682276,37.567529802282486,100.0,0.010000000707805157,0.04887906461954117,1.0
4440,0.43853577826839446,60.87812656878484,37.60705784294741,100.0,0.010000000707805157,0.18716645240783691,1.0
4441,0.4806253295359687,36.680402293941995,37.792545318897446,100.0,0.010000000707805157,0.180528461933136,1.0
4442,0.4928248776954854,60.46322218288951,39.14606546823699,100.0,0.010000000707805157,0.23700149357318878,1.0
4443,0.39135197887138523,46.6499669502604,37.626183138255904,100.0,0.010000000707805157,0.13825662434101105,1.0
4444,0.27525387975751336,54.7288854000187,37.54557204384867,100.0,0.010000000707805157,0.09637467563152313,1.0
4445,0.46527492263675846,66.48122155775309,40.185132384647524,100.0,0.010000000707805157,0.24507838487625122,1.0
4446,0.3559107944650626,54.24125046564145,39.45947317432835,100.0,0.010000000707805157,0.146278977394104,1.0
4447,0.27317736992117436,54.38942394311326,37.5240669784638,100.0,0.010000000707805157,0.0956396758556366,1.0
4448,0.42204881654237975,53.96403836064291,41.75240028844937,100.0,0.010000000707805157,0.19645607471466064,1.0
4449,0.541106819987051,59.9625256435653,40.91797807032939,100.0,0.010000000707805157,0.2856886088848114,1.0
4450,0.5170549218358206,52.98720907058245,37.640936020467485,100.0,0.010000000707805157,0.22698605060577393,1.0
4451,0.4206483543642082,54.04727061876799,41.74234575126197,100.0,0.010000000707805157,0.1955333948135376,1.0
4452,0.40257335630124297,66.30620323163163,38.774112245549084,100.0,0.010000000707805157,0.192385733127594,1.0
4453,0.38953365622823544,46.015834267375574,37.58422623908338,100.0,0.010000000707805157,0.13695672154426575,1.0
4454,0.48948694075339455,59.82804288593175,39.11964291096077,100.0,0.010000000707805157,0.23395222425460815,1.0
4455,0.38894525111042255,45.94063450510056,37.577401028017576,100.0,0.010000000707805157,0.13660089671611786,1.0
4456,0.4327864563206806,59.66164563632269,37.53968496637923,100.0,0.010000000707805157,0.18332794308662415,1.0
4457,0.3387298979386352,25.780304546772214,37.75628521034676,100.0,0.010000000707805157,0.08948195725679398,1.0
4458,0.45011263000031715,45.968721207173814,40.33574211721116,100.0,0.010000000707805157,0.18633361160755157,1.0
4459,0.4881795238424293,59.65310915424759,39.10666327417327,100.0,0.010000000707805157,0.23288236558437347,1.0
4460,0.5381758871881341,59.791352921271425,40.878900205906405,100.0,0.010000000707805157,0.28272250294685364,1.0
4461,0.2957743172356302,38.02709067787318,41.70639309419904,100.0,0.010000000707805157,0.09698837995529175,1.0
4462,0.3378985441237312,25.83088092832337,37.749133357207384,100.0,0.010000000707805157,0.08911078423261642,1.0
4463,0.18959117847290813,37.722268414426004,37.4734354049114,100.0,0.010000000707805157,0.04710833728313446,1.0
4464,0.5694642874554119,70.84168592261132,39.81244041195894,100.0,0.010000000707805157,0.32846516370773315,1.0
4465,0.2950598438274388,38.025342654755704,41.695134584034925,100.0,0.010000000707805157,0.09661896526813507,1.0
4466,0.26712060198525983,53.22748332313261,37.462638953647605,100.0,0.010000000707805157,0.09332503378391266,1.0
4467,0.002548479357242533,0.02794509067307758,28.031260239090116,100.0,0.010000000707805157,0.0005649955710396171,1.0
4468,0.3377680177893699,25.770461032363613,37.7403655159163,100.0,0.010000000707805157,0.08891290426254272,1.0
4469,0.18824516986325712,37.490374203100764,37.45376923675034,100.0,0.010000000707805157,0.04675690829753876,1.0
4470,0.47725149205807915,36.52548587982824,37.74100985836613,100.0,0.010000000707805157,0.17711356282234192,1.0
4471,0.4478269310440833,45.95064100465241,40.3053301435968,100.0,0.010000000707805157,0.18459190428256989,1.0
4472,0.4474700577850621,45.978557447357645,40.30289514164171,100.0,0.010000000707805157,0.18438564240932465,1.0
4473,0.33663606307853583,25.900945467928672,37.73551204904078,100.0,0.010000000707805157,0.08844643086194992,1.0
4474,0.4566791258273528,65.63224597499703,40.15118958889809,100.0,0.010000000707805157,0.23826879262924194,1.0
4475,0.18768295152273107,37.348743614117176,37.445925396762505,100.0,0.010000000707805157,0.04657985270023346,1.0
4476,0.2939160603466159,37.93690881253883,41.67384579880116,100.0,0.010000000707805157,0.09597580879926682,1.0
4477,0.0025133835329432105,0.02739827602075026,28.01348124862497,100.0,0.010000000707805157,0.000557195337023586,1.0
4478,0.38517119192091587,45.41853552852787,37.53619135965874,100.0,0.010000000707805157,0.13432811200618744,1.0
4479,0.1870243905837886,37.23914445986463,37.43629043352365,100.0,0.010000000707805157,0.04640902951359749,1.0
4480,0.4276418659264693,58.75292184753164,37.49123095735647,100.0,0.010000000707805157,0.17994919419288635,1.0
4481,0.33639496361757,25.83465620613711,37.723715450710024,100.0,0.010000000707805157,0.08814826607704163,1.0
4482,0.0024900296542522725,0.027054312562614327,28.001319771144388,100.0,0.010000000707805157,0.0005517172394320369,1.0
4483,0.5181429680940476,69.9113521436313,38.585206175892466,100.0,0.010000000707805157,0.27489912509918213,1.0
4484,0.002475071892629292,0.02686101842407757,27.99589548945504,100.0,0.010000000707805157,0.0005483232089318335,1.0
4485,0.41507338640020636,53.50638590449851,41.660308834835035,100.0,0.010000000707805157,0.1908869743347168,1.0
4486,0.18540746121874288,36.96698586846679,37.41277170676069,100.0,0.010000000707805157,0.045987848192453384,1.0
4487,0.445923977822495,45.793698058489746,40.27073849343102,100.0,0.010000000707805157,0.1828840672969818,1.0
4488,0.5876429456426827,64.45365955599424,38.84231765589902,100.0,0.010000000707805157,0.3156227469444275,1.0
4489,0.2925845444637926,37.77079551956709,41.643614650282544,100.0,0.010000000707805157,0.09517540037631989,1.0
4490,0.3458228123729738,52.843567604005315,39.40825462308941,100.0,0.010000000707805157,0.1403961181640625,1.0
4491,0.44481022888723765,45.8147090276935,40.259362814526256,100.0,0.010000000707805157,0.18211856484413147,1.0
4492,0.5314767692987669,59.570755129298284,40.803228364920905,100.0,0.010000000707805157,0.2763611078262329,1.0
4493,0.514827747592789,69.53581576966873,38.575282479531566,100.0,0.010000000707805157,0.2722129225730896,1.0
4494,0.4436826178709462,45.83621966432095,40.247651170084026,100.0,0.010000000707805157,0.1813548058271408,1.0
4495,0.002408925619894494,0.025831267306422254,27.96308203905088,100.0,0.010000000707805157,0.0005338534829206765,1.0
4496,0.5032045547508566,65.80750828971766,41.62390432314298,100.0,0.010000000707805157,0.2822648286819458,1.0
4497,0.2598906388845282,51.79121504253556,37.38775762020792,100.0,0.010000000707805157,0.09053930640220642,1.0
4498,0.42331312665671256,57.80759407223513,37.4436199545746,100.0,0.010000000707805157,0.17707429826259613,1.0
4499,0.2580956702488924,51.542967388505396,37.369532015374794,100.0,0.010000000707805157,0.08992061764001846,1.0
4500,0.33496983288960114,25.703974685852693,37.68804416419247,100.0,0.010000000707805157,0.08717042207717896,1.0
4501,0.4486885286398298,64.6985398834728,40.10888136275904,100.0,0.010000000707805157,0.2320513129234314,1.0
4502,0.25671554797390356,51.31270516995198,37.355054399392735,100.0,0.010000000707805157,0.08942657709121704,1.0
4503,0.3806264542583091,44.37341347682873,37.4601014146996,100.0,0.010000000707805157,0.13138890266418457,1.0
4504,0.380317301753598,44.3500199808312,37.457184287207305,100.0,0.010000000707805157,0.1312195360660553,1.0
4505,0.4425099454263361,45.562587276443715,40.21321210085339,100.0,0.010000000707805157,0.18002519011497498,1.0
4506,0.3410455146719702,52.14459266056955,39.378518462822655,100.0,0.010000000707805157,0.13768453896045685,1.0
4507,0.6467847587872789,58.45583986450792,39.16770494088508,100.0,0.010000000707805157,0.352454274892807,1.0
4508,0.42517511721264134,73.06912128272668,38.338521006848445,100.0,0.010000000707805157,0.22573581337928772,1.0
4509,0.33978173764489794,51.94697470140075,39.369961929789056,100.0,0.010000000707805157,0.13697108626365662,1.0
4510,0.0022892370639823866,0.024091833679878327,27.905020783437635,100.0,0.010000000707805157,0.0005069972830824554,1.0
4511,0.0022887238897386884,0.024089735678079337,27.905148922205115,100.0,0.010000000707805157,0.0005068781902082264,1.0
4512,0.002288213234515544,0.0240876641118103,27.905273881437125,100.0,0.010000000707805157,0.0005067590973339975,1.0
4513,0.3339094263194539,25.652313853381134,37.66515924231116,100.0,0.010000000707805157,0.08647716045379639,1.0
4514,0.5774113888334033,44.64431162274222,37.66869156940732,100.0,0.010000000707805157,0.25826913118362427,1.0
4515,0.37781198968527524,44.169993058263614,37.43758817592362,100.0,0.010000000707805157,0.12989766895771027,1.0
4516,0.4402414607803828,45.521107038988276,40.1760664024837,100.0,0.010000000707805157,0.17851302027702332,1.0
4517,0.4794429062536399,73.50605586316874,39.369738838649205,100.0,0.010000000707805157,0.272903710603714,1.0
4518,0.0022653622054009956,0.023758558858816153,27.89222110121099,100.0,0.010000000707805157,0.0005015783244743943,1.0
4519,0.0022647219793748546,0.023731365731691198,27.890843192551795,100.0,0.010000000707805157,0.00050139962695539,1.0
4520,0.30825967139465793,61.85019855846845,37.303481315918695,100.0,0.010000000707805157,0.13115088641643524,1.0
4521,0.4163463368232196,56.52268008105778,37.36733561492069,100.0,0.010000000707805157,0.17259852588176727,1.0
4522,0.5512004679571434,52.19521993037772,39.50173774064473,100.0,0.010000000707805157,0.263266384601593,1.0
4523,0.5247983429212666,58.86240187323772,40.69794935562698,100.0,0.010000000707805157,0.26961761713027954,1.0
4524,0.40570013358091384,52.89758503562054,41.53152955484516,100.0,0.010000000707805157,0.1839185357093811,1.0
4525,0.2863914325379706,37.375291277643136,41.52244723976806,100.0,0.010000000707805157,0.09192126989364624,1.0
4526,0.619166183850774,64.47687474652884,40.153880063725296,100.0,0.010000000707805157,0.3535503149032593,1.0
4527,0.0022141212169870606,0.022968719711357062,27.86293111643751,100.0,0.010000000707805157,0.00049026362830773,1.0
4528,0.37920310392025464,62.53942431503755,38.653538459634845,100.0,0.010000000707805157,0.1779244840145111,1.0
4529,0.5004010778309677,50.737330482738585,37.462130893294564,100.0,0.010000000707805157,0.2132168710231781,1.0
4530,0.5478639005586444,52.31839247753069,39.477011942673926,100.0,0.010000000707805157,0.26086220145225525,1.0
4531,0.5744887010554377,63.199669431202146,38.74752636080881,100.0,0.010000000707805157,0.3034002184867859,1.0
4532,0.5203266193929471,58.979133599276565,40.66151770529966,100.0,0.010000000707805157,0.26635971665382385,1.0
4533,0.3733478778554577,43.62899908601155,37.392538225136335,100.0,0.010000000707805157,0.12748605012893677,1.0
4534,0.5004749672279281,67.45528126330042,38.4884564987847,100.0,0.010000000707805157,0.26075828075408936,1.0
4535,0.5451416192235856,52.381720242114156,39.447875618843305,100.0,0.010000000707805157,0.2589064836502075,1.0
4536,0.4340982429743198,45.48028242175601,40.09470100207285,100.0,0.010000000707805157,0.17452290654182434,1.0
4537,0.174551862390854,34.898600310377894,37.253842558884166,100.0,0.010000000707805157,0.043035879731178284,1.0
4538,0.4988312136752267,67.26846172789148,38.479551005088055,100.0,0.010000000707805157,0.2595318853855133,1.0
4539,0.37143205748931274,43.4119466317327,37.37223768465109,100.0,0.010000000707805157,0.12645918130874634,1.0
4540,0.17338062608330884,34.71818654701336,37.23661762915465,100.0,0.010000000707805157,0.04274110123515129,1.0
4541,0.32824044483692655,25.919923144682347,37.602262768225664,100.0,0.010000000707805157,0.08397458493709564,1.0
4542,0.33192037275754677,50.87780816493267,39.32601595550493,100.0,0.010000000707805157,0.13262620568275452,1.0
4543,0.3999581995702895,52.64316129778243,41.46334534298477,100.0,0.010000000707805157,0.1801074743270874,1.0
4544,0.373335980563485,61.60064116775456,38.62249467411226,100.0,0.010000000707805157,0.17437395453453064,1.0
4545,0.5428679133272333,52.24367816876111,39.41586676308542,100.0,0.010000000707805157,0.25681912899017334,1.0
4546,0.17216901058456743,34.47770441366098,37.217864832749385,100.0,0.010000000707805157,0.04241560772061348,1.0
4547,0.2817952939733549,37.1322290737326,41.44194249884801,100.0,0.010000000707805157,0.0897311344742775,1.0
4548,0.5153833946983706,58.74760047391829,40.60148564133299,100.0,0.010000000707805157,0.26219767332077026,1.0
4549,0.32926548468631817,50.717671412351145,39.319016919931784,100.0,0.010000000707805157,0.13130135834217072,1.0
4550,0.3696895480265789,43.013952661938255,37.34454099003272,100.0,0.010000000707805157,0.12539590895175934,1.0
4551,0.37069043073063696,61.24243048926127,38.611200013298806,100.0,0.010000000707805157,0.1728290617465973,1.0
4552,0.28039041804728143,37.114501127814556,41.41680856801797,100.0,0.010000000707805157,0.0891013890504837,1.0
4553,0.39593831307742067,52.63669296047228,41.415085135088546,100.0,0.010000000707805157,0.1776222586631775,1.0
4554,0.3274051927410482,50.54509017312248,39.310543470925694,100.0,0.010000000707805157,0.13035160303115845,1.0
4555,0.3686774945805407,61.03132159130594,38.605078542649274,100.0,0.010000000707805157,0.1717071831226349,1.0
4556,0.36900183041256857,42.63727157670362,37.32120433404869,100.0,0.010000000707805157,0.12479924410581589,1.0
4557,0.32750076874251755,25.673518923160618,37.567917881645,100.0,0.010000000707805157,0.08334583044052124,1.0
4558,0.16941565335644676,33.95555535983371,37.17474563285295,100.0,0.010000000707805157,0.04169446602463722,1.0
4559,0.3683441987263414,42.59651102100251,37.31558226451789,100.0,0.010000000707805157,0.12447144091129303,1.0
4560,0.3680130309034887,42.577400305364115,37.31281222234215,100.0,0.010000000707805157,0.12430882453918457,1.0
4561,0.36768240450418505,42.55834955835748,37.31004011949952,100.0,0.010000000707805157,0.12414661049842834,1.0
4562,0.4913072078287435,49.811263083589935,37.37742228405383,100.0,0.010000000707805157,0.20658767223358154,1.0
4563,0.5642646438807158,62.135151267822664,38.665059460301755,100.0,0.010000000707805157,0.2942807078361511,1.0
4564,0.5176262579635761,60.30884013098714,37.30476127083024,100.0,0.010000000707805157,0.24669165909290314,1.0
4565,0.0019908676497693233,0.019842802299335077,27.738165096124096,100.0,0.010000000707805157,0.00044005969539284706,1.0
4566,0.16735159805293925,33.638814709090035,37.14560559418361,100.0,0.010000000707805157,0.04116044566035271,1.0
4567,0.32516505965932124,49.85572296635838,39.27845889697706,100.0,0.010000000707805157,0.12893661856651306,1.0
4568,0.3650655481937958,60.15330346544754,38.56876464793023,100.0,0.010000000707805157,0.1694057732820511,1.0
4569,0.16616404103719307,33.44687176995259,37.12704304032447,100.0,0.010000000707805157,0.04086705297231674,1.0
4570,0.5105677732087317,58.102130234956995,40.51903960973446,100.0,0.010000000707805157,0.2575880289077759,1.0
4571,0.2777852943893804,36.7267982048487,41.35305850010979,100.0,0.010000000707805157,0.08770173043012619,1.0
4572,0.364923562338089,42.18918947157688,37.27722912370116,100.0,0.010000000707805157,0.12265501916408539,1.0
4573,0.36458748529651475,42.17121158681724,37.274506276391676,100.0,0.010000000707805157,0.12249457836151123,1.0
4574,0.4803215490595937,63.79496157272588,41.35039300550329,100.0,0.010000000707805157,0.2621203064918518,1.0
4575,0.32465430483999413,25.73447606356037,37.528947762926315,100.0,0.010000000707805157,0.08206728100776672,1.0
4576,0.390948781309333,52.063988649746435,41.337295237307096,100.0,0.010000000707805157,0.1740885078907013,1.0
4577,0.0019292314582241511,0.018991826682494287,27.704281067247987,100.0,0.010000000707805157,0.000426480604801327,1.0
4578,0.5350443272556944,51.87770031724094,39.312989309033725,100.0,0.010000000707805157,0.25021958351135254,1.0
4579,0.32136654253480135,49.608557124436466,39.26631096628346,100.0,0.010000000707805157,0.12709173560142517,1.0
4580,0.36341228640314427,42.02934149125765,37.26411844064235,100.0,0.010000000707805157,0.12192032486200333,1.0
4581,0.32359137943827504,25.782845346596368,37.518160962244544,100.0,0.010000000707805157,0.08167984336614609,1.0
4582,0.5042237105882871,72.0791317531463,40.308148260689194,100.0,0.010000000707805157,0.29981958866119385,1.0
4583,0.3198923351267184,49.47853278034136,39.259525157529936,100.0,0.010000000707805157,0.12636199593544006,1.0
4584,0.23211581095718598,46.68583338856826,37.0937268000971,100.0,0.010000000707805157,0.08020594716072083,1.0
4585,0.42405585250616395,44.84770599486061,39.92945016309755,100.0,0.010000000707805157,0.16740764677524567,1.0
4586,0.48261111382979566,64.80992888373805,38.37852692983457,100.0,0.010000000707805157,0.24691182374954224,1.0
4587,0.4567585222284216,36.39149246427475,37.50399597886186,100.0,0.010000000707805157,0.16235610842704773,1.0
4588,0.39638767355117044,53.18148396487287,37.179429577696965,100.0,0.010000000707805157,0.16052177548408508,1.0
4589,0.4555695838276938,36.50055773530009,37.49828110740961,100.0,0.010000000707805157,0.16178713738918304,1.0
4590,0.16262553897655146,32.719787833644475,37.07212425683411,100.0,0.010000000707805157,0.039896413683891296,1.0
4591,0.2736845385891227,36.53384124530255,41.28089477232581,100.0,0.010000000707805157,0.08590236306190491,1.0
4592,0.4730882297245012,63.59396988803352,41.280336992340665,100.0,0.010000000707805157,0.2568380832672119,1.0
4593,0.4214759558638904,44.82804250542891,39.894506045174744,100.0,0.010000000707805157,0.16596552729606628,1.0
4594,0.3214559970792505,25.781377560192656,37.48675046459429,100.0,0.010000000707805157,0.08078689128160477,1.0
4595,0.2720214422179975,36.62790308397609,41.26141359259849,100.0,0.010000000707805157,0.08532017469406128,1.0
4596,0.3164698175478103,49.098387219872826,39.24035429362933,100.0,0.010000000707805157,0.12463298439979553,1.0
4597,0.3551590278534377,58.95917136276305,38.53184099708215,100.0,0.010000000707805157,0.16382917761802673,1.0
4598,0.1614142924762232,32.44173565948266,37.05145051559996,100.0,0.010000000707805157,0.03956441581249237,1.0
4599,0.38334422759442255,51.84089973237927,41.24326983112062,100.0,0.010000000707805157,0.1695513129234314,1.0
4600,0.0018155271608819145,0.017449774436871488,27.636194148059452,100.0,0.010000000707805157,0.0004012274439446628,1.0
4601,0.45446722979419457,36.35024702262748,37.47784673470852,100.0,0.010000000707805157,0.16097113490104675,1.0
4602,0.16115423965984313,32.37394982304317,37.047228304013885,100.0,0.010000000707805157,0.0394856333732605,1.0
4603,0.3147671478359874,48.87061996675172,39.228386799520294,100.0,0.010000000707805157,0.1237558051943779,1.0
4604,0.0018047760302729449,0.01730629980960003,27.629128426029848,100.0,0.010000000707805157,0.0003987854579463601,1.0
4605,0.5518520552133231,61.02887223990217,38.57702291255826,100.0,0.010000000707805157,0.28393423557281494,1.0
4606,0.1603508386140981,32.231706458987986,37.03471350616421,100.0,0.010000000707805157,0.039277851581573486,1.0
4607,0.3138722035799519,48.727795498783145,39.221129253334276,100.0,0.010000000707805157,0.12328121066093445,1.0
4608,0.4188298793025511,44.671355716566794,39.85313052820421,100.0,0.010000000707805157,0.16420894861221313,1.0
4609,0.41837316356865395,44.69375894352313,39.84901765663794,100.0,0.010000000707805157,0.16399851441383362,1.0
4610,0.26901055047852146,36.52205714536049,41.20594468052187,100.0,0.010000000707805157,0.08405134081840515,1.0
4611,0.1597812067879619,32.09569116449329,37.02506759863645,100.0,0.010000000707805157,0.039116889238357544,1.0
4612,0.41779328320536696,44.68782673715443,39.84237862212507,100.0,0.010000000707805157,0.16365540027618408,1.0
4613,0.417336298883381,44.70973715183202,39.83821150344368,100.0,0.010000000707805157,0.163445383310318,1.0
4614,0.22559857921877177,45.35717234960233,37.02069177746114,100.0,0.010000000707805157,0.07773033529520035,1.0
4615,0.4170178634626479,44.662644443989734,39.83080874945288,100.0,0.010000000707805157,0.16320271790027618,1.0
4616,0.3114147279349149,48.5484376082091,39.21047206511239,100.0,0.010000000707805157,0.12212074548006058,1.0
4617,0.15870393763034862,31.888213430729863,37.00784561618562,100.0,0.010000000707805157,0.038832202553749084,1.0
4618,0.41000726104399193,60.77769516350651,39.88967538622201,100.0,0.010000000707805157,0.2050233632326126,1.0
4619,0.46186137431612917,63.43461079752305,41.169465012194976,100.0,0.010000000707805157,0.24904406070709229,1.0
4620,0.547230046908891,60.613002212903645,38.54744868358774,100.0,0.010000000707805157,0.28012824058532715,1.0
4621,0.35575837527922854,40.78290035986321,37.1673073879003,100.0,0.010000000707805157,0.11780782043933868,1.0
4622,0.4922877996419825,57.75582485831557,40.32950028941508,100.0,0.010000000707805157,0.24428321421146393,1.0
4623,0.34618260167844567,57.85809740610069,38.493198062883884,100.0,0.010000000707805157,0.15888524055480957,1.0
4624,0.22207668816437298,44.65545411846561,36.97981684000369,100.0,0.010000000707805157,0.0764293372631073,1.0
4625,0.30749882064872053,48.16679092607555,39.18753847618342,100.0,0.010000000707805157,0.12023340165615082,1.0
4626,0.5450000491175793,60.313138717273986,38.52628811060432,100.0,0.010000000707805157,0.27818748354911804,1.0
4627,0.2640707249314184,36.365686033554816,41.11583187170064,100.0,0.010000000707805157,0.08204341679811478,1.0
4628,0.4415318905093801,54.51138361788047,38.77419563111781,100.0,0.010000000707805157,0.198581725358963,1.0
4629,0.35384213302431794,40.43836116788702,37.14013853298988,100.0,0.010000000707805157,0.11675151437520981,1.0
4630,0.37243331569782234,51.48619296087745,41.10578743089088,100.0,0.010000000707805157,0.1633026897907257,1.0
4631,0.34259971207828305,57.34724070465637,38.47294630614924,100.0,0.010000000707805157,0.15690043568611145,1.0
4632,0.3533900009283079,40.27947638413807,37.129569663845444,100.0,0.010000000707805157,0.11643175780773163,1.0
4633,0.2625139717592542,36.293692825411114,41.08621736809675,100.0,0.010000000707805157,0.08140839636325836,1.0
4634,0.2621735411990203,36.31303058987518,41.08166187797214,100.0,0.010000000707805157,0.08129566162824631,1.0
4635,0.4394850748137145,54.286112021141165,38.759124523069495,100.0,0.010000000707805157,0.19717645645141602,1.0
4636,0.4390143678356804,54.24786501216879,38.75551763718687,100.0,0.010000000707805157,0.19688493013381958,1.0
4637,0.3032934619348642,47.770859416114675,39.16290974671157,100.0,0.010000000707805157,0.11824176460504532,1.0
4638,0.31697090978681103,25.43198968408196,37.390583107234725,100.0,0.010000000707805157,0.07861022651195526,1.0
4639,0.3166230177784204,25.469939196984345,37.38915331394375,100.0,0.010000000707805157,0.07851769030094147,1.0
4640,0.35169152218018623,40.13858149395175,37.11518218795965,100.0,0.010000000707805157,0.11566465348005295,1.0
4641,0.15367206841165595,30.897360161980146,36.92601269086804,100.0,0.010000000707805157,0.03749898076057434,1.0
4642,0.40979101292236036,44.33071405357448,39.7238846968836,100.0,0.010000000707805157,0.15879026055335999,1.0
4643,0.3157230058758195,25.532093813953278,37.381818094497916,100.0,0.010000000707805157,0.0782306119799614,1.0
4644,0.44581881908548804,36.22170312873653,37.38187643545066,100.0,0.010000000707805157,0.15596190094947815,1.0
4645,0.4843903673523063,57.396938052700754,40.23480963378991,100.0,0.010000000707805157,0.23873454332351685,1.0
4646,0.31436509779770444,25.652971209131447,37.37383172412969,100.0,0.010000000707805157,0.07785972952842712,1.0
4647,0.21708926664022213,43.648367156535166,36.923489905293785,100.0,0.010000000707805157,0.07453462481498718,1.0
4648,0.31414096493979027,25.654486986304242,37.37034324266905,100.0,0.010000000707805157,0.07776018977165222,1.0
4649,0.38110201383754155,50.637274501279926,37.03448907912817,100.0,0.010000000707805157,0.1516972780227661,1.0
4650,0.26420269694684007,53.288260079322086,36.90863618801297,100.0,0.010000000707805157,0.11098119616508484,1.0
4651,0.33723972951775927,56.382335455752006,38.43392118679792,100.0,0.010000000707805157,0.15377745032310486,1.0
4652,0.34838249928905696,39.85735798803536,37.08334497069585,100.0,0.010000000707805157,0.11412209272384644,1.0
4653,0.45973844883549075,61.86132190262633,38.23855979904264,100.0,0.010000000707805157,0.2304966002702713,1.0
4654,0.0015719625675630563,0.014302396380608914,27.476555164796387,100.0,0.010000000707805157,0.0003467864007689059,1.0
4655,0.15054339661159022,30.379849476628547,36.87747155439864,100.0,0.010000000707805157,0.03670383617281914,1.0
4656,0.473723980426586,69.41294405013001,40.115213970161705,100.0,0.010000000707805157,0.27606531977653503,1.0
4657,0.4432292118077474,36.14423448119214,37.34918044140526,100.0,0.010000000707805157,0.15435487031936646,1.0
4658,0.4474382340513331,62.331605232778614,41.00509977353903,100.0,0.010000000707805157,0.23853936791419983,1.0
4659,0.29796806293256106,46.97215558204822,39.11897096680391,100.0,0.010000000707805157,0.1155565083026886,1.0
4660,0.4049811783608786,44.076385428856206,39.646158450053385,100.0,0.010000000707805157,0.15602576732635498,1.0
4661,0.3774877749946502,49.82855928628588,36.988384510890526,100.0,0.010000000707805157,0.14939890801906586,1.0
4662,0.40433920438590415,44.04552624473302,39.635089739342376,100.0,0.010000000707805157,0.15569108724594116,1.0
4663,0.21107338221787347,42.591585880912774,36.85480010008521,100.0,0.010000000707805157,0.07238766551017761,1.0
4664,0.2965766695657586,46.7505245748649,39.10660357485859,100.0,0.010000000707805157,0.1148490235209465,1.0
4665,0.25624568100838374,35.77278706441934,40.961607889097394,100.0,0.010000000707805157,0.07878432422876358,1.0
4666,0.5002720861822808,64.34279459825532,39.35054056509395,100.0,0.010000000707805157,0.2696465253829956,1.0
4667,0.14822223701903128,29.882470521303816,36.83740147685098,100.0,0.010000000707805157,0.03608003258705139,1.0
4668,0.40306237452249927,43.93996813499499,39.61447638357805,100.0,0.010000000707805157,0.15485142171382904,1.0
4669,0.2549034966007245,35.77124137857704,40.94045946209447,100.0,0.010000000707805157,0.07831091433763504,1.0
4670,0.14796283457972453,29.818320487089434,36.83272207818721,100.0,0.010000000707805157,0.03600642457604408,1.0
4671,0.45336893865734845,61.03394397715949,38.2018085014273,100.0,0.010000000707805157,0.2259659469127655,1.0
4672,0.3286693969973437,55.264148386140434,38.3887652833668,100.0,0.010000000707805157,0.14918573200702667,1.0
4673,0.4753411309281889,56.64932464142959,40.1115107890459,100.0,0.010000000707805157,0.23186072707176208,1.0
4674,0.20750132535214302,41.90647563745362,36.811921556493225,100.0,0.010000000707805157,0.07109597325325012,1.0
4675,0.3114433981908966,25.344700672601668,37.303423628686716,100.0,0.010000000707805157,0.07637956738471985,1.0
4676,0.29253505671203295,46.33459917564624,39.07932631051977,100.0,0.010000000707805157,0.11296951770782471,1.0
4677,0.43984527201587464,35.909852580398336,37.30135198837494,100.0,0.010000000707805157,0.1522769331932068,1.0
4678,0.2921430719718619,46.28258369057259,39.07630277255343,100.0,0.010000000707805157,0.11278093606233597,1.0
4679,0.4001138422386572,57.16879228748551,36.89736845207926,100.0,0.010000000707805157,0.181724414229393,1.0
4680,0.2527612800039415,35.51246021728591,40.89060353453749,100.0,0.010000000707805157,0.07737171649932861,1.0
4681,0.14509781880486197,29.325298130400636,36.78597701867224,100.0,0.010000000707805157,0.03528411313891411,1.0
4682,0.001445374223766945,0.01275067085298735,27.38901047109591,100.0,0.010000000707805157,0.0003186702961102128,1.0
4683,0.39999699576325887,43.66876187657215,39.55928277066718,100.0,0.010000000707805157,0.15295520424842834,1.0
4684,0.42491798045471807,52.66675419809165,38.62993246114177,100.0,0.010000000707805157,0.18773716688156128,1.0
4685,0.37108710549251855,48.62310488631729,36.916765839210974,100.0,0.010000000707805157,0.14558322727680206,1.0
4686,0.39888327154587405,43.628163208428035,39.5418562715408,100.0,0.010000000707805157,0.15239711105823517,1.0
4687,0.35545193042873535,50.21697804046057,40.867952588720236,100.0,0.010000000707805157,0.15350878238677979,1.0
4688,0.0014247653296783718,0.012468722512631328,27.370019701038782,100.0,0.010000000707805157,0.0003140834451187402,1.0
4689,0.25072116056920235,35.4678201972014,40.857309560554874,100.0,0.010000000707805157,0.07664395868778229,1.0
4690,0.28889211317628394,45.9439199695968,39.05386553398812,100.0,0.010000000707805157,0.11128570139408112,1.0
4691,0.25004325730624233,35.47568359887301,40.84607919385329,100.0,0.010000000707805157,0.07641345262527466,1.0
4692,0.34105092002050896,38.56459517860768,36.98200183120617,100.0,0.010000000707805157,0.11023567616939545,1.0
4693,0.4690053910538985,56.34204377616043,40.036481853029834,100.0,0.010000000707805157,0.22761522233486176,1.0
4694,0.42165414889080804,52.4647647297656,38.60915633202708,100.0,0.010000000707805157,0.1858288049697876,1.0
4695,0.3515592220817357,50.25207331135637,40.82590765493283,100.0,0.010000000707805157,0.15167106688022614,1.0
4696,0.395616542435958,43.637375548795276,39.50810900055323,100.0,0.010000000707805157,0.1507287472486496,1.0
4697,0.4583044137754219,46.14126990416443,37.0597569815608,100.0,0.010000000707805157,0.18462415039539337,1.0
4698,0.14318105722420466,28.86531149806213,36.75205116177817,100.0,0.010000000707805157,0.03474123030900955,1.0
4699,0.24766876637274415,35.422939253156365,40.80856158966109,100.0,0.010000000707805157,0.07558395713567734,1.0
4700,0.30736101864447934,25.355909873147553,37.24955592023885,100.0,0.010000000707805157,0.07496959716081619,1.0
4701,0.4192333648481155,52.36668205981767,38.592922187015304,100.0,0.010000000707805157,0.184553325176239,1.0
4702,0.2852539284344153,45.670667975931956,39.03215552145568,100.0,0.010000000707805157,0.10970669984817505,1.0
4703,0.4185167164043956,52.28105297943279,38.586659624490416,100.0,0.010000000707805157,0.18408150970935822,1.0
4704,0.33781466703434504,38.336970609441764,36.95640299800372,100.0,0.010000000707805157,0.10890552401542664,1.0
4705,0.2843599356319482,45.540473803967565,39.024181988560414,100.0,0.010000000707805157,0.10927416384220123,1.0
4706,0.2839496410313088,45.50291441270484,39.021330154280456,100.0,0.010000000707805157,0.10909195244312286,1.0
4707,0.2835407761648786,45.46548378796504,39.018476117507255,100.0,0.010000000707805157,0.10891049355268478,1.0
4708,0.24535341682548814,35.30691453989918,40.76505122706722,100.0,0.010000000707805157,0.0747244581580162,1.0
4709,0.34636041602182427,50.05734425260423,40.76096401607087,100.0,0.010000000707805157,0.1490260362625122,1.0
4710,0.3657054935300086,47.62777219676625,36.86195179640016,100.0,0.010000000707805157,0.14251910150051117,1.0
4711,0.3061456581816138,25.252537559522573,37.22394980116021,100.0,0.010000000707805157,0.07443942129611969,1.0
4712,0.2443416822116624,35.278967249107055,40.74802137837081,100.0,0.010000000707805157,0.07437087595462799,1.0
4713,0.14081396489139125,28.388589235023865,36.71066862409388,100.0,0.010000000707805157,0.034119583666324615,1.0
4714,0.3449663281287224,49.97917941785416,40.74230974543493,100.0,0.010000000707805157,0.14829736948013306,1.0
4715,0.19876557365474504,40.109821234800116,36.70535912870654,100.0,0.010000000707805157,0.06783854216337204,1.0
4716,0.552504861379817,61.51818205427633,39.43970170029492,100.0,0.010000000707805157,0.29612040519714355,1.0
4717,0.5143429924827945,57.76871656347215,38.285489221474954,100.0,0.010000000707805157,0.2553720772266388,1.0
4718,0.24231210472402398,35.22218164953545,40.71390112184161,100.0,0.010000000707805157,0.07366650551557541,1.0
4719,0.41327754824715585,51.82206175082911,38.54549444436181,100.0,0.010000000707805157,0.18091320991516113,1.0
4720,0.27908605124238706,45.119749140083876,38.9895143010867,100.0,0.010000000707805157,0.10699824243783951,1.0
4721,0.412560171007414,51.736850377884956,38.53898566464293,100.0,0.010000000707805157,0.18044866621494293,1.0
4722,0.45648007941801505,55.95553255047714,39.8999936735506,100.0,0.010000000707805157,0.21973629295825958,1.0
4723,0.30367441904547526,25.252475125507946,37.19180678224839,100.0,0.010000000707805157,0.0736311599612236,1.0
4724,0.48001639805376417,70.80990189465471,40.6832555489699,100.0,0.010000000707805157,0.2915797531604767,1.0
4725,0.3033742205557114,25.225136889654113,37.185998430200456,100.0,0.010000000707805157,0.07352285832166672,1.0
4726,0.27642360512899555,45.01789031768897,38.975439331406164,100.0,0.010000000707805157,0.1059454083442688,1.0
4727,0.40982455778704474,51.6426179412788,38.52276998669133,100.0,0.010000000707805157,0.17899656295776367,1.0
4728,0.23819192329540093,35.192021715573276,40.648662205719425,100.0,0.010000000707805157,0.07231088727712631,1.0
4729,0.40913463440673925,51.5968736857929,38.517746310536545,100.0,0.010000000707805157,0.17860227823257446,1.0
4730,0.0012695366924623474,0.010666217969374295,27.254913281735455,100.0,0.010000000707805157,0.00027977011632174253,1.0
4731,0.427547662779845,35.73277677637368,37.175264236151115,100.0,0.010000000707805157,0.14620094001293182,1.0
4732,0.2749403848552135,44.86982759763302,38.96394130450928,100.0,0.010000000707805157,0.1052941083908081,1.0
4733,0.4879469752819507,50.24369692394485,38.759612158084764,100.0,0.010000000707805157,0.21760118007659912,1.0
4734,0.13827267983963332,27.748437906261245,36.66377983894264,100.0,0.010000000707805157,0.03338783234357834,1.0
4735,0.27414743213057574,44.77649468230842,38.95720653001412,100.0,0.010000000707805157,0.10493648052215576,1.0
4736,0.27374270725226807,44.73800236163813,38.954049834079754,100.0,0.010000000707805157,0.10476025938987732,1.0
4737,0.27333945993184994,44.69962641607891,38.95088926244619,100.0,0.010000000707805157,0.1045847162604332,1.0
4738,0.2729372752763052,44.66135801675887,38.947725925458606,100.0,0.010000000707805157,0.10440972447395325,1.0
4739,0.3824079781493873,43.20831612234803,39.32504641922696,100.0,0.010000000707805157,0.14394910633563995,1.0
4740,0.5385045941251375,51.82319223426756,37.010761850287054,100.0,0.010000000707805157,0.2506420612335205,1.0
4741,0.5695352796444287,56.30985160386823,38.386180586096,100.0,0.010000000707805157,0.2880001664161682,1.0
4742,0.37985411660062457,43.27644418497096,39.2955299128214,100.0,0.010000000707805157,0.1430629938840866,1.0
4743,0.2982807238666732,25.428633820186977,37.13679670082746,100.0,0.010000000707805157,0.07207751274108887,1.0
4744,0.35527714990545395,46.56433124881731,36.790532426985116,100.0,0.010000000707805157,0.1376277059316635,1.0
4745,0.0012281574815775924,0.010165004805197766,27.214663695174668,100.0,0.010000000707805157,0.0002704169601202011,1.0
4746,0.001227924676766804,0.010164451784692241,27.214742942087778,100.0,0.010000000707805157,0.0002703573845792562,1.0
4747,0.35472388731335525,46.49545215579956,36.78524802883697,100.0,0.010000000707805157,0.13733303546905518,1.0
4748,0.38347830129750105,62.8789309457901,38.93183619708646,100.0,0.010000000707805157,0.20705054700374603,1.0
4749,0.49979374214967315,57.17743800901218,38.1811268358515,100.0,0.010000000707805157,0.24643659591674805,1.0
4750,0.32618311573384906,37.31498802315684,36.850369406685346,100.0,0.010000000707805157,0.10403019189834595,1.0
4751,0.13531843488298684,27.198259243430986,36.61414083709421,100.0,0.010000000707805157,0.032618675380945206,1.0
4752,0.4604528730630664,52.85205380040367,36.84834710859761,100.0,0.010000000707805157,0.2075553834438324,1.0
4753,0.4391851290548909,45.2431700323696,36.92826993713801,100.0,0.010000000707805157,0.17468446493148804,1.0
4754,0.40440318731089625,60.16808720664336,40.558128697890474,100.0,0.010000000707805157,0.2112419605255127,1.0
4755,0.3509904311799362,46.080789950118806,36.754781143288234,100.0,0.010000000707805157,0.13550536334514618,1.0
4756,0.2684639605028778,43.89970576076083,38.901229158734466,100.0,0.010000000707805157,0.10224227607250214,1.0
4757,0.1893002545840608,38.14751096362586,36.5891989141892,100.0,0.010000000707805157,0.0642697885632515,1.0
4758,0.3753859722258494,42.92985878746227,39.21536205320307,100.0,0.010000000707805157,0.14080901443958282,1.0
4759,0.440677584112814,55.214523057759294,39.714631310592495,100.0,0.010000000707805157,0.21039006114006042,1.0
4760,0.4159096950752742,36.10492371678655,37.088612387100746,100.0,0.010000000707805157,0.14141204953193665,1.0
4761,0.2312149944437842,34.49866659505228,40.515972119836626,100.0,0.010000000707805157,0.0696878656744957,1.0
4762,0.2308605420924931,34.50962182519398,40.51087093048086,100.0,0.010000000707805157,0.06958410888910294,1.0
4763,0.32232949044952897,37.062384915193334,36.818201690607246,100.0,0.010000000707805157,0.10252318531274796,1.0
4764,0.4740490077095101,50.07037432476534,38.60250791192769,100.0,0.010000000707805157,0.21016214787960052,1.0
4765,0.37199707752453187,42.99091017277866,39.17817066913004,100.0,0.010000000707805157,0.1395033299922943,1.0
4766,0.3714786378456325,43.00292624753552,39.17276793526838,100.0,0.010000000707805157,0.139304518699646,1.0
4767,0.29156352918832484,25.65446263363425,37.06753361936754,100.0,0.010000000707805157,0.07017765194177628,1.0
4768,0.2653492915439894,43.659518296766855,38.878852958607254,100.0,0.010000000707805157,0.10096516460180283,1.0
4769,0.39363062903329904,50.676221801956565,38.386852232865884,100.0,0.010000000707805157,0.17070439457893372,1.0
4770,0.34621405611672773,45.704445514359996,36.7253463104431,100.0,0.010000000707805157,0.13345234096050262,1.0
4771,0.3698183519102042,42.93416093860649,39.147529689811805,100.0,0.010000000707805157,0.13855592906475067,1.0
4772,0.3189700155026139,37.009369707279035,36.799289315588695,100.0,0.010000000707805157,0.10141690820455551,1.0
4773,0.3690294690638083,42.929883467414435,39.13712716008071,100.0,0.010000000707805157,0.13825128972530365,1.0
4774,0.39148790671472405,50.54747557237896,38.3677436167693,100.0,0.010000000707805157,0.1696578711271286,1.0
4775,0.36804020455534775,42.924008060329406,39.12492869074145,100.0,0.010000000707805157,0.13783983886241913,1.0
4776,0.0011329474585858813,0.009048230825067014,27.121189093848518,100.0,0.010000000707805157,0.0002490292536094785,1.0
4777,0.36752508008739665,42.93355753509375,39.119459047999555,100.0,0.010000000707805157,0.13764165341854095,1.0
4778,0.13203874406377872,26.466526646522304,36.555536864594686,100.0,0.010000000707805157,0.031708039343357086,1.0
4779,0.42846993850692466,45.130486167040544,36.870528936582204,100.0,0.010000000707805157,0.1699506640434265,1.0
4780,0.22711865661300992,34.21796947953483,40.447140385515375,100.0,0.010000000707805157,0.06827224791049957,1.0
4781,0.32058824191927043,48.50294968231087,40.442477061218376,100.0,0.010000000707805157,0.13617442548274994,1.0
4782,0.4274787194465335,45.09641259577081,36.864317638585725,100.0,0.010000000707805157,0.1695011556148529,1.0
4783,0.4097965085206831,56.96195778367952,37.933681710423265,100.0,0.010000000707805157,0.1994956135749817,1.0
4784,0.36486241479251486,42.856180777701894,39.081881628087075,100.0,0.010000000707805157,0.13648876547813416,1.0
4785,0.4283010406969369,54.92577127878336,39.58536405644507,100.0,0.010000000707805157,0.20388521254062653,1.0
4786,0.31451017864769987,36.857678413717075,36.769934094624226,100.0,0.010000000707805157,0.0998988077044487,1.0
4787,0.317696447596482,48.34835889326283,40.40793182077066,100.0,0.010000000707805157,0.1348097175359726,1.0
4788,0.3167079295583413,48.37440512612459,40.397669189824114,100.0,0.010000000707805157,0.13440726697444916,1.0
4789,0.1307566775919677,26.134352496189017,36.53007395238727,100.0,0.010000000707805157,0.03133794665336609,1.0
4790,0.42446831123161066,44.95545568904858,36.843287898153214,100.0,0.010000000707805157,0.16806361079216003,1.0
4791,0.22335952081153068,34.08310818870305,40.38474679301859,100.0,0.010000000707805157,0.06705106794834137,1.0
4792,0.38457329090566683,50.185852330383476,38.31257322415241,100.0,0.010000000707805157,0.16622130572795868,1.0
4793,0.442403795403098,52.035682744257834,36.75692764932319,100.0,0.010000000707805157,0.19845660030841827,1.0
4794,0.2839516302226117,25.869935781179432,36.987816777938754,100.0,0.010000000707805157,0.06811865419149399,1.0
4795,0.25778503506376205,42.809121137488795,38.8124607596219,100.0,0.010000000707805157,0.09769415110349655,1.0
4796,0.33760371138966294,44.97686660262511,36.667989942557284,100.0,0.010000000707805157,0.1297319531440735,1.0
4797,0.28330626078874066,25.87960979952825,36.98014250646456,100.0,0.010000000707805157,0.06793152540922165,1.0
4798,0.3597953884893721,42.710533018166,39.0112873330573,100.0,0.010000000707805157,0.13430917263031006,1.0
4799,0.43905639931090373,51.979619419567044,36.74210419355265,100.0,0.010000000707805157,0.19690683484077454,1.0
4800,0.4217811286095678,54.58137648988059,39.507590276676474,100.0,0.010000000707805157,0.20031200349330902,1.0
4801,0.2867223911405184,49.828818146371,38.1360690904472,100.0,0.010000000707805157,0.12762083113193512,1.0
4802,0.2815489021300902,25.934044796268168,36.96216488362068,100.0,0.010000000707805157,0.06747454404830933,1.0
4803,0.5342366827575081,56.46650110594307,38.08184906975626,100.0,0.010000000707805157,0.26790761947631836,1.0
4804,0.30794581517588704,36.63731969795713,36.724431965092656,100.0,0.010000000707805157,0.09767302125692368,1.0
4805,0.28572398758898127,49.63636067296419,38.12691675000524,100.0,0.010000000707805157,0.12706798315048218,1.0
4806,0.4525322858118235,50.015335740422266,38.379560330850666,100.0,0.010000000707805157,0.19966229796409607,1.0
4807,0.47193765591044196,64.16946197301087,39.69784991244247,100.0,0.010000000707805157,0.2639906108379364,1.0
4808,0.3096068998968428,47.71122350459288,40.305386836908305,100.0,0.010000000707805157,0.1308707743883133,1.0
4809,0.31093575380247546,55.72984717965522,37.75170116191736,100.0,0.010000000707805157,0.1564560979604721,1.0
4810,0.25242322391148425,42.186301921671934,38.763199729362775,100.0,0.010000000707805157,0.09539398550987244,1.0
4811,0.39416169264909273,36.75618355724006,36.93027611527516,100.0,0.010000000707805157,0.13326209783554077,1.0
4812,0.4129296521308348,44.811070765065985,36.77719684338191,100.0,0.010000000707805157,0.16311940550804138,1.0
4813,0.3745253622922027,49.568803238922264,38.221800691295364,100.0,0.010000000707805157,0.16140241920948029,1.0
4814,0.32969925592649246,44.37997422706063,36.61622261640425,100.0,0.010000000707805157,0.12644919753074646,1.0
4815,0.0010122919773671167,0.007726063779567598,27.000685395946437,100.0,0.010000000707805157,0.0002219806337961927,1.0
4816,0.2174033499779899,33.44919419035598,40.26987452793124,100.0,0.010000000707805157,0.06490075588226318,1.0
4817,0.304011472343717,36.32250170853688,36.68734579693981,100.0,0.010000000707805157,0.09616583585739136,1.0
4818,0.2762152030536782,26.091640345193852,36.90772153610368,100.0,0.010000000707805157,0.06611277908086777,1.0
4819,0.2757983905753463,26.12764191523146,36.90541235594703,100.0,0.010000000707805157,0.06603123992681503,1.0
4820,0.21706543883698207,33.395682431769295,40.264086617032426,100.0,0.010000000707805157,0.06477402150630951,1.0
4821,0.21671332388145292,33.403049305611354,40.258974271670944,100.0,0.010000000707805157,0.06467490643262863,1.0
4822,0.35020086209296386,42.45689030311559,38.87970505918932,100.0,0.010000000707805157,0.13033834099769592,1.0
4823,0.37392665425850363,58.08907235888947,40.249575546712705,100.0,0.010000000707805157,0.19321715831756592,1.0
4824,0.27513699222364835,26.095731503052047,36.895083550304655,100.0,0.010000000707805157,0.065834179520607,1.0
4825,0.24922506031382724,41.84034340392303,38.7340064997568,100.0,0.010000000707805157,0.09405730664730072,1.0
4826,0.2488403789327144,41.80289786542748,38.730566882973605,100.0,0.010000000707805157,0.0938986986875534,1.0
4827,0.4436489268456807,49.84838188657309,38.28785899837255,100.0,0.010000000707805157,0.19511695206165314,1.0
4828,0.32655943636867435,44.07741069474871,36.59387853471705,100.0,0.010000000707805157,0.12512394785881042,1.0
4829,0.36928230863961925,49.24430067305439,38.17591700163472,100.0,0.010000000707805157,0.15884676575660706,1.0
4830,0.27743863492363513,48.57603578005268,38.06980329561123,100.0,0.010000000707805157,0.1230136975646019,1.0
4831,0.3264506832957084,53.31916999032784,39.27582762884159,100.0,0.010000000707805157,0.15664014220237732,1.0
4832,0.12448534156659985,24.808619431182965,36.41336375335772,100.0,0.010000000707805157,0.029657049104571342,1.0
4833,0.2736632504451375,26.017805317420063,36.87027914245911,100.0,0.010000000707805157,0.06534309685230255,1.0
4834,0.38623571256972267,36.9047499881984,36.86887591470239,100.0,0.010000000707805157,0.13035032153129578,1.0
4835,0.27239012293142995,26.126269875147216,36.8633216762109,100.0,0.010000000707805157,0.06509971618652344,1.0
4836,0.325456159719792,53.17665517394344,39.26639499084856,100.0,0.010000000707805157,0.1560700684785843,1.0
4837,0.29901487297975493,35.99971424955943,36.64457877837254,100.0,0.010000000707805157,0.09438186883926392,1.0
4838,0.4035110303369243,44.562932294350354,36.71720145308886,100.0,0.010000000707805157,0.15903446078300476,1.0
4839,0.3224797499534679,43.726012171549144,36.56350418334037,100.0,0.010000000707805157,0.12337280064821243,1.0
4840,0.46821226938635496,45.51658134724623,36.847884731936425,100.0,0.010000000707805157,0.19368955492973328,1.0
4841,0.2693142627296649,26.302908163722915,36.839029353849654,100.0,0.010000000707805157,0.06442523002624512,1.0
4842,0.29987250492662704,46.69975508644143,40.17273314572828,100.0,0.010000000707805157,0.1260121762752533,1.0
4843,0.40197456424598244,53.68067637836933,39.28194906996341,100.0,0.010000000707805157,0.18983280658721924,1.0
4844,0.24421131603512133,41.15236509335184,38.68212850013878,100.0,0.010000000707805157,0.09186588227748871,1.0
4845,0.0009418770391734051,0.007009459034949712,26.931602759821168,100.0,0.010000000707805157,0.00020625133765861392,1.0
4846,0.2955545872416703,35.97568916619772,36.62435325113193,100.0,0.010000000707805157,0.09336577355861664,1.0
4847,0.2730655134075963,47.88402736045719,38.03372772016812,100.0,0.010000000707805157,0.1207735538482666,1.0
4848,0.3408097724767206,42.11060504379164,38.74696298067764,100.0,0.010000000707805157,0.12641216814517975,1.0
4849,0.29473205280028103,35.89772627026424,36.61564456782507,100.0,0.010000000707805157,0.09304018318653107,1.0
4850,0.2097646754815018,32.83786717968771,40.13099412486814,100.0,0.010000000707805157,0.06232515722513199,1.0
4851,0.26768649545977163,26.264159263589328,36.81607756453898,100.0,0.010000000707805157,0.06395785510540009,1.0
4852,0.12250771595250054,24.377649857667084,36.37643846434769,100.0,0.010000000707805157,0.029114067554473877,1.0
4853,0.3778593491299396,37.229420536850206,36.81381830759896,100.0,0.010000000707805157,0.12758350372314453,1.0
4854,0.29317470960229464,35.919593404638505,36.607995286996726,100.0,0.010000000707805157,0.09261909127235413,1.0
4855,0.4604500814126516,45.82595228178855,36.80674582903882,100.0,0.010000000707805157,0.1906115561723709,1.0
4856,0.24249810986686327,40.801271582585656,38.66005934292694,100.0,0.010000000707805157,0.09103436768054962,1.0
4857,0.33743882134240527,42.093824441764816,38.702629232309725,100.0,0.010000000707805157,0.12529021501541138,1.0
4858,0.0009191240086547332,0.0067838095677893616,26.90816065763522,100.0,0.010000000707805157,0.000201067712623626,1.0
4859,0.2645281348436594,26.463028500330623,36.79283380102237,100.0,0.010000000707805157,0.06330538541078568,1.0
4860,0.2641101448547382,26.49739323288008,36.79039845619971,100.0,0.010000000707805157,0.06322779506444931,1.0
4861,0.3362641114441836,42.12130685241692,38.689429563237574,100.0,0.010000000707805157,0.12493820488452911,1.0
4862,0.1726023534074527,34.335347291210454,36.367869862592634,100.0,0.010000000707805157,0.05776026099920273,1.0
4863,0.24135996480452607,40.64644719315938,38.64828229819535,100.0,0.010000000707805157,0.09054367244243622,1.0
4864,0.1214788093873081,24.163299482146396,36.35770230039157,100.0,0.010000000707805157,0.028833944350481033,1.0
4865,0.12129456631550246,24.138992867065106,36.35454343459589,100.0,0.010000000707805157,0.02879245951771736,1.0
4866,0.0009067388821218103,0.00666807471726789,26.89693620490321,100.0,0.010000000707805157,0.00019832694670185447,1.0
4867,0.0009064309611190385,0.006667783021498463,26.897001992361286,100.0,0.010000000707805157,0.0001982673566089943,1.0
4868,0.2635894781558943,26.451582533614733,36.78012993627075,100.0,0.010000000707805157,0.06303656101226807,1.0
4869,0.12112464420166671,24.112002684198654,36.35166100550938,100.0,0.010000000707805157,0.028750620782375336,1.0
4870,0.12094133540763108,24.087762282633634,36.34851269318456,100.0,0.010000000707805157,0.0287092886865139,1.0
4871,0.12075856206741062,24.063569937151044,36.345371021893136,100.0,0.010000000707805157,0.02866821363568306,1.0
4872,0.0009013570883661587,0.006626038889162146,26.893677598520227,100.0,0.010000000707805157,0.00019707570027094334,1.0
4873,0.28957597707031946,35.76935689925489,36.57918831471261,100.0,0.010000000707805157,0.09140586853027344,1.0
4874,0.12040851212958233,24.013811990479688,36.339437265443415,100.0,0.010000000707805157,0.028586234897375107,1.0
4875,0.12022697881047516,23.98970706408925,36.336313361686,100.0,0.010000000707805157,0.02854541689157486,1.0
4876,0.28910512164194585,35.71132363566914,36.57315203957135,100.0,0.010000000707805157,0.09119261801242828,1.0
4877,0.4256228030397352,49.56535268763115,38.08794621006136,100.0,0.010000000707805157,0.18687492609024048,1.0
4878,0.35511464568077744,48.260081596911995,38.03575228706792,100.0,0.010000000707805157,0.15228214859962463,1.0
4879,0.11971177911414907,23.886032684884498,36.32676736395912,100.0,0.010000000707805157,0.02840884029865265,1.0
4880,0.4239177115033057,49.563215932001704,38.07109476204834,100.0,0.010000000707805157,0.18614345788955688,1.0
4881,0.2867983386342851,35.71359749891297,36.56015298668662,100.0,0.010000000707805157,0.09055731445550919,1.0
4882,0.23917420583089305,40.11460856068034,38.617358960061686,100.0,0.010000000707805157,0.08941486477851868,1.0
4883,0.0008800738365270334,0.006382679769732829,26.863047699938598,100.0,0.010000000707805157,0.0001923090749187395,1.0
4884,0.206915353989046,32.214383891314775,40.063501812512435,100.0,0.010000000707805157,0.061146944761276245,1.0
4885,0.42208714881621695,49.5445525153229,38.05321723109738,100.0,0.010000000707805157,0.18530872464179993,1.0
4886,0.3094921501922645,42.91166088386189,36.47944894703774,100.0,0.010000000707805157,0.11832007020711899,1.0
4887,0.11883901170810605,23.704257346645836,36.31004429634927,100.0,0.010000000707805157,0.028176847845315933,1.0
4888,0.16781061970450778,33.52747193953334,36.30682852718346,100.0,0.010000000707805157,0.05610910803079605,1.0
4889,0.36677228779510135,37.55765889847016,36.73505172885045,100.0,0.010000000707805157,0.12384916096925735,1.0
4890,0.407259943466596,57.824770256124,38.60094618167796,100.0,0.010000000707805157,0.21134838461875916,1.0
4891,0.3352923362363825,56.4497419102897,38.59771541914798,100.0,0.010000000707805157,0.17702090740203857,1.0
4892,0.3297954222171989,41.59826583534542,38.578863255816756,100.0,0.010000000707805157,0.12205439805984497,1.0
4893,0.3292701707452594,41.604604919265164,38.573355234588895,100.0,0.010000000707805157,0.12187446653842926,1.0
4894,0.38692624228344835,52.59717746538594,39.09050435138313,100.0,0.010000000707805157,0.18189316987991333,1.0
4895,0.23518029838485052,39.700527965542406,38.58017955708247,100.0,0.010000000707805157,0.08780702948570251,1.0
4896,0.28737368653199485,45.311331710358665,39.9983828291922,100.0,0.010000000707805157,0.11985021829605103,1.0
4897,0.23421023219801934,39.658621642218165,38.572997520775175,100.0,0.010000000707805157,0.08746261894702911,1.0
4898,0.11732710299110523,23.344016798149788,36.27760139068019,100.0,0.010000000707805157,0.027766302227973938,1.0
4899,0.46070589623607605,51.574658850730344,36.61842508971008,100.0,0.010000000707805157,0.21170830726623535,1.0
4900,0.4148455753158382,49.34168138721409,37.97651567060627,100.0,0.010000000707805157,0.1818297654390335,1.0
4901,0.11702969938278043,23.279157914214412,36.272388053869115,100.0,0.010000000707805157,0.027681317180395126,1.0
4902,0.20197163012340716,31.852696094336434,39.9738526442058,100.0,0.010000000707805157,0.05954885482788086,1.0
4903,0.3680851974514331,60.140317138678284,39.34191709892591,100.0,0.010000000707805157,0.20577722787857056,1.0
4904,0.3797082904827382,44.13340416252504,36.56986169370374,100.0,0.010000000707805157,0.14934377372264862,1.0
4905,0.0008240212027512412,0.005824153885555768,26.798057918015477,100.0,0.010000000707805157,0.00017985605518333614,1.0
4906,0.2836883714249837,45.06580104599538,39.95176174856819,100.0,0.010000000707805157,0.11820071935653687,1.0
4907,0.3249691116781534,48.171691108836406,36.38733605724773,100.0,0.010000000707805157,0.14302948117256165,1.0
4908,0.38046191504367427,52.252450659010805,39.01767158827052,100.0,0.010000000707805157,0.17843186855316162,1.0
4909,0.2581170229975149,45.5592479258147,37.909224186799335,100.0,0.010000000707805157,0.11326326429843903,1.0
4910,0.23017880483093492,39.18172411948735,38.53195570508498,100.0,0.010000000707805157,0.08580491691827774,1.0
4911,0.1987470220599258,31.68357519757354,39.914533377858184,100.0,0.010000000707805157,0.058547839522361755,1.0
4912,0.3226482852062873,41.27281197719114,38.48318017260561,100.0,0.010000000707805157,0.118960902094841,1.0
4913,0.11536316560672376,22.904672701317548,36.236844622718024,100.0,0.010000000707805157,0.027240995317697525,1.0
4914,0.2800820680026438,44.857385528201476,39.90357574015622,100.0,0.010000000707805157,0.11660578101873398,1.0
4915,0.2790294093616884,34.915441205769376,36.47566043650543,100.0,0.010000000707805157,0.08758165687322617,1.0
4916,0.3231027507248787,55.35999824615893,38.51903307344168,100.0,0.010000000707805157,0.17032699286937714,1.0
4917,0.2550085002323048,45.192588618775034,37.886594438264474,100.0,0.010000000707805157,0.11182881891727448,1.0
4918,0.2785514835726198,34.74975038150809,36.46420668075318,100.0,0.010000000707805157,0.08725445717573166,1.0
4919,0.4389542592081486,45.662531899608176,36.649351089412654,100.0,0.010000000707805157,0.18078917264938354,1.0
4920,0.19654006921805503,31.493111012070898,39.87189675202004,100.0,0.010000000707805157,0.057827409356832504,1.0
4921,0.22700188225124085,38.8377032205621,38.49999844157032,100.0,0.010000000707805157,0.08453121036291122,1.0
4922,0.1139694584596231,22.629284017559737,36.20889257392355,100.0,0.010000000707805157,0.026886330917477608,1.0
4923,0.2525351212180174,26.319214407213966,36.637458393368426,100.0,0.010000000707805157,0.06009233742952347,1.0
4924,0.3740324250262978,43.69394790284413,36.520767712595095,100.0,0.010000000707805157,0.1466427743434906,1.0
4925,0.31858606972207565,41.06822155610345,38.4233211584508,100.0,0.010000000707805157,0.11733822524547577,1.0
4926,0.2979063452606192,41.51894247942491,36.375583213635764,100.0,0.010000000707805157,0.11313968896865845,1.0
4927,0.44919947185742914,58.19060560460346,38.41520805604057,100.0,0.010000000707805157,0.2341291308403015,1.0
4928,0.19493798151873984,31.322310280115587,39.84189272807824,100.0,0.010000000707805157,0.05729464069008827,1.0
4929,0.1946091988474421,31.325747351217284,39.83698882790208,100.0,0.010000000707805157,0.057206954807043076,1.0
4930,0.2498330783018333,26.425870248487357,36.613820750922194,100.0,0.010000000707805157,0.05953153222799301,1.0
4931,0.0007661864249559491,0.005289161309236925,26.734164375419933,100.0,0.010000000707805157,0.00016704526206012815,1.0
4932,0.27468169197749864,44.37057917065846,39.83220382216638,100.0,0.010000000707805157,0.11412817239761353,1.0
4933,0.2243451147913225,38.56259489630103,38.47341208725141,100.0,0.010000000707805157,0.08348821848630905,1.0
4934,0.249543502942063,26.392766517473685,36.608038316249925,100.0,0.010000000707805157,0.05943413823843002,1.0
4935,0.2735608494459489,34.67683534328331,36.43166742901789,100.0,0.010000000707805157,0.08586319535970688,1.0
4936,0.4451855662306084,58.11843412761602,38.38154396119915,100.0,0.010000000707805157,0.23197314143180847,1.0
4937,0.15976312999534878,31.6403485848355,36.18634455231921,100.0,0.010000000707805157,0.0530320443212986,1.0
4938,0.33359800480352925,46.67643758115158,37.83059761582352,100.0,0.010000000707805157,0.14201730489730835,1.0
4939,0.24767509308938015,26.450063449150992,36.590471843156145,100.0,0.010000000707805157,0.05903103947639465,1.0
4940,0.11248402573086674,22.269204692684173,36.17747364730043,100.0,0.010000000707805157,0.026469286531209946,1.0
4941,0.15884070546646903,31.49857701909193,36.174455068204765,100.0,0.010000000707805157,0.05272601544857025,1.0
4942,0.34967786621180136,37.44881984281713,36.58678241863675,100.0,0.010000000707805157,0.11776258051395416,1.0
4943,0.46786193970956363,55.640444197109765,37.50875801797125,100.0,0.010000000707805157,0.23260602355003357,1.0
4944,0.24529396647293594,26.58646391426113,36.57276240267301,100.0,0.010000000707805157,0.058577898889780045,1.0
4945,0.0007429114271080149,0.005041843566868129,26.69672398645292,100.0,0.010000000707805157,0.0001618612586753443,1.0
4946,0.11204704561825385,22.184141714461596,36.169638871254925,100.0,0.010000000707805157,0.026351895183324814,1.0
4947,0.3637736099002835,43.768883536352924,36.46699117618447,100.0,0.010000000707805157,0.1430913209915161,1.0
4948,0.310599350625679,40.89017399440248,38.316748272397795,100.0,0.010000000707805157,0.11455632001161575,1.0
4949,0.29326938449859574,49.16635203817791,38.96023834423188,100.0,0.010000000707805157,0.1385403573513031,1.0
4950,0.26810841117554074,34.61721863247696,36.39555304472797,100.0,0.010000000707805157,0.08434975892305374,1.0
4951,0.24770370644715564,43.98670428788132,37.81868298852004,100.0,0.010000000707805157,0.10816521942615509,1.0
4952,0.2676657461137136,34.54703065913043,36.38915633781889,100.0,0.010000000707805157,0.08414403349161148,1.0
4953,0.4084038814402998,53.55251875004432,37.46257804502625,100.0,0.010000000707805157,0.19789108633995056,1.0
4954,0.0007245991536252987,0.004909219066787104,26.684567241595897,100.0,0.010000000707805157,0.00015774977509863675,1.0
4955,0.4073033479935329,53.54493380083919,37.45455604405684,100.0,0.010000000707805157,0.19743597507476807,1.0
4956,0.2657377214944067,34.54957242705012,36.377435928387285,100.0,0.010000000707805157,0.08364209532737732,1.0
4957,0.39044469230392204,48.77843762022225,37.721395392685146,100.0,0.010000000707805157,0.1709037870168686,1.0
4958,0.3063692277997166,40.74749504780299,38.25817389038492,100.0,0.010000000707805157,0.1130291000008583,1.0
4959,0.24009989147753708,26.753984588663045,36.524466085616254,100.0,0.010000000707805157,0.05749014392495155,1.0
4960,0.2638819795067638,34.59878783483679,36.36850903957038,100.0,0.010000000707805157,0.08322447538375854,1.0
4961,0.43143598574774766,57.77969272312,38.247449854410306,100.0,0.010000000707805157,0.22541369497776031,1.0
4962,0.33718160942590303,38.001748305596266,36.51263152824981,100.0,0.010000000707805157,0.11427289247512817,1.0
4963,0.2187851501855648,37.59444744142662,38.40285898574127,100.0,0.010000000707805157,0.08102519810199738,1.0
4964,0.21842787088263332,37.561041608681464,38.39942441489852,100.0,0.010000000707805157,0.08088840544223785,1.0
4965,0.3852696109930419,48.8298055302029,37.67560572733687,100.0,0.010000000707805157,0.1689554750919342,1.0
4966,0.21779700782810918,37.49975523838375,38.39306592323345,100.0,0.010000000707805157,0.08064816892147064,1.0
4967,0.10983473288133426,21.674921832291577,36.12322170581285,100.0,0.010000000707805157,0.025743715465068817,1.0
4968,0.41038882287602696,46.609830881154444,36.49724641467567,100.0,0.010000000707805157,0.17042839527130127,1.0
4969,0.3510222272532841,43.89842994148753,36.399942215332224,100.0,0.010000000707805157,0.13883285224437714,1.0
4970,0.3816378279738516,48.892034276374176,37.64248436410072,100.0,0.010000000707805157,0.1677032709121704,1.0
4971,0.29999884552334233,40.70124866229038,38.178151158818565,100.0,0.010000000707805157,0.11101491749286652,1.0
4972,0.25834805065360184,34.6229547231702,36.3349640015914,100.0,0.010000000707805157,0.08184488862752914,1.0
4973,0.0006925494244499754,0.004609799510175806,26.64180375201334,100.0,0.010000000707805157,0.0001505397231085226,1.0
4974,0.18703345545596248,30.352479497099726,39.6927207416324,100.0,0.010000000707805157,0.05463667958974838,1.0
4975,0.2660459079222343,48.25579638861927,37.41787752190976,100.0,0.010000000707805157,0.13109436631202698,1.0
4976,0.2799392527248074,40.70039258446945,36.26492942142493,100.0,0.010000000707805157,0.10699491202831268,1.0
4977,0.0006840137116626092,0.004509785793316417,26.622884734094075,100.0,0.010000000707805157,0.0001486925029894337,1.0
4978,0.26361607644585205,42.855892478288744,39.67713297805673,100.0,0.010000000707805157,0.10874903202056885,1.0
4979,0.18581032490861676,30.252941832433105,39.66763893251035,100.0,0.010000000707805157,0.05424957722425461,1.0
4980,0.1085861914713839,21.40299568822837,36.09697690800531,100.0,0.010000000707805157,0.025410467758774757,1.0
4981,0.18550763157993236,30.23567635772282,39.66166320823294,100.0,0.010000000707805157,0.054158031940460205,1.0
4982,0.2833982192520123,47.92485370754079,38.862834510413975,100.0,0.010000000707805157,0.1333485245704651,1.0
4983,0.3502672517393614,50.59506623150035,38.6654415323305,100.0,0.010000000707805157,0.16373685002326965,1.0
4984,0.2134309841029258,36.9974985803158,38.346069169320245,100.0,0.010000000707805157,0.07892390340566635,1.0
4985,0.23347222323023134,26.797528777746006,36.45107161760981,100.0,0.010000000707805157,0.055991850793361664,1.0
4986,0.10805840794801384,21.262553393799983,36.083911272829646,100.0,0.010000000707805157,0.025263244286179543,1.0
4987,0.21302466467124911,36.925544322343505,38.340715901194194,100.0,0.010000000707805157,0.07874322682619095,1.0
4988,0.364850134536854,54.8149828084605,38.225489945319545,100.0,0.010000000707805157,0.18796361982822418,1.0
4989,0.2959614918266155,40.331637533980775,38.11782895631577,100.0,0.010000000707805157,0.10907765477895737,1.0
4990,0.2561057522747342,34.155300330153985,36.29794192190129,100.0,0.010000000707805157,0.08076250553131104,1.0
4991,0.21173951200584482,36.786793413225766,38.326838679260746,100.0,0.010000000707805157,0.07824505865573883,1.0
4992,0.3139097491253506,45.523982030777134,37.6376776357244,100.0,0.010000000707805157,0.1336987316608429,1.0
4993,0.23181912025495685,26.7631607946337,36.429896410911695,100.0,0.010000000707805157,0.05558386445045471,1.0
4994,0.3270889433340145,37.948387991295526,36.42794726639318,100.0,0.010000000707805157,0.11092767864465714,1.0
4995,0.1818646074659271,29.99083144699999,39.59547663240387,100.0,0.010000000707805157,0.053057633340358734,1.0
4996,0.3990242205931799,46.62130720124199,36.422614902083744,100.0,0.010000000707805157,0.16595548391342163,1.0
4997,0.2748454686352246,40.20329107050897,36.22191003666754,100.0,0.010000000707805157,0.10498099774122238,1.0
4998,0.2922467634209724,40.277180991445356,38.06872963347519,100.0,0.010000000707805157,0.10792934894561768,1.0
4999,0.29175712866874387,40.277043775819756,38.06337331801225,100.0,0.010000000707805157,0.107769675552845,1.0
