t,x,g_raw,g_ratio,alpha,gamma,loss,acc
0,6.362305678354809,919.2586565605046,195.70580481090545,500.0,0.010000000707805157,1.3519723415374756,1.0
1,6.340040808166547,915.4190352759202,195.7375915319426,500.0,0.010000000707805157,1.3414256572723389,1.0
2,6.023367510505907,956.3215679696779,207.27445457637802,500.0,0.010000000707805157,1.3404388427734375,1.0
3,5.905799008783232,930.0804882218615,199.91063855186772,500.0,0.010000000707805157,1.3403828144073486,1.0
4,6.564674779934029,858.5107083251551,184.0394413973429,500.0,0.010000000707805157,1.3028007745742798,1.0
5,6.160524838862614,876.4992186364248,188.41860014227743,500.0,0.010000000707805157,1.3091176748275757,1.0
6,6.232913123836558,897.509589356277,195.91731454608072,500.0,0.010000000707805157,1.2930418252944946,1.0
7,6.191132858361732,902.2143802667689,193.1721538462134,500.0,0.010000000707805157,1.2875711917877197,1.0
8,5.906274196507353,937.416090050222,207.50746533329192,500.0,0.010000000707805157,1.2973062992095947,1.0
9,5.7737944670948265,919.4957328256667,197.20245946316456,500.0,0.010000000707805157,1.3025579452514648,1.0
10,5.355773050272707,940.4805911706555,201.01443649478176,500.0,0.010000000707805157,1.3304539918899536,1.0
11,5.867441892167904,930.8954097604516,207.57457891844714,500.0,0.010000000707805157,1.2833073139190674,1.0
12,6.108278606633973,888.1994146603454,193.31474519385725,500.0,0.010000000707805157,1.2518588304519653,1.0
13,5.644226225236518,877.7341049014032,192.7993252152161,500.0,0.010000000707805157,1.2830004692077637,1.0
14,6.093441164281113,874.0003547148785,196.22154043960333,500.0,0.010000000707805157,1.231431245803833,1.0
15,5.683389178356406,903.7004727473047,197.36681196068315,500.0,0.010000000707805157,1.268784999847412,1.0
16,5.599989795558621,869.6837341425378,192.8826019274913,500.0,0.010000000707805157,1.264967441558838,1.0
17,5.654997890207402,898.6919935606273,197.42433702693262,500.0,0.010000000707805157,1.2580872774124146,1.0
18,5.939293983032076,837.4796569421175,188.74308346832657,500.0,0.010000000707805157,1.2070133686065674,1.0
19,5.91958021441629,833.8981619962115,188.7879773809761,500.0,0.010000000707805157,1.1978404521942139,1.0
20,5.962716357408545,862.7926585613218,193.6676283271092,500.0,0.010000000707805157,1.1883304119110107,1.0
21,5.941893607275075,859.1295384839981,193.72197491961094,500.0,0.010000000707805157,1.1792840957641602,1.0
22,5.9503013726620875,848.6821172694678,196.69459224885392,500.0,0.010000000707805157,1.1675810813903809,1.0
23,5.374953893770225,953.5366592415761,215.3036265724598,500.0,0.010000000707805157,1.269876480102539,1.0
24,5.545561645138939,878.9045774044523,197.6938966230789,500.0,0.010000000707805157,1.217048168182373,1.0
25,5.823107807056053,815.8083836121997,189.03190512973777,500.0,0.010000000707805157,1.1528565883636475,1.0
26,5.371278703782709,941.3837355776067,218.8167163856286,500.0,0.010000000707805157,1.2575898170471191,1.0
27,4.81838598290951,956.3642786073679,208.33858868227915,500.0,0.010000000707805157,1.329862117767334,1.0
28,6.119518233854837,778.4517082631253,184.63825297846995,500.0,0.010000000707805157,1.0748039484024048,1.0
29,6.093392356044716,773.4334983702071,184.71013010086102,500.0,0.010000000707805157,1.061547040939331,1.0
30,5.049612931651664,863.9852564057442,197.12040084689872,500.0,0.010000000707805157,1.2568316459655762,1.0
31,4.873757360529381,969.4855527370795,214.84897815244938,500.0,0.010000000707805157,1.3185023069381714,1.0
32,5.183995807494944,913.2344811743995,208.3780608716761,500.0,0.010000000707805157,1.2477009296417236,1.0
33,5.213283655749324,906.486446150878,211.58454966554015,500.0,0.010000000707805157,1.2431519031524658,1.0
34,5.433772684570084,857.6224525182284,197.98614179634095,500.0,0.010000000707805157,1.1753545999526978,1.0
35,5.209208664541957,935.5196080432281,212.1516007863807,500.0,0.010000000707805157,1.2397422790527344,1.0
36,5.496342092945115,877.2339920975426,205.29255928353368,500.0,0.010000000707805157,1.1641526222229004,1.0
37,5.730695728459711,819.9132859942512,194.35966914758419,500.0,0.010000000707805157,1.087717056274414,1.0
38,5.749099614227415,811.4843715071369,197.44291958352085,500.0,0.010000000707805157,1.0780675411224365,1.0
39,5.411857386352822,873.654654319073,202.4322003612462,500.0,0.010000000707805157,1.1500236988067627,1.0
40,5.718972570490337,805.8224068800496,197.59019321230014,500.0,0.010000000707805157,1.0648629665374756,1.0
41,5.087571667942628,894.7365388794778,208.47012105591335,500.0,0.010000000707805157,1.2215766906738281,1.0
42,5.299162671494254,809.9968216634893,193.68932333025762,500.0,0.010000000707805157,1.1422014236450195,1.0
43,5.366076674830613,832.097929101203,201.3057005411982,500.0,0.010000000707805157,1.1337215900421143,1.0
44,5.668882091510044,796.2221648667648,197.82337240567844,500.0,0.010000000707805157,1.042945146560669,1.0
45,4.737638877394046,943.0705819164143,214.60287365463978,500.0,0.010000000707805157,1.297574520111084,1.0
46,5.295352792659657,830.4643036148678,198.4003973489532,500.0,0.010000000707805157,1.124517798423767,1.0
47,5.596060968264836,794.0274830649645,194.9071868921284,500.0,0.010000000707805157,1.030258297920227,1.0
48,4.708806865762354,937.4870580960508,214.54778141344966,500.0,0.010000000707805157,1.2928314208984375,1.0
49,5.3843038657472375,844.7569860986483,209.0623634749181,500.0,0.010000000707805157,1.1094632148742676,1.0
50,5.82908767181583,720.6188163718532,185.62714309222196,500.0,0.010000000707805157,0.9255561828613281,1.0
51,5.805941541704537,715.9056435745129,185.73029601236715,500.0,0.010000000707805157,0.9142603874206543,1.0
52,5.496803982706983,750.4326739612653,190.23996273672321,500.0,0.010000000707805157,1.0016441345214844,1.0
53,5.504440117540561,776.189026765081,195.3741552598341,500.0,0.010000000707805157,0.9919782280921936,1.0
54,4.596596934996912,927.831813669658,211.56315590528072,500.0,0.010000000707805157,1.2853474617004395,1.0
55,5.207103755711422,835.0214176344888,203.08070052454477,500.0,0.010000000707805157,1.0815470218658447,1.0
56,4.956426597691103,889.0665908504486,212.4364474590035,500.0,0.010000000707805157,1.177236557006836,1.0
57,5.0022168865816115,885.4436161269902,215.58962606399004,500.0,0.010000000707805157,1.1761988401412964,1.0
58,4.979547236252829,860.1068876075783,211.80518768024646,500.0,0.010000000707805157,1.1793917417526245,1.0
59,5.446804329079107,764.7673013642287,195.551706045007,500.0,0.010000000707805157,0.9684468507766724,1.0
60,4.837440633469298,835.7077984626847,201.78054107167137,500.0,0.010000000707805157,1.1778461933135986,1.0
61,4.968033779611815,878.9449967799148,215.58914195355433,500.0,0.010000000707805157,1.167846918106079,1.0
62,5.4062374762792,731.2407906408985,190.657909820728,500.0,0.010000000707805157,0.9612749814987183,1.0
63,5.106151656095449,767.9835234058071,194.45580420911097,500.0,0.010000000707805157,1.0655920505523682,1.0
64,4.87361047995125,851.3398339714666,208.76191964216426,500.0,0.010000000707805157,1.1648976802825928,1.0
65,5.153534998190307,788.9484783001263,202.16816140541607,500.0,0.010000000707805157,1.0556464195251465,1.0
66,5.143774195191894,786.9679647422543,202.2081336232002,500.0,0.010000000707805157,1.0520985126495361,1.0
67,5.0805822693390885,786.390593244245,199.1874275755926,500.0,0.010000000707805157,1.0479844808578491,1.0
68,5.070390902283599,784.301941590845,199.22662624353106,500.0,0.010000000707805157,1.0444345474243164,1.0
69,4.826324742215238,819.075637841395,204.905716451097,500.0,0.010000000707805157,1.1587226390838623,1.0
70,5.109263524705096,779.8190317468415,202.37410203829506,500.0,0.010000000707805157,1.039768934249878,1.0
71,5.320316255874235,738.9886143976826,196.22558670880682,500.0,0.010000000707805157,0.917795717716217,1.0
72,5.559295422138076,664.7243200073788,186.92288606475915,500.0,0.010000000707805157,0.7958242297172546,1.0
73,5.072496757915527,772.197362760823,202.56358189956512,500.0,0.010000000707805157,1.0268666744232178,1.0
74,4.78441500429355,809.5393632926098,205.00495381822375,500.0,0.010000000707805157,1.1462650299072266,1.0
75,5.265161197360761,701.7642540906539,191.43234656293512,500.0,0.010000000707805157,0.9007672071456909,1.0
76,5.250974395772474,698.8274693300352,191.51792400188683,500.0,0.010000000707805157,0.8948955535888672,1.0
77,5.0327011433916615,763.9615618994023,202.76811516178867,500.0,0.010000000707805157,1.0128846168518066,1.0
78,5.229966747431214,720.6206093826819,196.81667596380976,500.0,0.010000000707805157,0.8830472826957703,1.0
79,5.068174351576637,783.497893953747,210.40791853992434,500.0,0.010000000707805157,1.0039832592010498,1.0
80,4.79443348939179,821.144998972538,212.00374861154054,500.0,0.010000000707805157,1.1298474073410034,1.0
81,5.441110059233265,640.066904551608,187.60060270667265,500.0,0.010000000707805157,0.7433958649635315,1.0
82,4.9266331135837875,778.4122881017257,204.3274882465648,500.0,0.010000000707805157,0.9947104454040527,1.0
83,4.915741536687094,752.0572105835658,199.99918639836636,500.0,0.010000000707805157,0.9934066534042358,1.0
84,4.960591924774052,749.9646087525093,203.0800241876097,500.0,0.010000000707805157,0.9905067682266235,1.0
85,5.000707593513206,771.9501645393681,210.64459116392567,500.0,0.010000000707805157,0.9851177930831909,1.0
86,4.880554247816031,770.4080744562509,204.48952737169898,500.0,0.010000000707805157,0.9830688834190369,1.0
87,4.874293665238953,744.5015010847753,200.15267436852446,500.0,0.010000000707805157,0.9822566509246826,1.0
88,5.097260519569366,697.6167466251261,197.49597386109278,500.0,0.010000000707805157,0.8412691950798035,1.0
89,4.8972673527554464,763.8132940880428,207.64824967526323,500.0,0.010000000707805157,0.9728621244430542,1.0
90,4.839253493800003,738.2012776524084,200.2768517203612,500.0,0.010000000707805157,0.972915530204773,1.0
91,4.566708737646509,822.8033807630688,210.05408346132876,500.0,0.010000000707805157,1.104358434677124,1.0
92,4.4438716941939,861.6901969737472,216.4207983325784,500.0,0.010000000707805157,1.2472050189971924,1.0
93,5.056364333011595,663.4421427308116,192.4736858457452,500.0,0.010000000707805157,0.8295828700065613,1.0
94,5.039578296819447,660.6908965327274,192.55894610629136,500.0,0.010000000707805157,0.8245378732681274,1.0
95,5.065920865327369,684.2350728349023,201.2840267860367,500.0,0.010000000707805157,0.817139744758606,1.0
96,4.557220815029223,771.3788960305125,202.53895978014398,500.0,0.010000000707805157,1.1031615734100342,1.0
97,4.833729283875245,727.2924962015359,203.60472317060677,500.0,0.010000000707805157,0.9567551612854004,1.0
98,4.987678300803651,652.0801334556149,192.81619015597917,500.0,0.010000000707805157,0.8091084957122803,1.0
99,4.793078946997906,745.6559806595852,208.0347068522485,500.0,0.010000000707805157,0.947415292263031,1.0
100,4.801691515471904,721.5992284691914,203.73505390328077,500.0,0.010000000707805157,0.9483368396759033,1.0
101,4.502486768600872,784.5087199610703,206.51383264190446,500.0,0.010000000707805157,1.0915569067001343,1.0
102,4.921607004117604,668.8575944171778,198.30830495377205,500.0,0.010000000707805157,0.7921937704086304,1.0
103,4.710466041315377,714.6010085220604,200.77117806137238,500.0,0.010000000707805157,0.939411997795105,1.0
104,4.700555871620282,712.8071240588456,200.80738023730302,500.0,0.010000000707805157,0.9368588328361511,1.0
105,4.714767800176604,688.6760363715115,196.28356195587247,500.0,0.010000000707805157,0.9384115934371948,1.0
106,4.7235290472710245,733.3021467834772,208.2904873961401,500.0,0.010000000707805157,0.9309980273246765,1.0
107,4.919675270783395,660.845080478237,202.1003126258489,500.0,0.010000000707805157,0.777422308921814,1.0
108,4.903010723577171,658.2742386221801,202.19174743195373,500.0,0.010000000707805157,0.7729607820510864,1.0
109,4.6486885639805955,703.0975850367203,201.03832914092348,500.0,0.010000000707805157,0.9240087270736694,1.0
110,4.8122113628988545,651.0688673309664,198.85927214611698,500.0,0.010000000707805157,0.7633764743804932,1.0
111,4.986192025551912,567.6645908767606,189.68009353610756,500.0,0.010000000707805157,0.6036951541900635,1.0
112,4.838845172370244,648.1604704920388,202.56969144003452,500.0,0.010000000707805157,0.756410539150238,1.0
113,4.5030336722454445,744.7250932018634,205.61697154029594,500.0,0.010000000707805157,1.0767910480499268,1.0
114,4.534038802228954,766.1361717548697,212.2211750126469,500.0,0.010000000707805157,1.0739054679870605,1.0
115,4.300300723274004,845.2630196265802,218.89344982016374,500.0,0.010000000707805157,1.2289817333221436,1.0
116,4.744190170883128,639.9015204466651,199.22200738665342,500.0,0.010000000707805157,0.7462365627288818,1.0
117,4.486712435160309,740.6105835994962,205.62000264126019,500.0,0.010000000707805157,1.072790503501892,1.0
118,4.899131295565465,554.0572779328767,190.0913356440861,500.0,0.010000000707805157,0.5798608064651489,1.0
119,4.620989306905656,688.7202418805293,204.47539545409143,500.0,0.010000000707805157,0.903285801410675,1.0
120,4.514216111723039,704.7649036277293,205.83985509221512,500.0,0.010000000707805157,0.8966400623321533,1.0
121,4.425882216175464,753.7758176655466,209.46957441318935,500.0,0.010000000707805157,1.0632270574569702,1.0
122,4.421817852211032,752.8160900016119,209.47047509632682,500.0,0.010000000707805157,1.062328577041626,1.0
123,4.702101976340371,604.1868253830247,194.1875084578813,500.0,0.010000000707805157,0.7309026718139648,1.0
124,4.714547979558486,628.7103603564559,203.2065778606463,500.0,0.010000000707805157,0.7251317501068115,1.0
125,4.5070138213008315,675.8403555524113,201.6293558047916,500.0,0.010000000707805157,0.8900951147079468,1.0
126,4.591048170178503,702.1491641047256,212.1003264997166,500.0,0.010000000707805157,0.8880053758621216,1.0
127,4.556342212422251,676.6972495186237,204.7161493267317,500.0,0.010000000707805157,0.8878524303436279,1.0
128,4.508660245091988,695.3420660890065,209.09132314592907,500.0,0.010000000707805157,0.8823755979537964,1.0
129,4.65567781838938,619.6829337098887,203.50516399261764,500.0,0.010000000707805157,0.7107244729995728,1.0
130,4.423750832727197,687.7448363188527,206.20089877310676,500.0,0.010000000707805157,0.8770878314971924,1.0
131,4.478699118529257,690.079587512969,209.1885362369551,500.0,0.010000000707805157,0.8757285475730896,1.0
132,4.600428095548689,586.9732749481979,194.65685802439353,500.0,0.010000000707805157,0.705510139465332,1.0
133,4.541372335073073,606.8583827620423,200.25792512285938,500.0,0.010000000707805157,0.697557270526886,1.0
134,4.590515915437942,609.5109038083901,203.8671842547874,500.0,0.010000000707805157,0.6956121921539307,1.0
135,4.4661396141332945,638.1194940788025,197.34024165102156,500.0,0.010000000707805157,0.8745536804199219,1.0
136,4.317295846834588,708.735302206149,203.18070071029314,500.0,0.010000000707805157,1.0476871728897095,1.0
137,4.4904465837610505,684.6601432608442,212.39836103016196,500.0,0.010000000707805157,0.8661446571350098,1.0
138,4.46407070681572,659.2451993313641,205.06327705123238,500.0,0.010000000707805157,0.8665854930877686,1.0
139,4.323801924809301,727.7515162278847,209.56541247525837,500.0,0.010000000707805157,1.0421861410140991,1.0
140,4.1846294247850695,790.8219144111918,212.8382155065369,500.0,0.010000000707805157,1.2191696166992188,1.0
141,4.516989099216438,573.1022336264607,195.0537176913091,500.0,0.010000000707805157,0.6852141618728638,1.0
142,4.4410476706479045,654.8431002579387,205.15327400510662,500.0,0.010000000707805157,0.861306369304657,1.0
143,4.50867098069021,596.7553146969971,204.27537812816777,500.0,0.010000000707805157,0.6768853068351746,1.0
144,4.37417050268431,670.6165361120653,209.55870076262568,500.0,0.010000000707805157,0.853797197341919,1.0
145,4.361610694245064,725.3301656863161,212.10429784222316,500.0,0.010000000707805157,1.0370783805847168,1.0
146,4.29857143014423,663.2272959189378,206.69684632064508,500.0,0.010000000707805157,0.8511481285095215,1.0
147,4.3421857315448165,642.5340285913203,202.29494574674473,500.0,0.010000000707805157,0.8528165817260742,1.0
148,4.284651472588125,717.0690005784812,209.58069934076175,500.0,0.010000000707805157,1.0339200496673584,1.0
149,4.501371956206946,493.3494885970531,191.8888136780364,500.0,0.010000000707805157,0.48180824518203735,1.0
150,4.274401607859318,714.0757005130685,209.58906084458235,500.0,0.010000000707805157,1.031839370727539,1.0
151,4.217955901767899,761.8876624450062,209.51169698826473,500.0,0.010000000707805157,1.2191628217697144,1.0
152,4.203129582304077,707.6146986980883,207.08939083404974,500.0,0.010000000707805157,1.0297926664352417,1.0
153,4.374586004457437,641.8751698763424,205.39803436480761,500.0,0.010000000707805157,0.8465871214866638,1.0
154,4.405606340446751,554.4664889502288,195.5640126963458,500.0,0.010000000707805157,0.6594313979148865,1.0
155,4.2922151007731815,632.4134383107587,202.4901254340764,500.0,0.010000000707805157,0.8415842652320862,1.0
156,4.285071604651501,631.0086460423804,202.51534551600386,500.0,0.010000000707805157,0.8399640321731567,1.0
157,4.31748827161452,570.1003053607443,201.30823252438054,500.0,0.010000000707805157,0.648220419883728,1.0
158,4.395757976698244,477.6640767876383,192.3214595437864,500.0,0.010000000707805157,0.45855993032455444,1.0
159,4.3535427874735895,572.4657610474457,205.08517245628803,500.0,0.010000000707805157,0.6437865495681763,1.0
160,4.332940896557903,542.4206423446402,195.89364999046725,500.0,0.010000000707805157,0.6433119177818298,1.0
161,4.240154886031273,621.5863645548563,202.70578160228797,500.0,0.010000000707805157,0.8303242921829224,1.0
162,4.3185180612836,566.9680992494822,205.2685606721222,500.0,0.010000000707805157,0.6365878582000732,1.0
163,4.218491606438103,696.7691620045533,209.65593660559017,500.0,0.010000000707805157,1.0202832221984863,1.0
164,4.159730215783954,635.5364180138242,207.14056906158282,500.0,0.010000000707805157,0.8223603963851929,1.0
165,4.286865163399722,534.7218128039283,196.09619428873194,500.0,0.010000000707805157,0.6334078311920166,1.0
166,4.206625946434905,614.4829922126638,202.82568165700553,500.0,0.010000000707805157,0.8230545520782471,1.0
167,4.261000952566777,653.0231117905605,199.72216356515275,500.0,0.010000000707805157,1.0234352350234985,1.0
168,4.261928949313496,457.98586179076733,192.87131893259473,500.0,0.010000000707805157,0.43049269914627075,1.0
169,4.18176224569385,548.0015865337798,201.9702243448614,500.0,0.010000000707805157,0.6204351186752319,1.0
170,4.112446380633971,625.7816857402285,207.2859051538792,500.0,0.010000000707805157,0.8127325177192688,1.0
171,4.1879886051339446,686.4405346314501,209.69632610607638,500.0,0.010000000707805157,1.0139106512069702,1.0
172,4.118828730983134,701.1347197248707,213.1352731974813,500.0,0.010000000707805157,1.0086884498596191,1.0
173,4.236043396034243,613.4029315824858,205.97365758645836,500.0,0.010000000707805157,0.8177149295806885,1.0
174,4.159021226751265,604.3457830606746,202.99127803888905,500.0,0.010000000707805157,0.8126809000968933,1.0
175,4.1805934302996395,446.2012059955288,193.18574373106512,500.0,0.010000000707805157,0.41423606872558594,1.0
176,4.116297596750803,537.4620791224982,202.22710290602015,500.0,0.010000000707805157,0.6071003079414368,1.0
177,4.174513137219396,516.0691666912496,196.590944089539,500.0,0.010000000707805157,0.6099214553833008,1.0
178,4.237621811241193,706.8291256235589,217.81164768618507,500.0,0.010000000707805157,1.0121469497680664,1.0
179,4.126345620522607,596.7952664580953,203.12663036904914,500.0,0.010000000707805157,0.8059260249137878,1.0
180,4.160161379945445,676.2266397865366,209.6893433783251,500.0,0.010000000707805157,1.0076797008514404,1.0
181,4.158307732059767,675.6589730729463,209.6887413641373,500.0,0.010000000707805157,1.007192611694336,1.0
182,4.1564670815274996,675.094507746054,209.68814133322124,500.0,0.010000000707805157,1.0067079067230225,1.0
183,4.111897728693171,593.6626014158104,203.1713434705638,500.0,0.010000000707805157,0.8027050495147705,1.0
184,4.131829072727266,537.8658134525559,206.21059517717455,500.0,0.010000000707805157,0.6000237464904785,1.0
185,4.001917732642568,678.9961157535168,210.74062820286858,500.0,0.010000000707805157,0.9957848787307739,1.0
186,4.166046299105972,623.7486055028784,213.26713959317965,500.0,0.010000000707805157,0.8021694421768188,1.0
187,4.112399111277493,505.34929334712984,196.84161625300635,500.0,0.010000000707805157,0.5975050330162048,1.0
188,4.080100617013701,612.3987188062156,210.4556790677601,500.0,0.010000000707805157,0.7950007915496826,1.0
189,4.131938508345288,690.0685371613126,215.35899039683088,500.0,0.010000000707805157,1.0000462532043457,1.0
190,4.078360021010714,585.5957889408664,203.2681109489948,500.0,0.010000000707805157,0.7957144379615784,1.0
191,4.076609534239054,529.6519568333946,206.45272190629672,500.0,0.010000000707805157,0.5893422961235046,1.0
192,4.0578806423653395,608.0712176199784,210.50205063895947,500.0,0.010000000707805157,0.7904144525527954,1.0
193,4.057074989122544,526.7799240778685,206.53096809263027,500.0,0.010000000707805157,0.5855371952056885,1.0
194,4.13759564839997,563.8700938044475,198.79871836842835,500.0,0.010000000707805157,0.7982484102249146,1.0
195,4.043292960246942,675.5651605904509,213.04504707797219,500.0,0.010000000707805157,0.9923959970474243,1.0
196,4.046858463415614,493.99118718501444,197.09517547305512,500.0,0.010000000707805157,0.5847064852714539,1.0
197,4.048749483199017,650.8709150112905,207.29017172262272,500.0,0.010000000707805157,0.9939461350440979,1.0
198,4.038822415900411,576.2768503476761,203.40823869511794,500.0,0.010000000707805157,0.7873055338859558,1.0
199,3.9573459203486467,663.0875758719926,210.70766210402923,500.0,0.010000000707805157,0.9846673011779785,1.0
200,4.011358594701244,519.4377835443686,206.7806624712071,500.0,0.010000000707805157,0.5775837302207947,1.0
201,4.1103887039353815,557.2104470536127,198.94316718815324,500.0,0.010000000707805157,0.7924072742462158,1.0
202,4.169898991475225,686.236500306532,217.43566218978643,500.0,0.010000000707805157,0.998210072517395,1.0
203,4.005495032985928,597.0330648543852,210.62770717909174,500.0,0.010000000707805157,0.7799943685531616,1.0
204,4.015594259074885,570.4651801758113,203.47894910814054,500.0,0.010000000707805157,0.7823967337608337,1.0
205,3.9216206084550325,584.7105923639666,207.806063975402,500.0,0.010000000707805157,0.7732452154159546,1.0
206,4.1224112896798095,717.522124308031,211.76491633979913,500.0,0.010000000707805157,1.2006089687347412,1.0
207,4.094618826565935,552.8543002446172,199.01503705309239,500.0,0.010000000707805157,0.7890481948852539,1.0
208,4.075483474648729,578.1470189849457,206.51206735840788,500.0,0.010000000707805157,0.7847410440444946,1.0
209,3.970530734737414,481.1521928994114,197.4236935173167,500.0,0.010000000707805157,0.5701046586036682,1.0
210,3.9454110236427136,509.3831068420574,207.0770971908143,500.0,0.010000000707805157,0.5654888153076172,1.0
211,3.8234371631829087,395.55083723866653,194.5183386372571,500.0,0.010000000707805157,0.34879326820373535,1.0
212,3.9615647152092537,586.9847736823407,210.74510697183322,500.0,0.010000000707805157,0.7715868949890137,1.0
213,4.029200929015506,596.7565242743256,213.45746683639592,500.0,0.010000000707805157,0.7756169438362122,1.0
214,4.218665844141789,697.8426346963208,208.80530856256988,500.0,0.010000000707805157,1.2090599536895752,1.0
215,4.156034193286703,653.9253757462454,211.83468214954317,500.0,0.010000000707805157,0.9934946298599243,1.0
216,4.086305286739778,643.7593159934175,209.6038477116338,500.0,0.010000000707805157,0.9886613488197327,1.0
217,4.0593674671175535,543.6020736161606,199.17843614630735,500.0,0.010000000707805157,0.780481219291687,1.0
218,4.05409835035508,542.7284184941549,199.2214124165835,500.0,0.010000000707805157,0.7790489196777344,1.0
219,4.048873606986313,541.8635845226963,199.26424480046134,500.0,0.010000000707805157,0.7776258587837219,1.0
220,3.8114936720897528,486.9380179413282,203.57997889626202,500.0,0.010000000707805157,0.5502440929412842,1.0
221,3.9337191460248477,580.3574700043762,210.82384901284155,500.0,0.010000000707805157,0.7662332057952881,1.0
222,4.037015217260422,538.6693364882977,199.3244263944305,500.0,0.010000000707805157,0.7749151587486267,1.0
223,4.014524514637939,564.3479440555041,206.7129310549888,500.0,0.010000000707805157,0.7712621092796326,1.0
224,3.7128876236131307,380.2363851292349,194.91904698282494,500.0,0.010000000707805157,0.33031415939331055,1.0
225,3.8619804605078545,463.0008046476869,197.88974857311095,500.0,0.010000000707805157,0.5492023229598999,1.0
226,3.9303034860810375,548.4630959986912,203.88764243812994,500.0,0.010000000707805157,0.7641391754150391,1.0
227,4.213235064591819,708.739909998689,213.33449402853114,500.0,0.010000000707805157,1.2053639888763428,1.0
228,3.847920446367603,460.69774101688506,197.95711767870134,500.0,0.010000000707805157,0.5465461015701294,1.0
229,3.8386724137989487,459.17710721268344,197.9968760165639,500.0,0.010000000707805157,0.5447847843170166,1.0
230,4.002768914048237,620.3304749864253,207.4234004308094,500.0,0.010000000707805157,0.9795056581497192,1.0
231,3.807584815113515,487.87445188263786,207.6919393722448,500.0,0.010000000707805157,0.5412185192108154,1.0
232,3.8198745007802217,557.3481786215557,208.22093633010792,500.0,0.010000000707805157,0.7540078163146973,1.0
233,3.9558762933110576,580.0660326649142,213.55492885023872,500.0,0.010000000707805157,0.7617256045341492,1.0
234,3.713955707684169,470.4931985009651,204.00909769039163,500.0,0.010000000707805157,0.5332096815109253,1.0
235,3.9686243965244024,552.4770986790394,206.85375864360012,500.0,0.010000000707805157,0.761753261089325,1.0
236,3.8036352171178685,553.2053765139844,208.26702455503616,500.0,0.010000000707805157,0.7505143284797668,1.0
237,3.869030231917011,564.4682807160355,210.97542946062146,500.0,0.010000000707805157,0.7535751461982727,1.0
238,3.9676273639473174,636.1418685188703,212.82234226134,500.0,0.010000000707805157,0.9725507497787476,1.0
239,3.5729000817102077,361.1780943546507,195.3724925560145,500.0,0.010000000707805157,0.3080522418022156,1.0
240,3.6712638072664827,463.55405803556226,204.15087916651342,500.0,0.010000000707805157,0.5254499912261963,1.0
241,3.9492007035729273,546.79486153167,206.9027548288133,500.0,0.010000000707805157,0.7580662369728088,1.0
242,4.057041676126757,620.1657172097091,209.56847994677304,500.0,0.010000000707805157,0.9784649610519409,1.0
243,3.846358098192646,559.183720972961,211.0082598711059,500.0,0.010000000707805157,0.7487996816635132,1.0
244,3.8425716349186665,558.4233920642276,211.00986555673373,500.0,0.010000000707805157,0.7479404211044312,1.0
245,4.054428282344086,618.5213099255856,209.54511184435427,500.0,0.010000000707805157,0.9773935675621033,1.0
246,3.8688138178999845,530.8360775786779,204.0566950227709,500.0,0.010000000707805157,0.7504920363426208,1.0
247,3.6361303490101893,457.7716600177316,204.2817852530562,500.0,0.010000000707805157,0.5191959142684937,1.0
248,4.1685446202476495,682.6131317293194,211.23740221134102,500.0,0.010000000707805157,1.1984317302703857,1.0
249,3.627375071102678,456.50016295737174,204.290812770367,500.0,0.010000000707805157,0.5174368619918823,1.0
250,3.856262465244372,527.5623926556866,204.07482925403892,500.0,0.010000000707805157,0.7475067377090454,1.0
251,3.9263943314556715,540.5592696125474,206.99687650803483,500.0,0.010000000707805157,0.7534894943237305,1.0
252,3.60868320805177,453.3227768559279,204.36314825828907,500.0,0.010000000707805157,0.5142323970794678,1.0
253,3.599923067498389,451.87579087883313,204.38903899231536,500.0,0.010000000707805157,0.5126712918281555,1.0
254,3.9767626462574697,599.3655913474474,207.30608615568624,500.0,0.010000000707805157,0.9673810601234436,1.0
255,4.016052455314663,634.401287236895,214.69859692042687,500.0,0.010000000707805157,0.9709769487380981,1.0
256,3.880710829154143,563.3410096326936,213.62888708775026,500.0,0.010000000707805157,0.7474096417427063,1.0
257,4.2422920985589005,687.963878836219,212.8130165949455,500.0,0.010000000707805157,1.2033684253692627,1.0
258,3.583782616544266,449.360521398441,204.45012774811985,500.0,0.010000000707805157,0.5096713900566101,1.0
259,3.692796176632787,432.4776084917409,198.50517839990638,500.0,0.010000000707805157,0.5197206735610962,1.0
260,3.832419014159694,520.0379558158986,204.14451115961788,500.0,0.010000000707805157,0.7419687509536743,1.0
261,3.71659352090254,532.1963839390172,208.35976807172145,500.0,0.010000000707805157,0.7298977375030518,1.0
262,3.7113353479781024,531.3341124955183,208.34104095288012,500.0,0.010000000707805157,0.7284011840820312,1.0
263,3.5503023756755203,444.00382301501884,204.5229853328319,500.0,0.010000000707805157,0.5035423040390015,1.0
264,3.5420170459385556,442.62522265326857,204.54600687830276,500.0,0.010000000707805157,0.5020748376846313,1.0
265,4.185562766873109,568.6372221383983,200.5210674055331,500.0,0.010000000707805157,0.9885542392730713,1.0
266,3.7774763208363296,542.1663025278876,211.11059320974957,500.0,0.010000000707805157,0.733957052230835,1.0
267,3.8897659676128544,529.3278697819242,207.1362722665196,500.0,0.010000000707805157,0.7460610866546631,1.0
268,3.849516359490409,555.2374501746364,213.66642172632407,500.0,0.010000000707805157,0.7415494918823242,1.0
269,4.329771700057665,636.7108020783086,203.79067114041516,500.0,0.010000000707805157,1.2124186754226685,1.0
270,3.6439435922894727,424.2036984094912,198.7286052082512,500.0,0.010000000707805157,0.5110836029052734,1.0
271,3.8055596305388026,512.340324693916,204.24374994475272,500.0,0.010000000707805157,0.7353849411010742,1.0
272,4.073712070636502,576.8632937446323,204.00597129035472,500.0,0.010000000707805157,0.9724322557449341,1.0
273,4.039180329913732,600.9562467068831,209.5084465277341,500.0,0.010000000707805157,0.9690514802932739,1.0
274,4.3330307906072765,690.5932796241392,214.29610277324608,500.0,0.010000000707805157,1.21286940574646,1.0
275,3.9293341158318706,611.9913001036747,212.5611196870906,500.0,0.010000000707805157,0.9569283127784729,1.0
276,4.259168732101806,679.492161346561,212.65010155918387,500.0,0.010000000707805157,1.2022058963775635,1.0
277,3.3263779086424607,328.3148259589893,196.20104795702002,500.0,0.010000000707805157,0.27149829268455505,1.0
278,3.8328393930263465,552.8070820096534,213.64985354562702,500.0,0.010000000707805157,0.7373907566070557,1.0
279,3.869893288199944,525.4620162944672,207.17914491552196,500.0,0.010000000707805157,0.7407251000404358,1.0
280,3.7525039160159626,536.7286505652604,211.13771040660737,500.0,0.010000000707805157,0.728127658367157,1.0
281,3.8657713240851908,524.3506046299435,207.17627822176902,500.0,0.010000000707805157,0.7396650314331055,1.0
282,3.924898319376992,608.5010614042413,212.51203885816167,500.0,0.010000000707805157,0.9545494914054871,1.0
283,3.790923488764941,507.513866884073,204.3007182938154,500.0,0.010000000707805157,0.7318263053894043,1.0
284,3.9044848851058562,494.6113743921982,200.02316356992554,500.0,0.010000000707805157,0.7439061403274536,1.0
285,3.9007491793972013,494.0967029121043,200.0611315105629,500.0,0.010000000707805157,0.7427799701690674,1.0
286,3.5497836056058207,449.1788801155245,208.81426417795214,500.0,0.010000000707805157,0.4978986978530884,1.0
287,3.6646461439350593,516.5852295032549,208.50435835157364,500.0,0.010000000707805157,0.7180055379867554,1.0
288,3.8503249601795195,590.8394183288301,210.4293570405654,500.0,0.010000000707805157,0.9449617862701416,1.0
289,3.8098257507762034,547.3356526221936,213.65273224275202,500.0,0.010000000707805157,0.732599139213562,1.0
290,3.4517877166744433,427.2964009575028,204.9488251322752,500.0,0.010000000707805157,0.4868660271167755,1.0
291,4.033501954546118,592.9195752030967,209.40879486166617,500.0,0.010000000707805157,0.9642037749290466,1.0
292,3.5247764823514403,445.5218728046406,208.9163777887605,500.0,0.010000000707805157,0.49384403228759766,1.0
293,4.077698595784188,566.89595957351,204.00922770297893,500.0,0.010000000707805157,0.9692233800888062,1.0
294,3.566672555236787,410.44531627856645,199.0659944332019,500.0,0.010000000707805157,0.4976094961166382,1.0
295,4.103191855848722,605.2592992322474,211.41589510630098,500.0,0.010000000707805157,0.9718849658966064,1.0
296,4.0763661173641434,565.9007517965993,204.04677088233817,500.0,0.010000000707805157,0.968174934387207,1.0
297,3.765144308875432,499.5292233277993,204.41731752224155,500.0,0.010000000707805157,0.7251814603805542,1.0
298,3.640686595044562,510.49586225519096,208.50269657276448,500.0,0.010000000707805157,0.7117636203765869,1.0
299,4.102967770446103,604.3139955263113,211.44061059750297,500.0,0.010000000707805157,0.9715861082077026,1.0
300,3.4187928150722064,421.6873863685989,205.08472705615276,500.0,0.010000000707805157,0.4813106060028076,1.0
301,3.41165572152158,420.4765178427689,205.1011435126438,500.0,0.010000000707805157,0.48005470633506775,1.0
302,3.1636602715901776,307.1172164401401,196.70581083676495,500.0,0.010000000707805157,0.24902746081352234,1.0
303,3.9894489656397845,610.4250482150546,214.22863636119018,500.0,0.010000000707805157,0.9569618701934814,1.0
304,4.147891128551911,576.5857280440885,206.3238724961858,500.0,0.010000000707805157,0.9754577875137329,1.0
305,3.475968775905939,438.104009420775,209.11234674645243,500.0,0.010000000707805157,0.48583799600601196,1.0
306,3.7729415028405238,538.7594439086755,213.56709196328637,500.0,0.010000000707805157,0.7240672707557678,1.0
307,3.464187936440699,436.6784519353427,209.1088879904078,500.0,0.010000000707805157,0.483580619096756,1.0
308,3.8191638724609636,509.76208590004524,207.2863800781601,500.0,0.010000000707805157,0.7281770706176758,1.0
309,3.8173434710502994,509.3478702161737,207.28493304656894,500.0,0.010000000707805157,0.7275987267494202,1.0
310,3.869341761567967,479.5136034576668,200.24478240808912,500.0,0.010000000707805157,0.7335830926895142,1.0
311,3.6923787099008383,519.25279790428,211.19114778246137,500.0,0.010000000707805157,0.7141302824020386,1.0
312,3.620715302940323,501.10963367495106,208.64504744570067,500.0,0.010000000707805157,0.7071284055709839,1.0
313,3.3643851615133533,411.6568184578631,205.3510265341183,500.0,0.010000000707805157,0.4725489318370819,1.0
314,3.495115804995992,397.00572569481733,199.32932151426832,500.0,0.010000000707805157,0.4851243495941162,1.0
315,3.4891396382141635,395.9680141796889,199.35432890704317,500.0,0.010000000707805157,0.48402678966522217,1.0
316,3.9230725387221095,588.4412580652993,212.26922283741885,500.0,0.010000000707805157,0.9461356997489929,1.0
317,3.422483452244299,429.9548805047115,209.26049873718748,500.0,0.010000000707805157,0.47695019841194153,1.0
318,3.0501851043932255,292.5530106011307,197.02646242733428,500.0,0.010000000707805157,0.2340393364429474,1.0
319,3.8014014204269304,502.289789918382,207.32517954792905,500.0,0.010000000707805157,0.7234991788864136,1.0
320,3.673703263239708,512.4372157295454,211.18818835701958,500.0,0.010000000707805157,0.7094706296920776,1.0
321,3.4662688585387356,391.2289464222648,199.41397299798393,500.0,0.010000000707805157,0.48013773560523987,1.0
322,4.044625178359374,575.1882880802161,209.25230699399611,500.0,0.010000000707805157,0.9583573937416077,1.0
323,3.8541115822272323,471.00336856362003,200.3526825602763,500.0,0.010000000707805157,0.7286243438720703,1.0
324,3.456142424628968,389.81741490428215,199.48043748455643,500.0,0.010000000707805157,0.47817283868789673,1.0
325,3.45055353465648,388.83767086787225,199.5039142778738,500.0,0.010000000707805157,0.4771411120891571,1.0
326,3.734106369073081,526.5893960740733,213.42419141259194,500.0,0.010000000707805157,0.7147963643074036,1.0
327,3.7894743767730352,498.2625184717602,207.3439467866191,500.0,0.010000000707805157,0.7197896838188171,1.0
328,3.9330349725592773,581.5654407518998,212.1922936639168,500.0,0.010000000707805157,0.9454280138015747,1.0
329,3.662462076242612,508.2379865073637,211.19231298199253,500.0,0.010000000707805157,0.7065343260765076,1.0
330,3.2994289994905848,399.42785136236785,205.6499443833715,500.0,0.010000000707805157,0.4620567560195923,1.0
331,3.365664911603237,421.21909705285,209.40231286485715,500.0,0.010000000707805157,0.4675067961215973,1.0
332,3.721298213031784,476.5689706596854,204.63073189032366,500.0,0.010000000707805157,0.712138295173645,1.0
333,3.285613092782946,396.8861963756554,205.6923373734281,500.0,0.010000000707805157,0.4597041606903076,1.0
334,3.5862690647476856,485.7449754440592,208.72817976778254,500.0,0.010000000707805157,0.6971548795700073,1.0
335,3.5820462268229485,485.225582121289,208.7018578244457,500.0,0.010000000707805157,0.6958290934562683,1.0
336,3.713793147270895,474.1740374862115,204.61256234455064,500.0,0.010000000707805157,0.7098369598388672,1.0
337,3.4157907406620627,381.45322763675875,199.61090717729536,500.0,0.010000000707805157,0.47155192494392395,1.0
338,4.058031417096259,607.6705317200823,215.30835744886198,500.0,0.010000000707805157,0.9579244256019592,1.0
339,3.712437167654031,473.01346781437763,204.63167196483363,500.0,0.010000000707805157,0.7093114852905273,1.0
340,4.421873628856013,625.1176996327665,207.90364019615294,500.0,0.010000000707805157,1.2091459035873413,1.0
341,3.6443583687294576,502.9197933370194,211.18488474344613,500.0,0.010000000707805157,0.7016245722770691,1.0
342,3.2598854271681894,393.0500200741754,205.73988784941258,500.0,0.010000000707805157,0.4548933207988739,1.0
343,3.9253202467943025,575.0632043629962,212.04176568459923,500.0,0.010000000707805157,0.9389382600784302,1.0
344,3.8405564409903743,461.4000502700357,200.47584562477152,500.0,0.010000000707805157,0.7239886522293091,1.0
345,3.3288048305214266,415.5008654114552,209.59308549790393,500.0,0.010000000707805157,0.4618438482284546,1.0
346,3.7049244686371825,470.67181281713465,204.6518308975345,500.0,0.010000000707805157,0.7070037126541138,1.0
347,4.369673820434774,607.6591283337409,206.21516451621747,500.0,0.010000000707805157,1.1999621391296387,1.0
348,3.70070417007964,470.84749452689397,204.66040195798107,500.0,0.010000000707805157,0.7059783339500427,1.0
349,4.423966406404945,623.6088269822536,207.92180560069755,500.0,0.010000000707805157,1.2076411247253418,1.0
350,4.046266829580839,565.9195451420743,209.20005647338226,500.0,0.010000000707805157,0.9529262781143188,1.0
351,4.044984278022943,566.100087124056,209.20142371775037,500.0,0.010000000707805157,0.9526169300079346,1.0
352,4.043707097819465,566.2794794923605,209.2027719017903,500.0,0.010000000707805157,0.9523080587387085,1.0
353,3.7683282648845653,491.83066440414876,207.51973850117776,500.0,0.010000000707805157,0.7146191000938416,1.0
354,3.239931278204468,390.6229383515902,205.7879176317668,500.0,0.010000000707805157,0.4511120319366455,1.0
355,3.6296770272918266,500.21205963485335,211.20180187819648,500.0,0.010000000707805157,0.6977062225341797,1.0
356,3.3853163804647988,376.9286966925695,199.83132698173603,500.0,0.010000000707805157,0.4661223888397217,1.0
357,3.764219746658988,489.5563681162472,207.51908239362774,500.0,0.010000000707805157,0.713241457939148,1.0
358,3.762913325619786,489.3088596819991,207.5148512351739,500.0,0.010000000707805157,0.7127534747123718,1.0
359,3.2242017728452366,387.46409234741657,205.8657910864238,500.0,0.010000000707805157,0.4486108422279358,1.0
360,3.983161268667834,544.8718712604692,207.14202512710906,500.0,0.010000000707805157,0.9418073892593384,1.0
361,3.217047590680315,386.5548465770113,205.85464595089985,500.0,0.010000000707805157,0.4471586346626282,1.0
362,3.980468009539991,544.063037578643,207.11375061534318,500.0,0.010000000707805157,0.9403485655784607,1.0
363,3.6203732037268184,496.8445981396182,211.20099306620037,500.0,0.010000000707805157,0.695044994354248,1.0
364,3.6184913394079214,496.5466611366201,211.193803822493,500.0,0.010000000707805157,0.6944985389709473,1.0
365,3.616619669891796,496.2517650456425,211.18653604459578,500.0,0.010000000707805157,0.693953812122345,1.0
366,2.8273310031119454,264.5182685626768,197.74866794751838,500.0,0.010000000707805157,0.2061564028263092,1.0
367,4.507845878044121,634.8182584849551,209.40229017003347,500.0,0.010000000707805157,1.2183221578598022,1.0
368,4.262557754283776,650.0076901136574,213.69805874655526,500.0,0.010000000707805157,1.1813397407531738,1.0
369,3.1994906644263117,384.2268600354713,205.89046973198288,500.0,0.010000000707805157,0.44376373291015625,1.0
370,4.176963559184825,552.5952621363297,206.30358240319117,500.0,0.010000000707805157,0.9677552580833435,1.0
371,3.6098604074552108,495.56053984743284,211.170344836919,500.0,0.010000000707805157,0.6920371055603027,1.0
372,3.5315430644455708,474.0203733024673,208.62038834368119,500.0,0.010000000707805157,0.6809461712837219,1.0
373,2.8084332110461228,262.1287749045403,197.84510847362543,500.0,0.010000000707805157,0.20378974080085754,1.0
374,3.6778178835919726,462.63028372042544,204.70070040945652,500.0,0.010000000707805157,0.6985188126564026,1.0
375,4.391151878230312,641.0348361882271,211.50039714063976,500.0,0.010000000707805157,1.1986229419708252,1.0
376,3.26779052055829,407.7720217545744,209.89812983574527,500.0,0.010000000707805157,0.45177870988845825,1.0
377,4.389144007655029,641.3056183153574,211.46362696809234,500.0,0.010000000707805157,1.1975929737091064,1.0
378,3.2639715800920426,407.8294661021287,209.8816095093924,500.0,0.010000000707805157,0.4508598744869232,1.0
379,3.3440878049190257,368.496983572715,199.99528230028102,500.0,0.010000000707805157,0.45914390683174133,1.0
380,4.049465650590569,558.1444310900738,209.05101713857476,500.0,0.010000000707805157,0.9472743272781372,1.0
381,3.523316554173741,470.86409663684805,208.63398861504808,500.0,0.010000000707805157,0.6783021688461304,1.0
382,3.5193014656735793,470.46436534914955,208.60479861102584,500.0,0.010000000707805157,0.677034318447113,1.0
383,4.115580191205303,530.1183801936496,204.06647248452808,500.0,0.010000000707805157,0.9554867744445801,1.0
384,3.7458058623821926,483.19396259872957,207.58430887587335,500.0,0.010000000707805157,0.7079144716262817,1.0
385,3.834191446177454,546.4359041766517,209.87152802748088,500.0,0.010000000707805157,0.9143558144569397,1.0
386,4.181312724661487,549.8777905808869,206.33630530140815,500.0,0.010000000707805157,0.9669149518013,1.0
387,3.5099402204555967,470.13113983842425,208.55220254631516,500.0,0.010000000707805157,0.6744707822799683,1.0
388,4.25822627464506,647.3553187724953,213.49848576832233,500.0,0.010000000707805157,1.174645185470581,1.0
389,3.6633588066648635,460.94002545261964,204.69336644254292,500.0,0.010000000707805157,0.6945865154266357,1.0
390,3.6690550412454503,513.7664029978679,213.41195790066192,500.0,0.010000000707805157,0.698993444442749,1.0
391,3.741972901310658,483.2871758913018,207.60528152656508,500.0,0.010000000707805157,0.7071061730384827,1.0
392,4.040425128571258,557.7507132407152,209.03824799433062,500.0,0.010000000707805157,0.9441744089126587,1.0
393,3.814883784138312,450.8409966114857,200.7986041050123,500.0,0.010000000707805157,0.7159324884414673,1.0
394,3.326162219606654,366.1707603823616,200.1557368428259,500.0,0.010000000707805157,0.4560631513595581,1.0
395,3.1476210262540105,376.760193930791,206.02312128681143,500.0,0.010000000707805157,0.434242844581604,1.0
396,4.110695432103644,528.3943080084936,204.10315943633213,500.0,0.010000000707805157,0.9523807168006897,1.0
397,3.7370287056729334,481.7866478719044,207.6663386532296,500.0,0.010000000707805157,0.7054559588432312,1.0
398,3.2326507411626912,403.7235564679738,210.09046090291739,500.0,0.010000000707805157,0.44589245319366455,1.0
399,4.180807670034125,548.1023282485938,206.3587607297573,500.0,0.010000000707805157,0.9641643762588501,1.0
400,3.581517294213209,489.79002687733254,211.1389001035526,500.0,0.010000000707805157,0.6838578581809998,1.0
401,3.7330901624240624,481.04749938021894,207.64099485921977,500.0,0.010000000707805157,0.7039265036582947,1.0
402,3.135593438182522,374.3649820777678,206.10413981749204,500.0,0.010000000707805157,0.4323885440826416,1.0
403,3.8056686447768553,447.48392912139997,200.90777167515296,500.0,0.010000000707805157,0.7120146751403809,1.0
404,3.1298087719665855,373.2009913258961,206.12061992339653,500.0,0.010000000707805157,0.431437611579895,1.0
405,3.9793238190288545,580.4828011525842,213.309330311445,500.0,0.010000000707805157,0.9345464110374451,1.0
406,3.7298326223607665,479.4558304457401,207.6395824194107,500.0,0.010000000707805157,0.7026657462120056,1.0
407,3.2110584086936993,401.094441019647,210.102297295785,500.0,0.010000000707805157,0.44200146198272705,1.0
408,2.69191166158885,247.680585829109,198.30798857377766,500.0,0.010000000707805157,0.1898193508386612,1.0
409,3.6480365773810575,508.36968692717096,213.19007991593946,500.0,0.010000000707805157,0.6922030448913574,1.0
410,3.9879792959767135,531.2453156598557,206.98492401589766,500.0,0.010000000707805157,0.9316202402114868,1.0
411,4.418623551232711,592.8409151719663,205.9993320218236,500.0,0.010000000707805157,1.1920511722564697,1.0
412,2.6829074547835674,246.56617023353076,198.35681632862924,500.0,0.010000000707805157,0.18874534964561462,1.0
413,4.051297713690124,551.6649092408628,208.9762281741207,500.0,0.010000000707805157,0.941433310508728,1.0
414,3.6496239738444247,453.03944775839955,204.80902432095294,500.0,0.010000000707805157,0.6888359189033508,1.0
415,3.979247421406275,530.8731925895762,206.95413451395672,500.0,0.010000000707805157,0.9286572933197021,1.0
416,3.7244191696463202,477.2553650113732,207.68630632794762,500.0,0.010000000707805157,0.7008800506591797,1.0
417,3.7233336975080085,477.12813031755377,207.68011545123895,500.0,0.010000000707805157,0.7004403471946716,1.0
418,3.645794219945634,452.5166654106151,204.82814241590873,500.0,0.010000000707805157,0.6877113580703735,1.0
419,4.0484951253643136,551.3895320563837,208.99234239889918,500.0,0.010000000707805157,0.9401763081550598,1.0
420,3.6441327780587054,508.1549190942833,213.24932425840274,500.0,0.010000000707805157,0.6913546323776245,1.0
421,3.1872047016853626,398.30312680701184,210.18474702787984,500.0,0.010000000707805157,0.43791747093200684,1.0
422,3.719334503856564,476.36695933319356,207.64263430705756,500.0,0.010000000707805157,0.6988397240638733,1.0
423,3.4860344977627373,459.78928503736637,208.60244549924892,500.0,0.010000000707805157,0.6664766669273376,1.0
424,3.1792855743820887,397.1929862152801,210.18932023203183,500.0,0.010000000707805157,0.43657219409942627,1.0
425,3.798816713627172,441.7738919955511,201.0053708794148,500.0,0.010000000707805157,0.7080843448638916,1.0
426,4.423264415390054,634.2102263910706,211.10876433520755,500.0,0.010000000707805157,1.1922736167907715,1.0
427,2.639228641744841,241.18143686272475,198.54501302129458,500.0,0.010000000707805157,0.18359233438968658,1.0
428,3.6432453133753886,449.64038516041984,204.85350589214198,500.0,0.010000000707805157,0.6860872507095337,1.0
429,3.262514821438697,354.6719783207217,200.4701573803561,500.0,0.010000000707805157,0.44420573115348816,1.0
430,3.7147861263264597,474.0001801284949,207.65316617391906,500.0,0.010000000707805157,0.6968357563018799,1.0
431,4.422187775476755,674.8725637899241,215.15936571093695,500.0,0.010000000707805157,1.194181203842163,1.0
432,3.643472882198861,449.2843215751724,204.87407037636197,500.0,0.010000000707805157,0.6860121488571167,1.0
433,4.293334771439686,640.1093359132966,212.9893329483738,500.0,0.010000000707805157,1.1699738502502441,1.0
434,3.6230457243450025,507.5324183312845,213.02129701178853,500.0,0.010000000707805157,0.6847848296165466,1.0
435,2.619966596224317,238.762067529316,198.64611970394262,500.0,0.010000000707805157,0.18123659491539001,1.0
436,3.153914775880104,395.32200841664803,210.12806481621496,500.0,0.010000000707805157,0.43152761459350586,1.0
437,4.3725311741429795,614.1443398353684,209.62311429485416,500.0,0.010000000707805157,1.1802740097045898,1.0
438,3.5477702711123733,482.26339293904243,210.98722206438003,500.0,0.010000000707805157,0.6731114983558655,1.0
439,4.572446567633165,582.0981130416936,203.68395986936565,500.0,0.010000000707805157,1.2131065130233765,1.0
440,4.187149828429516,543.0461479560503,206.26549678009172,500.0,0.010000000707805157,0.9576002955436707,1.0
441,3.705199488019069,475.49649409863633,207.60265465972313,500.0,0.010000000707805157,0.6939960718154907,1.0
442,2.6083561681800798,237.3052393036305,198.73660536726717,500.0,0.010000000707805157,0.17981159687042236,1.0
443,3.477419324189283,455.8261981129063,208.66035184867283,500.0,0.010000000707805157,0.6636222004890442,1.0
444,4.366629593556482,614.4198963767312,209.61619961168645,500.0,0.010000000707805157,1.1780925989151,1.0
445,4.283581976965283,640.6384629426194,212.88402042439375,500.0,0.010000000707805157,1.1654176712036133,1.0
446,3.9763240180729844,527.2672748138697,206.9118736486869,500.0,0.010000000707805157,0.9242019653320312,1.0
447,4.183503099133349,543.7443695097908,206.30494153704174,500.0,0.010000000707805157,0.9571349024772644,1.0
448,2.6080465751348334,237.19657872568223,198.81075483225163,500.0,0.010000000707805157,0.17963555455207825,1.0
449,3.2479368275828975,352.87582219234486,200.5892004321326,500.0,0.010000000707805157,0.4414665699005127,1.0
450,3.630145410453903,447.4743735045066,204.89145479362747,500.0,0.010000000707805157,0.6820935010910034,1.0
451,3.977564030130324,525.7772750763722,206.91027468103613,500.0,0.010000000707805157,0.9230223298072815,1.0
452,4.041480309051865,548.9682169632631,208.87638919651766,500.0,0.010000000707805157,0.9336837530136108,1.0
453,3.0543083605420827,362.26819985897254,206.38646920180415,500.0,0.010000000707805157,0.41787707805633545,1.0
454,3.239682221628874,351.6457075578129,200.65301731743313,500.0,0.010000000707805157,0.4400328993797302,1.0
455,3.699622367325533,473.29466770607553,207.6991384790073,500.0,0.010000000707805157,0.6923617124557495,1.0
456,4.187193622779631,541.5368562605033,206.3522403499002,500.0,0.010000000707805157,0.9555984735488892,1.0
457,3.048338400789222,360.8095243290292,206.43129745409195,500.0,0.010000000707805157,0.41701507568359375,1.0
458,3.0442833048947415,360.07533332503806,206.42863733993028,500.0,0.010000000707805157,0.4162549376487732,1.0
459,3.782216411039053,437.40315277107095,201.224621247219,500.0,0.010000000707805157,0.7018082141876221,1.0
460,2.5552089617214953,230.90041122029913,198.92869463979454,500.0,0.010000000707805157,0.173843115568161,1.0
461,3.1231547117797125,391.10870479405105,210.33884602471394,500.0,0.010000000707805157,0.4267288148403168,1.0
462,3.7815427861778885,435.66026837680266,201.24312700929684,500.0,0.010000000707805157,0.700581431388855,1.0
463,3.535898988149754,477.4206114967469,210.97928525315746,500.0,0.010000000707805157,0.6688859462738037,1.0
464,3.622778685799518,442.91097113447114,204.93998663924256,500.0,0.010000000707805157,0.6783533096313477,1.0
465,3.907197713111583,550.7930898188816,211.29149434466794,500.0,0.010000000707805157,0.9111272096633911,1.0
466,3.6199280457708096,442.9200669685945,204.92773503706152,500.0,0.010000000707805157,0.6776850819587708,1.0
467,4.051386702822888,544.7871351000503,208.840532164333,500.0,0.010000000707805157,0.9321557283401489,1.0
468,3.7771898575297094,435.5549371876806,201.30139877008713,500.0,0.010000000707805157,0.6996062397956848,1.0
469,3.9796076297502787,521.5349908714367,206.8761558007389,500.0,0.010000000707805157,0.9189893007278442,1.0
470,3.0226550216417762,356.7700657839977,206.4497533763313,500.0,0.010000000707805157,0.41231173276901245,1.0
471,3.6133927163621213,442.4710898664023,204.93988292218063,500.0,0.010000000707805157,0.6758694648742676,1.0
472,2.5185982852848636,226.5222903523321,199.04817586756067,500.0,0.010000000707805157,0.1698044389486313,1.0
473,4.053709105528626,543.3448853851903,208.8493081524428,500.0,0.010000000707805157,0.9314501285552979,1.0
474,3.97803133390566,520.1291969430595,206.8345591902086,500.0,0.010000000707805157,0.9169520139694214,1.0
475,3.109564690498042,388.92607303517485,210.5006513134283,500.0,0.010000000707805157,0.4249016046524048,1.0
476,3.1056357550069973,388.4049466192761,210.48089854025943,500.0,0.010000000707805157,0.4241674840450287,1.0
477,3.980766933261795,519.1319321834546,206.8176648785224,500.0,0.010000000707805157,0.9166548252105713,1.0
478,3.9751896894112635,571.6884546078196,212.7881427536815,500.0,0.010000000707805157,0.9215466380119324,1.0
479,3.970699379143022,572.291677205381,212.76617372477136,500.0,0.010000000707805157,0.9204195737838745,1.0
480,3.775026161690518,433.9003708303661,201.35082849133568,500.0,0.010000000707805157,0.6986865401268005,1.0
481,3.6017977776639074,502.3407179545396,212.98724712384526,500.0,0.010000000707805157,0.6784350275993347,1.0
482,4.450269478050128,582.7321396841453,205.85132964998405,500.0,0.010000000707805157,1.1813313961029053,1.0
483,3.6052742826124184,441.7137089922041,204.93941571534845,500.0,0.010000000707805157,0.6735727190971375,1.0
484,2.5019589257651034,224.42250249701854,199.18593425075798,500.0,0.010000000707805157,0.16775833070278168,1.0
485,3.195317021841718,344.46967341479296,200.9322069031875,500.0,0.010000000707805157,0.43172991275787354,1.0
486,2.483774798692643,222.30751341925932,199.19233414960254,500.0,0.010000000707805157,0.1658746749162674,1.0
487,2.9921451798103673,351.7181337576669,206.49686092687983,500.0,0.010000000707805157,0.4067346453666687,1.0
488,3.606314896671123,438.1762878933665,204.94036687343387,500.0,0.010000000707805157,0.6721742153167725,1.0
489,3.9808756622037027,516.7664538367507,206.77027526956,500.0,0.010000000707805157,0.9138970971107483,1.0
490,4.053508752326222,541.2771714780157,208.80520906791503,500.0,0.010000000707805157,0.928642749786377,1.0
491,3.6018546708586645,500.1281128679368,213.01059849829596,500.0,0.010000000707805157,0.6782212853431702,1.0
492,4.591889935811223,623.5910391123753,208.98436991793415,500.0,0.010000000707805157,1.2095749378204346,1.0
493,4.04716878755801,542.7565312963061,208.79292377437648,500.0,0.010000000707805157,0.9275240898132324,1.0
494,3.890226787731724,548.820419092746,211.12020029697058,500.0,0.010000000707805157,0.9030427932739258,1.0
495,3.59834893009182,439.80681535233015,204.94463016760315,500.0,0.010000000707805157,0.6710039377212524,1.0
496,3.084945183557933,387.70258342487244,210.54749927546456,500.0,0.010000000707805157,0.42031389474868774,1.0
497,3.598317631640334,439.0423263567855,204.94515837710114,500.0,0.010000000707805157,0.6706355214118958,1.0
498,3.680640865932296,467.9616003390048,207.82773224720967,500.0,0.010000000707805157,0.685458242893219,1.0
499,2.4623152506389947,219.65581052987793,199.3328918776008,500.0,0.010000000707805157,0.1633474975824356,1.0
500,3.5078518332532043,473.3000645922555,210.88355339263828,500.0,0.010000000707805157,0.6602003574371338,1.0
501,2.4488860277040017,218.08849590036516,199.340244504454,500.0,0.010000000707805157,0.1619514673948288,1.0
502,3.8963422098915794,545.9602219890245,211.0350338184004,500.0,0.010000000707805157,0.9016839265823364,1.0
503,3.769430979362656,429.8679170674135,201.46029757988393,500.0,0.010000000707805157,0.6951801180839539,1.0
504,3.4184214405810516,443.4980330854155,208.36559082199568,500.0,0.010000000707805157,0.6440848112106323,1.0
505,3.0674817476331464,384.77264478858814,210.56081680676652,500.0,0.010000000707805157,0.4174932837486267,1.0
506,3.893161091367667,545.5058166207502,210.99992769494807,500.0,0.010000000707805157,0.9001193046569824,1.0
507,3.8078043317728048,521.0045507725773,209.15071538638188,500.0,0.010000000707805157,0.883072018623352,1.0
508,3.064905058923336,384.8213889453324,210.58828066802224,500.0,0.010000000707805157,0.4171138107776642,1.0
509,3.679743369035784,465.3622575378106,207.7992409365242,500.0,0.010000000707805157,0.68451988697052,1.0
510,2.956913417227938,347.7582055539429,206.49264555211946,500.0,0.010000000707805157,0.3998793363571167,1.0
511,4.128273842246324,563.7373224635076,210.4087966489441,500.0,0.010000000707805157,0.9415416717529297,1.0
512,4.049659278567193,539.9450005829372,208.67317872155277,500.0,0.010000000707805157,0.9245708584785461,1.0
513,3.5920789844097407,435.706477396034,204.90314349798112,500.0,0.010000000707805157,0.6675881147384644,1.0
514,4.7466258153426075,567.9819007155958,201.80627011275092,500.0,0.010000000707805157,1.2310984134674072,1.0
515,3.060454724902628,385.1530402163597,210.5993610641435,500.0,0.010000000707805157,0.4160982370376587,1.0
516,4.455660553788709,628.4888800829037,210.60668446666028,500.0,0.010000000707805157,1.1806060075759888,1.0
517,3.8782667735126,547.0718694766248,210.95905182529572,500.0,0.010000000707805157,0.8965988159179688,1.0
518,3.8733128467893443,547.4452348578238,210.946174828868,500.0,0.010000000707805157,0.8954214453697205,1.0
519,4.511827527051317,652.0749109993336,211.8133114905318,500.0,0.010000000707805157,1.1945030689239502,1.0
520,3.954580442988307,517.23858218333,206.6635331324636,500.0,0.010000000707805157,0.9062341451644897,1.0
521,3.5815485169944923,438.22201565655706,204.92016957154473,500.0,0.010000000707805157,0.6661660671234131,1.0
522,3.8606797584194212,548.9998590174743,210.93075169383272,500.0,0.010000000707805157,0.8929154276847839,1.0
523,3.0584025420351573,387.63329341329177,210.61086386715098,500.0,0.010000000707805157,0.4152708947658539,1.0
524,3.16860165182133,340.71610924803724,201.12765160627342,500.0,0.010000000707805157,0.42700982093811035,1.0
525,3.761559191656958,430.5259236202168,201.54198993767778,500.0,0.010000000707805157,0.6938267946243286,1.0
526,3.6665434838980624,467.97602223146214,207.84347249896356,500.0,0.010000000707805157,0.681348443031311,1.0
527,3.757924007647419,430.53553121353264,201.57941770874328,500.0,0.010000000707805157,0.6925635933876038,1.0
528,3.6646702910133917,467.9424763420462,207.8536796449322,500.0,0.010000000707805157,0.6806162595748901,1.0
529,2.4191023660865314,214.2847387935183,199.64758131113632,500.0,0.010000000707805157,0.15819743275642395,1.0
530,4.661824267321758,598.3819428406487,205.6296524199556,500.0,0.010000000707805157,1.2144449949264526,1.0
531,3.9488298877957915,572.9411581975789,212.44112495222228,500.0,0.010000000707805157,0.9094730019569397,1.0
532,3.8667873991285733,548.2358355194692,210.907075283759,500.0,0.010000000707805157,0.8934293389320374,1.0
533,2.94444191048842,348.16161615620973,206.5730835831571,500.0,0.010000000707805157,0.3976209759712219,1.0
534,3.753689997255423,430.3431571485145,201.6240033280773,500.0,0.010000000707805157,0.6910627484321594,1.0
535,3.6602040721143143,468.02102416501566,207.8552790503434,500.0,0.010000000707805157,0.6791124939918518,1.0
536,2.4089357079517977,213.0289592099186,199.71956350161506,500.0,0.010000000707805157,0.15699613094329834,1.0
537,3.0382875618387506,385.0926475029765,210.58107135393897,500.0,0.010000000707805157,0.4116057753562927,1.0
538,4.120717399555178,509.0489831713613,204.25165227348546,500.0,0.010000000707805157,0.930701732635498,1.0
539,3.8712532679337794,546.59153571847,210.85986681590276,500.0,0.010000000707805157,0.8928494453430176,1.0
540,2.396313227132275,211.54393935194662,199.74728996496899,500.0,0.010000000707805157,0.15566152334213257,1.0
541,4.035682266952671,540.9694189668726,208.6451023607779,500.0,0.010000000707805157,0.9187392592430115,1.0
542,3.475723703022618,472.31921148136513,210.74770147976818,500.0,0.010000000707805157,0.6510171890258789,1.0
543,3.1442397589606954,337.4294428059544,201.2815631404106,500.0,0.010000000707805157,0.4219452738761902,1.0
544,3.0288372953815648,384.0306813942607,210.58410250310754,500.0,0.010000000707805157,0.4099852740764618,1.0
545,4.1960256373681215,535.5242439583884,206.42021090842067,500.0,0.010000000707805157,0.945163369178772,1.0
546,3.559179827707644,501.51322726270314,212.6310596047137,500.0,0.010000000707805157,0.6652653813362122,1.0
547,3.7515031377326635,428.0199774767769,201.660511694362,500.0,0.010000000707805157,0.6884775161743164,1.0
548,4.106865532865742,567.2939550738395,210.22868875389707,500.0,0.010000000707805157,0.9317688941955566,1.0
549,3.022396631727128,384.5651181439221,210.5047207736797,500.0,0.010000000707805157,0.40834474563598633,1.0
550,2.3693877183467884,208.33296305784626,199.8267972374759,500.0,0.010000000707805157,0.15271681547164917,1.0
551,2.922863835706523,342.77852284618353,206.70390275557176,500.0,0.010000000707805157,0.3941493630409241,1.0
552,3.012703398980572,382.6075540882403,210.47053416594053,500.0,0.010000000707805157,0.4067770838737488,1.0
553,3.130383904878872,334.2595870448337,201.29340021595226,500.0,0.010000000707805157,0.4188883900642395,1.0
554,4.1366767732783805,505.62494372727724,204.250712901305,500.0,0.010000000707805157,0.9302296042442322,1.0
555,3.009341731016172,381.9481225651622,210.47686804626304,500.0,0.010000000707805157,0.40622544288635254,1.0
556,4.547961613649665,599.9358063572347,207.28547914446256,500.0,0.010000000707805157,1.1861183643341064,1.0
557,3.9519703860405158,570.4643278440396,212.12269958931705,500.0,0.010000000707805157,0.9049400091171265,1.0
558,3.4701102250397518,470.49790763793544,210.63466514716583,500.0,0.010000000707805157,0.6483204364776611,1.0
559,4.039416460230797,539.8146432888252,208.52665237961426,500.0,0.010000000707805157,0.9162412285804749,1.0
560,3.7489398578241655,426.73830975863325,201.68875853350687,500.0,0.010000000707805157,0.6864200830459595,1.0
561,4.037003451102178,540.2603822265253,208.54445592957444,500.0,0.010000000707805157,0.9157560467720032,1.0
562,3.5707422493509204,432.67683946077733,205.03667634194528,500.0,0.010000000707805157,0.6602036356925964,1.0
563,3.94336947898593,571.9719844531589,212.10511459803521,500.0,0.010000000707805157,0.9029940366744995,1.0
564,3.8684167128920754,545.5804155421155,210.7100773094903,500.0,0.010000000707805157,0.8891298770904541,1.0
565,3.0048061026947988,384.20868089488795,210.47101539110784,500.0,0.010000000707805157,0.40494123101234436,1.0
566,2.909448373667578,341.993616812795,206.7236070234056,500.0,0.010000000707805157,0.3915845453739166,1.0
567,3.460247024410577,470.9294141374787,210.5914172581524,500.0,0.010000000707805157,0.6457939743995667,1.0
568,2.997503039783556,383.20891967054087,210.4390837160613,500.0,0.010000000707805157,0.40368977189064026,1.0
569,3.4585040794951194,470.4759978590531,210.55941026446487,500.0,0.010000000707805157,0.645067572593689,1.0
570,3.122748654743239,333.38068871829205,201.3391637840285,500.0,0.010000000707805157,0.41746750473976135,1.0
571,4.394443633148174,605.0053663084825,208.93540097156387,500.0,0.010000000707805157,1.1565498113632202,1.0
572,3.9629864511391717,511.11011398625004,206.59245138226248,500.0,0.010000000707805157,0.900373637676239,1.0
573,3.564377025965022,431.7364162942538,204.97811529963656,500.0,0.010000000707805157,0.6582183837890625,1.0
574,2.3301323692757645,203.57365412443292,200.02796602275728,500.0,0.010000000707805157,0.14829349517822266,1.0
575,2.893325027229975,339.89223340905414,206.6864862735809,500.0,0.010000000707805157,0.38843899965286255,1.0
576,3.453905486222156,469.3643114064269,210.5419908533247,500.0,0.010000000707805157,0.6435157060623169,1.0
577,3.5644685580691298,429.9887486487639,204.95603047595077,500.0,0.010000000707805157,0.657351553440094,1.0
578,3.452058265428272,469.23378723847236,210.53387818881376,500.0,0.010000000707805157,0.6429852247238159,1.0
579,2.8854480220256424,338.942477206601,206.66159365494084,500.0,0.010000000707805157,0.3868662714958191,1.0
580,4.203673761481458,533.7105266845365,206.31842182831008,500.0,0.010000000707805157,0.942294180393219,1.0
581,3.6429729725912177,464.0734553927564,207.7029261719661,500.0,0.010000000707805157,0.6713523864746094,1.0
582,3.561952491131031,429.64693286264475,204.96526806939045,500.0,0.010000000707805157,0.6564674377441406,1.0
583,2.302326830191491,200.35563506617305,200.0743286917142,500.0,0.010000000707805157,0.14545905590057373,1.0
584,3.106883532087421,330.62103231097115,201.43238531307273,500.0,0.010000000707805157,0.4145313501358032,1.0
585,3.6430153962113185,462.6908844644856,207.6929167893819,500.0,0.010000000707805157,0.6705560684204102,1.0
586,3.368080530346694,433.4739949964561,208.18360004517362,500.0,0.010000000707805157,0.6277238130569458,1.0
587,4.468047451011401,627.8350990667335,210.0911920269121,500.0,0.010000000707805157,1.168972373008728,1.0
588,2.975745238994568,380.6916068302147,210.47038672983697,500.0,0.010000000707805157,0.4001038074493408,1.0
589,3.56094884733568,428.2843640104966,204.96005951323554,500.0,0.010000000707805157,0.6554067134857178,1.0
590,3.446934908138056,467.97205788586524,210.47230061226372,500.0,0.010000000707805157,0.6409180164337158,1.0
591,2.2815248241935757,197.92715186966623,200.11821100197346,500.0,0.010000000707805157,0.14329999685287476,1.0
592,3.528731240372877,499.3415885582192,212.20002811233593,500.0,0.010000000707805157,0.6551535129547119,1.0
593,4.0076766081208985,596.4039429673314,212.87060479109465,500.0,0.010000000707805157,0.9101399183273315,1.0
594,3.563777927652466,427.46198447544754,204.94091125296046,500.0,0.010000000707805157,0.6556082367897034,1.0
595,3.10124308447882,329.1689971827527,201.41777698416658,500.0,0.010000000707805157,0.4133399724960327,1.0
596,3.4434060634411883,467.2956783318651,210.39391004047664,500.0,0.010000000707805157,0.6393820643424988,1.0
597,3.5191552617860538,500.1610520062422,212.0608123299239,500.0,0.010000000707805157,0.65232253074646,1.0
598,3.9744029450408958,506.5869232356632,206.48652145627855,500.0,0.010000000707805157,0.8976349830627441,1.0
599,3.358664386792478,432.43879678774107,208.15238317144562,500.0,0.010000000707805157,0.6248707175254822,1.0
600,3.6367480445995852,462.7498193822367,207.58263425530072,500.0,0.010000000707805157,0.6683651208877563,1.0
601,4.103790866710983,566.4147240889861,209.78280396282204,500.0,0.010000000707805157,0.9233233332633972,1.0
602,3.356232902043925,432.6588420283909,208.15337661998507,500.0,0.010000000707805157,0.6244491934776306,1.0
603,2.8604653606001955,335.554340300986,206.69758161888288,500.0,0.010000000707805157,0.3822328746318817,1.0
604,3.635190838562185,462.7474092455416,207.56632598483773,500.0,0.010000000707805157,0.6678334474563599,1.0
605,2.2571710667665528,194.99388437270173,200.20775041111722,500.0,0.010000000707805157,0.1406046748161316,1.0
606,3.9296289446250436,569.6070547514548,211.6148021714922,500.0,0.010000000707805157,0.8921643495559692,1.0
607,2.250228144435227,194.18866661081506,200.21029367286218,500.0,0.010000000707805157,0.13989798724651337,1.0
608,3.4329395915186836,466.3813465073411,210.28286874997812,500.0,0.010000000707805157,0.6359479427337646,1.0
609,3.757071197895356,419.86018522882523,201.66596025128442,500.0,0.010000000707805157,0.6849207878112793,1.0
610,3.8602710128793754,540.2195988144025,210.28771836414077,500.0,0.010000000707805157,0.8778213858604431,1.0
611,2.849290512924022,333.5628001710214,206.69373717246577,500.0,0.010000000707805157,0.38011518120765686,1.0
612,3.429176653200008,466.26197503396793,210.26692465303535,500.0,0.010000000707805157,0.6349222660064697,1.0
613,3.427601198646578,466.2906227177794,210.2539501611471,500.0,0.010000000707805157,0.634491503238678,1.0
614,3.4260295082191026,466.3200003910907,210.24093164426324,500.0,0.010000000707805157,0.6340615153312683,1.0
615,3.6337704682881182,461.47268907990525,207.47236507204974,500.0,0.010000000707805157,0.6666213274002075,1.0
616,4.1044659442895135,565.9003881663631,209.6089098982154,500.0,0.010000000707805157,0.9212509393692017,1.0
617,2.8439602230957375,333.0567997986587,206.70130515037326,500.0,0.010000000707805157,0.3790755271911621,1.0
618,3.4992184770209733,500.6709857425713,211.81184041168513,500.0,0.010000000707805157,0.6465662717819214,1.0
619,2.930209686213,379.0277378579721,210.16813170369505,500.0,0.010000000707805157,0.391319215297699,1.0
620,3.560756292272836,424.0146750918325,204.84304956055934,500.0,0.010000000707805157,0.6527509689331055,1.0
621,3.4210173396702332,466.2541609629873,210.1609707686746,500.0,0.010000000707805157,0.632356584072113,1.0
622,3.9805526434942804,598.8378851607996,212.3513353365046,500.0,0.010000000707805157,0.8990014791488647,1.0
623,2.839155404260753,332.1712326862122,206.7250721527909,500.0,0.010000000707805157,0.37814509868621826,1.0
624,3.3433411160507562,429.0936267337262,208.0563042414141,500.0,0.010000000707805157,0.6190475821495056,1.0
625,3.6296930450492,461.5304994222866,207.34008417395356,500.0,0.010000000707805157,0.6648724675178528,1.0
626,2.9203629154591484,378.8284190003957,210.09589502244413,500.0,0.010000000707805157,0.3894237279891968,1.0
627,3.4147011654817314,466.1215173631749,210.07935105064635,500.0,0.010000000707805157,0.6303567290306091,1.0
628,4.222398650830249,531.5837946305006,205.92908327865595,500.0,0.010000000707805157,0.9398956298828125,1.0
629,3.76378889667169,418.43965666293553,201.58034798935645,500.0,0.010000000707805157,0.685579776763916,1.0
630,2.917136915620403,378.98659850328863,210.06872779777672,500.0,0.010000000707805157,0.38870707154273987,1.0
631,3.6257509342814855,461.638776710323,207.2880303532777,500.0,0.010000000707805157,0.6631112098693848,1.0
632,3.849997332992353,540.1536942322043,210.08100541286544,500.0,0.010000000707805157,0.8723596930503845,1.0
633,4.5153151725451215,656.6669762454285,210.39411672508618,500.0,0.010000000707805157,1.1693120002746582,1.0
634,3.408050121467094,467.9625364683317,210.04178194884878,500.0,0.010000000707805157,0.629103422164917,1.0
635,3.5570626396258533,424.2877682955805,204.82121033446595,500.0,0.010000000707805157,0.6517189741134644,1.0
636,3.5555729852084172,424.25361546440473,204.82275457101736,500.0,0.010000000707805157,0.6513341069221497,1.0
637,3.083670963044885,325.024430307882,201.38761757323954,500.0,0.010000000707805157,0.40982285141944885,1.0
638,2.827597579418109,331.0743196284716,206.742520786555,500.0,0.010000000707805157,0.37604039907455444,1.0
639,4.157890901220113,499.31642965286244,204.00328659584858,500.0,0.010000000707805157,0.925650417804718,1.0
640,4.622806426330395,627.4750578535915,207.9942664274124,500.0,0.010000000707805157,1.1898109912872314,1.0
641,3.7713534942970437,509.2265051962194,208.61640155664332,500.0,0.010000000707805157,0.8584484457969666,1.0
642,4.446676345703479,632.3674022318589,209.52238218320878,500.0,0.010000000707805157,1.1547926664352417,1.0
643,4.016636867173247,539.6105468910772,208.02286878067278,500.0,0.010000000707805157,0.90137779712677,1.0
644,3.4710065768158582,506.0213494448523,211.5742924600686,500.0,0.010000000707805157,0.639371931552887,1.0
645,2.8256281286028044,332.9662830175489,206.72896987992522,500.0,0.010000000707805157,0.37559249997138977,1.0
646,4.141693724590864,501.8483214869877,204.0119657223738,500.0,0.010000000707805157,0.9234837293624878,1.0
647,4.01300756535589,540.1477599585892,208.01561498452784,500.0,0.010000000707805157,0.9004582166671753,1.0
648,4.1340071317043465,502.79635240509293,204.03755200525887,500.0,0.010000000707805157,0.9221039414405823,1.0
649,4.368757159829862,606.851095660578,208.43686308208916,500.0,0.010000000707805157,1.1388769149780273,1.0
650,4.188691198211233,538.1540122919196,206.0676002345476,500.0,0.010000000707805157,0.9335402846336365,1.0
651,2.8235590628631684,334.4654818995988,206.70804435151007,500.0,0.010000000707805157,0.37519270181655884,1.0
652,2.226636305687523,190.8829253273578,200.58862766771134,500.0,0.010000000707805157,0.1363551765680313,1.0
653,3.739965848416561,511.33299737666835,208.50058555389927,500.0,0.010000000707805157,0.8518357276916504,1.0
654,3.6091786469782496,466.4512533831202,207.4361901827342,500.0,0.010000000707805157,0.6606171131134033,1.0
655,3.3051455801797167,431.6313327153997,207.91450506608152,500.0,0.010000000707805157,0.6115192174911499,1.0
656,3.608836746559554,466.37611418035385,207.44090470084282,500.0,0.010000000707805157,0.6605374813079834,1.0
657,3.876513220820845,576.8872783741052,211.231340874858,500.0,0.010000000707805157,0.8767589926719666,1.0
658,4.2921788570394765,577.5713967200039,207.02045747666776,500.0,0.010000000707805157,1.1215351819992065,1.0
659,3.380312895548935,472.06635801739264,210.05680748444976,500.0,0.010000000707805157,0.6237720251083374,1.0
660,3.789698345839114,546.4607972203332,209.9676415118894,500.0,0.010000000707805157,0.8598204255104065,1.0
661,3.9909774558969136,542.9054757749884,208.024335513235,500.0,0.010000000707805157,0.8963482975959778,1.0
662,4.184503394132785,539.5039777191015,206.09874852482199,500.0,0.010000000707805157,0.9337277412414551,1.0
663,3.5194745215718135,428.63559092486884,204.80673628151982,500.0,0.010000000707805157,0.6447781324386597,1.0
664,4.060548428285386,576.2522498317461,209.52014981314676,500.0,0.010000000707805157,0.9109047055244446,1.0
665,2.910706814771704,385.53157815806065,210.2045692265774,500.0,0.010000000707805157,0.38676387071609497,1.0
666,3.45697591425578,510.641687883204,211.61042178650246,500.0,0.010000000707805157,0.6365782022476196,1.0
667,4.1499418249727125,613.7356691116065,209.8989905901903,500.0,0.010000000707805157,1.094516634941101,1.0
668,2.8055451771228195,335.16075091592666,206.60754166862023,500.0,0.010000000707805157,0.37138688564300537,1.0
669,2.802591499649697,334.6489155161195,206.59351084714538,500.0,0.010000000707805157,0.37082424759864807,1.0
670,3.5179193461738114,427.9994595835464,204.76152828829836,500.0,0.010000000707805157,0.6440264582633972,1.0
671,3.075675908506137,327.6992777396978,201.58068125570657,500.0,0.010000000707805157,0.4086780548095703,1.0
672,3.367634959870507,472.7790344232124,209.97550988324795,500.0,0.010000000707805157,0.6205142736434937,1.0
673,3.600534941187818,468.37538297526146,207.41132890761565,500.0,0.010000000707805157,0.6588470339775085,1.0
674,4.058863624135342,576.4269630992623,209.3956555397994,500.0,0.010000000707805157,0.9091064929962158,1.0
675,3.983572533774541,544.0723440934023,207.94886297820366,500.0,0.010000000707805157,0.8935844302177429,1.0
676,4.331288734745645,610.5949748546434,208.2922962329777,500.0,0.010000000707805157,1.1286680698394775,1.0
677,3.7369594078787456,424.1646026800068,201.78266215842748,500.0,0.010000000707805157,0.6815873384475708,1.0
678,3.448564903771913,512.4433626782107,211.56214184886073,500.0,0.010000000707805157,0.6344783306121826,1.0
679,3.2738073291841614,433.59724854031657,207.791010771186,500.0,0.010000000707805157,0.6049462556838989,1.0
680,3.358972847581332,474.6146329552144,209.9401735315139,500.0,0.010000000707805157,0.6187271475791931,1.0
681,4.176603386587501,541.6735777764492,206.0445682947928,500.0,0.010000000707805157,0.9309949278831482,1.0
682,2.2203481874787494,189.72082303089658,200.82531795984545,500.0,0.010000000707805157,0.13486316800117493,1.0
683,3.2707913042804897,432.8540246933601,207.7579564016157,500.0,0.010000000707805157,0.6037971377372742,1.0
684,4.050906915862987,578.360481986929,209.3639459120637,500.0,0.010000000707805157,0.9069557189941406,1.0
685,4.175583359440203,541.8508648046305,206.03294212911385,500.0,0.010000000707805157,0.9301360845565796,1.0
686,3.508679185821822,428.8499506984299,204.78657350858117,500.0,0.010000000707805157,0.6418087482452393,1.0
687,4.50459701604353,608.869090560701,206.76722422209235,500.0,0.010000000707805157,1.163846492767334,1.0
688,4.0945975467474005,507.2183469011789,204.03994878000233,500.0,0.010000000707805157,0.9135260581970215,1.0
689,4.163290998797011,543.8580976399514,206.1306079973178,500.0,0.010000000707805157,0.927683413028717,1.0
690,4.277057694625611,504.73432407660937,202.0050236651938,500.0,0.010000000707805157,0.9491804838180542,1.0
691,3.0640426992505274,330.36306264404357,201.7950571375708,500.0,0.010000000707805157,0.40582266449928284,1.0
692,4.15571979934073,544.6996147059741,206.19089237527422,500.0,0.010000000707805157,0.9253032207489014,1.0
693,3.7120856576441383,427.0549770507882,202.01317363453427,500.0,0.010000000707805157,0.6751389503479004,1.0
694,3.8834125545991496,512.4331303691622,206.2368233881353,500.0,0.010000000707805157,0.8744086027145386,1.0
695,3.838108155590081,585.4680849748873,211.17388565929576,500.0,0.010000000707805157,0.8684396147727966,1.0
696,2.900859871874304,388.95008312058604,210.22879269823628,500.0,0.010000000707805157,0.3841784596443176,1.0
697,3.353880879866116,477.1918392665818,209.9746433382045,500.0,0.010000000707805157,0.6180317997932434,1.0
698,4.372018036726845,645.6953322298685,209.4709058959639,500.0,0.010000000707805157,1.1370056867599487,1.0
699,3.0608652547861315,330.951709959183,201.83868994332826,500.0,0.010000000707805157,0.4050304591655731,1.0
700,3.5771694397092353,474.11840255805043,207.50192114705737,500.0,0.010000000707805157,0.6530464887619019,1.0
701,3.879615166390398,512.774686347559,206.21558658510213,500.0,0.010000000707805157,0.8734080791473389,1.0
702,3.874401591453307,513.1125438822297,206.20174473766096,500.0,0.010000000707805157,0.8722962737083435,1.0
703,3.0570770753067418,331.01809925077754,201.89326366769,500.0,0.010000000707805157,0.4043576121330261,1.0
704,2.786274314049489,335.5121214798889,206.61635055141426,500.0,0.010000000707805157,0.3679486811161041,1.0
705,3.5764385838303405,473.71695984757736,207.55479709850815,500.0,0.010000000707805157,0.6528967618942261,1.0
706,3.7054293342761295,427.18995717546863,202.08517511997886,500.0,0.010000000707805157,0.6732152104377747,1.0
707,2.7836560426875963,334.82911786065966,206.6222856974454,500.0,0.010000000707805157,0.3675535321235657,1.0
708,4.258395686776894,505.90594467930566,202.19986662225716,500.0,0.010000000707805157,0.9422174692153931,1.0
709,3.697990722121636,427.4880505858602,202.1676364168778,500.0,0.010000000707805157,0.6710745096206665,1.0
710,3.754745519293334,551.7115845845196,209.84417613481446,500.0,0.010000000707805157,0.8518193960189819,1.0
711,3.5724007816690504,474.1386617214779,207.62080570412192,500.0,0.010000000707805157,0.6517202258110046,1.0
712,3.0447190380629823,330.34965104237324,202.00455801290093,500.0,0.010000000707805157,0.4017198383808136,1.0
713,3.6943041255040403,427.50401043803197,202.20724052524758,500.0,0.010000000707805157,0.6698249578475952,1.0
714,2.7799587982198677,334.1837403942074,206.63329660390488,500.0,0.010000000707805157,0.36702895164489746,1.0
715,2.7770156826205583,333.6841305394801,206.61847782296815,500.0,0.010000000707805157,0.3664783835411072,1.0
716,4.479924395063557,611.832979783853,206.93717301288177,500.0,0.010000000707805157,1.154503583908081,1.0
717,3.2507799529346326,433.8236055212643,207.68955751521685,500.0,0.010000000707805157,0.6002610921859741,1.0
718,2.1975400534139182,186.85286489391063,201.09896101860411,500.0,0.010000000707805157,0.13198797404766083,1.0
719,2.886433348446602,386.8744464654168,210.28324954492714,500.0,0.010000000707805157,0.3819984197616577,1.0
720,3.8736334093481477,510.57845658394734,206.16539922960297,500.0,0.010000000707805157,0.868441104888916,1.0
721,3.445524665992461,514.9036226819279,211.58823715603683,500.0,0.010000000707805157,0.6328461170196533,1.0
722,2.7669984583594616,332.5966318812933,206.57537481155575,500.0,0.010000000707805157,0.36455991864204407,1.0
723,3.5715966903117207,472.20603110496216,207.5948353463552,500.0,0.010000000707805157,0.6504800915718079,1.0
724,2.1776343332236463,184.59899830490824,201.08582980850602,500.0,0.010000000707805157,0.1300765573978424,1.0
725,2.761877884265725,331.1765106873503,206.5696031453954,500.0,0.010000000707805157,0.363678514957428,1.0
726,3.441725964181604,513.5777057242209,211.45660060671815,500.0,0.010000000707805157,0.6313429474830627,1.0
727,4.3173696053819395,612.142738779709,208.2036355853959,500.0,0.010000000707805157,1.1193572282791138,1.0
728,3.478564489634497,428.08283668009005,204.88574116423558,500.0,0.010000000707805157,0.6331312656402588,1.0
729,3.9568124601160832,546.8912377891886,207.96503838205118,500.0,0.010000000707805157,0.8836984038352966,1.0
730,4.48472482649739,611.2943784655193,206.86156965155172,500.0,0.010000000707805157,1.1533722877502441,1.0
731,3.0305626115166326,328.1725432403569,202.0677581026964,500.0,0.010000000707805157,0.39895159006118774,1.0
732,3.691108234040995,425.87768252472904,202.26571479660453,500.0,0.010000000707805157,0.667741596698761,1.0
733,3.922880698073631,618.3940157759935,211.98559805249403,500.0,0.010000000707805157,0.8817834854125977,1.0
734,2.173329409140269,183.98411319505163,201.14584319088019,500.0,0.010000000707805157,0.1293903887271881,1.0
735,2.8699532569296338,386.74566395592245,210.13679209239854,500.0,0.010000000707805157,0.37877824902534485,1.0
736,4.071482584055412,507.045796572561,204.21361068649156,500.0,0.010000000707805157,0.9020437002182007,1.0
737,3.8360214189085715,585.3500914062082,210.8820310700197,500.0,0.010000000707805157,0.8635224103927612,1.0
738,3.5633419284670413,473.25666404870725,207.51342996237133,500.0,0.010000000707805157,0.6476011872291565,1.0
739,3.5624684569047558,473.3783829344298,207.50151228651774,500.0,0.010000000707805157,0.6472524404525757,1.0
740,2.162431145724282,182.7123523664034,201.15343577385468,500.0,0.010000000707805157,0.12825404107570648,1.0
741,2.7541555596101137,330.2778348745493,206.60080009293492,500.0,0.010000000707805157,0.3623501658439636,1.0
742,3.692750242541535,424.59951803016827,202.24394262439105,500.0,0.010000000707805157,0.6664559841156006,1.0
743,3.018740796502538,326.3338164050279,202.0908408450812,500.0,0.010000000707805157,0.39616096019744873,1.0
744,3.4752440764375354,426.96920624200203,204.92962572162116,500.0,0.010000000707805157,0.6311159729957581,1.0
745,2.1410062015877362,180.36722567561034,201.13260718506476,500.0,0.010000000707805157,0.1263369470834732,1.0
746,3.689632661218019,423.6823154187422,202.29487883278443,500.0,0.010000000707805157,0.6646632552146912,1.0
747,3.2481736708650764,428.671134751497,207.60063860263142,500.0,0.010000000707805157,0.5970739126205444,1.0
748,3.563464263657966,470.8953738714656,207.50907125863796,500.0,0.010000000707805157,0.6462043523788452,1.0
749,2.856448541941827,384.74546203798775,210.0622319280488,500.0,0.010000000707805157,0.376527339220047,1.0
750,2.1242640178129273,178.5449380247081,201.11605418074032,500.0,0.010000000707805157,0.12478338181972504,1.0
751,3.0089793846478665,323.9826598206538,202.11073433471873,500.0,0.010000000707805157,0.393926203250885,1.0
752,4.082610628088503,577.9645593608656,208.22653040220163,500.0,0.010000000707805157,1.0698363780975342,1.0
753,3.690145395942562,422.7515536558713,202.32442611219514,500.0,0.010000000707805157,0.6641010642051697,1.0
754,3.5646211719719654,470.2002760378092,207.50918118239554,500.0,0.010000000707805157,0.6458215713500977,1.0
755,3.6783390430506,508.81733929959603,207.93797748194294,500.0,0.010000000707805157,0.8305360078811646,1.0
756,2.7371042333174587,327.692437762776,206.4886933715658,500.0,0.010000000707805157,0.3588334023952484,1.0
757,3.963146292557393,544.7893557554903,207.87572557179644,500.0,0.010000000707805157,0.880650520324707,1.0
758,3.468499029865183,425.4981629061434,204.88415978814302,500.0,0.010000000707805157,0.6280274987220764,1.0
759,3.9601599481344465,545.2707563456272,207.88592170760776,500.0,0.010000000707805157,0.8801218271255493,1.0
760,3.335837320736706,473.11473903084504,209.69187334364403,500.0,0.010000000707805157,0.6102694272994995,1.0
761,4.043332003290081,581.8261037153002,209.30816246698103,500.0,0.010000000707805157,0.8979732990264893,1.0
762,3.0106937398303995,325.15386576036457,202.18020495134698,500.0,0.010000000707805157,0.39398249983787537,1.0
763,3.2325381249396385,428.3322262102418,207.43308410924104,500.0,0.010000000707805157,0.5922025442123413,1.0
764,3.009908943019119,324.73373834337093,202.18903145275624,500.0,0.010000000707805157,0.3937283158302307,1.0
765,3.7537653705686145,547.4204816503587,209.44165564262414,500.0,0.010000000707805157,0.8434461355209351,1.0
766,3.9560407619118223,545.9167873035638,207.85230939159604,500.0,0.010000000707805157,0.8787887692451477,1.0
767,3.2243343438675636,428.6491809157921,207.3647746817054,500.0,0.010000000707805157,0.5900980234146118,1.0
768,3.329851024389091,473.66771920489373,209.6414799404126,500.0,0.010000000707805157,0.6084501147270203,1.0
769,3.0120583038463367,324.785296918495,202.18886811990598,500.0,0.010000000707805157,0.3940320909023285,1.0
770,3.9548482669852705,545.9054035329383,207.83612390307408,500.0,0.010000000707805157,0.8781520128250122,1.0
771,3.860184680300959,507.66151207948275,205.94978715493505,500.0,0.010000000707805157,0.8583028316497803,1.0
772,3.6861561303852115,424.00268560836207,202.41783553124972,500.0,0.010000000707805157,0.6632624864578247,1.0
773,3.4378025729075983,515.4815562276273,211.30053924052186,500.0,0.010000000707805157,0.628329873085022,1.0
774,4.039502288979857,583.4763670942054,209.29686806519922,500.0,0.010000000707805157,0.8966532945632935,1.0
775,3.3271208799795144,474.9112036958374,209.60342283898075,500.0,0.010000000707805157,0.6075963973999023,1.0
776,2.7312088861707466,328.65554181222467,206.37329839574411,500.0,0.010000000707805157,0.3563952147960663,1.0
777,3.326036107099788,474.513373029189,209.57407295416348,500.0,0.010000000707805157,0.6070146560668945,1.0
778,3.0134106395868434,325.05576723325214,202.19739456451086,500.0,0.010000000707805157,0.3936747908592224,1.0
779,4.260013119782492,503.75965878374245,202.48054517097808,500.0,0.010000000707805157,0.9327402710914612,1.0
780,3.3281497591710187,474.5682617549771,209.57742153384226,500.0,0.010000000707805157,0.6073083877563477,1.0
781,2.729819379345034,328.19046664666257,206.34913166363984,500.0,0.010000000707805157,0.3558255434036255,1.0
782,2.8562217186617085,385.83182288449365,210.01086958651175,500.0,0.010000000707805157,0.37483519315719604,1.0
783,2.8541976016649957,385.61502083562726,209.9687897269803,500.0,0.010000000707805157,0.37438181042671204,1.0
784,3.7432235335709634,547.9998156193402,209.28387235048876,500.0,0.010000000707805157,0.8388960361480713,1.0
785,3.012764972926318,324.2957901878049,202.19466216227102,500.0,0.010000000707805157,0.39296892285346985,1.0
786,3.430526616326793,515.8504618866782,211.04432163553787,500.0,0.010000000707805157,0.625053882598877,1.0
787,2.8500815977899854,385.702344321681,209.8717697061602,500.0,0.010000000707805157,0.37329310178756714,1.0
788,2.118565299726225,176.58903540984554,201.1638656475006,500.0,0.010000000707805157,0.1223602294921875,1.0
789,3.4708410551880116,423.8719028727959,204.77330283490946,500.0,0.010000000707805157,0.6252118945121765,1.0
790,3.698376615517583,421.76006780160304,202.35221248896013,500.0,0.010000000707805157,0.6627031564712524,1.0
791,4.045785550834252,582.550641880604,209.05317357226667,500.0,0.010000000707805157,0.8942939639091492,1.0
792,4.157823259890967,544.4217263863414,206.15217383807027,500.0,0.010000000707805157,0.912494421005249,1.0
793,3.227254757204247,427.01716131030383,207.28341439239782,500.0,0.010000000707805157,0.5883760452270508,1.0
794,4.312067649274433,612.1024216510257,207.87743347103537,500.0,0.010000000707805157,1.107859492301941,1.0
795,3.426511575418205,517.418428796226,210.94263331437372,500.0,0.010000000707805157,0.623366117477417,1.0
796,3.7371573511655405,549.1671588713153,209.19893964642213,500.0,0.010000000707805157,0.8367824554443359,1.0
797,2.7270196203780865,327.5109565454644,206.29712184905605,500.0,0.010000000707805157,0.35425686836242676,1.0
798,3.6950350098936027,423.3254313473122,202.37278457155944,500.0,0.010000000707805157,0.662373960018158,1.0
799,3.215933342346321,427.71041391044525,207.19912780577621,500.0,0.010000000707805157,0.585640013217926,1.0
800,3.461274986131292,425.45326149060276,204.76349656201398,500.0,0.010000000707805157,0.6231802105903625,1.0
801,3.2106727757602216,427.6856317359037,207.14533281325345,500.0,0.010000000707805157,0.5841785073280334,1.0
802,4.039449172054182,584.7573356097131,209.0931857870767,500.0,0.010000000707805157,0.8935204744338989,1.0
803,4.29484967679672,613.6114535557759,207.82911850135568,500.0,0.010000000707805157,1.1036990880966187,1.0
804,3.4556499537573235,426.53695901903956,204.75158677991874,500.0,0.010000000707805157,0.6222951412200928,1.0
805,3.4545716474866,426.54528024464236,204.75181134835884,500.0,0.010000000707805157,0.621975302696228,1.0
806,2.720581831370384,328.0474901379646,206.19006397008624,500.0,0.010000000707805157,0.35241439938545227,1.0
807,3.941626062239012,548.1309093073575,207.67659933746359,500.0,0.010000000707805157,0.8720709681510925,1.0
808,2.8547654313198216,387.6562672973568,209.88797567760497,500.0,0.010000000707805157,0.37293949723243713,1.0
809,3.0144611387117175,324.766554426378,202.25193908948077,500.0,0.010000000707805157,0.39191383123397827,1.0
810,3.0131575024595905,324.4852010929338,202.25955016161402,500.0,0.010000000707805157,0.3915271461009979,1.0
811,2.12490719211828,176.48581049055528,201.2190299678922,500.0,0.010000000707805157,0.12177842855453491,1.0
812,4.0674257625529116,504.450603931437,204.14482455778784,500.0,0.010000000707805157,0.8911499381065369,1.0
813,3.0099813662899084,323.9502968699088,202.2883825852407,500.0,0.010000000707805157,0.3906029760837555,1.0
814,3.008696550798386,323.6750301336623,202.29574836099997,500.0,0.010000000707805157,0.39022010564804077,1.0
815,3.3234319827290206,473.5789060181164,209.31385633219244,500.0,0.010000000707805157,0.6028562784194946,1.0
816,3.6911134796882266,422.62123641189936,202.49312316935058,500.0,0.010000000707805157,0.6593440771102905,1.0
817,4.045234344745252,584.4014326709636,209.05629791721861,500.0,0.010000000707805157,0.8926595449447632,1.0
818,3.4573380637811084,424.92950554579767,204.764672533351,500.0,0.010000000707805157,0.6204227209091187,1.0
819,3.5621545647062884,472.79148867681744,207.39974473040132,500.0,0.010000000707805157,0.6405583620071411,1.0
820,2.119484448858059,175.59878532847165,201.20463131951266,500.0,0.010000000707805157,0.12088309228420258,1.0
821,2.8499182942770815,385.7537413657039,209.7315552380207,500.0,0.010000000707805157,0.37137722969055176,1.0
822,2.847854242578499,385.5455361054276,209.68823964208147,500.0,0.010000000707805157,0.3709288239479065,1.0
823,3.958059354524059,545.76790192343,207.5609178740176,500.0,0.010000000707805157,0.8716555237770081,1.0
824,2.1092351520387895,174.33273933076495,201.15505930582728,500.0,0.010000000707805157,0.11981146782636642,1.0
825,2.8445890556989095,385.0836459803544,209.6176698121374,500.0,0.010000000707805157,0.3701751232147217,1.0
826,3.4287589772816514,516.3777779208672,210.60552093475354,500.0,0.010000000707805157,0.6207614541053772,1.0
827,3.0075171861693715,321.76472730691245,202.22990220326582,500.0,0.010000000707805157,0.38857510685920715,1.0
828,3.0062446015836435,321.5002598151996,202.23687855913886,500.0,0.010000000707805157,0.3881981372833252,1.0
829,3.8804014189277884,503.0883938381746,205.76945508718458,500.0,0.010000000707805157,0.8535479307174683,1.0
830,3.46728925201173,422.3248393703941,204.721865127493,500.0,0.010000000707805157,0.6201002597808838,1.0
831,4.483312500535662,677.9720131892954,209.61542994383274,500.0,0.010000000707805157,1.141960859298706,1.0
832,3.8705365976802026,504.48794070251296,205.7686880486305,500.0,0.010000000707805157,0.8522370457649231,1.0
833,3.0064793528412164,322.7076394096196,202.28938986249034,500.0,0.010000000707805157,0.3881117105484009,1.0
834,3.463298305418348,423.2614035594727,204.7312657521371,500.0,0.010000000707805157,0.6194381713867188,1.0
835,3.9568276343528606,546.1713653133461,207.5124211284188,500.0,0.010000000707805157,0.8700613379478455,1.0
836,2.107648607628303,173.74275219846513,201.1447173458403,500.0,0.010000000707805157,0.11908651143312454,1.0
837,2.843613581839405,385.4817336766413,209.533027590132,500.0,0.010000000707805157,0.3692514896392822,1.0
838,4.321009426435827,610.7451028614238,207.63193284864147,500.0,0.010000000707805157,1.1021677255630493,1.0
839,4.04429583883413,585.4197491541855,208.80006226722162,500.0,0.010000000707805157,0.888784646987915,1.0
840,3.006537954333883,322.84597810114496,202.29585756205702,500.0,0.010000000707805157,0.3876163363456726,1.0
841,2.7182148723932213,324.1392905069177,206.11054681442707,500.0,0.010000000707805157,0.35007184743881226,1.0
842,3.742274816770293,547.2518069840062,208.85235903657866,500.0,0.010000000707805157,0.8316764831542969,1.0
843,3.5626586264929756,472.6440341483693,207.19449289923958,500.0,0.010000000707805157,0.637767493724823,1.0
844,3.830489080238496,587.0053601274673,209.97977209837188,500.0,0.010000000707805157,0.849704384803772,1.0
845,3.73326020819554,548.4636661107915,208.82342349048068,500.0,0.010000000707805157,0.8298761248588562,1.0
846,3.460018503045469,423.9491487066063,204.6707535645328,500.0,0.010000000707805157,0.6183289289474487,1.0
847,3.948087716934039,547.7662790628738,207.42713797418742,500.0,0.010000000707805157,0.8676395416259766,1.0
848,3.009937745684938,323.3176239606983,202.2892976048313,500.0,0.010000000707805157,0.387991726398468,1.0
849,3.0086105948290154,323.04544611437836,202.29595463545272,500.0,0.010000000707805157,0.38761067390441895,1.0
850,3.5607932579660493,473.5348934601431,207.1734092594594,500.0,0.010000000707805157,0.6370007395744324,1.0
851,2.715000974160581,324.403554620123,206.04642357409978,500.0,0.010000000707805157,0.3488543629646301,1.0
852,3.422433958627857,519.4705021440595,210.4020567104991,500.0,0.010000000707805157,0.6176522970199585,1.0
853,3.461822816688784,423.3178677283787,204.66285929879135,500.0,0.010000000707805157,0.617766261100769,1.0
854,3.2078008153304745,424.65308902773637,206.8800869609208,500.0,0.010000000707805157,0.5788275003433228,1.0
855,4.0721382117607305,503.5894065697949,204.09996787002643,500.0,0.010000000707805157,0.8864881992340088,1.0
856,2.8427504344518284,387.33943466002717,209.42677195624032,500.0,0.010000000707805157,0.3678927421569824,1.0
857,3.9499525116170937,547.4186083520984,207.37934884961157,500.0,0.010000000707805157,0.8666020035743713,1.0
858,3.4569490278011803,423.77698099927363,204.65193649068408,500.0,0.010000000707805157,0.6165930032730103,1.0
859,2.710513850305443,324.34602773034214,205.9727069709044,500.0,0.010000000707805157,0.34751734137535095,1.0
860,3.4230219810732705,519.8830576762847,210.38585399505374,500.0,0.010000000707805157,0.6174551248550415,1.0
861,3.008249433551397,322.3311087298808,202.28781325941537,500.0,0.010000000707805157,0.386758416891098,1.0
862,2.7094791532281293,323.5744356678638,205.96134373118852,500.0,0.010000000707805157,0.34716662764549255,1.0
863,3.630647795107552,505.08072822533614,207.13170233166719,500.0,0.010000000707805157,0.8065284490585327,1.0
864,3.4562850382922026,422.85992077454847,204.59655397441935,500.0,0.010000000707805157,0.6155687570571899,1.0
865,3.007344174433057,321.8415409098014,202.30678178275625,500.0,0.010000000707805157,0.386517733335495,1.0
866,3.0060273789539766,321.5768114380569,202.31312967044772,500.0,0.010000000707805157,0.3861410319805145,1.0
867,2.703393493391676,322.8412806948896,205.88056814273034,500.0,0.010000000707805157,0.345716655254364,1.0
868,3.004538739340245,320.8900481585849,202.31181173073486,500.0,0.010000000707805157,0.3856864869594574,1.0
869,2.0877741730336368,170.45624910474544,201.02328372124012,500.0,0.010000000707805157,0.11592718958854675,1.0
870,3.5685462172112112,470.86545869777126,207.1037666444728,500.0,0.010000000707805157,0.6363829374313354,1.0
871,3.002185290165138,320.00477102935463,202.30419032192202,500.0,0.010000000707805157,0.3848595917224884,1.0
872,2.835952940677237,384.4932121969632,209.2832624671046,500.0,0.010000000707805157,0.3662959337234497,1.0
873,3.3204985538827985,471.35798388207576,208.78634069241434,500.0,0.010000000707805157,0.5963259935379028,1.0
874,2.0743708226193878,168.84821121974957,200.94563121687483,500.0,0.010000000707805157,0.11461618542671204,1.0
875,3.428840575640741,516.3125955266237,210.1376942935205,500.0,0.010000000707805157,0.6167730093002319,1.0
876,4.215239917885842,645.2331805956685,209.30662532728064,500.0,0.010000000707805157,1.077695608139038,1.0
877,3.568383386172315,470.9479719938835,206.95635041002234,500.0,0.010000000707805157,0.6353120803833008,1.0
878,3.2063612425240713,421.21154341469065,206.67426622093444,500.0,0.010000000707805157,0.5749906897544861,1.0
879,3.5685461458008083,471.0115923707927,206.9568624777358,500.0,0.010000000707805157,0.6353175640106201,1.0
880,2.0755256179717767,168.72943646933638,200.92398833452512,500.0,0.010000000707805157,0.11438708007335663,1.0
881,2.068293683956689,167.93195118559981,200.88802520847054,500.0,0.010000000707805157,0.11377772688865662,1.0
882,3.317622535154204,470.60677628311123,208.63138593152456,500.0,0.010000000707805157,0.5944437980651855,1.0
883,3.9723760493106415,543.1300903273051,207.1115924608686,500.0,0.010000000707805157,0.865551769733429,1.0
884,2.6965793894238823,319.62245090952365,205.78721494447902,500.0,0.010000000707805157,0.34352266788482666,1.0
885,3.4206799283183464,517.0941408312452,209.9446517291677,500.0,0.010000000707805157,0.6141068935394287,1.0
886,2.6957486033003812,319.25919280030934,205.7767737941667,500.0,0.010000000707805157,0.3432465195655823,1.0
887,3.417854399385292,517.1396110260629,209.87242823695985,500.0,0.010000000707805157,0.6131928563117981,1.0
888,3.8851338830787303,499.13973998152085,205.4131576070095,500.0,0.010000000707805157,0.8455418348312378,1.0
889,2.6933780065505206,319.3108768713065,205.74179331309256,500.0,0.010000000707805157,0.34261903166770935,1.0
890,3.971274719307801,543.1756606696546,207.0379948495118,500.0,0.010000000707805157,0.8645659685134888,1.0
891,3.309233640878018,471.44264943781326,208.53129018148178,500.0,0.010000000707805157,0.5921047329902649,1.0
892,3.721388502017327,417.32563694862927,202.35798135749604,500.0,0.010000000707805157,0.6569705009460449,1.0
893,2.6920938893315247,319.40562427291076,205.7136872158576,500.0,0.010000000707805157,0.3421803116798401,1.0
894,2.821008334565838,384.4129838553228,208.9339632115412,500.0,0.010000000707805157,0.36253586411476135,1.0
895,3.8804158946254237,498.998582713016,205.35769643205924,500.0,0.010000000707805157,0.8435611128807068,1.0
896,3.874176447468525,499.5059894759666,205.34417156419198,500.0,0.010000000707805157,0.8423970341682434,1.0
897,3.826806181081664,585.8362864429351,209.4033206948532,500.0,0.010000000707805157,0.8416273593902588,1.0
898,2.068159300181701,167.2859990214903,200.8338627176177,500.0,0.010000000707805157,0.112969309091568,1.0
899,3.4670859308302355,418.35841628710614,204.38116854400513,500.0,0.010000000707805157,0.6129405498504639,1.0
900,2.685521958562104,319.1696464199751,205.61952729021644,500.0,0.010000000707805157,0.3405444622039795,1.0
901,3.573767782580635,469.89277919886376,206.80615236110535,500.0,0.010000000707805157,0.6346335411071777,1.0
902,3.967291397330987,543.5384822927923,206.98609163501206,500.0,0.010000000707805157,0.8627837896347046,1.0
903,3.3040219098818224,471.7884152076432,208.4523697891041,500.0,0.010000000707805157,0.590264081954956,1.0
904,3.465015550450277,418.5346508360604,204.36024400502072,500.0,0.010000000707805157,0.6122627258300781,1.0
905,3.0083081636392333,317.5443723564079,202.15605197850155,500.0,0.010000000707805157,0.3841676712036133,1.0
906,2.820847377686084,384.7247178642709,208.89544189234797,500.0,0.010000000707805157,0.36201804876327515,1.0
907,3.4666995921235517,417.901259942338,204.35336219517703,500.0,0.010000000707805157,0.612011194229126,1.0
908,4.319154079906299,497.30284496768996,202.4936034325079,500.0,0.010000000707805157,0.9278662204742432,1.0
909,3.5705706430098467,470.84192097054535,206.81503404794296,500.0,0.010000000707805157,0.6333926916122437,1.0
910,3.3062681959729123,471.90316922864156,208.42710343201188,500.0,0.010000000707805157,0.5903452634811401,1.0
911,4.19464393895004,647.2835361993696,208.9751093484075,500.0,0.010000000707805157,1.0684980154037476,1.0
912,3.613031837348706,501.87616861944554,206.68252904220302,500.0,0.010000000707805157,0.794908881187439,1.0
913,3.709935442444906,546.8688514317021,208.1695450493355,500.0,0.010000000707805157,0.8152597546577454,1.0
914,3.170501584610573,421.5815929930321,206.27627912325028,500.0,0.010000000707805157,0.5646878480911255,1.0
915,3.0112219296237854,318.65267197924527,202.1782156624262,500.0,0.010000000707805157,0.3845174014568329,1.0
916,2.6772489536229376,320.250086300199,205.46607260709735,500.0,0.010000000707805157,0.33811870217323303,1.0
917,4.1871077218306665,544.2959354360576,205.79021866955577,500.0,0.010000000707805157,0.9061588048934937,1.0
918,3.2942517939468914,473.52442278789937,208.39110530862453,500.0,0.010000000707805157,0.5877875089645386,1.0
919,3.292866582561199,473.6294916801011,208.3738668577854,500.0,0.010000000707805157,0.5874147415161133,1.0
920,3.2914869089943894,473.734745928961,208.35657602447367,500.0,0.010000000707805157,0.5870428681373596,1.0
921,4.051009448219972,587.8825659481843,208.20422831775176,500.0,0.010000000707805157,0.8828874230384827,1.0
922,3.165245286592692,421.75146114277015,206.2171232490595,500.0,0.010000000707805157,0.5631473064422607,1.0
923,3.013164202005279,318.68836629999487,202.1502204681512,500.0,0.010000000707805157,0.38447105884552,1.0
924,3.948402308610134,546.4763147815528,206.89568231905616,500.0,0.010000000707805157,0.8583564758300781,1.0
925,3.567472658233606,473.34492760429293,206.76768456726825,500.0,0.010000000707805157,0.633017897605896,1.0
926,2.822434578574791,387.74841576895716,208.8150609638831,500.0,0.010000000707805157,0.3610438108444214,1.0
927,3.7200830626884183,418.73236699212896,202.37712410304977,500.0,0.010000000707805157,0.6558116674423218,1.0
928,2.677037806738553,320.3712863687563,205.42527339760485,500.0,0.010000000707805157,0.33750030398368835,1.0
929,2.07157530582097,166.55855765570334,200.74014135166018,500.0,0.010000000707805157,0.11183041334152222,1.0
930,3.1678255740447954,420.2727967604503,206.15647835139444,500.0,0.010000000707805157,0.562523365020752,1.0
931,3.411008510062628,521.025520028448,209.64190158179272,500.0,0.010000000707805157,0.609931230545044,1.0
932,3.7004896534678644,546.9391943034125,207.96822133119545,500.0,0.010000000707805157,0.8107910752296448,1.0
933,2.067929551288313,166.01046736473256,200.69705480301226,500.0,0.010000000707805157,0.11135680973529816,1.0
934,3.571164003825225,471.94268162880513,206.64171886584361,500.0,0.010000000707805157,0.6324719190597534,1.0
935,4.052842348256299,587.9364211613242,208.0150116355878,500.0,0.010000000707805157,0.8811168670654297,1.0
936,4.09382808171592,499.3940116924642,203.75265257602192,500.0,0.010000000707805157,0.8813426494598389,1.0
937,2.0697533695009267,166.06720549609813,200.68553793256842,500.0,0.010000000707805157,0.11130858957767487,1.0
938,3.2878922568270275,473.67234295209903,208.1512057259796,500.0,0.010000000707805157,0.5847122669219971,1.0
939,3.011345935774417,317.330094847184,202.09521942871905,500.0,0.010000000707805157,0.38299110531806946,1.0
940,2.813558850441746,386.7336776299452,208.59081443421042,500.0,0.010000000707805157,0.35895228385925293,1.0
941,2.8113503129111677,386.551314698989,208.54371009977194,500.0,0.010000000707805157,0.3585193157196045,1.0
942,3.729829779894408,416.53999194429355,202.30334040570315,500.0,0.010000000707805157,0.655351459980011,1.0
943,3.7264554938894814,416.86616246158366,202.33449345393143,500.0,0.010000000707805157,0.6544104218482971,1.0
944,3.459497006394467,417.9832058283645,204.21977662465932,500.0,0.010000000707805157,0.6079776287078857,1.0
945,3.956914702875007,545.4824066581747,206.73184603634311,500.0,0.010000000707805157,0.8567204475402832,1.0
946,2.6724753725035204,318.436407043267,205.3290360454861,500.0,0.010000000707805157,0.33591151237487793,1.0
947,3.0062931784328115,316.8741318221306,202.1246621193612,500.0,0.010000000707805157,0.38141682744026184,1.0
948,2.812676555755848,386.1967935940426,208.52497228884764,500.0,0.010000000707805157,0.3584898114204407,1.0
949,3.4598607449531964,417.4038908836164,204.1977437216982,500.0,0.010000000707805157,0.6073814630508423,1.0
950,4.0566535779074036,587.7523086954396,207.8913999887231,500.0,0.010000000707805157,0.879458487033844,1.0
951,3.005342061231652,316.79847913698654,202.11607749821653,500.0,0.010000000707805157,0.3808894157409668,1.0
952,3.721202439161128,417.1006390728999,202.38343449680184,500.0,0.010000000707805157,0.6520729064941406,1.0
953,3.7177351915130616,417.4350483756103,202.41416887468486,500.0,0.010000000707805157,0.6511389017105103,1.0
954,3.9576075804561563,545.7098285117258,206.71509882223566,500.0,0.010000000707805157,0.8558115363121033,1.0
955,3.815060263295688,589.5974457642037,208.87292738619982,500.0,0.010000000707805157,0.8340094089508057,1.0
956,3.853060785657446,500.22343152017686,205.09345879035675,500.0,0.010000000707805157,0.8328987956047058,1.0
957,2.0625668016018013,164.67657378610613,200.5604531273594,500.0,0.010000000707805157,0.10991097241640091,1.0
958,3.2913898654518228,473.6993958914072,208.01788400855435,500.0,0.010000000707805157,0.5841206312179565,1.0
959,3.5648603598539683,473.3550283963362,206.52275951883198,500.0,0.010000000707805157,0.6286423802375793,1.0
960,3.9519394832384616,546.7478282737571,206.6689958757061,500.0,0.010000000707805157,0.8545364737510681,1.0
961,3.168345417790161,419.6169667099106,206.03791558499472,500.0,0.010000000707805157,0.5611333847045898,1.0
962,4.0847231780622915,499.9818950361514,203.7780172564027,500.0,0.010000000707805157,0.8761841654777527,1.0
963,3.5624349327180145,474.4684808048079,206.56701096501098,500.0,0.010000000707805157,0.628365159034729,1.0
964,3.2871742111550986,475.03921937381693,208.0014758620062,500.0,0.010000000707805157,0.583263635635376,1.0
965,3.944086216768976,548.0371015119595,206.67395103153828,500.0,0.010000000707805157,0.8532141447067261,1.0
966,3.903749672899716,633.0043718618961,209.60665207902434,500.0,0.010000000707805157,0.854045033454895,1.0
967,3.1609911263590282,421.0132704167319,206.0121431512099,500.0,0.010000000707805157,0.5599691271781921,1.0
968,3.4462368632480835,420.3871837417802,204.17529292623732,500.0,0.010000000707805157,0.60480135679245,1.0
969,3.7113507101040892,420.0068812705684,202.43369628928366,500.0,0.010000000707805157,0.6504499912261963,1.0
970,3.1565730117124438,421.1423098977062,205.96410373142456,500.0,0.010000000707805157,0.5588783025741577,1.0
971,3.9360867561485358,549.3445946496288,206.66140662381733,500.0,0.010000000707805157,0.8517442345619202,1.0
972,2.8183321941008357,390.13680229460505,208.43743911982966,500.0,0.010000000707805157,0.3578031063079834,1.0
973,3.5588832040138105,476.1982509258421,206.51028856633172,500.0,0.010000000707805157,0.6273909211158752,1.0
974,3.2791485188763883,476.7793234243991,207.91882664431654,500.0,0.010000000707805157,0.581294596195221,1.0
975,3.558172911413086,476.46441426907523,206.4775085459823,500.0,0.010000000707805157,0.6270554065704346,1.0
976,3.153976630136151,421.2257197272735,205.92923064256297,500.0,0.010000000707805157,0.5580576658248901,1.0
977,2.073822020628526,165.1286032511017,200.49408173398885,500.0,0.010000000707805157,0.10984781384468079,1.0
978,3.277915648146627,476.15791550703864,207.85819020864545,500.0,0.010000000707805157,0.580541729927063,1.0
979,2.664443935862405,318.9999873502518,205.11586173884808,500.0,0.010000000707805157,0.3328876495361328,1.0
980,2.6623714965222027,318.63330128226005,205.09256591940198,500.0,0.010000000707805157,0.3324759006500244,1.0
981,3.684494067740053,548.6826010532396,207.57970739027405,500.0,0.010000000707805157,0.803540825843811,1.0
982,3.562454589542085,475.2289177841192,206.41671310109487,500.0,0.010000000707805157,0.6275071501731873,1.0
983,3.273637461020185,476.0463754610884,207.79284029284284,500.0,0.010000000707805157,0.5792222023010254,1.0
984,4.0813954516743935,500.41381730191495,203.66349896986247,500.0,0.010000000707805157,0.8744829893112183,1.0
985,3.2722578041858976,476.57011034803145,207.79875060249492,500.0,0.010000000707805157,0.5789962410926819,1.0
986,3.9340126447694947,549.4430665269774,206.5131158074772,500.0,0.010000000707805157,0.8497687578201294,1.0
987,2.8116384257553286,390.5181970076078,208.25828634382194,500.0,0.010000000707805157,0.3560253381729126,1.0
988,4.406664709053014,571.4691516989988,204.3720845609777,500.0,0.010000000707805157,1.0965452194213867,1.0
989,4.5845673895074635,655.0965695812957,206.85517243239124,500.0,0.010000000707805157,1.1445382833480835,1.0
990,3.008779049432912,319.9544631936045,202.15024728928782,500.0,0.010000000707805157,0.3797972798347473,1.0
991,3.2687126179944945,478.43132938027117,207.78456978451257,500.0,0.010000000707805157,0.5783563256263733,1.0
992,2.8137548791476177,391.80458385509706,208.2320054643353,500.0,0.010000000707805157,0.35589316487312317,1.0
993,3.2674488389613217,478.2515357650446,207.73478383044227,500.0,0.010000000707805157,0.5778152346611023,1.0
994,3.71431592240518,420.4978932469636,202.38042725342814,500.0,0.010000000707805157,0.6501045823097229,1.0
995,3.3913113122143854,529.2798775517934,208.98990163666406,500.0,0.010000000707805157,0.6017227172851562,1.0
996,3.925632053104121,551.6237330145275,206.4511592632072,500.0,0.010000000707805157,0.8477497100830078,1.0
997,2.8106337198688998,392.55554950512453,208.11733214058728,500.0,0.010000000707805157,0.3549230396747589,1.0
998,3.265352083983485,478.8880704335041,207.66289527167848,500.0,0.010000000707805157,0.5770679712295532,1.0
999,2.076878501688227,164.63341763811056,200.3362586132476,500.0,0.010000000707805157,0.10905784368515015,1.0
1000,2.66012375991474,319.11272939041464,204.988623961834,500.0,0.010000000707805157,0.3311150074005127,1.0
1001,3.008536789493315,318.085027345059,202.0403067451958,500.0,0.010000000707805157,0.3790471851825714,1.0
1002,3.5570781889415404,476.99069781593136,206.22445787520218,500.0,0.010000000707805157,0.6247297525405884,1.0
1003,4.031668089942758,595.6097606142671,207.45425384442072,500.0,0.010000000707805157,0.8704506754875183,1.0
1004,3.443591036826201,420.0668327489825,204.01180496972825,500.0,0.010000000707805157,0.6017765998840332,1.0
1005,3.3835634759051567,529.865935940815,208.73650340185267,500.0,0.010000000707805157,0.5989956855773926,1.0
1006,4.448198078543797,696.0519100961558,207.97831381086434,500.0,0.010000000707805157,1.114128589630127,1.0
1007,3.010467733286298,319.22045708586455,202.01118884653357,500.0,0.010000000707805157,0.37881338596343994,1.0
1008,3.4443725127208626,420.63841910415186,204.01271374251388,500.0,0.010000000707805157,0.6019407510757446,1.0
1009,3.4430059054526003,420.6989765155897,204.01222620020502,500.0,0.010000000707805157,0.6016123294830322,1.0
1010,3.925472000876083,552.3154105585513,206.31208496226492,500.0,0.010000000707805157,0.8460803031921387,1.0
1011,3.823176518900768,503.0156256021179,204.82751629542543,500.0,0.010000000707805157,0.8241065144538879,1.0
1012,2.662162580010719,319.99522151226734,204.9516981809004,500.0,0.010000000707805157,0.3309113085269928,1.0
1013,3.7125309076764483,421.1367535301574,202.35414913911956,500.0,0.010000000707805157,0.6481176018714905,1.0
1014,4.162391192034127,552.986898591354,205.347531145262,500.0,0.010000000707805157,0.8922985792160034,1.0
1015,3.263169465468442,480.29369057661296,207.5377598566283,500.0,0.010000000707805157,0.5758176445960999,1.0
1016,3.261750624071615,480.3845041886869,207.519161244741,500.0,0.010000000707805157,0.5754482746124268,1.0
1017,4.2546090136861885,618.5174987450602,206.4049176220372,500.0,0.010000000707805157,1.0669035911560059,1.0
1018,2.6617387525714395,320.79091364461016,204.9119457529697,500.0,0.010000000707805157,0.3304769694805145,1.0
1019,2.08414677538265,164.7058406939214,200.2241122251719,500.0,0.010000000707805157,0.10872513055801392,1.0
1020,2.6577614522622017,319.636361901002,204.87381501660494,500.0,0.010000000707805157,0.3297891914844513,1.0
1021,2.072006330489491,163.38419191233208,200.14785457493758,500.0,0.010000000707805157,0.10777702927589417,1.0
1022,3.2601540714397417,478.82297893109006,207.42320337479612,500.0,0.010000000707805157,0.5743200778961182,1.0
1023,3.437471874630831,420.0943437237949,203.92446529109344,500.0,0.010000000707805157,0.5993272066116333,1.0
1024,3.2587328228959356,478.9115027267955,207.40872752988804,500.0,0.010000000707805157,0.5739312171936035,1.0
1025,3.9231315339454627,551.998329174733,206.22066146244876,500.0,0.010000000707805157,0.844183623790741,1.0
1026,2.6518628434772284,318.9075304698389,204.79306713084284,500.0,0.010000000707805157,0.32850155234336853,1.0
1027,3.0066014300848765,318.1990396449137,202.01156866659704,500.0,0.010000000707805157,0.37742310762405396,1.0
1028,2.060466781814005,161.95417092188373,200.03469348082297,500.0,0.010000000707805157,0.10667204111814499,1.0
1029,3.0038837278782964,317.2024183198555,201.9972513467559,500.0,0.010000000707805157,0.3767623007297516,1.0
1030,2.647472027599087,317.0537725714164,204.74683057399983,500.0,0.010000000707805157,0.3277570307254791,1.0
1031,3.8266089021414236,499.97624167612184,204.63710160673565,500.0,0.010000000707805157,0.8204082250595093,1.0
1032,2.7976094647865226,391.17819849900053,207.74870287425185,500.0,0.010000000707805157,0.35175129771232605,1.0
1033,2.7951666486864255,390.99227741877,207.69916147784534,500.0,0.010000000707805157,0.35131821036338806,1.0
1034,3.7757518293191374,596.0055659836984,208.01569380185632,500.0,0.010000000707805157,0.8188776969909668,1.0
1035,3.4400017709105097,418.2764159767716,203.82626050350737,500.0,0.010000000707805157,0.5982884764671326,1.0
1036,3.2561226634896068,477.5944206523616,207.24748443375245,500.0,0.010000000707805157,0.5722325444221497,1.0
1037,3.0046833169354343,316.4243400355545,201.93955002552173,500.0,0.010000000707805157,0.3766082525253296,1.0
1038,3.7719648053856623,596.6079029864992,207.96635653098846,500.0,0.010000000707805157,0.8177988529205322,1.0
1039,2.790621261500681,391.8712951267809,207.5666831817104,500.0,0.010000000707805157,0.35013678669929504,1.0
1040,3.441277480804791,417.96487794856097,203.78824534637263,500.0,0.010000000707805157,0.5981389284133911,1.0
1041,3.0046276669038536,316.1504099370871,201.9112526514359,500.0,0.010000000707805157,0.37637120485305786,1.0
1042,4.086002604573312,499.361711651706,203.4601565600547,500.0,0.010000000707805157,0.8693460822105408,1.0
1043,3.4370385517691764,418.32852138880037,203.80577842692134,500.0,0.010000000707805157,0.5971775054931641,1.0
1044,2.7925878749285094,391.6277721377997,207.57845382350075,500.0,0.010000000707805157,0.35036346316337585,1.0
1045,3.4377645896943116,417.9911976702338,203.79275764625,500.0,0.010000000707805157,0.5970441102981567,1.0
1046,3.436328609318216,418.0738382469792,203.79216519634014,500.0,0.010000000707805157,0.5967161655426025,1.0
1047,3.5543879260591544,477.5303380730578,205.9510879654948,500.0,0.010000000707805157,0.6210803985595703,1.0
1048,4.032122809944265,597.3157845349949,207.10294082450187,500.0,0.010000000707805157,0.866585373878479,1.0
1049,3.768033583380879,598.1864454301926,207.87467267609864,500.0,0.010000000707805157,0.8164786100387573,1.0
1050,2.7905793570487885,392.975876656985,207.46537733035106,500.0,0.010000000707805157,0.34947046637535095,1.0
1051,3.550653466345529,478.8863061407646,205.8406837615449,500.0,0.010000000707805157,0.6199082136154175,1.0
1052,2.0461200130514774,159.65303829819797,199.72458942852214,500.0,0.010000000707805157,0.10465003550052643,1.0
1053,3.4397154711627893,417.932089999128,203.76643838358754,500.0,0.010000000707805157,0.5969334244728088,1.0
1054,3.1288792600059727,417.92859008773485,205.33064210567164,500.0,0.010000000707805157,0.547524631023407,1.0
1055,4.081662077185463,499.8285409661914,203.43439079500905,500.0,0.010000000707805157,0.8674397468566895,1.0
1056,3.5509619343415766,478.6739838922399,205.86396975383786,500.0,0.010000000707805157,0.6197822093963623,1.0
1057,3.4335947387680297,418.65373906396206,203.76641594459133,500.0,0.010000000707805157,0.595748782157898,1.0
1058,3.923106190977858,551.823996910252,205.98106116145064,500.0,0.010000000707805157,0.8405771255493164,1.0
1059,2.791171602006089,393.11736105911234,207.42566277962212,500.0,0.010000000707805157,0.34926074743270874,1.0
1060,3.432556323596478,418.7800421915661,203.7547525876579,500.0,0.010000000707805157,0.5954201221466064,1.0
1061,3.120519671784605,418.68019211720724,205.257821125551,500.0,0.010000000707805157,0.5457918643951416,1.0
1062,4.215468191405642,699.0844088652152,208.12801899984652,500.0,0.010000000707805157,1.0599952936172485,1.0
1063,4.069472482871825,501.64432184741867,203.42618527540824,500.0,0.010000000707805157,0.8655422329902649,1.0
1064,3.0015843685696053,317.98304626217623,201.94874909419934,500.0,0.010000000707805157,0.3747376799583435,1.0
1065,4.0647099459317735,502.03708633739143,203.4544720568644,500.0,0.010000000707805157,0.8642887473106384,1.0
1066,2.057943068181029,160.41921244643424,199.68936682691987,500.0,0.010000000707805157,0.10496504604816437,1.0
1067,3.915775540288925,553.0557376316164,205.9588095402014,500.0,0.010000000707805157,0.8388941884040833,1.0
1068,4.164653352765003,554.032201199095,205.10895958350508,500.0,0.010000000707805157,0.8880709409713745,1.0
1069,2.9975806772866345,318.55017941183405,201.9975863525187,500.0,0.010000000707805157,0.3736502230167389,1.0
1070,3.2481069011699275,480.4687384386288,207.01723021875344,500.0,0.010000000707805157,0.5693359971046448,1.0
1071,2.9968202942345776,318.2096279407835,201.98470030468562,500.0,0.010000000707805157,0.37341922521591187,1.0
1072,3.544707068375861,480.74073417927724,205.842701533004,500.0,0.010000000707805157,0.6177624464035034,1.0
1073,4.161458538022596,554.5144894248866,205.08637082230172,500.0,0.010000000707805157,0.8863149285316467,1.0
1074,3.9105858197588,554.6026361805544,205.94767922977255,500.0,0.010000000707805157,0.8376204967498779,1.0
1075,4.289835241807359,504.7001653811325,202.53888579852554,500.0,0.010000000707805157,0.9088468551635742,1.0
1076,3.538772614336637,482.8908946038685,205.8819962871537,500.0,0.010000000707805157,0.6164067983627319,1.0
1077,4.46428988628583,621.4837569815948,205.37316818347085,500.0,0.010000000707805157,1.103958010673523,1.0
1078,2.992758901369105,320.8164107580593,202.09379264640884,500.0,0.010000000707805157,0.3719916343688965,1.0
1079,3.536114856612786,483.8037667208694,205.88776163782433,500.0,0.010000000707805157,0.6156591176986694,1.0
1080,3.3758419245778297,537.5460300782748,208.0705735164726,500.0,0.010000000707805157,0.5930496454238892,1.0
1081,3.4174081627441297,422.5033020272134,203.8278808892108,500.0,0.010000000707805157,0.5924136638641357,1.0
1082,3.4160568015750776,422.5622371747124,203.82688272372238,500.0,0.010000000707805157,0.5920915603637695,1.0
1083,3.5346454123663906,484.24923770870436,205.8496499323537,500.0,0.010000000707805157,0.6150398254394531,1.0
1084,2.072044447734928,161.32391308487416,199.57584105735717,500.0,0.010000000707805157,0.10521697998046875,1.0
1085,3.7974864924019163,503.75096587019834,204.5361622956214,500.0,0.010000000707805157,0.8129556179046631,1.0
1086,3.6864028608747796,423.8775578482181,202.47330391531037,500.0,0.010000000707805157,0.6370503306388855,1.0
1087,3.3779163452414402,537.6149121829981,208.0246806374408,500.0,0.010000000707805157,0.5931066274642944,1.0
1088,2.798279801254609,396.90367540721996,207.2129411885234,500.0,0.010000000707805157,0.34837251901626587,1.0
1089,2.0640416734537266,160.3440142255917,199.47420436885744,500.0,0.010000000707805157,0.10446271300315857,1.0
1090,4.012612582309785,619.4355996778384,206.63074567786776,500.0,0.010000000707805157,1.012093186378479,1.0
1091,2.06329796825077,160.18585070199333,199.4540670460058,500.0,0.010000000707805157,0.10433903336524963,1.0
1092,3.2476451943928604,481.85871927419896,206.82786001743318,500.0,0.010000000707805157,0.5682170391082764,1.0
1093,3.417830969618034,420.98380346098554,203.73614527035622,500.0,0.010000000707805157,0.5911973714828491,1.0
1094,2.6390311565423517,317.2579246779625,204.36039756333875,500.0,0.010000000707805157,0.32394006848335266,1.0
1095,4.685355251785667,621.9717706167264,204.61274788977667,500.0,0.010000000707805157,1.1493492126464844,1.0
1096,2.6408056708007823,317.70630948387327,204.36129033008046,500.0,0.010000000707805157,0.3241352438926697,1.0
1097,2.638377126488557,317.3242027155569,204.33667570535417,500.0,0.010000000707805157,0.32371824979782104,1.0
1098,3.7943069805662875,502.75118773279354,204.41840123601125,500.0,0.010000000707805157,0.8103368878364563,1.0
1099,3.4110611629613805,421.2821283008626,203.7155082454966,500.0,0.010000000707805157,0.5895708203315735,1.0
1100,4.146405237487132,557.3066467600958,205.08679547821873,500.0,0.010000000707805157,0.8810769319534302,1.0
1101,3.6839940958349477,423.6328819016807,202.4818502907011,500.0,0.010000000707805157,0.6356013417243958,1.0
1102,4.139457132938933,558.4226084394829,205.120276741919,500.0,0.010000000707805157,0.8793339133262634,1.0
1103,3.405624710064081,422.72298027096946,203.77216344406364,500.0,0.010000000707805157,0.5886695384979248,1.0
1104,2.981876998969945,320.8003406609105,202.1333340839635,500.0,0.010000000707805157,0.3688060939311981,1.0
1105,2.0624026552995463,159.70436448009812,199.33555095685773,500.0,0.010000000707805157,0.10379815101623535,1.0
1106,3.381905764348752,537.1956392763395,207.8764469022616,500.0,0.010000000707805157,0.5930500626564026,1.0
1107,2.795280277330616,396.2077882184901,207.07015001815458,500.0,0.010000000707805157,0.3474947214126587,1.0
1108,3.532645706903007,483.65950303897984,205.68758113696475,500.0,0.010000000707805157,0.6125926971435547,1.0
1109,3.411164904012963,421.2100028563822,203.73275361036536,500.0,0.010000000707805157,0.588813841342926,1.0
1110,2.7930490100779566,396.1517854823385,207.00699275447138,500.0,0.010000000707805157,0.3470260798931122,1.0
1111,3.795567159562038,502.6531811986706,204.4098532022495,500.0,0.010000000707805157,0.8096548318862915,1.0
1112,2.978870536182896,319.43128836217,202.06205100240578,500.0,0.010000000707805157,0.36788541078567505,1.0
1113,3.532131566079987,483.6115843684281,205.67287184807012,500.0,0.010000000707805157,0.6121548414230347,1.0
1114,3.1158451948202903,418.9735158236923,204.99751004157216,500.0,0.010000000707805157,0.5436550378799438,1.0
1115,3.5321673118803676,483.65595566568345,205.66816991437219,500.0,0.010000000707805157,0.6121630668640137,1.0
1116,4.009889040063482,605.595839983812,206.69472421742762,500.0,0.010000000707805157,0.8564932346343994,1.0
1117,3.113886285043114,419.4366977703886,204.98689472207218,500.0,0.010000000707805157,0.54334956407547,1.0
1118,2.791666494520907,396.69859851780717,206.9331907699789,500.0,0.010000000707805157,0.3464675545692444,1.0
1119,2.633247526063206,316.3697580956132,204.18251021840405,500.0,0.010000000707805157,0.32224494218826294,1.0
1120,3.244187973152764,481.8867278171693,206.58554283235904,500.0,0.010000000707805157,0.5660566091537476,1.0
1121,3.2425969382083544,481.98720088307266,206.56606114505186,500.0,0.010000000707805157,0.5656788349151611,1.0
1122,4.008606888614975,605.8089096306652,206.57738064232834,500.0,0.010000000707805157,0.855739414691925,1.0
1123,3.6850377651572184,423.0568065356099,202.39962785082756,500.0,0.010000000707805157,0.6337291598320007,1.0
1124,2.7867964444836297,397.0456868876176,206.79967249351097,500.0,0.010000000707805157,0.3453933000564575,1.0
1125,4.141879666760208,558.7174745989024,204.8742933815351,500.0,0.010000000707805157,0.8765778541564941,1.0
1126,4.0019356197398785,607.5814235059547,206.51585838473227,500.0,0.010000000707805157,0.8536733388900757,1.0
1127,3.2412384087733663,483.88274151398025,206.49446073205252,500.0,0.010000000707805157,0.5652913451194763,1.0
1128,3.1120700384609568,419.5249820100022,204.9371078777036,500.0,0.010000000707805157,0.5427129864692688,1.0
1129,3.526225811419862,485.7942974440052,205.4670333631568,500.0,0.010000000707805157,0.6101028919219971,1.0
1130,4.229692295994877,622.9549268842065,205.67053698259872,500.0,0.010000000707805157,1.0501652956008911,1.0
1131,3.510851486425152,503.011211254851,205.20255290039765,500.0,0.010000000707805157,0.7605903148651123,1.0
1132,2.6307961817415655,317.95253388617596,204.07441669529484,500.0,0.010000000707805157,0.3210550546646118,1.0
1133,3.7730315533815832,504.6221715402299,204.25195576770895,500.0,0.010000000707805157,0.8045673370361328,1.0
1134,4.1029712452364455,576.0006238968879,204.60088715870873,500.0,0.010000000707805157,1.021424412727356,1.0
1135,3.676724058519689,425.6053864037083,202.4558964387855,500.0,0.010000000707805157,0.6332263350486755,1.0
1136,2.6267599827928327,318.84920589496164,203.9975581558652,500.0,0.010000000707805157,0.32000985741615295,1.0
1137,2.794775288409533,399.13734069494785,206.86515784437736,500.0,0.010000000707805157,0.34598127007484436,1.0
1138,2.981221546373824,320.5185105180457,201.998420165508,500.0,0.010000000707805157,0.3675197660923004,1.0
1139,3.394353188842931,422.6505959083981,203.5609670183793,500.0,0.010000000707805157,0.5845168828964233,1.0
1140,3.675111581605753,424.8308318928946,202.46908884936687,500.0,0.010000000707805157,0.6319319009780884,1.0
1141,4.254001565601152,509.00537587184954,202.69251291897314,500.0,0.010000000707805157,0.895596444606781,1.0
1142,3.6188990799727865,558.4817036844589,206.3294514991267,500.0,0.010000000707805157,0.7812589406967163,1.0
1143,4.006884540230626,508.19567379850423,203.46702136626848,500.0,0.010000000707805157,0.8471295237541199,1.0
1144,4.001362332895085,508.8891244836692,203.49106996048343,500.0,0.010000000707805157,0.8461434841156006,1.0
1145,2.8045582982998423,400.03212215466726,206.93447989430584,500.0,0.010000000707805157,0.34704822301864624,1.0
1146,2.9747382260678084,322.2103624647904,202.1222243261519,500.0,0.010000000707805157,0.3658433258533478,1.0
1147,3.7449249923988344,608.9396363936662,207.23027712222412,500.0,0.010000000707805157,0.8075491189956665,1.0
1148,2.9751421918703995,322.1729058077682,202.1007757357066,500.0,0.010000000707805157,0.365817666053772,1.0
1149,3.521320735539492,488.213740495964,205.6113370083403,500.0,0.010000000707805157,0.6091229319572449,1.0
1150,2.068533767486799,158.83592278865635,198.83840742578576,500.0,0.010000000707805157,0.10251346975564957,1.0
1151,3.6620647119719174,426.24715937808327,202.5586744851429,500.0,0.010000000707805157,0.6281816959381104,1.0
1152,3.6585788251458298,426.61272491688896,202.5888306864874,500.0,0.010000000707805157,0.6272701621055603,1.0
1153,3.089187801343083,421.0205129025913,204.66468047632145,500.0,0.010000000707805157,0.5374531149864197,1.0
1154,2.6233282430791216,317.80491522019935,203.86836919648118,500.0,0.010000000707805157,0.31907761096954346,1.0
1155,4.2055886937875,624.6876036367885,205.626477227168,500.0,0.010000000707805157,1.043462872505188,1.0
1156,3.380013724310133,424.18437426004454,203.57731339031776,500.0,0.010000000707805157,0.5810256004333496,1.0
1157,3.7440185645427397,506.5811856514041,204.16946912474702,500.0,0.010000000707805157,0.7972295880317688,1.0
1158,2.6191528719956985,318.64688289692475,203.79196298331402,500.0,0.010000000707805157,0.3180010914802551,1.0
1159,3.071007789317929,421.6905779914089,204.51090431508248,500.0,0.010000000707805157,0.5333501696586609,1.0
1160,3.229205868071647,485.4469725923334,206.42211321648662,500.0,0.010000000707805157,0.5619459748268127,1.0
1161,2.9693398286625663,321.4573492111319,202.12156289349073,500.0,0.010000000707805157,0.3645859360694885,1.0
1162,2.058477425981518,157.45426913173378,198.6794458551723,500.0,0.010000000707805157,0.10147643834352493,1.0
1163,3.377198230189856,422.8925825897714,203.4995005364659,500.0,0.010000000707805157,0.5796377658843994,1.0
1164,3.524191557531259,486.5095156431402,205.61547289003389,500.0,0.010000000707805157,0.6092115044593811,1.0
1165,3.230168887701033,484.4059921940366,206.34430954496082,500.0,0.010000000707805157,0.5617222189903259,1.0
1166,3.880062198882693,654.01308356399,207.76939132358498,500.0,0.010000000707805157,0.836212694644928,1.0
1167,3.3778706793337507,423.26606300485224,203.47459269318165,500.0,0.010000000707805157,0.5797913670539856,1.0
1168,2.6101099265153755,317.3598484796145,203.67177219105164,500.0,0.010000000707805157,0.31635236740112305,1.0
1169,4.000465905272394,507.3922403590482,203.38788230325346,500.0,0.010000000707805157,0.8428471088409424,1.0
1170,3.06399813820911,420.9521178760269,204.38667350262713,500.0,0.010000000707805157,0.5312091708183289,1.0
1171,3.380441244190799,541.9973328778701,207.4672523352812,500.0,0.010000000707805157,0.5905798673629761,1.0
1172,3.3741768390789697,423.3177294140237,203.43716674991026,500.0,0.010000000707805157,0.5788390636444092,1.0
1173,3.521504139375105,487.5764142025887,205.52538974807646,500.0,0.010000000707805157,0.6083961725234985,1.0
1174,3.373127935143007,423.44587982697203,203.43812554259824,500.0,0.010000000707805157,0.5785479545593262,1.0
1175,3.378182007340078,542.6287390161713,207.39662496320366,500.0,0.010000000707805157,0.5898190140724182,1.0
1176,3.2216013014614946,485.75083233963204,206.20236337067226,500.0,0.010000000707805157,0.5595731139183044,1.0
1177,3.3736915935156135,423.35363342733626,203.40753844515027,500.0,0.010000000707805157,0.5785442590713501,1.0
1178,2.6042899643151896,317.3172539785864,203.5622415540582,500.0,0.010000000707805157,0.31502577662467957,1.0
1179,2.7906002622068047,398.98775552359336,206.57075612940136,500.0,0.010000000707805157,0.34438931941986084,1.0
1180,4.758726257315504,581.7666759725691,202.83992439740538,500.0,0.010000000707805157,1.1550524234771729,1.0
1181,3.059609893348761,421.0425960467741,204.3064282431069,500.0,0.010000000707805157,0.5300384759902954,1.0
1182,2.6027775568487925,317.3873044667714,203.52111199266128,500.0,0.010000000707805157,0.31462904810905457,1.0
1183,2.047754855881941,155.6767899991164,198.33694068135392,500.0,0.010000000707805157,0.10002639144659042,1.0
1184,3.2207940075213335,484.57266092174626,206.12487767421433,500.0,0.010000000707805157,0.558935284614563,1.0
1185,2.5966416739011544,316.1716661840137,203.46444354232696,500.0,0.010000000707805157,0.3137272596359253,1.0
1186,4.547297690478299,671.1751533418955,205.830886164152,500.0,0.010000000707805157,1.116987705230713,1.0
1187,4.121663464964418,562.8036494912941,204.86371999075274,500.0,0.010000000707805157,0.8704313039779663,1.0
1188,4.184983118884005,626.1282223787188,205.36608747487045,500.0,0.010000000707805157,1.0360020399093628,1.0
1189,3.5163773539109244,489.29308016039346,205.43160303128184,500.0,0.010000000707805157,0.6066979169845581,1.0
1190,3.216695874336782,487.00469932249786,206.09425582753013,500.0,0.010000000707805157,0.5581161379814148,1.0
1191,3.215062721470891,487.0800811073724,206.0734577324328,500.0,0.010000000707805157,0.5577389001846313,1.0
1192,3.859583702112901,562.600303371647,205.34388607404463,500.0,0.010000000707805157,0.8202061653137207,1.0
1193,2.9659457145831976,321.67146026525506,201.99946631626366,500.0,0.010000000707805157,0.3628571629524231,1.0
1194,3.8588506892181957,562.7814694178255,205.33776200117995,500.0,0.010000000707805157,0.819931149482727,1.0
1195,3.9880518699439937,614.4408906170561,206.32991340790917,500.0,0.010000000707805157,0.8494274616241455,1.0
1196,4.403218745379103,630.9146710948177,204.91595164429867,500.0,0.010000000707805157,1.081557035446167,1.0
1197,2.0732372059177786,157.72933639888547,198.24386062144717,500.0,0.010000000707805157,0.10113376379013062,1.0
1198,2.9646074143172823,322.35371838385225,202.00409006370464,500.0,0.010000000707805157,0.36227312684059143,1.0
1199,4.513289414979748,583.345411655201,203.32792255125528,500.0,0.010000000707805157,1.0997828245162964,1.0
1200,4.2123150964557,514.4669769557697,202.84615661760856,500.0,0.010000000707805157,0.8835619688034058,1.0
1201,3.9644647767849173,512.4414724532437,203.41909441284923,500.0,0.010000000707805157,0.8349682092666626,1.0
1202,2.8049227353781716,403.30423203036224,206.47455334999594,500.0,0.010000000707805157,0.34469035267829895,1.0
1203,3.7281683300650292,614.6398780419245,206.7851227154103,500.0,0.010000000707805157,0.8013965487480164,1.0
1204,2.800855915306378,403.67241917450434,206.3857793286424,500.0,0.010000000707805157,0.3438890278339386,1.0
1205,3.5065169805149368,492.94293824404195,205.3446008290215,500.0,0.010000000707805157,0.6037112474441528,1.0
1206,3.0521920361085124,423.1407207963929,204.19202846097903,500.0,0.010000000707805157,0.5286728739738464,1.0
1207,3.6375164525242916,430.20857791645415,202.6220203478802,500.0,0.010000000707805157,0.6213819980621338,1.0
1208,3.5058482000213442,493.0862464109822,205.35020126177642,500.0,0.010000000707805157,0.6034393310546875,1.0
1209,2.9582758442111006,324.03276283056954,202.0802741090209,500.0,0.010000000707805157,0.360394686460495,1.0
1210,3.3556091330326265,426.4756847787376,203.38514599406,500.0,0.010000000707805157,0.5741218328475952,1.0
1211,3.3543289025712513,426.5256151588766,203.3832585964195,500.0,0.010000000707805157,0.5738167762756348,1.0
1212,2.954807174980592,323.83395500424325,202.10239366184769,500.0,0.010000000707805157,0.35971638560295105,1.0
1213,2.9528594380393938,323.56316209551716,202.10402515108208,500.0,0.010000000707805157,0.35934045910835266,1.0
1214,3.5053954654520876,492.21564875324765,205.3253464705402,500.0,0.010000000707805157,0.6027041077613831,1.0
1215,3.219268200003925,488.79172428853826,205.90535815596562,500.0,0.010000000707805157,0.5576468706130981,1.0
1216,3.5045220824486276,492.42021062009724,205.28415924219792,500.0,0.010000000707805157,0.6023766994476318,1.0
1217,3.8500300783367263,565.4341880927335,205.25425011666425,500.0,0.010000000707805157,0.8167017698287964,1.0
1218,2.605857486179032,318.15777118445993,203.31748905775427,500.0,0.010000000707805157,0.3139885663986206,1.0
1219,2.058494511993133,155.660151735455,197.84027143620347,500.0,0.010000000707805157,0.09943949431180954,1.0
1220,2.9487050479805514,322.407756569721,202.04613706686197,500.0,0.010000000707805157,0.3584551215171814,1.0
1221,3.9696207568914494,510.63644472070865,203.35971505073928,500.0,0.010000000707805157,0.8326907157897949,1.0
1222,3.3756819813172685,547.3655913038484,206.87785112286656,500.0,0.010000000707805157,0.5865474343299866,1.0
1223,2.947120814042468,322.62726768437795,202.04802837824087,500.0,0.010000000707805157,0.35799381136894226,1.0
1224,3.2185663208663047,487.98560794947,205.7704385492644,500.0,0.010000000707805157,0.556990385055542,1.0
1225,3.9687189307533424,510.80971429201713,203.34731435716677,500.0,0.010000000707805157,0.832269549369812,1.0
1226,4.292154375775363,676.7799731991115,205.9446418223892,500.0,0.010000000707805157,1.0597935914993286,1.0
1227,3.6244594349729478,430.7115165932677,202.6668824515775,500.0,0.010000000707805157,0.6166481971740723,1.0
1228,3.053122008604521,421.8552373594637,204.0390217480973,500.0,0.010000000707805157,0.5280243158340454,1.0
1229,3.3480697212733643,426.2731946411942,203.3257815947016,500.0,0.010000000707805157,0.5715317726135254,1.0
1230,3.0470526547150425,421.9318473351243,203.9836993784559,500.0,0.010000000707805157,0.5266246795654297,1.0
1231,3.2136227871823793,489.3234300002475,205.76850292901665,500.0,0.010000000707805157,0.5559203028678894,1.0
1232,3.5813303656380886,562.8514327687388,205.57305934935601,500.0,0.010000000707805157,0.7688625454902649,1.0
1233,3.34392729337004,426.4161364361178,203.26744162333867,500.0,0.010000000707805157,0.5706784129142761,1.0
1234,3.979251123930227,618.5517931088315,206.13324240742836,500.0,0.010000000707805157,0.8451149463653564,1.0
1235,4.189865591624667,516.9770048101179,202.9230676152948,500.0,0.010000000707805157,0.8756721019744873,1.0
1236,3.6168921085811903,432.236822378969,202.7257115468601,500.0,0.010000000707805157,0.6153971552848816,1.0
1237,3.497682795025672,495.03807775788414,205.25566739123093,500.0,0.010000000707805157,0.6003023982048035,1.0
1238,3.835769691868985,568.1639682434386,205.19171708502424,500.0,0.010000000707805157,0.8131684064865112,1.0
1239,3.375496105623397,551.5078886862892,206.81209566309073,500.0,0.010000000707805157,0.5856095552444458,1.0
1240,3.9060124238618767,630.5582354468645,205.44992294687978,500.0,0.010000000707805157,0.9814764261245728,1.0
1241,2.9493557452373302,325.8011270733888,202.0927098058201,500.0,0.010000000707805157,0.3575783371925354,1.0
1242,3.6139122810826687,433.20687293488663,202.72312547594808,500.0,0.010000000707805157,0.6147534847259521,1.0
1243,2.9454254484400613,325.77675063964466,202.1195466967817,500.0,0.010000000707805157,0.3567592203617096,1.0
1244,2.6007464673411516,319.0036503820565,203.08552476642473,500.0,0.010000000707805157,0.3121360242366791,1.0
1245,2.7980063431405333,404.86827500861006,205.99316204765083,500.0,0.010000000707805157,0.3420866131782532,1.0
1246,3.7236004592537073,617.4367885120099,206.33707074529312,500.0,0.010000000707805157,0.7977564930915833,1.0
1247,2.793727802251913,405.22872601325855,205.90332195045053,500.0,0.010000000707805157,0.34127676486968994,1.0
1248,3.2065298404069917,491.21275269067075,205.56570783443885,500.0,0.010000000707805157,0.5538495182991028,1.0
1249,3.716467702453816,618.0774043550903,206.23692858515156,500.0,0.010000000707805157,0.7958581447601318,1.0
1250,3.5680885552732176,565.3098346064276,205.38444851210443,500.0,0.010000000707805157,0.7656861543655396,1.0
1251,3.8291888894187767,569.0826266077764,204.99128987846439,500.0,0.010000000707805157,0.8110398650169373,1.0
1252,4.382314370226121,728.1537915367976,206.28533464239206,500.0,0.010000000707805157,1.081880807876587,1.0
1253,3.1967387137916683,494.02446080905736,205.4908661883279,500.0,0.010000000707805157,0.5517964959144592,1.0
1254,3.1950330889080347,494.06421395834866,205.46888627068125,500.0,0.010000000707805157,0.5514168739318848,1.0
1255,3.3387399114128464,428.46575032458765,203.151985363818,500.0,0.010000000707805157,0.5694995522499084,1.0
1256,3.6965388332916174,621.7007305134772,206.12882876280443,500.0,0.010000000707805157,0.7915520668029785,1.0
1257,3.3489056769790833,556.2270751345793,206.38543978511927,500.0,0.010000000707805157,0.5790895819664001,1.0
1258,2.955192646047385,325.2965933231567,201.85710796646046,500.0,0.010000000707805157,0.3581245541572571,1.0
1259,3.3455892814134556,556.2604172752176,206.29464274356246,500.0,0.010000000707805157,0.5782142877578735,1.0
1260,2.953993622314508,324.87903440428914,201.8234167057056,500.0,0.010000000707805157,0.3578507900238037,1.0
1261,2.5940317796537675,318.64457211761476,202.94616137648,500.0,0.010000000707805157,0.31065207719802856,1.0
1262,3.6911503197964906,510.24411451618164,203.60564516098128,500.0,0.010000000707805157,0.7818078398704529,1.0
1263,4.128446443652153,635.4044026395618,204.82827219746784,500.0,0.010000000707805157,1.0207679271697998,1.0
1264,3.817477999956675,571.5753204130236,204.83007022762087,500.0,0.010000000707805157,0.8083807826042175,1.0
1265,2.784225778043724,409.03825266177995,205.55136508391826,500.0,0.010000000707805157,0.33835461735725403,1.0
1266,2.0733963894429017,155.47885254931552,197.09061863864747,500.0,0.010000000707805157,0.0987190529704094,1.0
1267,3.6844773873915404,510.5970770515447,203.55583490273898,500.0,0.010000000707805157,0.7802106142044067,1.0
1268,3.5425461649733627,567.9546248306962,205.1531962359152,500.0,0.010000000707805157,0.7596195340156555,1.0
1269,4.364785906184264,731.8993483961152,206.00804679370776,500.0,0.010000000707805157,1.0767678022384644,1.0
1270,3.4855863677703693,499.7103299076172,204.73726487636733,500.0,0.010000000707805157,0.5967066884040833,1.0
1271,2.5898890414513773,319.7883538584966,202.82641998395715,500.0,0.010000000707805157,0.30929887294769287,1.0
1272,3.1793320551166424,495.66646063267456,205.20138472455199,500.0,0.010000000707805157,0.5475959777832031,1.0
1273,3.334812861178023,558.2840308405075,206.08441189912438,500.0,0.010000000707805157,0.5755489468574524,1.0
1274,3.336822332675375,428.2438245189117,202.97129083858172,500.0,0.010000000707805157,0.5685218572616577,1.0
1275,4.354715269937627,733.960719354158,205.83810916505615,500.0,0.010000000707805157,1.0733760595321655,1.0
1276,2.589179968825247,319.8067622832231,202.7899365095645,500.0,0.010000000707805157,0.30903246998786926,1.0
1277,2.5859751405055484,319.36919386599794,202.76407198553323,500.0,0.010000000707805157,0.3086000084877014,1.0
1278,3.63208727946935,432.25497948809516,202.33143498617162,500.0,0.010000000707805157,0.6179673075675964,1.0
1279,2.5839802026906797,318.9462811298465,202.73958805940566,500.0,0.010000000707805157,0.30835020542144775,1.0
1280,2.0633814763771214,153.98953594694768,196.76497603286063,500.0,0.010000000707805157,0.09761703759431839,1.0
1281,3.011546810559532,422.6984331052588,203.53114972072828,500.0,0.010000000707805157,0.5183834433555603,1.0
1282,3.989785623781687,683.1170860648867,205.50243287617246,500.0,0.010000000707805157,0.9952495694160461,1.0
1283,4.077061735234872,574.8726924965981,204.20558877694435,500.0,0.010000000707805157,0.8566712737083435,1.0
1284,3.5255458942772346,569.5231105317205,204.9320706842986,500.0,0.010000000707805157,0.7551831603050232,1.0
1285,3.8070395399235855,572.8994835542608,204.5605230263752,500.0,0.010000000707805157,0.8050803542137146,1.0
1286,3.6624146273092224,626.3102311819982,205.65427223097905,500.0,0.010000000707805157,0.7824298143386841,1.0
1287,2.5779657110155787,319.7204086776374,202.62307190000269,500.0,0.010000000707805157,0.3068397641181946,1.0
1288,2.7678517658806503,410.7562538860608,205.14259238692384,500.0,0.010000000707805157,0.3350779712200165,1.0
1289,4.235421843488456,585.9200558680877,203.28831191278678,500.0,0.010000000707805157,1.0371851921081543,1.0
1290,3.801553848550843,573.8831433825064,204.5231930573331,500.0,0.010000000707805157,0.8039872646331787,1.0
1291,2.0775730809484063,154.95228763387811,196.64528563726773,500.0,0.010000000707805157,0.09812918305397034,1.0
1292,2.7670022300525847,410.7332371940384,205.10771006148323,500.0,0.010000000707805157,0.334902286529541,1.0
1293,3.6343664305591394,431.78783027350283,202.24734503072546,500.0,0.010000000707805157,0.6183110475540161,1.0
1294,2.764956741676977,410.48249524052716,205.05891832383384,500.0,0.010000000707805157,0.3346191644668579,1.0
1295,3.480218405729123,499.8148357752754,204.39526060425047,500.0,0.010000000707805157,0.5946345329284668,1.0
1296,3.806326629347346,572.8587807118491,204.41959180800686,500.0,0.010000000707805157,0.8038737177848816,1.0
1297,3.8040792719291234,573.3990942824174,204.4207907244174,500.0,0.010000000707805157,0.8035315871238708,1.0
1298,3.3183891906413647,561.3898765671094,205.6699447912107,500.0,0.010000000707805157,0.5711430907249451,1.0
1299,2.0636549206153414,153.3317670302781,196.38156404746084,500.0,0.010000000707805157,0.09698677062988281,1.0
1300,2.7563062643815788,410.77939950658117,204.86169437267998,500.0,0.010000000707805157,0.3331218957901001,1.0
1301,3.477458075940678,499.96689244053783,204.24092486156337,500.0,0.010000000707805157,0.5935181975364685,1.0
1302,2.569288207187009,317.27679335565654,202.49466813771227,500.0,0.010000000707805157,0.3058309555053711,1.0
1303,2.9993644056878037,422.13808419612053,203.32767908594678,500.0,0.010000000707805157,0.5153544545173645,1.0
1304,3.4780347550076303,499.3249305668113,204.21582945739013,500.0,0.010000000707805157,0.59364914894104,1.0
1305,3.3321540805273835,426.1777348424919,202.70321744037767,500.0,0.010000000707805157,0.5660592317581177,1.0
1306,3.156943072301878,495.8763105978262,204.66225363649977,500.0,0.010000000707805157,0.5418812036514282,1.0
1307,2.7484233799833695,410.0840683386813,204.7350045214943,500.0,0.010000000707805157,0.332135409116745,1.0
1308,3.332544463630086,425.59024682398103,202.6648743588654,500.0,0.010000000707805157,0.5659089684486389,1.0
1309,2.745627130873851,409.7412511640024,204.69161788252003,500.0,0.010000000707805157,0.3318135440349579,1.0
1310,3.1539621004580085,495.1916574032884,204.56363915713192,500.0,0.010000000707805157,0.5411251187324524,1.0
1311,3.9596553163532784,511.74256539097377,202.74175447567262,500.0,0.010000000707805157,0.8277103900909424,1.0
1312,3.330046545089453,425.6177100759239,202.6438808555238,500.0,0.010000000707805157,0.5652822256088257,1.0
1313,4.077429440762942,575.095740396851,203.87509527074675,500.0,0.010000000707805157,0.8542124032974243,1.0
1314,3.154249947837975,496.1641073219654,204.57057236437072,500.0,0.010000000707805157,0.5410988330841064,1.0
1315,3.327582956695288,426.12902010172775,202.64310915938876,500.0,0.010000000707805157,0.5648103952407837,1.0
1316,3.152529582744729,496.149003997752,204.54949656448352,500.0,0.010000000707805157,0.5407100319862366,1.0
1317,3.1508161059665265,496.1970156912957,204.52667935330038,500.0,0.010000000707805157,0.5403407216072083,1.0
1318,4.225739788783433,688.8860610045396,204.74691644559064,500.0,0.010000000707805157,1.038318395614624,1.0
1319,2.9479063020488128,322.6225951343784,201.37645853686885,500.0,0.010000000707805157,0.3559671640396118,1.0
1320,2.0373310968859917,150.08757248363167,195.8330574829887,500.0,0.010000000707805157,0.09475135803222656,1.0
1321,2.7399468840644894,410.21984441650073,204.51552337392096,500.0,0.010000000707805157,0.3306843042373657,1.0
1322,3.148000124005051,495.614750123625,204.40960502161184,500.0,0.010000000707805157,0.5395881533622742,1.0
1323,4.251056765817767,582.9668962460037,203.03990329760066,500.0,0.010000000707805157,1.0358026027679443,1.0
1324,2.9436188425914334,321.7756408913198,201.35013731725468,500.0,0.010000000707805157,0.35528555512428284,1.0
1325,4.0747459538640625,575.6892625031863,203.77629283391968,500.0,0.010000000707805157,0.8529156446456909,1.0
1326,2.7416088247654824,410.82855503032664,204.47859516766655,500.0,0.010000000707805157,0.33063679933547974,1.0
1327,2.9862136261898,421.1788960191138,203.08397046493405,500.0,0.010000000707805157,0.512092113494873,1.0
1328,2.9404061187177515,321.4347313595311,201.33793005611076,500.0,0.010000000707805157,0.3546919822692871,1.0
1329,3.4709205345656677,499.4888559406475,203.96702085522506,500.0,0.010000000707805157,0.5911991596221924,1.0
1330,3.1469031312495352,495.79115489757334,204.34162932676935,500.0,0.010000000707805157,0.5391550660133362,1.0
1331,3.1451555849407034,495.84456713019387,204.31881985118923,500.0,0.010000000707805157,0.5387842059135437,1.0
1332,4.204938989332798,781.154844580235,205.4058883718832,500.0,0.010000000707805157,1.0395623445510864,1.0
1333,3.6359277945829653,430.0614067515162,201.98149430122857,500.0,0.010000000707805157,0.6164160370826721,1.0
1334,3.4668244618732578,501.1878809234593,203.83950184120636,500.0,0.010000000707805157,0.5900006294250488,1.0
1335,2.7322630366204175,411.88786319664587,204.2260019417391,500.0,0.010000000707805157,0.32880496978759766,1.0
1336,3.1417800503509716,497.0557524651613,204.19671476807977,500.0,0.010000000707805157,0.5379219055175781,1.0
1337,3.140038460690417,497.10525907655654,204.17380551401084,500.0,0.010000000707805157,0.5375528335571289,1.0
1338,3.6363537245117326,429.6544526762699,201.9397617629503,500.0,0.010000000707805157,0.6160652041435242,1.0
1339,2.548113641422393,315.02015071797405,202.1108245842616,500.0,0.010000000707805157,0.3023259937763214,1.0
1340,2.5448428332387487,314.5989283201759,202.08529486934663,500.0,0.010000000707805157,0.30190202593803406,1.0
1341,3.801156082623113,572.3660508927961,203.82293649515077,500.0,0.010000000707805157,0.7989112138748169,1.0
1342,2.5424106308049104,314.5564914367048,202.05253101391028,500.0,0.010000000707805157,0.30147749185562134,1.0
1343,2.9358888236486895,320.12802027892377,201.1821507205642,500.0,0.010000000707805157,0.35378509759902954,1.0
1344,2.000112383989572,145.76753398506816,195.12360197164696,500.0,0.010000000707805157,0.0918317511677742,1.0
1345,2.716418595202682,409.47726338841727,204.02703712037092,500.0,0.010000000707805157,0.32726621627807617,1.0
1346,3.4659169613319767,498.3641855550622,203.61020529479896,500.0,0.010000000707805157,0.5891120433807373,1.0
1347,3.806995526667046,570.7094748017968,203.71434674567791,500.0,0.010000000707805157,0.7989805936813354,1.0
1348,2.930733918710524,319.05990869296664,201.13494532329642,500.0,0.010000000707805157,0.352899968624115,1.0
1349,4.198478833835902,781.6532966617383,204.9581606237858,500.0,0.010000000707805157,1.035163164138794,1.0
1350,2.7108617223150926,411.0126392695845,203.83320974180447,500.0,0.010000000707805157,0.3258861005306244,1.0
1351,3.804291632586569,571.8457954606768,203.6205495680686,500.0,0.010000000707805157,0.7982643842697144,1.0
1352,2.932752502933239,319.3046854758754,201.05974318565436,500.0,0.010000000707805157,0.35302162170410156,1.0
1353,3.683021226371738,506.0480108101666,202.8597062571221,500.0,0.010000000707805157,0.7735999822616577,1.0
1354,2.7103438332216347,411.0650182776895,203.80456722664684,500.0,0.010000000707805157,0.3257703483104706,1.0
1355,2.706718735927895,410.8260233575396,203.74942112048794,500.0,0.010000000707805157,0.32532256841659546,1.0
1356,3.328496032763307,422.307556709427,202.30100818875192,500.0,0.010000000707805157,0.5629151463508606,1.0
1357,3.6373555276754526,427.348317616661,201.80841320502563,500.0,0.010000000707805157,0.6146410703659058,1.0
1358,3.45909273592834,499.7786996852007,203.42929053172412,500.0,0.010000000707805157,0.5870071053504944,1.0
1359,3.8487023113087084,632.7045652707546,203.91612864880648,500.0,0.010000000707805157,0.9570685625076294,1.0
1360,2.53231287411377,312.8270772552131,201.8813774778576,500.0,0.010000000707805157,0.30013689398765564,1.0
1361,3.1284332274314965,495.95441519528003,203.79827681302226,500.0,0.010000000707805157,0.5346470475196838,1.0
1362,2.9283671025946134,318.70287144725086,201.01831710674094,500.0,0.010000000707805157,0.3523629605770111,1.0
1363,3.4586500546188006,499.6978112522421,203.38546931087504,500.0,0.010000000707805157,0.5870193839073181,1.0
1364,3.4577293812702474,499.91223206154064,203.36574796167272,500.0,0.010000000707805157,0.5867176651954651,1.0
1365,2.7014967528344527,410.8912310783679,203.60714603187478,500.0,0.010000000707805157,0.32447999715805054,1.0
1366,2.6978584421181324,410.6554405107841,203.5520823735105,500.0,0.010000000707805157,0.32403385639190674,1.0
1367,2.694240880979396,410.42202821784747,203.49707943422604,500.0,0.010000000707805157,0.3235898017883301,1.0
1368,3.380556907436789,500.07330208919143,203.09911064429264,500.0,0.010000000707805157,0.7211429476737976,1.0
1369,3.801686219241911,571.1588665733368,203.40111498577625,500.0,0.010000000707805157,0.7963666915893555,1.0
1370,3.7990933212890208,571.7562291367049,203.40311779649517,500.0,0.010000000707805157,0.7959966063499451,1.0
1371,2.522327260518121,311.71498654783306,201.74811819753987,500.0,0.010000000707805157,0.298723042011261,1.0
1372,3.456022835500639,499.74794745452516,203.23283036346496,500.0,0.010000000707805157,0.5862604975700378,1.0
1373,3.4550905246449406,499.965253027035,203.2132127225759,500.0,0.010000000707805157,0.5859586000442505,1.0
1374,3.9636519269443453,509.3009037967025,202.33943400422464,500.0,0.010000000707805157,0.8237774968147278,1.0
1375,3.7945595202816405,572.699059960981,203.3913483168973,500.0,0.010000000707805157,0.7950663566589355,1.0
1376,3.4525522381877587,501.23607955144917,203.2382866042543,500.0,0.010000000707805157,0.585404098033905,1.0
1377,3.7441260039926063,685.6851201778286,204.3131871706423,500.0,0.010000000707805157,0.7916920781135559,1.0
1378,4.460023107446223,696.6073149990042,203.58573188418666,500.0,0.010000000707805157,1.080258846282959,1.0
1379,3.3598869914453293,503.4319589892474,203.0585644355328,500.0,0.010000000707805157,0.7187415361404419,1.0
1380,3.7831259580357783,575.7840241222907,203.35190067225832,500.0,0.010000000707805157,0.7933269739151001,1.0
1381,3.9453091232349826,512.8768939969984,202.35491509293027,500.0,0.010000000707805157,0.8215814232826233,1.0
1382,2.5291248421318873,314.2668422923193,201.6768557502114,500.0,0.010000000707805157,0.2988879084587097,1.0
1383,3.4480003413275626,504.04907844811373,203.20988406032524,500.0,0.010000000707805157,0.5844781398773193,1.0
1384,3.7793782333179378,576.434839704454,203.35102983313536,500.0,0.010000000707805157,0.7925655841827393,1.0
1385,4.054902407438821,580.9618491019011,203.10951799879933,500.0,0.010000000707805157,0.8449723720550537,1.0
1386,3.1155877470327877,500.89133023588056,203.52781740723339,500.0,0.010000000707805157,0.531535804271698,1.0
1387,4.335686606892059,645.609029868244,203.2481614568068,500.0,0.010000000707805157,1.0524954795837402,1.0
1388,2.0132883004312268,145.64244154557562,194.19499321647763,500.0,0.010000000707805157,0.09131182730197906,1.0
1389,3.9222125483900854,694.2546662678487,203.95977741837797,500.0,0.010000000707805157,0.9721099138259888,1.0
1390,2.9284687796992994,322.115797189828,200.91997189549818,500.0,0.010000000707805157,0.35135865211486816,1.0
1391,2.7043738676823486,416.2580194097115,203.29715377081337,500.0,0.010000000707805157,0.32290831208229065,1.0
1392,3.3073174919178396,425.7963991901632,202.1179026342643,500.0,0.010000000707805157,0.5588381886482239,1.0
1393,2.70114355055268,415.8729572502507,203.2531043531242,500.0,0.010000000707805157,0.3225826919078827,1.0
1394,2.959150155267155,420.00327843719106,202.51402726439989,500.0,0.010000000707805157,0.5060570240020752,1.0
1395,3.3056499763852534,425.2009850556415,202.07562453546026,500.0,0.010000000707805157,0.5583487153053284,1.0
1396,2.518426506819036,313.65309970208045,201.5067226643095,500.0,0.010000000707805157,0.2972033619880676,1.0
1397,3.468763773890054,572.789544846734,203.44571077236068,500.0,0.010000000707805157,0.7370897531509399,1.0
1398,4.208271304639862,517.4704897425303,202.0268474906918,500.0,0.010000000707805157,0.8735650777816772,1.0
1399,3.106690017750732,500.8178844733461,203.3855330987014,500.0,0.010000000707805157,0.529584527015686,1.0
1400,2.699007655099956,415.5301043672002,203.22212663361552,500.0,0.010000000707805157,0.3224169611930847,1.0
1401,1.9871501545551498,142.75779110449702,193.78928841144435,500.0,0.010000000707805157,0.08949846029281616,1.0
1402,2.5102299918913524,312.6083571608609,201.42205340884422,500.0,0.010000000707805157,0.2961791157722473,1.0
1403,3.6228510217470506,428.9749586436082,201.66407778823523,500.0,0.010000000707805157,0.6114442348480225,1.0
1404,3.898267851841909,636.862009755705,203.57133012749526,500.0,0.010000000707805157,0.8160873055458069,1.0
1405,3.1042267787893434,499.73639167284284,203.24952518155015,500.0,0.010000000707805157,0.5290036797523499,1.0
1406,2.5090414596498865,312.44782071458377,201.38781065280472,500.0,0.010000000707805157,0.29601216316223145,1.0
1407,1.96829123752121,140.824612848267,193.5573759412142,500.0,0.010000000707805157,0.08828514814376831,1.0
1408,2.681144801062168,413.35310461623715,202.993005190925,500.0,0.010000000707805157,0.3206530213356018,1.0
1409,2.911245463422064,317.8082321666291,200.753079761965,500.0,0.010000000707805157,0.34914734959602356,1.0
1410,3.7289474300658036,688.2775642033564,203.7900791117116,500.0,0.010000000707805157,0.7868446111679077,1.0
1411,2.5018033337860603,310.52564365783735,201.33467157349983,500.0,0.010000000707805157,0.29544222354888916,1.0
1412,3.4390494656886905,502.33350607730085,202.7604474968021,500.0,0.010000000707805157,0.5817115902900696,1.0
1413,3.0982092426142676,497.9634774121251,203.02902791800037,500.0,0.010000000707805157,0.5276999473571777,1.0
1414,3.6275367163280188,427.06015466625126,201.5232133159877,500.0,0.010000000707805157,0.6114166975021362,1.0
1415,3.599493148926312,632.7566133948799,203.445280354262,500.0,0.010000000707805157,0.7604326009750366,1.0
1416,3.7765814453130973,575.1105866345799,202.89756111539887,500.0,0.010000000707805157,0.7893902063369751,1.0
1417,2.9108224552134785,318.05967769879146,200.67291546349443,500.0,0.010000000707805157,0.34889325499534607,1.0
1418,2.908426402035115,317.79477089740897,200.67842883722136,500.0,0.010000000707805157,0.34851202368736267,1.0
1419,2.497675957507622,309.9449151738539,201.2592844978438,500.0,0.010000000707805157,0.29494524002075195,1.0
1420,2.9048887526722282,317.0262674146482,200.67118082472018,500.0,0.010000000707805157,0.3480598032474518,1.0
1421,2.9025499825550285,316.7702100474181,200.67677934456384,500.0,0.010000000707805157,0.3476836681365967,1.0
1422,2.9002173005065712,316.5169065876354,200.68239723404255,500.0,0.010000000707805157,0.3473083972930908,1.0
1423,3.605530035185129,631.049647975479,203.31650251482893,500.0,0.010000000707805157,0.7610141634941101,1.0
1424,2.900126222151107,316.45611122927215,200.65628630494038,500.0,0.010000000707805157,0.34727638959884644,1.0
1425,2.490427221302764,308.28688235617676,201.19471697499395,500.0,0.010000000707805157,0.29431062936782837,1.0
1426,2.4870823944290255,307.89354891275525,201.17027471736765,500.0,0.010000000707805157,0.2938951551914215,1.0
1427,3.955602229299679,507.4838741133386,202.04340398235433,500.0,0.010000000707805157,0.8183494806289673,1.0
1428,3.7814491946907562,572.6088524957287,202.7961311330991,500.0,0.010000000707805157,0.788960337638855,1.0
1429,3.094798363885915,496.6118517961382,202.84337198185142,500.0,0.010000000707805157,0.5268223285675049,1.0
1430,3.4325899495265317,501.56509013022617,202.5955623893078,500.0,0.010000000707805157,0.5799044966697693,1.0
1431,3.6566363403851874,503.91051248012445,202.2507006894681,500.0,0.010000000707805157,0.763841986656189,1.0
1432,4.200441600905767,694.1010386657161,203.16321533377757,500.0,0.010000000707805157,1.0213606357574463,1.0
1433,3.090156016734469,498.3251386032385,202.8173338139208,500.0,0.010000000707805157,0.5258876085281372,1.0
1434,4.450350467607292,699.2360454119641,203.02090384264253,500.0,0.010000000707805157,1.0740445852279663,1.0
1435,2.4897032580976797,310.2185715933439,201.08354707507158,500.0,0.010000000707805157,0.2935436964035034,1.0
1436,2.935389917299975,416.5060676183065,202.0377046399623,500.0,0.010000000707805157,0.500639796257019,1.0
1437,3.9584295565587366,577.8468566063043,202.444003305712,500.0,0.010000000707805157,0.968386173248291,1.0
1438,3.6114404330285654,428.6889591459458,201.54476498585205,500.0,0.010000000707805157,0.6085007786750793,1.0
1439,4.0654281306948015,640.8640008422069,202.8862784499916,500.0,0.010000000707805157,0.9921811819076538,1.0
1440,3.0835718770853418,500.6035121819319,202.83268400278763,500.0,0.010000000707805157,0.5245322585105896,1.0
1441,4.04387366220634,581.7887105528116,202.67296077922254,500.0,0.010000000707805157,0.8403831720352173,1.0
1442,3.4262065129727954,506.0932880023555,202.65802754928453,500.0,0.010000000707805157,0.5790627002716064,1.0
1443,2.9208378509905732,418.8972520914713,201.9498892517817,500.0,0.010000000707805157,0.4980965554714203,1.0
1444,3.6036954785182007,430.33503824463094,201.5854279448093,500.0,0.010000000707805157,0.6072162389755249,1.0
1445,3.276896848717494,424.76500989164396,201.75839861114073,500.0,0.010000000707805157,0.5518231987953186,1.0
1446,3.614808873982892,508.88658762430106,202.17683454200343,500.0,0.010000000707805157,0.7568747997283936,1.0
1447,3.4250227953543804,506.39158822960883,202.71146870327598,500.0,0.010000000707805157,0.578956127166748,1.0
1448,3.082187561610612,501.56457020103585,202.79878238071046,500.0,0.010000000707805157,0.5241120457649231,1.0
1449,3.436493238345967,574.6802356623841,202.8667219243081,500.0,0.010000000707805157,0.7286158800125122,1.0
1450,3.2393622611972566,572.8233890889768,203.26147839264289,500.0,0.010000000707805157,0.551228404045105,1.0
1451,3.2350338453494274,573.3331719882245,203.18888008346113,500.0,0.010000000707805157,0.5502691864967346,1.0
1452,2.89916969990353,319.77697330920915,200.61593262491442,500.0,0.010000000707805157,0.3467971682548523,1.0
1453,3.075065203573423,501.9880184964263,202.6613141475013,500.0,0.010000000707805157,0.5226718187332153,1.0
1454,3.0731844503888106,502.0237232772348,202.63712670994542,500.0,0.010000000707805157,0.522304892539978,1.0
1455,3.704867264671396,696.1438767931428,203.28166152169553,500.0,0.010000000707805157,0.7802997827529907,1.0
1456,2.899975878331981,319.3070865723441,200.5265190592164,500.0,0.010000000707805157,0.3469705581665039,1.0
1457,3.4195037042468854,507.205459343439,202.40215689205186,500.0,0.010000000707805157,0.5774390697479248,1.0
1458,3.2764659775769873,424.3274895800811,201.614352413335,500.0,0.010000000707805157,0.5515990853309631,1.0
1459,3.8714523192170085,642.9301027028415,202.8714383939046,500.0,0.010000000707805157,0.8082169890403748,1.0
1460,2.910770408382064,418.9528451896809,201.79174309955843,500.0,0.010000000707805157,0.4961838126182556,1.0
1461,3.6030677602493677,430.5455517563604,201.4485709700207,500.0,0.010000000707805157,0.6070472002029419,1.0
1462,3.427600850858625,575.8607754024139,202.6480622196354,500.0,0.010000000707805157,0.7263777852058411,1.0
1463,2.6634526937722063,418.14699158426697,202.26565756092336,500.0,0.010000000707805157,0.3165408670902252,1.0
1464,2.8950909552316535,319.22614305170475,200.50428120860298,500.0,0.010000000707805157,0.3461655378341675,1.0
1465,4.424388468180256,705.4137252755287,202.7802008531967,500.0,0.010000000707805157,1.068310022354126,1.0
1466,2.4754944196924313,311.7444662884604,200.7267563083069,500.0,0.010000000707805157,0.290630042552948,1.0
1467,2.471783954718144,311.3155831328903,200.7025752579117,500.0,0.010000000707805157,0.29020291566848755,1.0
1468,3.2704225563154803,424.1882817832509,201.54790049612672,500.0,0.010000000707805157,0.5502882599830627,1.0
1469,3.2191233920480347,574.7488925562104,202.79352358184184,500.0,0.010000000707805157,0.5467615127563477,1.0
1470,3.062884799892903,502.7355299218941,202.36343995613484,500.0,0.010000000707805157,0.5201053619384766,1.0
1471,3.212804230773794,575.3672356349042,202.69324356817847,500.0,0.010000000707805157,0.5454589128494263,1.0
1472,1.9322597687770748,135.54874704970726,191.82901898486205,500.0,0.010000000707805157,0.08473673462867737,1.0
1473,3.0590200752643453,502.0397645955768,202.25586682666656,500.0,0.010000000707805157,0.519376277923584,1.0
1474,3.7432819669878143,578.8974867732178,202.2952102612378,500.0,0.010000000707805157,0.7807885408401489,1.0
1475,3.605521708889872,429.0594518536604,201.30667544313923,500.0,0.010000000707805157,0.6070888638496399,1.0
1476,2.46208527342591,309.9831593950683,200.59600419384378,500.0,0.010000000707805157,0.289135217666626,1.0
1477,3.2068540318086933,574.9286252015395,202.54264434390882,500.0,0.010000000707805157,0.5443747043609619,1.0
1478,2.900474760853816,416.86609326005816,201.5802615899097,500.0,0.010000000707805157,0.4939166009426117,1.0
1479,2.6387856266761753,417.29020427654774,201.86741775439125,500.0,0.010000000707805157,0.31359609961509705,1.0
1480,2.896605124925292,416.40190547812165,201.53423183819788,500.0,0.010000000707805157,0.49304676055908203,1.0
1481,3.0501557052408295,501.6392484738114,202.12671898593322,500.0,0.010000000707805157,0.5176716446876526,1.0
1482,2.6328153836657044,416.845105965574,201.8019280671123,500.0,0.010000000707805157,0.3130030035972595,1.0
1483,2.628792998238027,416.59448357529374,201.7465782140954,500.0,0.010000000707805157,0.3125588297843933,1.0
1484,3.273109562140867,420.7847845064947,201.30183400418295,500.0,0.010000000707805157,0.5501335263252258,1.0
1485,3.743345789810194,577.4274623190239,202.10613019525152,500.0,0.010000000707805157,0.7799197435379028,1.0
1486,2.4444414791315268,308.31943375293866,200.43363061929838,500.0,0.010000000707805157,0.28694021701812744,1.0
1487,3.6146162331590492,505.0339618241527,201.70148196475088,500.0,0.010000000707805157,0.7539406418800354,1.0
1488,3.2663432715726493,421.33669471658055,201.2780786294671,500.0,0.010000000707805157,0.5489441156387329,1.0
1489,3.264631247628637,421.41660678408334,201.2773723240191,500.0,0.010000000707805157,0.548616886138916,1.0
1490,2.8811518393953865,315.761825666433,200.2698389985478,500.0,0.010000000707805157,0.3448028564453125,1.0
1491,3.408573719211867,505.31610105349523,201.95297432086483,500.0,0.010000000707805157,0.5751349329948425,1.0
1492,3.198381771034013,573.7320091931015,202.32652679308347,500.0,0.010000000707805157,0.5431911945343018,1.0
1493,3.4095381557189848,573.6457020743908,202.11771013744323,500.0,0.010000000707805157,0.7203670740127563,1.0
1494,2.4355329411395084,308.2215560202819,200.31809854066364,500.0,0.010000000707805157,0.28561830520629883,1.0
1495,3.4037262418773624,573.6407028095863,202.08320735830156,500.0,0.010000000707805157,0.7189996242523193,1.0
1496,3.8624949226159804,642.4410756987244,202.27210124963568,500.0,0.010000000707805157,0.805217981338501,1.0
1497,3.6009197306403697,506.0211656685756,201.60308315337286,500.0,0.010000000707805157,0.7512441873550415,1.0
1498,3.913415580388531,510.99042690424966,201.5549626461953,500.0,0.010000000707805157,0.8104156255722046,1.0
1499,1.9041327844621936,132.1418031729389,191.083838546311,500.0,0.010000000707805157,0.08268649876117706,1.0
1500,3.034659024609719,501.93094878755636,201.90273467237813,500.0,0.010000000707805157,0.5146474838256836,1.0
1501,3.1912913456149843,575.2104217049138,202.2174352415241,500.0,0.010000000707805157,0.5418044924736023,1.0
1502,3.031122614665001,502.2165864339349,201.8318472182019,500.0,0.010000000707805157,0.5139535069465637,1.0
1503,3.916624921007476,510.25499710986884,201.4926515413983,500.0,0.010000000707805157,0.8107174038887024,1.0
1504,2.4276150749592644,308.74574502800266,200.18215358977267,500.0,0.010000000707805157,0.2842315137386322,1.0
1505,2.423974702440645,308.3376522287653,200.15855905588433,500.0,0.010000000707805157,0.2838183641433716,1.0
1506,3.1872631752275202,574.8851487124335,202.1295445681628,500.0,0.010000000707805157,0.5411865711212158,1.0
1507,3.026144932918737,501.82353629298734,201.74769635208943,500.0,0.010000000707805157,0.513019323348999,1.0
1508,3.402454709060383,506.1319956950822,201.67715753523376,500.0,0.010000000707805157,0.5741071701049805,1.0
1509,3.2561939191401263,420.7746005191532,201.06888507282827,500.0,0.010000000707805157,0.5468950867652893,1.0
1510,3.663389783386198,699.538344531231,202.2401268398001,500.0,0.010000000707805157,0.769586980342865,1.0
1511,3.725612368335541,579.2139924630051,201.79254654616506,500.0,0.010000000707805157,0.7758718729019165,1.0
1512,3.2549878283254086,421.517428274978,201.04791167658308,500.0,0.010000000707805157,0.5468268394470215,1.0
1513,3.83441115422625,700.4551017191503,202.11053532560604,500.0,0.010000000707805157,0.9431053400039673,1.0
1514,3.3737040768235214,577.1911894224879,201.82228250507674,500.0,0.010000000707805157,0.7128349542617798,1.0
1515,3.580590600954367,507.4950560428556,201.40347684357806,500.0,0.010000000707805157,0.7472695112228394,1.0
1516,2.4181324979015564,309.8143457351208,200.00656666594966,500.0,0.010000000707805157,0.2823747992515564,1.0
1517,3.3989931258868906,508.4523643838967,201.61714399527898,500.0,0.010000000707805157,0.5737490057945251,1.0
1518,3.247256470750673,422.54802500755636,200.98097133076757,500.0,0.010000000707805157,0.5456035137176514,1.0
1519,2.879466734795904,315.87737506651666,200.0133213192573,500.0,0.010000000707805157,0.34494781494140625,1.0
1520,3.951308721572134,756.6981814620505,202.19290304805563,500.0,0.010000000707805157,0.9683655500411987,1.0
1521,2.8400338973012307,418.11133125172944,200.9710445519847,500.0,0.010000000707805157,0.4822969138622284,1.0
1522,2.6123364254519736,419.70977539377986,201.27406315901516,500.0,0.010000000707805157,0.3096178472042084,1.0
1523,2.4092948205147113,309.0351851335827,199.91225685428284,500.0,0.010000000707805157,0.2813170552253723,1.0
1524,3.396496971969736,508.0493731185208,201.49490225261707,500.0,0.010000000707805157,0.5732690095901489,1.0
1525,2.6046535387028813,419.0572545197345,201.17496819894617,500.0,0.010000000707805157,0.30886051058769226,1.0
1526,3.246780096476976,421.1926713949382,200.87721366682453,500.0,0.010000000707805157,0.5452817678451538,1.0
1527,2.834806658364532,416.60829346042186,200.87373678713035,500.0,0.010000000707805157,0.48111534118652344,1.0
1528,3.2432967936980863,421.1957208698486,200.85486807984108,500.0,0.010000000707805157,0.5446321964263916,1.0
1529,3.571133754581988,506.34357248076446,201.2276881441665,500.0,0.010000000707805157,0.7441701889038086,1.0
1530,2.874216800490095,314.72458622867777,199.9315101397958,500.0,0.010000000707805157,0.34458479285240173,1.0
1531,3.002790199005258,503.47158108370724,201.45700209075451,500.0,0.010000000707805157,0.5085017681121826,1.0
1532,2.39435809012291,308.114881196206,199.7699394740537,500.0,0.010000000707805157,0.2794373631477356,1.0
1533,3.606310758161887,425.4215514686505,200.88885655841543,500.0,0.010000000707805157,0.6087585687637329,1.0
1534,1.864103290788058,127.4652247912732,190.0384139831002,500.0,0.010000000707805157,0.07989659160375595,1.0
1535,3.0011527664221402,502.00230063512674,201.3846252486607,500.0,0.010000000707805157,0.5082668662071228,1.0
1536,3.166896304195133,576.082229829598,201.68618829860364,500.0,0.010000000707805157,0.5375531911849976,1.0
1537,2.822523856506664,415.2949518359044,200.7119396556482,500.0,0.010000000707805157,0.47860413789749146,1.0
1538,2.8667266659214126,312.7715065632166,199.85230371924115,500.0,0.010000000707805157,0.3438621163368225,1.0
1539,3.163384772150998,575.8204700076387,201.61240945365003,500.0,0.010000000707805157,0.5369853377342224,1.0
1540,2.994568854160516,501.9431987954859,201.25014257616508,500.0,0.010000000707805157,0.5070326328277588,1.0
1541,3.391385781903643,505.7749525051865,201.25571189037404,500.0,0.010000000707805157,0.572372555732727,1.0
1542,3.352455337498844,574.9794838176682,201.3805656589279,500.0,0.010000000707805157,0.7066327333450317,1.0
1543,3.2371311909466516,419.5108998887482,200.68983714703984,500.0,0.010000000707805157,0.5431848764419556,1.0
1544,3.607737046871399,424.1889873288081,200.7773136629962,500.0,0.010000000707805157,0.6089307069778442,1.0
1545,3.8441089617715023,644.6527423375618,201.62343424322586,500.0,0.010000000707805157,0.800750732421875,1.0
1546,2.382072855948501,306.7883798232289,199.61894842201147,500.0,0.010000000707805157,0.27813583612442017,1.0
1547,2.8620015128193326,312.75143106471586,199.79948627983813,500.0,0.010000000707805157,0.34314724802970886,1.0
1548,2.3770890777368083,305.99081316381,199.5897688452228,500.0,0.010000000707805157,0.2776876986026764,1.0
1549,3.9072886930568265,507.85855792990964,201.09287395979587,500.0,0.010000000707805157,0.8072813153266907,1.0
1550,1.836221664180624,124.58439292305097,189.49979066669374,500.0,0.010000000707805157,0.07816332578659058,1.0
1551,3.230886811252654,418.6972283054478,200.67372760983952,500.0,0.010000000707805157,0.5417444109916687,1.0
1552,3.3863799683800386,505.20553976028106,201.219014141017,500.0,0.010000000707805157,0.571353554725647,1.0
1553,3.3852542764642033,505.4311666579771,201.19926992890757,500.0,0.010000000707805157,0.5710443258285522,1.0
1554,3.228983134114891,418.8837280216884,200.6757848313958,500.0,0.010000000707805157,0.5413932204246521,1.0
1555,3.3838615004164865,505.6189734832046,201.19380878450343,500.0,0.010000000707805157,0.570725679397583,1.0
1556,1.8236090562954321,123.3768840869492,189.2927568118733,500.0,0.010000000707805157,0.07742097973823547,1.0
1557,3.8450258907230914,642.869426494096,201.46167428924156,500.0,0.010000000707805157,0.7999655604362488,1.0
1558,4.208907997356009,512.4619068422984,201.20012002462738,500.0,0.010000000707805157,0.8693171739578247,1.0
1559,3.894617992498464,508.89235762426324,201.14864323789496,500.0,0.010000000707805157,0.8039589524269104,1.0
1560,2.3745625829325814,305.581231350045,199.50665834008524,500.0,0.010000000707805157,0.2776162028312683,1.0
1561,1.8232821837073128,123.2878326991186,189.18618645507843,500.0,0.010000000707805157,0.07734077423810959,1.0
1562,3.5642682687539753,503.37216166246753,200.9971808431572,500.0,0.010000000707805157,0.7404927015304565,1.0
1563,3.378946865578023,505.7785375465656,201.1836273236213,500.0,0.010000000707805157,0.5696006417274475,1.0
1564,3.377830801719679,506.0042373843549,201.16362909932528,500.0,0.010000000707805157,0.5692943334579468,1.0
1565,4.1298560314884005,702.5308027695227,201.5114905369304,500.0,0.010000000707805157,0.9989692568778992,1.0
1566,3.3499358051741224,575.3233135811247,201.17407348990147,500.0,0.010000000707805157,0.7059671878814697,1.0
1567,3.37541239134047,507.6932487043925,201.12842571320556,500.0,0.010000000707805157,0.5688799023628235,1.0
1568,3.37431723912825,507.906268435844,201.1083065367973,500.0,0.010000000707805157,0.5685759782791138,1.0
1569,2.987004070735571,503.1675446781973,200.9458077524911,500.0,0.010000000707805157,0.5055211186408997,1.0
1570,3.578809678930366,426.303581943477,200.86065442288472,500.0,0.010000000707805157,0.6024082899093628,1.0
1571,4.011317532233586,584.9531372106802,201.35131135121543,500.0,0.010000000707805157,0.830203652381897,1.0
1572,2.810003328909,415.0224858434274,200.43260904780703,500.0,0.010000000707805157,0.4769896864891052,1.0
1573,3.545573582400241,506.13558127165555,200.96655470330825,500.0,0.010000000707805157,0.7378479242324829,1.0
1574,3.5694223296138916,427.76913134042604,200.9404914368559,500.0,0.010000000707805157,0.6008008718490601,1.0
1575,3.206734516649275,421.8795152556525,200.67976533846715,500.0,0.010000000707805157,0.5376293659210205,1.0
1576,2.8346634908188904,315.0634861307038,199.95285284529515,500.0,0.010000000707805157,0.3385578393936157,1.0
1577,2.9878324971149732,503.46544725746816,200.94579348019042,500.0,0.010000000707805157,0.5056244134902954,1.0
1578,3.3688166627904144,508.7603127118756,201.13049616790076,500.0,0.010000000707805157,0.567490816116333,1.0
1579,2.3649269863112474,306.03742706680697,199.30827134957693,500.0,0.010000000707805157,0.27622389793395996,1.0
1580,3.367989315207789,508.34101888096905,201.0948626312431,500.0,0.010000000707805157,0.5673164129257202,1.0
1581,3.539429992859831,506.00606068866574,200.925056314378,500.0,0.010000000707805157,0.7362551093101501,1.0
1582,3.366993461569484,508.8347111402182,201.10966936805892,500.0,0.010000000707805157,0.5671744346618652,1.0
1583,3.1596567489541827,579.0382288335975,201.1453933408977,500.0,0.010000000707805157,0.5352683663368225,1.0
1584,3.338282852624133,576.8662499864112,201.0004431313894,500.0,0.010000000707805157,0.7036166191101074,1.0
1585,3.9363788413361385,759.5362358396989,201.35426608653648,500.0,0.010000000707805157,0.9615833163261414,1.0
1586,2.834555656178213,315.10964535348427,199.82733031692848,500.0,0.010000000707805157,0.33867818117141724,1.0
1587,3.4858835541579243,645.5805635973713,201.11948781722094,500.0,0.010000000707805157,0.731633722782135,1.0
1588,3.531155150860241,507.3720796410831,200.8492076570024,500.0,0.010000000707805157,0.7352607250213623,1.0
1589,2.5767324636984785,420.55730329419697,200.39562798937774,500.0,0.010000000707805157,0.3050384223461151,1.0
1590,4.266106396479887,651.705677173751,201.2781869039744,500.0,0.010000000707805157,1.0260974168777466,1.0
1591,3.9929411231343717,588.9698849205593,201.24746643363508,500.0,0.010000000707805157,0.8270436525344849,1.0
1592,3.6297709467835078,710.0034031184757,201.19250546609655,500.0,0.010000000707805157,0.7598086595535278,1.0
1593,3.1980439197752792,423.79894561883555,200.54799627241178,500.0,0.010000000707805157,0.5364552736282349,1.0
1594,3.4748394377168546,649.3411939154466,201.02908286923932,500.0,0.010000000707805157,0.7292121648788452,1.0
1595,2.5767891983541817,423.12660814195664,200.24131046265524,500.0,0.010000000707805157,0.3041837215423584,1.0
1596,3.197928496575859,423.473915570478,200.50429200782978,500.0,0.010000000707805157,0.5364310145378113,1.0
1597,2.3610572616332766,307.5009686744805,199.1222317128249,500.0,0.010000000707805157,0.27523255348205566,1.0
1598,2.9663665133309176,507.4258793747044,200.5797974261976,500.0,0.010000000707805157,0.5014017820358276,1.0
1599,3.136155829090014,584.5842876766286,200.75506611501203,500.0,0.010000000707805157,0.5299976468086243,1.0
1600,3.4654198130375597,649.4182446238535,200.84178693782727,500.0,0.010000000707805157,0.7269594669342041,1.0
1601,3.565015853208287,429.13801570106904,200.70678683124967,500.0,0.010000000707805157,0.6006659865379333,1.0
1602,2.9621292456525836,508.2388842425102,200.48246429931515,500.0,0.010000000707805157,0.5005603432655334,1.0
1603,3.352973941624118,513.4942444789386,200.65737519269987,500.0,0.010000000707805157,0.5641735792160034,1.0
1604,3.522620952408949,508.3402416470338,200.72411094509096,500.0,0.010000000707805157,0.7339627146720886,1.0
1605,2.959408910122688,508.65123395075625,200.45667504633084,500.0,0.010000000707805157,0.5000245571136475,1.0
1606,3.128133006759634,586.4251641702905,200.6028749099177,500.0,0.010000000707805157,0.5281869769096375,1.0
1607,2.5595938174287016,423.7055266490052,199.93576917216208,500.0,0.010000000707805157,0.3019712269306183,1.0
1608,3.6637339945571408,585.8838631211636,200.73514314369646,500.0,0.010000000707805157,0.7613212466239929,1.0
1609,4.1310166649487305,586.1715284514141,200.98431674471598,500.0,0.010000000707805157,0.995457649230957,1.0
1610,3.9826936013751455,592.121817126769,200.95187236172237,500.0,0.010000000707805157,0.8249233961105347,1.0
1611,3.9787165618677776,593.0087058148104,200.96802893841868,500.0,0.010000000707805157,0.8239760994911194,1.0
1612,3.187568296276255,425.0799339964664,200.41453676836522,500.0,0.010000000707805157,0.5347844958305359,1.0
1613,4.067226743927402,716.3455747671447,200.96361625999833,500.0,0.010000000707805157,0.9849607944488525,1.0
1614,3.9305184331130962,654.6873226625578,200.92880498037223,500.0,0.010000000707805157,0.9560006260871887,1.0
1615,2.9556533368507574,512.6850616010283,200.38944645026214,500.0,0.010000000707805157,0.49879616498947144,1.0
1616,3.548427691705829,433.2308169776067,200.7593782395609,500.0,0.010000000707805157,0.5980995297431946,1.0
1617,3.544335332987667,433.6538615082696,200.80034761639982,500.0,0.010000000707805157,0.5971314311027527,1.0
1618,3.343232763823453,518.4256880619964,200.6512955542628,500.0,0.010000000707805157,0.5618546605110168,1.0
1619,1.859629780372366,124.94061793271779,187.7697236661073,500.0,0.010000000707805157,0.07819701731204987,1.0
1620,3.6475452139991953,589.9965108103255,200.775187435526,500.0,0.010000000707805157,0.7583842277526855,1.0
1621,1.8514292955149978,124.1819160821401,187.6793832940323,500.0,0.010000000707805157,0.07775188982486725,1.0
1622,2.3523273461923226,308.05172039706065,198.87545900044427,500.0,0.010000000707805157,0.27393949031829834,1.0
1623,1.8326525306228436,122.50883673259001,187.54937069168798,500.0,0.010000000707805157,0.07678090035915375,1.0
1624,2.5566157621514938,424.27706686207245,199.7575952977281,500.0,0.010000000707805157,0.3014121651649475,1.0
1625,3.301300067763786,582.0067646891514,200.43058053594598,500.0,0.010000000707805157,0.6959146857261658,1.0
1626,3.1195456753924793,588.1087999227069,200.29540592970974,500.0,0.010000000707805157,0.5261135697364807,1.0
1627,3.3384237334836375,515.4286154094726,200.38177280991422,500.0,0.010000000707805157,0.5610796809196472,1.0
1628,2.8163020208534193,315.8963103739808,199.57949527033168,500.0,0.010000000707805157,0.33612143993377686,1.0
1629,1.8076308520541735,120.20591006705338,187.24055089800973,500.0,0.010000000707805157,0.07541220635175705,1.0
1630,2.946021226036404,508.21083633353004,200.04293670586725,500.0,0.010000000707805157,0.49763691425323486,1.0
1631,3.512994432882378,507.1562238300311,200.518108847738,500.0,0.010000000707805157,0.7311206459999084,1.0
1632,2.3312335277955705,305.3692019677296,198.7386939991324,500.0,0.010000000707805157,0.27199551463127136,1.0
1633,1.7915344901949588,118.70396692322487,187.08662530101864,500.0,0.010000000707805157,0.07456793636083603,1.0
1634,1.780042241391592,117.71059991052753,187.00897352788618,500.0,0.010000000707805157,0.07398362457752228,1.0
1635,3.7940627965241895,653.0244642729621,200.40939503379767,500.0,0.010000000707805157,0.7866948843002319,1.0
1636,3.299670607599284,579.3277890582378,200.1920678141077,500.0,0.010000000707805157,0.6946260333061218,1.0
1637,3.5114549610024746,505.95189006699223,200.42175238048225,500.0,0.010000000707805157,0.7301045656204224,1.0
1638,2.935819602704633,507.4624906800817,199.93205533586257,500.0,0.010000000707805157,0.4959259033203125,1.0
1639,4.070379986131034,712.7561453944857,200.49232164829758,500.0,0.010000000707805157,0.9829418659210205,1.0
1640,3.174223916679097,421.78694418897413,200.13446958087704,500.0,0.010000000707805157,0.5320831537246704,1.0
1641,2.8070904520351965,314.1848834952781,199.4948242774354,500.0,0.010000000707805157,0.3354705274105072,1.0
1642,3.6469702588959736,585.8158984013833,200.38412023613955,500.0,0.010000000707805157,0.7568362355232239,1.0
1643,1.784393939645471,117.81557605467151,186.79426703782553,500.0,0.010000000707805157,0.07407521456480026,1.0
1644,3.6475452285723735,585.2893474197824,200.3492454642799,500.0,0.010000000707805157,0.756766676902771,1.0
1645,2.747275272718171,414.59076178691294,199.62952122739972,500.0,0.010000000707805157,0.46641433238983154,1.0
1646,1.7750950337654712,116.93673560645317,186.68927810445606,500.0,0.010000000707805157,0.07358343154191971,1.0
1647,2.9279178474098604,506.8533161508652,199.8044244942463,500.0,0.010000000707805157,0.4946017265319824,1.0
1648,2.520782645267387,421.9136565833538,199.30843472543404,500.0,0.010000000707805157,0.29808515310287476,1.0
1649,4.125132216071323,583.0993508701644,200.65397090662444,500.0,0.010000000707805157,0.9902052879333496,1.0
1650,4.241450922631862,653.8770151533167,200.61291705383312,500.0,0.010000000707805157,1.0178855657577515,1.0
1651,3.639625410976024,586.2691748078448,200.31860091255456,500.0,0.010000000707805157,0.7553606033325195,1.0
1652,2.79959678332443,314.36908926685373,199.49674862392192,500.0,0.010000000707805157,0.3345765471458435,1.0
1653,2.5276429952690185,423.1086328884841,199.31883897167793,500.0,0.010000000707805157,0.29852843284606934,1.0
1654,2.924476887143927,507.91324520981163,199.7377286283943,500.0,0.010000000707805157,0.49389398097991943,1.0
1655,3.0982728360248255,587.0827729793368,199.8085503872532,500.0,0.010000000707805157,0.522913932800293,1.0
1656,3.093735893319462,587.6052870304258,199.73572543175152,500.0,0.010000000707805157,0.5219977498054504,1.0
1657,2.737246249193733,413.91591284755424,199.4895276440262,500.0,0.010000000707805157,0.4647270441055298,1.0
1658,3.1637386117770503,420.66759255658644,199.96576031428054,500.0,0.010000000707805157,0.5301957726478577,1.0
1659,2.5140883810996675,423.0881121223002,199.12352221214363,500.0,0.010000000707805157,0.2969854772090912,1.0
1660,2.2942477021400083,303.1771441453147,198.37688013317455,500.0,0.010000000707805157,0.26781561970710754,1.0
1661,3.0866875498353,586.5808226927404,199.61599751480563,500.0,0.010000000707805157,0.5211358666419983,1.0
1662,3.5450613855412505,426.25380058865613,200.39286450710313,500.0,0.010000000707805157,0.5971007943153381,1.0
1663,3.424981812908068,650.886390688804,199.78007974247234,500.0,0.010000000707805157,0.7167143225669861,1.0
1664,4.056907139703914,714.0197586717082,200.07724102860664,500.0,0.010000000707805157,0.978488564491272,1.0
1665,2.5062779506158623,424.26590993085074,198.93682081317675,500.0,0.010000000707805157,0.29571592807769775,1.0
1666,3.1629621935056087,420.13838016059185,199.88035775941304,500.0,0.010000000707805157,0.5301012992858887,1.0
1667,2.908540440327656,508.58341677560196,199.43184811863895,500.0,0.010000000707805157,0.4910898804664612,1.0
1668,3.414623467870529,652.7221840356792,199.66285905701093,500.0,0.010000000707805157,0.7144599556922913,1.0
1669,2.288619677390018,303.18722150764813,198.27751698022837,500.0,0.010000000707805157,0.26710477471351624,1.0
1670,3.3174428456865908,514.0713125360793,199.68754431049535,500.0,0.010000000707805157,0.5578033924102783,1.0
1671,2.9025253726713838,508.73941069641654,199.33494072036297,500.0,0.010000000707805157,0.4900417923927307,1.0
1672,2.493470690199704,424.0972170261841,198.7549173313265,500.0,0.010000000707805157,0.2943304777145386,1.0
1673,4.122413594376199,582.6752659413776,200.39613718134274,500.0,0.010000000707805157,0.9892809987068176,1.0
1674,3.315007256330553,514.6660367473391,199.65650420005423,500.0,0.010000000707805157,0.5573597550392151,1.0
1675,3.977811260950441,827.8700567849646,199.60638162840985,500.0,0.010000000707805157,0.9641289710998535,1.0
1676,3.15958364972411,420.6462464387971,199.7689748359994,500.0,0.010000000707805157,0.5297540426254272,1.0
1677,2.7923492384572084,312.6267987388504,199.15743207385273,500.0,0.010000000707805157,0.3342992961406708,1.0
1678,2.283804326134058,302.9517217331999,198.19198564129755,500.0,0.010000000707805157,0.2666316330432892,1.0
1679,3.311133694734874,515.1001206715822,199.54116227437223,500.0,0.010000000707805157,0.5564839243888855,1.0
1680,4.232843610601176,655.7760849116017,200.12516497238548,500.0,0.010000000707805157,1.0147769451141357,1.0
1681,2.7180155296547523,413.90841091135667,199.23788633272756,500.0,0.010000000707805157,0.46171003580093384,1.0
1682,3.246852557106238,583.1872177385956,199.50783710982455,500.0,0.010000000707805157,0.683338463306427,1.0
1683,3.5370518535240376,427.8890494769265,200.2647014341041,500.0,0.010000000707805157,0.5966043472290039,1.0
1684,3.3084146642350425,516.4733368124541,199.57460295767876,500.0,0.010000000707805157,0.5560510158538818,1.0
1685,3.618741519725073,588.6989845588142,199.77576153122814,500.0,0.010000000707805157,0.7504199743270874,1.0
1686,2.495050523453559,426.4539403221363,198.60220643938396,500.0,0.010000000707805157,0.29381707310676575,1.0
1687,2.7841891037174973,312.97870573219905,199.17633694812892,500.0,0.010000000707805157,0.3332175612449646,1.0
1688,3.7567600794568565,660.2092729267655,199.58236964234612,500.0,0.010000000707805157,0.7779021263122559,1.0
1689,3.060586871088536,592.8802193015861,199.03920893432627,500.0,0.010000000707805157,0.5151334404945374,1.0
1690,3.6176621744510054,589.1010335006516,199.65417027621154,500.0,0.010000000707805157,0.7498829364776611,1.0
1691,3.3020993764685005,517.8128252863044,199.40530373777887,500.0,0.010000000707805157,0.5544878244400024,1.0
1692,2.8899182995932162,511.8471519780381,199.01253178209154,500.0,0.010000000707805157,0.4875448942184448,1.0
1693,2.711836015296422,413.855132854161,199.13006338833694,500.0,0.010000000707805157,0.4608851671218872,1.0
1694,2.2731792671910713,303.0639108100235,198.0198854293349,500.0,0.010000000707805157,0.2653270959854126,1.0
1695,3.052351154715635,593.0799707088701,198.9045347673541,500.0,0.010000000707805157,0.513813853263855,1.0
1696,2.882023869589325,511.25458264290273,198.91622036475704,500.0,0.010000000707805157,0.486272931098938,1.0
1697,2.2669448643290013,302.3653731686975,197.977019358069,500.0,0.010000000707805157,0.2647263705730438,1.0
1698,2.4710043431969537,426.20374734165773,198.25091120053773,500.0,0.010000000707805157,0.29119446873664856,1.0
1699,1.7086256496599181,110.02288770662507,184.8147047105041,500.0,0.010000000707805157,0.06956446915864944,1.0
1700,2.461248328812483,425.05960459473243,198.1584360336234,500.0,0.010000000707805157,0.2904258966445923,1.0
1701,3.540064664534879,424.6723777966247,200.0456723817909,500.0,0.010000000707805157,0.5967379212379456,1.0
1702,3.7496742324252246,659.0377960047235,199.17389938391457,500.0,0.010000000707805157,0.7756116390228271,1.0
1703,3.036432811297617,592.2964087213467,198.5966787128224,500.0,0.010000000707805157,0.5112489461898804,1.0
1704,3.2945068252344107,515.7833155198592,199.03726945761431,500.0,0.010000000707805157,0.5531219840049744,1.0
1705,3.8391698408803845,509.6440759798695,200.10704656218402,500.0,0.010000000707805157,0.7916056513786316,1.0
1706,2.7702510553386093,310.94515163265544,198.9969081430829,500.0,0.010000000707805157,0.3317442238330841,1.0
1707,3.6159301199234934,587.3695591666378,199.3384929844095,500.0,0.010000000707805157,0.7485008239746094,1.0
1708,3.909523921593068,651.7407426875423,199.52056255276264,500.0,0.010000000707805157,0.9440813660621643,1.0
1709,2.769321250043834,311.73533074452996,199.0177798554853,500.0,0.010000000707805157,0.33156800270080566,1.0
1710,2.2578655918694057,300.8930631875342,197.87234492237974,500.0,0.010000000707805157,0.2642093896865845,1.0
1711,3.8263044472309877,510.7635088776412,200.14191131554418,500.0,0.010000000707805157,0.7890934944152832,1.0
1712,2.255034187257148,300.96876638382383,197.84550800723105,500.0,0.010000000707805157,0.2638408839702606,1.0
1713,2.8730940816779262,509.8802130593726,198.6651592603867,500.0,0.010000000707805157,0.48493099212646484,1.0
1714,4.334238771711202,722.7335834030471,199.48138934209388,500.0,0.010000000707805157,1.036686658859253,1.0
1715,2.460336531567694,426.861951222703,197.97236043854284,500.0,0.010000000707805157,0.2897765636444092,1.0
1716,3.8211653972340502,511.34467507289713,200.13230628688498,500.0,0.010000000707805157,0.7881456613540649,1.0
1717,2.696123591751325,411.98446127175526,198.87029297512746,500.0,0.010000000707805157,0.4584895968437195,1.0
1718,3.037543912053372,593.7750224237268,198.50013519952694,500.0,0.010000000707805157,0.5110459327697754,1.0
1719,2.8678862044123616,511.07669416070024,198.56660657633583,500.0,0.010000000707805157,0.48392629623413086,1.0
1720,3.519413509504045,427.2441268185616,200.09812584614474,500.0,0.010000000707805157,0.5931243300437927,1.0
1721,3.376068482429775,657.52336817394,198.7332857951255,500.0,0.010000000707805157,0.7049630284309387,1.0
1722,2.68976753055257,412.0789752581448,198.80606539783673,500.0,0.010000000707805157,0.4574282765388489,1.0
1723,2.453666692005167,427.1507105201386,197.85563644707707,500.0,0.010000000707805157,0.28900060057640076,1.0
1724,2.241614158152645,300.5844794043778,197.69877694390198,500.0,0.010000000707805157,0.26229727268218994,1.0
1725,3.025967487088895,593.7103339647712,198.30959308129167,500.0,0.010000000707805157,0.509239137172699,1.0
1726,3.7329886526177773,662.186031156462,198.8318774876806,500.0,0.010000000707805157,0.7716034054756165,1.0
1727,3.464911466044968,504.5082855177393,199.57416519426067,500.0,0.010000000707805157,0.7197616100311279,1.0
1728,3.5186747527757807,427.0524313295601,200.02432291419905,500.0,0.010000000707805157,0.5933619737625122,1.0
1729,2.2394664065851257,300.6835729865508,197.6520961082917,500.0,0.010000000707805157,0.2620593011379242,1.0
1730,3.5972833484252944,588.9368849577261,199.11069649654252,500.0,0.010000000707805157,0.7447284460067749,1.0
1731,2.7542581872431144,311.29178346944155,198.95612260682705,500.0,0.010000000707805157,0.3300522565841675,1.0
1732,2.7515262154944424,311.0771584687099,198.97331959921812,500.0,0.010000000707805157,0.32967713475227356,1.0
1733,2.857587865762155,510.5167581139509,198.35964944407138,500.0,0.010000000707805157,0.48226654529571533,1.0
1734,3.7303588060186073,662.2853352041499,198.79151996757355,500.0,0.010000000707805157,0.7708914279937744,1.0
1735,2.855178190956485,511.2186697074076,198.30589322152218,500.0,0.010000000707805157,0.48178935050964355,1.0
1736,3.274757949457856,517.7437046614164,198.75037062848534,500.0,0.010000000707805157,0.5496789813041687,1.0
1737,2.7485633108459195,310.88650195985537,198.93030975988898,500.0,0.010000000707805157,0.32933104038238525,1.0
1738,1.66203391893948,105.47616564261943,183.5545767543647,500.0,0.010000000707805157,0.06693492829799652,1.0
1739,3.2724783747959294,516.5275095539154,198.6909527449245,500.0,0.010000000707805157,0.5491709113121033,1.0
1740,3.271376931103395,516.7255123147282,198.67204094883536,500.0,0.010000000707805157,0.5488823652267456,1.0
1741,3.013022883780887,594.2033455917455,197.9516378444165,500.0,0.010000000707805157,0.5067059993743896,1.0
1742,1.6465093315614603,104.17725844644063,183.34407628425626,500.0,0.010000000707805157,0.06613825261592865,1.0
1743,2.850449349985709,509.1924892208188,198.08339814454996,500.0,0.010000000707805157,0.48122647404670715,1.0
1744,4.324948170971879,723.4131483027442,198.92440393385073,500.0,0.010000000707805157,1.0317341089248657,1.0
1745,2.2259443650743593,297.99237777441107,197.52446716691642,500.0,0.010000000707805157,0.2613736689090729,1.0
1746,3.596273767999428,587.6811775622454,198.81211555728052,500.0,0.010000000707805157,0.7434751987457275,1.0
1747,3.217620145671009,582.2157697396143,198.44817674188351,500.0,0.010000000707805157,0.6759292483329773,1.0
1748,3.459184339201537,503.0840796603404,199.41143463563552,500.0,0.010000000707805157,0.718047559261322,1.0
1749,3.7190752669244938,663.7999252658007,198.48636682932425,500.0,0.010000000707805157,0.7678683996200562,1.0
1750,2.7401195054788086,310.5233053262994,198.8583891477776,500.0,0.010000000707805157,0.3284204304218292,1.0
1751,2.843390303385243,511.26691110053963,198.00724893094431,500.0,0.010000000707805157,0.4798480272293091,1.0
1752,3.2636017325259066,518.1512799257061,198.47799700761152,500.0,0.010000000707805157,0.5474995970726013,1.0
1753,3.7150600447289452,664.5530326080157,198.3871719121557,500.0,0.010000000707805157,0.7666248083114624,1.0
1754,2.2202603457181658,298.64005516829184,197.42152432692998,500.0,0.010000000707805157,0.2605573534965515,1.0
1755,3.8843475516223287,652.9816457196662,198.91186905900128,500.0,0.010000000707805157,0.9365372061729431,1.0
1756,2.2166610435807974,299.032400780453,197.38405308620293,500.0,0.010000000707805157,0.259979248046875,1.0
1757,2.836291427350468,511.767575129462,197.91250975773465,500.0,0.010000000707805157,0.4786158800125122,1.0
1758,3.4819363067377056,727.9122024048589,197.82002058533928,500.0,0.010000000707805157,0.722567081451416,1.0
1759,2.212291591235966,298.653524546194,197.344158250921,500.0,0.010000000707805157,0.25953254103660583,1.0
1760,3.5822655411231548,589.7428170257408,198.60843095237394,500.0,0.010000000707805157,0.7408854961395264,1.0
1761,3.5059050575834494,426.4132613159022,199.83911570916504,500.0,0.010000000707805157,0.5913375616073608,1.0
1762,3.708002680228169,666.0745444657638,198.24401667364913,500.0,0.010000000707805157,0.765116810798645,1.0
1763,2.411709694489319,429.5020160368211,197.00710305366547,500.0,0.010000000707805157,0.2836875319480896,1.0
1764,3.197098846353155,584.6149591807924,198.1836287077831,500.0,0.010000000707805157,0.6718221306800842,1.0
1765,3.255330664681778,519.9515585733624,198.23971791338022,500.0,0.010000000707805157,0.5460325479507446,1.0
1766,2.6597922422508264,409.8821373144934,198.3392046195398,500.0,0.010000000707805157,0.4530218243598938,1.0
1767,2.9851802097150277,598.8653665292512,197.43202152424587,500.0,0.010000000707805157,0.5012059211730957,1.0
1768,3.1096131039834884,418.03604307164875,199.05694144759227,500.0,0.010000000707805157,0.5217306613922119,1.0
1769,2.4028733027887275,429.4718064841775,196.88429201209465,500.0,0.010000000707805157,0.28276941180229187,1.0
1770,2.730813794487031,309.42324453878086,198.6769826945182,500.0,0.010000000707805157,0.3278329372406006,1.0
1771,3.805790621581891,509.87475812726086,199.69771033580264,500.0,0.010000000707805157,0.7846255898475647,1.0
1772,2.8232802881197694,512.5272392036741,197.6431114775884,500.0,0.010000000707805157,0.4763857126235962,1.0
1773,3.6460094774028224,718.4940726879908,198.00475126608276,500.0,0.010000000707805157,0.887967586517334,1.0
1774,2.646960446508154,410.07924022611536,198.22658232719988,500.0,0.010000000707805157,0.4508726894855499,1.0
1775,3.5689914103048395,591.2180695502065,198.43366281753018,500.0,0.010000000707805157,0.738298237323761,1.0
1776,3.4301549026824385,504.70847328709465,199.13097420317354,500.0,0.010000000707805157,0.7127554416656494,1.0
1777,3.250030314587524,520.6760745836378,198.1690290495578,500.0,0.010000000707805157,0.5455939769744873,1.0
1778,2.1926428247669416,299.27545600981057,197.11203391816053,500.0,0.010000000707805157,0.25704225897789,1.0
1779,2.1886206087640474,298.9046858124197,197.0943099334934,500.0,0.010000000707805157,0.2566453814506531,1.0
1780,2.725027805016583,309.51339679447915,198.67891199020255,500.0,0.010000000707805157,0.32752174139022827,1.0
1781,3.4967484548473386,649.1484219847246,198.23757594577694,500.0,0.010000000707805157,0.8589198589324951,1.0
1782,2.3976027382853746,429.0997737616013,196.82148454190127,500.0,0.010000000707805157,0.2824305295944214,1.0
1783,2.9757154765188596,598.4906108090795,197.25363382291474,500.0,0.010000000707805157,0.5000054836273193,1.0
1784,2.7242331623082277,308.94913982078083,198.60978255842588,500.0,0.010000000707805157,0.32766246795654297,1.0
1785,3.4256531517971727,503.40500161059146,199.01156648772388,500.0,0.010000000707805157,0.7112041711807251,1.0
1786,1.608735673160196,100.06527866753885,182.00754166047196,500.0,0.010000000707805157,0.06398314982652664,1.0
1787,3.165592741771033,584.0342754480434,197.85881855812744,500.0,0.010000000707805157,0.6648939251899719,1.0
1788,2.3857153264598834,428.21086183087306,196.68709602253585,500.0,0.010000000707805157,0.28141099214553833,1.0
1789,2.798877988291769,511.83986296724066,197.39135679731214,500.0,0.010000000707805157,0.4724229574203491,1.0
1790,3.500403887536908,424.2781624778237,199.64085641112356,500.0,0.010000000707805157,0.5918102264404297,1.0
1791,3.088782138398282,416.8457368678381,198.8438552924597,500.0,0.010000000707805157,0.5183164477348328,1.0
1792,3.242701687798039,518.1270151660791,197.97216386500338,500.0,0.010000000707805157,0.5448391437530518,1.0
1793,2.380879223046237,427.90100416358354,196.60391183788926,500.0,0.010000000707805157,0.28095924854278564,1.0
1794,2.965109361668767,597.2138262098917,197.02202962114802,500.0,0.010000000707805157,0.49854448437690735,1.0
1795,2.163564101574482,296.5318046669418,196.91211038236142,500.0,0.010000000707805157,0.2543332874774933,1.0
1796,3.160981949486036,583.0019323288723,197.67926374981107,500.0,0.010000000707805157,0.6635945439338684,1.0
1797,2.9587389144114282,597.3889408087526,196.93686566863758,500.0,0.010000000707805157,0.49757325649261475,1.0
1798,2.7136520736481877,306.9952363337778,198.50331081321832,500.0,0.010000000707805157,0.3268984854221344,1.0
1799,3.797836544103279,507.80238274867804,199.41491562785635,500.0,0.010000000707805157,0.7829909324645996,1.0
1800,2.1569962854734155,296.42003999651894,196.85298277760148,500.0,0.010000000707805157,0.2536049783229828,1.0
1801,2.3665601314133746,427.2433979156852,196.41760123771564,500.0,0.010000000707805157,0.27960535883903503,1.0
1802,1.5607757085191543,96.00760935113796,181.36929765122548,500.0,0.010000000707805157,0.061635278165340424,1.0
1803,3.56171088348042,586.9451824538094,197.99806398081384,500.0,0.010000000707805157,0.7357628345489502,1.0
1804,3.084757695592206,414.6533654915632,198.71090765431853,500.0,0.010000000707805157,0.5175217390060425,1.0
1805,3.5583270043776443,587.5277277729122,198.00958083837077,500.0,0.010000000707805157,0.7352221608161926,1.0
1806,3.080928929167085,415.2288411679384,198.71558027000665,500.0,0.010000000707805157,0.5169592499732971,1.0
1807,2.361719785741161,426.6949518957229,196.35198543893847,500.0,0.010000000707805157,0.279247522354126,1.0
1808,2.3574487284299126,426.4406604057631,196.29993253680817,500.0,0.010000000707805157,0.27884426712989807,1.0
1809,2.782923012743321,509.63037458403755,197.03427509941048,500.0,0.010000000707805157,0.4700527489185333,1.0
1810,2.9467852856288954,595.7658744456319,196.670834034237,500.0,0.010000000707805157,0.4959506392478943,1.0
1811,3.2311664413504206,516.3553321730142,197.55644764532852,500.0,0.010000000707805157,0.5429171323776245,1.0
1812,4.137913983229151,513.1995207427078,199.90421703922308,500.0,0.010000000707805157,0.8555927872657776,1.0
1813,3.228139215186792,517.3621580911259,197.59783752533357,500.0,0.010000000707805157,0.5421314835548401,1.0
1814,2.6954313702533357,306.59362113376324,198.55326394694154,500.0,0.010000000707805157,0.32456475496292114,1.0
1815,2.7832587046642674,510.0640162430421,196.93964435652086,500.0,0.010000000707805157,0.47008612751960754,1.0
1816,2.3479592247759835,426.8911922117335,196.0971988426234,500.0,0.010000000707805157,0.27764642238616943,1.0
1817,2.6922187004054425,305.7800135636718,198.52681316290236,500.0,0.010000000707805157,0.3242700695991516,1.0
1818,2.137749067027219,293.4482215464216,196.7011759838049,500.0,0.010000000707805157,0.2522994875907898,1.0
1819,2.3397932308099896,425.6327438817745,196.02467949144713,500.0,0.010000000707805157,0.27708929777145386,1.0
1820,2.7777676474775506,508.25581017986826,196.80269490287392,500.0,0.010000000707805157,0.4693427085876465,1.0
1821,3.79762251349631,504.90780394615996,199.27876726003976,500.0,0.010000000707805157,0.781440019607544,1.0
1822,3.4203594724857798,498.56555289901905,198.66155679604165,500.0,0.010000000707805157,0.7082595825195312,1.0
1823,2.129430442935509,293.59812503626677,196.63380595853403,500.0,0.010000000707805157,0.2512940764427185,1.0
1824,3.071281285337224,413.2946909378997,198.60494508835362,500.0,0.010000000707805157,0.5152121186256409,1.0
1825,4.493383056201523,660.6818472755649,198.78941863019332,500.0,0.010000000707805157,1.0701205730438232,1.0
1826,3.68057985188963,663.9065533710797,197.33075176086146,500.0,0.010000000707805157,0.7588175535202026,1.0
1827,3.544850343275696,588.3831116104786,197.7978883243609,500.0,0.010000000707805157,0.7320988178253174,1.0
1828,3.4687094858826675,424.6626861647348,199.67313864921346,500.0,0.010000000707805157,0.5857464671134949,1.0
1829,2.7775449395510505,510.71589253283827,196.8242569375391,500.0,0.010000000707805157,0.4691193997859955,1.0
1830,2.59495460879829,406.33143740754133,197.57220295293192,500.0,0.010000000707805157,0.4427889585494995,1.0
1831,3.4719784996761804,646.6794765323805,197.52544927059137,500.0,0.010000000707805157,0.8506348729133606,1.0
1832,3.675179519569502,666.0582436228146,197.31708536274962,500.0,0.010000000707805157,0.7580674290657043,1.0
1833,2.1263664891080927,295.58433399603604,196.52878893529845,500.0,0.010000000707805157,0.2505847215652466,1.0
1834,2.6801716755568417,307.3535391966452,198.5962299635191,500.0,0.010000000707805157,0.32303282618522644,1.0
1835,2.1212522015532276,294.8868885581738,196.50755228968526,500.0,0.010000000707805157,0.25016722083091736,1.0
1836,2.5791125276872506,406.55291643037395,197.46219710520603,500.0,0.010000000707805157,0.44005224108695984,1.0
1837,3.465945196170325,423.9784690892282,199.63955376170347,500.0,0.010000000707805157,0.5860814452171326,1.0
1838,3.2907257762452233,659.0175624590962,196.81790304647777,500.0,0.010000000707805157,0.6852282285690308,1.0
1839,2.1142504304458347,294.8840219300743,196.45344478138827,500.0,0.010000000707805157,0.24934206902980804,1.0
1840,2.1104896382301597,294.55602037111333,196.43664670685993,500.0,0.010000000707805157,0.24896496534347534,1.0
1841,3.385519198398224,500.7786644753169,198.51336345212283,500.0,0.010000000707805157,0.7017737627029419,1.0
1842,2.7588750631319163,509.9867780677308,196.70231262866477,500.0,0.010000000707805157,0.4661578834056854,1.0
1843,3.0464820913881665,415.22430669494474,198.50844023912097,500.0,0.010000000707805157,0.5115333199501038,1.0
1844,3.04445602586317,415.35322347751196,198.5130132182118,500.0,0.010000000707805157,0.5111963152885437,1.0
1845,3.754753265546771,508.62502727256714,199.28046189114096,500.0,0.010000000707805157,0.7741622924804688,1.0
1846,3.2105317216573224,517.197441012772,197.51926390047032,500.0,0.010000000707805157,0.5401049852371216,1.0
1847,1.5144444799409802,91.6001698427858,180.14316232958643,500.0,0.010000000707805157,0.059334684163331985,1.0
1848,3.527070775401415,587.7859351706231,197.6874087025768,500.0,0.010000000707805157,0.7287654876708984,1.0
1849,3.2082134418309853,516.9541660515913,197.46926916138295,500.0,0.010000000707805157,0.539636492729187,1.0
1850,2.5569486327885302,406.95752733167313,197.28545361192116,500.0,0.010000000707805157,0.43650931119918823,1.0
1851,3.523305023456048,588.2922981632287,197.67037692738435,500.0,0.010000000707805157,0.7281264066696167,1.0
1852,2.5499614202585654,407.54248625460013,197.25065259590875,500.0,0.010000000707805157,0.43534818291664124,1.0
1853,3.886503459296683,594.7758966285373,198.2923679707965,500.0,0.010000000707805157,0.8025556802749634,1.0
1854,2.33934567064099,426.1979628171101,195.90126859870426,500.0,0.010000000707805157,0.2771396040916443,1.0
1855,2.3350453535626152,425.94229770945213,195.84932338719625,500.0,0.010000000707805157,0.27673518657684326,1.0
1856,3.7449642812137496,509.0401823998943,199.26036780949852,500.0,0.010000000707805157,0.7721308469772339,1.0
1857,2.9405764705845634,595.9587465878723,196.27405016401616,500.0,0.010000000707805157,0.4948346018791199,1.0
1858,3.201925057753099,517.7375619836355,197.36112280991514,500.0,0.010000000707805157,0.5385586619377136,1.0
1859,3.2776047018455143,659.6031986840896,196.56970049563847,500.0,0.010000000707805157,0.6822733283042908,1.0
1860,3.361906766873413,502.42630910620886,198.4027023558804,500.0,0.010000000707805157,0.6975975036621094,1.0
1861,3.0275258322614165,416.759593247274,198.46120487020738,500.0,0.010000000707805157,0.5086989998817444,1.0
1862,2.7452599370269635,511.357021317669,196.49507528598292,500.0,0.010000000707805157,0.4638102948665619,1.0
1863,2.085631055015197,295.1990177940876,196.1866012023518,500.0,0.010000000707805157,0.24608533084392548,1.0
1864,2.7414586376466925,510.7708664421133,196.4524387598649,500.0,0.010000000707805157,0.46325939893722534,1.0
1865,1.493004486643863,89.59337925381338,179.58563047359743,500.0,0.010000000707805157,0.05826558917760849,1.0
1866,3.6570837544290242,575.1752913629823,198.27755790135393,500.0,0.010000000707805157,0.883755087852478,1.0
1867,3.663621623701243,664.7238532869471,197.03386312925326,500.0,0.010000000707805157,0.7565229535102844,1.0
1868,3.1971831729434688,518.1590729922883,197.26508779698395,500.0,0.010000000707805157,0.5381851196289062,1.0
1869,2.736456143815416,511.27345725470883,196.3812981149454,500.0,0.010000000707805157,0.46239572763442993,1.0
1870,3.733383178532614,509.95476642145303,199.1625623322022,500.0,0.010000000707805157,0.7704961895942688,1.0
1871,2.651424399410897,307.482949570259,198.64877813585795,500.0,0.010000000707805157,0.3204057812690735,1.0
1872,2.3244448464468297,426.64430564980864,195.62061701452356,500.0,0.010000000707805157,0.2754621207714081,1.0
1873,2.072557416940997,294.5210171431811,196.08273948897542,500.0,0.010000000707805157,0.24480709433555603,1.0
1874,3.0171351174731424,415.73561598869134,198.3591152429617,500.0,0.010000000707805157,0.5069646835327148,1.0
1875,3.1927668248249397,517.2786777579116,197.21606244290655,500.0,0.010000000707805157,0.5374674797058105,1.0
1876,2.6441450741759516,306.61906718383807,198.6675462782854,500.0,0.010000000707805157,0.3195694088935852,1.0
1877,2.3159610692833996,425.3729592810299,195.52950084998903,500.0,0.010000000707805157,0.2748706638813019,1.0
1878,3.4202800801903317,646.1172705127951,196.92962688628486,500.0,0.010000000707805157,0.8371086120605469,1.0
1879,1.4707882266408534,87.67792643351999,179.16243634936188,500.0,0.010000000707805157,0.057216569781303406,1.0
1880,2.7276839737238983,509.11548997566445,196.21526803382218,500.0,0.010000000707805157,0.4611942172050476,1.0
1881,3.4380962060756155,423.5593382319692,199.60820070503559,500.0,0.010000000707805157,0.5825502276420593,1.0
1882,2.7275783433829774,509.129792655036,196.1998681164754,500.0,0.010000000707805157,0.461174339056015,1.0
1883,2.3069570387691245,424.86984796440174,195.42011016447006,500.0,0.010000000707805157,0.27406710386276245,1.0
1884,3.0880226864241904,581.0797330735377,196.55249132074798,500.0,0.010000000707805157,0.6477397084236145,1.0
1885,3.010616441388769,414.5846040414503,198.24884066338862,500.0,0.010000000707805157,0.5058963298797607,1.0
1886,2.050447408076743,293.2425084392545,195.9331617334848,500.0,0.010000000707805157,0.24259446561336517,1.0
1887,3.7889193243684143,651.0026806730021,197.35896926029025,500.0,0.010000000707805157,0.9097791314125061,1.0
1888,3.4973229764295453,588.100584775923,197.24534943290223,500.0,0.010000000707805157,0.722746729850769,1.0
1889,2.717319713061154,509.94776804197795,196.12188313410033,500.0,0.010000000707805157,0.4594435691833496,1.0
1890,2.715201089253107,509.958129187781,196.09615137024815,500.0,0.010000000707805157,0.4591025114059448,1.0
1891,3.8713502993415334,594.599585957302,197.88985543685757,500.0,0.010000000707805157,0.8001683950424194,1.0
1892,2.635609410399851,306.10032037226904,198.59471615844123,500.0,0.010000000707805157,0.3191700279712677,1.0
1893,2.3022139386528053,425.49549335293204,195.30819867102406,500.0,0.010000000707805157,0.2734549343585968,1.0
1894,2.0425817572398444,293.29829632902545,195.85263158723055,500.0,0.010000000707805157,0.24175003170967102,1.0
1895,1.4395203880344498,85.04286708462898,178.64019130209223,500.0,0.010000000707805157,0.05575333163142204,1.0
1896,2.035702843772223,292.27837793569296,195.82660442545858,500.0,0.010000000707805157,0.24116933345794678,1.0
1897,2.4963146560268314,404.68927887330983,196.6874835042843,500.0,0.010000000707805157,0.4267175793647766,1.0
1898,3.0697528652767465,579.8771305398666,196.35861071014935,500.0,0.010000000707805157,0.6437064409255981,1.0
1899,3.326626322579177,500.01160802176565,197.95589104671478,500.0,0.010000000707805157,0.6890667080879211,1.0
1900,2.9089064790236843,593.2963220992251,195.65226032785463,500.0,0.010000000707805157,0.4906997084617615,1.0
1901,3.0605004589504783,580.9676850865171,196.32083784260752,500.0,0.010000000707805157,0.6419330835342407,1.0
1902,2.699385444482342,508.6786781490369,195.90827020398544,500.0,0.010000000707805157,0.45659515261650085,1.0
1903,3.4882759487749055,586.9191713268864,197.0102902371564,500.0,0.010000000707805157,0.7208367586135864,1.0
1904,2.993914908976204,414.15143721250706,198.0480501670411,500.0,0.010000000707805157,0.5033655762672424,1.0
1905,2.99217102997513,414.2405546114197,198.05632977052923,500.0,0.010000000707805157,0.5030653476715088,1.0
1906,3.7153923072222046,507.78802277366117,198.89604222737728,500.0,0.010000000707805157,0.766808271408081,1.0
1907,2.0206666473384036,293.3573904853627,195.69958303161096,500.0,0.010000000707805157,0.2389451414346695,1.0
1908,2.6243557187683173,304.6333870990867,198.55900100857488,500.0,0.010000000707805157,0.3186008036136627,1.0
1909,1.421839230290007,83.395007197272,178.2850684283302,500.0,0.010000000707805157,0.05494596064090729,1.0
1910,2.9873923117358148,413.3999505926475,198.07147418243756,500.0,0.010000000707805157,0.5020530223846436,1.0
1911,2.61855176919819,303.9584344674713,198.59876942865398,500.0,0.010000000707805157,0.3178686499595642,1.0
1912,3.4856440587797897,585.3123644534727,197.02980314414776,500.0,0.010000000707805157,0.7199926376342773,1.0
1913,3.1742870896013766,514.2902896085167,196.87794515718332,500.0,0.010000000707805157,0.5356428623199463,1.0
1914,1.4093596752035276,82.44305790112725,178.12487811169026,500.0,0.010000000707805157,0.05438610911369324,1.0
1915,2.9842874905791246,412.8400341741442,198.0789901489229,500.0,0.010000000707805157,0.5014231204986572,1.0
1916,3.8634650214975603,591.5516728855575,197.77744105369737,500.0,0.010000000707805157,0.7985789775848389,1.0
1917,3.482389182188831,585.760754611306,197.01204302526833,500.0,0.010000000707805157,0.7192326784133911,1.0
1918,3.2431552795357295,655.6644757345123,195.85620549325236,500.0,0.010000000707805157,0.674627959728241,1.0
1919,2.979635696845291,414.0506298952635,198.0972099590536,500.0,0.010000000707805157,0.5008882880210876,1.0
1920,3.3051719475063472,500.3274438459997,197.90694886089855,500.0,0.010000000707805157,0.6846643090248108,1.0
1921,2.285082953567541,423.33832121133406,195.07871324857115,500.0,0.010000000707805157,0.27231302857398987,1.0
1922,3.4098749152096746,423.6961167680188,199.6316443921571,500.0,0.010000000707805157,0.5791281461715698,1.0
1923,2.0090077298444804,291.62914660315,195.6055211729739,500.0,0.010000000707805157,0.23802450299263,1.0
1924,2.00592634187151,291.26479237745804,195.59373090990886,500.0,0.010000000707805157,0.23771512508392334,1.0
1925,2.0028890191678643,290.90427124706747,195.58191863656518,500.0,0.010000000707805157,0.23740848898887634,1.0
1926,2.6025737228943315,304.01268787444434,198.69997387255736,500.0,0.010000000707805157,0.3159980773925781,1.0
1927,2.693569008032162,505.1937541764995,195.71512449902778,500.0,0.010000000707805157,0.4556993842124939,1.0
1928,3.4074556048874025,422.3835330736587,199.6382009096079,500.0,0.010000000707805157,0.5785304307937622,1.0
1929,3.9192904561561264,716.6168339438348,196.57628341962032,500.0,0.010000000707805157,0.9370154142379761,1.0
1930,1.3905403096643665,80.84100873390365,177.6908993998194,500.0,0.010000000707805157,0.053527817130088806,1.0
1931,3.162493346289868,513.60382081744,196.75702067043792,500.0,0.010000000707805157,0.5336616039276123,1.0
1932,2.69194667061252,505.42499182342857,195.6349065125146,500.0,0.010000000707805157,0.4553959369659424,1.0
1933,2.970845216905835,412.54389461177254,198.066437214704,500.0,0.010000000707805157,0.499251127243042,1.0
1934,1.3773826275468037,79.84303713534678,177.54324192427973,500.0,0.010000000707805157,0.05293755233287811,1.0
1935,3.055064740424633,576.3497240854957,195.9934227550373,500.0,0.010000000707805157,0.639424204826355,1.0
1936,2.6873551317763344,504.73200105789147,195.57964897782415,500.0,0.010000000707805157,0.45467033982276917,1.0
1937,3.6974436010923855,505.901362126046,198.8918492579553,500.0,0.010000000707805157,0.761919379234314,1.0
1938,4.046750512726164,515.5537920606882,200.01976334818002,500.0,0.010000000707805157,0.8395734429359436,1.0
1939,3.1569001748803958,514.4336901472886,196.7625069780681,500.0,0.010000000707805157,0.5327481627464294,1.0
1940,3.9118565300398154,717.9199733175806,196.49280369780197,500.0,0.010000000707805157,0.9350703358650208,1.0
1941,2.9608773667925217,414.1374461108905,198.11762796192176,500.0,0.010000000707805157,0.49784454703330994,1.0
1942,3.2891133179083667,499.9362070944958,197.87260476006472,500.0,0.010000000707805157,0.6812395453453064,1.0
1943,3.463759799204601,587.0489549021478,196.9118534020221,500.0,0.010000000707805157,0.7155366539955139,1.0
1944,1.391892751404275,80.71437646361372,177.3779562993387,500.0,0.010000000707805157,0.05356689542531967,1.0
1945,1.9919994956490898,290.2340051380903,195.46555229482894,500.0,0.010000000707805157,0.23629188537597656,1.0
1946,1.3758812549053538,79.53590135507415,177.27891385119165,500.0,0.010000000707805157,0.05286088213324547,1.0
1947,3.634963532092428,660.2568024703437,196.2703330354463,500.0,0.010000000707805157,0.7509379982948303,1.0
1948,3.150698746061166,514.7597731056798,196.66835640400083,500.0,0.010000000707805157,0.5317226052284241,1.0
1949,2.2646245461453276,421.92245920163055,194.71324069246253,500.0,0.010000000707805157,0.27045559883117676,1.0
1950,1.361694341944969,78.49635609400835,177.08844684504805,500.0,0.010000000707805157,0.052210934460163116,1.0
1951,3.235533300705474,652.7916946085943,195.41273549075177,500.0,0.010000000707805157,0.6722843050956726,1.0
1952,2.5793729861962094,304.2233945864291,198.77126798615905,500.0,0.010000000707805157,0.31334730982780457,1.0
1953,3.146955060217788,513.8752436617184,196.52490449853127,500.0,0.010000000707805157,0.5309543609619141,1.0
1954,4.240007699466933,723.8876338177537,196.82446944192543,500.0,0.010000000707805157,1.0103261470794678,1.0
1955,2.2552092910250967,422.4751542171886,194.52126758044275,500.0,0.010000000707805157,0.26924416422843933,1.0
1956,2.25125800344539,422.24995253746823,194.47082139700322,500.0,0.010000000707805157,0.2688618004322052,1.0
1957,2.9588618215444042,411.65017656739417,198.02706712980685,500.0,0.010000000707805157,0.49736863374710083,1.0
1958,2.679767869217746,504.840119794117,195.24645948369223,500.0,0.010000000707805157,0.4533044993877411,1.0
1959,3.6825728064864673,506.5603849743514,198.91642495096337,500.0,0.010000000707805157,0.7585976123809814,1.0
1960,3.4609533685161673,585.3851199573393,196.61589892605596,500.0,0.010000000707805157,0.7141278386116028,1.0
1961,3.139349547439719,515.775870853479,196.44615006580761,500.0,0.010000000707805157,0.5294137597084045,1.0
1962,3.7514166930800714,648.8936003506333,196.72084828874918,500.0,0.010000000707805157,0.8983621597290039,1.0
1963,3.1375568126875475,516.8182055345095,196.4472423340521,500.0,0.010000000707805157,0.5291045308113098,1.0
1964,2.2520551845094356,423.62782482055684,194.3941370408428,500.0,0.010000000707805157,0.2686213254928589,1.0
1965,2.676619640063343,506.3093059761896,195.17665513629285,500.0,0.010000000707805157,0.4526178240776062,1.0
1966,3.043351136344367,577.6385137763591,195.61670155193784,500.0,0.010000000707805157,0.6367282867431641,1.0
1967,4.019760384482389,518.7316704328631,200.0519183976401,500.0,0.010000000707805157,0.8341132998466492,1.0
1968,2.8475222666914086,488.11030849311044,196.49615198652066,500.0,0.010000000707805157,0.6038846969604492,1.0
1969,2.6737075033625826,507.21617875154027,195.1986556662816,500.0,0.010000000707805157,0.4519970118999481,1.0
1970,3.3678991238469336,426.5223692510351,199.76402012895284,500.0,0.010000000707805157,0.572404682636261,1.0
1971,3.4483942113801045,587.9425255544552,196.58960649644123,500.0,0.010000000707805157,0.7119544148445129,1.0
1972,2.2528766414742623,424.4265892113255,194.35495102980212,500.0,0.010000000707805157,0.26856082677841187,1.0
1973,2.878770561911972,595.3090616636347,194.67703833599774,500.0,0.010000000707805157,0.4847832918167114,1.0
1974,2.56398756362341,306.3715178143843,198.83472315877438,500.0,0.010000000707805157,0.3116101920604706,1.0
1975,2.942531691126848,413.3848767263638,198.0366432432801,500.0,0.010000000707805157,0.4951336979866028,1.0
1976,1.9753025225499,287.79091606294935,195.27933750872924,500.0,0.010000000707805157,0.23503020405769348,1.0
1977,2.669540499971541,506.19166991694084,195.06490990920108,500.0,0.010000000707805157,0.45135658979415894,1.0
1978,3.363351114388642,426.068873113358,199.7634593912354,500.0,0.010000000707805157,0.5714746713638306,1.0
1979,1.9718121727614835,287.3561703304991,195.2596936671345,500.0,0.010000000707805157,0.23470452427864075,1.0
1980,3.582447500288271,569.9007845586367,197.55717878106913,500.0,0.010000000707805157,0.8620769381523132,1.0
1981,2.244203695891674,423.17979252401744,194.2548765536839,500.0,0.010000000707805157,0.2679600715637207,1.0
1982,2.5554753709560347,305.923087728993,198.89656692463348,500.0,0.010000000707805157,0.31077322363853455,1.0
1983,2.553228753677693,305.82855885842093,198.92222149704892,500.0,0.010000000707805157,0.3104429543018341,1.0
1984,4.389720468104508,665.9424623163954,198.11282321532914,500.0,0.010000000707805157,1.047227144241333,1.0
1985,2.670420998559728,505.8839497767751,195.0324661474545,500.0,0.010000000707805157,0.4514225721359253,1.0
1986,3.8045376458094675,597.1306365144834,197.44534675439388,500.0,0.010000000707805157,0.7859174013137817,1.0
1987,3.3453864652470235,428.41699481451985,199.95301688356304,500.0,0.010000000707805157,0.5680357217788696,1.0
1988,2.5448689570156247,307.82241039534006,199.09231744647204,500.0,0.010000000707805157,0.30898696184158325,1.0
1989,1.969916002867292,287.0294174936376,195.21838709952573,500.0,0.010000000707805157,0.2346545159816742,1.0
1990,2.5416661790303103,307.3031878340695,199.10967747732622,500.0,0.010000000707805157,0.3086243271827698,1.0
1991,1.9660864294466436,286.3693199850483,195.2031608042723,500.0,0.010000000707805157,0.2343292534351349,1.0
1992,3.9819975939212577,521.8503236231331,200.3644025300232,500.0,0.010000000707805157,0.8249033689498901,1.0
1993,3.9719291170889273,523.4775296740318,200.46521504805196,500.0,0.010000000707805157,0.8225728273391724,1.0
1994,2.2486955884290403,422.53215791226455,194.1870139392106,500.0,0.010000000707805157,0.2684187889099121,1.0
1995,3.4389213351926387,587.1365089214872,196.54277021752122,500.0,0.010000000707805157,0.7091936469078064,1.0
1996,1.9682063505525988,286.57134138837733,195.18945750146378,500.0,0.010000000707805157,0.23462176322937012,1.0
1997,2.4453953146412792,398.142796286971,196.01110441135617,500.0,0.010000000707805157,0.4184262752532959,1.0
1998,2.4415588552395215,398.1566922552981,195.99709342095264,500.0,0.010000000707805157,0.4176947772502899,1.0
1999,2.53041155620834,307.84242005541535,199.2593073983006,500.0,0.010000000707805157,0.3072390556335449,1.0
2000,3.3256024190266618,429.2777623215991,200.18290062247962,500.0,0.010000000707805157,0.5640011429786682,1.0
2001,3.1128015499125268,516.7837392805876,196.43055568474313,500.0,0.010000000707805157,0.5247683525085449,1.0
2002,2.524511170685148,308.3255775060089,199.35018227106062,500.0,0.010000000707805157,0.3062911629676819,1.0
2003,3.0463320587451617,574.3825248272792,195.38951839551314,500.0,0.010000000707805157,0.6362049579620361,1.0
2004,3.545038595331337,709.3528246079647,195.2181444432923,500.0,0.010000000707805157,0.8538711667060852,1.0
2005,3.6233902740493567,511.68659471005503,199.21757233721786,500.0,0.010000000707805157,0.7468222975730896,1.0
2006,3.8816793487225603,720.4516554226363,195.990228679009,500.0,0.010000000707805157,0.9257688522338867,1.0
2007,1.9595256608522214,286.90053814159285,195.12328555094854,500.0,0.010000000707805157,0.23344112932682037,1.0
2008,3.4278391839901814,588.0597102284473,196.5048730061216,500.0,0.010000000707805157,0.7071918249130249,1.0
2009,3.9494132191087403,526.6081544180983,200.60340773999047,500.0,0.010000000707805157,0.818928062915802,1.0
2010,1.960079827532817,287.12829962598977,195.11364422416446,500.0,0.010000000707805157,0.23347191512584686,1.0
2011,2.9035351538352248,415.8787707911073,198.27109791721384,500.0,0.010000000707805157,0.4886789917945862,1.0
2012,2.430001527343821,398.9573182457141,195.93488027465168,500.0,0.010000000707805157,0.4158132076263428,1.0
2013,2.426254545815282,398.95459156927245,195.92165435550862,500.0,0.010000000707805157,0.415094792842865,1.0
2014,3.029264012074601,576.3224348409508,195.37395075713403,500.0,0.010000000707805157,0.6326704025268555,1.0
2015,3.0254742513698005,576.6732144552872,195.3668102266939,500.0,0.010000000707805157,0.6319063901901245,1.0
2016,2.8979266600318434,415.8855100062839,198.21336928284416,500.0,0.010000000707805157,0.48787280917167664,1.0
2017,1.3191836914680362,74.50156383361731,175.42216870807397,500.0,0.010000000707805157,0.050310973078012466,1.0
2018,3.420942829541289,587.4456886446917,196.50197144708156,500.0,0.010000000707805157,0.7059645056724548,1.0
2019,1.943128610143037,286.6158212553941,195.04388055862827,500.0,0.010000000707805157,0.23135210573673248,1.0
2020,3.5982254940452676,664.0156451989562,195.7722459331295,500.0,0.010000000707805157,0.7426276803016663,1.0
2021,3.102625092454915,518.3795106097888,196.35428553815782,500.0,0.010000000707805157,0.5238048434257507,1.0
2022,3.306221155316023,431.868771126663,200.29336774580952,500.0,0.010000000707805157,0.5619156956672668,1.0
2023,2.2387332394917867,422.2528995945849,193.9800135450002,500.0,0.010000000707805157,0.26755616068840027,1.0
2024,2.5109523710100974,309.4779748942214,199.43059262411893,500.0,0.010000000707805157,0.3052727282047272,1.0
2025,1.2972542461187404,72.93748073594743,175.12789087429576,500.0,0.010000000707805157,0.049345437437295914,1.0
2026,4.0298753378669705,783.1420769236602,195.36652079878988,500.0,0.010000000707805157,0.9595814943313599,1.0
2027,2.657351753571692,504.3728745833856,194.67978897679222,500.0,0.010000000707805157,0.44890928268432617,1.0
2028,1.938685599071371,285.00223699154583,194.99060488317346,500.0,0.010000000707805157,0.23130539059638977,1.0
2029,2.816405337403998,483.3342680432216,196.082465399353,500.0,0.010000000707805157,0.5957610607147217,1.0
2030,2.872256059443839,592.1420689883515,194.16285703962458,500.0,0.010000000707805157,0.48389995098114014,1.0
2031,2.6497506838977722,504.0190056813755,194.61032888647026,500.0,0.010000000707805157,0.44769716262817383,1.0
2032,2.865200056947288,592.6684711481175,194.06218338592893,500.0,0.010000000707805157,0.482657253742218,1.0
2033,3.309048279092435,430.06630717799584,200.14121096376365,500.0,0.010000000707805157,0.5626818537712097,1.0
2034,3.607647018300676,511.5262084037226,199.15125430213237,500.0,0.010000000707805157,0.7439565658569336,1.0
2035,3.584429251661698,665.6004010300545,195.4559912226192,500.0,0.010000000707805157,0.7389075756072998,1.0
2036,2.504292985545032,309.3612854532846,199.38370971464022,500.0,0.010000000707805157,0.30472999811172485,1.0
2037,2.890463613493556,414.3084472738611,198.15956161416247,500.0,0.010000000707805157,0.4866558611392975,1.0
2038,2.2195632434877477,422.4826091002942,193.6388303353668,500.0,0.010000000707805157,0.26536181569099426,1.0
2039,3.3481665171245654,637.6902349485032,195.30424817506457,500.0,0.010000000707805157,0.8123183250427246,1.0
2040,3.408996653239233,587.9647184962271,196.1953337429486,500.0,0.010000000707805157,0.7030899524688721,1.0
2041,3.087647816653637,519.5419680705336,196.05878519507363,500.0,0.010000000707805157,0.5210977792739868,1.0
2042,3.0865091486561647,519.7307553566769,196.04109123104257,500.0,0.010000000707805157,0.5208109021186829,1.0
2043,3.2941504386180696,432.5258556128313,200.28392562602204,500.0,0.010000000707805157,0.5600528717041016,1.0
2044,2.4106227030273435,396.36820937308823,195.71557982750886,500.0,0.010000000707805157,0.4125010073184967,1.0
2045,2.644875789317732,505.0206008879456,194.45403666355313,500.0,0.010000000707805157,0.4466215670108795,1.0
2046,3.385497127538671,726.9199059496354,194.00074593793937,500.0,0.010000000707805157,0.6978073716163635,1.0
2047,2.4980609598525656,309.61380659575394,199.37711243462854,500.0,0.010000000707805157,0.30423271656036377,1.0
2048,3.8549678173980224,722.359798280089,195.4501802074411,500.0,0.010000000707805157,0.9181990623474121,1.0
2049,3.401904308380747,589.6341344220056,196.0797742610298,500.0,0.010000000707805157,0.7015271186828613,1.0
2050,1.2796932698671648,71.30314665162551,174.35554214344901,500.0,0.010000000707805157,0.04853035882115364,1.0
2051,3.0081360050637396,575.9704836392674,194.82237388579517,500.0,0.010000000707805157,0.627464771270752,1.0
2052,2.6359694924603283,505.86839138478416,194.29197860992932,500.0,0.010000000707805157,0.44505324959754944,1.0
2053,2.2040339732804037,424.2119900833602,193.32825218296486,500.0,0.010000000707805157,0.2632822096347809,1.0
2054,3.400549827327094,588.6276613970724,195.96561517004656,500.0,0.010000000707805157,0.7011500000953674,1.0
2055,3.7537944836811934,602.0676570232165,197.11159503712838,500.0,0.010000000707805157,0.7757475972175598,1.0
2056,2.492933661811735,309.9443057357994,199.37432341186243,500.0,0.010000000707805157,0.30377715826034546,1.0
2057,2.4907627058353317,309.86044234532096,199.4018289214617,500.0,0.010000000707805157,0.3034580647945404,1.0
2058,3.590784498560771,513.0455270464981,199.17840222834147,500.0,0.010000000707805157,0.7408225536346436,1.0
2059,2.8497589551660627,596.2936627445669,193.60208466669013,500.0,0.010000000707805157,0.47871389985084534,1.0
2060,2.845145917770475,596.7473710292621,193.53156071897362,500.0,0.010000000707805157,0.47784948348999023,1.0
2061,1.9196043274988037,283.11779226419264,194.8009568954924,500.0,0.010000000707805157,0.22959044575691223,1.0
2062,2.4865491504467796,309.5160214796458,199.39970802606044,500.0,0.010000000707805157,0.3029886484146118,1.0
2063,2.4844332660123065,309.4395570148284,199.42732729477612,500.0,0.010000000707805157,0.3026740849018097,1.0
2064,2.1920449267046656,423.44891626613537,193.0978566498969,500.0,0.010000000707805157,0.2620201110839844,1.0
2065,3.3628357724926006,727.7608764868642,193.49278137520307,500.0,0.010000000707805157,0.6920664310455322,1.0
2066,3.1699563891573286,552.3833769006145,195.989699207096,500.0,0.010000000707805157,0.7777743935585022,1.0
2067,2.8774026562052835,413.18518529400825,198.03295851409933,500.0,0.010000000707805157,0.48483341932296753,1.0
2068,3.924434192142364,527.85255406256,200.53923042854734,500.0,0.010000000707805157,0.8150349855422974,1.0
2069,2.8727865415431917,414.1937058075402,198.11096800103775,500.0,0.010000000707805157,0.4840668737888336,1.0
2070,2.6288990855737238,505.2984381897265,194.0443919814593,500.0,0.010000000707805157,0.44371920824050903,1.0
2071,3.065730393229264,521.198906280944,195.68637915342822,500.0,0.010000000707805157,0.5170309543609619,1.0
2072,2.4777841339302125,310.1706157044691,199.4937156021808,500.0,0.010000000707805157,0.30198171734809875,1.0
2073,1.2392480054829338,68.28529546135316,173.63960583334915,500.0,0.010000000707805157,0.04678305983543396,1.0
2074,2.4740638034308318,309.49637622735133,199.51496364748104,500.0,0.010000000707805157,0.3014882802963257,1.0
2075,1.9064020291597334,281.1591888915104,194.72189960168956,500.0,0.010000000707805157,0.2284238338470459,1.0
2076,3.5576960159388107,666.4035450164919,194.83416839954882,500.0,0.010000000707805157,0.7319977879524231,1.0
2077,2.471064640636993,309.3202522626972,199.52833136117377,500.0,0.010000000707805157,0.30111175775527954,1.0
2078,2.469010928052133,309.25684194763056,199.55615527607733,500.0,0.010000000707805157,0.30080264806747437,1.0
2079,1.214300340722494,66.59644359095284,173.41432207362854,500.0,0.010000000707805157,0.04571983218193054,1.0
2080,2.870676230956434,411.48889049798026,198.10079638589707,500.0,0.010000000707805157,0.4832027554512024,1.0
2081,3.5565005713514593,665.1748548520958,194.76733014059187,500.0,0.010000000707805157,0.7314175367355347,1.0
2082,2.4028738621492587,390.54765107257117,195.4381563963834,500.0,0.010000000707805157,0.411058247089386,1.0
2083,3.583298041727261,511.06865396496255,199.19315160423187,500.0,0.010000000707805157,0.7379902005195618,1.0
2084,2.625102585132578,502.2127679825185,193.84392657368255,500.0,0.010000000707805157,0.4432050287723541,1.0
2085,3.553489987247167,666.1967928559212,194.74722181389677,500.0,0.010000000707805157,0.7308300733566284,1.0
2086,2.462206821406825,309.57738126328707,199.61662914226102,500.0,0.010000000707805157,0.3000270128250122,1.0
2087,2.6231071237765358,502.3202843695515,193.77341182198433,500.0,0.010000000707805157,0.44284501671791077,1.0
2088,1.8968262173485173,279.72688994563003,194.64956004606964,500.0,0.010000000707805157,0.2276158332824707,1.0
2089,3.054077942056601,518.7647479711936,195.49542816193423,500.0,0.010000000707805157,0.5148819088935852,1.0
2090,2.4585367439207677,309.02584551517066,199.6219691376271,500.0,0.010000000707805157,0.2996332049369812,1.0
2091,1.8939271719748043,279.03363355657046,194.63124114986311,500.0,0.010000000707805157,0.22740104794502258,1.0
2092,2.86340497893126,411.0300696912215,198.09591830687935,500.0,0.010000000707805157,0.4819660782814026,1.0
2093,2.4545681077813053,308.73059403481324,199.66770043282222,500.0,0.010000000707805157,0.29915183782577515,1.0
2094,1.8898526051054054,278.4843601375071,194.61431535849994,500.0,0.010000000707805157,0.22698363661766052,1.0
2095,2.6189865512222297,499.6489356486314,193.67474138720223,500.0,0.010000000707805157,0.44229307770729065,1.0
2096,3.579763702098151,509.7528306509542,199.190157729664,500.0,0.010000000707805157,0.7366040349006653,1.0
2097,1.8863993198613629,278.44370925142334,194.59998496770805,500.0,0.010000000707805157,0.22655969858169556,1.0
2098,3.3872546239276002,583.8991742969528,195.6341912919529,500.0,0.010000000707805157,0.6968222856521606,1.0
2099,3.3591898770720228,722.6276980387515,193.0652984720678,500.0,0.010000000707805157,0.6911379098892212,1.0
2100,2.4505049285564087,308.64237397581314,199.6667769396479,500.0,0.010000000707805157,0.29883500933647156,1.0
2101,3.257329289140339,432.23920446079956,200.46595776280262,500.0,0.010000000707805157,0.5532183051109314,1.0
2102,3.1847354813874555,650.7366918638656,193.4318534384073,500.0,0.010000000707805157,0.6572049856185913,1.0
2103,3.3827691885249966,585.2701486125464,195.55232236525745,500.0,0.010000000707805157,0.6958475112915039,1.0
2104,2.854844937435397,411.4592545464386,198.11668207298354,500.0,0.010000000707805157,0.48066720366477966,1.0
2105,2.8533147093680444,411.58854839461094,198.12993600470853,500.0,0.010000000707805157,0.48040229082107544,1.0
2106,1.8823224526677989,278.3960488795603,194.55864956612524,500.0,0.010000000707805157,0.22616079449653625,1.0
2107,1.1714589113828322,63.37927009857634,172.6423461921787,500.0,0.010000000707805157,0.04392502084374428,1.0
2108,2.6116761105683617,499.3463291468523,193.52290120266775,500.0,0.010000000707805157,0.4409673810005188,1.0
2109,1.1607526878895742,62.64172127595154,172.55584964470208,500.0,0.010000000707805157,0.043472591787576675,1.0
2110,2.8535527512922743,409.6099206426487,198.07478796170457,500.0,0.010000000707805157,0.48011794686317444,1.0
2111,3.211272026179091,491.11240036986624,197.45409466107463,500.0,0.010000000707805157,0.6622015833854675,1.0
2112,1.8716857598607997,277.2038598024069,194.51871702480844,500.0,0.010000000707805157,0.22500327229499817,1.0
2113,2.151211984854688,418.2849709856094,192.46924093741322,500.0,0.010000000707805157,0.25855571031570435,1.0
2114,2.8503184244045237,409.29388720919815,198.06674847536596,500.0,0.010000000707805157,0.4795196056365967,1.0
2115,2.14848411070802,417.9394546858795,192.43151202016819,500.0,0.010000000707805157,0.2583180069923401,1.0
2116,2.849900330948019,408.9345879245478,198.0583885231105,500.0,0.010000000707805157,0.479392409324646,1.0
2117,2.813250833364227,587.8783230974933,192.6742440764618,500.0,0.010000000707805157,0.47377732396125793,1.0
2118,3.2515128088852934,430.84409188498245,200.47080636340684,500.0,0.010000000707805157,0.5523641109466553,1.0
2119,1.865972715252175,276.01999875645976,194.47659832094314,500.0,0.010000000707805157,0.22453179955482483,1.0
2120,2.4327029497684034,307.4779800002333,199.79502921503197,500.0,0.010000000707805157,0.2968791425228119,1.0
2121,4.007302983992068,655.3946693911179,196.65329632929496,500.0,0.010000000707805157,0.9494923949241638,1.0
2122,2.844317404161032,409.5538585153506,198.11927724467546,500.0,0.010000000707805157,0.478479266166687,1.0
2123,2.4284681996836466,308.46168768128314,199.89690615284462,500.0,0.010000000707805157,0.2962687015533447,1.0
2124,2.60633224600929,496.7642013263958,193.36672967375233,500.0,0.010000000707805157,0.44005271792411804,1.0
2125,2.604359228254516,496.75531678157114,193.34351916507498,500.0,0.010000000707805157,0.43973416090011597,1.0
2126,2.8101418712278714,587.6704561689961,192.55136422578428,500.0,0.010000000707805157,0.4730890989303589,1.0
2127,2.843625081808706,408.86566351761047,198.07628872972802,500.0,0.010000000707805157,0.47835540771484375,1.0
2128,2.842058444395183,409.0199841638234,198.09043705592217,500.0,0.010000000707805157,0.47808951139450073,1.0
2129,2.6005105863876823,496.7510747766827,193.28195130104228,500.0,0.010000000707805157,0.43907657265663147,1.0
2130,3.373085035130742,581.7812341439128,195.35542696531473,500.0,0.010000000707805157,0.6932523250579834,1.0
2131,3.2389775787528055,432.257901668867,200.59439527979958,500.0,0.010000000707805157,0.5503308773040771,1.0
2132,3.711950553047946,599.1882946595769,196.79040008389794,500.0,0.010000000707805157,0.7648826837539673,1.0
2133,1.8593768607642085,275.8424074256144,194.42155832886684,500.0,0.010000000707805157,0.22388267517089844,1.0
2134,2.4200664525947935,309.0315344989736,199.97788585643997,500.0,0.010000000707805157,0.2953372895717621,1.0
2135,3.5338921276006627,661.9059463872301,194.26532981055112,500.0,0.010000000707805157,0.7261147499084473,1.0
2136,3.36875414591313,583.0478147529387,195.3571412890663,500.0,0.010000000707805157,0.6921896934509277,1.0
2137,2.9898420220799813,566.2634675388434,193.8012696248164,500.0,0.010000000707805157,0.6206376552581787,1.0
2138,2.832501451488005,410.4848179675157,198.1559347768176,500.0,0.010000000707805157,0.4767467975616455,1.0
2139,1.8545916912547666,275.8256456334477,194.39563377119802,500.0,0.010000000707805157,0.22333335876464844,1.0
2140,1.121130875532469,59.678866566146546,171.7520051738242,500.0,0.010000000707805157,0.04184474050998688,1.0
2141,3.193972844418383,490.2057423644708,197.4278339105725,500.0,0.010000000707805157,0.658038318157196,1.0
2142,3.227067327453927,433.6562282044513,200.73531326624368,500.0,0.010000000707805157,0.5483186841011047,1.0
2143,2.4123515553855723,309.6526474979782,200.08797566639868,500.0,0.010000000707805157,0.2944757640361786,1.0
2144,3.54402040116,511.1274648685707,199.39675184284823,500.0,0.010000000707805157,0.7285103797912598,1.0
2145,2.8242372934288387,410.88620051906855,198.2528798137598,500.0,0.010000000707805157,0.4751579165458679,1.0
2146,2.4074772406069505,310.4602489104375,200.2076598053599,500.0,0.010000000707805157,0.2937556803226471,1.0
2147,1.849018517842933,275.2025758883997,194.36836857985145,500.0,0.010000000707805157,0.22272923588752747,1.0
2148,3.0213634426601463,516.0568299841905,195.3048728151232,500.0,0.010000000707805157,0.5095128417015076,1.0
2149,1.8470190356839484,274.8399412268761,194.35610443500892,500.0,0.010000000707805157,0.22254115343093872,1.0
2150,2.4036141420272914,309.8411004245273,200.2302683497356,500.0,0.010000000707805157,0.2932829260826111,1.0
2151,3.1781960867011967,644.1945742355323,192.94544538588602,500.0,0.010000000707805157,0.6547373533248901,1.0
2152,2.132173700752658,416.2056275344493,192.03853979086648,500.0,0.010000000707805157,0.2566319406032562,1.0
2153,1.842357556565453,273.9967097622899,194.32696793116224,500.0,0.010000000707805157,0.2221032679080963,1.0
2154,2.3622451197340166,383.2035028647576,194.97436412673522,500.0,0.010000000707805157,0.4031965732574463,1.0
2155,2.5909680261728796,494.25949133235974,193.06217709576845,500.0,0.010000000707805157,0.43728968501091003,1.0
2156,3.9730636496620115,777.9314767144856,193.68106428588027,500.0,0.010000000707805157,0.9411800503730774,1.0
2157,3.1848178149762587,489.605907128378,197.41496266196074,500.0,0.010000000707805157,0.6557118892669678,1.0
2158,2.5868886318572706,495.37326366289136,193.0236934580754,500.0,0.010000000707805157,0.4364413619041443,1.0
2159,2.585132205610477,495.28678316266314,193.0033881536261,500.0,0.010000000707805157,0.43615198135375977,1.0
2160,2.795853171128218,586.174549541957,192.15471963907243,500.0,0.010000000707805157,0.47036314010620117,1.0
2161,2.4030530589130423,308.78317587110666,200.06164229741583,500.0,0.010000000707805157,0.29381534457206726,1.0
2162,2.9750791616791514,562.9975891070709,193.54580316716758,500.0,0.010000000707805157,0.6166011095046997,1.0
2163,1.0843814741154252,56.98002116276977,171.12148173025983,500.0,0.010000000707805157,0.040339961647987366,1.0
2164,3.356209238356411,580.1225815712808,195.13084148654107,500.0,0.010000000707805157,0.6891670823097229,1.0
2165,3.180560692600838,488.93663847344305,197.34830563162853,500.0,0.010000000707805157,0.6546672582626343,1.0
2166,3.0123549418211697,515.1066492260675,195.0228352314853,500.0,0.010000000707805157,0.5084195137023926,1.0
2167,2.5788688415597822,494.8393523390115,192.8979642048093,500.0,0.010000000707805157,0.4350482225418091,1.0
2168,1.0786649505000132,56.53940127770856,170.99430068886159,500.0,0.010000000707805157,0.04011029750108719,1.0
2169,3.5191345632259754,659.1498506382796,193.9043306703052,500.0,0.010000000707805157,0.7231340408325195,1.0
2170,2.1110787973087954,415.6138464869683,191.7046755400712,500.0,0.010000000707805157,0.25419002771377563,1.0
2171,2.8168581756839433,407.9970871794896,198.06996561821944,500.0,0.010000000707805157,0.47388941049575806,1.0
2172,3.0089088849628194,514.4473548420964,194.90605926292693,500.0,0.010000000707805157,0.5076903104782104,1.0
2173,2.3471741327810602,381.9963048460205,194.85528662841364,500.0,0.010000000707805157,0.40065568685531616,1.0
2174,1.0647485708131963,55.59475912615741,170.80092134993006,500.0,0.010000000707805157,0.039535246789455414,1.0
2175,3.3527687206987764,578.9128965610405,195.02251508398209,500.0,0.010000000707805157,0.6882097125053406,1.0
2176,2.3937477072319204,308.1167463824488,200.08390617168837,500.0,0.010000000707805157,0.2929418087005615,1.0
2177,2.3440674437554594,381.34084040642,194.82530708644404,500.0,0.010000000707805157,0.399943083524704,1.0
2178,2.572027310387559,492.6689560166627,192.7460402259964,500.0,0.010000000707805157,0.43391385674476624,1.0
2179,2.9643651335630263,560.5706086603477,193.35885558573682,500.0,0.010000000707805157,0.6137664318084717,1.0
2180,2.8105540839750143,407.5402938520524,198.03740403281418,500.0,0.010000000707805157,0.4728158712387085,1.0
2181,3.3480357310148814,578.910825968038,195.010825647673,500.0,0.010000000707805157,0.6874096393585205,1.0
2182,3.3465818667754017,579.3734634175312,195.0144039504194,500.0,0.010000000707805157,0.6871621608734131,1.0
2183,1.0580907406723337,55.00075315767699,170.60085912726004,500.0,0.010000000707805157,0.03928014636039734,1.0
2184,3.00487269906954,513.3330624290427,194.84607107735079,500.0,0.010000000707805157,0.507454514503479,1.0
2185,3.0039625146996767,513.4996132929082,194.83465063118362,500.0,0.010000000707805157,0.5072068572044373,1.0
2186,3.0030570959160077,513.6653491616372,194.82326402225914,500.0,0.010000000707805157,0.5069603323936462,1.0
2187,3.3455757523828904,579.2104868497286,194.96154995662295,500.0,0.010000000707805157,0.6866878271102905,1.0
2188,2.1009055820290716,414.4904833072382,191.49850755000918,500.0,0.010000000707805157,0.2531353235244751,1.0
2189,2.3859876016837425,308.381071157175,200.126781680174,500.0,0.010000000707805157,0.29221993684768677,1.0
2190,3.95553986180656,776.4157200943689,193.20282746420452,500.0,0.010000000707805157,0.9356630444526672,1.0
2191,2.99882680857843,514.5981375981697,194.73425127467948,500.0,0.010000000707805157,0.5059059858322144,1.0
2192,3.3431698413324615,579.9110495805193,194.88563365877874,500.0,0.010000000707805157,0.6860207915306091,1.0
2193,2.9599941582175564,561.3558300239293,193.19095935668693,500.0,0.010000000707805157,0.6127220392227173,1.0
2194,2.38375096138608,309.22038911786836,200.13920861424762,500.0,0.010000000707805157,0.2920386493206024,1.0
2195,3.143104742407749,643.0860112815454,192.25405654854075,500.0,0.010000000707805157,0.6461469531059265,1.0
2196,2.802358906724672,408.4144208533902,198.06141993974347,500.0,0.010000000707805157,0.47178128361701965,1.0
2197,2.3817469388689165,309.3168559918584,200.15731612438597,500.0,0.010000000707805157,0.2918272614479065,1.0
2198,2.094333269733089,414.8969844472494,191.314139868799,500.0,0.010000000707805157,0.2521347403526306,1.0
2199,2.091395382068847,414.6229510877595,191.2711887560193,500.0,0.010000000707805157,0.2518354654312134,1.0
2200,3.9698461963126723,654.7732327207783,196.1933501621829,500.0,0.010000000707805157,0.9391083121299744,1.0
2201,3.4707305421137535,696.3968495900122,192.64049998226812,500.0,0.010000000707805157,0.8255373239517212,1.0
2202,3.3359927733536785,580.8030428543112,194.79632535317504,500.0,0.010000000707805157,0.6846054196357727,1.0
2203,3.4996660502406844,661.2503763946505,193.48735008220373,500.0,0.010000000707805157,0.7180348634719849,1.0
2204,1.0429880094910495,53.8449549293834,169.97014093793837,500.0,0.010000000707805157,0.03865451365709305,1.0
2205,3.1630623228883716,488.09171888904655,197.2443271121884,500.0,0.010000000707805157,0.6511139273643494,1.0
2206,2.9906302781976444,516.0274541597802,194.60761782944547,500.0,0.010000000707805157,0.5044896006584167,1.0
2207,2.0893591835887277,415.79796399735966,191.15997233863962,500.0,0.010000000707805157,0.25125813484191895,1.0
2208,3.9614912931225805,656.6751519242924,196.15897723360726,500.0,0.010000000707805157,0.9374226331710815,1.0
2209,1.8013575101284067,271.7905914613575,194.07486924534888,500.0,0.010000000707805157,0.21789249777793884,1.0
2210,1.0334856774410914,53.19035898921765,169.81579597537115,500.0,0.010000000707805157,0.03827522322535515,1.0
2211,3.333022405252599,580.2030741228435,194.72684519416885,500.0,0.010000000707805157,0.683720052242279,1.0
2212,3.9401585179797354,779.4198072880479,192.89686241160948,500.0,0.010000000707805157,0.9303756952285767,1.0
2213,2.947944957873264,561.7933491293757,192.95326907434844,500.0,0.010000000707805157,0.6098859906196594,1.0
2214,3.328683472438479,581.7318604714413,194.6856919324524,500.0,0.010000000707805157,0.6829773187637329,1.0
2215,2.373154168358803,310.53081190501274,200.1883507149701,500.0,0.010000000707805157,0.2911159098148346,1.0
2216,2.746996449763725,465.2276959016233,194.87652526938152,500.0,0.010000000707805157,0.5760383605957031,1.0
2217,3.1279112313752053,644.6798572992133,191.97816649182755,500.0,0.010000000707805157,0.6420919895172119,1.0
2218,2.546835795747512,494.7628959202411,192.23996977153163,500.0,0.010000000707805157,0.4289901852607727,1.0
2219,2.312308857487691,381.13058131487026,194.63993756838195,500.0,0.010000000707805157,0.39511263370513916,1.0
2220,2.7578995876766506,586.559652797116,191.23250392430148,500.0,0.010000000707805157,0.46253180503845215,1.0
2221,2.37350169277016,309.78709650992334,200.0860629600592,500.0,0.010000000707805157,0.29159998893737793,1.0
2222,3.2797516696417204,622.249548942333,193.32876501475576,500.0,0.010000000707805157,0.7856504321098328,1.0
2223,1.0257205082471232,52.41450686988741,169.4778418051754,500.0,0.010000000707805157,0.03797465190291405,1.0
2224,2.0752408230512196,415.485569786096,190.9206987126145,500.0,0.010000000707805157,0.24966765940189362,1.0
2225,2.5383555740922903,493.30634611813485,192.12033035360244,500.0,0.010000000707805157,0.4276134967803955,1.0
2226,2.787995283009767,407.7722580443735,197.92343979801336,500.0,0.010000000707805157,0.46976593136787415,1.0
2227,3.515789611136065,509.78228732696874,199.13430531085243,500.0,0.010000000707805157,0.7238776683807373,1.0
2228,2.538197585988981,493.42096687101173,192.13356275823068,500.0,0.010000000707805157,0.42750948667526245,1.0
2229,2.5365740496377716,493.324242492471,192.11369825394712,500.0,0.010000000707805157,0.4272381067276001,1.0
2230,2.5349612300768034,493.22872242986574,192.09390620994554,500.0,0.010000000707805157,0.42696845531463623,1.0
2231,1.7750718793397462,270.8983375649265,193.9821433510061,500.0,0.010000000707805157,0.21478678286075592,1.0
2232,1.7729826835863025,270.6648124674535,193.97624157876126,500.0,0.010000000707805157,0.21453189849853516,1.0
2233,3.6736584973927995,597.8749862203437,196.03903835896057,500.0,0.010000000707805157,0.7584741115570068,1.0
2234,2.3668914954255285,309.00358222813577,200.09051880532323,500.0,0.010000000707805157,0.29113245010375977,1.0
2235,3.8040072554746462,575.3569963673087,198.29658180559454,500.0,0.010000000707805157,0.9007285833358765,1.0
2236,2.5340854097554684,492.7298794010555,192.0850498501536,500.0,0.010000000707805157,0.4267209768295288,1.0
2237,2.5324597783839886,492.63313191129265,192.06514332448177,500.0,0.010000000707805157,0.42644745111465454,1.0
2238,3.485363021940694,659.567698737918,193.1161799773106,500.0,0.010000000707805157,0.7153877019882202,1.0
2239,1.0022759764498783,50.761177533634125,169.05237400981483,500.0,0.010000000707805157,0.037041693925857544,1.0
2240,3.5086423461200074,509.9420814867344,199.15759669185346,500.0,0.010000000707805157,0.7223371267318726,1.0
2241,3.1855681430909675,435.78185408498615,200.79356213884572,500.0,0.010000000707805157,0.5440310835838318,1.0
2242,3.6626084693825405,600.1293641385334,196.16532780623402,500.0,0.010000000707805157,0.7555851936340332,1.0
2243,2.534647670305006,492.82067632100296,192.01594807028158,500.0,0.010000000707805157,0.4266083836555481,1.0
2244,3.791023961479915,577.5463681139508,198.40866964256543,500.0,0.010000000707805157,0.8979158401489258,1.0
2245,1.005859404800909,50.95187872904351,168.96813622381384,500.0,0.010000000707805157,0.037216417491436005,1.0
2246,1.7679646860525355,270.70235301141287,193.95244337715414,500.0,0.010000000707805157,0.2140270620584488,1.0
2247,0.9944540633359733,50.23801172237136,168.89513526852153,500.0,0.010000000707805157,0.03675154224038124,1.0
2248,2.353413771054135,310.2561962312582,200.35258892985482,500.0,0.010000000707805157,0.2893015444278717,1.0
2249,2.5325215572714317,490.7249149797276,191.96333179369577,500.0,0.010000000707805157,0.4262765944004059,1.0
2250,2.0643266724377933,412.6116393883981,190.67856707362958,500.0,0.010000000707805157,0.24867689609527588,1.0
2251,3.9441082283553714,654.8345056220055,195.96939186565933,500.0,0.010000000707805157,0.9326767921447754,1.0
2252,2.064258467722989,412.9565550254178,190.64894797512653,500.0,0.010000000707805157,0.24854354560375214,1.0
2253,3.658928500402695,599.0760941019332,196.12730760501714,500.0,0.010000000707805157,0.7543664574623108,1.0
2254,2.7483591966357404,582.6075435431426,190.81552111823288,500.0,0.010000000707805157,0.4605886936187744,1.0
2255,3.1742213727876716,436.9102132045128,200.9526134157349,500.0,0.010000000707805157,0.5414366722106934,1.0
2256,2.061937019153885,413.22197133414073,190.55115730929825,500.0,0.010000000707805157,0.24806207418441772,1.0
2257,1.7632407047800664,268.8833501952074,193.8858466601645,500.0,0.010000000707805157,0.21372655034065247,1.0
2258,2.7441436353467754,581.7699857241209,190.71216455811742,500.0,0.010000000707805157,0.4598560631275177,1.0
2259,2.05469822501439,412.6129837637474,190.44446450530208,500.0,0.010000000707805157,0.24730488657951355,1.0
2260,2.3463307248087046,309.76717176005445,200.3565981879234,500.0,0.010000000707805157,0.28830283880233765,1.0
2261,2.9648673407628063,513.5264259960479,194.1353596465587,500.0,0.010000000707805157,0.49990159273147583,1.0
2262,2.3438001000959203,309.9319036782448,200.40677854915185,500.0,0.010000000707805157,0.28786787390708923,1.0
2263,3.9426321387284533,654.2798154177675,195.8751854066204,500.0,0.010000000707805157,0.9310035705566406,1.0
2264,2.3408527810110398,310.74716085778226,200.49675026910185,500.0,0.010000000707805157,0.28740981221199036,1.0
2265,2.74175044906298,581.1704122441579,190.5706629429268,500.0,0.010000000707805157,0.45906323194503784,1.0
2266,3.651328133230723,599.3600686189019,196.030095082005,500.0,0.010000000707805157,0.7513261437416077,1.0
2267,2.0519590236250274,412.55616712548675,190.3010954695913,500.0,0.010000000707805157,0.24672053754329681,1.0
2268,3.309896924130003,578.1306699288033,194.28878384464326,500.0,0.010000000707805157,0.6773872971534729,1.0
2269,1.7607939931376022,267.4540563634696,193.8198756578333,500.0,0.010000000707805157,0.21371829509735107,1.0
2270,2.9591661033645384,514.2427039658595,194.09188301780847,500.0,0.010000000707805157,0.4984211325645447,1.0
2271,3.284021781324405,711.9256055777322,190.51263928056173,500.0,0.010000000707805157,0.669445812702179,1.0
2272,2.337134096095731,310.8195531182412,200.4877171873905,500.0,0.010000000707805157,0.2868998646736145,1.0
2273,2.9291198520987622,555.6254552253924,192.25947423400768,500.0,0.010000000707805157,0.6038004159927368,1.0
2274,2.52370283438283,489.3404710239644,191.4899497718109,500.0,0.010000000707805157,0.4243178963661194,1.0
2275,2.2953660255614365,374.95352733810114,194.32147008424926,500.0,0.010000000707805157,0.39168742299079895,1.0
2276,2.9565965463054025,514.1242563921036,193.9783975813447,500.0,0.010000000707805157,0.4981081783771515,1.0
2277,2.2926900201812273,374.9338060300569,194.31460659103195,500.0,0.010000000707805157,0.3911823332309723,1.0
2278,0.9410147034970294,46.78063977023582,167.93617612951235,500.0,0.010000000707805157,0.03459445759654045,1.0
2279,3.620959961472838,634.235173797517,194.29740122941092,500.0,0.010000000707805157,0.8547202944755554,1.0
2280,3.1302102464723496,485.0157215638192,197.1126575884509,500.0,0.010000000707805157,0.6427068710327148,1.0
2281,2.283020278315963,375.49065096433935,194.31634769707574,500.0,0.010000000707805157,0.3894168734550476,1.0
2282,2.334093756196571,310.5187553412479,200.48641957778855,500.0,0.010000000707805157,0.28706929087638855,1.0
2283,1.7436473934291412,267.11877923667004,193.78516151173966,500.0,0.010000000707805157,0.211593359708786,1.0
2284,2.3322747623213456,310.2255938536679,200.51020147614724,500.0,0.010000000707805157,0.2867993414402008,1.0
2285,3.646621207942275,598.0806525578414,195.95927145669773,500.0,0.010000000707805157,0.7508319616317749,1.0
2286,2.731952840983781,579.4807346442096,190.3114334556192,500.0,0.010000000707805157,0.45723748207092285,1.0
2287,2.915253533632426,554.5111990863572,192.19014505529515,500.0,0.010000000707805157,0.6004108786582947,1.0
2288,2.9525237113499356,513.4017889411617,193.96212716070636,500.0,0.010000000707805157,0.497684121131897,1.0
2289,2.755353921185264,407.19187285315326,198.09680884270864,500.0,0.010000000707805157,0.4636807441711426,1.0
2290,3.7646500864817534,707.8681412032349,192.92592562634272,500.0,0.010000000707805157,0.8862297534942627,1.0
2291,1.7400985387477366,267.05126334504905,193.76201097586258,500.0,0.010000000707805157,0.21125806868076324,1.0
2292,1.73817579020887,266.84167547734535,193.75733042558812,500.0,0.010000000707805157,0.2110111266374588,1.0
2293,2.5103162898242064,487.6929175451223,191.37402313175045,500.0,0.010000000707805157,0.42183589935302734,1.0
2294,3.463053284739923,656.1813076772773,192.53434764516166,500.0,0.010000000707805157,0.7085888981819153,1.0
2295,3.0940952684488767,637.0670369834328,190.93064418240888,500.0,0.010000000707805157,0.6323271989822388,1.0
2296,1.7346736415803992,266.6300344140988,193.73647327089782,500.0,0.010000000707805157,0.21063338220119476,1.0
2297,3.6424357497021083,598.7167216480412,195.8023317560963,500.0,0.010000000707805157,0.7501504421234131,1.0
2298,2.0308195352067533,411.2716820605149,189.8927634521504,500.0,0.010000000707805157,0.24422334134578705,1.0
2299,3.9265470114889482,654.5576406345928,195.65263684985027,500.0,0.010000000707805157,0.9266327619552612,1.0
2300,1.7340478167386983,266.6299462333963,193.72798868107094,500.0,0.010000000707805157,0.2106131911277771,1.0
2301,2.324291917898426,311.1040199490276,200.57262854257345,500.0,0.010000000707805157,0.2859935164451599,1.0
2302,2.5059478116917617,487.63243528118335,191.2432743927141,500.0,0.010000000707805157,0.4208981990814209,1.0
2303,2.7489287305706065,407.0608659827654,198.08569442708858,500.0,0.010000000707805157,0.4625912010669708,1.0
2304,2.5044766587140916,487.43914898811073,191.23272661083584,500.0,0.010000000707805157,0.4206254780292511,1.0
2305,3.6034726823698304,634.2368848942176,194.1721210395057,500.0,0.010000000707805157,0.8497496247291565,1.0
2306,3.2664723407894884,710.1148900016019,190.09714431420693,500.0,0.010000000707805157,0.6649332642555237,1.0
2307,3.112656058785726,485.29781454151015,197.0791887447123,500.0,0.010000000707805157,0.6388580799102783,1.0
2308,2.744257668889577,407.908277038789,198.0841829230582,500.0,0.010000000707805157,0.46202945709228516,1.0
2309,2.3211539935621777,311.69157695143025,200.60919911338462,500.0,0.010000000707805157,0.28584930300712585,1.0
2310,2.942490762849053,514.1694228849485,193.82218887724576,500.0,0.010000000707805157,0.49586808681488037,1.0
2311,3.8021602047611123,537.7370671560005,201.36775968220363,500.0,0.010000000707805157,0.7897357940673828,1.0
2312,2.3156687866332892,312.8501673980427,200.78409330198116,500.0,0.010000000707805157,0.2848621904850006,1.0
2313,2.901266767628402,554.6183814006354,191.99129545830618,500.0,0.010000000707805157,0.5967103242874146,1.0
2314,2.6921117795404497,458.39524162045046,194.4031496140615,500.0,0.010000000707805157,0.5616950988769531,1.0
2315,2.7212987547479237,579.9367619821503,189.98794572338892,500.0,0.010000000707805157,0.4544398784637451,1.0
2316,3.7968148185333277,538.9238209361481,201.43908063322567,500.0,0.010000000707805157,0.7888383865356445,1.0
2317,2.312676812474987,313.5144481720281,200.8570353416108,500.0,0.010000000707805157,0.2845674455165863,1.0
2318,3.4617336760637216,514.4572407861548,199.59637200486935,500.0,0.010000000707805157,0.7111948132514954,1.0
2319,3.1345558625813035,442.5876782333563,201.47546519175955,500.0,0.010000000707805157,0.5345169305801392,1.0
2320,2.8995495641904867,555.2443998127808,192.01014329987296,500.0,0.010000000707805157,0.596072793006897,1.0
2321,0.9159734783671784,44.79355384816531,166.9928884100915,500.0,0.010000000707805157,0.03370922431349754,1.0
2322,2.730548343151289,409.9305153811618,198.34475022552553,500.0,0.010000000707805157,0.4593641459941864,1.0
2323,3.4544413368655396,657.8953692409416,192.49707404333662,500.0,0.010000000707805157,0.7054178714752197,1.0
2324,2.0311688767332217,410.7755764649852,189.72412102966612,500.0,0.010000000707805157,0.24385955929756165,1.0
2325,3.7494218980696057,709.0450355969791,192.75863951051377,500.0,0.010000000707805157,0.880643904209137,1.0
2326,2.7293191522685247,410.2113745098431,198.34784969420662,500.0,0.010000000707805157,0.4592277407646179,1.0
2327,2.0292039100880506,410.94953059164163,189.66999474242846,500.0,0.010000000707805157,0.24353177845478058,1.0
2328,3.27781946349932,579.0301462028385,194.0722495420148,500.0,0.010000000707805157,0.6694356203079224,1.0
2329,3.4496247863132896,658.7981860788196,192.37858545185452,500.0,0.010000000707805157,0.7038131356239319,1.0
2330,2.9320267328159253,516.4333453405254,193.86271650047092,500.0,0.010000000707805157,0.49315503239631653,1.0
2331,1.7186882694151637,266.26726977610144,193.6693892756761,500.0,0.010000000707805157,0.20892949402332306,1.0
2332,2.931268266952873,515.9769902705106,193.8433801429759,500.0,0.010000000707805157,0.49300870299339294,1.0
2333,2.727470577979099,410.0265235437412,198.36639351234726,500.0,0.010000000707805157,0.4587966799736023,1.0
2334,3.582229467298269,757.3807289586483,190.39479060271324,500.0,0.010000000707805157,0.8389530777931213,1.0
2335,2.726588820825833,410.24088700401103,198.35014741519404,500.0,0.010000000707805157,0.45875084400177,1.0
2336,2.929247617082021,516.5454094472223,193.812834908978,500.0,0.010000000707805157,0.49254125356674194,1.0
2337,3.2733973977450184,579.8651811413336,193.9976885991908,500.0,0.010000000707805157,0.6681250333786011,1.0
2338,2.2994042599213533,315.4630105576123,201.11595644756292,500.0,0.010000000707805157,0.28271570801734924,1.0
2339,2.7238438151496647,410.5657754623078,198.4106355534862,500.0,0.010000000707805157,0.45816001296043396,1.0
2340,3.089859972339791,487.8765513094189,197.3232045897471,500.0,0.010000000707805157,0.6336315870285034,1.0
2341,3.1208599508179398,445.214350178423,201.70502379790503,500.0,0.010000000707805157,0.5317752957344055,1.0
2342,1.7129010356333836,266.1929505445922,193.65939096463163,500.0,0.010000000707805157,0.20823359489440918,1.0
2343,3.8942261403412948,659.7065275697013,195.87075135803832,500.0,0.010000000707805157,0.9168697595596313,1.0
2344,3.0888612315833384,637.113376335457,190.52311250704298,500.0,0.010000000707805157,0.6281543970108032,1.0
2345,1.71056164498409,266.3543622563839,193.65811771640136,500.0,0.010000000707805157,0.2079460322856903,1.0
2346,3.2686042204777404,580.2158071946576,194.05528175656158,500.0,0.010000000707805157,0.6668143272399902,1.0
2347,2.7160468960315782,411.71599979090826,198.50803975355063,500.0,0.010000000707805157,0.45674648880958557,1.0
2348,0.892395106111441,43.15979575685674,166.3168224671002,500.0,0.010000000707805157,0.032824672758579254,1.0
2349,2.0214814266235916,410.0320495265439,189.41643605637807,500.0,0.010000000707805157,0.24234387278556824,1.0
2350,2.7160608661489296,578.4322297561635,189.55531776204694,500.0,0.010000000707805157,0.45191270112991333,1.0
2351,1.7052250881312827,265.2116986664768,193.6197802206223,500.0,0.010000000707805157,0.20734432339668274,1.0
2352,3.263786292209367,707.8305970931767,189.56661150266,500.0,0.010000000707805157,0.6610934734344482,1.0
2353,2.7075081088113344,578.669198202908,189.41826213559318,500.0,0.010000000707805157,0.45027783513069153,1.0
2354,2.008649846498212,410.0160329740434,189.18697322058546,500.0,0.010000000707805157,0.2407006025314331,1.0
2355,2.292324827751749,314.6676717851496,201.13184633750407,500.0,0.010000000707805157,0.2818520963191986,1.0
2356,2.0059086456543085,409.38918103576486,189.13746951517007,500.0,0.010000000707805157,0.24043148756027222,1.0
2357,3.6103773204396767,602.2966327121114,195.76971200352307,500.0,0.010000000707805157,0.740815281867981,1.0
2358,1.7031046195007777,263.81431551242804,193.55607443509965,500.0,0.010000000707805157,0.20724672079086304,1.0
2359,3.2680226472728644,577.2228488920979,193.78473388869986,500.0,0.010000000707805157,0.6659526228904724,1.0
2360,2.7187789879323265,408.9975350471316,198.39661861940925,500.0,0.010000000707805157,0.4568130671977997,1.0
2361,2.717538094350503,409.15205105625677,198.4179239093048,500.0,0.010000000707805157,0.45656388998031616,1.0
2362,2.484417125597859,485.092377867688,190.62145760493996,500.0,0.010000000707805157,0.4156903624534607,1.0
2363,2.003489071109545,408.75496123068905,189.07038280256725,500.0,0.010000000707805157,0.24013423919677734,1.0
2364,3.8948598764586744,656.6441582733397,195.6038230202218,500.0,0.010000000707805157,0.9156330227851868,1.0
2365,3.4340323005442013,657.2562523661173,191.96016588737547,500.0,0.010000000707805157,0.6985635757446289,1.0
2366,2.0023692645205826,409.4293527177801,189.00124296641437,500.0,0.010000000707805157,0.23974870145320892,1.0
2367,3.2642232283824524,577.6733570073615,193.7380920115554,500.0,0.010000000707805157,0.6648175120353699,1.0
2368,2.6974663838195165,578.0178573158048,189.12394189533023,500.0,0.010000000707805157,0.4478340744972229,1.0
2369,0.8506547806261382,40.602216737297134,165.60233585551936,500.0,0.010000000707805157,0.031150449067354202,1.0
2370,2.2441013986674747,369.9445641449506,193.95779869636186,500.0,0.010000000707805157,0.382082998752594,1.0
2371,3.400852923703324,684.8930178487107,190.60989299868115,500.0,0.010000000707805157,0.7982721328735352,1.0
2372,1.6915223320261157,263.2178726258576,193.51805247519147,500.0,0.010000000707805157,0.20585699379444122,1.0
2373,3.7740665693029176,543.0084518485877,201.79064858472785,500.0,0.010000000707805157,0.782122790813446,1.0
2374,1.9961209333575416,408.76196129150424,188.88171269460426,500.0,0.010000000707805157,0.23901045322418213,1.0
2375,3.084194964719049,484.8328759775847,197.2442389357628,500.0,0.010000000707805157,0.6309254765510559,1.0
2376,0.8424401475768208,40.035824177701926,165.46026928522772,500.0,0.010000000707805157,0.030849600210785866,1.0
2377,2.235763105550345,369.85601916030663,193.95046157579978,500.0,0.010000000707805157,0.38038378953933716,1.0
2378,1.6858514902582875,262.8271422616335,193.51551035532577,500.0,0.010000000707805157,0.20509377121925354,1.0
2379,2.9120960153790727,513.1965856772738,193.45695588955175,500.0,0.010000000707805157,0.4889763295650482,1.0
2380,2.9114099410444165,513.3206603374556,193.44914505912575,500.0,0.010000000707805157,0.48874029517173767,1.0
2381,3.602814291210666,601.6421583664155,195.71895505081523,500.0,0.010000000707805157,0.7386528253555298,1.0
2382,3.258837960087081,576.2855163415629,193.67210801539065,500.0,0.010000000707805157,0.66313636302948,1.0
2383,3.0652982291632616,631.9644255486182,189.86025819223636,500.0,0.010000000707805157,0.6216444969177246,1.0
2384,0.8320692981565593,39.37342844458997,165.2473588002424,500.0,0.010000000707805157,0.030451461672782898,1.0
2385,3.7666808725265866,544.2832979211414,201.94863425036027,500.0,0.010000000707805157,0.7797322273254395,1.0
2386,2.9078576842293575,514.5951072576764,193.47611820348934,500.0,0.010000000707805157,0.48753821849823,1.0
2387,1.9909756104882892,407.60244052982983,188.72003524879247,500.0,0.010000000707805157,0.23826119303703308,1.0
2388,2.9067346132585223,514.3145995792987,193.42912131142407,500.0,0.010000000707805157,0.48719584941864014,1.0
2389,2.688852714009329,575.3281808039824,188.81651043733126,500.0,0.010000000707805157,0.4458317160606384,1.0
2390,2.236728827827932,368.3683864596229,193.88032952912553,500.0,0.010000000707805157,0.3804805874824524,1.0
2391,1.6825388117448818,261.71089328070445,193.4569813110702,500.0,0.010000000707805157,0.2048286497592926,1.0
2392,3.2562391789732135,575.3969351993974,193.57251720653267,500.0,0.010000000707805157,0.6620690822601318,1.0
2393,0.8169822310223777,38.47073882539756,164.99823581478293,500.0,0.010000000707805157,0.029864907264709473,1.0
2394,3.060490940034501,629.7357789626864,189.66304096740708,500.0,0.010000000707805157,0.6201950311660767,1.0
2395,2.8706276977353804,547.4594693892839,191.0833221518159,500.0,0.010000000707805157,0.5867519378662109,1.0
2396,1.979349551398345,406.66848623418963,188.53445450087926,500.0,0.010000000707805157,0.23694097995758057,1.0
2397,0.8074211182173378,37.87795182657679,164.86072196534198,500.0,0.010000000707805157,0.02948412299156189,1.0
2398,0.8020924048965042,37.58022667021047,164.8237420933214,500.0,0.010000000707805157,0.029271429404616356,1.0
2399,3.255834164137734,573.0432598527193,193.43268307121116,500.0,0.010000000707805157,0.6617184281349182,1.0
2400,2.4621044126480376,480.6145198582221,190.07250457207678,500.0,0.010000000707805157,0.4111115038394928,1.0
2401,3.080892367826958,481.7203935622412,197.16954584849466,500.0,0.010000000707805157,0.6286535859107971,1.0
2402,3.077622144293817,482.23656262714906,197.19173266082004,500.0,0.010000000707805157,0.627985954284668,1.0
2403,2.7030937019037338,407.21209649144953,198.4213752676737,500.0,0.010000000707805157,0.4532064199447632,1.0
2404,3.109412542718385,443.9695156588107,201.82179973731195,500.0,0.010000000707805157,0.529120147228241,1.0
2405,1.669102687872613,260.9938842971936,193.44247523372803,500.0,0.010000000707805157,0.2030564695596695,1.0
2406,3.233833947556312,700.1101013552118,188.70099653546472,500.0,0.010000000707805157,0.6527930498123169,1.0
2407,2.8621941371810475,545.9693924466274,190.9958776252124,500.0,0.010000000707805157,0.5843905210494995,1.0
2408,2.269714670229562,314.6603655990107,201.40881390628894,500.0,0.010000000707805157,0.27904021739959717,1.0
2409,2.2684637687291276,314.7206432666653,201.4462954004924,500.0,0.010000000707805157,0.27879250049591064,1.0
2410,3.249696373379403,573.2923665705564,193.46311074302386,500.0,0.010000000707805157,0.6601070165634155,1.0
2411,0.7909777518844803,36.816640863251465,164.55489546882134,500.0,0.010000000707805157,0.02887605130672455,1.0
2412,2.699812224268425,406.92094604765197,198.47349461244173,500.0,0.010000000707805157,0.45230570435523987,1.0
2413,3.7620273491849447,544.2111129838281,202.08035199524673,500.0,0.010000000707805157,0.7779545783996582,1.0
2414,3.248437600973217,573.6193384308044,193.52988132895587,500.0,0.010000000707805157,0.6595322489738464,1.0
2415,2.2619263261540534,316.08318430989704,201.6794939287535,500.0,0.010000000707805157,0.27766063809394836,1.0
2416,2.4602364520788114,479.5112561642164,190.0280449724476,500.0,0.010000000707805157,0.4102826416492462,1.0
2417,1.9731575371130627,403.9440145349615,188.35328856089384,500.0,0.010000000707805157,0.2362101972103119,1.0
2418,1.6628659536860437,259.9595681764478,193.4041501675538,500.0,0.010000000707805157,0.20228852331638336,1.0
2419,2.4569291859374927,478.5880289727132,189.9702391510306,500.0,0.010000000707805157,0.40971076488494873,1.0
2420,2.673786252711575,569.5644647267798,188.43222038329924,500.0,0.010000000707805157,0.4433397054672241,1.0
2421,2.2618491999137875,314.9124524168853,201.58631011576432,500.0,0.010000000707805157,0.2776903510093689,1.0
2422,1.9657249018074139,402.97522138037834,188.22565306404817,500.0,0.010000000707805157,0.2353648841381073,1.0
2423,2.894863183650025,510.1977556212476,193.15975950408944,500.0,0.010000000707805157,0.48474085330963135,1.0
2424,1.659990588643766,258.88331592570177,193.35948148063622,500.0,0.010000000707805157,0.2019360065460205,1.0
2425,3.7363006039587363,574.2296235925597,198.75322174143278,500.0,0.010000000707805157,0.8753236532211304,1.0
2426,3.245575825220958,571.8735867402123,193.42328889507212,500.0,0.010000000707805157,0.6583647131919861,1.0
2427,2.6928548797004077,407.2323003654286,198.59368491461686,500.0,0.010000000707805157,0.4506513476371765,1.0
2428,3.7157360299469055,699.6639095923915,191.79761338939474,500.0,0.010000000707805157,0.865770697593689,1.0
2429,2.6908246344490827,407.81027678880696,198.6231012662124,500.0,0.010000000707805157,0.4503461718559265,1.0
2430,3.242297094246546,572.9183920458426,193.45666606710202,500.0,0.010000000707805157,0.6575421094894409,1.0
2431,2.855258837601845,543.969202882495,190.84007636792668,500.0,0.010000000707805157,0.5817253589630127,1.0
2432,2.687809512680572,408.3039790306122,198.64419228073683,500.0,0.010000000707805157,0.4498470425605774,1.0
2433,3.0939765886323105,446.9366398954735,202.18936507373044,500.0,0.010000000707805157,0.5256413221359253,1.0
2434,1.6522063043471018,260.0313073085633,193.41186881778796,500.0,0.010000000707805157,0.20092317461967468,1.0
2435,2.674054167347747,568.8454577964353,188.32466990423254,500.0,0.010000000707805157,0.44279834628105164,1.0
2436,1.9642079784144528,402.7588131266614,188.12852587375588,500.0,0.010000000707805157,0.23493392765522003,1.0
2437,2.8897966626956264,511.07894378529016,193.2020185778372,500.0,0.010000000707805157,0.4835605025291443,1.0
2438,2.448414876824858,477.775304713961,189.779229125603,500.0,0.010000000707805157,0.40766677260398865,1.0
2439,3.4085389571698705,650.2904207459063,191.29624142672589,500.0,0.010000000707805157,0.6903989911079407,1.0
2440,2.888005799417163,511.4857817225396,193.1434088276031,500.0,0.010000000707805157,0.4830110967159271,1.0
2441,2.8874088571008656,511.6086871583983,193.13722266034256,500.0,0.010000000707805157,0.48278528451919556,1.0
2442,0.756972456664641,34.71323507224806,163.78230679018534,500.0,0.010000000707805157,0.027600817382335663,1.0
2443,3.041803990218253,623.9472154350062,189.0794468235773,500.0,0.010000000707805157,0.6139045357704163,1.0
2444,3.4046488083522988,650.5386225565334,191.17553695980223,500.0,0.010000000707805157,0.6889170408248901,1.0
2445,3.706917583141385,700.2551494497184,191.55959562482954,500.0,0.010000000707805157,0.8620260953903198,1.0
2446,2.2515141850259366,316.83485946147425,201.82510218912586,500.0,0.010000000707805157,0.27612534165382385,1.0
2447,2.2072343614743506,364.335597659856,193.693897397569,500.0,0.010000000707805157,0.37408447265625,1.0
2448,2.685765757814514,407.7199051958066,198.66277723317742,500.0,0.010000000707805157,0.4491017758846283,1.0
2449,2.684630387211956,407.88784490514297,198.68698601676363,500.0,0.010000000707805157,0.44885674118995667,1.0
2450,2.660893405134271,568.852315064843,187.99871825131675,500.0,0.010000000707805157,0.4395560026168823,1.0
2451,0.7469432930028169,34.08241623903016,163.5401963803867,500.0,0.010000000707805157,0.027221370488405228,1.0
2452,1.950112654132119,402.09947363310954,187.78688783836557,500.0,0.010000000707805157,0.23284447193145752,1.0
2453,1.9480438733951626,401.86316010264017,187.7497494116259,500.0,0.010000000707805157,0.23259907960891724,1.0
2454,2.687014802478958,406.37546476731467,198.62376275341813,500.0,0.010000000707805157,0.44899195432662964,1.0
2455,2.8822029684487065,510.18162557422414,192.9672130545617,500.0,0.010000000707805157,0.48142141103744507,1.0
2456,3.235350799236785,570.98003520036,193.19132653193344,500.0,0.010000000707805157,0.654613733291626,1.0
2457,3.0601873339339223,480.9056405416826,197.33768664735447,500.0,0.010000000707805157,0.6218446493148804,1.0
2458,3.5503180352520274,626.7503218589546,193.38929601537092,500.0,0.010000000707805157,0.8272839784622192,1.0
2459,1.948422213672374,401.9931651856807,187.72538808377,500.0,0.010000000707805157,0.23250919580459595,1.0
2460,2.246042237652389,316.8094104706707,201.93439456450392,500.0,0.010000000707805157,0.2753300070762634,1.0
2461,3.7466479014443306,548.2447858577575,202.46311125383238,500.0,0.010000000707805157,0.77245032787323,1.0
2462,3.415183837122414,517.0168688017917,200.2978620983812,500.0,0.010000000707805157,0.6955244541168213,1.0
2463,2.879169270470795,511.9087021725968,193.12608254446766,500.0,0.010000000707805157,0.48033952713012695,1.0
2464,2.677282968510701,408.8794120939782,198.88513135391062,500.0,0.010000000707805157,0.4470106363296509,1.0
2465,2.2389084549000544,318.83361744982614,202.2478989474128,500.0,0.010000000707805157,0.2739901542663574,1.0
2466,1.9518875432766014,401.20989446999073,187.69817958074057,500.0,0.010000000707805157,0.23273541033267975,1.0
2467,1.9497889141840616,400.9696544626295,187.66090477313318,500.0,0.010000000707805157,0.23248329758644104,1.0
2468,3.549866202608321,626.5093425304726,193.43113074056572,500.0,0.010000000707805157,0.8261932730674744,1.0
2469,1.63797303921867,257.50767906652294,193.30125622504607,500.0,0.010000000707805157,0.19919125735759735,1.0
2470,1.6365354437495807,257.35733290083624,193.30053906607134,500.0,0.010000000707805157,0.19897447526454926,1.0
2471,3.035195663604617,620.810469887937,188.79152274796422,500.0,0.010000000707805157,0.6109198331832886,1.0
2472,0.7222429654033763,32.59561714920684,163.05574079013508,500.0,0.010000000707805157,0.026305459439754486,1.0
2473,2.4352282890730472,474.39082272246407,189.36359916303596,500.0,0.010000000707805157,0.4043246805667877,1.0
2474,2.433763145830815,474.297235736084,189.34700052158828,500.0,0.010000000707805157,0.40405845642089844,1.0
2475,2.2388366143764635,317.19721800622136,202.12952535616432,500.0,0.010000000707805157,0.2740778625011444,1.0
2476,3.3958348085345205,647.2320792520078,190.96955518733574,500.0,0.010000000707805157,0.68544602394104,1.0
2477,3.2280752209957595,570.2574671851531,193.17576608464273,500.0,0.010000000707805157,0.6519073843955994,1.0
2478,2.2370588411841412,317.76329106161796,202.19613537612412,500.0,0.010000000707805157,0.2737257778644562,1.0
2479,1.6313885252335196,256.42615231898867,193.26423982643794,500.0,0.010000000707805157,0.19828088581562042,1.0
2480,2.4320530319544535,473.55780212324106,189.2746622372821,500.0,0.010000000707805157,0.4035741090774536,1.0
2481,2.6748720265353376,406.95724475766644,198.84200516392596,500.0,0.010000000707805157,0.4459247589111328,1.0
2482,3.4124686038570866,516.1017688604899,200.36585991944042,500.0,0.010000000707805157,0.693751335144043,1.0
2483,0.7078669096832046,31.743933821867422,162.80012517625136,500.0,0.010000000707805157,0.025768442079424858,1.0
2484,2.233410578784665,317.84707938085376,202.31076415466927,500.0,0.010000000707805157,0.2730843126773834,1.0
2485,3.3949048050545345,646.0500352312016,190.96501263908482,500.0,0.010000000707805157,0.6847224235534668,1.0
2486,2.2321456808287454,318.16191352573486,202.35600457294248,500.0,0.010000000707805157,0.2727924585342407,1.0
2487,2.2310898532094963,318.2516840298906,202.39448956000552,500.0,0.010000000707805157,0.27256277203559875,1.0
2488,3.8467327129364985,759.0667167791329,190.0478097176462,500.0,0.010000000707805157,0.8901904821395874,1.0
2489,1.629086827990333,255.56901451414436,193.2315226445401,500.0,0.010000000707805157,0.1979655623435974,1.0
2490,3.0294212620774115,617.6573040719119,188.51449126235096,500.0,0.010000000707805157,0.6086485385894775,1.0
2491,2.2309856064516946,318.23881280415355,202.371261096617,500.0,0.010000000707805157,0.2725405693054199,1.0
2492,2.430165516370918,472.1795246273737,189.1271268907826,500.0,0.010000000707805157,0.4028220474720001,1.0
2493,1.932092302628268,398.0351446024181,187.2585464617075,500.0,0.010000000707805157,0.2300969511270523,1.0
2494,2.6726826876053678,406.5705595736496,198.9264157832424,500.0,0.010000000707805157,0.44495826959609985,1.0
2495,3.0766986536486227,449.30334046323657,202.7048290191102,500.0,0.010000000707805157,0.5197055339813232,1.0
2496,2.6704405248427334,407.1781275627726,199.01005230810244,500.0,0.010000000707805157,0.44443023204803467,1.0
2497,2.868127164040411,508.88702295202717,192.9784178439624,500.0,0.010000000707805157,0.4770969748497009,1.0
2498,2.4300178603479425,471.43977409482267,189.08138135613416,500.0,0.010000000707805157,0.4025793969631195,1.0
2499,2.226661956381776,318.7330628223837,202.51657214427212,500.0,0.010000000707805157,0.27170565724372864,1.0
2500,3.048286270051002,479.8667321198155,197.5749833685523,500.0,0.010000000707805157,0.616606593132019,1.0
2501,2.839194866036002,535.3206588706903,190.15076917226372,500.0,0.010000000707805157,0.5745970010757446,1.0
2502,2.6450584366908916,561.2706434895329,187.33152182761637,500.0,0.010000000707805157,0.43523645401000977,1.0
2503,2.425188890819918,471.26818706557464,189.03837695141408,500.0,0.010000000707805157,0.40161025524139404,1.0
2504,1.6187490492338321,254.86130513599537,193.21826793120553,500.0,0.010000000707805157,0.1965305656194687,1.0
2505,3.074267175336985,449.7688773532318,202.7864983807498,500.0,0.010000000707805157,0.5191322565078735,1.0
2506,2.6659740971455617,407.3071465625877,199.0640634352385,500.0,0.010000000707805157,0.4433201551437378,1.0
2507,1.9291120514301823,396.44890681347135,187.14833211299762,500.0,0.010000000707805157,0.22962740063667297,1.0
2508,3.023036204251778,614.9147639230919,188.32771664568858,500.0,0.010000000707805157,0.6064379811286926,1.0
2509,2.2247277628490565,318.64777164074104,202.54375230422215,500.0,0.010000000707805157,0.2714672088623047,1.0
2510,3.6917755750453294,692.5866444505632,191.17875089521198,500.0,0.010000000707805157,0.8532448410987854,1.0
2511,3.071261296306439,450.8256047297725,202.88556939521314,500.0,0.010000000707805157,0.5182167887687683,1.0
2512,1.6166093834478732,254.5077612611016,193.2068726943877,500.0,0.010000000707805157,0.19624148309230804,1.0
2513,0.6715015674138727,29.632151379756927,162.0614241063189,500.0,0.010000000707805157,0.024406416341662407,1.0
2514,3.729380801019928,552.3963175649349,203.07766536479167,500.0,0.010000000707805157,0.764526903629303,1.0
2515,2.4249144709698376,469.7746070462607,188.94664502883325,500.0,0.010000000707805157,0.4011119604110718,1.0
2516,0.6681584256296551,29.45020169741162,161.99986301519382,500.0,0.010000000707805157,0.02428422123193741,1.0
2517,2.184405693041049,358.0982983181989,193.49254737292188,500.0,0.010000000707805157,0.36779141426086426,1.0
2518,1.9243974859214694,394.9103029674748,187.01473668493676,500.0,0.010000000707805157,0.2289561778306961,1.0
2519,2.4210622944912843,468.5283065606416,188.89213674928286,500.0,0.010000000707805157,0.40040773153305054,1.0
2520,1.9211944062782436,394.63021544270526,186.95954915024691,500.0,0.010000000707805157,0.2285555899143219,1.0
2521,3.0181486620400775,612.1917557788757,188.15462831490012,500.0,0.010000000707805157,0.6048245429992676,1.0
2522,1.9174752800003247,394.709738219359,186.89023173231706,500.0,0.010000000707805157,0.22802947461605072,1.0
2523,2.221260678651177,318.1262178329071,202.6017525648801,500.0,0.010000000707805157,0.2707075774669647,1.0
2524,3.538397537323238,619.4747958764375,193.1478291783007,500.0,0.010000000707805157,0.8187252879142761,1.0
2525,2.415624730225368,468.18997451342096,188.79169879667927,500.0,0.010000000707805157,0.3992951512336731,1.0
2526,1.6072618295626757,253.1638710950085,193.16923444599578,500.0,0.010000000707805157,0.19485148787498474,1.0
2527,4.146620217008694,677.6466238872802,197.21770844624072,500.0,0.010000000707805157,0.969963550567627,1.0
2528,1.9167234142018865,394.56147780668874,186.83574157260614,500.0,0.010000000707805157,0.2277735471725464,1.0
2529,3.376540362392557,541.2343609204668,196.77800524686006,500.0,0.010000000707805157,0.7847948670387268,1.0
2530,2.2178146702754296,319.3096059438307,202.75679560251746,500.0,0.010000000707805157,0.27022188901901245,1.0
2531,2.4141568756160323,467.95174007160296,188.7805725020869,500.0,0.010000000707805157,0.39880841970443726,1.0
2532,2.2172327629825155,319.2232744062266,202.77009423491532,500.0,0.010000000707805157,0.27009105682373047,1.0
2533,1.6037776816874287,253.10910669291667,193.18230114105725,500.0,0.010000000707805157,0.19434192776679993,1.0
2534,2.857822236991329,506.06651913618094,192.84101477865465,500.0,0.010000000707805157,0.47429388761520386,1.0
2535,3.5582480456262577,598.5723279637613,195.68314496066625,500.0,0.010000000707805157,0.7208235263824463,1.0
2536,3.379388762821171,641.8971677240834,190.61136636025344,500.0,0.010000000707805157,0.6781886219978333,1.0
2537,3.0130362673992424,611.6132214516074,187.98335719299905,500.0,0.010000000707805157,0.6025673151016235,1.0
2538,2.2149656915338607,319.94485159283425,202.8609708667485,500.0,0.010000000707805157,0.26955702900886536,1.0
2539,2.657306895008174,407.1545756176118,199.2516639031481,500.0,0.010000000707805157,0.44049689173698425,1.0
2540,1.6026083659615715,252.79668089177954,193.16408723309186,500.0,0.010000000707805157,0.1942104548215866,1.0
2541,2.4114580032380846,467.0057050017862,188.6660790819599,500.0,0.010000000707805157,0.3979592025279999,1.0
2542,2.6561079806113015,406.9083329260703,199.2509574779679,500.0,0.010000000707805157,0.44014811515808105,1.0
2543,0.6368792083954292,27.613352037624196,161.35794794718657,500.0,0.010000000707805157,0.023123763501644135,1.0
2544,3.0640114608428677,451.84531246191057,203.19754625568464,500.0,0.010000000707805157,0.515401303768158,1.0
2545,1.600001246633227,252.32585203054055,193.16059453372108,500.0,0.010000000707805157,0.19375835359096527,1.0
2546,1.9113293602528072,392.105228911419,186.6581749016699,500.0,0.010000000707805157,0.2269485890865326,1.0
2547,2.6553573286651897,406.4331612119329,199.29666284218945,500.0,0.010000000707805157,0.4396229386329651,1.0
2548,3.033634231141419,478.1680548107747,197.74284031388044,500.0,0.010000000707805157,0.610264003276825,1.0
2549,1.5961852413892659,252.27775622910363,193.17687449924907,500.0,0.010000000707805157,0.19317278265953064,1.0
2550,2.2097720538427503,319.9503942389481,203.04861136018437,500.0,0.010000000707805157,0.2685868740081787,1.0
2551,1.5952538056215455,251.98931110959094,193.17264026303505,500.0,0.010000000707805157,0.19298683106899261,1.0
2552,1.5940626658976267,251.87926936868465,193.1742072472853,500.0,0.010000000707805157,0.1927891969680786,1.0
2553,2.4083241152224084,463.8558206585849,188.63101340458746,500.0,0.010000000707805157,0.3971165418624878,1.0
2554,3.5554928869684224,596.726447906309,195.77009907652138,500.0,0.010000000707805157,0.7193498611450195,1.0
2555,2.20797184614474,320.0186866718703,203.1138626085486,500.0,0.010000000707805157,0.2682057023048401,1.0
2556,3.208520510939974,563.4143429209664,193.08535398490864,500.0,0.010000000707805157,0.6428903937339783,1.0
2557,3.6670374071490537,781.57117754952,186.78765723947177,500.0,0.010000000707805157,0.8404589891433716,1.0
2558,3.721982584811611,554.9479426437198,203.4772034054722,500.0,0.010000000707805157,0.7601643204689026,1.0
2559,4.133205831847363,680.7307492731181,197.5769299375446,500.0,0.010000000707805157,0.9627335071563721,1.0
2560,3.374811035091413,640.9424179349097,190.58127018220932,500.0,0.010000000707805157,0.6752238869667053,1.0
2561,2.6479821296995567,408.72614790595344,199.5609945078425,500.0,0.010000000707805157,0.43776190280914307,1.0
2562,2.2027008686255733,322.7357251494848,203.40478305115937,500.0,0.010000000707805157,0.2670425474643707,1.0
2563,3.012795860252722,608.2206431440201,187.77491363688677,500.0,0.010000000707805157,0.6007575988769531,1.0
2564,1.5937022003173493,251.87449654889926,193.1556846027005,500.0,0.010000000707805157,0.19287635385990143,1.0
2565,2.6468713588722173,408.5280756502951,199.57522572660253,500.0,0.010000000707805157,0.43736183643341064,1.0
2566,3.0251647932940373,479.8794600672238,197.95146989132184,500.0,0.010000000707805157,0.6074995994567871,1.0
2567,1.590110003546786,252.07404183813193,193.18659513311061,500.0,0.010000000707805157,0.19232210516929626,1.0
2568,2.4060822274733504,464.5266313423202,188.51572095417274,500.0,0.010000000707805157,0.39595550298690796,1.0
2569,2.8479318611536284,506.30650858720054,192.95093931600204,500.0,0.010000000707805157,0.4706973433494568,1.0
2570,1.5881666157483763,251.7956158242623,193.18023371922285,500.0,0.010000000707805157,0.19201849400997162,1.0
2571,3.202328324322847,564.9516293850389,193.11454674011688,500.0,0.010000000707805157,0.6404125094413757,1.0
2572,3.2016260833588843,565.2419994008799,193.12006948668284,500.0,0.010000000707805157,0.6401898860931396,1.0
2573,3.2009366486813726,565.5280481388767,193.12552129755798,500.0,0.010000000707805157,0.6399685144424438,1.0
2574,2.8122802026297595,528.3746348758002,189.64270689784107,500.0,0.010000000707805157,0.5646490454673767,1.0
2575,3.6738297427802338,688.118788964127,190.97183247445608,500.0,0.010000000707805157,0.8432773351669312,1.0
2576,3.5151544947155657,620.1527932751355,193.2413451535073,500.0,0.010000000707805157,0.8085895776748657,1.0
2577,3.513096851412704,620.7217227752004,193.25747292169868,500.0,0.010000000707805157,0.8080299496650696,1.0
2578,3.0001738372365305,608.8959355470439,187.70277632590953,500.0,0.010000000707805157,0.5971204042434692,1.0
2579,2.2011414974752666,323.7281117693705,203.49066945427364,500.0,0.010000000707805157,0.26702457666397095,1.0
2580,3.1952263914716243,567.1888646927574,193.1120968125978,500.0,0.010000000707805157,0.6383986473083496,1.0
2581,2.8442403847300723,508.16475216916933,192.92820962685084,500.0,0.010000000707805157,0.46957069635391235,1.0
2582,0.612818148016562,26.06834060521381,160.54289527486674,500.0,0.010000000707805157,0.02231074869632721,1.0
2583,2.6202193870369666,553.3198676098891,186.389548350066,500.0,0.010000000707805157,0.4275819957256317,1.0
2584,2.1999541657590873,323.650716988684,203.52739841068248,500.0,0.010000000707805157,0.2666146755218506,1.0
2585,2.1481421396874185,355.8454539538121,193.46884882075307,500.0,0.010000000707805157,0.3594832420349121,1.0
2586,1.899358364490074,390.77397337425066,186.24028319330162,500.0,0.010000000707805157,0.22447453439235687,1.0
2587,1.5762870759725696,251.81345061972226,193.21179338750298,500.0,0.010000000707805157,0.19034749269485474,1.0
2588,2.3920155363689592,463.88882614516706,188.31956952769846,500.0,0.010000000707805157,0.3927077054977417,1.0
2589,2.6381808838998424,408.8756742754985,199.65106658297807,500.0,0.010000000707805157,0.4349817931652069,1.0
2590,3.3812273266174424,521.40145096172,201.32193448625077,500.0,0.010000000707805157,0.6798003315925598,1.0
2591,3.0495270288203544,457.67771712529907,203.85866374455,500.0,0.010000000707805157,0.5107752680778503,1.0
2592,1.8994631221670282,389.79537494549766,186.20826010641997,500.0,0.010000000707805157,0.22444012761116028,1.0
2593,3.5419502559552667,601.4493959306844,196.00116240812304,500.0,0.010000000707805157,0.71306973695755,1.0
2594,2.3936959852936766,463.5636166459789,188.29437494335923,500.0,0.010000000707805157,0.39265817403793335,1.0
2595,2.3923248255332004,463.4587693055905,188.27912955200068,500.0,0.010000000707805157,0.3923943042755127,1.0
2596,2.196140314635858,324.14592611287526,203.7035534459588,500.0,0.010000000707805157,0.2657226622104645,1.0
2597,1.8961629614408795,389.32472465788004,186.11599760003978,500.0,0.010000000707805157,0.22388586401939392,1.0
2598,3.3636890922172813,638.7263019562054,190.36043403377064,500.0,0.010000000707805157,0.6705318093299866,1.0
2599,1.5730823700320842,250.96468290695597,193.18896171334953,500.0,0.010000000707805157,0.189793199300766,1.0
2600,3.3288369942705365,654.7850865122922,188.30428764532576,500.0,0.010000000707805157,0.7627696990966797,1.0
2601,2.6099717654782726,550.7045616702827,186.11602609771526,500.0,0.010000000707805157,0.4251289367675781,1.0
2602,2.3858770640632567,462.9403916456841,188.13559857580415,500.0,0.010000000707805157,0.39101317524909973,1.0
2603,2.384557750378499,462.83990462611854,188.12081154583515,500.0,0.010000000707805157,0.39075714349746704,1.0
2604,2.604224393086944,550.6319555792826,186.02802324130914,500.0,0.010000000707805157,0.42398786544799805,1.0
2605,2.7918005201290486,526.1809854260771,189.30756650402338,500.0,0.010000000707805157,0.5584437251091003,1.0
2606,2.6364235625694357,408.36657031737553,199.65948839194067,500.0,0.010000000707805157,0.4340064525604248,1.0
2607,2.1982215544821453,323.075664337769,203.55715065510006,500.0,0.010000000707805157,0.26604369282722473,1.0
2608,1.8843429388662563,388.9574340591749,185.8785187002008,500.0,0.010000000707805157,0.2221396416425705,1.0
2609,1.8827503201055436,388.75921692658403,185.84582329749372,500.0,0.010000000707805157,0.2219240367412567,1.0
2610,1.5654470430813172,250.0405959539173,193.16063454060745,500.0,0.010000000707805157,0.18863192200660706,1.0
2611,2.636718669404723,407.56630600419317,199.66478822482307,500.0,0.010000000707805157,0.43369531631469727,1.0
2612,2.1972827357140865,322.62848579642406,203.57851051161924,500.0,0.010000000707805157,0.2657258212566376,1.0
2613,2.635719335566183,407.7497084372388,199.71900081616278,500.0,0.010000000707805157,0.4333280324935913,1.0
2614,0.5687023736224226,23.659753235382613,159.72378014083776,500.0,0.010000000707805157,0.020648030564188957,1.0
2615,3.052884011757399,456.3066076732222,203.86750206222942,500.0,0.010000000707805157,0.5103033185005188,1.0
2616,1.882359680043797,386.85611247247016,185.79960268396582,500.0,0.010000000707805157,0.22189703583717346,1.0
2617,2.8354664686119158,503.6368082872647,192.67721283565132,500.0,0.010000000707805157,0.4663994014263153,1.0
2618,2.981982912653479,601.0154793210168,187.12324746611984,500.0,0.010000000707805157,0.5910321474075317,1.0
2619,2.5971680892031515,547.2950502534219,185.8030523790497,500.0,0.010000000707805157,0.42233824729919434,1.0
2620,1.5632590889828035,248.9505215162755,193.12395750893515,500.0,0.010000000707805157,0.18816953897476196,1.0
2621,2.833971231229429,503.3769982291996,192.57230430099276,500.0,0.010000000707805157,0.4659300446510315,1.0
2622,3.384656617481735,519.7380911802272,201.4062029931248,500.0,0.010000000707805157,0.6779706478118896,1.0
2623,2.833454503142245,503.91937810077127,192.62954634889158,500.0,0.010000000707805157,0.4655606150627136,1.0
2624,0.5572753618359604,23.06376491734631,159.45959237112524,500.0,0.010000000707805157,0.02021845430135727,1.0
2625,2.6353318106035486,407.34724036058486,199.8161624114563,500.0,0.010000000707805157,0.43248412013053894,1.0
2626,1.8765130166162711,386.02598055418514,185.62542246525254,500.0,0.010000000707805157,0.22084692120552063,1.0
2627,2.192868517399804,323.13974959687926,203.79523735715384,500.0,0.010000000707805157,0.26435428857803345,1.0
2628,2.9790123487054165,599.178776847209,186.976371221849,500.0,0.010000000707805157,0.5897266864776611,1.0
2629,3.1871082395640293,560.9896229846039,192.79240343120023,500.0,0.010000000707805157,0.63300621509552,1.0
2630,2.3757984328575787,458.6077007692638,187.78746718529706,500.0,0.010000000707805157,0.3881622850894928,1.0
2631,2.3745016586881444,458.5249226855798,187.77373316301356,500.0,0.010000000707805157,0.3879055678844452,1.0
2632,2.193325035134792,322.9932970877018,203.76893821674426,500.0,0.010000000707805157,0.2644100785255432,1.0
2633,2.5901145700226214,545.2559552682546,185.58919433243682,500.0,0.010000000707805157,0.4204486310482025,1.0
2634,3.5394256867256293,597.9882048870418,195.72992320175197,500.0,0.010000000707805157,0.7093636989593506,1.0
2635,1.5595646261725962,247.8373888690011,193.08708705850208,500.0,0.010000000707805157,0.18749861419200897,1.0
2636,2.6344894401022407,406.9969273628465,199.8488920761556,500.0,0.010000000707805157,0.4317934513092041,1.0
2637,2.1349000347532043,350.1487509380529,193.31744041173437,500.0,0.010000000707805157,0.3548615574836731,1.0
2638,0.5412359942704591,22.19160744617253,159.13213965569454,500.0,0.010000000707805157,0.019625134766101837,1.0
2639,2.8301591818681064,502.0640632480711,192.55464165254455,500.0,0.010000000707805157,0.46426478028297424,1.0
2640,2.1912005293989854,323.2234751561788,203.8808372713191,500.0,0.010000000707805157,0.26378217339515686,1.0
2641,2.7864085035716872,519.4547937500727,188.98208300182276,500.0,0.010000000707805157,0.5548882484436035,1.0
2642,1.554514543730406,247.52784341986413,193.11087809572354,500.0,0.010000000707805157,0.18662035465240479,1.0
2643,2.5869139943148114,542.9536561449545,185.48702123618074,500.0,0.010000000707805157,0.41976550221443176,1.0
2644,2.1916497037920784,322.81432374046574,203.8466776125427,500.0,0.010000000707805157,0.26383253931999207,1.0
2645,1.865624776919331,383.67299345310494,185.35050496425546,500.0,0.010000000707805157,0.21914447844028473,1.0
2646,2.5832963763985535,542.5177944925854,185.4035695513267,500.0,0.010000000707805157,0.4189104437828064,1.0
2647,2.827986522241267,501.12862769495973,192.43616933854625,500.0,0.010000000707805157,0.46340861916542053,1.0
2648,1.5542627014929749,246.54801808793792,193.05482600053435,500.0,0.010000000707805157,0.1864979863166809,1.0
2649,2.782073157656603,518.0135919285389,188.86349393260102,500.0,0.010000000707805157,0.5534846186637878,1.0
2650,1.8604831281399163,383.3291967467913,185.24548070531117,500.0,0.010000000707805157,0.2183782458305359,1.0
2651,1.551329007263457,246.4137951567396,193.06251782021906,500.0,0.010000000707805157,0.1860220581293106,1.0
2652,2.634266352840144,405.0944493001646,199.8008676250751,500.0,0.010000000707805157,0.4309210777282715,1.0
2653,3.0106100768205475,474.4206149450829,198.07781431515883,500.0,0.010000000707805157,0.5978342890739441,1.0
2654,2.191151839498448,322.38700246613047,203.86104471176554,500.0,0.010000000707805157,0.2635993957519531,1.0
2655,3.7211145574552495,559.3901690912089,204.18838248577515,500.0,0.010000000707805157,0.7531286478042603,1.0
2656,2.366595732274468,454.7680085031674,187.5646529539168,500.0,0.010000000707805157,0.3855142593383789,1.0
2657,2.1887151889861545,323.3507361391497,204.0172706175856,500.0,0.010000000707805157,0.2629839777946472,1.0
2658,0.5182175912038,20.97488201534661,158.68213527120375,500.0,0.010000000707805157,0.018774429336190224,1.0
2659,1.8611961427992658,381.4863226258357,185.20352111950788,500.0,0.010000000707805157,0.2183941900730133,1.0
2660,1.5487298138990875,245.8959330166586,193.0744810219891,500.0,0.010000000707805157,0.1854541301727295,1.0
2661,1.5477534150974297,245.8223452628944,193.07907822044425,500.0,0.010000000707805157,0.185275137424469,1.0
2662,3.5006791298570463,608.389765588082,192.86033594008688,500.0,0.010000000707805157,0.7965676784515381,1.0
2663,2.8260713492665888,499.23130096253664,192.5102222243387,500.0,0.010000000707805157,0.4626006484031677,1.0
2664,2.363101191415904,453.1960450618698,187.4952637579809,500.0,0.010000000707805157,0.3846130073070526,1.0
2665,2.6296378609717643,405.67028307419406,199.9796332453375,500.0,0.010000000707805157,0.42922458052635193,1.0
2666,3.3440836547579504,628.2448318280861,189.78478729836687,500.0,0.010000000707805157,0.6621870398521423,1.0
2667,2.8247567085477736,499.62598227864436,192.4937200083242,500.0,0.010000000707805157,0.4619889259338379,1.0
2668,1.5446129393867383,245.8266384093966,193.09284705569846,500.0,0.010000000707805157,0.1848134845495224,1.0
2669,3.49743196719607,608.8167023312398,192.8594492796905,500.0,0.010000000707805157,0.7950657606124878,1.0
2670,1.856537002202091,380.8080079142345,185.08437111506402,500.0,0.010000000707805157,0.21755963563919067,1.0
2671,2.8239216964165963,499.44144693406616,192.47389185822627,500.0,0.010000000707805157,0.4616750180721283,1.0
2672,2.121625975808184,347.32841835436415,193.29213480492493,500.0,0.010000000707805157,0.3507523834705353,1.0
2673,2.6274166139927506,406.0417858863894,200.04246876608468,500.0,0.010000000707805157,0.4284340441226959,1.0
2674,3.8238344163624083,644.520721575089,195.53963858933508,500.0,0.010000000707805157,0.8721505403518677,1.0
2675,2.1174263315646655,347.90785237068803,193.33603836272107,500.0,0.010000000707805157,0.34988659620285034,1.0
2676,3.0493613340223984,458.5630407301542,204.39685913365633,500.0,0.010000000707805157,0.5061986446380615,1.0
2677,2.184445247336414,324.6889849053281,204.30673509035523,500.0,0.010000000707805157,0.2618004083633423,1.0
2678,2.359428201801479,452.4336825102311,187.44937519161718,500.0,0.010000000707805157,0.3832777738571167,1.0
2679,1.8564258039967543,379.76736357051897,185.03681383239632,500.0,0.010000000707805157,0.21739034354686737,1.0
2680,1.5377727400245356,245.79944350882806,193.14711686051908,500.0,0.010000000707805157,0.18366870284080505,1.0
2681,2.5756222954923174,536.5446997984226,185.08096219606725,500.0,0.010000000707805157,0.4164828956127167,1.0
2682,2.5730048011931914,536.7634102587648,185.03700007515388,500.0,0.010000000707805157,0.4158586263656616,1.0
2683,2.115928793029008,346.8417567291047,193.30599468084577,500.0,0.010000000707805157,0.3492121398448944,1.0
2684,2.6250708990616545,406.0519360267359,200.10951391275668,500.0,0.010000000707805157,0.4274002015590668,1.0
2685,0.4938560404095404,19.635958565055795,158.10104321676795,500.0,0.010000000707805157,0.01789555512368679,1.0
2686,2.353376458602931,450.98378976277274,187.3376705035554,500.0,0.010000000707805157,0.3819314241409302,1.0
2687,3.051651557118041,457.60861511055384,204.38349856860827,500.0,0.010000000707805157,0.5061506628990173,1.0
2688,2.1130880727982575,346.6517863972634,193.32627763113942,500.0,0.010000000707805157,0.3483480215072632,1.0
2689,3.534778160220931,594.4762090624831,195.91515564546276,500.0,0.010000000707805157,0.7048189640045166,1.0
2690,1.5329867005039317,245.35508123502808,193.16160670633718,500.0,0.010000000707805157,0.18281255662441254,1.0
2691,2.8210654107873,498.04570107921853,192.54320254620194,500.0,0.010000000707805157,0.4603172838687897,1.0
2692,2.9978326264374053,474.9056842540164,198.39945951929954,500.0,0.010000000707805157,0.5916136503219604,1.0
2693,3.047853439669742,459.43691408441833,204.59144249169813,500.0,0.010000000707805157,0.5047891736030579,1.0
2694,1.852309404890002,377.8212686608701,184.89346660059837,500.0,0.010000000707805157,0.21660634875297546,1.0
2695,1.531570433002152,245.16333585587964,193.17184777241363,500.0,0.010000000707805157,0.18251413106918335,1.0
2696,2.996078362324705,475.11254643009784,198.45675898957163,500.0,0.010000000707805157,0.590781033039093,1.0
2697,1.5291195565931301,245.34578897123555,193.20421921416715,500.0,0.010000000707805157,0.18211309611797333,1.0
2698,2.573061864589105,533.1709269363653,184.9484788701357,500.0,0.010000000707805157,0.4156504273414612,1.0
2699,2.3501792281514438,449.55572908622236,187.29986556685412,500.0,0.010000000707805157,0.38075965642929077,1.0
2700,2.569086188161653,533.3065666204109,184.88710367966414,500.0,0.010000000707805157,0.41475212574005127,1.0
2701,3.0497640027970925,458.91014876058034,204.57311762584908,500.0,0.010000000707805157,0.5048756003379822,1.0
2702,2.950448208433225,587.0715378833581,186.2961353866931,500.0,0.010000000707805157,0.5791304707527161,1.0
2703,3.1166034387842316,568.1656938664363,189.55142230340581,500.0,0.010000000707805157,0.7095077037811279,1.0
2704,2.94566279929029,587.6765549655858,186.28098513727744,500.0,0.010000000707805157,0.5779417753219604,1.0
2705,2.3432502434860107,450.1253358131613,187.21774955257163,500.0,0.010000000707805157,0.37921130657196045,1.0
2706,2.3420862398621174,450.05400387692043,187.2054596854664,500.0,0.010000000707805157,0.37896549701690674,1.0
2707,1.5218325448135066,245.1886249157189,193.21985087126905,500.0,0.010000000707805157,0.18101751804351807,1.0
2708,1.520957272532296,245.12039399084617,193.22551691306586,500.0,0.010000000707805157,0.18084892630577087,1.0
2709,1.8402955083829184,376.66884595038067,184.67193857687275,500.0,0.010000000707805157,0.21483448147773743,1.0
2710,0.4717114176038495,18.43008180496737,157.54915884808437,500.0,0.010000000707805157,0.017093803733587265,1.0
2711,2.6203460492373707,405.27192913848927,200.18858099039647,500.0,0.010000000707805157,0.42509356141090393,1.0
2712,2.9916684758910432,473.7740042071076,198.39415673309765,500.0,0.010000000707805157,0.5886349678039551,1.0
2713,2.8175388911524797,496.0928368518057,192.42646533384487,500.0,0.010000000707805157,0.45909133553504944,1.0
2714,2.559271259073355,531.7460453684241,184.70330898866837,500.0,0.010000000707805157,0.412506639957428,1.0
2715,2.0956321617786955,345.81436460221266,193.39019892700998,500.0,0.010000000707805157,0.34386155009269714,1.0
2716,3.5341482290034976,592.7380914304166,195.842541232507,500.0,0.010000000707805157,0.7034440636634827,1.0
2717,2.8163947658647217,496.45909601438206,192.41393176284154,500.0,0.010000000707805157,0.45847287774086,1.0
2718,2.183358714015493,324.4106133185995,204.45437638254356,500.0,0.010000000707805157,0.2607610821723938,1.0
2719,1.8379660524801862,375.6023153302708,184.55962051667208,500.0,0.010000000707805157,0.21423707902431488,1.0
2720,0.4631987161696468,17.995385052045798,157.33465011964816,500.0,0.010000000707805157,0.016786977648735046,1.0
2721,2.555955565254505,530.6578870675711,184.58785649103848,500.0,0.010000000707805157,0.4114612638950348,1.0
2722,3.675767433938242,574.1284111911865,200.40971766866332,500.0,0.010000000707805157,0.8324421644210815,1.0
2723,3.6307620804740566,669.2309011148704,190.0478179441809,500.0,0.010000000707805157,0.8189014196395874,1.0
2724,3.5320029943044644,594.0669464660892,195.9148287963344,500.0,0.010000000707805157,0.7015072107315063,1.0
2725,2.9362182851207,585.3874581604622,186.0407362892531,500.0,0.010000000707805157,0.574230432510376,1.0
2726,3.2703911372958254,634.9939217049997,187.1060669277123,500.0,0.010000000707805157,0.7371835708618164,1.0
2727,2.8136061962125662,497.44778157122715,192.35329872083918,500.0,0.010000000707805157,0.4569966197013855,1.0
2728,2.182988061781037,325.3636736205057,204.55094759896778,500.0,0.010000000707805157,0.260311484336853,1.0
2729,3.530931622643595,595.0888512855701,195.91595930649203,500.0,0.010000000707805157,0.7004769444465637,1.0
2730,3.0503250981946524,461.50003860826206,204.82414574294822,500.0,0.010000000707805157,0.5031843781471252,1.0
2731,2.8129072297256683,498.2580337375407,192.4653257510362,500.0,0.010000000707805157,0.45609551668167114,1.0
2732,2.5537528848623356,532.1872974047601,184.4341423923414,500.0,0.010000000707805157,0.40949511528015137,1.0
2733,3.3261366038404594,625.0162198828743,189.42961790441973,500.0,0.010000000707805157,0.6521066427230835,1.0
2734,2.550109880198549,532.7910871361322,184.35885755044634,500.0,0.010000000707805157,0.408429890871048,1.0
2735,2.618048101824947,407.3642900177843,200.50066977263813,500.0,0.010000000707805157,0.42310935258865356,1.0
2736,3.672956954677825,577.325858975675,200.65620412699215,500.0,0.010000000707805157,0.8298324346542358,1.0
2737,3.048579138352607,463.47957903622296,205.00343239946702,500.0,0.010000000707805157,0.5018203258514404,1.0
2738,2.934247316560774,585.8995810966558,185.86950027566596,500.0,0.010000000707805157,0.572067379951477,1.0
2739,2.8108951412116965,499.38190383447386,192.45214377936531,500.0,0.010000000707805157,0.45470863580703735,1.0
2740,3.5275889567802854,598.1970192683264,196.07771493945435,500.0,0.010000000707805157,0.6971257925033569,1.0
2741,2.810438325382772,499.98122907968076,192.4869695321481,500.0,0.010000000707805157,0.4541792869567871,1.0
2742,2.0960462158919055,344.44493745627193,193.3499672662141,500.0,0.010000000707805157,0.34346455335617065,1.0
2743,2.1784710135976892,328.66694470015574,205.0179765961371,500.0,0.010000000707805157,0.2584402561187744,1.0
2744,3.372414199498865,525.4368321861293,202.53810580683626,500.0,0.010000000707805157,0.6637696623802185,1.0
2745,2.1769199159004637,329.43214598901034,205.14549428000294,500.0,0.010000000707805157,0.2579832375049591,1.0
2746,3.4325198651056694,696.1250539759591,185.40544283786173,500.0,0.010000000707805157,0.7677319049835205,1.0
2747,2.177436465990013,329.4255531436762,205.13314197654628,500.0,0.010000000707805157,0.2579858601093292,1.0
2748,2.1768940981834954,329.5832885724305,205.1735217370122,500.0,0.010000000707805157,0.25779712200164795,1.0
2749,2.3348985892754928,447.4193443630711,186.77678228056666,500.0,0.010000000707805157,0.375118613243103,1.0
2750,2.5504339658526853,531.3115834313224,184.19610695004516,500.0,0.010000000707805157,0.4071260690689087,1.0
2751,2.332624727266554,447.315708344517,186.72521259943485,500.0,0.010000000707805157,0.3746093511581421,1.0
2752,2.61471781043481,409.0625322346257,200.80416753941918,500.0,0.010000000707805157,0.42106711864471436,1.0
2753,2.6141113151067397,409.24810848181386,200.834637911868,500.0,0.010000000707805157,0.4208492934703827,1.0
2754,2.613511384162357,409.43303891389064,200.86503625850688,500.0,0.010000000707805157,0.42063194513320923,1.0
2755,2.6129182730510543,409.6176191579605,200.89537630995025,500.0,0.010000000707805157,0.4204151928424835,1.0
2756,2.1759757725343354,329.9536705294207,205.28605345270782,500.0,0.010000000707805157,0.2573261857032776,1.0
2757,2.17545331584924,330.11432334112675,205.32615231199975,500.0,0.010000000707805157,0.25713953375816345,1.0
2758,1.5123345637416448,242.78581332512903,193.22264913398732,500.0,0.010000000707805157,0.1788560301065445,1.0
2759,1.511511316654656,242.7231467070347,193.22941021357212,500.0,0.010000000707805157,0.1786908507347107,1.0
2760,3.1596369412736283,554.4802602505816,192.82995521928498,500.0,0.010000000707805157,0.615562915802002,1.0
2761,2.550410017818412,528.3298163253633,184.12215193685245,500.0,0.010000000707805157,0.40693193674087524,1.0
2762,2.0902820561985873,343.0150083170102,193.3795766614799,500.0,0.010000000707805157,0.3411705195903778,1.0
2763,2.808431436444481,498.10426446462185,192.59757146251695,500.0,0.010000000707805157,0.4524541199207306,1.0
2764,2.0886693508013368,343.02123451028496,193.3936322973675,500.0,0.010000000707805157,0.34073394536972046,1.0
2765,2.808299991880371,497.8882481464184,192.6031879892731,500.0,0.010000000707805157,0.45237261056900024,1.0
2766,2.1755396629878865,329.91248000416147,205.36756816310634,500.0,0.010000000707805157,0.2568899095058441,1.0
2767,2.3293909947988745,444.48100293725474,186.6827188156286,500.0,0.010000000707805157,0.3732505142688751,1.0
2768,2.807873992006869,497.71300432387574,192.60544258714165,500.0,0.010000000707805157,0.45200157165527344,1.0
2769,3.472735080903008,605.0033024438657,192.95315397458154,500.0,0.010000000707805157,0.7769193649291992,1.0
2770,2.6105274081001006,409.7575222740058,201.04377579131474,500.0,0.010000000707805157,0.41879966855049133,1.0
2771,2.534600064263867,420.4404417650018,193.50381177336234,500.0,0.010000000707805157,0.501768946647644,1.0
2772,2.9263553369002624,580.1562093190638,185.63159404617204,500.0,0.010000000707805157,0.567689836025238,1.0
2773,2.528994302763326,420.9572791371851,193.54423092396593,500.0,0.010000000707805157,0.5002881288528442,1.0
2774,2.175984012119001,330.1112455986182,205.41030624645393,500.0,0.010000000707805157,0.2569243311882019,1.0
2775,3.0463535984391856,467.46498635176306,205.58773184603692,500.0,0.010000000707805157,0.4981045424938202,1.0
2776,2.0784317880030807,343.5392200125678,193.50647091488102,500.0,0.010000000707805157,0.33803972601890564,1.0
2777,1.4991515595558362,243.00381170060464,193.3841233209669,500.0,0.010000000707805157,0.1764664351940155,1.0
2778,2.9760793129178484,477.04216010064204,199.13183551858094,500.0,0.010000000707805157,0.5785402059555054,1.0
2779,2.073520093444905,343.92437188191775,193.56536369494398,500.0,0.010000000707805157,0.3367992341518402,1.0
2780,2.321692297616357,443.24897193550737,186.75558869468637,500.0,0.010000000707805157,0.3711886405944824,1.0
2781,3.152876421346699,553.1469983817713,192.93210626164242,500.0,0.010000000707805157,0.6124233603477478,1.0
2782,2.516713455508066,421.8268903089793,193.67028879656982,500.0,0.010000000707805157,0.4963029623031616,1.0
2783,3.526772956923102,597.0206751169434,196.50477148906353,500.0,0.010000000707805157,0.6935786604881287,1.0
2784,2.603412425787951,410.98587662656234,201.219153866198,500.0,0.010000000707805157,0.4164081811904907,1.0
2785,3.105608919341874,642.1331266268057,184.0500708271209,500.0,0.010000000707805157,0.6013895273208618,1.0
2786,3.3662534064984926,528.2504456842452,203.01960825059442,500.0,0.010000000707805157,0.6577267050743103,1.0
2787,2.318793783679547,443.2801261352916,186.72603958993338,500.0,0.010000000707805157,0.3701440095901489,1.0
2788,2.8070291253616793,497.12155472107753,192.75780639911684,500.0,0.010000000707805157,0.45109182596206665,1.0
2789,2.174508208982814,331.6034640571806,205.68285868532837,500.0,0.010000000707805157,0.2560594081878662,1.0
2790,2.3185259940283287,442.7646379223531,186.6887265602432,500.0,0.010000000707805157,0.3699262738227844,1.0
2791,2.543224355654429,523.466581610007,183.90005035299222,500.0,0.010000000707805157,0.40459418296813965,1.0
2792,1.4912529221346564,242.91087884672896,193.4745665291087,500.0,0.010000000707805157,0.17497175931930542,1.0
2793,2.806200902531034,496.4682674615576,192.70881195539408,500.0,0.010000000707805157,0.4505683183670044,1.0
2794,2.174954556153758,331.33440047927945,205.68109303813102,500.0,0.010000000707805157,0.2558954358100891,1.0
2795,2.9176253907612595,576.53097208486,185.4978959768473,500.0,0.010000000707805157,0.563974142074585,1.0
2796,3.526234781873552,597.5645259023767,196.52672594798898,500.0,0.010000000707805157,0.6912824511528015,1.0
2797,0.412673013427062,15.299458832301513,155.6952204862796,500.0,0.010000000707805157,0.015035845339298248,1.0
2798,1.8184334855413329,369.19303404726514,183.7084009779085,500.0,0.010000000707805157,0.2090245485305786,1.0
2799,3.095317722016977,640.3754907068626,183.78811391396908,500.0,0.010000000707805157,0.597275972366333,1.0
2800,2.1758029787883295,331.2225966189315,205.67878242968578,500.0,0.010000000707805157,0.2556518018245697,1.0
2801,2.314400304631965,441.3096068915228,186.48206376086725,500.0,0.010000000707805157,0.3685401678085327,1.0
2802,0.4061488472060093,15.001626652350982,155.54225039395098,500.0,0.010000000707805157,0.014782929793000221,1.0
2803,3.3708679231399774,527.3547610859554,203.09482994216424,500.0,0.010000000707805157,0.6566806435585022,1.0
2804,2.3141856869842856,440.7221711505969,186.47344095464916,500.0,0.010000000707805157,0.36834651231765747,1.0
2805,2.8043502903508637,495.7695913801263,192.6515535380882,500.0,0.010000000707805157,0.4490048289299011,1.0
2806,2.7221536572975498,502.697366399245,188.0680641110333,500.0,0.010000000707805157,0.5281297564506531,1.0
2807,1.4888917497499103,241.52821689838308,193.43796227780496,500.0,0.010000000707805157,0.17424778640270233,1.0
2808,3.3703690809231,527.6908210524816,203.14743653341858,500.0,0.010000000707805157,0.6559947729110718,1.0
2809,3.3692390420199074,528.493240967484,203.2217424167948,500.0,0.010000000707805157,0.6553882956504822,1.0
2810,2.6038584220080985,411.0522737602358,201.4578256394707,500.0,0.010000000707805157,0.414293497800827,1.0
2811,1.487418320794135,241.70770180439226,193.49068824214652,500.0,0.010000000707805157,0.17389333248138428,1.0
2812,3.1493316905283733,551.6543135970926,192.98996683217325,500.0,0.010000000707805157,0.6080150604248047,1.0
2813,0.39940234392198354,14.643467140664333,155.35973135735276,500.0,0.010000000707805157,0.014558503404259682,1.0
2814,2.17388872997654,332.41681011822317,205.96110800705844,500.0,0.010000000707805157,0.2545764148235321,1.0
2815,3.367895839059035,529.34927936823,203.36939130405787,500.0,0.010000000707805157,0.65399169921875,1.0
2816,2.915201144708087,572.4431500623555,185.32882467202742,500.0,0.010000000707805157,0.5616670846939087,1.0
2817,4.122942740404357,685.3274618498803,198.94239127897455,500.0,0.010000000707805157,0.9285904169082642,1.0
2818,2.3134876825361688,439.2539279316541,186.44724559804897,500.0,0.010000000707805157,0.36728304624557495,1.0
2819,3.1490564851894223,552.0349584396056,193.05762274638474,500.0,0.010000000707805157,0.6068494915962219,1.0
2820,2.0629453725910887,341.5322539129879,193.6486434452384,500.0,0.010000000707805157,0.332481324672699,1.0
2821,2.173055431204608,333.8018716166079,206.15528556795041,500.0,0.010000000707805157,0.2539249658584595,1.0
2822,2.8041019413804853,495.844750957082,192.89930709554164,500.0,0.010000000707805157,0.44740235805511475,1.0
2823,3.5255477792602568,598.7340713438281,196.87326685593004,500.0,0.010000000707805157,0.6868582963943481,1.0
2824,1.485476400530482,241.1814875545558,193.5236343274047,500.0,0.010000000707805157,0.17325928807258606,1.0
2825,1.4847648811047096,241.12522655279568,193.53172068110595,500.0,0.010000000707805157,0.17310574650764465,1.0
2826,1.4840612942298115,241.0702018583824,193.53982788747643,500.0,0.010000000707805157,0.17295341193675995,1.0
2827,2.536199005879824,516.9109968474037,183.50163473916678,500.0,0.010000000707805157,0.4012499451637268,1.0
2828,2.6023743537181887,411.78308076202234,201.7110074161471,500.0,0.010000000707805157,0.4122665524482727,1.0
2829,3.5259445690932236,598.0619254084169,196.90024213181036,500.0,0.010000000707805157,0.6863734126091003,1.0
2830,2.9124705920906235,570.5417767257951,185.19805758526672,500.0,0.010000000707805157,0.5595983266830444,1.0
2831,1.8116590921831257,365.3353864601467,183.36202109756172,500.0,0.010000000707805157,0.20703181624412537,1.0
2832,2.602717668232634,411.916393923121,201.75122709293785,500.0,0.010000000707805157,0.4119657278060913,1.0
2833,2.3090379008479975,437.2244122592702,186.32968105646145,500.0,0.010000000707805157,0.3655671179294586,1.0
2834,3.3685062777705155,531.1719813127712,203.63322660837656,500.0,0.010000000707805157,0.6512369513511658,1.0
2835,0.38358192618085984,13.864146646592038,154.8900257994018,500.0,0.010000000707805157,0.013998184353113174,1.0
2836,2.803071788597007,494.9692548712117,192.93396965510595,500.0,0.010000000707805157,0.4459534287452698,1.0
2837,3.6600222894855805,584.0655535117749,201.9459621502224,500.0,0.010000000707805157,0.8093522787094116,1.0
2838,2.601234567491795,412.86682586962723,201.90896009937495,500.0,0.010000000707805157,0.41094502806663513,1.0
2839,2.803366853130923,495.38697093642065,193.02979479662383,500.0,0.010000000707805157,0.44561296701431274,1.0
2840,3.525758585330707,599.3148527141461,197.08496474751016,500.0,0.010000000707805157,0.6841847896575928,1.0
2841,3.296136312147099,536.2551259742073,198.61693835921258,500.0,0.010000000707805157,0.7277712821960449,1.0
2842,3.094969486434429,631.5302240661184,183.40483520920074,500.0,0.010000000707805157,0.5933545231819153,1.0
2843,2.9680613636669673,478.85789625539184,199.8594368405936,500.0,0.010000000707805157,0.5686019062995911,1.0
2844,0.3794982619096822,13.640042503476888,154.71414884843955,500.0,0.010000000707805157,0.013869278132915497,1.0
2845,3.146995210374861,551.2343519597257,193.23331942270036,500.0,0.010000000707805157,0.6029890775680542,1.0
2846,3.047895547223795,476.5006790036841,206.75074533068437,500.0,0.010000000707805157,0.49032601714134216,1.0
2847,2.057182695682362,340.15287420422726,193.74162419541258,500.0,0.010000000707805157,0.32960987091064453,1.0
2848,2.055262267524027,340.3108348281032,193.76768875245935,500.0,0.010000000707805157,0.32911160588264465,1.0
2849,1.811168339878599,362.86165536032274,183.24537334910843,500.0,0.010000000707805157,0.20650041103363037,1.0
2850,3.366451155249113,534.0781143143383,203.98202210122653,500.0,0.010000000707805157,0.6478266716003418,1.0
2851,2.306895633776849,435.2259897139712,186.31054641330576,500.0,0.010000000707805157,0.36392635107040405,1.0
2852,2.1716852083090785,336.9851862741064,206.7389945453458,500.0,0.010000000707805157,0.2516189217567444,1.0
2853,3.0655984667103775,552.8600307764848,189.13121847812565,500.0,0.010000000707805157,0.6789819002151489,1.0
2854,1.8098843359302397,362.1746846429811,183.20279327876486,500.0,0.010000000707805157,0.20621950924396515,1.0
2855,2.1722295807150176,336.793363190256,206.731912343674,500.0,0.010000000707805157,0.25163012742996216,1.0
2856,3.52694784281288,599.3006399631691,197.25875965466125,500.0,0.010000000707805157,0.6824952960014343,1.0
2857,2.1715225684619575,337.52132603398803,206.83568405926647,500.0,0.010000000707805157,0.2511988878250122,1.0
2858,2.5333481203483648,511.78251730189385,183.20833509548368,500.0,0.010000000707805157,0.39874398708343506,1.0
2859,2.599791424065589,414.12734984650206,202.217861938999,500.0,0.010000000707805157,0.4084535837173462,1.0
2860,3.048709467888593,478.05455121816925,206.9812346020383,500.0,0.010000000707805157,0.4887143075466156,1.0
2861,2.5993798998972406,414.70727453016514,202.30754571622063,500.0,0.010000000707805157,0.408022403717041,1.0
2862,1.8100356268765658,361.0085667958876,183.1141684491551,500.0,0.010000000707805157,0.2058870494365692,1.0
2863,1.8090271658426826,360.8753682029373,183.0892723417893,500.0,0.010000000707805157,0.20570777356624603,1.0
2864,1.8080300268838982,360.74364986087943,183.06450904732793,500.0,0.010000000707805157,0.2055300623178482,1.0
2865,2.6004710900309633,414.00508228584073,202.28721049479012,500.0,0.010000000707805157,0.4079618453979492,1.0
2866,3.0490776484562283,478.5082336294951,207.06905713926582,500.0,0.010000000707805157,0.4879092574119568,1.0
2867,3.0482146075456873,479.30663991894295,207.14696900324506,500.0,0.010000000707805157,0.48731380701065063,1.0
2868,3.1479188030682472,549.9271797071206,193.45082186070772,500.0,0.010000000707805157,0.5999887585639954,1.0
2869,2.599885602532996,415.1710443619676,202.4550475598092,500.0,0.010000000707805157,0.40716129541397095,1.0
2870,2.5995913240650546,415.3418737242227,202.48394828592893,500.0,0.010000000707805157,0.40696415305137634,1.0
2871,2.5993026992189425,415.5122934726117,202.51275067503528,500.0,0.010000000707805157,0.40676769614219666,1.0
2872,2.9118936265935926,562.3632435845495,184.93880273714012,500.0,0.010000000707805157,0.5555515289306641,1.0
2873,2.803138543628135,494.84057300429816,193.37496067592213,500.0,0.010000000707805157,0.44197672605514526,1.0
2874,2.1702583626421434,339.8494937349188,207.23241642950447,500.0,0.010000000707805157,0.2494334727525711,1.0
2875,2.599690647119967,415.6144860000915,202.5603129725321,500.0,0.010000000707805157,0.4064139425754547,1.0
2876,2.5032491662550997,414.2133631799148,193.86873993315484,500.0,0.010000000707805157,0.48414069414138794,1.0
2877,2.305761152351901,431.125031943115,186.17134045185367,500.0,0.010000000707805157,0.36202922463417053,1.0
2878,2.5328453381645573,507.4916729583776,183.0270748019257,500.0,0.010000000707805157,0.39757439494132996,1.0
2879,2.1710808865191096,339.65482621929436,207.23905124761407,500.0,0.010000000707805157,0.24939493834972382,1.0
2880,0.35227953978162274,12.348048635907992,153.98093171859213,500.0,0.010000000707805157,0.012895097024738789,1.0
2881,1.8064463638489854,357.98815344225216,182.91507950690706,500.0,0.010000000707805157,0.20484843850135803,1.0
2882,2.303792886945666,430.0765185060059,186.08337252306538,500.0,0.010000000707805157,0.36142194271087646,1.0
2883,3.9490338993448937,699.151887672063,193.42911742664464,500.0,0.010000000707805157,0.8704491257667542,1.0
2884,0.3486409320410424,12.185635955846267,153.8686436690262,500.0,0.010000000707805157,0.012757249176502228,1.0
2885,3.3700624070436156,536.8076257370722,204.51306907460258,500.0,0.010000000707805157,0.6424603462219238,1.0
2886,3.7273333044674697,590.6384958551823,207.5074740327626,500.0,0.010000000707805157,0.721516489982605,1.0
2887,2.1701659028504143,341.096353262995,207.46291171065457,500.0,0.010000000707805157,0.2483501136302948,1.0
2888,2.8841674214102206,477.0326493126567,193.9099831985847,500.0,0.010000000707805157,0.6402475237846375,1.0
2889,1.8069480597389984,356.9528608390972,182.85811932880975,500.0,0.010000000707805157,0.20463764667510986,1.0
2890,2.8031803893216622,493.82618450196026,193.49844172582016,500.0,0.010000000707805157,0.44037386775016785,1.0
2891,3.36906211485233,538.750729890069,204.71004726168826,500.0,0.010000000707805157,0.6406794786453247,1.0
2892,2.170203532390441,341.67577163351586,207.56196175764475,500.0,0.010000000707805157,0.248005673289299,1.0
2893,1.471836748228407,237.84908550559786,193.7496684698782,500.0,0.010000000707805157,0.16890043020248413,1.0
2894,2.3049961351237678,428.3307554576607,186.0524791375991,500.0,0.010000000707805157,0.3607938289642334,1.0
2895,2.9080300384627344,557.5544680852413,184.75681660489388,500.0,0.010000000707805157,0.5526506900787354,1.0
2896,1.8043251330997985,356.0811847261085,182.76461091750278,500.0,0.010000000707805157,0.2040204554796219,1.0
2897,2.1714517571654612,341.061234498118,207.51811452777113,500.0,0.010000000707805157,0.24804118275642395,1.0
2898,0.33875434364543916,11.724583617956808,153.5976792022247,500.0,0.010000000707805157,0.012405280023813248,1.0
2899,2.0514317241633906,335.6737853509478,193.840241308904,500.0,0.010000000707805157,0.32472097873687744,1.0
2900,2.8029836514493724,492.51813444486163,193.5163396560959,500.0,0.010000000707805157,0.43961840867996216,1.0
2901,3.6617752534922983,588.9242968091717,202.91295645545088,500.0,0.010000000707805157,0.7960460186004639,1.0
2902,1.8039151298091995,354.8818105928952,182.71999818767833,500.0,0.010000000707805157,0.2038634568452835,1.0
2903,2.3015473195389244,426.94475664160836,185.97862670201914,500.0,0.010000000707805157,0.35961979627609253,1.0
2904,1.802115897318013,354.67120299560844,182.68060862305174,500.0,0.010000000707805157,0.20354333519935608,1.0
2905,2.3000580970340936,426.6481916882225,185.94585117739368,500.0,0.010000000707805157,0.3592374622821808,1.0
2906,1.4674469215487695,236.94773710182636,193.77420008018592,500.0,0.010000000707805157,0.16781100630760193,1.0
2907,2.8026194294876854,491.7297863929991,193.48794717733568,500.0,0.010000000707805157,0.43904438614845276,1.0
2908,3.315195432297072,606.8421669583195,189.61897609967536,500.0,0.010000000707805157,0.6302035450935364,1.0
2909,3.0549869007647246,482.8402091171478,207.6695495391835,500.0,0.010000000707805157,0.4832612872123718,1.0
2910,2.7082738119266674,487.79173575086,187.72503492397428,500.0,0.010000000707805157,0.5147483348846436,1.0
2911,2.172989418892851,341.3969281070799,207.6313667013858,500.0,0.010000000707805157,0.24739111959934235,1.0
2912,2.901480202611786,554.3146058731575,184.57169745784947,500.0,0.010000000707805157,0.5496295690536499,1.0
2913,1.4664871414641492,236.50215271638376,193.77645026384246,500.0,0.010000000707805157,0.16746416687965393,1.0
2914,2.6013596810502935,415.3163877006072,202.89266489571332,500.0,0.010000000707805157,0.4028507471084595,1.0
2915,3.314710211109998,606.295729761437,189.61678661165175,500.0,0.010000000707805157,0.6290900707244873,1.0
2916,1.7972817945759254,353.5673222176122,182.51045684060836,500.0,0.010000000707805157,0.20234353840351105,1.0
2917,1.4659344084333197,236.15712476371334,193.77179297293242,500.0,0.010000000707805157,0.16725432872772217,1.0
2918,1.7961467615254314,353.13399151538107,182.48384905299287,500.0,0.010000000707805157,0.20216740667819977,1.0
2919,3.0578633040456995,482.8095299394936,207.71346053300024,500.0,0.010000000707805157,0.48281094431877136,1.0
2920,0.3219592012256755,10.957485811982849,153.09572464992124,500.0,0.010000000707805157,0.01178921852260828,1.0
2921,1.4662072893679707,235.65758323438365,193.75758321262043,500.0,0.010000000707805157,0.16712673008441925,1.0
2922,2.296028832453431,423.9432138264441,185.79230268232885,500.0,0.010000000707805157,0.3574413061141968,1.0
2923,0.31898712191509265,10.826881863199914,153.03517421461177,500.0,0.010000000707805157,0.011676882393658161,1.0
2924,2.0469979954303987,333.1755100875567,193.86076670204545,500.0,0.010000000707805157,0.3221491575241089,1.0
2925,1.4638010649453674,235.53269993023972,193.79488187316343,500.0,0.010000000707805157,0.16658610105514526,1.0
2926,2.2937742366094773,423.01792850303997,185.79402029338982,500.0,0.010000000707805157,0.35687047243118286,1.0
2927,2.175213606418295,340.3102714284025,207.6271800519627,500.0,0.010000000707805157,0.24708291888237,1.0
2928,2.517429800364996,496.6591445561448,182.4483171590859,500.0,0.010000000707805157,0.3921591639518738,1.0
2929,2.6029897110868014,413.848995173487,202.90959127800113,500.0,0.010000000707805157,0.4019729197025299,1.0
2930,3.3124556643831724,602.7208006178967,189.5297790796584,500.0,0.010000000707805157,0.6274654865264893,1.0
2931,2.603257804516541,414.09606914201413,202.94526273546478,500.0,0.010000000707805157,0.40176478028297424,1.0
2932,2.1756223900422946,340.87765940233254,207.70581124932755,500.0,0.010000000707805157,0.24667561054229736,1.0
2933,2.0450470388581117,332.52030543781297,193.88867541094842,500.0,0.010000000707805157,0.3211172819137573,1.0
2934,3.6079832128554776,647.1101977277859,190.15159188480558,500.0,0.010000000707805157,0.781988263130188,1.0
2935,2.8020687766462515,489.3236050651616,193.5046385518925,500.0,0.010000000707805157,0.4364645481109619,1.0
2936,3.145463838657472,543.3319353203775,193.6219683278257,500.0,0.010000000707805157,0.591084361076355,1.0
2937,1.4613448137365284,234.9730310089652,193.82891087607243,500.0,0.010000000707805157,0.16583706438541412,1.0
2938,2.514067393238467,495.51787370238867,182.32841265272333,500.0,0.010000000707805157,0.39065712690353394,1.0
2939,3.145004025584204,543.0098377670109,193.5927031146115,500.0,0.010000000707805157,0.5906350016593933,1.0
2940,1.7891783501722511,350.1214089858832,182.233218859522,500.0,0.010000000707805157,0.20050737261772156,1.0
2941,0.30653263613284815,10.258172021914133,152.62818633172586,500.0,0.010000000707805157,0.011222759261727333,1.0
2942,3.0638385433182433,482.7119190876651,207.82495448007901,500.0,0.010000000707805157,0.481726735830307,1.0
2943,3.06325105626314,483.5230696336136,207.89688011249396,500.0,0.010000000707805157,0.4811541736125946,1.0
2944,1.7899406540730611,349.3346964235562,182.1961780195343,500.0,0.010000000707805157,0.20045772194862366,1.0
2945,2.2908076068150254,420.64840065890905,185.60780768571362,500.0,0.010000000707805157,0.3549763560295105,1.0
2946,1.7883332674151435,349.1572854461417,182.16008392857307,500.0,0.010000000707805157,0.20015232264995575,1.0
2947,1.4614696817556005,233.86870648838075,193.7854208377424,500.0,0.010000000707805157,0.1655365526676178,1.0
2948,2.2890136416550355,420.12308657845944,185.58200292664654,500.0,0.010000000707805157,0.3544921278953552,1.0
2949,2.2881033737317207,420.04555360858785,185.57378012558942,500.0,0.010000000707805157,0.3542575240135193,1.0
2950,2.9709491579339575,475.6226538526775,200.75975501727524,500.0,0.010000000707805157,0.5547650456428528,1.0
2951,3.144839140307478,541.5944133995783,193.60742834461183,500.0,0.010000000707805157,0.5891894102096558,1.0
2952,2.5083918006088606,493.19147633148685,182.15334171564055,500.0,0.010000000707805157,0.3886042833328247,1.0
2953,2.801473448256888,488.0386301379992,193.45322419555623,500.0,0.010000000707805157,0.4345787763595581,1.0
2954,3.3090159453188392,600.5979500400678,189.42266011905667,500.0,0.010000000707805157,0.6231268644332886,1.0
2955,1.7836283323492932,348.6571430049982,182.02520480748657,500.0,0.010000000707805157,0.19903895258903503,1.0
2956,2.2849766535555873,419.71307146917707,185.47859161695683,500.0,0.010000000707805157,0.3530923128128052,1.0
2957,2.606501355338865,413.5199023261336,203.08296706992186,500.0,0.010000000707805157,0.3999226987361908,1.0
2958,3.5376447382297176,596.4080039790773,197.9042855237299,500.0,0.010000000707805157,0.6691358089447021,1.0
2959,2.6065660025272663,414.10645687797296,203.15935713972354,500.0,0.010000000707805157,0.3995532989501953,1.0
2960,2.801613613846197,488.37098072040146,193.49369210661735,500.0,0.010000000707805157,0.4335062801837921,1.0
2961,2.0415352402483546,330.0345384456394,193.8999698467711,500.0,0.010000000707805157,0.31876516342163086,1.0
2962,3.752709995149727,594.1609979144381,208.07627070894813,500.0,0.010000000707805157,0.7149380445480347,1.0
2963,2.8021888777528217,488.71741603836955,193.586269522185,500.0,0.010000000707805157,0.4330987334251404,1.0
2964,2.9725172599799894,476.59134580898825,200.96800573413907,500.0,0.010000000707805157,0.5528458952903748,1.0
2965,2.0403924427694737,330.17855168783393,193.95209091174743,500.0,0.010000000707805157,0.3181450068950653,1.0
2966,2.0387274110228675,330.35294666248444,193.98235291311116,500.0,0.010000000707805157,0.31767794489860535,1.0
2967,2.2841858737600167,418.2262132662577,185.50896340047802,500.0,0.010000000707805157,0.3521309792995453,1.0
2968,2.283293768887639,418.14027331402497,185.50075143926392,500.0,0.010000000707805157,0.35189494490623474,1.0
2969,3.1442767259669036,541.1989174605596,193.7088146723658,500.0,0.010000000707805157,0.5862826704978943,1.0
2970,2.2820948979419127,418.0365503698242,185.4875426573304,500.0,0.010000000707805157,0.35150083899497986,1.0
2971,3.1439200105619114,541.1179851692949,193.70269474292328,500.0,0.010000000707805157,0.5859147310256958,1.0
2972,2.2809175830551385,417.9293431698019,185.47436241321063,500.0,0.010000000707805157,0.35110965371131897,1.0
2973,2.0333092612120485,330.4092809360636,194.05568003325496,500.0,0.010000000707805157,0.3160579800605774,1.0
2974,1.4511762707996223,233.54288643971492,194.00295629498268,500.0,0.010000000707805157,0.1630048304796219,1.0
2975,1.7801883696043896,345.658891963214,181.8773741746357,500.0,0.010000000707805157,0.19805824756622314,1.0
2976,2.9682338734253566,476.13326288652445,201.00453460390995,500.0,0.010000000707805157,0.550180196762085,1.0
2977,2.8025962691177715,486.71173693064196,193.58538546501313,500.0,0.010000000707805157,0.43261295557022095,1.0
2978,2.1828230540165143,342.6146237885899,208.07523383275552,500.0,0.010000000707805157,0.24478968977928162,1.0
2979,1.4505663918659308,233.23169736648535,194.01902833071506,500.0,0.010000000707805157,0.16270241141319275,1.0
2980,3.143326715127151,539.9205210469833,193.74471101572874,500.0,0.010000000707805157,0.5848017930984497,1.0
2981,3.1432802505731576,540.0214039038628,193.75363972441252,500.0,0.010000000707805157,0.5845802426338196,1.0
2982,1.7792813947173096,344.6698190921817,181.81315297741835,500.0,0.010000000707805157,0.1976798176765442,1.0
2983,3.1432080322360756,539.8752972494248,193.7413582378245,500.0,0.010000000707805157,0.5842704176902771,1.0
2984,2.499676233519128,487.8380545982768,181.83043832416698,500.0,0.010000000707805157,0.3847423791885376,1.0
2985,3.142994111508482,539.8506563272878,193.71190000820167,500.0,0.010000000707805157,0.5838745832443237,1.0
2986,0.27933912793311844,9.018478875570384,151.6542911605521,500.0,0.010000000707805157,0.010250397026538849,1.0
2987,2.4975763025487288,487.5463217111035,181.77889527374853,500.0,0.010000000707805157,0.384014755487442,1.0
2988,2.275184178983669,415.88070285463056,185.3530312204519,500.0,0.010000000707805157,0.34889182448387146,1.0
2989,3.4493618386957117,587.9438400243175,193.7724470808079,500.0,0.010000000707805157,0.7356471419334412,1.0
2990,3.599237437430261,641.0058294733217,190.01534422119337,500.0,0.010000000707805157,0.7699410915374756,1.0
2991,2.9689990964580844,475.8875016120665,201.0979430783476,500.0,0.010000000707805157,0.5482040643692017,1.0
2992,3.0791073696490683,485.6980047894265,208.2116723604038,500.0,0.010000000707805157,0.4787943959236145,1.0
2993,1.4470006499437218,232.71905305479552,194.08100501149056,500.0,0.010000000707805157,0.16168691217899323,1.0
2994,1.7749106783354827,343.74648005397665,181.65759686398135,500.0,0.010000000707805157,0.19644226133823395,1.0
2995,3.29073650671743,530.5457526481509,199.7899200296151,500.0,0.010000000707805157,0.6993047595024109,1.0
2996,2.186433882188156,343.4036240298174,208.21344013937264,500.0,0.010000000707805157,0.24408183991909027,1.0
2997,2.6067790258290833,415.22884470110057,203.5368374698505,500.0,0.010000000707805157,0.3952839970588684,1.0
2998,3.079501730245832,486.87747798399226,208.3469465994286,500.0,0.010000000707805157,0.47780948877334595,1.0
2999,2.1859998467680524,344.3734188556785,208.3422579374201,500.0,0.010000000707805157,0.24352902173995972,1.0
3000,2.1858718584576913,344.5766774914987,208.3729194173478,500.0,0.010000000707805157,0.2433743178844452,1.0
3001,2.804304248296596,486.15830827563263,193.7876285095126,500.0,0.010000000707805157,0.4299805164337158,1.0
3002,2.682960816120137,474.9605008645682,187.39414029119277,500.0,0.010000000707805157,0.4994308352470398,1.0
3003,2.18636317905415,344.7710071912027,208.40454830238968,500.0,0.010000000707805157,0.24320168793201447,1.0
3004,0.26922335275601994,8.570590820030679,151.30333901308433,500.0,0.010000000707805157,0.009893994778394699,1.0
3005,3.144353860819399,538.740813922738,193.90953073652776,500.0,0.010000000707805157,0.5810760259628296,1.0
3006,3.392444434837971,541.3078756142183,205.6750039790015,500.0,0.010000000707805157,0.6276353597640991,1.0
3007,2.0270921962193875,328.4567146273781,194.22947288335524,500.0,0.010000000707805157,0.3120540976524353,1.0
3008,2.8050536301266322,485.72903248040234,193.8706169127994,500.0,0.010000000707805157,0.42942866683006287,1.0
3009,2.8050813102319987,485.82747140647587,193.87613516611444,500.0,0.010000000707805157,0.42921701073646545,1.0
3010,1.7757594120508269,340.85526997630177,181.5405762363853,500.0,0.010000000707805157,0.19605807960033417,1.0
3011,2.2742375401442634,412.3522822320018,185.29582948787458,500.0,0.010000000707805157,0.34697508811950684,1.0
3012,2.804878621436684,485.54898198836247,193.84055793418605,500.0,0.010000000707805157,0.42883607745170593,1.0
3013,2.608922717486931,416.2167548412624,203.79034461295996,500.0,0.010000000707805157,0.3935282826423645,1.0
3014,2.0264830934717932,327.77353073374235,194.23655511868898,500.0,0.010000000707805157,0.3114427626132965,1.0
3015,2.187864621610189,345.6011780444,208.55065868929893,500.0,0.010000000707805157,0.24243909120559692,1.0
3016,2.608652782751615,416.42083203241225,203.84220522376512,500.0,0.010000000707805157,0.3930746018886566,1.0
3017,0.2617155055301549,8.245332884646556,151.05223400436356,500.0,0.010000000707805157,0.009625682607293129,1.0
3018,1.7747529003359837,339.2998248425786,181.47445867115212,500.0,0.010000000707805157,0.1957385540008545,1.0
3019,1.7740556703402965,339.22574443633624,181.45539392125397,500.0,0.010000000707805157,0.19557976722717285,1.0
3020,2.6094350547918954,415.9010886053418,203.8374022327009,500.0,0.010000000707805157,0.3929428160190582,1.0
3021,2.8055894829053383,484.52786355004883,193.91665516861832,500.0,0.010000000707805157,0.4282057583332062,1.0
3022,3.395926677102451,542.0039062138314,205.845357864484,500.0,0.010000000707805157,0.6254863739013672,1.0
3023,3.052346014853233,588.0586452044322,181.50559502055677,500.0,0.010000000707805157,0.5678473711013794,1.0
3024,2.2725252066431616,410.36392446761965,185.20358143701216,500.0,0.010000000707805157,0.3457099199295044,1.0
3025,3.309190050793592,592.3629313737421,189.54704018927603,500.0,0.010000000707805157,0.6132804751396179,1.0
3026,2.1899713340607216,346.1682888914153,208.6336127725533,500.0,0.010000000707805157,0.24177218973636627,1.0
3027,1.4448462710403225,230.47421333921903,194.15326018485845,500.0,0.010000000707805157,0.15996700525283813,1.0
3028,2.611118828876246,416.1809251678414,203.9192716651974,500.0,0.010000000707805157,0.39224937558174133,1.0
3029,1.7716567834042911,338.27530873990025,181.32948011517618,500.0,0.010000000707805157,0.19468702375888824,1.0
3030,1.444211413757433,230.30510077343513,194.16751344125763,500.0,0.010000000707805157,0.1597379446029663,1.0
3031,2.1903637615028884,346.0926945343215,208.66439413918988,500.0,0.010000000707805157,0.2415609359741211,1.0
3032,2.870014506381311,531.1416083041506,183.61698879938993,500.0,0.010000000707805157,0.5306015014648438,1.0
3033,0.2517354965626528,7.832706817412392,150.68423863810054,500.0,0.010000000707805157,0.009255221113562584,1.0
3034,2.1909184383364075,345.94269129925215,208.66156668579202,500.0,0.010000000707805157,0.24147704243659973,1.0
3035,1.7701629905087775,337.2742085738675,181.2627357832976,500.0,0.010000000707805157,0.19427980482578278,1.0
3036,2.0265297336668855,325.17995153095234,194.22307463795545,500.0,0.010000000707805157,0.30993887782096863,1.0
3037,3.1458609012047924,535.5901071052806,194.01002484855428,500.0,0.010000000707805157,0.5769585371017456,1.0
3038,2.8062037629410255,483.3280748491312,193.92415465399796,500.0,0.010000000707805157,0.4264223873615265,1.0
3039,2.806274379041627,483.4341219627671,193.93023621407053,500.0,0.010000000707805157,0.4262157082557678,1.0
3040,3.308856974259408,590.160258980346,189.5297469950247,500.0,0.010000000707805157,0.6111032962799072,1.0
3041,1.7681331868120052,336.9591980407266,181.1773107970322,500.0,0.010000000707805157,0.19358883798122406,1.0
3042,2.487845662616977,477.04255186056514,181.2051475676194,500.0,0.010000000707805157,0.37800002098083496,1.0
3043,2.1931995703507026,346.13086688896146,208.68698795851896,500.0,0.010000000707805157,0.24107322096824646,1.0
3044,3.4035916569025932,541.7859659427287,205.95102406750954,500.0,0.010000000707805157,0.6235838532447815,1.0
3045,2.487968778005795,476.5699694186205,181.17161743670738,500.0,0.010000000707805157,0.37769657373428345,1.0
3046,1.4441360477186105,228.82165891743662,194.1220819683962,500.0,0.010000000707805157,0.15920639038085938,1.0
3047,1.443659927377686,228.81096788577707,194.13496791020597,500.0,0.010000000707805157,0.15908126533031464,1.0
3048,1.7660942695537416,336.1244403146329,181.09219178437434,500.0,0.010000000707805157,0.19297385215759277,1.0
3049,2.806393832232151,482.93828882884713,193.88436673361258,500.0,0.010000000707805157,0.42490047216415405,1.0
3050,1.443570979023963,228.51283659893076,194.1255118193347,500.0,0.010000000707805157,0.1589682698249817,1.0
3051,1.4431000520268442,228.5039887356856,194.13850976522394,500.0,0.010000000707805157,0.15884409844875336,1.0
3052,0.24032465160163277,7.368494219306626,150.26697157034553,500.0,0.010000000707805157,0.008831472136080265,1.0
3053,0.2395664541780041,7.340418362500802,150.2518918717262,500.0,0.010000000707805157,0.008802133612334728,1.0
3054,1.4429024406967879,228.20703716326474,194.13775702004548,500.0,0.010000000707805157,0.15868282318115234,1.0
3055,2.6154712238266065,414.49475517311834,204.00258378896794,500.0,0.010000000707805157,0.3906322121620178,1.0
3056,2.2671699416784343,405.13976412090375,184.96047127198335,500.0,0.010000000707805157,0.3425637185573578,1.0
3057,1.7643748268251283,334.3172633266328,181.01959259060072,500.0,0.010000000707805157,0.19257155060768127,1.0
3058,1.763766650007567,334.26264962152914,181.0023458692992,500.0,0.010000000707805157,0.19242119789123535,1.0
3059,1.7631659035033465,334.20886489254616,180.9851650976824,500.0,0.010000000707805157,0.1922719031572342,1.0
3060,2.19577568582187,345.2055574866533,208.6859353669775,500.0,0.010000000707805157,0.2406691610813141,1.0
3061,1.762898613603768,333.9176888445517,180.96176479199318,500.0,0.010000000707805157,0.19214358925819397,1.0
3062,2.806578247752813,480.72550059901863,193.84742005692567,500.0,0.010000000707805157,0.42412886023521423,1.0
3063,3.0967779486345757,489.2385964812335,208.7773609016224,500.0,0.010000000707805157,0.4724690616130829,1.0
3064,2.807062680408721,481.1066480426834,193.9080888711227,500.0,0.010000000707805157,0.4237179160118103,1.0
3065,3.3073623416905593,586.4491468008395,189.43267328411778,500.0,0.010000000707805157,0.6071752309799194,1.0
3066,2.4815035711817357,472.6363265874525,180.9295969869367,500.0,0.010000000707805157,0.3748536705970764,1.0
3067,2.8069764907267563,481.4216281118155,193.86181200854512,500.0,0.010000000707805157,0.42301037907600403,1.0
3068,2.265889802880927,403.8760052972787,184.76400720675574,500.0,0.010000000707805157,0.3413356840610504,1.0
3069,3.0993139002436325,490.28073466086585,208.83701256280645,500.0,0.010000000707805157,0.4716036915779114,1.0
3070,3.411566867955083,541.3344677592067,206.0813781759998,500.0,0.010000000707805157,0.6212910413742065,1.0
3071,2.4813245824405485,472.05746350136536,180.8718317156596,500.0,0.010000000707805157,0.37419137358665466,1.0
3072,2.8077231141855163,481.81659780270803,193.9213284884404,500.0,0.010000000707805157,0.42219001054763794,1.0
3073,3.0331571940998936,579.1444963267005,180.86919416325682,500.0,0.010000000707805157,0.5562703609466553,1.0
3074,2.6213588062123887,414.54070574399094,204.1267858089884,500.0,0.010000000707805157,0.38955503702163696,1.0
3075,3.101561359065417,491.83024677816275,208.9350543693021,500.0,0.010000000707805157,0.47048431634902954,1.0
3076,2.808270695844762,482.2215044660802,193.95120159880685,500.0,0.010000000707805157,0.4214327335357666,1.0
3077,2.199346558661179,348.0231696723422,208.949680134291,500.0,0.010000000707805157,0.23893415927886963,1.0
3078,3.307791322395958,587.0462941379735,189.42910853549762,500.0,0.010000000707805157,0.6036372780799866,1.0
3079,2.0316037701530636,319.48908794508577,194.06997218410856,500.0,0.010000000707805157,0.3085622489452362,1.0
3080,2.2658156496765143,402.55947647598646,184.64910157236406,500.0,0.010000000707805157,0.34022894501686096,1.0
3081,2.9850946167146666,473.14554790015467,201.8126162761727,500.0,0.010000000707805157,0.5387335419654846,1.0
3082,3.1504356096158315,532.8048682432092,194.0506354635606,500.0,0.010000000707805157,0.5706893801689148,1.0
3083,1.4430272500663426,225.9192124664838,194.09258507706105,500.0,0.010000000707805157,0.1577456295490265,1.0
3084,3.1503600198105923,532.6059525988277,194.06466553201713,500.0,0.010000000707805157,0.5703994631767273,1.0
3085,2.263958717074008,401.98890408687697,184.66180026431044,500.0,0.010000000707805157,0.339438259601593,1.0
3086,2.2015346002689125,348.262970734719,208.99983482827497,500.0,0.010000000707805157,0.23866355419158936,1.0
3087,2.9844701676751155,473.46549576842256,201.88767582451882,500.0,0.010000000707805157,0.5374432802200317,1.0
3088,3.1053775613194947,493.8156539307049,209.10584542734702,500.0,0.010000000707805157,0.4689386785030365,1.0
3089,3.8380421840185357,638.0866210252705,198.3794593184013,500.0,0.010000000707805157,0.8001642823219299,1.0
3090,1.441985516857677,225.8121132923635,194.15977824601347,500.0,0.010000000707805157,0.15723256766796112,1.0
3091,2.622695654753407,416.48849091303947,204.42374124497064,500.0,0.010000000707805157,0.38712218403816223,1.0
3092,2.026004424574759,319.72055376991335,194.25061540796065,500.0,0.010000000707805157,0.3060411810874939,1.0
3093,2.622312202573885,416.5996848668002,204.45026868644706,500.0,0.010000000707805157,0.38678446412086487,1.0
3094,2.8113468699075557,481.47298519520353,194.20710233445885,500.0,0.010000000707805157,0.419948935508728,1.0
3095,1.440449833015729,225.81463992715643,194.22590698254857,500.0,0.010000000707805157,0.15672501921653748,1.0
3096,2.2025729993878542,349.8813748261588,209.19657368947009,500.0,0.010000000707805157,0.23773793876171112,1.0
3097,1.760233916304447,329.565347252979,180.60706793513046,500.0,0.010000000707805157,0.18990565836429596,1.0
3098,2.8116377489153765,481.1208748249206,194.2208468553632,500.0,0.010000000707805157,0.41955894231796265,1.0
3099,1.7595139587615487,329.47230923231547,180.5756319716016,500.0,0.010000000707805157,0.18964596092700958,1.0
3100,2.47848892700405,466.5024951813405,180.60334488323397,500.0,0.010000000707805157,0.37122178077697754,1.0
3101,2.203888705087146,349.7440507189485,209.18396840528393,500.0,0.010000000707805157,0.23755109310150146,1.0
3102,1.7582887751699476,329.32988336485954,180.528577276658,500.0,0.010000000707805157,0.18924647569656372,1.0
3103,0.21434608551868176,6.314323525611209,149.18813511482188,500.0,0.010000000707805157,0.007887364365160465,1.0
3104,2.625002175750705,415.9603522980921,204.48196564653344,500.0,0.010000000707805157,0.38627833127975464,1.0
3105,2.8584963980729965,517.5177393087885,182.95064767732416,500.0,0.010000000707805157,0.5194759368896484,1.0
3106,3.3095846474497788,583.2050944493313,189.50773025574088,500.0,0.010000000707805157,0.5999974012374878,1.0
3107,2.20536638381547,349.8017671298537,209.19530559259292,500.0,0.010000000707805157,0.2372940182685852,1.0
3108,2.205346105449962,350.02004557216935,209.218683189606,500.0,0.010000000707805157,0.2371499091386795,1.0
3109,3.153531914614797,530.9867030746161,194.2358092490879,500.0,0.010000000707805157,0.5670305490493774,1.0
3110,2.2056669652810057,350.4034034000746,209.25537834517536,500.0,0.010000000707805157,0.23693016171455383,1.0
3111,1.7572085620136748,328.26162276323197,180.4300576325345,500.0,0.010000000707805157,0.18860024213790894,1.0
3112,2.2059289364617634,350.4579947719653,209.26493914545105,500.0,0.010000000707805157,0.23679997026920319,1.0
3113,0.20942109944029927,6.123267023878951,148.98429036232906,500.0,0.010000000707805157,0.0077066849917173386,1.0
3114,1.4421215584338871,223.8034230767655,194.13335819331476,500.0,0.010000000707805157,0.15636935830116272,1.0
3115,3.1944795287103163,562.6952363625873,184.5719703676246,500.0,0.010000000707805157,0.6672013998031616,1.0
3116,2.812972396963063,479.9744555396728,194.21547139203855,500.0,0.010000000707805157,0.41753071546554565,1.0
3117,2.026584332073912,316.8528222046953,194.22041333247316,500.0,0.010000000707805157,0.3045819401741028,1.0
3118,0.2070529853086981,6.025040203663727,148.88645666083224,500.0,0.010000000707805157,0.0076210880652070045,1.0
3119,2.474330648817877,463.06218727379024,180.4059284634663,500.0,0.010000000707805157,0.368791788816452,1.0
3120,3.425814784001268,544.191902774084,206.51813214432215,500.0,0.010000000707805157,0.6146316528320312,1.0
3121,2.2612513943313575,396.38953577191165,184.47197464150807,500.0,0.010000000707805157,0.3362172842025757,1.0
3122,2.2605544889322386,396.3238121480614,184.46752570210842,500.0,0.010000000707805157,0.3359947204589844,1.0
3123,1.438959198481475,223.63486506201102,194.20704077016464,500.0,0.010000000707805157,0.15552650392055511,1.0
3124,2.4724764042979865,462.32080523414186,180.3562779095267,500.0,0.010000000707805157,0.36796635389328003,1.0
3125,2.2091210409144137,349.74215138570685,209.2392931065259,500.0,0.010000000707805157,0.23667092621326447,1.0
3126,2.2593979324793034,395.8225914615711,184.43677654120165,500.0,0.010000000707805157,0.33547288179397583,1.0
3127,3.188242943941369,560.9892671122037,184.50558943390425,500.0,0.010000000707805157,0.6635750532150269,1.0
3128,2.2572936455740056,395.8865525286561,184.42952361280803,500.0,0.010000000707805157,0.33482199907302856,1.0
3129,2.256631691143838,395.82103048026806,184.42528368851205,500.0,0.010000000707805157,0.3346036672592163,1.0
3130,2.020768231185614,316.3877169035553,194.3090931427319,500.0,0.010000000707805157,0.3024415671825409,1.0
3131,2.211024242213256,349.0539353736815,209.19736450667278,500.0,0.010000000707805157,0.23683978617191315,1.0
3132,3.5733382337684567,593.0888719916488,199.08472064324732,500.0,0.010000000707805157,0.6460468769073486,1.0
3133,2.2112929741034795,349.79728014413564,209.26054206759653,500.0,0.010000000707805157,0.23645660281181335,1.0
3134,2.81460552001971,478.4036014672393,194.21310416091092,500.0,0.010000000707805157,0.4159300625324249,1.0
3135,0.19922955084075197,5.7121025207716585,148.51734666681895,500.0,0.010000000707805157,0.007335958071053028,1.0
3136,2.668289229152537,453.80209736503866,186.6949962564748,500.0,0.010000000707805157,0.48184770345687866,1.0
3137,2.849474411284817,512.0634546673293,182.7113147388214,500.0,0.010000000707805157,0.5134277939796448,1.0
3138,2.6301335514217543,415.0788859937917,204.6130239173322,500.0,0.010000000707805157,0.3836100399494171,1.0
3139,3.30971547887335,578.8420673895023,189.4529334548213,500.0,0.010000000707805157,0.5949029922485352,1.0
3140,0.197020802218117,5.6223754778994195,148.39608763981883,500.0,0.010000000707805157,0.0072555625811219215,1.0
3141,3.123547569772829,495.58268430008565,209.32999978585914,500.0,0.010000000707805157,0.46523910760879517,1.0
3142,2.4680796791332176,459.63023690624294,180.1694488488483,500.0,0.010000000707805157,0.3652249574661255,1.0
3143,1.4361591550185235,222.51742314866635,194.25428901281748,500.0,0.010000000707805157,0.15436755120754242,1.0
3144,3.6030366783228605,620.5169307617064,190.08496273027268,500.0,0.010000000707805157,0.7413150668144226,1.0
3145,2.631957977361046,415.2719490446329,204.66823883678907,500.0,0.010000000707805157,0.3830150365829468,1.0
3146,2.25465235923456,393.5992898728744,184.32753003646081,500.0,0.010000000707805157,0.33274078369140625,1.0
3147,2.8160487139265538,477.7636264997466,194.21095755079187,500.0,0.010000000707805157,0.4144321084022522,1.0
3148,1.435066377129962,222.3596475879062,194.28690545796226,500.0,0.010000000707805157,0.15398839116096497,1.0
3149,2.6646758603048477,452.32266096123965,186.64748118208513,500.0,0.010000000707805157,0.4793458580970764,1.0
3150,2.2157071929727135,350.12787861891127,209.3133433192056,500.0,0.010000000707805157,0.23579931259155273,1.0
3151,3.8509289745761497,634.1757426131835,198.61674730114336,500.0,0.010000000707805157,0.79011470079422,1.0
3152,3.435831060360919,544.9222384521591,206.68897516501283,500.0,0.010000000707805157,0.6108666062355042,1.0
3153,3.604188435147659,619.8056092477648,190.1579097374832,500.0,0.010000000707805157,0.7392897605895996,1.0
3154,2.2535888210136186,392.6363601452958,184.30637301644748,500.0,0.010000000707805157,0.3317112922668457,1.0
3155,2.217216918795074,351.31480243666107,209.40825455097806,500.0,0.010000000707805157,0.23521308600902557,1.0
3156,2.2172429603903576,351.53426281792855,209.4287044201186,500.0,0.010000000707805157,0.23507176339626312,1.0
3157,2.633918568191905,416.3110382931963,204.82877300244752,500.0,0.010000000707805157,0.3814627528190613,1.0
3158,2.018555696596769,314.43546275421346,194.42253679385016,500.0,0.010000000707805157,0.29972103238105774,1.0
3159,3.742003757502605,662.0205852170304,187.1792806369411,500.0,0.010000000707805157,0.7703917026519775,1.0
3160,2.8186940630329627,477.7419295277927,194.35214024942871,500.0,0.010000000707805157,0.4128105044364929,1.0
3161,2.2530419498915815,391.67181447087097,184.26396592174655,500.0,0.010000000707805157,0.33096516132354736,1.0
3162,2.8189205012391434,477.6507832712946,194.34369534322454,500.0,0.010000000707805157,0.4125494360923767,1.0
3163,3.855074738974033,635.1997452135585,198.75579474151166,500.0,0.010000000707805157,0.7870094776153564,1.0
3164,2.6357545943877865,416.7912621124226,204.8980562316483,500.0,0.010000000707805157,0.38065025210380554,1.0
3165,2.2529534881009985,391.1327371330692,184.24690279349008,500.0,0.010000000707805157,0.3305257558822632,1.0
3166,2.819927583325954,477.7872359159445,194.39679351035554,500.0,0.010000000707805157,0.4119693338871002,1.0
3167,1.4329299161428688,221.55409764762985,194.39150206093038,500.0,0.010000000707805157,0.15278947353363037,1.0
3168,2.220555146746029,352.59674128790226,209.51949251642424,500.0,0.010000000707805157,0.2342720925807953,1.0
3169,2.2527106392646,390.4592257831072,184.2287281907289,500.0,0.010000000707805157,0.33018213510513306,1.0
3170,3.0174806216606664,501.81782257849136,188.1200370715468,500.0,0.010000000707805157,0.6220848560333252,1.0
3171,3.585860256524364,594.2328374557565,199.41965088281407,500.0,0.010000000707805157,0.6395491361618042,1.0
3172,3.136474545456998,499.8574347552113,209.59323742807246,500.0,0.010000000707805157,0.46152907609939575,1.0
3173,1.4321204644936814,221.37683075253412,194.4433731079374,500.0,0.010000000707805157,0.1523473560810089,1.0
3174,2.221963302955642,353.3237304055371,209.58531089434317,500.0,0.010000000707805157,0.2338017076253891,1.0
3175,1.432088821111288,221.26260652804078,194.4526321111613,500.0,0.010000000707805157,0.15224583446979523,1.0
3176,3.8395542990936553,614.0150253328873,209.6811069054486,500.0,0.010000000707805157,0.6882308125495911,1.0
3177,1.432562585349699,221.1341680518605,194.4618319159992,500.0,0.010000000707805157,0.15219652652740479,1.0
3178,3.8595467038958757,635.8588011760156,199.00650365549956,500.0,0.010000000707805157,0.7836633920669556,1.0
3179,2.638198751206821,418.23640671688577,205.10855814661835,500.0,0.010000000707805157,0.37859582901000977,1.0
3180,2.2536024903022125,388.3926861419897,184.23566114817268,500.0,0.010000000707805157,0.3293865919113159,1.0
3181,1.4316257192112043,221.09229419403377,194.5096134100901,500.0,0.010000000707805157,0.15182608366012573,1.0
3182,3.181095484169188,550.193055941324,184.31056291353275,500.0,0.010000000707805157,0.652025043964386,1.0
3183,0.17894440160918265,4.905413493328055,147.50725296360108,500.0,0.010000000707805157,0.006615970283746719,1.0
3184,2.661340805464885,447.1322585128963,186.66016949415015,500.0,0.010000000707805157,0.4737522602081299,1.0
3185,0.1780924165691971,4.872581594692891,147.47097564608103,500.0,0.010000000707805157,0.006584644317626953,1.0
3186,2.4622091834321873,383.89810835607756,194.65810246430226,500.0,0.010000000707805157,0.44100743532180786,1.0
3187,3.5906611456857793,593.9660709120755,199.64068578880577,500.0,0.010000000707805157,0.6375601291656494,1.0
3188,2.8241056955464567,476.19981997134096,194.6379385684328,500.0,0.010000000707805157,0.410126656293869,1.0
3189,3.991158080328534,675.3507322865001,194.7087782039648,500.0,0.010000000707805157,0.814078688621521,1.0
3190,2.013526280588394,312.710382520009,194.63409514325832,500.0,0.010000000707805157,0.29573142528533936,1.0
3191,0.17566772847338358,4.777218247902592,147.34142853940614,500.0,0.010000000707805157,0.00649932399392128,1.0
3192,2.2262038180236527,354.4787106399439,209.70438242439255,500.0,0.010000000707805157,0.23276446759700775,1.0
3193,1.4291196654409979,220.72913706509,194.60702094160362,500.0,0.010000000707805157,0.1508587896823883,1.0
3194,2.99638239268027,473.2912965051954,202.76834697296826,500.0,0.010000000707805157,0.521619975566864,1.0
3195,0.1740361746525504,4.716279957984675,147.28894611049276,500.0,0.010000000707805157,0.006440851837396622,1.0
3196,3.1615391239696966,524.8501535262068,194.74230076651955,500.0,0.010000000707805157,0.553870439529419,1.0
3197,2.825767780782921,475.60581277576716,194.72659076996123,500.0,0.010000000707805157,0.4093138575553894,1.0
3198,2.996925566944763,473.42039505275255,202.80989449602444,500.0,0.010000000707805157,0.5209245681762695,1.0
3199,2.6403922505177855,418.42690021779913,205.24628152240751,500.0,0.010000000707805157,0.37634408473968506,1.0
3200,2.826617995968441,475.55535656990753,194.78735906097086,500.0,0.010000000707805157,0.4090176224708557,1.0
3201,2.8268368426470585,475.6455623532312,194.79237149481,500.0,0.010000000707805157,0.4088120758533478,1.0
3202,2.827060880076869,475.7351660944234,194.79733970449652,500.0,0.010000000707805157,0.40860751271247864,1.0
3203,2.2286740835431287,355.7981367778976,209.79991661217775,500.0,0.010000000707805157,0.23184165358543396,1.0
3204,2.642115474255463,418.91824743756354,205.30375584185836,500.0,0.010000000707805157,0.37580811977386475,1.0
3205,3.147300814521038,504.53078508572645,209.86809884201455,500.0,0.010000000707805157,0.45710647106170654,1.0
3206,1.4294060115074405,219.99391129433238,194.66808636419267,500.0,0.010000000707805157,0.15022382140159607,1.0
3207,2.642597239613938,419.35586160759664,205.3539724755002,500.0,0.010000000707805157,0.3753402531147003,1.0
3208,2.466975976328942,444.543668551707,179.61528106121966,500.0,0.010000000707805157,0.35952872037887573,1.0
3209,1.7475518629769342,314.0223435202219,179.5548267717889,500.0,0.010000000707805157,0.18254487216472626,1.0
3210,2.2300507591698797,356.4442856691586,209.84195516113928,500.0,0.010000000707805157,0.23129668831825256,1.0
3211,2.251541198945217,383.3422356226383,184.15391987726315,500.0,0.010000000707805157,0.326363742351532,1.0
3212,1.7470389539592688,313.69503776716374,179.52576465019206,500.0,0.010000000707805157,0.18230345845222473,1.0
3213,0.16679104887890034,4.450345670412836,146.93460583792768,500.0,0.010000000707805157,0.006176927126944065,1.0
3214,2.66076519645294,441.95900302608294,186.62529374990453,500.0,0.010000000707805157,0.46996885538101196,1.0
3215,2.012239718726491,310.77971935414024,194.7372773008027,500.0,0.010000000707805157,0.29332709312438965,1.0
3216,4.2318526739337745,694.1147315048268,202.46420501103577,500.0,0.010000000707805157,0.8587973117828369,1.0
3217,0.16527591761393184,4.391230527851556,146.85574323148194,500.0,0.010000000707805157,0.006123910658061504,1.0
3218,1.4280839594738286,219.31732460591425,194.7065593533508,500.0,0.010000000707805157,0.1495317667722702,1.0
3219,3.8581245211830493,619.2964228314174,209.92649446011924,500.0,0.010000000707805157,0.6813228726387024,1.0
3220,1.4286052914885738,219.17830552802312,194.71512512929917,500.0,0.010000000707805157,0.14948353171348572,1.0
3221,0.16374069005227004,4.335778226514623,146.8023064789819,500.0,0.010000000707805157,0.006068832706660032,1.0
3222,2.8306608589376223,474.5117339962875,194.9810652316187,500.0,0.010000000707805157,0.40677502751350403,1.0
3223,0.16296279611575565,4.309417760582586,146.76661851952812,500.0,0.010000000707805157,0.0060392566956579685,1.0
3224,3.167139320020287,523.0069151764833,194.97195265751995,500.0,0.010000000707805157,0.5501648187637329,1.0
3225,1.428529278488877,218.8214199452513,194.71820488068948,500.0,0.010000000707805157,0.1492818295955658,1.0
3226,2.6607695075739595,439.78478863404166,186.64743429212209,500.0,0.010000000707805157,0.468530535697937,1.0
3227,2.2334918610015198,356.91824504784677,209.89080793779647,500.0,0.010000000707805157,0.23047010600566864,1.0
3228,3.60311705402304,594.5496944632788,200.08338090384984,500.0,0.010000000707805157,0.6310467720031738,1.0
3229,3.459676092626896,552.2720867294205,207.35611101047772,500.0,0.010000000707805157,0.5977897644042969,1.0
3230,2.2515506548507482,380.0359129885599,184.11478488307338,500.0,0.010000000707805157,0.32483989000320435,1.0
3231,2.2345898037521983,357.94361192420587,209.93663616371657,500.0,0.010000000707805157,0.22991326451301575,1.0
3232,2.234670136803711,358.1615512126701,209.94671532121657,500.0,0.010000000707805157,0.22977808117866516,1.0
3233,2.8331112148733264,474.2959001952502,195.10671134542125,500.0,0.010000000707805157,0.405540406703949,1.0
3234,2.833347105017403,474.3885809938691,195.11013517416606,500.0,0.010000000707805157,0.4053351879119873,1.0
3235,2.846630498520517,490.56867531257006,182.17948302013798,500.0,0.010000000707805157,0.5003587603569031,1.0
3236,3.0052464563044947,473.8008603427205,203.1131241097419,500.0,0.010000000707805157,0.5157372355461121,1.0
3237,0.15770293502368013,4.114721453298746,146.48415807672606,500.0,0.010000000707805157,0.005850648507475853,1.0
3238,1.746922596142117,309.35986052644984,179.31521765486096,500.0,0.010000000707805157,0.18117380142211914,1.0
3239,3.158779687001118,507.6280464791949,209.98356185535437,500.0,0.010000000707805157,0.4531955420970917,1.0
3240,2.6496297526482686,420.2002032089437,205.55451928635853,500.0,0.010000000707805157,0.37211090326309204,1.0
3241,2.2368848947069258,359.100904398135,209.97891660740643,500.0,0.010000000707805157,0.22904494404792786,1.0
3242,2.252380330252139,378.017934028197,184.0491805682121,500.0,0.010000000707805157,0.3240216374397278,1.0
3243,3.878183710375369,635.020533232379,199.61211561996467,500.0,0.010000000707805157,0.7710347771644592,1.0
3244,2.835593481087582,474.2139553219363,195.19238955107392,500.0,0.010000000707805157,0.404109925031662,1.0
3245,2.8358434153457774,474.3037785416527,195.19522777556458,500.0,0.010000000707805157,0.40390634536743164,1.0
3246,2.6629236402507503,436.2853149559529,186.57021303565125,500.0,0.010000000707805157,0.46643969416618347,1.0
3247,1.4283207926440702,217.47315960397083,194.7874620205308,500.0,0.010000000707805157,0.14821112155914307,1.0
3248,2.6513576739868143,420.572274379707,205.60569443828228,500.0,0.010000000707805157,0.3711509108543396,1.0
3249,2.4660022955639667,435.68328882859356,179.2598925317394,500.0,0.010000000707805157,0.35572612285614014,1.0
3250,3.163518445071778,509.2690419563544,210.01830269314976,500.0,0.010000000707805157,0.45160484313964844,1.0
3251,2.837043099385967,474.02317490015855,195.22248982754,500.0,0.010000000707805157,0.40322303771972656,1.0
3252,4.01046174535667,672.3117788649445,195.28462676403066,500.0,0.010000000707805157,0.801147997379303,1.0
3253,3.4698727320918925,555.5078086558065,207.49656073356573,500.0,0.010000000707805157,0.593230664730072,1.0
3254,2.466447319028787,435.0916860075975,179.1913608450904,500.0,0.010000000707805157,0.35486260056495667,1.0
3255,1.429183654520192,216.7050880739312,194.7634865580193,500.0,0.010000000707805157,0.14802294969558716,1.0
3256,1.74648092470955,307.0948607835189,179.13104359013212,500.0,0.010000000707805157,0.17990656197071075,1.0
3257,3.883918388110249,635.6701692014433,199.68018807339948,500.0,0.010000000707805157,0.767514705657959,1.0
3258,1.4289212276477332,216.5427806063123,194.7762949578983,500.0,0.010000000707805157,0.14784276485443115,1.0
3259,3.615178037954352,597.0270124760455,200.3492306091467,500.0,0.010000000707805157,0.6243921518325806,1.0
3260,3.878886956766414,627.9550994240333,210.07370556502738,500.0,0.010000000707805157,0.671647846698761,1.0
3261,4.253365066294933,701.0332805041405,202.92144056789394,500.0,0.010000000707805157,0.84528648853302,1.0
3262,3.7548744328662513,599.3292187408738,205.77901689577382,500.0,0.010000000707805157,0.7333846688270569,1.0
3263,1.7482061950617938,305.7232557892767,179.05283038841813,500.0,0.010000000707805157,0.17969371378421783,1.0
3264,1.430509843032105,215.99869755710404,194.78127833508674,500.0,0.010000000707805157,0.14771194756031036,1.0
3265,2.8417099227807046,475.0579397038745,195.39200856566396,500.0,0.010000000707805157,0.4007490575313568,1.0
3266,1.4304155882427296,215.8708076711328,194.78533286136897,500.0,0.010000000707805157,0.14761555194854736,1.0
3267,3.3338528718110885,565.4521470739134,190.18371060223538,500.0,0.010000000707805157,0.5749304294586182,1.0
3268,2.842315560123513,475.01815262914573,195.38270555949097,500.0,0.010000000707805157,0.4002709686756134,1.0
3269,2.842593043445222,475.0951444507974,195.38362345779746,500.0,0.010000000707805157,0.4000697135925293,1.0
3270,0.14546861042493908,3.6759402492276876,145.7553503359158,500.0,0.010000000707805157,0.005408165045082569,1.0
3271,0.14514744353252665,3.6660485954582684,145.74562009594032,500.0,0.010000000707805157,0.005395698361098766,1.0
3272,1.7473094171792802,304.80232788547664,178.96685584483848,500.0,0.010000000707805157,0.17899805307388306,1.0
3273,3.019524479838737,529.5648256471499,179.0341115529552,500.0,0.010000000707805157,0.5263680219650269,1.0
3274,2.2530356153577125,373.5916548726218,183.77575882052696,500.0,0.010000000707805157,0.32077205181121826,1.0
3275,2.252510424025113,373.51984205123586,183.7736656973005,500.0,0.010000000707805157,0.3205576241016388,1.0
3276,0.14339288889073132,3.606109478857882,145.623614139296,500.0,0.010000000707805157,0.005328151397407055,1.0
3277,3.8918273639335856,636.0885006932434,199.75880453861288,500.0,0.010000000707805157,0.7629117369651794,1.0
3278,3.176701942359963,514.0338076336982,210.0205194606664,500.0,0.010000000707805157,0.44683077931404114,1.0
3279,3.623402546514043,598.8346123706449,200.45349409050348,500.0,0.010000000707805157,0.6196578741073608,1.0
3280,2.249354214466483,363.85663667290527,209.99626481604312,500.0,0.010000000707805157,0.22547948360443115,1.0
3281,3.3361250451735236,564.7607467851657,190.14973432518212,500.0,0.010000000707805157,0.571696400642395,1.0
3282,2.8453847214749333,474.9455205288327,195.3742505188889,500.0,0.010000000707805157,0.39814141392707825,1.0
3283,2.663707579619761,422.9030238702298,205.74262959018932,500.0,0.010000000707805157,0.36736083030700684,1.0
3284,2.6666901745230405,429.7685936580805,186.3101630418399,500.0,0.010000000707805157,0.46220502257347107,1.0
3285,3.0203621911601646,474.6236880048121,203.38087773677717,500.0,0.010000000707805157,0.5090983510017395,1.0
3286,2.6637944373179825,423.0515924905117,205.76739736990703,500.0,0.010000000707805157,0.3668064475059509,1.0
3287,2.8466718304774714,474.50687203471193,195.43258979861548,500.0,0.010000000707805157,0.3977263569831848,1.0
3288,1.746443098674437,302.853298767716,178.79839558846132,500.0,0.010000000707805157,0.1776914894580841,1.0
3289,1.430509266093258,213.9723527991786,194.75973215726944,500.0,0.010000000707805157,0.14674992859363556,1.0
3290,0.13843963646424656,3.4315234489119595,145.3321372472173,500.0,0.010000000707805157,0.00514975655823946,1.0
3291,2.017577774325747,302.9139735901177,194.81486062850448,500.0,0.010000000707805157,0.288231760263443,1.0
3292,3.0203834921859993,474.44350915960086,203.41622247190696,500.0,0.010000000707805157,0.5078686475753784,1.0
3293,3.4862704065603656,559.2219313499251,207.58437039170744,500.0,0.010000000707805157,0.5861049294471741,1.0
3294,2.4663093176998805,426.9630925527732,178.80575783783627,500.0,0.010000000707805157,0.35031557083129883,1.0
3295,2.846922357300719,478.3336347621749,181.73562306191474,500.0,0.010000000707805157,0.4911651611328125,1.0
3296,2.6630376699109073,428.14031118728684,186.36720080996628,500.0,0.010000000707805157,0.4594802260398865,1.0
3297,2.8483217352770906,473.23672923398425,195.42995126162268,500.0,0.010000000707805157,0.39687269926071167,1.0
3298,1.7449609889614284,301.4352037086116,178.71733173823623,500.0,0.010000000707805157,0.17692434787750244,1.0
3299,2.2508175764499794,369.87978364288125,183.69022998168117,500.0,0.010000000707805157,0.3177563548088074,1.0
3300,2.848777944947566,472.99374941951567,195.40548211211762,500.0,0.010000000707805157,0.3964962959289551,1.0
3301,2.250511158593061,369.6715759727839,183.67297208897205,500.0,0.010000000707805157,0.3174668550491333,1.0
3302,2.256226669536976,363.832515609327,209.94241063466896,500.0,0.010000000707805157,0.22457318007946014,1.0
3303,2.2504630578144464,369.3536242335126,183.66550331167812,500.0,0.010000000707805157,0.31729304790496826,1.0
3304,1.74405926312393,300.8989211056206,178.66259736993945,500.0,0.010000000707805157,0.17635750770568848,1.0
3305,2.2569134279813703,363.7063233931012,209.9305896244934,500.0,0.010000000707805157,0.22448492050170898,1.0
3306,0.1331210377382289,3.247127987364555,144.99249467715737,500.0,0.010000000707805157,0.004954168107360601,1.0
3307,2.66755895510552,422.02094949279825,205.7686070889169,500.0,0.010000000707805157,0.3651125431060791,1.0
3308,2.250442523980062,368.54290446784483,183.64731640208294,500.0,0.010000000707805157,0.3169378638267517,1.0
3309,3.015269973086243,521.5236336098492,178.7038733014944,500.0,0.010000000707805157,0.5190723538398743,1.0
3310,2.2492778368703616,368.62106834628025,183.6132247959609,500.0,0.010000000707805157,0.3163701891899109,1.0
3311,2.248819555464209,368.5496682644165,183.61176916672795,500.0,0.010000000707805157,0.31616103649139404,1.0
3312,3.3391599426114857,560.2106763097715,190.06790803404016,500.0,0.010000000707805157,0.5662734508514404,1.0
3313,2.259579614137834,363.25206180731954,209.8911169194538,500.0,0.010000000707805157,0.2242928296327591,1.0
3314,2.248736690255253,368.20068719123367,183.57953454166204,500.0,0.010000000707805157,0.315797358751297,1.0
3315,1.7424548281259962,300.05944519118066,178.5580891810593,500.0,0.010000000707805157,0.17523616552352905,1.0
3316,3.185935401094465,517.8455861559012,195.27489225223857,500.0,0.010000000707805157,0.5351688861846924,1.0
3317,2.8517804038284944,471.58749004395617,195.32968603111385,500.0,0.010000000707805157,0.3945067822933197,1.0
3318,1.742230162831773,299.8374251079729,178.52514521990796,500.0,0.010000000707805157,0.17492061853408813,1.0
3319,1.426406593082432,212.211283253088,194.83047673858496,500.0,0.010000000707805157,0.144979789853096,1.0
3320,2.6705699727570344,420.95048652218316,205.73819436408795,500.0,0.010000000707805157,0.36425721645355225,1.0
3321,1.7421660785655322,299.3028351378071,178.50680144792412,500.0,0.010000000707805157,0.1748160719871521,1.0
3322,3.186897278995834,517.2468876926653,195.27783359704702,500.0,0.010000000707805157,0.534331202507019,1.0
3323,3.1871569370625625,517.2157971790876,195.28294953126004,500.0,0.010000000707805157,0.5340898036956787,1.0
3324,0.12731829001952888,3.050682515940173,144.58776852871165,500.0,0.010000000707805157,0.00473853200674057,1.0
3325,2.460291851878465,423.3133558520881,178.51024731588564,500.0,0.010000000707805157,0.3444285988807678,1.0
3326,3.025774115606404,471.5970253739966,203.41090387111325,500.0,0.010000000707805157,0.5039045810699463,1.0
3327,2.672013348495223,420.82943806925863,205.74398553505148,500.0,0.010000000707805157,0.3635409474372864,1.0
3328,3.1985746486386226,514.659418355293,209.86784132953437,500.0,0.010000000707805157,0.44267454743385315,1.0
3329,3.500263977933465,557.7201240209265,207.5090354084956,500.0,0.010000000707805157,0.5821475386619568,1.0
3330,3.189175366132407,516.933893643218,195.35665177904133,500.0,0.010000000707805157,0.5328993201255798,1.0
3331,2.2646501103137617,364.37062029427574,209.83212916489867,500.0,0.010000000707805157,0.223014235496521,1.0
3332,0.12470623157906631,2.9619821514397673,144.43605214346252,500.0,0.010000000707805157,0.004645181819796562,1.0
3333,2.842756676295842,471.6303634145207,181.46652803473745,500.0,0.010000000707805157,0.4839278757572174,1.0
3334,3.177169593401352,517.6951568408988,183.56452552049225,500.0,0.010000000707805157,0.6232069730758667,1.0
3335,0.1237650160347761,2.9295924539818277,144.35533697229138,500.0,0.010000000707805157,0.00461003789678216,1.0
3336,2.265992410606086,363.87218493627864,209.81302170979237,500.0,0.010000000707805157,0.22298899292945862,1.0
3337,2.266096882212731,364.0778458985265,209.80904828401592,500.0,0.010000000707805157,0.2228580266237259,1.0
3338,0.12294676450059794,2.904504618633872,144.3213917049916,500.0,0.010000000707805157,0.004579511936753988,1.0
3339,3.028355595514168,471.8322151830038,203.46746155555834,500.0,0.010000000707805157,0.5017920136451721,1.0
3340,3.644862216605923,595.8452977843747,200.52284082873422,500.0,0.010000000707805157,0.61060631275177,1.0
3341,1.7427080684342535,295.95045068110875,178.33265408032986,500.0,0.010000000707805157,0.17378270626068115,1.0
3342,2.8574422751585855,470.1473794302788,195.43840398303635,500.0,0.010000000707805157,0.39172568917274475,1.0
3343,3.3455139549880295,556.5445292312911,190.11184331258264,500.0,0.010000000707805157,0.5609126091003418,1.0
3344,1.4260896850693432,210.5495017886563,194.8914448459339,500.0,0.010000000707805157,0.14377287030220032,1.0
3345,2.268223153175704,364.6925654394369,209.76608086842603,500.0,0.010000000707805157,0.22221338748931885,1.0
3346,2.2487469397097857,363.17705223747777,183.42855413440904,500.0,0.010000000707805157,0.31266844272613525,1.0
3347,3.506760649779315,558.4069070711014,207.4774112333975,500.0,0.010000000707805157,0.5793332457542419,1.0
3348,2.2689594133087767,365.14970577820304,209.75104668061513,500.0,0.010000000707805157,0.22188764810562134,1.0
3349,2.859283923099822,470.04075145700415,195.47361522510408,500.0,0.010000000707805157,0.39078372716903687,1.0
3350,2.8595941318260776,470.10466554010924,195.47173539025763,500.0,0.010000000707805157,0.39058032631874084,1.0
3351,1.7430194331415998,294.71137167997045,178.23429968396385,500.0,0.010000000707805157,0.17309020459651947,1.0
3352,3.2078001710157547,517.7128617850327,209.7406340648142,500.0,0.010000000707805157,0.43885350227355957,1.0
3353,2.2702046485945617,365.96658999926836,209.70555290098156,500.0,0.010000000707805157,0.2212849259376526,1.0
3354,1.743540746534167,294.212615296055,178.2066352002778,500.0,0.010000000707805157,0.1730160266160965,1.0
3355,2.860786045565245,470.16929677894706,195.4788418484627,500.0,0.010000000707805157,0.38985714316368103,1.0
3356,3.1807829143373327,512.5254393062726,183.40849522771413,500.0,0.010000000707805157,0.620329737663269,1.0
3357,2.861351445772444,469.9848894148136,195.4587104642668,500.0,0.010000000707805157,0.38951581716537476,1.0
3358,2.680538060391191,421.99583041826133,205.73245315787386,500.0,0.010000000707805157,0.36016130447387695,1.0
3359,2.272113323332106,366.1528565734636,209.66422293014202,500.0,0.010000000707805157,0.22090019285678864,1.0
3360,3.5122601327365577,560.092831026629,207.42409954300152,500.0,0.010000000707805157,0.5766540169715881,1.0
3361,3.1970182132538074,515.1092232611217,195.4360392423183,500.0,0.010000000707805157,0.5281225442886353,1.0
3362,2.250664880319461,360.34591995415025,183.32524278684923,500.0,0.010000000707805157,0.3113975524902344,1.0
3363,2.014338027141586,296.08523561147405,194.94293276557522,500.0,0.010000000707805157,0.28187957406044006,1.0
3364,2.2734475564905305,366.5139612620209,209.6384848591651,500.0,0.010000000707805157,0.22052395343780518,1.0
3365,2.2735394164698643,366.71479017124466,209.62874028806996,500.0,0.010000000707805157,0.22039401531219482,1.0
3366,1.7438101586269148,292.20078048228214,178.10126639653933,500.0,0.010000000707805157,0.17235225439071655,1.0
3367,3.180656097856829,509.8560577193375,183.38878743891507,500.0,0.010000000707805157,0.6181327104568481,1.0
3368,1.7431528598594535,292.18292893332824,178.08271212855502,500.0,0.010000000707805157,0.17200630903244019,1.0
3369,2.660760194644765,416.396390752369,186.0947304323995,500.0,0.010000000707805157,0.4490377902984619,1.0
3370,2.8642830758394378,468.8547452979414,195.49116049924663,500.0,0.010000000707805157,0.3881423771381378,1.0
3371,2.462173230717541,413.56218516936696,178.09528177697482,500.0,0.010000000707805157,0.3393009305000305,1.0
3372,2.6833173771491783,421.67556033471504,205.7176983427974,500.0,0.010000000707805157,0.35868582129478455,1.0
3373,1.425315020713984,208.60298388672072,194.95019956397562,500.0,0.010000000707805157,0.14236100018024445,1.0
3374,1.7425995474210723,291.5755917443539,178.03470749950696,500.0,0.010000000707805157,0.17146368324756622,1.0
3375,2.248381677310817,358.858815451815,183.28750421782416,500.0,0.010000000707805157,0.3095390200614929,1.0
3376,2.8653865924426523,468.24047702429453,195.46318848304963,500.0,0.010000000707805157,0.38750919699668884,1.0
3377,2.8657122393920376,468.2984137459949,195.46027153859913,500.0,0.010000000707805157,0.3873068690299988,1.0
3378,2.6845080361320943,421.4558217624025,205.70460153705042,500.0,0.010000000707805157,0.3581802248954773,1.0
3379,4.189945589812517,670.1734855087014,208.04653605836774,500.0,0.010000000707805157,0.7904554605484009,1.0
3380,1.7431051613847548,290.5979421293434,177.97336090891312,500.0,0.010000000707805157,0.17110556364059448,1.0
3381,2.843570720827603,461.8353816399404,181.13894542688618,500.0,0.010000000707805157,0.4761742353439331,1.0
3382,1.7426064670444297,290.66309174760966,177.95496027767024,500.0,0.010000000707805157,0.1707623153924942,1.0
3383,2.685882561597125,421.53677523827076,205.69004559497378,500.0,0.010000000707805157,0.3575775623321533,1.0
3384,1.7426459177088547,290.3675882818486,177.94015585739672,500.0,0.010000000707805157,0.1706615537405014,1.0
3385,0.10913323876262143,2.4552316983434,143.3363569985133,500.0,0.010000000707805157,0.004071615170687437,1.0
3386,2.8428841125689264,461.2287550916222,181.10568253949336,500.0,0.010000000707805157,0.4751526713371277,1.0
3387,3.2007767701241936,512.2967102664126,195.3918627124374,500.0,0.010000000707805157,0.5239161252975464,1.0
3388,2.8422187153055933,461.0550561929223,181.08887211573938,500.0,0.010000000707805157,0.47437387704849243,1.0
3389,3.2010909735168944,512.0714423505606,195.37759741284222,500.0,0.010000000707805157,0.5234057903289795,1.0
3390,2.658038671054137,413.5579468240436,186.016736328035,500.0,0.010000000707805157,0.4450533986091614,1.0
3391,2.009132590509397,293.9749095061341,195.04814782127693,500.0,0.010000000707805157,0.2785482406616211,1.0
3392,2.687169599277477,420.73315122939573,205.68668667113113,500.0,0.010000000707805157,0.3566833734512329,1.0
3393,1.42237210376104,207.666422362291,195.05970777244178,500.0,0.010000000707805157,0.14096054434776306,1.0
3394,3.355728646108287,549.7805504498137,190.0847189913132,500.0,0.010000000707805157,0.5516126751899719,1.0
3395,3.0131166048545244,502.3715484548239,177.92589085977056,500.0,0.010000000707805157,0.5013526082038879,1.0
3396,1.7413100732802271,289.35684965180286,177.8357930219446,500.0,0.010000000707805157,0.16927272081375122,1.0
3397,3.3562686867508646,549.9127741264149,190.01660936968727,500.0,0.010000000707805157,0.5503050088882446,1.0
3398,3.3566585408800647,550.0069160205155,190.0000085915821,500.0,0.010000000707805157,0.5498203039169312,1.0
3399,2.245899434655569,356.19885039502327,183.12702296562335,500.0,0.010000000707805157,0.30579033493995667,1.0
3400,3.9550469605772,634.3671207736791,209.44826237466833,500.0,0.010000000707805157,0.6502679586410522,1.0
3401,3.80319132977344,596.1855042643869,205.67149519401354,500.0,0.010000000707805157,0.7083011865615845,1.0
3402,2.8727746597045654,466.6926521789249,195.39892948262653,500.0,0.010000000707805157,0.3836063742637634,1.0
3403,2.2469149723913286,355.1421954866246,183.11215366272287,500.0,0.010000000707805157,0.30550098419189453,1.0
3404,1.7418340298254087,288.3270666961581,177.74297839345977,500.0,0.010000000707805157,0.16851551830768585,1.0
3405,0.10330875847005304,2.2687730629516536,142.82981034965715,500.0,0.010000000707805157,0.0038567003794014454,1.0
3406,3.3590764811861744,549.1702982418284,190.00558766890867,500.0,0.010000000707805157,0.5481138229370117,1.0
3407,0.10281338802892462,2.254160053840376,142.78641348000738,500.0,0.010000000707805157,0.003837629221379757,1.0
3408,3.2331697680622673,518.2068023101845,209.3401945301468,500.0,0.010000000707805157,0.43311449885368347,1.0
3409,2.6924158887558467,420.6084374657331,205.5923495358566,500.0,0.010000000707805157,0.35497021675109863,1.0
3410,2.009420178956687,291.6881383588739,195.0302006111474,500.0,0.010000000707805157,0.27718403935432434,1.0
3411,2.8417807502265813,456.6647023579966,180.9308107719028,500.0,0.010000000707805157,0.4695044755935669,1.0
3412,1.7420231666810084,287.24192851295857,177.68006970749278,500.0,0.010000000707805157,0.16800755262374878,1.0
3413,3.7843862278523974,620.2150929438865,187.1549632588455,500.0,0.010000000707805157,0.7114684581756592,1.0
3414,1.4218751263516358,205.71729416985838,194.99954640421393,500.0,0.010000000707805157,0.14013656973838806,1.0
3415,2.246270972560508,353.6853101218094,183.04424434685058,500.0,0.010000000707805157,0.3039802312850952,1.0
3416,0.10047160822786078,2.1812134743568685,142.59637483033976,500.0,0.010000000707805157,0.0037510856054723263,1.0
3417,2.2460489914520356,353.46969864199724,183.04203574107478,500.0,0.010000000707805157,0.3037738502025604,1.0
3418,3.0437094296195117,467.87180374816023,203.42876582579328,500.0,0.010000000707805157,0.49062347412109375,1.0
3419,4.067185079626902,659.3262747844564,195.40198858110472,500.0,0.010000000707805157,0.7606301307678223,1.0
3420,2.8770381761807218,465.06650959122516,195.34476189574607,500.0,0.010000000707805157,0.3814065456390381,1.0
3421,2.4566564126823036,356.6992223666373,195.10657079580008,500.0,0.010000000707805157,0.41193997859954834,1.0
3422,2.245590705978475,352.55093457808715,183.04791303741038,500.0,0.010000000707805157,0.3029293417930603,1.0
3423,2.8776659226089993,464.47966279174466,195.35056843542884,500.0,0.010000000707805157,0.38119563460350037,1.0
3424,3.208104980557059,508.4946576568937,195.33227799548365,500.0,0.010000000707805157,0.5168886780738831,1.0
3425,2.6549348907954724,408.26665719511556,185.92701643119187,500.0,0.010000000707805157,0.43826210498809814,1.0
3426,1.419421515484047,205.39534676091432,195.12645076963716,500.0,0.010000000707805157,0.13903555274009705,1.0
3427,2.453287782005189,356.8265585695022,195.21394417100032,500.0,0.010000000707805157,0.4098268747329712,1.0
3428,3.537359335981995,556.9715382957766,207.15380863816787,500.0,0.010000000707805157,0.5670814514160156,1.0
3429,2.879168525403626,463.55908487708984,195.38803672224398,500.0,0.010000000707805157,0.38065212965011597,1.0
3430,2.294070871964156,365.4770491118261,209.17068459568324,500.0,0.010000000707805157,0.21724377572536469,1.0
3431,2.294158840680144,365.66711209540557,209.15477526972748,500.0,0.010000000707805157,0.2171129733324051,1.0
3432,3.209509702603546,507.59428475568467,195.39127999170245,500.0,0.010000000707805157,0.5155149102210999,1.0
3433,2.88024994881525,463.5696949480493,195.3976088499653,500.0,0.010000000707805157,0.3800366520881653,1.0
3434,3.6819452712397642,591.8937691413595,200.36912512749652,500.0,0.010000000707805157,0.5934134721755981,1.0
3435,2.295373062221436,366.39580892713695,209.07159133251608,500.0,0.010000000707805157,0.21652087569236755,1.0
3436,3.3666653717562602,544.41652860847,190.017842019727,500.0,0.010000000707805157,0.5425730347633362,1.0
3437,3.211589807152868,507.51790519073046,195.3682009471741,500.0,0.010000000707805157,0.5144001841545105,1.0
3438,1.7432157455614958,283.0415625562061,177.4337551921845,500.0,0.010000000707805157,0.1660769283771515,1.0
3439,2.2966168884608877,366.54115775734033,209.01508798769393,500.0,0.010000000707805157,0.21618607640266418,1.0
3440,2.46375526202858,400.67668376229375,177.456873497978,500.0,0.010000000707805157,0.3285938501358032,1.0
3441,2.6562599233582302,405.17216960759947,185.87705214777435,500.0,0.010000000707805157,0.4360284209251404,1.0
3442,3.24756736616164,518.8457856875149,209.0128995015067,500.0,0.010000000707805157,0.42893603444099426,1.0
3443,2.6996749863656717,420.0079208393731,205.45393841281765,500.0,0.010000000707805157,0.35082095861434937,1.0
3444,3.686117226058096,592.2162199916587,200.3171821959029,500.0,0.010000000707805157,0.5908227562904358,1.0
3445,0.09248777331188342,1.9355719152092838,141.9508720136523,500.0,0.010000000707805157,0.00346015440300107,1.0
3446,2.8840519101549695,463.42407520182695,195.36858069551073,500.0,0.010000000707805157,0.3778363764286041,1.0
3447,1.4207178688061806,203.5502433899651,195.1228753185605,500.0,0.010000000707805157,0.13823960721492767,1.0
3448,2.464806091164479,398.8673155654725,177.38411474930356,500.0,0.010000000707805157,0.3277227580547333,1.0
3449,2.8847459822706134,463.15384855779666,195.3454843140859,500.0,0.010000000707805157,0.3774527907371521,1.0
3450,2.6572452853445037,403.4411001747004,185.83617243716688,500.0,0.010000000707805157,0.43494170904159546,1.0
3451,3.7944407392978086,612.6792411602894,187.0858223401976,500.0,0.010000000707805157,0.701386570930481,1.0
3452,1.744018405394927,281.58081482837775,177.30215416149412,500.0,0.010000000707805157,0.16478443145751953,1.0
3453,3.2521608652473537,519.2925362808398,208.85982645758412,500.0,0.010000000707805157,0.4272719919681549,1.0
3454,2.3008668447726226,367.0119712476139,208.8072349908574,500.0,0.010000000707805157,0.21497604250907898,1.0
3455,2.3009257481008754,367.1954627529443,208.78620931247426,500.0,0.010000000707805157,0.21484524011611938,1.0
3456,2.4567540164769324,352.0812912235054,195.15752891926516,500.0,0.010000000707805157,0.40744081139564514,1.0
3457,1.4199808552060134,202.86793240094426,195.1428491193111,500.0,0.010000000707805157,0.13768291473388672,1.0
3458,2.3012688549496496,367.0391538451731,208.78126974218404,500.0,0.010000000707805157,0.21477948129177094,1.0
3459,3.2530379214515683,520.1951189842829,208.77179586688334,500.0,0.010000000707805157,0.4261579215526581,1.0
3460,3.052393324473087,467.0927415479851,203.3050744459156,500.0,0.010000000707805157,0.48335593938827515,1.0
3461,3.2535243016284503,520.8955322920203,208.71593026421056,500.0,0.010000000707805157,0.42548641562461853,1.0
3462,1.4207830566970694,202.51114495273438,195.16812325710308,500.0,0.010000000707805157,0.13747791945934296,1.0
3463,2.467022584117059,394.8988715250139,177.2462529700522,500.0,0.010000000707805157,0.3264051675796509,1.0
3464,1.4203667250427459,202.41126558391545,195.16955758471207,500.0,0.010000000707805157,0.13736523687839508,1.0
3465,1.4201287662552728,202.43650896486145,195.18601080748763,500.0,0.010000000707805157,0.13727091252803802,1.0
3466,2.6577297741214774,400.3995772458327,185.86432657249537,500.0,0.010000000707805157,0.432670533657074,1.0
3467,3.2552045467208157,520.3568747623214,208.68811912100767,500.0,0.010000000707805157,0.42520952224731445,1.0
3468,3.255367127865667,520.9523027999502,208.64254958142806,500.0,0.010000000707805157,0.4247097074985504,1.0
3469,2.7045695699834225,420.44176751442745,205.26370905193846,500.0,0.010000000707805157,0.34755808115005493,1.0
3470,2.3031670014785846,368.29966660352727,208.56585803436562,500.0,0.010000000707805157,0.21351952850818634,1.0
3471,1.7462828975848983,277.14502887028954,177.1411387273844,500.0,0.010000000707805157,0.16450606286525726,1.0
3472,0.08616355339863432,1.749574753414669,141.45274905259464,500.0,0.010000000707805157,0.0032281503081321716,1.0
3473,3.256065324779323,521.7059083463288,208.54828370240264,500.0,0.010000000707805157,0.4237462878227234,1.0
3474,2.7054123105852006,420.6945533054224,205.20772901744542,500.0,0.010000000707805157,0.34703266620635986,1.0
3475,2.89024474872976,461.508437464117,195.38449037963863,500.0,0.010000000707805157,0.3744250237941742,1.0
3476,3.5188948843583745,543.8386904596055,195.3821007599662,500.0,0.010000000707805157,0.6422263383865356,1.0
3477,3.5530201695229584,560.7314966522579,206.5931674041617,500.0,0.010000000707805157,0.5564621090888977,1.0
3478,3.2207111624743536,504.09259217405025,195.38467832003383,500.0,0.010000000707805157,0.5075854063034058,1.0
3479,2.250675049839231,341.68732487994083,182.83943613760715,500.0,0.010000000707805157,0.29767724871635437,1.0
3480,2.65983874016062,397.23990355504606,185.86386657316194,500.0,0.010000000707805157,0.43100106716156006,1.0
3481,2.8919559499212135,460.8067853130768,195.37384158313634,500.0,0.010000000707805157,0.373513787984848,1.0
3482,3.55470464959503,560.7158394909985,206.53634921687728,500.0,0.010000000707805157,0.5553218126296997,1.0
3483,1.4204383466967763,201.29860712752378,195.2825602657161,500.0,0.010000000707805157,0.1362229287624359,1.0
3484,2.2503631522526306,340.8261972685089,182.8468499668568,500.0,0.010000000707805157,0.2969810366630554,1.0
3485,2.3063201084414064,369.00651506791644,208.30963407872213,500.0,0.010000000707805157,0.2122121900320053,1.0
3486,1.7474934531101858,274.23154946544645,177.00264365893338,500.0,0.010000000707805157,0.16375380754470825,1.0
3487,2.8349455385518265,404.01878532396546,195.39445082025958,500.0,0.010000000707805157,0.5353788137435913,1.0
3488,3.699577223605817,590.675470549522,200.18020833087843,500.0,0.010000000707805157,0.5823463797569275,1.0
3489,2.7077869095906943,420.75226444523383,205.08974537099232,500.0,0.010000000707805157,0.3446584641933441,1.0
3490,0.0817398265503398,1.6195865142667585,141.07714185242205,500.0,0.010000000707805157,0.0030682343058288097,1.0
3491,2.8481955923829974,436.7210216701976,180.51508163137507,500.0,0.010000000707805157,0.45698609948158264,1.0
3492,2.708132259341302,420.5063516316228,205.08026637803806,500.0,0.010000000707805157,0.3444022834300995,1.0
3493,2.894389659587562,459.5213192391818,195.36969148805423,500.0,0.010000000707805157,0.3721991777420044,1.0
3494,2.894671397617382,459.55011338737137,195.35749634909388,500.0,0.010000000707805157,0.37198758125305176,1.0
3495,2.3083936098890714,369.18164164856097,208.14980615083718,500.0,0.010000000707805157,0.2114548534154892,1.0
3496,3.2632348551147734,523.2255172003256,208.1272362569382,500.0,0.010000000707805157,0.41982319951057434,1.0
3497,3.224097500570869,502.1501136192159,195.3651068064386,500.0,0.010000000707805157,0.504140317440033,1.0
3498,1.4200961798334797,200.40119171128907,195.3465853922177,500.0,0.010000000707805157,0.13537824153900146,1.0
3499,2.2512007214435203,338.12657446176763,182.81302762463156,500.0,0.010000000707805157,0.29549336433410645,1.0
3500,2.0055361105132326,283.84916459904406,195.407127489879,500.0,0.010000000707805157,0.26747429370880127,1.0
3501,2.2506071045296876,337.87113510957965,182.8342702104927,500.0,0.010000000707805157,0.2951175570487976,1.0
3502,2.004378813401772,283.9798691700758,195.45173301313017,500.0,0.010000000707805157,0.2669352889060974,1.0
3503,2.7094420191242214,420.36422456209027,205.00032604053965,500.0,0.010000000707805157,0.34297963976860046,1.0
3504,0.07878581648918534,1.5352792368021626,140.81462954107633,500.0,0.010000000707805157,0.0029601790010929108,1.0
3505,0.0786776499992259,1.53244710619927,140.8091949042072,500.0,0.010000000707805157,0.0029559682589024305,1.0
3506,2.7095840369827737,420.30902740715453,204.9853809550072,500.0,0.010000000707805157,0.3427855372428894,1.0
3507,4.096146359082835,649.6895478674625,195.4086077254973,500.0,0.010000000707805157,0.7396933436393738,1.0
3508,2.710233059868573,420.4864156546681,204.931852463271,500.0,0.010000000707805157,0.3423834443092346,1.0
3509,2.250860503691478,336.41564846084617,182.83807280019082,500.0,0.010000000707805157,0.29438453912734985,1.0
3510,3.0272622298306806,468.97483682980936,176.87979469834593,500.0,0.010000000707805157,0.48235660791397095,1.0
3511,1.4179925532915731,200.0191819097775,195.4527207105414,500.0,0.010000000707805157,0.13437846302986145,1.0
3512,2.4722396714312107,382.3485995320644,176.8315954245551,500.0,0.010000000707805157,0.321769118309021,1.0
3513,2.472322957670241,382.57039626293397,176.82547324688886,500.0,0.010000000707805157,0.32135891914367676,1.0
3514,4.246001083894814,671.4166060716386,206.77493694953716,500.0,0.010000000707805157,0.7582206726074219,1.0
3515,3.2690972850747935,522.6251957168224,207.87392622250937,500.0,0.010000000707805157,0.41767418384552,1.0
3516,2.8503428846975303,431.2289997783789,180.37809033737193,500.0,0.010000000707805157,0.4526570439338684,1.0
3517,0.07602590370577654,1.4581794192168638,140.5164970173858,500.0,0.010000000707805157,0.002857029903680086,1.0
3518,0.07592514060820571,1.4555497970229265,140.51122870551717,500.0,0.010000000707805157,0.00285311508923769,1.0
3519,2.4734375788430953,381.3954859609191,176.76847601163624,500.0,0.010000000707805157,0.3206522464752197,1.0
3520,1.4178246542188104,199.22833248821962,195.41997953863577,500.0,0.010000000707805157,0.13408879935741425,1.0
3521,3.227549609382919,499.1692688406164,195.3017045668286,500.0,0.010000000707805157,0.5001803636550903,1.0
3522,2.2509999334237305,335.0961726486091,182.74645955963138,500.0,0.010000000707805157,0.292571097612381,1.0
3523,2.90082944866245,456.719570578371,195.23449474826208,500.0,0.010000000707805157,0.36849185824394226,1.0
3524,2.712935142870279,419.24065676209017,204.79984312608786,500.0,0.010000000707805157,0.34087759256362915,1.0
3525,3.9716601293452762,621.6341104372862,199.4647885482613,500.0,0.010000000707805157,0.7067068219184875,1.0
3526,3.7110171398288063,588.2780704514137,199.8872504845259,500.0,0.010000000707805157,0.5748469829559326,1.0
3527,2.2518744173813188,334.0154750769675,182.70901097875557,500.0,0.010000000707805157,0.29202479124069214,1.0
3528,2.3151107916915374,368.9761309923859,207.62353589462057,500.0,0.010000000707805157,0.20914864540100098,1.0
3529,2.713908818175637,419.5567195590385,204.6873514822928,500.0,0.010000000707805157,0.33998143672943115,1.0
3530,3.061032647323894,464.84066412441143,202.91160201051068,500.0,0.010000000707805157,0.47078365087509155,1.0
3531,2.902490825223767,456.29827403027815,195.1896976426977,500.0,0.010000000707805157,0.36716052889823914,1.0
3532,2.3154772946841655,369.3769264114128,207.505355399315,500.0,0.010000000707805157,0.208677276968956,1.0
3533,1.418016662110954,198.30937653131838,195.46885962451097,500.0,0.010000000707805157,0.1333630532026291,1.0
3534,2.6602836929273073,387.91043338852273,185.86558052328672,500.0,0.010000000707805157,0.4222264587879181,1.0
3535,2.9031649266852635,455.81248406230617,195.18094923412764,500.0,0.010000000707805157,0.3667733073234558,1.0
3536,3.3904172305628393,528.8907160282392,189.90226579128543,500.0,0.010000000707805157,0.5247972011566162,1.0
3537,4.252887094522465,672.3590487669823,206.32119487247613,500.0,0.010000000707805157,0.7509920001029968,1.0
3538,1.7520285532115252,265.7625894509896,176.53425356735792,500.0,0.010000000707805157,0.16045093536376953,1.0
3539,2.4767409728282064,376.5649735900576,176.56710378069616,500.0,0.010000000707805157,0.3181474208831787,1.0
3540,2.853219272205379,426.13756733878165,180.2224334724469,500.0,0.010000000707805157,0.44828614592552185,1.0
3541,2.4515712009741732,343.3994999865014,195.5332046200948,500.0,0.010000000707805157,0.39360684156417847,1.0
3542,3.392341210993474,527.9444283017557,189.85159997518178,500.0,0.010000000707805157,0.5230859518051147,1.0
3543,3.528088688675847,535.4889855500438,195.24964100054675,500.0,0.010000000707805157,0.6257171630859375,1.0
3544,2.9060200009663264,454.92670475861803,195.0778972930391,500.0,0.010000000707805157,0.36500293016433716,1.0
3545,0.07012109592805298,1.2953466792558843,139.88623273914945,500.0,0.010000000707805157,0.0026387537363916636,1.0
3546,1.7527841193052136,265.1203417487503,176.47294102701815,500.0,0.010000000707805157,0.15954166650772095,1.0
3547,2.318930856856817,368.72295417204595,207.26712218022934,500.0,0.010000000707805157,0.20768961310386658,1.0
3548,1.7530309808518678,264.9493427762942,176.4598416505604,500.0,0.010000000707805157,0.15944406390190125,1.0
3549,2.6600855354116137,385.68809849508835,185.7942900333657,500.0,0.010000000707805157,0.41929513216018677,1.0
3550,2.6595026134564685,385.6154167778667,185.81287933145916,500.0,0.010000000707805157,0.4188423156738281,1.0
3551,0.06919016580631467,1.2706387952689777,139.78235422907377,500.0,0.010000000707805157,0.002603920642286539,1.0
3552,1.4153440234602899,197.26989728673882,195.54159311970338,500.0,0.010000000707805157,0.13207219541072845,1.0
3553,1.9997632656583804,279.43125040424655,195.58997167255527,500.0,0.010000000707805157,0.26146361231803894,1.0
3554,2.4475364481293473,342.90582337198583,195.65463538951195,500.0,0.010000000707805157,0.3905339539051056,1.0
3555,3.2802904479809274,520.852169810608,207.2967091173514,500.0,0.010000000707805157,0.41300487518310547,1.0
3556,0.06831419247307001,1.2473450542963487,139.71352520212318,500.0,0.010000000707805157,0.0025726458989083767,1.0
3557,3.06212452941659,462.83702509646963,202.7937793877561,500.0,0.010000000707805157,0.4658131003379822,1.0
3558,2.4787265690319162,372.26421845180147,176.43263303929243,500.0,0.010000000707805157,0.315842866897583,1.0
3559,3.2335441065047803,494.43346240946215,195.18656247192877,500.0,0.010000000707805157,0.4929806888103485,1.0
3560,1.414131551535178,197.17966966179762,195.6503269754061,500.0,0.010000000707805157,0.13131630420684814,1.0
3561,2.6579450618169553,384.0051545952832,185.91894475525683,500.0,0.010000000707805157,0.41651397943496704,1.0
3562,2.909083571748709,452.0882562846146,195.07197849665147,500.0,0.010000000707805157,0.3636290431022644,1.0
3563,2.2518036073959538,328.4770646461027,182.68868697895357,500.0,0.010000000707805157,0.287260502576828,1.0
3564,3.397059378818702,523.4410994029912,189.80715587302063,500.0,0.010000000707805157,0.5196564197540283,1.0
3565,2.8538052354129317,421.09779467551556,180.16494418635742,500.0,0.010000000707805157,0.44294410943984985,1.0
3566,2.717938048875269,416.90967035702045,204.4222254257484,500.0,0.010000000707805157,0.33551234006881714,1.0
3567,2.2518672510043825,328.0572338009817,182.6644102035549,500.0,0.010000000707805157,0.28651463985443115,1.0
3568,2.4804616057229425,370.9996248149451,176.35612815717673,500.0,0.010000000707805157,0.3137035071849823,1.0
3569,1.4123764419495386,196.71190686757984,195.68202851240162,500.0,0.010000000707805157,0.1306554228067398,1.0
3570,2.854024107941177,420.51663728680495,180.1475058697409,500.0,0.010000000707805157,0.441619873046875,1.0
3571,2.6566160038821836,383.0182544869481,185.895018009925,500.0,0.010000000707805157,0.4139246344566345,1.0
3572,2.3241762859009896,366.0619777576761,207.1464879617232,500.0,0.010000000707805157,0.20698538422584534,1.0
3573,0.06526823993848377,1.166230886597909,139.3299872254957,500.0,0.010000000707805157,0.0024592247791588306,1.0
3574,2.912243840471999,450.49081042785434,194.99176668372633,500.0,0.010000000707805157,0.36209729313850403,1.0
3575,3.285967053743101,518.8348354754718,207.07400660769764,500.0,0.010000000707805157,0.4111749231815338,1.0
3576,2.252390170333533,326.93892078114726,182.62823784193205,500.0,0.010000000707805157,0.2854250371456146,1.0
3577,0.06461320468209933,1.149256729808719,139.26222501741813,500.0,0.010000000707805157,0.0024347694125026464,1.0
3578,2.7190175756987616,416.0094275379344,204.33467522665822,500.0,0.010000000707805157,0.33438050746917725,1.0
3579,3.1846278723084227,463.1037876619253,182.69489136809253,500.0,0.010000000707805157,0.5683601498603821,1.0
3580,2.9134176950262325,449.87902670069695,194.9521396273062,500.0,0.010000000707805157,0.3612768054008484,1.0
3581,2.482917329205339,368.8254357157621,176.25928214080574,500.0,0.010000000707805157,0.3118170499801636,1.0
3582,2.9140957739041675,449.79290077120834,194.91711377729192,500.0,0.010000000707805157,0.36086562275886536,1.0
3583,1.7568284128727214,260.3888632235191,176.20788958464672,500.0,0.010000000707805157,0.15675140917301178,1.0
3584,2.4837925090358617,368.9682878096088,176.2407509612387,500.0,0.010000000707805157,0.31105196475982666,1.0
3585,2.25293362314526,326.2240827549007,182.56310222628264,500.0,0.010000000707805157,0.28408026695251465,1.0
3586,1.7573842798629569,260.4952676613861,176.1956362497883,500.0,0.010000000707805157,0.15635567903518677,1.0
3587,2.720320751716735,414.77037500517775,204.2780812270089,500.0,0.010000000707805157,0.3336687684059143,1.0
3588,3.238632183543943,490.5102241482005,195.01959961596617,500.0,0.010000000707805157,0.487667977809906,1.0
3589,0.0626587639510049,1.0995525481756587,138.99912846339367,500.0,0.010000000707805157,0.002360863843932748,1.0
3590,2.3267722200133245,365.38954622388655,206.86769836422363,500.0,0.010000000707805157,0.20587152242660522,1.0
3591,1.4109898681741597,195.23365522266613,195.6846689528769,500.0,0.010000000707805157,0.129638671875,1.0
3592,2.7205134210368014,414.7407075516514,204.2166783790533,500.0,0.010000000707805157,0.3330885171890259,1.0
3593,3.9877901717005297,612.7516112355918,199.0273698400782,500.0,0.010000000707805157,0.6908234357833862,1.0
3594,3.405124428581181,518.9940846512714,189.62035509916822,500.0,0.010000000707805157,0.5133822560310364,1.0
3595,1.4109884726437785,194.88570250065192,195.6938277539774,500.0,0.010000000707805157,0.1293960064649582,1.0
3596,3.7309758063938165,579.8573215827566,199.32846825416507,500.0,0.010000000707805157,0.5623220205307007,1.0
3597,2.254371321709429,324.0107053925699,182.51688622513524,500.0,0.010000000707805157,0.2829175591468811,1.0
3598,0.061074882465502515,1.0591627342024914,138.82435263730548,500.0,0.010000000707805157,0.002302207751199603,1.0
3599,1.7592144031014958,258.32382817075023,176.0800005476656,500.0,0.010000000707805157,0.1556917428970337,1.0
3600,1.410789977097687,194.57005586221513,195.69187282793314,500.0,0.010000000707805157,0.1292075216770172,1.0
3601,3.290986963366029,517.5886758604058,206.63685475910444,500.0,0.010000000707805157,0.4079127907752991,1.0
3602,1.7595839406902234,257.83852083668444,176.05573030820682,500.0,0.010000000707805157,0.15559810400009155,1.0
3603,2.3277635880277385,365.578703845177,206.55656510755287,500.0,0.010000000707805157,0.2047368288040161,1.0
3604,1.4112221198851762,194.23802508271422,195.6827194645976,500.0,0.010000000707805157,0.12913444638252258,1.0
3605,1.7599017682737912,257.4808618148308,176.03945106874497,500.0,0.010000000707805157,0.15549784898757935,1.0
3606,1.760071808923551,257.51983958443947,176.03658807732435,500.0,0.010000000707805157,0.1553981900215149,1.0
3607,1.410862040234694,194.11278688409536,195.68198481344828,500.0,0.010000000707805157,0.1290227621793747,1.0
3608,3.291559406744107,517.4348328904089,206.52985707667017,500.0,0.010000000707805157,0.40716370940208435,1.0
3609,3.2413840314422995,488.3623497594951,194.89657179394788,500.0,0.010000000707805157,0.4845397174358368,1.0
3610,2.9187172118231794,447.3960667531629,194.70612456598414,500.0,0.010000000707805157,0.35737982392311096,1.0
3611,1.9944358848067687,274.4014650509632,195.7111056594942,500.0,0.010000000707805157,0.2555902302265167,1.0
3612,2.3283410468925747,365.48412212315554,206.38694186422123,500.0,0.010000000707805157,0.20411759614944458,1.0
3613,2.489512010789893,363.0378120561724,176.00925819105197,500.0,0.010000000707805157,0.3081407845020294,1.0
3614,3.2921871072035973,517.6598870946993,206.3481778953919,500.0,0.010000000707805157,0.4059317409992218,1.0
3615,1.4112411653358696,193.44006659259475,195.681842020809,500.0,0.010000000707805157,0.1287032961845398,1.0
3616,2.72215389665488,414.0872445884549,203.83001076873992,500.0,0.010000000707805157,0.3302687406539917,1.0
3617,1.4110713030161766,193.42336944850945,195.70772041636636,500.0,0.010000000707805157,0.12854166328907013,1.0
3618,3.24228507860784,487.29762404140166,194.85303266335742,500.0,0.010000000707805157,0.48302289843559265,1.0
3619,1.7617539902169537,255.15792695451447,175.9202793358627,500.0,0.010000000707805157,0.1548236459493637,1.0
3620,2.3287773897513206,365.4876171688614,206.20694580276094,500.0,0.010000000707805157,0.20348528027534485,1.0
3621,1.7620377188238348,254.99927140080325,175.90766082131182,500.0,0.010000000707805157,0.1547272801399231,1.0
3622,2.920266035771126,446.29730993772995,194.6202704631327,500.0,0.010000000707805157,0.35598087310791016,1.0
3623,0.05755250431782858,0.9724327160061814,138.42515689641505,500.0,0.010000000707805157,0.0021705692633986473,1.0
3624,2.2571149487225766,320.075853236607,182.42140132121153,500.0,0.010000000707805157,0.28082388639450073,1.0
3625,3.411191399074029,514.662369982799,189.46297620599682,500.0,0.010000000707805157,0.5082599520683289,1.0
3626,1.7630420162026204,254.8287204705667,175.87591079364546,500.0,0.010000000707805157,0.15424419939517975,1.0
3627,1.7632411977264033,254.8697773139727,175.87328713901664,500.0,0.010000000707805157,0.15414682030677795,1.0
3628,3.736376886311506,577.4637494351969,198.97187304581195,500.0,0.010000000707805157,0.5564583539962769,1.0
3629,4.1318511162343565,632.569562318123,194.5493607821775,500.0,0.010000000707805157,0.7081822752952576,1.0
3630,2.329741713063583,365.4025182572402,205.93052998098358,500.0,0.010000000707805157,0.2025381326675415,1.0
3631,1.7642591756235118,254.37913938310055,175.8206408690064,500.0,0.010000000707805157,0.15378430485725403,1.0
3632,3.29386712873759,517.6699865881819,205.88436615516702,500.0,0.010000000707805157,0.4028657078742981,1.0
3633,3.4134393997921912,514.2601955166433,189.3343575818316,500.0,0.010000000707805157,0.5057958960533142,1.0
3634,3.5833165393062303,552.994595355445,204.4639494947368,500.0,0.010000000707805157,0.528465747833252,1.0
3635,2.6637695240463017,372.0569719902017,185.59800820160197,500.0,0.010000000707805157,0.4059431552886963,1.0
3636,3.245500004265978,485.60406628129397,194.59740982198485,500.0,0.010000000707805157,0.47939735651016235,1.0
3637,4.403469032014723,685.3552405194729,200.63167123014134,500.0,0.010000000707805157,0.7530996799468994,1.0
3638,3.0141557538098414,418.3946230350807,187.6141546153665,500.0,0.010000000707805157,0.531339168548584,1.0
3639,3.9951832137774623,609.0044469028305,198.3586805156337,500.0,0.010000000707805157,0.678065836429596,1.0
3640,3.844671351375549,572.5473355699647,186.3753613493315,500.0,0.010000000707805157,0.6549320220947266,1.0
3641,3.53138568104394,507.52265888559947,175.77994525572205,500.0,0.010000000707805157,0.605715274810791,1.0
3642,3.2472751622513623,484.6017965811659,194.4595652456097,500.0,0.010000000707805157,0.4771135449409485,1.0
3643,2.331007448355205,365.2955176602721,205.39667024023345,500.0,0.010000000707805157,0.20073994994163513,1.0
3644,1.7678411869741342,252.2818640694602,175.64522444439106,500.0,0.010000000707805157,0.15229254961013794,1.0
3645,2.261284402611573,316.54563302388266,182.18848703040058,500.0,0.010000000707805157,0.2777029573917389,1.0
3646,2.3312402787538153,365.0984801275077,205.3618890715309,500.0,0.010000000707805157,0.2006053775548935,1.0
3647,3.6978986546244386,546.895859974695,189.9174204271306,500.0,0.010000000707805157,0.6268214583396912,1.0
3648,3.2481520819753333,483.83614954973086,194.39176549604022,500.0,0.010000000707805157,0.47591397166252136,1.0
3649,2.7243098411223747,412.047489636453,203.08161630485986,500.0,0.010000000707805157,0.3255055546760559,1.0
3650,3.0627764159564292,437.0082678499909,175.656070281172,500.0,0.010000000707805157,0.45188748836517334,1.0
3651,2.7245104175501527,411.7249650574847,203.05767718392963,500.0,0.010000000707805157,0.32527658343315125,1.0
3652,3.58519969173982,551.329356959398,203.97033366784797,500.0,0.010000000707805157,0.5233865976333618,1.0
3653,1.7698918865563213,250.83435930525977,175.54802034875016,500.0,0.010000000707805157,0.1515413075685501,1.0
3654,0.05203287110176522,0.8377226047520714,137.62731180086368,500.0,0.010000000707805157,0.0019635825883597136,1.0
3655,3.2962028139053876,517.0291520252272,205.07249051837923,500.0,0.010000000707805157,0.39759930968284607,1.0
3656,2.9269289900442144,443.5160566858273,194.01849895307862,500.0,0.010000000707805157,0.34909069538116455,1.0
3657,2.724176753343186,411.8927659063462,202.85321981801937,500.0,0.010000000707805157,0.32435956597328186,1.0
3658,1.4106372666871165,189.3209241790337,195.57680125821213,500.0,0.010000000707805157,0.12682083249092102,1.0
3659,2.3308026656637417,365.27687591123134,204.89222882025945,500.0,0.010000000707805157,0.1991569548845291,1.0
3660,2.263488536906372,313.69374333307104,182.11354995430747,500.0,0.010000000707805157,0.27626746892929077,1.0
3661,3.3749961926754435,492.42393202248763,200.62561441696016,500.0,0.010000000707805157,0.5738392472267151,1.0
3662,2.873217115101668,401.03749544174303,179.50369902402832,500.0,0.010000000707805157,0.42540907859802246,1.0
3663,1.409585649742287,189.2471088262864,195.64032672702416,500.0,0.010000000707805157,0.12630468606948853,1.0
3664,3.2960659770658243,516.6943029709774,204.84163665293167,500.0,0.010000000707805157,0.396146684885025,1.0
3665,0.05042024746082512,0.7997234270893498,137.43448129843608,500.0,0.010000000707805157,0.001904295408166945,1.0
3666,2.7237236150122035,411.47550451175823,202.7308414014649,500.0,0.010000000707805157,0.3231264054775238,1.0
3667,4.139806896504828,627.1024649286475,193.95720436234467,500.0,0.010000000707805157,0.6945188641548157,1.0
3668,2.874674188990154,399.5280850223721,179.45668484164375,500.0,0.010000000707805157,0.42446213960647583,1.0
3669,0.04980465464003475,0.7851194464836427,137.3391183704779,500.0,0.010000000707805157,0.001881125383079052,1.0
3670,0.04975922077215115,0.7842497782167781,137.3356493015362,500.0,0.010000000707805157,0.0018793431809172034,1.0
3671,1.4097056699423562,188.651422710138,195.6293521755095,500.0,0.010000000707805157,0.1260448396205902,1.0
3672,2.506282797218737,350.9733156369591,175.42238610660138,500.0,0.010000000707805157,0.2995908260345459,1.0
3673,2.264563726198889,311.8378944902037,182.087167559309,500.0,0.010000000707805157,0.27465471625328064,1.0
3674,2.9293337999748403,441.1365371128972,193.87477892565025,500.0,0.010000000707805157,0.3469535708427429,1.0
3675,2.331477209475769,364.2741003737651,204.59837462511055,500.0,0.010000000707805157,0.1981133669614792,1.0
3676,3.070906397645509,430.2508226451379,175.42632508824283,500.0,0.010000000707805157,0.44756048917770386,1.0
3677,1.4090065467194606,188.16313864030332,195.60096194700628,500.0,0.010000000707805157,0.12581214308738708,1.0
3678,3.7442985805397706,572.9077089743022,197.9826740087724,500.0,0.010000000707805157,0.5428069829940796,1.0
3679,1.7748282044349344,247.2969604008062,175.32842643372592,500.0,0.010000000707805157,0.14992323517799377,1.0
3680,2.3316173723235147,364.02981167924577,204.46871882745555,500.0,0.010000000707805157,0.19768713414669037,1.0
3681,1.7751784589216386,247.1389609639984,175.31546433153073,500.0,0.010000000707805157,0.14983054995536804,1.0
3682,2.6680004106117385,363.7333732278872,185.40024583812783,500.0,0.010000000707805157,0.3978043794631958,1.0
3683,1.4086585306855905,187.7743692253429,195.6022554883256,500.0,0.010000000707805157,0.12553706765174866,1.0
3684,1.775748828320239,246.7777487346362,175.30194831179963,500.0,0.010000000707805157,0.14963333308696747,1.0
3685,3.251928402538277,478.995138069101,194.0592988752237,500.0,0.010000000707805157,0.46932923793792725,1.0
3686,4.275958550077388,659.8021037880249,203.65749756826344,500.0,0.010000000707805157,0.7131741046905518,1.0
3687,2.6681881901863855,362.6437673794247,185.41778646773415,500.0,0.010000000707805157,0.39675116539001465,1.0
3688,2.6678411711612706,362.5426573478306,185.43601343058143,500.0,0.010000000707805157,0.3963131904602051,1.0
3689,3.2520040147393194,478.1202220453233,194.02084939410264,500.0,0.010000000707805157,0.46810805797576904,1.0
3690,2.512561598409959,347.6403517389065,175.25972906417806,500.0,0.010000000707805157,0.2966586947441101,1.0
3691,2.7237078777844776,408.9233140679611,202.37966338998788,500.0,0.010000000707805157,0.320119708776474,1.0
3692,2.88035619654065,395.29114911052466,179.32630565368086,500.0,0.010000000707805157,0.4195094108581543,1.0
3693,2.2671894287755006,308.90914250346884,182.0024731558618,500.0,0.010000000707805157,0.271793007850647,1.0
3694,3.065156875319921,449.94262648086806,201.18069615466118,500.0,0.010000000707805157,0.44277721643447876,1.0
3695,1.7785565353514692,244.65106147081354,175.18258592890638,500.0,0.010000000707805157,0.14867977797985077,1.0
3696,2.5149702397797578,346.6962489226437,175.21413465992356,500.0,0.010000000707805157,0.29555243253707886,1.0
3697,3.7480087711666052,569.4526041687731,197.7447406093613,500.0,0.010000000707805157,0.5387591123580933,1.0
3698,2.26807511647026,308.19128763913784,181.9699836254161,500.0,0.010000000707805157,0.2710767090320587,1.0
3699,0.04589679050846211,0.6957252618328865,136.71057414997802,500.0,0.010000000707805157,0.0017345409141853452,1.0
3700,3.253768703922418,476.3435418787382,193.92230877466025,500.0,0.010000000707805157,0.46584123373031616,1.0
3701,2.2683829321962854,307.8114384584188,181.96567489171682,500.0,0.010000000707805157,0.2707194685935974,1.0
3702,1.780646280396252,244.12609368408405,175.1294962547887,500.0,0.010000000707805157,0.14803171157836914,1.0
3703,3.298539592846265,512.4525570043907,204.09927932669788,500.0,0.010000000707805157,0.3909268379211426,1.0
3704,2.268919216646685,307.34799624565005,181.94473366402013,500.0,0.010000000707805157,0.2704547643661499,1.0
3705,2.9349858263435253,436.86993841278303,193.51479305461814,500.0,0.010000000707805157,0.3422713279724121,1.0
3706,1.4061509818089004,186.28431686107405,195.65733183693084,500.0,0.010000000707805157,0.12402322143316269,1.0
3707,2.518968932831603,344.946948844772,175.11981935318323,500.0,0.010000000707805157,0.29392680525779724,1.0
3708,2.269534526503862,307.01343651224715,181.92361279219625,500.0,0.010000000707805157,0.2698950171470642,1.0
3709,2.333075405187689,361.28007538440056,203.98936859245308,500.0,0.010000000707805157,0.19580727815628052,1.0
3710,2.332749901184922,361.41087677769576,203.93273530994853,500.0,0.010000000707805157,0.19566605985164642,1.0
3711,3.064245680969701,448.0859404224411,200.95417275568965,500.0,0.010000000707805157,0.4401782751083374,1.0
3712,3.2974134716904158,512.1699328039784,203.82563048576569,500.0,0.010000000707805157,0.38931354880332947,1.0
3713,2.4338282162121225,322.79716871074686,195.7252129216095,500.0,0.010000000707805157,0.36799269914627075,1.0
3714,3.2542571965756375,474.2757859130551,193.78725776242996,500.0,0.010000000707805157,0.46314576268196106,1.0
3715,3.0870272941851296,420.14993777794535,175.06318305773038,500.0,0.010000000707805157,0.4391344487667084,1.0
3716,1.7838886542525803,241.89004656376264,174.99118700875377,500.0,0.010000000707805157,0.1470857560634613,1.0
3717,1.986243246531788,262.9212223092444,195.7181791001249,500.0,0.010000000707805157,0.24507470428943634,1.0
3718,2.722555124938638,406.2538595076679,201.9978184534126,500.0,0.010000000707805157,0.3166556656360626,1.0
3719,2.2705802953616634,304.8618434420883,181.92397756146607,500.0,0.010000000707805157,0.26853615045547485,1.0
3720,3.0629309211252034,447.1236854303153,200.87519302442124,500.0,0.010000000707805157,0.4379490315914154,1.0
3721,2.6692541462477064,357.20542398951363,185.43811177312776,500.0,0.010000000707805157,0.3896089494228363,1.0
3722,3.2552506316248224,472.599257833975,193.76947218998262,500.0,0.010000000707805157,0.4613924026489258,1.0
3723,1.4038431823469297,185.58632964611576,195.78580982401928,500.0,0.010000000707805157,0.1225980594754219,1.0
3724,3.437098868982586,496.6063999204936,188.52909182500667,500.0,0.010000000707805157,0.48524630069732666,1.0
3725,1.9842650651014653,262.6324764967738,195.8098636696171,500.0,0.010000000707805157,0.24347467720508575,1.0
3726,2.669075710074234,356.4282930049604,185.46879525242332,500.0,0.010000000707805157,0.3882609009742737,1.0
3727,1.9831926004980125,262.785760592811,195.86080663876803,500.0,0.010000000707805157,0.24283412098884583,1.0
3728,1.4025839806437905,185.61133149216292,195.86077716993196,500.0,0.010000000707805157,0.12202057242393494,1.0
3729,2.2708773857908593,303.12853046674235,181.99084385107398,500.0,0.010000000707805157,0.26683667302131653,1.0
3730,2.7218428054622934,404.7499017663575,201.97509831403997,500.0,0.010000000707805157,0.31492361426353455,1.0
3731,0.04182853525523415,0.6058213642762126,136.0740971555414,500.0,0.010000000707805157,0.0015841174172237515,1.0
3732,2.3327951646786667,359.2288893276008,203.62543108206705,500.0,0.010000000707805157,0.19439075887203217,1.0
3733,2.9383235885252974,431.9021873074068,193.34897236905053,500.0,0.010000000707805157,0.33912697434425354,1.0
3734,3.713919569383985,528.6459110422444,189.39124491054588,500.0,0.010000000707805157,0.6043522953987122,1.0
3735,2.9386874354441006,431.65893761894984,193.2902685471206,500.0,0.010000000707805157,0.3385689854621887,1.0
3736,3.2560535605636467,470.22915007745365,193.68032893514476,500.0,0.010000000707805157,0.45868581533432007,1.0
3737,3.7510313934639017,562.6810520044244,197.21251184078105,500.0,0.010000000707805157,0.5305743217468262,1.0
3738,2.272748647816695,301.41129258139136,181.9143798024634,500.0,0.010000000707805157,0.2658768892288208,1.0
3739,1.7891386869593615,237.58792717061274,174.77054740363164,500.0,0.010000000707805157,0.1456345021724701,1.0
3740,4.004680897162479,592.6529037476089,197.03672929329664,500.0,0.010000000707805157,0.6500442028045654,1.0
3741,0.04051838352246971,0.5777233285938066,135.8463744209542,500.0,0.010000000707805157,0.001534721115604043,1.0
3742,1.789842834266646,237.20680074234315,174.74194410317043,500.0,0.010000000707805157,0.14544826745986938,1.0
3743,3.750979890830093,562.080438281962,197.07236839702867,500.0,0.010000000707805157,0.5289776921272278,1.0
3744,2.3304966812936665,359.09911297070863,203.06975218073902,500.0,0.010000000707805157,0.19278250634670258,1.0
3745,4.0035577696347024,592.4112719138235,196.8681919676483,500.0,0.010000000707805157,0.6482874155044556,1.0
3746,2.6716370255709907,352.439147505146,185.40144272522818,500.0,0.010000000707805157,0.38507819175720215,1.0
3747,0.039785243712094506,0.5620254458269243,135.72570102065657,500.0,0.010000000707805157,0.0015072571113705635,1.0
3748,3.4414215887725077,491.86633145581914,188.26254045095894,500.0,0.010000000707805157,0.47996485233306885,1.0
3749,2.3296224741453946,358.9033379343384,202.87585338979187,500.0,0.010000000707805157,0.1922047734260559,1.0
3750,3.4043288516006998,450.29572985724826,177.8108267786196,500.0,0.010000000707805157,0.5519832372665405,1.0
3751,2.71879653471366,403.24123034836873,201.33595138089703,500.0,0.010000000707805157,0.3117089569568634,1.0
3752,0.039233598168334466,0.5504849825573171,135.61753517767042,500.0,0.010000000707805157,0.0014862717362120748,1.0
3753,4.032677355398968,623.3451656416895,202.7625166962336,500.0,0.010000000707805157,0.5732952356338501,1.0
3754,3.2914750663370316,508.6570960591579,202.58869979860108,500.0,0.010000000707805157,0.38166552782058716,1.0
3755,2.5348260723665086,332.81055672908997,174.6034414866608,500.0,0.010000000707805157,0.287850558757782,1.0
3756,4.410858834586096,668.1128866429302,198.25660940178955,500.0,0.010000000707805157,0.7146223783493042,1.0
3757,2.326161164274463,359.3671340860496,202.30627615443746,500.0,0.010000000707805157,0.19074393808841705,1.0
3758,3.4413247298969862,490.56380891500487,188.00416813186635,500.0,0.010000000707805157,0.4768115282058716,1.0
3759,2.325492746656172,359.3894012157073,202.19185866058808,500.0,0.010000000707805157,0.1904403269290924,1.0
3760,2.9369708489943194,429.71464521212374,192.5735426881167,500.0,0.010000000707805157,0.3331681489944458,1.0
3761,2.3246553014696145,359.52440874979663,202.06943472431374,500.0,0.010000000707805157,0.19014376401901245,1.0
3762,1.984211589207792,257.7372718256629,195.71685097727558,500.0,0.010000000707805157,0.24053606390953064,1.0
3763,2.324302462718274,359.46865053083525,202.0223781017904,500.0,0.010000000707805157,0.19001303613185883,1.0
3764,2.714510728093905,403.42533621375463,200.65438068043886,500.0,0.010000000707805157,0.3093518912792206,1.0
3765,2.935947648383906,429.21950744424817,192.47638435595226,500.0,0.010000000707805157,0.33250874280929565,1.0
3766,2.713854368739441,403.3909110356578,200.56647270691897,500.0,0.010000000707805157,0.30898934602737427,1.0
3767,1.795205589365621,232.72620078376946,174.4144776517924,500.0,0.010000000707805157,0.14393046498298645,1.0
3768,2.935847714799589,428.94836328037826,192.41562617600127,500.0,0.010000000707805157,0.3320308327674866,1.0
3769,3.0543285955364485,442.7819171857454,199.67338667076348,500.0,0.010000000707805157,0.42800816893577576,1.0
3770,1.4031009568986454,181.4934117051501,195.71768739760742,500.0,0.010000000707805157,0.12045042961835861,1.0
3771,3.253486273508938,465.9394925869612,192.90040313588042,500.0,0.010000000707805157,0.4508577585220337,1.0
3772,1.4028229982974958,181.42546699413398,195.73289762350774,500.0,0.010000000707805157,0.12028519809246063,1.0
3773,2.9012016367499873,375.6750398268304,178.80363656223963,500.0,0.010000000707805157,0.40499597787857056,1.0
3774,2.322136328799422,358.92569473579766,201.67995263510088,500.0,0.010000000707805157,0.18900427222251892,1.0
3775,3.0530065238424378,442.1939092435887,199.61126282263376,500.0,0.010000000707805157,0.42663881182670593,1.0
3776,3.2532477980323695,465.0164221721341,192.8534685103862,500.0,0.010000000707805157,0.44976192712783813,1.0
3777,3.5683957196416825,540.4861808367128,200.84838508222612,500.0,0.010000000707805157,0.4947276711463928,1.0
3778,2.7106760486029873,402.6276796801817,200.23131169144068,500.0,0.010000000707805157,0.30687209963798523,1.0
3779,3.051269187475107,442.07639308058293,199.44822148075056,500.0,0.010000000707805157,0.4252462685108185,1.0
3780,3.5659139033898493,540.7012998858443,200.6502809223204,500.0,0.010000000707805157,0.49337536096572876,1.0
3781,1.4024148911579912,180.8794939019526,195.79950271993027,500.0,0.010000000707805157,0.11952066421508789,1.0
3782,3.4399154399878786,485.142143469974,187.6726513051321,500.0,0.010000000707805157,0.47209709882736206,1.0
3783,1.982308205003155,255.97485532061577,195.82122506912643,500.0,0.010000000707805157,0.23757562041282654,1.0
3784,3.2770445045269545,508.54479080849836,201.11717939450077,500.0,0.010000000707805157,0.3740485906600952,1.0
3785,3.0490585243486135,441.78806199161244,199.24900425768192,500.0,0.010000000707805157,0.4235374629497528,1.0
3786,1.7980300575804153,227.8900137247374,174.16100303377573,500.0,0.010000000707805157,0.14307546615600586,1.0
3787,1.4019194892760636,180.55588348676756,195.82355880573635,500.0,0.010000000707805157,0.11911327391862869,1.0
3788,3.7366287570072076,558.1642346387946,195.61017829789535,500.0,0.010000000707805157,0.5152074098587036,1.0
3789,2.7066769485020856,402.27724284403945,199.81253043866712,500.0,0.010000000707805157,0.30472391843795776,1.0
3790,2.280310392702914,290.4803566458419,181.6496732529575,500.0,0.010000000707805157,0.26061996817588806,1.0
3791,3.4397314269668207,483.19147271220726,187.53713415568984,500.0,0.010000000707805157,0.470132976770401,1.0
3792,3.2498358036035566,462.4834953493387,192.5161965720166,500.0,0.010000000707805157,0.44580861926078796,1.0
3793,3.046664749806623,440.90705266104266,199.0564781390662,500.0,0.010000000707805157,0.4216866195201874,1.0
3794,2.9316576566203816,424.84151733366343,191.86768633647998,500.0,0.010000000707805157,0.32765501737594604,1.0
3795,2.2812731346135067,289.56663309551357,181.61625761772507,500.0,0.010000000707805157,0.25981420278549194,1.0
3796,2.7046899700984377,401.5075929875161,199.62875354963168,500.0,0.010000000707805157,0.3034866750240326,1.0
3797,0.03389454857462335,0.44179707487753145,134.72207891269835,500.0,0.010000000707805157,0.001287560211494565,1.0
3798,3.045350115878773,440.5256317196942,198.96507993166225,500.0,0.010000000707805157,0.4206428527832031,1.0
3799,2.2813782397519597,288.81963500082463,181.63174904826982,500.0,0.010000000707805157,0.2593974769115448,1.0
3800,2.70378676044401,401.251900737704,199.5624391816336,500.0,0.010000000707805157,0.3029080033302307,1.0
3801,2.546741088132213,319.004848328789,174.02428549498154,500.0,0.010000000707805157,0.2831979990005493,1.0
3802,1.4004474066754193,179.6243591294727,195.85856231356706,500.0,0.010000000707805157,0.11810958385467529,1.0
3803,3.441117344986522,480.52487299619656,187.40210365843427,500.0,0.010000000707805157,0.4676034450531006,1.0
3804,2.931938279009941,423.3520718879559,191.73450841258435,500.0,0.010000000707805157,0.3262472152709961,1.0
3805,2.54927716530295,318.8358517842713,173.98980545271738,500.0,0.010000000707805157,0.28230637311935425,1.0
3806,2.283111094470566,288.19072175083835,181.56800684617164,500.0,0.010000000707805157,0.25837114453315735,1.0
3807,2.702724864709613,400.18058010821164,199.46715586546594,500.0,0.010000000707805157,0.3020976781845093,1.0
3808,3.5553035746661874,537.7109697570157,199.81695131024404,500.0,0.010000000707805157,0.48613935708999634,1.0
3809,2.701272901275559,400.30338048508855,199.31911093019337,500.0,0.010000000707805157,0.30154430866241455,1.0
3810,2.700772717631388,400.3186233842704,199.27263376361913,500.0,0.010000000707805157,0.3013353943824768,1.0
3811,1.3999291690408135,178.93060637755508,195.8563984341058,500.0,0.010000000707805157,0.11760653555393219,1.0
3812,2.2832708310841596,286.73221811643305,181.58114197238322,500.0,0.010000000707805157,0.2578034996986389,1.0
3813,2.551474251974719,316.6077546850599,173.90060832764632,500.0,0.010000000707805157,0.2815176546573639,1.0
3814,0.032341465320197146,0.41180064429268043,134.3956991331037,500.0,0.010000000707805157,0.0012293970212340355,1.0
3815,2.5526203311171978,316.74835943096815,173.89616792554668,500.0,0.010000000707805157,0.2811693549156189,1.0
3816,3.4436565787244695,478.3140239740899,187.22200917623897,500.0,0.010000000707805157,0.46451595425605774,1.0
3817,3.1282956657626073,388.915697804793,173.9089899888902,500.0,0.010000000707805157,0.4202738404273987,1.0
3818,1.9771937043615688,252.69485814365905,195.83755657776834,500.0,0.010000000707805157,0.2335037887096405,1.0
3819,1.398201455664407,178.4754335386992,195.8362257591861,500.0,0.010000000707805157,0.11717056483030319,1.0
3820,3.4459036613329572,477.4770424510871,187.19090942879123,500.0,0.010000000707805157,0.46345096826553345,1.0
3821,3.0398994405959168,437.1441375413116,198.67096024493267,500.0,0.010000000707805157,0.4162784218788147,1.0
3822,2.699177719705046,398.40861159257224,199.19053614811668,500.0,0.010000000707805157,0.29993095993995667,1.0
3823,3.9963756336042393,618.5722929956452,199.93083794937158,500.0,0.010000000707805157,0.5499284267425537,1.0
3824,3.535491664003526,491.43151906115963,192.54090248678017,500.0,0.010000000707805157,0.5546643137931824,1.0
3825,3.3429920547150043,472.6367465983653,198.09221011320346,500.0,0.010000000707805157,0.5305348634719849,1.0
3826,3.2467803969022597,456.54270972660987,192.00359013949853,500.0,0.010000000707805157,0.4379194378852844,1.0
3827,3.1327923591563067,384.34228272907524,173.74967691115117,500.0,0.010000000707805157,0.4182283878326416,1.0
3828,1.3971771365868269,177.73446232249586,195.8649710051914,500.0,0.010000000707805157,0.1163654774427414,1.0
3829,2.3054019206940772,355.3872436235294,199.65328724502587,500.0,0.010000000707805157,0.18302616477012634,1.0
3830,1.8106759720894534,220.91639155564917,173.66567160696496,500.0,0.010000000707805157,0.13980993628501892,1.0
3831,1.811106624473448,220.96581606595748,173.6632480414489,500.0,0.010000000707805157,0.1397237330675125,1.0
3832,3.9817203573696975,579.307535766611,194.7405109682532,500.0,0.010000000707805157,0.6189773082733154,1.0
3833,3.5439095993110854,534.315570593167,199.06372511455913,500.0,0.010000000707805157,0.4793957471847534,1.0
3834,1.397162759441203,177.23247614161698,195.8521035003946,500.0,0.010000000707805157,0.11611996591091156,1.0
3835,3.7254731260051055,550.3796729965723,194.42800007021995,500.0,0.010000000707805157,0.5022438764572144,1.0
3836,3.24492986246138,455.09129993244505,191.75456928680984,500.0,0.010000000707805157,0.4355117678642273,1.0
3837,2.6912653940256774,397.44321996843064,198.5018055438144,500.0,0.010000000707805157,0.2967369556427002,1.0
3838,0.029856790285789022,0.36459948386225055,133.85742792008858,500.0,0.010000000707805157,0.0011361335637047887,1.0
3839,3.244198007164229,454.69526143109437,191.7028339540483,500.0,0.010000000707805157,0.43495815992355347,1.0
3840,2.5630763154456946,310.3000679149944,173.5574371587828,500.0,0.010000000707805157,0.27739614248275757,1.0
3841,2.6901742729727895,397.0206459643647,198.42187604065774,500.0,0.010000000707805157,0.2962324023246765,1.0
3842,2.5642003564007005,310.0529514761108,173.53766663356248,500.0,0.010000000707805157,0.2770344614982605,1.0
3843,2.2893382303540055,281.6472349896909,181.3822403969612,500.0,0.010000000707805157,0.25349724292755127,1.0
3844,2.681182321462242,332.94087875188274,185.1750901976963,500.0,0.010000000707805157,0.3679499626159668,1.0
3845,2.299274590425398,354.2921430264055,199.05830888986856,500.0,0.010000000707805157,0.1812794804573059,1.0
3846,2.2897150360913314,281.21438996900224,181.38463251320954,500.0,0.010000000707805157,0.2530626058578491,1.0
3847,1.3955348140078474,176.41105247212354,195.85348520269687,500.0,0.010000000707805157,0.11532945930957794,1.0
3848,3.029270511888978,434.16268185856086,197.99191083397207,500.0,0.010000000707805157,0.40974342823028564,1.0
3849,2.9218932448926487,356.07998051252343,178.3192254492524,500.0,0.010000000707805157,0.3902972936630249,1.0
3850,2.2902314606541316,280.6299704128083,181.39653418999148,500.0,0.010000000707805157,0.2523757517337799,1.0
3851,2.2986055152256872,353.45843967547984,199.0091944194242,500.0,0.010000000707805157,0.18095040321350098,1.0
3852,2.6879025367974716,395.49678876146544,198.33468358585128,500.0,0.010000000707805157,0.29475632309913635,1.0
3853,3.2440225927212207,452.0469456484554,191.5853521629343,500.0,0.010000000707805157,0.43197742104530334,1.0
3854,0.02855158363172628,0.3405150623037805,133.54467306930792,500.0,0.010000000707805157,0.001087235868908465,1.0
3855,2.9287520287038724,415.3963493474793,190.78166432630073,500.0,0.010000000707805157,0.3177369236946106,1.0
3856,2.6861068933657855,395.2935366951228,198.1879667123639,500.0,0.010000000707805157,0.2941325902938843,1.0
3857,2.295015557524298,353.5492385113484,198.68544621080736,500.0,0.010000000707805157,0.18018314242362976,1.0
3858,1.9719631119593208,248.95260553982888,195.89550786225277,500.0,0.010000000707805157,0.2283778190612793,1.0
3859,2.6848141427058607,395.23286188756595,198.09816925608305,500.0,0.010000000707805157,0.2936326861381531,1.0
3860,1.3944338410138397,175.76907796526058,195.8981117313497,500.0,0.010000000707805157,0.11446833610534668,1.0
3861,3.7178377015955473,546.1233860884105,193.87784131662343,500.0,0.010000000707805157,0.49618226289749146,1.0
3862,3.7160041313745924,546.2071198021109,193.77250896503924,500.0,0.010000000707805157,0.4954650402069092,1.0
3863,3.2383435076210856,501.12288952023636,198.27039561014635,500.0,0.010000000707805157,0.35765141248703003,1.0
3864,3.0213507824770423,433.0662890910589,197.4233023251536,500.0,0.010000000707805157,0.4059727191925049,1.0
3865,2.5708529873462433,303.76116038244794,173.25165287748737,500.0,0.010000000707805157,0.2746329605579376,1.0
3866,0.027512716421583518,0.3219522400452356,133.33234837074238,500.0,0.010000000707805157,0.0010482100769877434,1.0
3867,3.149584634492033,372.92698590320447,173.2764086304301,500.0,0.010000000707805157,0.4110705256462097,1.0
3868,2.2886298704554577,353.21903303792385,198.13706721465067,500.0,0.010000000707805157,0.1787531077861786,1.0
3869,2.923658691476752,413.9845898915425,190.3439372723368,500.0,0.010000000707805157,0.31507858633995056,1.0
3870,2.9232667415882867,413.93171403409326,190.30025769540876,500.0,0.010000000707805157,0.31482434272766113,1.0
3871,3.9634254334967642,573.540049653259,193.62399227383682,500.0,0.010000000707805157,0.6056121587753296,1.0
3872,3.2373635830692185,449.6047966537739,191.02287578836777,500.0,0.010000000707805157,0.42742860317230225,1.0
3873,2.2838699741514685,353.2919919493629,197.73983062573814,500.0,0.010000000707805157,0.17779915034770966,1.0
3874,3.7135532308126034,498.625281261218,187.2611004622032,500.0,0.010000000707805157,0.5632420182228088,1.0
3875,2.6743255935771892,394.18946608417315,197.2773234421297,500.0,0.010000000707805157,0.29047250747680664,1.0
3876,3.2255426055516714,500.4711961074285,197.52626545761203,500.0,0.010000000707805157,0.35380223393440247,1.0
3877,3.511599546211422,530.8086066825423,197.22025318688839,500.0,0.010000000707805157,0.46627408266067505,1.0
3878,2.294243620535524,274.7395299978429,181.18664586207376,500.0,0.010000000707805157,0.2495759129524231,1.0
3879,1.8225855662547947,212.26641947146547,173.01497925819413,500.0,0.010000000707805157,0.136636421084404,1.0
3880,3.2207797385923134,500.5696166758301,197.25837514455333,500.0,0.010000000707805157,0.3525592088699341,1.0
3881,4.123262808662229,585.876049262487,189.7969337021281,500.0,0.010000000707805157,0.623798131942749,1.0
3882,4.544975192266102,711.0757446341956,196.91493903171838,500.0,0.010000000707805157,0.7022883892059326,1.0
3883,2.577670279398545,299.3434884221695,172.94330363496547,500.0,0.010000000707805157,0.2717588543891907,1.0
3884,3.0074473540783075,431.03114173979446,196.42205234879142,500.0,0.010000000707805157,0.40105319023132324,1.0
3885,1.8239653629288584,210.95117856489745,172.88845001632774,500.0,0.010000000707805157,0.13613136112689972,1.0
3886,2.664010236021264,394.00422229996684,196.49521143523316,500.0,0.010000000707805157,0.2878802418708801,1.0
3887,2.269178570404287,353.6910364555061,196.58750290876898,500.0,0.010000000707805157,0.17512103915214539,1.0
3888,2.6624383920384527,394.09791713091914,196.37680741550238,500.0,0.010000000707805157,0.28751540184020996,1.0
3889,3.246210683791796,386.3838254879552,181.12755012121653,500.0,0.010000000707805157,0.4962981939315796,1.0
3890,3.2058970694398874,500.7152709645058,196.4600592077188,500.0,0.010000000707805157,0.3487929701805115,1.0
3891,1.3939858062557362,172.3275444805317,195.72990695408413,500.0,0.010000000707805157,0.11314798891544342,1.0
3892,3.2259332960354183,446.9010731632161,190.26200934381959,500.0,0.010000000707805157,0.42183223366737366,1.0
3893,3.940535623444133,571.1924234835423,192.4999256391171,500.0,0.010000000707805157,0.5953238010406494,1.0
3894,3.000605431177884,430.1960967237243,196.05396546319545,500.0,0.010000000707805157,0.39824816584587097,1.0
3895,2.262104590518811,353.4975570540635,196.09094900799678,500.0,0.010000000707805157,0.17386958003044128,1.0
3896,1.8256154623909069,208.42664652028256,172.71830053825812,500.0,0.010000000707805157,0.1355692446231842,1.0
3897,1.393465059246523,171.9085143524447,195.73475113016306,500.0,0.010000000707805157,0.11274773627519608,1.0
3898,3.4549048881146156,401.7353088514411,176.44127532529888,500.0,0.010000000707805157,0.5168613791465759,1.0
3899,0.024613934574518968,0.2715794459306833,132.62320009406596,500.0,0.010000000707805157,0.0009387334575876594,1.0
3900,2.261640716540623,352.83208434654745,196.08072139084356,500.0,0.010000000707805157,0.17365314066410065,1.0
3901,3.1958977985340256,500.09753050551063,195.97314231001283,500.0,0.010000000707805157,0.346232533454895,1.0
3902,3.4835944856317296,529.7278899320147,195.82440528155684,500.0,0.010000000707805157,0.45751240849494934,1.0
3903,2.6518409426137657,393.2549922400491,195.71640174965444,500.0,0.010000000707805157,0.2845917344093323,1.0
3904,2.4121234743803672,297.7064865075568,195.7690630490141,500.0,0.010000000707805157,0.3356372117996216,1.0
3905,2.297257668325048,268.95509899661664,181.03413076451466,500.0,0.010000000707805157,0.24650323390960693,1.0
3906,1.3924074634252919,171.43035287141234,195.7565947651964,500.0,0.010000000707805157,0.11211016774177551,1.0
3907,2.903463773011511,409.4532314171281,188.9470373582179,500.0,0.010000000707805157,0.30702123045921326,1.0
3908,3.886333013703949,504.79209519754016,182.92328715187102,500.0,0.010000000707805157,0.5754417181015015,1.0
3909,2.9030445773039597,409.188281363235,188.8531312646364,500.0,0.010000000707805157,0.3063013255596161,1.0
3910,2.298817421130235,268.38529421216265,180.97042973171847,500.0,0.010000000707805157,0.24574795365333557,1.0
3911,2.29904145581221,268.3084574312566,180.9696030041797,500.0,0.010000000707805157,0.24557092785835266,1.0
3912,2.9034374016106614,408.63098617387175,188.82763441184946,500.0,0.010000000707805157,0.3058347702026367,1.0
3913,1.3913569694081587,170.81818662850392,195.71436177450747,500.0,0.010000000707805157,0.11178725212812424,1.0
3914,2.902995785415393,408.40774171531984,188.79161049269362,500.0,0.010000000707805157,0.3055703341960907,1.0
3915,2.9024241109788953,408.3569481932226,188.7447168553789,500.0,0.010000000707805157,0.3053100109100342,1.0
3916,2.2505355646064924,351.9563256624335,195.3682355387777,500.0,0.010000000707805157,0.17165973782539368,1.0
3917,1.3913635241063635,170.4877091344045,195.693651202812,500.0,0.010000000707805157,0.1116931214928627,1.0
3918,3.2520702442898335,379.3190550931268,180.97614198978576,500.0,0.010000000707805157,0.48931044340133667,1.0
3919,2.249877932102238,351.5119194893279,195.34765160368087,500.0,0.010000000707805157,0.17147690057754517,1.0
3920,2.643988424187647,391.1845054873382,195.36969365650378,500.0,0.010000000707805157,0.28200602531433105,1.0
3921,4.131719325391586,635.519826739724,195.20410571818869,500.0,0.010000000707805157,0.6231169700622559,1.0
3922,2.897366549411384,407.61919976896604,188.4664490100698,500.0,0.010000000707805157,0.30386942625045776,1.0
3923,2.8967561506989723,407.5701819385752,188.4190540179728,500.0,0.010000000707805157,0.303607702255249,1.0
3924,2.89614307133175,407.5211851977635,188.37162040807945,500.0,0.010000000707805157,0.30334603786468506,1.0
3925,2.637638486011912,391.24449328977096,194.9515437905381,500.0,0.010000000707805157,0.2807387113571167,1.0
3926,2.592233890931103,288.60536061373165,172.34371372556828,500.0,0.010000000707805157,0.2663726806640625,1.0
3927,2.636691648757884,390.95158726624163,194.91423056759277,500.0,0.010000000707805157,0.2804528474807739,1.0
3928,2.5934876523678603,288.3577756310229,172.32047342491018,500.0,0.010000000707805157,0.266009658575058,1.0
3929,2.895251489567851,406.85753882314833,188.25201476965012,500.0,0.010000000707805157,0.30235084891319275,1.0
3930,3.4272122639506253,455.7858986254887,184.67129400078136,500.0,0.010000000707805157,0.43461692333221436,1.0
3931,2.689729095644594,314.9850244130231,184.75682709132275,500.0,0.010000000707805157,0.3535657525062561,1.0
3932,2.8949535307157057,406.25967910560377,188.17954478574322,500.0,0.010000000707805157,0.30161982774734497,1.0
3933,1.9647306476498516,239.38853807060812,195.64273622920493,500.0,0.010000000707805157,0.2209351360797882,1.0
3934,2.6328410831863684,389.86900557234924,194.76801099922545,500.0,0.010000000707805157,0.2792707681655884,1.0
3935,2.945880949731938,333.7494166317959,177.48365300889068,500.0,0.010000000707805157,0.3746950328350067,1.0
3936,4.111417880174775,633.1199428661765,194.55904973399345,500.0,0.010000000707805157,0.6161726713180542,1.0
3937,1.838083862860936,202.01772893928555,172.1449345907286,500.0,0.010000000707805157,0.13252434134483337,1.0
3938,1.388877148819447,168.6814726335459,195.6256457175382,500.0,0.010000000707805157,0.11045702546834946,1.0
3939,3.7169077833159236,552.4028868639541,194.5722733269581,500.0,0.010000000707805157,0.5562364459037781,1.0
3940,2.8901620649828534,404.97552695638205,187.92895860223248,500.0,0.010000000707805157,0.3000498116016388,1.0
3941,2.2288895359108296,350.67019695570303,194.09926171006464,500.0,0.010000000707805157,0.16814520955085754,1.0
3942,2.304109221652928,262.64780670988245,180.73345656421978,500.0,0.010000000707805157,0.24179556965827942,1.0
3943,3.2052003601755676,438.93909662289406,188.9591000762012,500.0,0.010000000707805157,0.40905141830444336,1.0
3944,2.624016965534664,389.1917673740601,194.31040232406724,500.0,0.010000000707805157,0.27716439962387085,1.0
3945,2.88742878915225,404.4097659015586,187.76918372596847,500.0,0.010000000707805157,0.29908105731010437,1.0
3946,2.886743073225579,404.3610326774103,187.72125506830523,500.0,0.010000000707805157,0.29881685972213745,1.0
3947,1.3882157018970034,167.93883122826972,195.60331744654744,500.0,0.010000000707805157,0.10996241867542267,1.0
3948,2.620978762426146,389.00804302065575,194.1492882728882,500.0,0.010000000707805157,0.27650392055511475,1.0
3949,2.304904467261329,261.38529570105686,180.70027089032442,500.0,0.010000000707805157,0.2409757375717163,1.0
3950,0.021044921709322456,0.21354976199658263,131.62844939429766,500.0,0.010000000707805157,0.0008039420936256647,1.0
3951,1.9620027572300331,237.74244162258395,195.6397474880293,500.0,0.010000000707805157,0.21871396899223328,1.0
3952,3.6416742025344764,535.4197781609802,190.2151657937356,500.0,0.010000000707805157,0.46491098403930664,1.0
3953,1.3874459198731859,167.70140569047504,195.6177686547562,500.0,0.010000000707805157,0.1095695048570633,1.0
3954,3.187932191665377,346.0897724071574,171.98003222243233,500.0,0.010000000707805157,0.39367246627807617,1.0
3955,3.2013246552887713,437.04886801707454,188.74173132398948,500.0,0.010000000707805157,0.4063900411128998,1.0
3956,2.6907317149385963,310.2875475336125,184.71201048717654,500.0,0.010000000707805157,0.34870895743370056,1.0
3957,2.9523689591441618,328.32145196327434,177.30336441691588,500.0,0.010000000707805157,0.3703348636627197,1.0
3958,3.201594090158505,436.10030311302125,188.74363708120893,500.0,0.010000000707805157,0.40546369552612305,1.0
3959,1.8452679818837319,198.54815329078696,171.84637410894413,500.0,0.010000000707805157,0.1309463381767273,1.0
3960,3.4289391775003817,521.9541911907871,193.84622867338743,500.0,0.010000000707805157,0.44049525260925293,1.0
3961,3.423543613271472,448.7708882503803,184.07993841196432,500.0,0.010000000707805157,0.4265356659889221,1.0
3962,0.02026973059435435,0.20152924322848154,131.35891439306226,500.0,0.010000000707805157,0.0007745992625132203,1.0
3963,2.6915949585732277,309.13546711017113,184.66524156381493,500.0,0.010000000707805157,0.3471751809120178,1.0
3964,2.955816426544954,326.9472702314566,177.22796985688927,500.0,0.010000000707805157,0.36860209703445435,1.0
3965,2.956929253658715,326.8925917864741,177.21415882883775,500.0,0.010000000707805157,0.36816397309303284,1.0
3966,0.020056626589204467,0.1980159088183131,131.26965361463405,500.0,0.010000000707805157,0.0007665638695470989,1.0
3967,2.6123828446121062,385.7570995115042,193.95667694058702,500.0,0.010000000707805157,0.2736210227012634,1.0
3968,1.8491781891415406,197.52296569830406,171.7338960322507,500.0,0.010000000707805157,0.1302037090063095,1.0
3969,2.214605388012125,347.2269666723109,193.50602554002697,500.0,0.010000000707805157,0.16554436087608337,1.0
3970,2.213276034219769,347.37356167882706,193.42514371138276,500.0,0.010000000707805157,0.16538865864276886,1.0
3971,2.211941058033399,347.52086752678287,193.3442021969974,500.0,0.010000000707805157,0.1652330905199051,1.0
3972,3.1971533892716355,434.08859286060726,188.4691165387624,500.0,0.010000000707805157,0.4024779796600342,1.0
3973,1.9567170377689984,235.6040620245892,195.58215704910728,500.0,0.010000000707805157,0.216071218252182,1.0
3974,2.2096118926547126,347.3718571231141,193.23236098742902,500.0,0.010000000707805157,0.16490226984024048,1.0
3975,1.956383880575954,235.53471005024713,195.5924426781582,500.0,0.010000000707805157,0.21578440070152283,1.0
3976,2.2084542157047755,347.3208727769462,193.17596901795523,500.0,0.010000000707805157,0.1647459864616394,1.0
3977,1.3834575952157004,166.25218367046537,195.58095012206604,500.0,0.010000000707805157,0.10809046775102615,1.0
3978,3.6274256530126614,530.6092408662831,189.670689771413,500.0,0.010000000707805157,0.4580869972705841,1.0
3979,1.383399581692975,166.06363211659266,195.57114457687962,500.0,0.010000000707805157,0.10800755023956299,1.0
3980,2.691961060139924,306.42344663156854,184.65824618688876,500.0,0.010000000707805157,0.3444388508796692,1.0
3981,2.393907722259453,288.51478017641233,195.63217926589343,500.0,0.010000000707805157,0.32204291224479675,1.0
3982,3.193475442982883,432.1994801415686,188.38436567511343,500.0,0.010000000707805157,0.40038710832595825,1.0
3983,2.6915257123006984,305.8660311924122,184.70077676163885,500.0,0.010000000707805157,0.3433316648006439,1.0
3984,0.019062665092699896,0.1832333886284328,130.98670539773215,500.0,0.010000000707805157,0.0007293024100363255,1.0
3985,3.1931499506855294,431.599217334483,188.37576616564735,500.0,0.010000000707805157,0.3997713327407837,1.0
3986,3.623628193005898,528.4653678006192,189.57058933453075,500.0,0.010000000707805157,0.45614245533943176,1.0
3987,2.942124382893983,419.2865064863713,193.72419254657115,500.0,0.010000000707805157,0.3768708109855652,1.0
3988,2.1990765680456406,346.3417462707398,192.76898795643274,500.0,0.010000000707805157,0.1633739024400711,1.0
3989,3.4000663263292323,518.8184803871976,192.97384749532225,500.0,0.010000000707805157,0.43251004815101624,1.0
3990,3.6137339975437874,528.6568207763421,189.242396219852,500.0,0.010000000707805157,0.454081654548645,1.0
3991,1.8524109442768426,192.55808512495946,171.38173115167345,500.0,0.010000000707805157,0.12911787629127502,1.0
3992,0.018547499831754206,0.17596279785446817,130.83267289044062,500.0,0.010000000707805157,0.000709658837877214,1.0
3993,2.870393637666652,397.1991918764525,186.76759415764337,500.0,0.010000000707805157,0.2910315990447998,1.0
3994,1.9530608161744294,234.05024373179543,195.58087506990762,500.0,0.010000000707805157,0.21336433291435242,1.0
3995,2.191080841280182,346.49700234197974,192.36251100261657,500.0,0.010000000707805157,0.16237391531467438,1.0
3996,3.68336854037829,472.4347112204526,184.86758578335315,500.0,0.010000000707805157,0.5254864692687988,1.0
3997,3.183194783925241,430.2172450810977,187.92073180976877,500.0,0.010000000707805157,0.39647796750068665,1.0
3998,2.9313867831252285,418.62587808087943,193.26096383470139,500.0,0.010000000707805157,0.37412595748901367,1.0
3999,1.8546714904417472,191.22459692465884,171.26841601536765,500.0,0.010000000707805157,0.12860450148582458,1.0
4000,1.8552045117139817,191.27414747553834,171.26349441804715,500.0,0.010000000707805157,0.12852220237255096,1.0
4001,2.964347987150801,317.9500206353673,176.9840084240776,500.0,0.010000000707805157,0.36227527260780334,1.0
4002,2.6253892950107214,271.06644052341454,171.27012618211444,500.0,0.010000000707805157,0.2559373080730438,1.0
4003,2.58488113983264,382.987515875923,192.84685938097607,500.0,0.010000000707805157,0.2673783302307129,1.0
4004,2.8679218500314283,395.2403415453617,186.5742382698306,500.0,0.010000000707805157,0.28894874453544617,1.0
4005,3.1813876883855476,428.7504659116511,187.804828053963,500.0,0.010000000707805157,0.3945147693157196,1.0
4006,3.180635855532781,428.540544795075,187.7720902442199,500.0,0.010000000707805157,0.394159734249115,1.0
4007,3.1798800210838163,428.33102670079205,187.739359323417,500.0,0.010000000707805157,0.393804669380188,1.0
4008,1.9488975449749666,232.94331410058408,195.5308300905223,500.0,0.010000000707805157,0.21153268218040466,1.0
4009,2.5787310836784183,382.4663955138499,192.62097425665593,500.0,0.010000000707805157,0.266059011220932,1.0
4010,2.9681899364322137,315.8047482906145,176.90316204327786,500.0,0.010000000707805157,0.36009764671325684,1.0
4011,0.01748989709225484,0.16054165843057022,130.44104469468184,500.0,0.010000000707805157,0.0006696551572531462,1.0
4012,3.6827984288895412,468.60088221765267,184.64816394705267,500.0,0.010000000707805157,0.5198928117752075,1.0
4013,3.0779140959984557,487.6563831742214,191.85190621635059,500.0,0.010000000707805157,0.32004064321517944,1.0
4014,1.3773360914353623,164.19227398362654,195.49729272158555,500.0,0.010000000707805157,0.10568130016326904,1.0
4015,2.1743337022901654,344.37698172623254,191.73757189078322,500.0,0.010000000707805157,0.15995821356773376,1.0
4016,2.917733289869517,416.41688072530224,192.87285981488657,500.0,0.010000000707805157,0.3700070083141327,1.0
4017,2.8599295410673373,393.30118850261164,186.21299914675646,500.0,0.010000000707805157,0.2863672375679016,1.0
4018,3.173243051718255,426.6964262876278,187.4884018966844,500.0,0.010000000707805157,0.39110779762268066,1.0
4019,2.5687044912422325,381.86813525902824,192.22521985899579,500.0,0.010000000707805157,0.26413285732269287,1.0
4020,1.861939527228396,187.8823902391914,170.94123675206032,500.0,0.010000000707805157,0.12701502442359924,1.0
4021,3.410418108048437,436.34444726392076,182.9729346079507,500.0,0.010000000707805157,0.4120541512966156,1.0
4022,1.3763353099401001,163.69772546327886,195.46492413549092,500.0,0.010000000707805157,0.10527374595403671,1.0
4023,2.8571276647023485,392.5347850967269,186.0568350150789,500.0,0.010000000707805157,0.28515228629112244,1.0
4024,3.1703329624636476,425.83047534490817,187.3470306231865,500.0,0.010000000707805157,0.38962915539741516,1.0
4025,2.1630214434381125,343.94845877965685,191.27280488040935,500.0,0.010000000707805157,0.15853959321975708,1.0
4026,3.168428354856251,425.64654755801996,187.26881918778793,500.0,0.010000000707805157,0.3891029953956604,1.0
4027,3.6750997948579998,465.7293280781132,184.26415055438662,500.0,0.010000000707805157,0.5148611664772034,1.0
4028,1.9446609054210984,231.20425975717262,195.45146091591417,500.0,0.010000000707805157,0.20929089188575745,1.0
4029,2.8532022310112333,391.5481927659345,185.87380607542823,500.0,0.010000000707805157,0.2837522625923157,1.0
4030,2.3176653371398155,248.18401912648633,180.29039704897218,500.0,0.010000000707805157,0.2303793579339981,1.0
4031,1.8666071999225198,186.39740472255514,170.7632515157001,500.0,0.010000000707805157,0.12605814635753632,1.0
4032,3.5760484580861713,521.6120358751944,188.06064828770343,500.0,0.010000000707805157,0.44070956110954285,1.0
4033,2.555512233715669,380.4352856293239,191.7741926876191,500.0,0.010000000707805157,0.26159387826919556,1.0
4034,3.043522807924855,486.528237715941,190.85843465831346,500.0,0.010000000707805157,0.31408044695854187,1.0
4035,2.6947918088459986,296.55427157676735,184.48242040975578,500.0,0.010000000707805157,0.3340158462524414,1.0
4036,2.551541661563061,380.39363660345947,191.61946984639857,500.0,0.010000000707805157,0.26088303327560425,1.0
4037,2.3183298038925706,246.83179174727857,180.2527191558022,500.0,0.010000000707805157,0.22955510020256042,1.0
4038,2.3186175078486513,246.76778542161398,180.25130543366558,500.0,0.010000000707805157,0.22938606142997742,1.0
4039,3.566273397106291,520.7192008071426,187.7929260576836,500.0,0.010000000707805157,0.43819713592529297,1.0
4040,1.3733995491785158,162.5394785187403,195.38620314623847,500.0,0.010000000707805157,0.1042085736989975,1.0
4041,2.31905746490463,246.29873637022283,180.23414980709927,500.0,0.010000000707805157,0.22902370989322662,1.0
4042,2.3193493189487446,246.23363746890286,180.23251014356637,500.0,0.010000000707805157,0.2288549244403839,1.0
4043,2.6443272659173442,261.2175564985746,170.59540837129444,500.0,0.010000000707805157,0.24994388222694397,1.0
4044,3.0239518014714983,338.0192510256635,186.87873689007586,500.0,0.010000000707805157,0.43552887439727783,1.0
4045,2.8479361198926174,388.6422023349846,185.59913154798866,500.0,0.010000000707805157,0.2807670533657074,1.0
4046,2.1447241128359096,341.5929230028358,190.69928913530998,500.0,0.010000000707805157,0.1560695767402649,1.0
4047,3.405822592562943,430.7972407225409,182.47371471443668,500.0,0.010000000707805157,0.40481168031692505,1.0
4048,2.9822076166801463,307.4273681977478,176.52310024398585,500.0,0.010000000707805157,0.3521105647087097,1.0
4049,2.141697052078093,341.1707313057342,190.61158159231542,500.0,0.010000000707805157,0.15565885603427887,1.0
4050,2.5415171213732513,378.2895973100056,191.41239998409006,500.0,0.010000000707805157,0.25861772894859314,1.0
4051,2.9831161136655893,306.7519792883645,176.49568274253653,500.0,0.010000000707805157,0.35154661536216736,1.0
4052,2.844225050429118,387.7182981855508,185.40074843617091,500.0,0.010000000707805157,0.2791590988636017,1.0
4053,1.8755441940140476,183.21534969297196,170.39425241615248,500.0,0.010000000707805157,0.12421584874391556,1.0
4054,3.317313795277704,509.9406756620819,190.92547296823622,500.0,0.010000000707805157,0.4127886891365051,1.0
4055,3.1908770619907427,442.91780315264276,192.34409265235115,500.0,0.010000000707805157,0.4635511040687561,1.0
4056,2.652302008070123,258.2411867505821,170.354066372795,500.0,0.010000000707805157,0.2476256936788559,1.0
4057,2.6538062708186856,258.39718047853825,170.34019944226088,500.0,0.010000000707805157,0.24730241298675537,1.0
4058,2.9872866756579723,305.4735332343673,176.40034300044394,500.0,0.010000000707805157,0.3496372103691101,1.0
4059,1.879172396669832,182.4492095096679,170.28345726860164,500.0,0.010000000707805157,0.12357223033905029,1.0
4060,1.8797253128888338,182.49390442946415,170.2759723349845,500.0,0.010000000707805157,0.12349137663841248,1.0
4061,3.582461225072001,533.8060362999785,191.28794167091883,500.0,0.010000000707805157,0.513664722442627,1.0
4062,0.014922304195415619,0.12558775758645208,129.40943915427897,500.0,0.010000000707805157,0.0005719558685086668,1.0
4063,2.531253020031542,376.3927167567623,191.1846153571443,500.0,0.010000000707805157,0.25644367933273315,1.0
4064,2.658155665707512,257.3723774532204,170.23889534114213,500.0,0.010000000707805157,0.24619705975055695,1.0
4065,1.9339930291737801,228.3236296845757,195.28780327071823,500.0,0.010000000707805157,0.20492812991142273,1.0
4066,1.9334032688034883,228.41541991981268,195.29829117813918,500.0,0.010000000707805157,0.20466086268424988,1.0
4067,1.9328294568666347,228.51090420583026,195.30852471829243,500.0,0.010000000707805157,0.20439717173576355,1.0
4068,4.13661534070812,617.2072945574794,188.226499869052,500.0,0.010000000707805157,0.5839217305183411,1.0
4069,3.1491135144305984,417.6668803649,186.53694888682452,500.0,0.010000000707805157,0.3779017925262451,1.0
4070,4.009744597350751,545.6469314215623,185.0511456223608,500.0,0.010000000707805157,0.5513140559196472,1.0
4071,2.118687633001458,338.95442299323526,189.91711138127957,500.0,0.010000000707805157,0.15280938148498535,1.0
4072,3.1748090776371356,440.3620396908327,192.0205809482384,500.0,0.010000000707805157,0.4581065773963928,1.0
4073,2.8317884164187666,384.1050852884608,184.9003764776756,500.0,0.010000000707805157,0.2747475206851959,1.0
4074,1.9313031115275763,227.4830938929804,195.25366541418242,500.0,0.010000000707805157,0.20346388220787048,1.0
4075,2.9884586007534772,480.05864820119757,189.7303871041628,500.0,0.010000000707805157,0.30419641733169556,1.0
4076,1.365684685253767,160.51711459372635,195.23206683511432,500.0,0.010000000707805157,0.10184095054864883,1.0
4077,2.9837059530031436,480.3945260348092,189.59111862701204,500.0,0.010000000707805157,0.30356091260910034,1.0
4078,3.778898536813011,538.9475689034354,187.46487646798786,500.0,0.010000000707805157,0.5267153382301331,1.0
4079,0.014006800431404601,0.1138991203673763,129.06988428333528,500.0,0.010000000707805157,0.0005371230072341859,1.0
4080,3.4199982316172424,446.9521492498825,187.23232617551662,500.0,0.010000000707805157,0.47604936361312866,1.0
4081,1.3650050359736874,160.15475185941852,195.20761556323046,500.0,0.010000000707805157,0.10154013335704803,1.0
4082,2.6629461504961074,251.24924277578862,169.88403024745165,500.0,0.010000000707805157,0.2440502941608429,1.0
4083,2.8533976553148626,408.46030105050096,191.14495475010847,500.0,0.010000000707805157,0.35318228602409363,1.0
4084,3.51700404110946,512.4983695883714,186.59252766361433,500.0,0.010000000707805157,0.42325690388679504,1.0
4085,1.928896163201726,226.45436873185537,195.20362966577312,500.0,0.010000000707805157,0.2021222710609436,1.0
4086,2.5017862215627202,375.0241453343853,190.2683556359853,500.0,0.010000000707805157,0.25130629539489746,1.0
4087,2.8184285080463773,382.464027942571,184.46789183678064,500.0,0.010000000707805157,0.2719278335571289,1.0
4088,2.8463789430989674,408.2191163486959,190.932680931557,500.0,0.010000000707805157,0.35161375999450684,1.0
4089,2.4972703985445532,374.98707589389255,190.12133563777252,500.0,0.010000000707805157,0.2505861520767212,1.0
4090,3.0200549863816186,329.020496191956,186.7910109250074,500.0,0.010000000707805157,0.4232572019100189,1.0
4091,1.9261543806903416,226.2990151487377,195.20548035266606,500.0,0.010000000707805157,0.20087067782878876,1.0
4092,2.0911582497923793,338.15538330352916,189.0389145519263,500.0,0.010000000707805157,0.14983579516410828,1.0
4093,2.325973807764585,237.03536094052475,180.0022885548197,500.0,0.010000000707805157,0.22173283994197845,1.0
4094,2.814865773154772,381.0320891764541,184.3836552858974,500.0,0.010000000707805157,0.2708250880241394,1.0
4095,2.839726474616804,407.4846440788289,190.8339140175751,500.0,0.010000000707805157,0.34960460662841797,1.0
4096,2.4908083735797373,374.2507712108575,190.00546731103918,500.0,0.010000000707805157,0.24920856952667236,1.0
4097,1.8866151092015517,173.7373160072873,169.5845833078508,500.0,0.010000000707805157,0.12139715999364853,1.0
4098,1.3608971253608588,159.53178739719786,195.1687812346457,500.0,0.010000000707805157,0.10022184252738953,1.0
4099,2.3264471398019664,236.18012870678106,179.9936216853378,500.0,0.010000000707805157,0.22103872895240784,1.0
4100,3.386556895038351,418.67681198461884,181.49292261011647,500.0,0.010000000707805157,0.39086487889289856,1.0
4101,2.3272844708804565,235.99991163040363,179.9561612972259,500.0,0.010000000707805157,0.2206645905971527,1.0
4102,2.0828061916136185,337.10134911077444,188.85686995818523,500.0,0.010000000707805157,0.14883379638195038,1.0
4103,0.012978534739802936,0.10129182978722168,128.63136275327884,500.0,0.010000000707805157,0.0004981195088475943,1.0
4104,1.3598185638842761,159.30422696995015,195.14453865572165,500.0,0.010000000707805157,0.09996239840984344,1.0
4105,1.9223578730177826,225.65162547573044,195.16542227667327,500.0,0.010000000707805157,0.1993519365787506,1.0
4106,3.38637640893583,417.6050054781326,181.4524113709087,500.0,0.010000000707805157,0.3898547291755676,1.0
4107,2.4840456721614994,372.9580118075821,189.91192277746987,500.0,0.010000000707805157,0.24780380725860596,1.0
4108,2.0776979884346063,336.8541171423449,188.71490001277144,500.0,0.010000000707805157,0.14828692376613617,1.0
4109,2.48104329822066,373.12101965495725,189.79603729904815,500.0,0.010000000707805157,0.2474176287651062,1.0
4110,2.6722401543010967,243.84345862810846,169.43440593943785,500.0,0.010000000707805157,0.24093209207057953,1.0
4111,2.074124416356067,336.76010933531825,188.61030554938887,500.0,0.010000000707805157,0.14791426062583923,1.0
4112,3.1166316216669028,411.4602608369956,185.61504849571764,500.0,0.010000000707805157,0.36717545986175537,1.0
4113,2.3282525751520167,234.33521857707728,179.89861315222595,500.0,0.010000000707805157,0.21946844458580017,1.0
4114,2.070616556917761,336.56126100422176,188.51870727251153,500.0,0.010000000707805157,0.1475365310907364,1.0
4115,2.0687717876089904,336.7380481061143,188.4463639038268,500.0,0.010000000707805157,0.14737871289253235,1.0
4116,1.3580654137002537,158.61458773689992,195.08434844135107,500.0,0.010000000707805157,0.09940166771411896,1.0
4117,1.8916025489839476,171.298642358423,169.3129867510201,500.0,0.010000000707805157,0.12026148289442062,1.0
4118,1.8921290736098375,171.35060311532882,169.3047346746791,500.0,0.010000000707805157,0.120179682970047,1.0
4119,1.3575202853208432,158.56423141768323,195.07620048669304,500.0,0.010000000707805157,0.0993039533495903,1.0
4120,3.000449604414398,290.45302949318864,175.97590910710736,500.0,0.010000000707805157,0.33868587017059326,1.0
4121,3.114311801305156,410.1244653580095,185.55286897537388,500.0,0.010000000707805157,0.36553484201431274,1.0
4122,1.3564503755840729,158.46544388205197,195.06332149545716,500.0,0.010000000707805157,0.09906085580587387,1.0
4123,1.3562130694949204,158.48968327131033,195.06629959414724,500.0,0.010000000707805157,0.09899447858333588,1.0
4124,3.395456623692469,439.94644655330063,186.73673320711782,500.0,0.010000000707805157,0.4637097716331482,1.0
4125,3.1122632904409184,409.2958579245727,185.52708048956185,500.0,0.010000000707805157,0.3645630180835724,1.0
4126,3.5686859070391947,583.0445487316094,188.29820475738208,500.0,0.010000000707805157,0.4390678405761719,1.0
4127,0.012152703054683855,0.0913785115607475,128.24825349201598,500.0,0.010000000707805157,0.0004666169988922775,1.0
4128,1.8948819882486119,169.6953559052831,169.13680187437592,500.0,0.010000000707805157,0.11953737586736679,1.0
4129,3.3777494207097463,413.9413142409431,181.04808463320668,500.0,0.010000000707805157,0.3843379616737366,1.0
4130,0.012097080017488052,0.09072799179722096,128.20689106639261,500.0,0.010000000707805157,0.0004644731234293431,1.0
4131,2.054587536860505,335.44627110630165,188.12701071462834,500.0,0.010000000707805157,0.14580288529396057,1.0
4132,1.3552037711597016,157.82894802034207,195.00546900197955,500.0,0.010000000707805157,0.09865051507949829,1.0
4133,1.8961692018462901,169.40207983865085,169.07928185126013,500.0,0.010000000707805157,0.11925075948238373,1.0
4134,3.1056121047679026,408.62986058916,185.29857284249886,500.0,0.010000000707805157,0.3627494275569916,1.0
4135,3.104519084007567,408.4212320750873,185.26876758126514,500.0,0.010000000707805157,0.3623756170272827,1.0
4136,2.4561125621486064,370.78309215287106,189.22567997529015,500.0,0.010000000707805157,0.24328798055648804,1.0
4137,3.4604016573948555,504.94208669506975,185.46988554261975,500.0,0.010000000707805157,0.40859127044677734,1.0
4138,2.888768562535302,475.2836669831126,187.77515843433585,500.0,0.010000000707805157,0.2891603112220764,1.0
4139,2.883373113265244,475.798489919518,187.63527461456837,500.0,0.010000000707805157,0.2885357439517975,1.0
4140,1.3544187504534402,157.03656170262562,194.93710903469528,500.0,0.010000000707805157,0.09831086546182632,1.0
4141,2.6948105950298347,279.1790332156918,184.19267602419214,500.0,0.010000000707805157,0.3145332932472229,1.0
4142,2.4448471917274217,370.98476941783645,188.86461551771177,500.0,0.010000000707805157,0.2418101727962494,1.0
4143,2.781610476638188,375.61927683017234,183.33612508111332,500.0,0.010000000707805157,0.2622082233428955,1.0
4144,3.0047829247202897,284.6741636991076,175.7280157526603,500.0,0.010000000707805157,0.3343857526779175,1.0
4145,2.873039478448434,475.06704464458386,187.47822360689335,500.0,0.010000000707805157,0.2870119512081146,1.0
4146,2.0285468154224375,335.6065007867242,187.37638691443985,500.0,0.010000000707805157,0.14333702623844147,1.0
4147,2.436644776533295,370.9377773567888,188.61884230698982,500.0,0.010000000707805157,0.24075600504875183,1.0
4148,2.8622145530268113,475.9423223734356,187.2153843795221,500.0,0.010000000707805157,0.28575223684310913,1.0
4149,1.8976623752299027,166.11688754463458,168.74198567790816,500.0,0.010000000707805157,0.1182442456483841,1.0
4150,3.0052124717337505,283.1885176487058,175.65060268582118,500.0,0.010000000707805157,0.3334854543209076,1.0
4151,2.781910182352105,402.80286470397397,189.44376012651986,500.0,0.010000000707805157,0.3374637961387634,1.0
4152,1.8992735809713757,165.74250116038047,168.6869432456208,500.0,0.010000000707805157,0.11796101182699203,1.0
4153,3.3600526247161997,410.4831660730584,180.4520698074046,500.0,0.010000000707805157,0.3776484429836273,1.0
4154,2.427907560617478,370.18430522885416,188.4370878790928,500.0,0.010000000707805157,0.2394275665283203,1.0
4155,3.358500752805469,410.1477857102098,180.38953681999533,500.0,0.010000000707805157,0.3768693804740906,1.0
4156,2.0132622756247134,335.09788690440695,187.01248407007017,500.0,0.010000000707805157,0.14183612167835236,1.0
4157,2.6947575069031524,276.2786840836462,184.05667302319128,500.0,0.010000000707805157,0.31169846653938293,1.0
4158,2.332226274856501,227.36172944687732,179.54942152085252,500.0,0.010000000707805157,0.214315265417099,1.0
4159,2.689747803002596,233.7893250396232,168.56903486798575,500.0,0.010000000707805157,0.23422172665596008,1.0
4160,2.42224557888431,369.1688457829307,188.377988143736,500.0,0.010000000707805157,0.23841260373592377,1.0
4161,0.011006673034124271,0.07835087943317792,127.65123898437228,500.0,0.010000000707805157,0.0004226057790219784,1.0
4162,2.8407544000620493,473.73551045948153,186.95042229965483,500.0,0.010000000707805157,0.2825019359588623,1.0
4163,3.0097363192929425,280.7847378616092,175.48188731547967,500.0,0.010000000707805157,0.33061057329177856,1.0
4164,2.0056675484690554,334.1993897288314,186.8950378555472,500.0,0.010000000707805157,0.14101053774356842,1.0
4165,1.9037432996899972,164.3570774119852,168.44737901587965,500.0,0.010000000707805157,0.11687750369310379,1.0
4166,2.8324027677059336,473.58989511777384,186.80696316620862,500.0,0.010000000707805157,0.2813897430896759,1.0
4167,2.4122495127777985,369.2164689144971,188.08155065809459,500.0,0.010000000707805157,0.2371973693370819,1.0
4168,1.9037288800116963,163.82746221532847,168.3932799711231,500.0,0.010000000707805157,0.11673501878976822,1.0
4169,2.824069048980633,473.94385441185125,186.6355999347411,500.0,0.010000000707805157,0.280388742685318,1.0
4170,2.7592276137941916,401.0618556571202,188.92528660190115,500.0,0.010000000707805157,0.33326300978660583,1.0
4171,3.3483686244791038,407.8592143774304,180.04473951710796,500.0,0.010000000707805157,0.372524619102478,1.0
4172,1.348367260639716,154.73042787284817,194.70582436793558,500.0,0.010000000707805157,0.09673184901475906,1.0
4173,2.3333053447098324,225.10608390474508,179.41415685029406,500.0,0.010000000707805157,0.21272610127925873,1.0
4174,2.754866296865057,372.3394914576338,182.5568090186242,500.0,0.010000000707805157,0.25562161207199097,1.0
4175,2.4016614255581614,368.64393666303863,187.8512772772058,500.0,0.010000000707805157,0.23567475378513336,1.0
4176,1.905470748385622,162.54702251757493,168.239800538634,500.0,0.010000000707805157,0.11618301272392273,1.0
4177,0.010533583443921517,0.07343718555774749,127.39471633545936,500.0,0.010000000707805157,0.0004043809894938022,1.0
4178,3.0126162937141454,277.93821189809165,175.3155512022692,500.0,0.010000000707805157,0.32808369398117065,1.0
4179,2.6946162940140757,273.1414503410997,183.90615364212155,500.0,0.010000000707805157,0.30809587240219116,1.0
4180,3.061968195948907,428.91276372881214,189.63842808333064,500.0,0.010000000707805157,0.4271122217178345,1.0
4181,3.0635916906310903,402.3018095689071,184.2006251735748,500.0,0.010000000707805157,0.35028356313705444,1.0
4182,2.7470497124374833,399.09678356173396,188.8376340955316,500.0,0.010000000707805157,0.33013859391212463,1.0
4183,3.342922178810516,431.20077699143786,185.44105240045715,500.0,0.010000000707805157,0.4452470541000366,1.0
4184,3.6784434481667754,599.5698603673092,186.84299701373723,500.0,0.010000000707805157,0.5103947520256042,1.0
4185,3.0555864242169624,401.56145395251394,184.0311542470395,500.0,0.010000000707805157,0.3485226035118103,1.0
4186,1.8997333644029415,218.0855716238279,194.6366802643561,500.0,0.010000000707805157,0.19072440266609192,1.0
4187,2.3337297585725976,222.30022974662708,179.38409876857438,500.0,0.010000000707805157,0.21044737100601196,1.0
4188,1.342574002968191,154.03490264798387,194.62049733403498,500.0,0.010000000707805157,0.09531760960817337,1.0
4189,1.9095307664163623,159.5912169031845,167.96781420650134,500.0,0.010000000707805157,0.11526911705732346,1.0
4190,2.744353516809662,369.0849209082263,182.3592452324973,500.0,0.010000000707805157,0.2525424063205719,1.0
4191,1.968861198756998,332.1581958663644,186.18438124854217,500.0,0.010000000707805157,0.13742700219154358,1.0
4192,0.009965569150089794,0.0673695744611637,127.08774850701215,500.0,0.010000000707805157,0.0003827604523394257,1.0
4193,2.3342877524720334,221.84424062251205,179.34513974186106,500.0,0.010000000707805157,0.20997223258018494,1.0
4194,3.373229115183739,497.59464760185233,183.96863812736137,500.0,0.010000000707805157,0.38909536600112915,1.0
4195,0.009891421744589698,0.06653270679878694,127.04272778170936,500.0,0.010000000707805157,0.00037990149576216936,1.0
4196,2.738969785816597,368.8725503312319,182.21182332155962,500.0,0.010000000707805157,0.2515011131763458,1.0
4197,3.8453146479822684,433.53705967757867,177.95143690856122,500.0,0.010000000707805157,0.48041364550590515,1.0
4198,0.009821749775828495,0.06570697619661071,126.98543920620646,500.0,0.010000000707805157,0.00037716160295531154,1.0
4199,2.7035574796794304,225.26310779124765,167.81615707850187,500.0,0.010000000707805157,0.2286592274904251,1.0
4200,2.3360367442420187,221.24106793231348,179.20130700418028,500.0,0.010000000707805157,0.20903965830802917,1.0
4201,1.9136023936096398,159.03468150278366,167.7588325431301,500.0,0.010000000707805157,0.11423221230506897,1.0
4202,2.373166530977859,365.14214251034247,187.47885884155644,500.0,0.010000000707805157,0.23100657761096954,1.0
4203,3.313662428122882,276.0507376497443,167.76617547351043,500.0,0.010000000707805157,0.34180471301078796,1.0
4204,0.009721091483296805,0.06475453407188606,126.88752010534884,500.0,0.010000000707805157,0.000373349612345919,1.0
4205,1.9563364651371193,330.5157058672787,186.0382783834123,500.0,0.010000000707805157,0.1360982209444046,1.0
4206,1.9151335893098436,158.81024048387724,167.68148617214845,500.0,0.010000000707805157,0.11385578662157059,1.0
4207,1.894285486106124,216.53686074985626,194.50089361078358,500.0,0.010000000707805157,0.18927264213562012,1.0
4208,1.3391401899968984,152.93945625510102,194.48830880145343,500.0,0.010000000707805157,0.09466376900672913,1.0
4209,2.3689833171595134,364.2879863286438,187.46239810182493,500.0,0.010000000707805157,0.23022209107875824,1.0
4210,2.6928662134841588,268.7101941650768,183.75714166123004,500.0,0.010000000707805157,0.30224573612213135,1.0
4211,1.3379536810832768,152.91097057968662,194.4808195512069,500.0,0.010000000707805157,0.09438681602478027,1.0
4212,2.7183604639444265,395.2451351922997,188.49443541645385,500.0,0.010000000707805157,0.3238440155982971,1.0
4213,2.3649158768014633,363.8006522689115,187.43281358423533,500.0,0.010000000707805157,0.22942736744880676,1.0
4214,1.3369990749036351,152.82638025311186,194.47106565154857,500.0,0.010000000707805157,0.09412340074777603,1.0
4215,2.73318016636103,365.6351671243044,182.10666031675888,500.0,0.010000000707805157,0.24864909052848816,1.0
4216,2.6916495459136027,267.78500848027045,183.78773125566457,500.0,0.010000000707805157,0.30101266503334045,1.0
4217,2.7323549406083982,365.143873798446,182.09356473485144,500.0,0.010000000707805157,0.24822279810905457,1.0
4218,2.7107671513585574,394.58301595296075,188.39004990534983,500.0,0.010000000707805157,0.32221174240112305,1.0
4219,2.3572098944844146,363.20613927647724,187.31904804471543,500.0,0.010000000707805157,0.2282290756702423,1.0
4220,3.037101854569284,395.9875961563185,183.7318816083532,500.0,0.010000000707805157,0.3410458266735077,1.0
4221,1.9384877562582077,329.08275262820115,185.78322753438988,500.0,0.010000000707805157,0.1343749463558197,1.0
4222,2.3518294040745515,363.2066330001853,187.1916839199852,500.0,0.010000000707805157,0.2275657206773758,1.0
4223,1.9343703002319,329.3132717116133,185.67611282793243,500.0,0.010000000707805157,0.13405455648899078,1.0
4224,2.3483533849344105,363.3502621158171,187.09542379103067,500.0,0.010000000707805157,0.2271755188703537,1.0
4225,1.3344598734231483,152.122007085903,194.3955964515499,500.0,0.010000000707805157,0.09345287829637527,1.0
4226,0.009097737930762002,0.05859695552166394,126.55829526531303,500.0,0.010000000707805157,0.0003495240234769881,1.0
4227,2.309948090455562,264.24592371076733,194.42470068582034,500.0,0.010000000707805157,0.27961400151252747,1.0
4228,0.009050272055943845,0.058014065111584925,126.5381920486895,500.0,0.010000000707805157,0.00034779662382788956,1.0
4229,0.009049155039198594,0.058007939441839,126.53741307042549,500.0,0.010000000707805157,0.0003477370773907751,1.0
4230,2.6891073481097543,265.6409045473289,183.83053449115425,500.0,0.010000000707805157,0.2988598048686981,1.0
4231,1.3325142863234263,152.21206115347934,194.39234723436903,500.0,0.010000000707805157,0.09304839372634888,1.0
4232,0.008997524477364046,0.05768239048839699,126.50122005715356,500.0,0.010000000707805157,0.0003457714046817273,1.0
4233,2.3359114787248174,216.87125169175394,179.20279836784613,500.0,0.010000000707805157,0.20558977127075195,1.0
4234,3.0303856252817556,394.27534263301015,183.6728875238699,500.0,0.010000000707805157,0.33890944719314575,1.0
4235,3.3340135508582,490.5610817755678,183.55000797634338,500.0,0.010000000707805157,0.37921395897865295,1.0
4236,2.6918920552699372,393.2856208764412,188.11012050650945,500.0,0.010000000707805157,0.31825417280197144,1.0
4237,1.3308739525608568,151.88665515523203,194.3509236109715,500.0,0.010000000707805157,0.09267158061265945,1.0
4238,3.0256438920575452,489.8000279613866,186.3243872298095,500.0,0.010000000707805157,0.3580590486526489,1.0
4239,2.6865575044395165,393.19694175738846,188.00750195873803,500.0,0.010000000707805157,0.3172224164009094,1.0
4240,2.686845095958928,263.8197814380555,183.84972086834838,500.0,0.010000000707805157,0.29677271842956543,1.0
4241,2.3352434557586723,215.08016169837725,179.1948850327952,500.0,0.010000000707805157,0.20434777438640594,1.0
4242,3.8319436094262245,590.6793439371398,183.99235511860851,500.0,0.010000000707805157,0.5090076923370361,1.0
4243,1.909918075323808,327.91404332186534,185.30550277916126,500.0,0.010000000707805157,0.13180992007255554,1.0
4244,1.9077971053694076,328.07971104402577,185.24876796274688,500.0,0.010000000707805157,0.1316545605659485,1.0
4245,2.9873071792300556,421.5213197525612,188.63323486975787,500.0,0.010000000707805157,0.40742719173431396,1.0
4246,2.7038420218029553,361.5706858321523,181.58823821617602,500.0,0.010000000707805157,0.24315880239009857,1.0
4247,2.7024320186867317,361.52267206390707,181.55335280949456,500.0,0.010000000707805157,0.24287180602550507,1.0
4248,1.92075977133272,150.5436143794749,166.95275169890422,500.0,0.010000000707805157,0.11183807998895645,1.0
4249,2.335034634009119,213.58807612767333,179.1043319596006,500.0,0.010000000707805157,0.20339535176753998,1.0
4250,2.3169357130903183,361.1015088768077,186.65362842220546,500.0,0.010000000707805157,0.22247886657714844,1.0
4251,0.008408774419369222,0.05172376954053918,126.14766262991346,500.0,0.010000000707805157,0.00032313590054400265,1.0
4252,1.8972265010656624,327.61116359259836,185.0858145924892,500.0,0.010000000707805157,0.13071425259113312,1.0
4253,2.685168578769173,261.5975229179776,183.7749579147062,500.0,0.010000000707805157,0.2946523427963257,1.0
4254,1.3261352050032442,150.83039159142214,194.2209216333948,500.0,0.010000000707805157,0.09160226583480835,1.0
4255,2.334879300975954,212.9209458959215,179.10830912172307,500.0,0.010000000707805157,0.2028006911277771,1.0
4256,2.6994848545652466,360.14578475314755,181.52096173466853,500.0,0.010000000707805157,0.24168843030929565,1.0
4257,2.3351284670380483,212.73538259447795,179.07804902553397,500.0,0.010000000707805157,0.20251134037971497,1.0
4258,3.2759116366700125,568.1449290206044,185.0206441950247,500.0,0.010000000707805157,0.3905333876609802,1.0
4259,1.922742706277631,149.15516356055744,166.76705938881685,500.0,0.010000000707805157,0.1111719161272049,1.0
4260,2.7191336102829062,211.3969561996828,166.77184325242584,500.0,0.010000000707805157,0.22191224992275238,1.0
4261,2.6666081548785527,462.8282189566099,184.93553983149542,500.0,0.010000000707805157,0.2592087984085083,1.0
4262,3.2535483782045076,510.9592814959275,186.39548970142528,500.0,0.010000000707805157,0.4410324692726135,1.0
4263,2.3348023077904165,211.46590849762222,178.99901929662659,500.0,0.010000000707805157,0.20174553990364075,1.0
4264,1.923769952952192,148.45476482949476,166.65078024095737,500.0,0.010000000707805157,0.11073654890060425,1.0
4265,1.8778767450526588,326.51397696667664,184.81938620625283,500.0,0.010000000707805157,0.12897996604442596,1.0
4266,1.8714424460269605,212.34845613872554,194.13017179839142,500.0,0.010000000707805157,0.18186688423156738,1.0
4267,2.6869928044080744,359.000876227119,181.27461716092338,500.0,0.010000000707805157,0.23923730850219727,1.0
4268,2.6855545792921256,358.9458034422524,181.24154650281793,500.0,0.010000000707805157,0.23894977569580078,1.0
4269,1.8713993100984678,326.39636216894417,184.71218763947712,500.0,0.010000000707805157,0.1284375935792923,1.0
4270,1.8703501003395615,211.95392421339236,194.09836958854152,500.0,0.010000000707805157,0.1815280318260193,1.0
4271,2.68273218275733,358.6572453377204,181.1944039854039,500.0,0.010000000707805157,0.23845727741718292,1.0
4272,1.9247235058523122,147.46791896842666,166.51530519157023,500.0,0.010000000707805157,0.11027442663908005,1.0
4273,1.321871094793811,149.56160232157941,194.06689101400622,500.0,0.010000000707805157,0.09072941541671753,1.0
4274,1.3215384603821083,149.57859266499597,194.06614065426575,500.0,0.010000000707805157,0.09066466987133026,1.0
4275,1.8681055342774948,211.85456333137788,194.07860272697178,500.0,0.010000000707805157,0.18094585835933685,1.0
4276,2.334728886741427,210.10739212294908,178.95513701709356,500.0,0.010000000707805157,0.20040205121040344,1.0
4277,1.8672357500795904,325.35198705552995,184.73164436943983,500.0,0.010000000707805157,0.1279655545949936,1.0
4278,1.9259336932743414,146.81465052908322,166.4515308570154,500.0,0.010000000707805157,0.11005433648824692,1.0
4279,1.9262953551063007,146.87511439696698,166.43875084981462,500.0,0.010000000707805157,0.10996852815151215,1.0
4280,3.335646942682418,255.3973953040255,166.458598022747,500.0,0.010000000707805157,0.3292047679424286,1.0
4281,3.2651952734203067,483.7521765032467,182.76197798928467,500.0,0.010000000707805157,0.3647438883781433,1.0
4282,1.9275976666598558,146.90165140178308,166.34766783462726,500.0,0.010000000707805157,0.10950090736150742,1.0
4283,3.2997748492423256,386.5517232863483,178.74809460051304,500.0,0.010000000707805157,0.3458210229873657,1.0
4284,1.3189637800754554,149.03478752067176,193.985686044931,500.0,0.010000000707805157,0.09024979919195175,1.0
4285,2.6264600195922845,459.47724160684743,184.62946885814765,500.0,0.010000000707805157,0.2539985179901123,1.0
4286,2.3357543450626377,209.2067834369615,178.76132720626077,500.0,0.010000000707805157,0.19912467896938324,1.0
4287,2.3358621330553104,209.15551613292376,178.75243273516145,500.0,0.010000000707805157,0.19895407557487488,1.0
4288,2.335972595271388,209.10549623198077,178.74359014838964,500.0,0.010000000707805157,0.19878432154655457,1.0
4289,2.9326019892199278,482.80552870014895,185.4603993356502,500.0,0.010000000707805157,0.34299424290657043,1.0
4290,2.270290408501208,356.73259257661124,186.10607341787082,500.0,0.010000000707805157,0.2160027027130127,1.0
4291,2.6706050738528115,355.618148778861,181.00590219758578,500.0,0.010000000707805157,0.23481988906860352,1.0
4292,2.26651673826012,356.65816388360014,186.03630692954414,500.0,0.010000000707805157,0.21556904911994934,1.0
4293,2.9186021969051303,482.97807088391625,185.26453236802482,500.0,0.010000000707805157,0.34111300110816956,1.0
4294,0.007472055912828391,0.04327371679092096,125.45288942351327,500.0,0.010000000707805157,0.0002870364114642143,1.0
4295,2.971596981677127,385.6974732517353,182.68174960482963,500.0,0.010000000707805157,0.323498398065567,1.0
4296,1.860437216840607,209.84236576720286,193.89527686013042,500.0,0.010000000707805157,0.1788707673549652,1.0
4297,2.663350967525446,354.9264545370925,180.89584672519942,500.0,0.010000000707805157,0.23364298045635223,1.0
4298,1.9295055228520968,144.3492118915432,166.01518008898796,500.0,0.010000000707805157,0.10842549800872803,1.0
4299,2.334946446812731,207.15520569217182,178.6834457843944,500.0,0.010000000707805157,0.19751200079917908,1.0
4300,2.729241108767096,204.49723162654425,165.99803456225592,500.0,0.010000000707805157,0.21626004576683044,1.0
4301,1.9308851593960865,144.477758927804,165.95464413078423,500.0,0.010000000707805157,0.10807327181100845,1.0
4302,1.9311960183425962,144.5371628985394,165.94047197789666,500.0,0.010000000707805157,0.1079864427447319,1.0
4303,1.9315047288433282,144.59644038266555,165.92619421788606,500.0,0.010000000707805157,0.10789963603019714,1.0
4304,2.2554831287103427,354.9551050087617,185.98227621283334,500.0,0.010000000707805157,0.21393519639968872,1.0
4305,2.6616389833791048,353.62783461605295,180.87154389700257,500.0,0.010000000707805157,0.23233240842819214,1.0
4306,2.6601387651504638,353.5589497293264,180.84125157758703,500.0,0.010000000707805157,0.23204317688941956,1.0
4307,2.2497989436583286,354.78560355499764,185.88238005331078,500.0,0.010000000707805157,0.213300421833992,1.0
4308,2.273052310141565,256.2622434767708,193.81700302444483,500.0,0.010000000707805157,0.26678648591041565,1.0
4309,0.0072152498088709875,0.041036024210906616,125.22607152548058,500.0,0.010000000707805157,0.000277206941973418,1.0
4310,1.9322515935651075,143.57432918313395,165.80635298092972,500.0,0.010000000707805157,0.10753016173839569,1.0
4311,2.963483270423482,382.9569766298926,182.6135049516844,500.0,0.010000000707805157,0.32014477252960205,1.0
4312,2.5764122968815464,455.6398443716642,184.27008911040295,500.0,0.010000000707805157,0.24771380424499512,1.0
4313,3.2813958058886388,381.29864218136845,178.37401998245394,500.0,0.010000000707805157,0.3379276394844055,1.0
4314,2.3351876999083476,205.59650039494286,178.4828579763779,500.0,0.010000000707805157,0.19562266767024994,1.0
4315,1.8530928914507474,208.37680626194282,193.74461134586065,500.0,0.010000000707805157,0.17708846926689148,1.0
4316,2.566940077909861,454.9710085155076,184.20352976954106,500.0,0.010000000707805157,0.24655094742774963,1.0
4317,3.2079299606459335,477.8984221558894,182.21157035641215,500.0,0.010000000707805157,0.35285359621047974,1.0
4318,2.2680693554010896,254.9586963795037,193.7211218654032,500.0,0.010000000707805157,0.26508891582489014,1.0
4319,0.006977568663247359,0.038896291972111065,125.04788796935009,500.0,0.010000000707805157,0.0002680325706023723,1.0
4320,2.3343849405604074,204.54240175761524,178.48351387434954,500.0,0.010000000707805157,0.19490419328212738,1.0
4321,3.228408775880564,409.19565007171485,183.83074715492975,500.0,0.010000000707805157,0.4054684340953827,1.0
4322,2.551419478424644,454.17329775113893,184.07947669728705,500.0,0.010000000707805157,0.24470943212509155,1.0
4323,1.8490009119753668,207.58260388921227,193.66820882346437,500.0,0.010000000707805157,0.1759224236011505,1.0
4324,1.8005833790340353,320.50038475152945,184.04450651958877,500.0,0.010000000707805157,0.12208341062068939,1.0
4325,1.9335872517099224,140.87397907797816,165.475316189034,500.0,0.010000000707805157,0.1065240427851677,1.0
4326,2.2229318804006275,352.7533225959881,185.5943719895818,500.0,0.010000000707805157,0.20965975522994995,1.0
4327,3.191129208713741,476.2023895558273,182.07817394172193,500.0,0.010000000707805157,0.3497379720211029,1.0
4328,2.5733589186279895,382.35986722556,186.64156483395718,500.0,0.010000000707805157,0.2967858910560608,1.0
4329,1.8463914228536817,207.0006243190407,193.61448886884858,500.0,0.010000000707805157,0.17518103122711182,1.0
4330,1.8453422427710593,207.05034996664733,193.61086574876506,500.0,0.010000000707805157,0.1749272495508194,1.0
4331,0.006698384796107452,0.03637350782020556,124.85666453578884,500.0,0.010000000707805157,0.00025730906054377556,1.0
4332,1.9342539634739864,139.5811491738089,165.35936022174397,500.0,0.010000000707805157,0.106229268014431,1.0
4333,1.7895785491417313,319.7814021839504,183.93850954193405,500.0,0.010000000707805157,0.12114626169204712,1.0
4334,2.332731145595347,202.33431303259243,178.4620313327317,500.0,0.010000000707805157,0.1933513581752777,1.0
4335,3.181762158839209,474.68522155817084,182.0308088198024,500.0,0.010000000707805157,0.3477959930896759,1.0
4336,2.3325798517215226,201.99575395113672,178.4231234101393,500.0,0.010000000707805157,0.19303017854690552,1.0
4337,2.2082199373139857,351.53875430278543,185.45732404037832,500.0,0.010000000707805157,0.20766493678092957,1.0
4338,1.7805977630627425,319.3917197063736,183.83710887029244,500.0,0.010000000707805157,0.12041046470403671,1.0
4339,2.627521483621966,348.8467279302444,180.43599249072204,500.0,0.010000000707805157,0.22587832808494568,1.0
4340,3.7906575019629822,401.49513149757007,176.3861149978828,500.0,0.010000000707805157,0.43675315380096436,1.0
4341,2.556662792287932,380.51373567935354,186.50710904624856,500.0,0.010000000707805157,0.2937850058078766,1.0
4342,3.1642931179015426,473.432947518523,181.87024733257925,500.0,0.010000000707805157,0.3445272147655487,1.0
4343,2.331815793694968,200.7351002077081,178.30997752828597,500.0,0.010000000707805157,0.19196651875972748,1.0
4344,1.9352862242288262,138.08598682880867,165.05183894367818,500.0,0.010000000707805157,0.10511139035224915,1.0
4345,3.1593023565283875,472.7928460562853,181.8333956048055,500.0,0.010000000707805157,0.34340617060661316,1.0
4346,3.4116912802175148,495.22374529956113,182.71805122601467,500.0,0.010000000707805157,0.42945489287376404,1.0
4347,3.042215752935398,553.9775003425564,183.51266612186677,500.0,0.010000000707805157,0.3556840419769287,1.0
4348,2.735351688697531,194.3053231392575,164.92588540542448,500.0,0.010000000707805157,0.2092002034187317,1.0
4349,2.9152605174284743,376.6704293852121,181.9656493121838,500.0,0.010000000707805157,0.30906394124031067,1.0
4350,3.496986784445703,401.33855266017224,179.67131009835393,500.0,0.010000000707805157,0.4130542576313019,1.0
4351,2.1766899012747247,349.4849910052798,185.06822576672144,500.0,0.010000000707805157,0.20401489734649658,1.0
4352,2.1747464664327656,349.44552739655956,185.04052135252763,500.0,0.010000000707805157,0.20378196239471436,1.0
4353,2.7840283655720635,473.57215326354606,184.25824651782412,500.0,0.010000000707805157,0.3208753168582916,1.0
4354,3.3501409526675014,236.4347889591621,164.7601975372324,500.0,0.010000000707805157,0.311972975730896,1.0
4355,2.600658328957864,345.9175710507651,180.06225160431526,500.0,0.010000000707805157,0.22062385082244873,1.0
4356,2.9048375139250076,375.04200568881305,181.84443711772462,500.0,0.010000000707805157,0.3064916729927063,1.0
4357,1.2972651424308188,143.65524325146507,193.27955423850818,500.0,0.010000000707805157,0.08615190535783768,1.0
4358,2.597771460969883,345.39893602200647,180.03426547996932,500.0,0.010000000707805157,0.2200072705745697,1.0
4359,2.9950546342951982,551.313263219924,183.26080971166016,500.0,0.010000000707805157,0.3490182161331177,1.0
4360,3.1115077366783743,470.2526047301367,181.39087698415818,500.0,0.010000000707805157,0.3351326882839203,1.0
4361,2.894753885820045,374.32057606566974,181.68940030523152,500.0,0.010000000707805157,0.3047018051147461,1.0
4362,0.005980610918323849,0.03047120651688255,124.21589075975129,500.0,0.010000000707805157,0.00022942706709727645,1.0
4363,2.75204530719158,472.10151395571296,183.98936756367127,500.0,0.010000000707805157,0.31656914949417114,1.0
4364,2.4216028115122428,449.400297385063,183.0389318968079,500.0,0.010000000707805157,0.23004573583602905,1.0
4365,3.590545585899335,274.1136722655503,171.03287687595807,500.0,0.010000000707805157,0.3947890102863312,1.0
4366,1.2953062664079014,142.5807697989047,193.16244248732266,500.0,0.010000000707805157,0.0857427567243576,1.0
4367,2.5808953367150873,344.2625000128519,179.80659463735265,500.0,0.010000000707805157,0.21734990179538727,1.0
4368,1.934876720254137,134.14187694965128,164.33547463207697,500.0,0.010000000707805157,0.10271026939153671,1.0
4369,1.935001017691615,134.20657981843937,164.31904737825744,500.0,0.010000000707805157,0.10261951386928558,1.0
4370,2.141334362966286,347.040544239667,184.676256021226,500.0,0.010000000707805157,0.19990628957748413,1.0
4371,1.2941480346101146,142.35447080184176,193.12866924622276,500.0,0.010000000707805157,0.08555980026721954,1.0
4372,1.7037046704463452,315.8755006449103,183.05216197006789,500.0,0.010000000707805157,0.11422934383153915,1.0
4373,2.137464254757913,346.9153355509163,184.62739397992866,500.0,0.010000000707805157,0.19944116473197937,1.0
4374,2.7359349539351325,189.08939978117223,164.2627418471552,500.0,0.010000000707805157,0.2047235667705536,1.0
4375,3.0260643609104405,237.22179224191,173.13164428265821,500.0,0.010000000707805157,0.2896489202976227,1.0
4376,1.9355350968365155,133.6424138287366,164.1786165570914,500.0,0.010000000707805157,0.1020822823047638,1.0
4377,2.1343694591872726,345.8761684138651,184.6743806118235,500.0,0.010000000707805157,0.1989128589630127,1.0
4378,2.5735963331139997,342.4649342593615,179.7525888119782,500.0,0.010000000707805157,0.21544158458709717,1.0
4379,1.6943072255922496,314.77038552693926,183.0237413466602,500.0,0.010000000707805157,0.11341001093387604,1.0
4380,2.8765890865673542,371.10207353751696,181.51321896501898,500.0,0.010000000707805157,0.30010858178138733,1.0
4381,1.935328330567168,133.03462977710927,164.0685312642527,500.0,0.010000000707805157,0.10171690583229065,1.0
4382,2.126544296619601,345.2936053494595,184.5956900086041,500.0,0.010000000707805157,0.19800791144371033,1.0
4383,2.659914909700059,241.04021998927735,182.61881820306087,500.0,0.010000000707805157,0.27137476205825806,1.0
4384,2.567671639121369,341.35482840509684,179.7065011951916,500.0,0.010000000707805157,0.2142048329114914,1.0
4385,2.871766749758624,369.9378107381491,181.49103868274506,500.0,0.010000000707805157,0.29871535301208496,1.0
4386,1.2893621446348724,141.410344736626,192.98818967489083,500.0,0.010000000707805157,0.08478088676929474,1.0
4387,2.6583113474394873,240.51112873720425,182.59207607172658,500.0,0.010000000707805157,0.2704298198223114,1.0
4388,2.325168330327883,193.8540922107256,177.66974258833838,500.0,0.010000000707805157,0.18558400869369507,1.0
4389,1.2874769502241923,141.42435728478088,192.9684057157619,500.0,0.010000000707805157,0.08450354635715485,1.0
4390,1.2870844528830319,141.4384282481506,192.96574453482106,500.0,0.010000000707805157,0.08444146811962128,1.0
4391,2.324858414598128,193.67585516333708,177.67830024398503,500.0,0.010000000707805157,0.18527713418006897,1.0
4392,1.2861515847677059,141.44614864660548,192.95551307615463,500.0,0.010000000707805157,0.0843043103814125,1.0
4393,1.9369700364119817,131.68712138268378,163.85087079950762,500.0,0.010000000707805157,0.10094888508319855,1.0
4394,2.869203146649635,367.9875351311872,181.5680728901145,500.0,0.010000000707805157,0.2971346378326416,1.0
4395,2.3750608965687072,441.8580994080803,183.06600442750758,500.0,0.010000000707805157,0.22397854924201965,1.0
4396,2.3240420884712036,193.07221879487145,177.63062637345496,500.0,0.010000000707805157,0.18468186259269714,1.0
4397,3.0592327073874177,461.43353689945747,181.20492798495124,500.0,0.010000000707805157,0.32389718294143677,1.0
4398,1.9364336379117026,131.02253053099795,163.71001259500642,500.0,0.010000000707805157,0.10046786814928055,1.0
4399,2.5574444122643003,338.3434743784469,179.67372205981675,500.0,0.010000000707805157,0.21159321069717407,1.0
4400,2.685812964882764,463.68325961357453,183.83665774576937,500.0,0.010000000707805157,0.30620044469833374,1.0
4401,1.2840506273941854,140.64054120825642,192.85702413224348,500.0,0.010000000707805157,0.08392208814620972,1.0
4402,1.283628258487872,140.65259970718367,192.8542525518877,500.0,0.010000000707805157,0.08385835587978363,1.0
4403,1.2832109761584458,140.66564921820944,192.8514398820833,500.0,0.010000000707805157,0.08379517495632172,1.0
4404,2.322615501110977,192.02805987749497,177.5721238798674,500.0,0.010000000707805157,0.18378552794456482,1.0
4405,2.220065842131158,244.3017728083816,192.862278001248,500.0,0.010000000707805157,0.25068894028663635,1.0
4406,1.2810127679475654,140.71792151243778,192.83222370610724,500.0,0.010000000707805157,0.08347131311893463,1.0
4407,2.553638932196543,336.69740925901806,179.70087274490288,500.0,0.010000000707805157,0.2106710970401764,1.0
4408,3.3537916583557386,225.3698500953463,163.56844010782467,500.0,0.010000000707805157,0.2996171712875366,1.0
4409,2.55169516546795,336.16448556213754,179.68317780029446,500.0,0.010000000707805157,0.21001066267490387,1.0
4410,1.9368360326626375,129.84317405472834,163.46226113203608,500.0,0.010000000707805157,0.09957492351531982,1.0
4411,2.0952489506765724,340.0189722267391,184.6275510040658,500.0,0.010000000707805157,0.19341903924942017,1.0
4412,2.5484711886992604,335.7429616412811,179.6525198335218,500.0,0.010000000707805157,0.2094069868326187,1.0
4413,2.4513641530871624,368.0856062410425,185.73466619087674,500.0,0.010000000707805157,0.27615106105804443,1.0
4414,1.652358244242173,308.89470834622864,182.9961774040569,500.0,0.010000000707805157,0.109693244099617,1.0
4415,1.27861895839017,140.06908283243092,192.7426406851893,500.0,0.010000000707805157,0.08308916538953781,1.0
4416,2.8559604858397254,537.2193071669819,182.91058044142437,500.0,0.010000000707805157,0.32862722873687744,1.0
4417,2.648236736683083,236.5283942443132,182.40739359886408,500.0,0.010000000707805157,0.26499995589256287,1.0
4418,3.023972201144058,456.4836086516307,181.07035693435404,500.0,0.010000000707805157,0.31713223457336426,1.0
4419,1.277253357517122,139.6163030518957,192.68754639029797,500.0,0.010000000707805157,0.08283968269824982,1.0
4420,1.2768202440076388,139.62915025969355,192.68443472047252,500.0,0.010000000707805157,0.082776740193367,1.0
4421,1.2763913614615965,139.6424720535715,192.681275742748,500.0,0.010000000707805157,0.08271422982215881,1.0
4422,2.8367142783101844,536.0274132331828,182.83205601897365,500.0,0.010000000707805157,0.32601770758628845,1.0
4423,3.0196071196998644,228.51718644739768,172.60644404504956,500.0,0.010000000707805157,0.28021958470344543,1.0
4424,2.071361388844364,338.2834020979345,184.42168017436043,500.0,0.010000000707805157,0.19058138132095337,1.0
4425,1.630100161395876,307.74564160955987,182.8211374783889,500.0,0.010000000707805157,0.10797736048698425,1.0
4426,3.18394228534618,357.408860830566,177.1468557856544,500.0,0.010000000707805157,0.3050323724746704,1.0
4427,1.9353152683100059,127.05224503196753,163.0822401879119,500.0,0.010000000707805157,0.09846335649490356,1.0
4428,2.2977000670278467,435.5327659215799,182.76983108929218,500.0,0.010000000707805157,0.2151375412940979,1.0
4429,2.643881776761822,234.46117448191,182.29894490771218,500.0,0.010000000707805157,0.26291394233703613,1.0
4430,2.061336923140176,337.3088678160123,184.35435508191813,500.0,0.010000000707805157,0.18940502405166626,1.0
4431,1.9350566381631338,126.44186458076996,162.9949627869702,500.0,0.010000000707805157,0.09819825738668442,1.0
4432,2.316000375701772,188.06629896877178,177.3007234200102,500.0,0.010000000707805157,0.18015380203723907,1.0
4433,3.254730245370207,474.455768473924,181.89011620804763,500.0,0.010000000707805157,0.3941338360309601,1.0
4434,1.6139363168932908,306.20597908020426,182.7588686727484,500.0,0.010000000707805157,0.10666295886039734,1.0
4435,2.6411129844911647,233.55676341267767,182.25053069265158,500.0,0.010000000707805157,0.2616460621356964,1.0
4436,2.05245138030831,336.1091251463749,184.3365247291315,500.0,0.010000000707805157,0.18823453783988953,1.0
4437,1.270681961008952,138.39938592213798,192.5030912963415,500.0,0.010000000707805157,0.08180351555347443,1.0
4438,2.3143121988711037,187.13483126820395,177.27762236750078,500.0,0.010000000707805157,0.1793212890625,1.0
4439,2.7358123145496087,177.72740508006876,162.83117123874214,500.0,0.010000000707805157,0.19506826996803284,1.0
4440,3.060219415498821,549.0018141837369,183.3414295531283,500.0,0.010000000707805157,0.40031957626342773,1.0
4441,1.6025105682270584,304.9563458009855,182.7299887350007,500.0,0.010000000707805157,0.10572044551372528,1.0
4442,1.6003552124611387,304.98409056494813,182.70260567679207,500.0,0.010000000707805157,0.10557279735803604,1.0
4443,2.4028869807134416,362.90272087899143,185.39131337786736,500.0,0.010000000707805157,0.2683720588684082,1.0
4444,0.004678872417896574,0.020922908558977937,122.89336285536356,500.0,0.010000000707805157,0.00017914042109623551,1.0
4445,2.31255080179911,186.01280714732735,177.22753827501091,500.0,0.010000000707805157,0.17856767773628235,1.0
4446,2.0380039942209196,334.6429178736827,184.2601083786634,500.0,0.010000000707805157,0.18645048141479492,1.0
4447,2.9687097172800945,449.6196872287066,180.85330598820497,500.0,0.010000000707805157,0.3072237968444824,1.0
4448,2.0325530796040154,334.3232980582631,184.20347725066176,500.0,0.010000000707805157,0.18587055802345276,1.0
4449,2.576470368889708,453.07810190082716,183.4500459775905,500.0,0.010000000707805157,0.290252685546875,1.0
4450,1.2664364820854708,137.33652587741793,192.3605201474577,500.0,0.010000000707805157,0.08109261095523834,1.0
4451,1.5828045357812182,303.97839930161564,182.58448199869304,500.0,0.010000000707805157,0.1042352020740509,1.0
4452,2.310682688848505,184.64804524402206,177.2094073965204,500.0,0.010000000707805157,0.17782793939113617,1.0
4453,0.004545107811842844,0.020036278064107273,122.76009149803882,500.0,0.010000000707805157,0.0001739565923344344,1.0
4454,2.0245666215607714,333.65768099369376,184.1506368209242,500.0,0.010000000707805157,0.18490473926067352,1.0
4455,2.6333377141983005,230.27080531331384,182.1982115255687,500.0,0.010000000707805157,0.2583564817905426,1.0
4456,2.796974240740641,355.59861514605126,181.11793544999992,500.0,0.010000000707805157,0.2811521887779236,1.0
4457,1.9332151499609118,122.49503802851595,162.44939283004692,500.0,0.010000000707805157,0.09657260030508041,1.0
4458,1.5756692405627564,302.739868069832,182.6080420851296,500.0,0.010000000707805157,0.10360269248485565,1.0
4459,1.5735313245742948,302.75077935878176,182.58286008986605,500.0,0.010000000707805157,0.10345586389303207,1.0
4460,1.5713966068241834,302.760307641834,182.5578541124568,500.0,0.010000000707805157,0.10330912470817566,1.0
4461,3.150574038927881,349.5641645534669,176.91848502883337,500.0,0.010000000707805157,0.2958829402923584,1.0
4462,2.487170444047354,326.6260395319037,179.25211099892837,500.0,0.010000000707805157,0.1990874707698822,1.0
4463,2.010621012422214,332.0605088867412,184.08533173499268,500.0,0.010000000707805157,0.1832697093486786,1.0
4464,2.6867512528738393,385.00751133431567,186.0751102229123,500.0,0.010000000707805157,0.3439946174621582,1.0
4465,1.783247358608087,193.19028617463636,192.22819582173915,500.0,0.010000000707805157,0.16048122942447662,1.0
4466,2.3066241915981958,182.79249607481893,177.1256150721309,500.0,0.010000000707805157,0.17608682811260223,1.0
4467,0.004355061222361571,0.0189967367394807,122.52634944687239,500.0,0.010000000707805157,0.00016662765119690448,1.0
4468,1.932159352132834,121.16176821462813,162.2398922049851,500.0,0.010000000707805157,0.09591605514287949,1.0
4469,2.306006339365424,182.80353607659993,177.08689021287068,500.0,0.010000000707805157,0.1758011132478714,1.0
4470,1.2589148268733286,136.4287993156287,192.18965799344306,500.0,0.010000000707805157,0.08002207428216934,1.0
4471,1.932045628635546,121.1045681144485,162.19282233938415,500.0,0.010000000707805157,0.09571188688278198,1.0
4472,2.4823772359760796,324.4868053998708,179.2920235694549,500.0,0.010000000707805157,0.19778157770633698,1.0
4473,2.30485110668592,182.63591099322332,177.03053871046856,500.0,0.010000000707805157,0.17531296610832214,1.0
4474,1.5569461172265857,300.0708582692062,182.62183030465977,500.0,0.010000000707805157,0.10201801359653473,1.0
4475,1.9311771485030258,120.95841029691175,162.10843992428264,500.0,0.010000000707805157,0.09537467360496521,1.0
4476,2.3040569246548097,182.4869273621937,176.98804706409607,500.0,0.010000000707805157,0.17499898374080658,1.0
4477,1.998952055145552,329.49312242341176,184.17872144592593,500.0,0.010000000707805157,0.1814809888601303,1.0
4478,1.9308258824086553,120.7655880214371,162.0491894929091,500.0,0.010000000707805157,0.09514951705932617,1.0
4479,2.9655646635544355,538.8819123522139,183.1625923059506,500.0,0.010000000707805157,0.384691059589386,1.0
4480,2.1852793790042204,424.02514435709185,182.54047835699376,500.0,0.010000000707805157,0.2022886723279953,1.0
4481,1.2560736021241519,135.65239627997596,192.0836116624565,500.0,0.010000000707805157,0.07958026975393295,1.0
4482,0.0042041757217999515,0.01779582794373004,122.35119403482321,500.0,0.010000000707805157,0.00016078821499831975,1.0
4483,1.7753307539871732,192.1072810641318,192.08891395468095,500.0,0.010000000707805157,0.15891355276107788,1.0
4484,1.7739724236478454,192.149649153464,192.08116770530683,500.0,0.010000000707805157,0.158667653799057,1.0
4485,2.7298636456143703,169.28479865783842,161.95177211330045,500.0,0.010000000707805157,0.18972241878509521,1.0
4486,2.3011363562634837,181.20866559197324,176.9542499296867,500.0,0.010000000707805157,0.17386850714683533,1.0
4487,1.2527836470557427,135.6814525047044,192.0462453576268,500.0,0.010000000707805157,0.0791746973991394,1.0
4488,2.729148027447962,169.3316763225957,161.88521747865983,500.0,0.010000000707805157,0.18911433219909668,1.0
4489,2.8063441359279513,464.4229351223493,184.17914892710905,500.0,0.010000000707805157,0.35945025086402893,1.0
4490,2.5062502542100686,443.1063474461207,183.4415638194498,500.0,0.010000000707805157,0.27953311800956726,1.0
4491,2.299077021978125,180.40314222673922,176.91926920639904,500.0,0.010000000707805157,0.173103928565979,1.0
4492,2.7618744966104627,348.10001727340455,181.04280632328513,500.0,0.010000000707805157,0.27289146184921265,1.0
4493,3.154705506626874,458.4260339439148,181.68678856306894,500.0,0.010000000707805157,0.3724125623703003,1.0
4494,2.1559287912991905,419.80257395615973,182.56032112925456,500.0,0.010000000707805157,0.19881930947303772,1.0
4495,1.9280769168022849,118.11074823596016,161.6476305121553,500.0,0.010000000707805157,0.09392151236534119,1.0
4496,1.7659343014660047,190.95983736624646,191.93313972365192,500.0,0.010000000707805157,0.15709547698497772,1.0
4497,2.149634291038876,419.1767949881397,182.5482585079486,500.0,0.010000000707805157,0.19812098145484924,1.0
4498,2.4523319656607954,318.71703964029723,179.19364916119048,500.0,0.010000000707805157,0.19249142706394196,1.0
4499,1.7644805230840526,190.58890872307828,191.89851259151237,500.0,0.010000000707805157,0.1567777395248413,1.0
4500,2.8798623450668557,435.31611672457365,180.707556341824,500.0,0.010000000707805157,0.2908113896846771,1.0
4501,1.5096350836640104,295.0650626841219,182.51600580528833,500.0,0.010000000707805157,0.09825564920902252,1.0
4502,1.507537238876253,295.03428585490445,182.4957932027317,500.0,0.010000000707805157,0.09811054170131683,1.0
4503,3.3357009785159404,203.2530996286267,161.5084813802882,500.0,0.010000000707805157,0.28020045161247253,1.0
4504,2.7225676126426035,166.06401295447415,161.44229029567404,500.0,0.010000000707805157,0.18621887266635895,1.0
4505,2.292711642169469,178.54133228605806,176.6765692816935,500.0,0.010000000707805157,0.17108361423015594,1.0
4506,1.9245207734607441,117.39660090397123,161.37075174059078,500.0,0.010000000707805157,0.0928630381822586,1.0
4507,1.5041851111315323,293.7286556010608,182.56924078069147,500.0,0.010000000707805157,0.097750723361969,1.0
4508,2.739729719608824,344.3847794018975,180.9206762007522,500.0,0.010000000707805157,0.2683963179588318,1.0
4509,1.7601540438203378,189.63296563116936,191.79671964398145,500.0,0.010000000707805157,0.15596416592597961,1.0
4510,1.4996947666282867,293.15153959126036,182.56861505849847,500.0,0.010000000707805157,0.09738704562187195,1.0
4511,1.4975993950914692,293.1148869976432,182.54903451217857,500.0,0.010000000707805157,0.09724216908216476,1.0
4512,3.1034077381749996,337.28450760261507,176.66733706021955,500.0,0.010000000707805157,0.28215622901916504,1.0
4513,1.2436862013716345,133.633125839201,191.74836671915,500.0,0.010000000707805157,0.07786575704813004,1.0
4514,2.604722432854375,222.74301167402172,181.66229318477798,500.0,0.010000000707805157,0.24780113995075226,1.0
4515,1.9226652999921856,116.51287560513762,161.18734726233967,500.0,0.010000000707805157,0.09223511070013046,1.0
4516,1.4925856045009172,292.0364323891623,182.58471898019005,500.0,0.010000000707805157,0.0967937782406807,1.0
4517,2.60303463288372,222.52696153182782,181.63267607661265,500.0,0.010000000707805157,0.24726346135139465,1.0
4518,2.7297164384594255,342.07082445366353,180.92451410577542,500.0,0.010000000707805157,0.2660467028617859,1.0
4519,1.9369378611002224,320.7789540611457,184.09969306114493,500.0,0.010000000707805157,0.17377924919128418,1.0
4520,2.2865096023117712,177.0095088059154,176.53572083306196,500.0,0.010000000707805157,0.16913199424743652,1.0
4521,3.0957001112615976,334.80448941520757,176.64187198394336,500.0,0.010000000707805157,0.2796217203140259,1.0
4522,2.723680873494008,340.86434821053564,180.90962876091905,500.0,0.010000000707805157,0.2647274136543274,1.0
4523,2.8398557037966494,427.86044034228235,180.6971225873652,500.0,0.010000000707805157,0.2830527424812317,1.0
4524,1.4764725182451408,289.9001408016958,182.58920655702232,500.0,0.010000000707805157,0.09549590945243835,1.0
4525,1.9252999409337277,319.22019769453544,184.06665777556773,500.0,0.010000000707805157,0.1724395900964737,1.0
4526,2.421525320167971,432.0469203420646,183.35886998425488,500.0,0.010000000707805157,0.2674803137779236,1.0
4527,2.4155253795247535,311.8494963145697,179.07355479117123,500.0,0.010000000707805157,0.18601369857788086,1.0
4528,2.2821244301578636,175.620670920936,176.39668443112086,500.0,0.010000000707805157,0.167943075299263,1.0
4529,2.2814778917930414,175.60440372065474,176.37968262925236,500.0,0.010000000707805157,0.16776275634765625,1.0
4530,0.003622639550404542,0.014194888960707109,121.5535581072417,500.0,0.010000000707805157,0.00013832375407218933,1.0
4531,0.003622522114479154,0.014194145044594236,121.55326442690892,500.0,0.010000000707805157,0.00013832375407218933,1.0
4532,1.9169035693494985,318.00382968975543,184.05910295848247,500.0,0.010000000707805157,0.17140686511993408,1.0
4533,2.411554240799242,310.8511914574215,179.07377109529006,500.0,0.010000000707805157,0.1852385699748993,1.0
4534,1.9131903260656755,317.5705667252592,184.04331795322645,500.0,0.010000000707805157,0.1709882616996765,1.0
4535,1.9112626250463274,317.381156460776,184.03452385069357,500.0,0.010000000707805157,0.17076119780540466,1.0
4536,1.9093364585455106,317.1906355018317,184.0258478518195,500.0,0.010000000707805157,0.17053425312042236,1.0
4537,2.51795070468155,500.5781937057062,182.4766718349043,500.0,0.010000000707805157,0.2816019356250763,1.0
4538,2.401791586139049,309.5369385206393,179.02746829865237,500.0,0.010000000707805157,0.18391560018062592,1.0
4539,2.7084867032019893,160.57609493377285,160.63752758511984,500.0,0.010000000707805157,0.18078459799289703,1.0
4540,1.7442539984725431,186.4243671575082,191.45606977270936,500.0,0.010000000707805157,0.15283285081386566,1.0
4541,1.2325495993340703,131.68194469030232,191.43903525546003,500.0,0.010000000707805157,0.07634279876947403,1.0
4542,0.003494730221616177,0.013632339387984048,121.37280764773374,500.0,0.010000000707805157,0.00013337787822820246,1.0
4543,1.7420207252939084,186.4845694886893,191.44276776653433,500.0,0.010000000707805157,0.15246805548667908,1.0
4544,1.8986704884261885,315.6480877484273,184.02168235111628,500.0,0.010000000707805157,0.16920462250709534,1.0
4545,1.4435396106817981,286.2582996022827,182.53494374699392,500.0,0.010000000707805157,0.09293479472398758,1.0
4546,2.3966959339301552,307.9845282361553,179.04611520724112,500.0,0.010000000707805157,0.1829206943511963,1.0
4547,2.37775314783663,426.6029247111731,183.3033721330412,500.0,0.010000000707805157,0.26133957505226135,1.0
4548,1.8900116749743947,314.7794732607106,183.96973914237628,500.0,0.010000000707805157,0.1682610660791397,1.0
4549,2.274892740340231,172.8088588512399,176.326600618551,500.0,0.010000000707805157,0.16582679748535156,1.0
4550,2.2519088015253965,341.0864510575819,185.04052773919557,500.0,0.010000000707805157,0.24375474452972412,1.0
4551,1.4306252730652418,284.9226801223161,182.50696812576587,500.0,0.010000000707805157,0.09194733947515488,1.0
4552,0.0033769562808211176,0.01282742735461597,121.24256430044642,500.0,0.010000000707805157,0.00012878947018180043,1.0
4553,1.9139643043222816,111.56172091701389,160.4096331117926,500.0,0.010000000707805157,0.08983363956212997,1.0
4554,1.42839826129336,284.6792225454538,182.50311400621672,500.0,0.010000000707805157,0.0917770192027092,1.0
4555,1.426361806421668,284.5968390516162,182.48821933837917,500.0,0.010000000707805157,0.09163469821214676,1.0
4556,1.2277769266353316,130.86427437903026,191.3119670611049,500.0,0.010000000707805157,0.07568224519491196,1.0
4557,2.357986134460154,424.3289096723586,183.26770723703046,500.0,0.010000000707805157,0.2586106061935425,1.0
4558,2.2724397686647078,171.70411762920625,176.31516031600515,500.0,0.010000000707805157,0.1651127189397812,1.0
4559,2.6786243090004263,332.45824776617417,180.78504534115905,500.0,0.010000000707805157,0.25610512495040894,1.0
4560,1.4176351049260163,283.48822897894064,182.48602259050907,500.0,0.010000000707805157,0.09095043689012527,1.0
4561,1.732771169832457,184.8376727807142,191.26387482232258,500.0,0.010000000707805157,0.1506773680448532,1.0
4562,2.378890849065002,304.3647940336942,179.02367379502013,500.0,0.010000000707805157,0.1801205426454544,1.0
4563,0.0032811864622204214,0.012340683915124849,121.10001588890063,500.0,0.010000000707805157,0.0001250948989763856,1.0
4564,1.4132697824387612,282.92618882840696,182.4855511841473,500.0,0.010000000707805157,0.09060817956924438,1.0
4565,2.672338125754916,331.2383437688191,180.7709863445974,500.0,0.010000000707805157,0.2549058198928833,1.0
4566,2.936995710391689,356.1419291752503,182.0943025775603,500.0,0.010000000707805157,0.3297080099582672,1.0
4567,2.228448948653111,337.59250335618924,184.99844439828163,500.0,0.010000000707805157,0.2400587499141693,1.0
4568,2.701517359282383,155.20779703812792,160.126772406751,500.0,0.010000000707805157,0.17782171070575714,1.0
4569,2.11436568141892,225.9292520860623,191.18063876383303,500.0,0.010000000707805157,0.22445127367973328,1.0
4570,1.9097990228439452,109.48528303643283,160.06588809656205,500.0,0.010000000707805157,0.08873724192380905,1.0
4571,3.010941114928844,434.11314434783037,181.5280435697216,500.0,0.010000000707805157,0.34300684928894043,1.0
4572,2.264148773200409,170.0857126187262,176.18845000415033,500.0,0.010000000707805157,0.16300013661384583,1.0
4573,2.2633557402824396,170.08214780296828,176.17072302493398,500.0,0.010000000707805157,0.16282032430171967,1.0
4574,3.0376692475068476,320.6196505426149,176.45605866684178,500.0,0.010000000707805157,0.26586028933525085,1.0
4575,2.7436256106747026,411.521394879142,180.63761960426115,500.0,0.010000000707805157,0.2664479911327362,1.0
4576,1.392300143784971,279.1303289203255,182.5755553056649,500.0,0.010000000707805157,0.08887068927288055,1.0
4577,2.693226196354621,154.48246306368338,159.8568021109289,500.0,0.010000000707805157,0.17566242814064026,1.0
4578,2.735150176985217,410.44041501866354,180.61592178204273,500.0,0.010000000707805157,0.2650707960128784,1.0
4579,2.564541127564619,213.55024714858007,181.11102488127528,500.0,0.010000000707805157,0.23605698347091675,1.0
4580,3.326011614051868,424.27401574887784,178.97642777353275,500.0,0.010000000707805157,0.35156506299972534,1.0
4581,2.5615633290058843,213.21013654765903,181.0516612743064,500.0,0.010000000707805157,0.2353501170873642,1.0
4582,1.716820503873461,182.81372308619922,190.99018697334816,500.0,0.010000000707805157,0.14795471727848053,1.0
4583,0.003064482057127996,0.011041734498558825,120.73586562783079,500.0,0.010000000707805157,0.00011675219866447151,1.0
4584,1.9000392737565854,108.64137562269211,159.63962424689652,500.0,0.010000000707805157,0.08703724294900894,1.0
4585,1.3803126438219693,276.7177090815325,182.6455809275988,500.0,0.010000000707805157,0.0878630131483078,1.0
4586,0.003055288543174071,0.0110211060134129,120.71470094354939,500.0,0.010000000707805157,0.00011639465083135292,1.0
4587,2.5585535498257985,212.95243436038413,181.03680449822863,500.0,0.010000000707805157,0.23456841707229614,1.0
4588,3.1841500338260174,239.4805195041305,175.89541998497762,500.0,0.010000000707805157,0.3209993541240692,1.0
4589,2.942969158796537,201.09487152846535,170.5684387613235,500.0,0.010000000707805157,0.24665498733520508,1.0
4590,1.2096851391102204,129.01069051157242,190.91357362566458,500.0,0.010000000707805157,0.07353220134973526,1.0
4591,1.896179536933247,108.50728304117726,159.48029258983095,500.0,0.010000000707805157,0.0863555297255516,1.0
4592,2.342260034533564,296.1205327678573,179.00757805417464,500.0,0.010000000707805157,0.17368516325950623,1.0
4593,2.2470113996733656,168.78659598655838,175.7442780347766,500.0,0.010000000707805157,0.15949612855911255,1.0
4594,2.6327957055370255,322.9755082405563,180.77003568445457,500.0,0.010000000707805157,0.24662166833877563,1.0
4595,1.8929181372506296,108.44341253024446,159.36938853516662,500.0,0.010000000707805157,0.0858815610408783,1.0
4596,2.189979221202261,329.80899010200545,185.17435918203338,500.0,0.010000000707805157,0.23358163237571716,1.0
4597,2.9632672759052903,423.94334171277103,181.60118756503869,500.0,0.010000000707805157,0.332819402217865,1.0
4598,2.2427398738063333,168.11393626102188,175.67452944473837,500.0,0.010000000707805157,0.1586039811372757,1.0
4599,1.365042114669018,272.9563813326484,182.79072041520791,500.0,0.010000000707805157,0.08652349561452866,1.0
4600,1.2051583948026408,128.43831439654784,190.80335856735758,500.0,0.010000000707805157,0.07299240678548813,1.0
4601,0.0029352968323324608,0.010216745093046044,120.50971790196897,500.0,0.010000000707805157,0.00011180610454175621,1.0
4602,2.673343350276535,152.56791137260853,159.24945961344642,500.0,0.010000000707805157,0.17084455490112305,1.0
4603,1.7028857898287613,181.82735585266408,190.79650255800883,500.0,0.010000000707805157,0.14574368298053741,1.0
4604,0.0029241852635747143,0.01019055665224947,120.47855686839439,500.0,0.010000000707805157,0.00011138896661577746,1.0
4605,2.697529557144144,401.1303722029951,180.7302911176914,500.0,0.010000000707805157,0.2578698694705963,1.0
4606,0.0029086574792701997,0.010156235733361215,120.44512568419435,500.0,0.010000000707805157,0.00011079305113526061,1.0
4607,2.3255618554343465,292.72930453800615,178.98728386956614,500.0,0.010000000707805157,0.17104434967041016,1.0
4608,1.8127157848380875,300.6262960588718,184.19645516690395,500.0,0.010000000707805157,0.1585245132446289,1.0
4609,2.3222635519770463,292.17384580858334,178.97800402793848,500.0,0.010000000707805157,0.17057588696479797,1.0
4610,2.2578561297558677,405.4314184303677,183.54759566573907,500.0,0.010000000707805157,0.24370065331459045,1.0
4611,0.002860490286768012,0.010056084323999523,120.35001103403982,500.0,0.010000000707805157,0.00010894570732489228,1.0
4612,3.219758121657613,336.71027938867826,178.12161522527148,500.0,0.010000000707805157,0.3273620009422302,1.0
4613,1.8841392525192775,106.90677170186503,158.99636437481263,500.0,0.010000000707805157,0.08454100787639618,1.0
4614,1.2010176837834246,127.63952635255293,190.67926378646231,500.0,0.010000000707805157,0.07247718423604965,1.0
4615,1.345003213312628,269.92526008590283,182.82196456059353,500.0,0.010000000707805157,0.0849556252360344,1.0
4616,2.2330650699442502,166.60934356399315,175.47944048468406,500.0,0.010000000707805157,0.1567566990852356,1.0
4617,1.1997834095236082,127.55863951373891,190.6573986009772,500.0,0.010000000707805157,0.07233980298042297,1.0
4618,2.162699602950173,325.0405613782162,185.18308297459308,500.0,0.010000000707805157,0.22929224371910095,1.0
4619,2.3109918596201466,289.7442573241909,178.97357261298933,500.0,0.010000000707805157,0.1688290238380432,1.0
4620,1.3383311794594,268.8261409175137,182.83936092968773,500.0,0.010000000707805157,0.08442683517932892,1.0
4621,1.8816379580613884,106.21127304798674,158.8715123075038,500.0,0.010000000707805157,0.08412254601716995,1.0
4622,2.9755300130919506,308.59465169338745,176.1527402588824,500.0,0.010000000707805157,0.25225508213043213,1.0
4623,2.3035818849419654,288.8480847900271,178.93373692409915,500.0,0.010000000707805157,0.16782134771347046,1.0
4624,1.7908521044239125,296.80983290038785,184.21498277934148,500.0,0.010000000707805157,0.15594327449798584,1.0
4625,3.200402261275843,333.3915747388147,178.0343587630676,500.0,0.010000000707805157,0.323032021522522,1.0
4626,3.247302662744091,184.317966418543,158.71186217599205,500.0,0.010000000707805157,0.2500208020210266,1.0
4627,1.8754760628707396,377.91519657499856,182.86777591302643,500.0,0.010000000707805157,0.1669749766588211,1.0
4628,1.7830482586360312,295.2937936741721,184.2288689086693,500.0,0.010000000707805157,0.1550275981426239,1.0
4629,1.8721574451962348,105.9523650960215,158.60593524353135,500.0,0.010000000707805157,0.08299776911735535,1.0
4630,2.582665303530242,313.87059319499855,180.65291981865596,500.0,0.010000000707805157,0.2376748025417328,1.0
4631,2.58047272000618,313.4607102176544,180.64964643068507,500.0,0.010000000707805157,0.23728719353675842,1.0
4632,1.1939538605753643,126.33472733548615,190.4722194987729,500.0,0.010000000707805157,0.07161753624677658,1.0
4633,1.1933769461410864,126.34920083271008,190.46704546980712,500.0,0.010000000707805157,0.07155958563089371,1.0
4634,1.8694142197541617,105.62014958811655,158.50645915975275,500.0,0.010000000707805157,0.08261629194021225,1.0
4635,1.8683248841912716,105.72352136922431,158.48629824180105,500.0,0.010000000707805157,0.08250583708286285,1.0
4636,1.3152703238739523,264.7263897601534,182.92568221391414,500.0,0.010000000707805157,0.082591213285923,1.0
4637,2.1372218862481422,319.9365496028807,185.20554434928215,500.0,0.010000000707805157,0.22536922991275787,1.0
4638,1.853819594135621,374.46824661729215,182.89814226257695,500.0,0.010000000707805157,0.16458852589130402,1.0
4639,2.8960658489390307,195.45412691388194,169.73164535495226,500.0,0.010000000707805157,0.23586907982826233,1.0
4640,2.212473225571676,164.39228583154087,175.05989271645836,500.0,0.010000000707805157,0.15328121185302734,1.0
4641,2.2760510271558783,283.943106407974,178.87294047977005,500.0,0.010000000707805157,0.16385845839977264,1.0
4642,2.273788271618735,283.667795891617,178.86125723770132,500.0,0.010000000707805157,0.1635684370994568,1.0
4643,2.61772143985532,387.4763779430319,180.69783841017718,500.0,0.010000000707805157,0.24495574831962585,1.0
4644,2.9326797524799724,302.2490052816275,175.90420037913717,500.0,0.010000000707805157,0.244404599070549,1.0
4645,2.8831835275373083,195.08890551268823,169.47904798310518,500.0,0.010000000707805157,0.2336513251066208,1.0
4646,2.5031860603930083,206.7776992544969,180.10748664752754,500.0,0.010000000707805157,0.22301867604255676,1.0
4647,1.2949029661205032,261.1462331632702,182.99555919601397,500.0,0.010000000707805157,0.08098647743463516,1.0
4648,2.8782677971680313,194.90816058990015,169.40763399204818,500.0,0.010000000707805157,0.2327105551958084,1.0
4649,2.1996043719917386,163.80187704674364,174.7583137368743,500.0,0.010000000707805157,0.15146856009960175,1.0
4650,1.2921707956916202,260.3796603672797,183.02806473939938,500.0,0.010000000707805157,0.08074775338172913,1.0
4651,2.6174852205801793,148.76207086385642,158.03901933130211,500.0,0.010000000707805157,0.1611419916152954,1.0
4652,2.2538479401933422,280.825222793632,178.78624589949956,500.0,0.010000000707805157,0.16092346608638763,1.0
4653,1.185783612799083,125.01143119024495,190.2431805960699,500.0,0.010000000707805157,0.07066291570663452,1.0
4654,1.7499563671119223,288.44143330769015,184.35371118403836,500.0,0.010000000707805157,0.15096896886825562,1.0
4655,1.1846402370704807,124.95244353074929,190.22560797145826,500.0,0.010000000707805157,0.07053951919078827,1.0
4656,1.2854700743154317,259.1975469436404,183.0499084110703,500.0,0.010000000707805157,0.08022235333919525,1.0
4657,3.1021870811927132,231.44644541476003,174.68638076498766,500.0,0.010000000707805157,0.3012998104095459,1.0
4658,0.0025151289234906673,0.008259915048771532,119.65441358494608,500.0,0.010000000707805157,9.559691534377635e-05,1.0
4659,1.8139223011896273,366.43669120675787,183.0510239238949,500.0,0.010000000707805157,0.16003620624542236,1.0
4660,1.808469275593256,365.98228692946316,183.0346416353572,500.0,0.010000000707805157,0.15949483215808868,1.0
4661,1.739225117212715,286.74193823756235,184.34194076718376,500.0,0.010000000707805157,0.14974339306354523,1.0
4662,1.2732196157533864,257.6563973483339,183.0389860617234,500.0,0.010000000707805157,0.07931733131408691,1.0
4663,1.6715646019961037,176.07751695905958,190.15289103786978,500.0,0.010000000707805157,0.14038483798503876,1.0
4664,1.7349955891418603,286.1166437215231,184.34301742851164,500.0,0.010000000707805157,0.14923666417598724,1.0
4665,2.0966157265964087,312.1398938408136,185.2431266445418,500.0,0.010000000707805157,0.2190713882446289,1.0
4666,2.5297530172641327,304.0115580873893,180.5766979620579,500.0,0.010000000707805157,0.2285677045583725,1.0
4667,2.8980507346667297,295.56312330244475,175.77480865337085,500.0,0.010000000707805157,0.2380051165819168,1.0
4668,2.1861874785374003,161.54534350107966,174.60922881648744,500.0,0.010000000707805157,0.1491987556219101,1.0
4669,0.0024159875137235412,0.007667058267642462,119.50629285709677,500.0,0.010000000707805157,9.172331192530692e-05,1.0
4670,2.231473677822701,275.9758237444028,178.77943090603637,500.0,0.010000000707805157,0.15774495899677277,1.0
4671,2.2290892801503546,275.69000065140347,178.7671554162633,500.0,0.010000000707805157,0.1574571430683136,1.0
4672,0.0024020281747581663,0.007638498133769014,119.46626662597409,500.0,0.010000000707805157,9.118696470977738e-05,1.0
4673,0.002401971590947086,0.007638203266114136,119.46606446459047,500.0,0.010000000707805157,9.118696470977738e-05,1.0
4674,1.2579304188099671,254.9786831080068,183.08469993372725,500.0,0.010000000707805157,0.07812932133674622,1.0
4675,1.66496972808586,175.16693504880425,190.03952190637855,500.0,0.010000000707805157,0.13932640850543976,1.0
4676,2.517200687824298,301.9418841293703,180.5421577152712,500.0,0.010000000707805157,0.22657981514930725,1.0
4677,1.1756534735598636,123.64472851172192,190.00552796831462,500.0,0.010000000707805157,0.06950199604034424,1.0
4678,2.850360431412079,191.18772586386038,169.07306411859145,500.0,0.010000000707805157,0.22716841101646423,1.0
4679,2.1777343227701347,160.97552460754468,174.47904484404089,500.0,0.010000000707805157,0.14798861742019653,1.0
4680,1.7164742839938179,282.388223046294,184.41477025736287,500.0,0.010000000707805157,0.1469596028327942,1.0
4681,0.002355028536874799,0.007545925433034256,119.34667493212544,500.0,0.010000000707805157,8.939914550865069e-05,1.0
4682,2.471676663726121,203.14747677487188,179.7863651079848,500.0,0.010000000707805157,0.21693885326385498,1.0
4683,2.2178511230154068,273.23316110851783,178.77130093209234,500.0,0.010000000707805157,0.15586887300014496,1.0
4684,1.2481908280189273,252.61419567850405,183.16505279136624,500.0,0.010000000707805157,0.0773206427693367,1.0
4685,2.214262513538188,272.7373532330838,178.75499029201714,500.0,0.010000000707805157,0.15543076395988464,1.0
4686,1.7088792906986048,280.9828422718306,184.42316294009396,500.0,0.010000000707805157,0.14607518911361694,1.0
4687,2.501451760102675,299.13818590506537,180.52480611435223,500.0,0.010000000707805157,0.2239951193332672,1.0
4688,0.0023066996864012485,0.007051020238997016,119.29836599006431,500.0,0.010000000707805157,8.755171438679099e-05,1.0
4689,2.10780731456241,377.50444838047383,183.8500559829161,500.0,0.010000000707805157,0.22241774201393127,1.0
4690,1.7017405764863887,279.8142763354275,184.41836178450055,500.0,0.010000000707805157,0.14525951445102692,1.0
4691,2.205203725534163,270.8008843634549,178.74628416535643,500.0,0.010000000707805157,0.15418490767478943,1.0
4692,2.5824094764744348,143.59821493165492,157.2666142984455,500.0,0.010000000707805157,0.15551023185253143,1.0
4693,2.165621414608855,159.56264769413642,174.30275957421279,500.0,0.010000000707805157,0.14625251293182373,1.0
4694,0.0022685674607014587,0.006978272610975875,119.19791338511588,500.0,0.010000000707805157,8.606185292592272e-05,1.0
4695,2.164167692084288,159.56526064838206,174.28060195276436,500.0,0.010000000707805157,0.14606782793998718,1.0
4696,2.3664506483104413,329.0627558530134,185.9386141175445,500.0,0.010000000707805157,0.2818633019924164,1.0
4697,1.6936390244955382,278.10161983164113,184.46282714894227,500.0,0.010000000707805157,0.14424347877502441,1.0
4698,2.4854099742944777,296.0723251374092,180.5164400098805,500.0,0.010000000707805157,0.22133208811283112,1.0
4699,2.8495446428491205,287.37288802414633,175.56110308051942,500.0,0.010000000707805157,0.2297888994216919,1.0
4700,1.816913771430549,101.0594599883656,157.05778601507902,500.0,0.010000000707805157,0.07689651101827621,1.0
4701,1.8153949165482983,101.17251709754377,157.03848268409905,500.0,0.010000000707805157,0.0767817422747612,1.0
4702,2.8161297740122264,188.88781786430224,168.63884047136148,500.0,0.010000000707805157,0.22150355577468872,1.0
4703,1.163183017235074,122.27145185211268,189.7246814883554,500.0,0.010000000707805157,0.06815982609987259,1.0
4704,2.184199559137033,267.70152780254836,178.68356618273086,500.0,0.010000000707805157,0.15163663029670715,1.0
4705,2.181666715560768,267.41065623383196,178.670144186548,500.0,0.010000000707805157,0.15135110914707184,1.0
4706,2.076687104833048,370.9145125537512,183.95082598767414,500.0,0.010000000707805157,0.21797053515911102,1.0
4707,0.0021839302971039193,0.006682430795505478,118.98655383985776,500.0,0.010000000707805157,8.278413588413969e-05,1.0
4708,1.6798324822606368,275.1594231208776,184.50220763197225,500.0,0.010000000707805157,0.14261257648468018,1.0
4709,1.2113837752808472,246.0277838441696,183.27830171034088,500.0,0.010000000707805157,0.07449287176132202,1.0
4710,2.827528192817875,284.7976506984277,175.42407190258535,500.0,0.010000000707805157,0.2265356332063675,1.0
4711,2.4616026165333493,292.5700096248119,180.4242031087191,500.0,0.010000000707805157,0.21792644262313843,1.0
4712,2.4591110629363233,292.14980406402594,180.4189487097814,500.0,0.010000000707805157,0.21754856407642365,1.0
4713,2.798559844017643,187.51704049401255,168.41440596607615,500.0,0.010000000707805157,0.21882008016109467,1.0
4714,2.1631619468406305,264.5212493630506,178.6096336337607,500.0,0.010000000707805157,0.14912210404872894,1.0
4715,2.692698371453648,233.88313194972295,181.88228641304497,500.0,0.010000000707805157,0.2780860960483551,1.0
4716,2.159405438542621,263.79193169987246,178.6080247361478,500.0,0.010000000707805157,0.14864832162857056,1.0
4717,2.4665911071600566,359.5114058580838,180.72785233365735,500.0,0.010000000707805157,0.22188255190849304,1.0
4718,2.7194287819489777,379.1926908724207,181.58084127501084,500.0,0.010000000707805157,0.2886744439601898,1.0
4719,2.440403045906724,289.2394127932384,180.36357029775274,500.0,0.010000000707805157,0.214840829372406,1.0
4720,2.5295147777204985,141.70367134829002,156.52001509234344,500.0,0.010000000707805157,0.1489713191986084,1.0
4721,3.0916117430341474,174.17813070419737,156.4856511073475,500.0,0.010000000707805157,0.22275297343730927,1.0
4722,2.4309231660924207,288.46494068548435,180.30680302866816,500.0,0.010000000707805157,0.21373026072978973,1.0
4723,1.6538853700206124,269.4638942293685,184.58486038805313,500.0,0.010000000707805157,0.13953092694282532,1.0
4724,2.515266178140275,142.09211640635718,156.38100880211496,500.0,0.010000000707805157,0.14750266075134277,1.0
4725,1.1535132249879203,120.38379289103264,189.42992555768748,500.0,0.010000000707805157,0.06704163551330566,1.0
4726,1.1821156227743799,240.03442008701643,183.42398154154344,500.0,0.010000000707805157,0.07221817970275879,1.0
4727,3.0741830999292894,174.2797941559348,156.33355297291777,500.0,0.010000000707805157,0.22049033641815186,1.0
4728,1.7701474387351892,100.71955781884911,156.27177290006512,500.0,0.010000000707805157,0.07318045198917389,1.0
4729,2.1105699117995393,157.12663643181105,173.3518494436583,500.0,0.010000000707805157,0.13996301591396332,1.0
4730,2.4981573162594133,142.81716613568432,156.23297488632355,500.0,0.010000000707805157,0.1458328664302826,1.0
4731,1.1787793471541455,238.91326920303305,183.47665245514952,500.0,0.010000000707805157,0.07192917168140411,1.0
4732,2.1056800428330145,157.09906069594865,173.2580852549759,500.0,0.010000000707805157,0.13950146734714508,1.0
4733,2.4223966885658634,353.24020615212845,180.6698441031322,500.0,0.010000000707805157,0.2161826491355896,1.0
4734,2.740776144307803,186.8322899245282,167.63579862299272,500.0,0.010000000707805157,0.21154937148094177,1.0
4735,1.1503058203731706,119.80605315416715,189.3291786713937,500.0,0.010000000707805157,0.06667538732290268,1.0
4736,1.1496794358639022,119.82097319711845,189.32369574802817,500.0,0.010000000707805157,0.06662042438983917,1.0
4737,2.735982789107871,186.77138413173975,167.59695315946973,500.0,0.010000000707805157,0.21088199317455292,1.0
4738,2.0952118201268215,156.89455387403038,173.10704908426942,500.0,0.010000000707805157,0.13840509951114655,1.0
4739,1.6396864956620327,265.812734625389,184.6871508309338,500.0,0.010000000707805157,0.13773010671138763,1.0
4740,1.7512793002177263,100.77501825470685,155.99867659426803,500.0,0.010000000707805157,0.0718117281794548,1.0
4741,1.6217111178626127,169.46773400263083,189.28172657859676,500.0,0.010000000707805157,0.13266262412071228,1.0
4742,1.6366357992683422,265.2557995692855,184.69952134753325,500.0,0.010000000707805157,0.1373564749956131,1.0
4743,2.008240918115047,355.7410663425966,184.1833477418013,500.0,0.010000000707805157,0.20822091400623322,1.0
4744,1.7499676550426935,100.15727514439591,155.93714847694724,500.0,0.010000000707805157,0.07163383811712265,1.0
4745,1.162951243779647,235.4423090850717,183.56352878486473,500.0,0.010000000707805157,0.07069200277328491,1.0
4746,2.649153355183622,307.5458531655443,181.48047287976078,500.0,0.010000000707805157,0.2743135392665863,1.0
4747,2.3790443673110517,196.64210516944755,178.55045345871417,500.0,0.010000000707805157,0.2032375931739807,1.0
4748,1.6142961896319477,168.92825972889975,189.18962968663288,500.0,0.010000000707805157,0.13163572549819946,1.0
4749,1.140421805847057,119.33964970708234,189.1726445465848,500.0,0.010000000707805157,0.06573141366243362,1.0
4750,1.6375127271888321,331.84883315414254,183.58539574487548,500.0,0.010000000707805157,0.14062221348285675,1.0
4751,2.084308470182209,155.41122156088267,173.09532602872238,500.0,0.010000000707805157,0.13682152330875397,1.0
4752,2.082481745205159,155.41924022735245,173.07171236679096,500.0,0.010000000707805157,0.13663823902606964,1.0
4753,1.631492610313855,330.6924971494331,183.5997108700598,500.0,0.010000000707805157,0.1399795562028885,1.0
4754,2.7177193068362255,272.61980181791995,174.77782035424042,500.0,0.010000000707805157,0.2115744799375534,1.0
4755,1.1480218857459188,232.51535104916175,183.61706198979084,500.0,0.010000000707805157,0.06955873966217041,1.0
4756,1.6153169064622759,261.2260215680677,184.725293245582,500.0,0.010000000707805157,0.1348969042301178,1.0
4757,0.0018775511089944871,0.005191623221964133,118.27546501114105,500.0,0.010000000707805157,7.104378164513037e-05,1.0
4758,1.9777815087627106,350.0175571733734,184.2222725319303,500.0,0.010000000707805157,0.20407463610172272,1.0
4759,1.1369914938035308,118.56274683312932,189.06666014811444,500.0,0.010000000707805157,0.06533471494913101,1.0
4760,1.7380843807140451,98.56759445018615,155.6661665580559,500.0,0.010000000707805157,0.07060347497463226,1.0
4761,1.140263683928109,231.29822419771935,183.62012882823328,500.0,0.010000000707805157,0.06899459660053253,1.0
4762,2.367009200354311,342.45089732926306,180.68121866771995,500.0,0.010000000707805157,0.20828577876091003,1.0
4763,1.6065634345099622,167.46376921694983,189.03778395892138,500.0,0.010000000707805157,0.13042263686656952,1.0
4764,2.072109604848044,250.77703479003296,178.31682494397893,500.0,0.010000000707805157,0.1388777494430542,1.0
4765,1.6031628896386168,258.94881572097614,184.72736362607253,500.0,0.010000000707805157,0.13352297246456146,1.0
4766,1.7323796825462563,98.06392395128186,155.55915849448394,500.0,0.010000000707805157,0.07016360759735107,1.0
4767,2.3570550039224067,276.96270372551834,180.12505120359,500.0,0.010000000707805157,0.20336532592773438,1.0
4768,2.693691398004384,182.6266854272922,167.27062613987556,500.0,0.010000000707805157,0.20473186671733856,1.0
4769,2.9862152346550213,170.58762889683396,155.47733436269132,500.0,0.010000000707805157,0.208939328789711,1.0
4770,1.6013025261563152,166.90253234139539,188.95305699084875,500.0,0.010000000707805157,0.12967054545879364,1.0
4771,2.055134230226224,249.0419743323773,178.23503659827415,500.0,0.010000000707805157,0.13728177547454834,1.0
4772,2.345923386625754,194.01821107372737,178.2282782305882,500.0,0.010000000707805157,0.1986074596643448,1.0
4773,1.12452628175691,227.81939718499527,183.70662212029674,500.0,0.010000000707805157,0.06778422743082047,1.0
4774,2.4251085660008034,139.11963992919462,155.3547992829655,500.0,0.010000000707805157,0.13804134726524353,1.0
4775,1.9433334623458107,395.43201992050626,183.68176654186627,500.0,0.010000000707805157,0.2030165195465088,1.0
4776,2.3341148771525693,274.2397323766924,180.02614382229189,500.0,0.010000000707805157,0.20059308409690857,1.0
4777,2.32442491163552,335.830693109317,180.62999806205784,500.0,0.010000000707805157,0.20289862155914307,1.0
4778,2.6636184854573726,181.89076367011418,166.93963965800597,500.0,0.010000000707805157,0.2013707160949707,1.0
4779,1.1282078526910904,117.08692493607356,188.82445064667775,500.0,0.010000000707805157,0.06438194960355759,1.0
4780,1.5825886653466574,254.30809297865514,184.79227815823606,500.0,0.010000000707805157,0.131089448928833,1.0
4781,2.031692966733815,245.73078463969605,178.1385590430312,500.0,0.010000000707805157,0.1348438858985901,1.0
4782,2.039826651150739,152.65204522172186,172.5066418315061,500.0,0.010000000707805157,0.13230426609516144,1.0
4783,1.106455778007509,224.57976222756275,183.74393621056532,500.0,0.010000000707805157,0.06645816564559937,1.0
4784,3.141251655305804,282.0862997550586,171.63681465316827,500.0,0.010000000707805157,0.27022281289100647,1.0
4785,1.93637727717969,278.7268280577683,185.4977256255409,500.0,0.010000000707805157,0.19444864988327026,1.0
4786,2.0318294275416724,152.3223660715523,172.40177044880858,500.0,0.010000000707805157,0.13155508041381836,1.0
4787,1.55546921046526,316.3458113042425,183.7546981838626,500.0,0.010000000707805157,0.13198263943195343,1.0
4788,2.014626662504806,243.49285331141397,178.06179687453977,500.0,0.010000000707805157,0.13314089179039001,1.0
4789,2.011689232556307,243.19588015683564,178.04388719765856,500.0,0.010000000707805157,0.1328689306974411,1.0
4790,2.025908669786692,151.8954527883857,172.30928468844584,500.0,0.010000000707805157,0.1310209482908249,1.0
4791,1.68391434341903,97.50157796416697,154.9440843442747,500.0,0.010000000707805157,0.06702864170074463,1.0
4792,2.312559252904281,191.61277226570894,177.8130177797183,500.0,0.010000000707805157,0.19454000890254974,1.0
4793,2.0032350556472367,242.41767881754333,178.00249789720098,500.0,0.010000000707805157,0.13214242458343506,1.0
4794,2.372168800950936,138.14602455890156,154.88077340777892,500.0,0.010000000707805157,0.13326841592788696,1.0
4795,2.0141006899778287,151.94707012391862,172.12901954569259,500.0,0.010000000707805157,0.1300719827413559,1.0
4796,1.5849472811161103,164.2260860596191,188.63928316036373,500.0,0.010000000707805157,0.12719348073005676,1.0
4797,1.9384851330190969,201.4320396598435,188.63349353204117,500.0,0.010000000707805157,0.19048148393630981,1.0
4798,1.672259460256261,97.38814558516921,154.80378818360762,500.0,0.010000000707805157,0.06629059463739395,1.0
4799,1.559871409536731,249.33625295351638,184.86768476908227,500.0,0.010000000707805157,0.12840382754802704,1.0
4800,0.001651721683884275,0.004539207230426022,117.5916786659141,500.0,0.010000000707805157,6.240224320208654e-05,1.0
4801,0.0016516933169970743,0.0045390908261427245,117.59154155620165,500.0,0.010000000707805157,6.240224320208654e-05,1.0
4802,2.2981423433250363,191.21353348190257,177.7206923560386,500.0,0.010000000707805157,0.19268596172332764,1.0
4803,2.3590413134582477,137.68158136735883,154.75268728743413,500.0,0.010000000707805157,0.13202306628227234,1.0
4804,1.897462928378308,332.47378812249985,184.43506985152032,500.0,0.010000000707805157,0.19293326139450073,1.0
4805,0.0016323459416778129,0.004240005852323119,117.60794298022172,500.0,0.010000000707805157,6.162747013149783e-05,1.0
4806,1.8736030379240436,380.8936445658262,183.8440230853742,500.0,0.010000000707805157,0.19394315779209137,1.0
4807,2.3525052472541437,137.08049640502503,154.67860656801957,500.0,0.010000000707805157,0.13139811158180237,1.0
4808,2.2697874355516836,265.9063370637019,179.7862231868647,500.0,0.010000000707805157,0.19274742901325226,1.0
4809,2.5771996753408226,257.98388714427887,173.9384875225861,500.0,0.010000000707805157,0.1947656273841858,1.0
4810,1.9053530628642998,272.30635056149646,185.53095512659314,500.0,0.010000000707805157,0.18978407979011536,1.0
4811,2.5699858350233975,257.168059537503,173.89728459398242,500.0,0.010000000707805157,0.19392859935760498,1.0
4812,1.6480334964645578,96.93635613035961,154.52463086031995,500.0,0.010000000707805157,0.06483517587184906,1.0
4813,1.9616646838047767,237.48245422198366,177.81149101187404,500.0,0.010000000707805157,0.12829796969890594,1.0
4814,2.4709810067731306,388.6389367777129,181.52160774222784,500.0,0.010000000707805157,0.255182683467865,1.0
4815,1.6407964624917792,96.83736419961926,154.44903108887982,500.0,0.010000000707805157,0.06442517787218094,1.0
4816,1.537014742203467,244.1213403021175,184.89131201236182,500.0,0.010000000707805157,0.125775545835495,1.0
4817,2.8372160940130042,167.97361718787687,154.42533454240458,500.0,0.010000000707805157,0.1928059160709381,1.0
4818,1.0583607976626126,214.60991248406222,183.92859153164682,500.0,0.010000000707805157,0.06287974119186401,1.0
4819,1.533641927351422,243.2755376414123,184.8983078541792,500.0,0.010000000707805157,0.12537802755832672,1.0
4820,2.3070693571981917,137.05150573060635,154.35940911884308,500.0,0.010000000707805157,0.12777701020240784,1.0
4821,2.2339049698240916,261.8238006823329,179.58795838325324,500.0,0.010000000707805157,0.18883928656578064,1.0
4822,1.6246235369745698,96.95320214350782,154.3014406332989,500.0,0.010000000707805157,0.06354346871376038,1.0
4823,1.529564361341952,242.26249227145254,184.91136561370706,500.0,0.010000000707805157,0.12489023804664612,1.0
4824,2.2940378403462858,137.1509606484204,154.2764797831935,500.0,0.010000000707805157,0.12677881121635437,1.0
4825,2.28722687115684,137.48975867102487,154.24706160297754,500.0,0.010000000707805157,0.12631548941135406,1.0
4826,1.8873778193450073,267.4416363171786,185.54047826910147,500.0,0.010000000707805157,0.18698418140411377,1.0
4827,1.4815883383734259,300.8106418170254,183.96047256134602,500.0,0.010000000707805157,0.12421538680791855,1.0
4828,1.1080320598337383,113.71809294552388,188.2711246522336,500.0,0.010000000707805157,0.06222885847091675,1.0
4829,1.5220060925335441,240.65737715929455,184.922391865175,500.0,0.010000000707805157,0.12402313202619553,1.0
4830,1.9206373285483311,232.7293221769278,177.59594568633307,500.0,0.010000000707805157,0.12459249794483185,1.0
4831,1.6109571626772137,96.53640261115771,154.1480129058544,500.0,0.010000000707805157,0.06274670362472534,1.0
4832,2.2744183503490785,136.8480765598455,154.1350652043884,500.0,0.010000000707805157,0.12522222101688385,1.0
4833,0.0015005013503253453,0.0037609396049945423,117.2038264770319,500.0,0.010000000707805157,5.656166104017757e-05,1.0
4834,1.5185633233850193,239.71184889834916,184.93195812524667,500.0,0.010000000707805157,0.12360706925392151,1.0
4835,0.0014934224812674201,0.0037518680234326527,117.18599790358203,500.0,0.010000000707805157,5.6263674196088687e-05,1.0
4836,1.9478719126773145,149.22588536195798,171.31809594028678,500.0,0.010000000707805157,0.12436830252408981,1.0
4837,1.1051759361557056,113.38229723706343,188.2065708777867,500.0,0.010000000707805157,0.061947405338287354,1.0
4838,2.236665603408634,187.71485438919382,176.96793750564242,500.0,0.010000000707805157,0.18603266775608063,1.0
4839,1.0373847059110135,210.02040591650353,184.01652143149525,500.0,0.010000000707805157,0.06132339686155319,1.0
4840,1.5597038971548913,160.45466556962688,188.18426925272956,500.0,0.010000000707805157,0.12351550161838531,1.0
4841,1.6002203520996887,96.27200467565837,154.0312467456456,500.0,0.010000000707805157,0.0621224120259285,1.0
4842,1.1016892406638588,113.32956298651393,188.16344897609014,500.0,0.010000000707805157,0.06165987253189087,1.0
4843,1.5567517545760945,160.48509184506997,188.16296312017545,500.0,0.010000000707805157,0.12318618595600128,1.0
4844,2.1983885806017947,257.3590358170753,179.4800565014532,500.0,0.010000000707805157,0.18465924263000488,1.0
4845,1.8656692370786558,263.90948451631937,185.55046805314657,500.0,0.010000000707805157,0.1838778555393219,1.0
4846,1.9002261017245852,229.74221570859936,177.5366909668592,500.0,0.010000000707805157,0.12268730998039246,1.0
4847,1.5044478088718984,237.25115508069075,184.96359345928207,500.0,0.010000000707805157,0.12201637029647827,1.0
4848,1.594207346896705,95.55666807261593,153.9298325143792,500.0,0.010000000707805157,0.06170164421200752,1.0
4849,1.932744160433957,148.30607868346064,171.28530159123326,500.0,0.010000000707805157,0.12279948592185974,1.0
4850,1.0960715859062122,113.0376922044,188.07555739240786,500.0,0.010000000707805157,0.06117431819438934,1.0
4851,1.0267067333507616,207.56113609559105,184.0655401904153,500.0,0.010000000707805157,0.06052698940038681,1.0
4852,1.0953684746716192,112.98004512317523,188.06393680016876,500.0,0.010000000707805157,0.061112985014915466,1.0
4853,0.001430862180758488,0.0035220581346034176,117.01433446760169,500.0,0.010000000707805157,5.387973942561075e-05,1.0
4854,1.9300275026455984,148.09274595189274,171.29166923928943,500.0,0.010000000707805157,0.12248940765857697,1.0
4855,2.4968101435400274,176.4773846423364,165.55753653429466,500.0,0.010000000707805157,0.1836395412683487,1.0
4856,1.0241229569242158,206.8237645428243,184.08798619491125,500.0,0.010000000707805157,0.06032584607601166,1.0
4857,1.022453711380413,206.5972145788841,184.084685806139,500.0,0.010000000707805157,0.06021251156926155,1.0
4858,1.582715062951771,95.36944723861372,153.817867710112,500.0,0.010000000707805157,0.061070844531059265,1.0
4859,1.921234471685033,147.94808008735444,171.17711047293108,500.0,0.010000000707805157,0.12184208631515503,1.0
4860,1.9189421226091132,147.9539029945323,171.1542879765815,500.0,0.010000000707805157,0.12166517972946167,1.0
4861,1.575593186795997,95.54636272217408,153.76851039245005,500.0,0.010000000707805157,0.06072143465280533,1.0
4862,1.5730563608794466,95.66367649895139,153.75508510600085,500.0,0.010000000707805157,0.0606066957116127,1.0
4863,0.0014086292430010095,0.003485914632930096,116.91171796405298,500.0,0.010000000707805157,5.304536534822546e-05,1.0
4864,2.167036929687175,253.99230325542172,179.3494884062902,500.0,0.010000000707805157,0.18128705024719238,1.0
4865,1.8058070188635558,312.407911490098,184.6109738561065,500.0,0.010000000707805157,0.18048962950706482,1.0
4866,1.8453203091271682,259.9039964332128,185.5545801147699,500.0,0.010000000707805157,0.18090863525867462,1.0
4867,1.909378197320549,147.41343732400048,171.0847668346405,500.0,0.010000000707805157,0.12081161886453629,1.0
4868,0.001383034281945272,0.0034481962805670836,116.82100563122377,500.0,0.010000000707805157,5.2032191888429224e-05,1.0
4869,0.0013830134640995424,0.0034481182627737346,116.82089136157714,500.0,0.010000000707805157,5.2032191888429224e-05,1.0
4870,2.2148711630664204,134.67821428260197,153.66646240911115,500.0,0.010000000707805157,0.12035156041383743,1.0
4871,1.9028578680449653,147.51444248188878,170.99004661257305,500.0,0.010000000707805157,0.12039090692996979,1.0
4872,1.5589396988923856,95.38871314594621,153.62150921574369,500.0,0.010000000707805157,0.059848591685295105,1.0
4873,1.796377961175926,310.28235202258315,184.63350950803192,500.0,0.010000000707805157,0.1792052835226059,1.0
4874,2.1098868438524323,303.7916209565314,180.28555583061933,500.0,0.010000000707805157,0.17804992198944092,1.0
4875,2.415381431215661,243.8798038536211,172.94145819933314,500.0,0.010000000707805157,0.17803031206130981,1.0
4876,2.1405508829020294,250.61801749041868,179.22812376680793,500.0,0.010000000707805157,0.1783631145954132,1.0
4877,0.0013476396844568613,0.0030045321087104416,116.83548731399307,500.0,0.010000000707805157,5.072101703262888e-05,1.0
4878,2.1787856063923523,184.83869637329562,176.51893679181092,500.0,0.010000000707805157,0.17955414950847626,1.0
4879,2.0932897048438686,301.60725440326974,180.2418248081579,500.0,0.010000000707805157,0.17629629373550415,1.0
4880,1.8352550672361065,222.72080793230052,177.19494354315418,500.0,0.010000000707805157,0.11726585030555725,1.0
4881,1.9888701797883286,403.99229711228594,184.12650105374817,500.0,0.010000000707805157,0.23317614197731018,1.0
4882,0.0013173454534700306,0.002958683749507544,116.7310488020604,500.0,0.010000000707805157,4.952904055244289e-05,1.0
4883,1.5386152604468502,94.52638332161621,153.41232458619345,500.0,0.010000000707805157,0.058745138347148895,1.0
4884,1.5335738573352855,157.2224258023421,187.76566533498337,500.0,0.010000000707805157,0.1199556440114975,1.0
4885,1.0831561640405019,111.0781611835826,187.75023258292694,500.0,0.010000000707805157,0.059885330498218536,1.0
4886,1.4653053649561052,228.71831686452379,185.00862898439632,500.0,0.010000000707805157,0.11755882203578949,1.0
4887,2.1218436694534506,247.43488041202778,179.16906177481602,500.0,0.010000000707805157,0.176015242934227,1.0
4888,2.3358734691364607,318.0312559190407,181.0863730270809,500.0,0.010000000707805157,0.23327356576919556,1.0
4889,1.531996099203028,93.9158606096532,153.32197600103171,500.0,0.010000000707805157,0.058336291462183,1.0
4890,1.080266079867035,110.74955939716844,187.6905503894181,500.0,0.010000000707805157,0.05962023511528969,1.0
4891,1.8139686913990933,253.183436404821,185.52963111590358,500.0,0.010000000707805157,0.1763610690832138,1.0
4892,1.8158598397633745,219.08165077254014,177.12547351249597,500.0,0.010000000707805157,0.11526098847389221,1.0
4893,2.413396190945415,173.0236683624295,164.9765115162656,500.0,0.010000000707805157,0.1755741387605667,1.0
4894,1.0773805112854762,110.57158464503645,187.6428410345256,500.0,0.010000000707805157,0.059374671429395676,1.0
4895,2.152831642465987,132.69740715229497,153.23936997504055,500.0,0.010000000707805157,0.11565876007080078,1.0
4896,1.5223472902689275,156.47881745637358,187.63248186317927,500.0,0.010000000707805157,0.1185951977968216,1.0
4897,1.5176901648095311,93.7852356632043,153.20571992748586,500.0,0.010000000707805157,0.05761599540710449,1.0
4898,0.9752931873440452,196.7250470055709,184.2190342229826,500.0,0.010000000707805157,0.05681299790740013,1.0
4899,1.80065582941889,217.992953764784,177.03447611732923,500.0,0.010000000707805157,0.11419382691383362,1.0
4900,2.143951200926909,182.52700951133335,176.26849836514654,500.0,0.010000000707805157,0.17570526897907257,1.0
4901,2.345489078449278,237.14073241514055,172.52014058775939,500.0,0.010000000707805157,0.17105087637901306,1.0
4902,2.38288066718537,172.94835021408244,164.74791966199956,500.0,0.010000000707805157,0.17304331064224243,1.0
4903,2.082667672386247,243.7258967671901,178.9783174892113,500.0,0.010000000707805157,0.17215953767299652,1.0
4904,1.4971275234324288,93.91198597202502,153.0681199025182,500.0,0.010000000707805157,0.05665586143732071,1.0
4905,1.8391515523251902,144.91097003913305,170.37525354464668,500.0,0.010000000707805157,0.11543147265911102,1.0
4906,2.796341034146663,197.27014614841633,161.7429677985174,500.0,0.010000000707805157,0.22813473641872406,1.0
4907,1.5143627591920976,155.608915190755,187.50288521075495,500.0,0.010000000707805157,0.1175260841846466,1.0
4908,2.3283203805443904,266.9733041727056,180.30197893310714,500.0,0.010000000707805157,0.22964251041412354,1.0
4909,2.5415896999178202,260.31085014642485,174.73917451359193,500.0,0.010000000707805157,0.2265271544456482,1.0
4910,2.060261183080012,241.92178568203758,178.87344542775196,500.0,0.010000000707805157,0.1700628399848938,1.0
4911,1.0667331891042138,109.65873414435127,187.42869749563107,500.0,0.010000000707805157,0.05841799080371857,1.0
4912,1.7595008102347707,214.71041597821667,176.8028041571806,500.0,0.010000000707805157,0.11127151548862457,1.0
4913,1.5072805531438813,155.12995317193025,187.41719475658581,500.0,0.010000000707805157,0.11668230593204498,1.0
4914,0.0012008438748189268,0.002650527707857006,116.29451265906606,500.0,0.010000000707805157,4.5059106923872605e-05,1.0
4915,1.8169083584804524,144.34182573598576,170.22581533430363,500.0,0.010000000707805157,0.11370551586151123,1.0
4916,1.8419232675772566,190.24623681796044,187.40042215008995,500.0,0.010000000707805157,0.17456555366516113,1.0
4917,2.480782067395749,303.2493835317809,176.80421325318562,500.0,0.010000000707805157,0.2217724621295929,1.0
4918,1.71621288471195,292.87347404627224,184.7455301527477,500.0,0.010000000707805157,0.16855625808238983,1.0
4919,2.0432533005778706,239.4562297127553,178.83264759290824,500.0,0.010000000707805157,0.16806408762931824,1.0
4920,1.8065913039424142,143.6482198269032,170.18301661680053,500.0,0.010000000707805157,0.11281463503837585,1.0
4921,2.037915935399125,238.9594521067925,178.8091501001114,500.0,0.010000000707805157,0.16754736006259918,1.0
4922,1.4970187752959636,154.47694977843352,187.29940065263824,500.0,0.010000000707805157,0.11549140512943268,1.0
4923,2.5465095933656023,203.35038162269808,170.1785646249608,500.0,0.010000000707805157,0.22475740313529968,1.0
4924,2.262036390800842,231.13147661189603,172.03938433511166,500.0,0.010000000707805157,0.1636357605457306,1.0
4925,1.416070681794275,218.5851014050397,185.07750831614902,500.0,0.010000000707805157,0.11204220354557037,1.0
4926,2.0788212581294396,180.24537704592137,175.8177558243792,500.0,0.010000000707805157,0.16916054487228394,1.0
4927,1.7623439858240082,244.14936624506726,185.51449151595867,500.0,0.010000000707805157,0.1691119223833084,1.0
4928,1.328905482002856,266.8235848953709,184.35445493578445,500.0,0.010000000707805157,0.10850337892770767,1.0
4929,1.722964149996569,209.52558867191016,176.65398138368178,500.0,0.010000000707805157,0.1081152930855751,1.0
4930,1.4436287299168928,92.21151471151701,152.60466134065848,500.0,0.010000000707805157,0.05396155267953873,1.0
4931,1.0522296217057283,108.5951588190287,187.1784606574175,500.0,0.010000000707805157,0.05720814689993858,1.0
4932,1.7836878923804869,142.67620081127922,170.0590409050449,500.0,0.010000000707805157,0.11099593341350555,1.0
4933,2.045043861608874,266.36855510998197,185.78926641709666,500.0,0.010000000707805157,0.22526036202907562,1.0
4934,1.0485347876313673,108.58582893070543,187.1406971672157,500.0,0.010000000707805157,0.056945934891700745,1.0
4935,1.4395523016599743,91.81536032128324,152.55243704990124,500.0,0.010000000707805157,0.05371954292058945,1.0
4936,1.0478141985925167,108.56847939986167,187.13046015847277,500.0,0.010000000707805157,0.056890081614255905,1.0
4937,1.7493219068510912,242.2783112505025,185.49975760766856,500.0,0.010000000707805157,0.16740943491458893,1.0
4938,0.0011081146313979965,0.0025199211760017813,115.89177199324355,500.0,0.010000000707805157,4.154273483436555e-05,1.0
4939,1.7119907416940152,207.8185983893874,176.62638292831056,500.0,0.010000000707805157,0.10715904831886292,1.0
4940,1.7087204149939264,207.5461596601056,176.60210760029673,500.0,0.010000000707805157,0.10692206025123596,1.0
4941,1.6050344389090279,322.79104350110356,184.36491537664756,500.0,0.010000000707805157,0.16013111174106598,1.0
4942,1.7727029232984974,141.68143740386765,170.05216195941145,500.0,0.010000000707805157,0.10997547954320908,1.0
4943,2.2209901723699503,225.9893578583236,171.81461177021293,500.0,0.010000000707805157,0.15942366421222687,1.0
4944,0.9201361720613719,184.4745190887298,184.387172147651,500.0,0.010000000707805157,0.05287843942642212,1.0
4945,1.044883120324373,107.8960645917492,187.04075308672765,500.0,0.010000000707805157,0.05658848583698273,1.0
4946,1.6942047499519375,205.77015809869104,176.50776494982085,500.0,0.010000000707805157,0.10572439432144165,1.0
4947,2.009429886836887,129.12261750402266,152.40631295919837,500.0,0.010000000707805157,0.1056458130478859,1.0
4948,0.9165020491205716,183.72664910172062,184.3936118790122,500.0,0.010000000707805157,0.052626173943281174,1.0
4949,0.9149798719095911,183.50185397834093,184.3904157589797,500.0,0.010000000707805157,0.052525777369737625,1.0
4950,1.684396967388148,204.9562131252457,176.43425236576437,500.0,0.010000000707805157,0.10502180457115173,1.0
4951,1.6811322873900294,204.68472689500985,176.40967297324178,500.0,0.010000000707805157,0.10478858649730682,1.0
4952,1.754207201160479,141.0625234136516,169.82566748237159,500.0,0.010000000707805157,0.1088041439652443,1.0
4953,1.9063842255074097,274.58130948745253,179.80226181731376,500.0,0.010000000707805157,0.1566672921180725,1.0
4954,2.1827427918915636,223.5170714165111,171.53475650777284,500.0,0.010000000707805157,0.1562076210975647,1.0
4955,1.9654121850068966,230.25325219899787,178.46537874825805,500.0,0.010000000707805157,0.1601209193468094,1.0
4956,1.6626782441444252,203.11812663823568,176.28106928178047,500.0,0.010000000707805157,0.10348433256149292,1.0
4957,0.9014720023056668,180.9554437848051,184.39659125725066,500.0,0.010000000707805157,0.05160457640886307,1.0
4958,1.3934740023883547,91.04401170394536,152.24114750054605,500.0,0.010000000707805157,0.05163569003343582,1.0
4959,1.377340411744948,210.07132456648284,185.04996116775328,500.0,0.010000000707805157,0.10776229947805405,1.0
4960,1.655476399763454,202.23832924961565,176.23295957692355,500.0,0.010000000707805157,0.10290087759494781,1.0
4961,1.2678317015445069,255.11330244858362,184.38549125457124,500.0,0.010000000707805157,0.10257425159215927,1.0
4962,1.37269822220891,209.02783729486887,185.0394279261415,500.0,0.010000000707805157,0.10725618898868561,1.0
4963,1.5447176272146976,311.7309752580177,184.3679059742217,500.0,0.010000000707805157,0.1530301570892334,1.0
4964,0.8875712130992638,178.64933401585887,184.3788409550485,500.0,0.010000000707805157,0.050678860396146774,1.0
4965,1.3672104969795364,207.8390913518776,185.02446625418196,500.0,0.010000000707805157,0.10666721314191818,1.0
4966,1.7348035646478428,139.26514123992874,169.66731009427502,500.0,0.010000000707805157,0.10730347782373428,1.0
4967,1.385859821212213,90.01227508644163,152.13648146202038,500.0,0.010000000707805157,0.05118734762072563,1.0
4968,2.0180961023826596,175.3211737555833,175.3690703873579,500.0,0.010000000707805157,0.1629956066608429,1.0
4969,1.2496028454434476,251.80801694650458,184.3807183009617,500.0,0.010000000707805157,0.1008373349905014,1.0
4970,1.7272928298854966,139.02567906393938,169.61541795868555,500.0,0.010000000707805157,0.10677166283130646,1.0
4971,2.0124117815382365,175.0121167645782,175.3495462468169,500.0,0.010000000707805157,0.1623997986316681,1.0
4972,1.7938236884705994,183.7430507778116,186.77709837639222,500.0,0.010000000707805157,0.1670156717300415,1.0
4973,1.3573271815260846,206.33106917074585,185.0285628038736,500.0,0.010000000707805157,0.10566052049398422,1.0
4974,1.460629441012526,149.89602592135395,186.74664612425275,500.0,0.010000000707805157,0.11093110591173172,1.0
4975,1.3543825402779686,205.9891372257493,185.02738582461805,500.0,0.010000000707805157,0.10538017749786377,1.0
4976,1.947760703305087,126.0650613396105,152.02787394439403,500.0,0.010000000707805157,0.10137148201465607,1.0
4977,1.939806929922996,126.34846177778067,152.01061087713194,500.0,0.010000000707805157,0.1009516492486,1.0
4978,1.8434809813581305,264.98131388421376,179.6176255166076,500.0,0.010000000707805157,0.15002699196338654,1.0
4979,1.8384899977237372,264.25107544068504,179.59584514561047,500.0,0.010000000707805157,0.1494944542646408,1.0
4980,1.3605570393060324,89.24948748773988,151.9520320342256,500.0,0.010000000707805157,0.050021734088659286,1.0
4981,1.348537175352303,204.2380301216506,185.0198526335419,500.0,0.010000000707805157,0.10467460006475449,1.0
4982,1.3579703400613676,89.16864184309236,151.93357810136925,500.0,0.010000000707805157,0.049904003739356995,1.0
4983,1.3468719545127739,203.89085267358362,185.01824941767862,500.0,0.010000000707805157,0.10449464619159698,1.0
4984,1.3553840198165539,89.08769528679333,151.91519212603797,500.0,0.010000000707805157,0.04978657141327858,1.0
4985,2.337570600228655,240.08252834139137,173.71635400903554,500.0,0.010000000707805157,0.20375220477581024,1.0
4986,1.4546284343720508,148.71552219287736,186.62160266075125,500.0,0.010000000707805157,0.11007833480834961,1.0
4987,0.8639047998475947,173.44399425521829,184.4257105986599,500.0,0.010000000707805157,0.04904238134622574,1.0
4988,1.9764698730958075,252.07429292223256,185.58555562196128,500.0,0.010000000707805157,0.21386606991291046,1.0
4989,0.8606513152712882,172.82762289831382,184.42484312105782,500.0,0.010000000707805157,0.04882431775331497,1.0
4990,1.2150367284394616,244.53444327127187,184.41212730776655,500.0,0.010000000707805157,0.09748931229114532,1.0
4991,1.3355187905932238,201.80950548177793,185.0022929747657,500.0,0.010000000707805157,0.10331851989030838,1.0
4992,1.6814182555900006,227.485251667581,185.3398245869539,500.0,0.010000000707805157,0.1578977108001709,1.0
4993,2.0892783400352086,212.31399474627887,170.9471515931771,500.0,0.010000000707805157,0.1470841020345688,1.0
4994,0.0009243281195527455,0.001881119704681997,115.2437525895413,500.0,0.010000000707805157,3.4569515264593065e-05,1.0
4995,1.3306276074507892,200.86624671106793,184.99585888133876,500.0,0.010000000707805157,0.10280536115169525,1.0
4996,1.802334178645585,257.8825460092002,179.49362968866117,500.0,0.010000000707805157,0.14542818069458008,1.0
4997,1.5856575596798987,191.8630256847533,175.83930146982826,500.0,0.010000000707805157,0.09693162888288498,1.0
4998,1.0219109288400496,104.30128582419651,186.4903893187127,500.0,0.010000000707805157,0.054488010704517365,1.0
4999,0.8452978904673035,170.04898403868424,184.41267331602558,500.0,0.010000000707805157,0.04780500382184982,1.0
