t,x,g_raw,g_ratio,alpha,gamma,loss,acc
0,136.012874874716,409879.0526112607,9834.928624492895,50000.0,0.009999999776482582,1.4090354442596436,0.0
1,134.21141548683386,410946.1871912228,12037.452404327876,50000.0,0.009999999776482582,1.1967419385910034,1.0
2,131.511265134154,340303.1357775129,12592.472510789159,50000.0,0.009999999776482582,1.0443228483200073,1.0
3,128.24973016184532,366951.2315410314,13066.982457537986,50000.0,0.009999999776482582,1.0791691541671753,1.0
4,120.4340929308778,159233.53404394715,9992.603853945291,50000.0,0.009999999776482582,0.8645707964897156,1.0
5,118.98399855912561,223435.30042045176,14738.75521095218,50000.0,0.009999999776482582,0.862901508808136,1.0
6,114.66936710623285,209823.70188374518,11926.508506979573,50000.0,0.009999999776482582,0.8684834241867065,1.0
7,119.85990159048939,228155.26440037318,13404.395550460758,50000.0,0.009999999776482582,0.8853914737701416,1.0
8,104.66766680023593,54328.387513745416,9866.77081026206,50000.0,0.009999999776482582,0.7501189112663269,1.0
9,112.17042182956551,188512.78320981757,11708.686707605775,50000.0,0.009999999776482582,0.8426629900932312,1.0
10,114.18163390167392,221319.19767561555,13869.533148858733,50000.0,0.009999999776482582,0.8567810654640198,1.0
11,111.033233745924,188615.86204475994,11984.619166344452,50000.0,0.009999999776482582,0.8412281274795532,1.0
12,115.55577770748224,192556.9468329142,13725.61598002845,50000.0,0.009999999776482582,0.8411836624145508,1.0
13,110.39816380592752,165584.85122270294,14460.780826310745,50000.0,0.009999999776482582,0.8054157495498657,1.0
14,108.89617406939593,142748.0308028763,14705.740416336006,50000.0,0.009999999776482582,0.7819668650627136,1.0
15,105.20452319824088,100430.01955581093,11417.925410677875,50000.0,0.009999999776482582,0.7649100422859192,1.0
16,107.40664692839657,130608.10486137823,14868.604725808462,50000.0,0.009999999776482582,0.7699982523918152,1.0
17,114.97841649772623,174230.3147675904,15500.668289439154,50000.0,0.009999999776482582,0.8192676305770874,1.0
18,121.03617245117722,191966.59691480265,15994.89639665523,50000.0,0.009999999776482582,0.8448072075843811,1.0
19,97.42790995483674,50959.12444373216,10834.781111572558,50000.0,0.009999999776482582,0.7199615836143494,1.0
20,109.83334320194221,122259.21418954841,14082.746416041398,50000.0,0.009999999776482582,0.7852022647857666,1.0
21,96.6664820627781,49488.07714026603,11490.069937106164,50000.0,0.009999999776482582,0.7227792143821716,1.0
22,96.19017695337793,45625.19923978128,11425.17975195907,50000.0,0.009999999776482582,0.7194386124610901,1.0
23,103.83359284172118,97848.51140636574,15394.964022228114,50000.0,0.009999999776482582,0.7492052316665649,1.0
24,103.37149395574588,94180.23562873996,15501.11346023682,50000.0,0.009999999776482582,0.7459849715232849,1.0
25,99.80407344404821,58936.909859242835,11343.020255831552,50000.0,0.009999999776482582,0.7298216223716736,1.0
26,95.48335787694968,46433.66619959803,11289.935963997394,50000.0,0.009999999776482582,0.7088033556938171,1.0
27,99.80182602197172,61929.21934472426,11396.193881602232,50000.0,0.009999999776482582,0.7225480675697327,1.0
28,93.82847189399493,31421.74036616981,11145.24404849642,50000.0,0.009999999776482582,0.7063068151473999,1.0
29,98.0871970409208,49505.00117761775,11372.652635538569,50000.0,0.009999999776482582,0.7193235158920288,1.0
30,102.26506592459616,87490.55571990769,15164.027276909595,50000.0,0.009999999776482582,0.7322391271591187,1.0
31,93.75898918030346,38303.157173461026,11447.786226743636,50000.0,0.009999999776482582,0.6971692442893982,1.0
32,97.02021895079086,44053.67912510345,11387.845243272533,50000.0,0.009999999776482582,0.7132177948951721,1.0
33,92.5158897313203,24626.637476397802,10936.02415900825,50000.0,0.009999999776482582,0.6983291506767273,1.0
34,101.37052273104334,82443.55007358975,15317.80849065415,50000.0,0.009999999776482582,0.7261135578155518,1.0
35,100.9328610115322,59075.4135110008,11717.46704922578,50000.0,0.009999999776482582,0.7170857191085815,1.0
36,91.89477723736113,22025.191178550955,10847.17980343517,50000.0,0.009999999776482582,0.6950070261955261,1.0
37,98.71678477334869,41520.853090236,11332.920039608827,50000.0,0.009999999776482582,0.7233335971832275,1.0
38,99.61538124069885,71374.26736775113,15934.406827102606,50000.0,0.009999999776482582,0.7256728410720825,1.0
39,98.14466785221181,39213.669491084824,11410.142281971102,50000.0,0.009999999776482582,0.720795750617981,1.0
40,103.8344681198438,92843.18669619985,16602.564618732595,50000.0,0.009999999776482582,0.7377557158470154,1.0
41,91.7486254867487,30168.018726497965,11780.968511226549,50000.0,0.009999999776482582,0.6833899021148682,1.0
42,98.80409925021247,66087.54121090751,16077.838299346788,50000.0,0.009999999776482582,0.7204943895339966,1.0
43,91.54890855281272,29494.731030608546,11877.765497365614,50000.0,0.009999999776482582,0.6809083223342896,1.0
44,94.23197772155861,31718.797944843314,11665.771608663135,50000.0,0.009999999776482582,0.6975586414337158,1.0
45,101.68977193513619,69198.26553962714,15236.88854544047,50000.0,0.009999999776482582,0.7295617461204529,1.0
46,94.58659812739965,37864.32998009559,12014.180219976784,50000.0,0.009999999776482582,0.6884369850158691,1.0
47,104.09115025200578,70531.2799753183,14764.512902218921,50000.0,0.009999999776482582,0.7369846105575562,1.0
48,105.32493671239116,84883.77161831601,16101.72395394295,50000.0,0.009999999776482582,0.7373880743980408,1.0
49,100.4408961527813,62033.77925350374,15407.464105221921,50000.0,0.009999999776482582,0.722813606262207,1.0
50,92.83054852809002,25142.411213994095,11600.352067170463,50000.0,0.009999999776482582,0.6910879015922546,1.0
51,92.68195701961577,24538.00210508683,11615.444110334765,50000.0,0.009999999776482582,0.6900855898857117,1.0
52,110.9888871934459,94947.4259637161,16297.711801275218,50000.0,0.009999999776482582,0.7622169256210327,1.0
53,89.83250376976989,20869.873438334962,11894.1796665474,50000.0,0.009999999776482582,0.6698983311653137,1.0
54,89.74973262140061,20303.705826294634,11911.33395946468,50000.0,0.009999999776482582,0.6682319641113281,1.0
55,94.58496279753837,52137.500377166965,16682.574732620713,50000.0,0.009999999776482582,0.6893483400344849,1.0
56,94.39244495370387,23801.12292154293,11497.217394881105,50000.0,0.009999999776482582,0.7063083648681641,1.0
57,91.97344725080205,21602.251787986093,11725.232556750763,50000.0,0.009999999776482582,0.6853013038635254,1.0
58,99.36939652406653,56672.22597701416,15242.165803096186,50000.0,0.009999999776482582,0.7036305069923401,1.0
59,94.34790974862813,49206.75963742989,16625.977044977903,50000.0,0.009999999776482582,0.6860762238502502,1.0
60,103.5221505398997,72122.32243371125,16327.483170746422,50000.0,0.009999999776482582,0.7242482304573059,1.0
61,96.61737956635375,52076.52880976779,16043.29580275173,50000.0,0.009999999776482582,0.6920767426490784,1.0
62,94.30909440074285,48980.05308829461,16855.157907346624,50000.0,0.009999999776482582,0.6832225322723389,1.0
63,89.00677570383812,8390.652436868606,10190.43368004514,50000.0,0.009999999776482582,0.672599732875824,1.0
64,98.56079202189555,52827.43858722872,15939.17935891268,50000.0,0.009999999776482582,0.7126927375793457,1.0
65,88.9258025990596,7874.457819128173,10161.846963068565,50000.0,0.009999999776482582,0.6709990501403809,1.0
66,98.92962076797302,54327.98957772803,15583.593371685072,50000.0,0.009999999776482582,0.6993789672851562,1.0
67,104.78560094726618,69973.4281502292,16445.65034265648,50000.0,0.009999999776482582,0.7429010272026062,1.0
68,98.41039948542108,52224.30719307937,15719.0477953573,50000.0,0.009999999776482582,0.6961572170257568,1.0
69,108.9178350947451,81954.13336558406,16810.269687572632,50000.0,0.009999999776482582,0.7481504678726196,1.0
70,94.05800894432694,46323.05001863545,17171.155101331704,50000.0,0.009999999776482582,0.6775078773498535,1.0
71,100.97351624141423,66803.83056050334,17268.81404101513,50000.0,0.009999999776482582,0.7079781293869019,1.0
72,88.69015477728641,6569.249836409252,10025.938456476306,50000.0,0.009999999776482582,0.6682562828063965,1.0
73,91.34536507118573,22315.54551330061,12519.398336420947,50000.0,0.009999999776482582,0.662467896938324,1.0
74,107.70319755272953,83608.94625612469,17305.438394053108,50000.0,0.009999999776482582,0.7416377663612366,1.0
75,90.33931531287075,8019.733830385312,9989.950581455189,50000.0,0.009999999776482582,0.6906859874725342,1.0
76,97.95854654869734,51034.03094707624,16535.965070265465,50000.0,0.009999999776482582,0.7086880803108215,1.0
77,94.37714365419762,47587.52623012955,17349.14654643807,50000.0,0.009999999776482582,0.6736723184585571,1.0
78,89.22708427360514,15533.695297045659,12613.096231652493,50000.0,0.009999999776482582,0.6497442722320557,1.0
79,101.68862815783643,70452.47170096786,17420.60994395443,50000.0,0.009999999776482582,0.7087181806564331,1.0
80,101.91250602156838,72342.1878681536,17540.26338171597,50000.0,0.009999999776482582,0.7093163728713989,1.0
81,91.44349240436348,21836.495723385608,12805.670976857124,50000.0,0.009999999776482582,0.658991277217865,1.0
82,96.40021587092099,52908.18997968593,17489.58973787719,50000.0,0.009999999776482582,0.6991115212440491,1.0
83,96.9677970050245,55096.19321577931,17100.890483212403,50000.0,0.009999999776482582,0.6839946508407593,1.0
84,95.20008708424263,53892.58538825349,17686.06264345543,50000.0,0.009999999776482582,0.6722155809402466,1.0
85,89.40262460488894,14689.483841346508,12837.935837833436,50000.0,0.009999999776482582,0.6435102820396423,1.0
86,104.24862045918493,81122.48552762221,17709.327198292558,50000.0,0.009999999776482582,0.7439581751823425,1.0
87,100.98246270096922,63022.98412989118,16668.56651192007,50000.0,0.009999999776482582,0.7111230492591858,1.0
88,102.92263810685003,79702.52298087756,17850.59968727367,50000.0,0.009999999776482582,0.7139739394187927,1.0
89,96.95187223109569,58465.23584343941,17869.995344801275,50000.0,0.009999999776482582,0.7007431387901306,1.0
90,97.46716800460482,60544.161971476766,17565.267777619185,50000.0,0.009999999776482582,0.6847099661827087,1.0
91,89.40078171481507,13478.055180060406,12942.45556580264,50000.0,0.009999999776482582,0.6394388675689697,1.0
92,104.92736685009062,87417.77164345997,17989.51618197097,50000.0,0.009999999776482582,0.7502410411834717,1.0
93,91.55579503937132,6030.616214129434,9634.501577599665,50000.0,0.009999999776482582,0.7138258814811707,1.0
94,90.82894499584748,14426.32048738445,12801.791458733262,50000.0,0.009999999776482582,0.6676972508430481,1.0
95,87.80876348278152,1161.8396782513626,9225.261723607733,50000.0,0.009999999776482582,0.6242756247520447,1.0
96,97.44485683681675,62463.43976129284,17882.31588471811,50000.0,0.009999999776482582,0.7023906707763672,1.0
97,88.00922999638114,991.9691793660234,9118.506599459866,50000.0,0.009999999776482582,0.6212338209152222,1.0
98,91.73855498607703,20205.72882420561,13272.522430612886,50000.0,0.009999999776482582,0.650114119052887,1.0
99,97.83407100867002,66630.66904861141,17915.53927254674,50000.0,0.009999999776482582,0.7055845260620117,1.0
100,97.91234905360048,67343.43639997946,17932.21062387672,50000.0,0.009999999776482582,0.7059355974197388,1.0
101,90.07057973765797,13994.125505825696,13320.883396931153,50000.0,0.009999999776482582,0.6325110197067261,1.0
102,97.1309803222961,69402.0614131611,17982.60895953474,50000.0,0.009999999776482582,0.6757098436355591,1.0
103,97.30583890863815,71467.62362001115,18018.07960470854,50000.0,0.009999999776482582,0.6768679618835449,1.0
104,98.45017436424915,73363.33280287105,18006.862859266454,50000.0,0.009999999776482582,0.7110444903373718,1.0
105,90.41759164880068,14059.753877541663,13467.040337449163,50000.0,0.009999999776482582,0.628810703754425,1.0
106,98.58605979425526,74600.99482503043,17961.400752212394,50000.0,0.009999999776482582,0.7124062776565552,1.0
107,91.56973278005748,14189.95579870037,13292.725537597093,50000.0,0.009999999776482582,0.6610584259033203,1.0
108,100.66928738610159,77057.58631650102,17487.912625056288,50000.0,0.009999999776482582,0.715236485004425,1.0
109,90.46689626788493,12948.395234612728,13457.014305486626,50000.0,0.009999999776482582,0.6254329681396484,1.0
110,107.23781066194756,106384.17994905882,17700.68211131408,50000.0,0.009999999776482582,0.7682121992111206,1.0
111,114.33136327376447,128579.93754059436,17754.70370099339,50000.0,0.009999999776482582,0.8557404279708862,1.0
112,107.84831383381447,104023.72946565524,17663.437163403192,50000.0,0.009999999776482582,0.79878830909729,1.0
113,91.45126758445767,12725.18558423038,13333.035726686727,50000.0,0.009999999776482582,0.6590805053710938,1.0
114,90.13488533074718,2199.1244818584123,9371.348205328955,50000.0,0.009999999776482582,0.6405965089797974,1.0
115,92.8949127005877,17865.367419169834,13476.436376416386,50000.0,0.009999999776482582,0.6764980554580688,1.0
116,91.18546658850471,3063.1272931754893,9399.705812165901,50000.0,0.009999999776482582,0.6747583150863647,1.0
117,91.57363613258032,12487.822064942693,13371.664559157518,50000.0,0.009999999776482582,0.6570544242858887,1.0
118,100.29036937559256,72354.58235837123,17013.839098958724,50000.0,0.009999999776482582,0.7097216248512268,1.0
119,90.57284141231399,11412.396736899893,13530.235788247639,50000.0,0.009999999776482582,0.6202582716941833,1.0
120,89.56349518842758,222.4214538054816,8390.965826512394,50000.0,0.009999999776482582,0.6011252999305725,1.0
121,99.06150652204587,69285.83220952572,16880.814451412873,50000.0,0.009999999776482582,0.7077355980873108,1.0
122,99.20562087830506,69413.92767335419,16703.862955492437,50000.0,0.009999999776482582,0.6887684464454651,1.0
123,99.86739534746658,67890.33127684178,16710.043202400437,50000.0,0.009999999776482582,0.7434626817703247,1.0
124,92.84556582897163,16172.04318604286,13526.321424731957,50000.0,0.009999999776482582,0.6730647683143616,1.0
125,91.72150678536595,11018.383576452987,13362.140105758306,50000.0,0.009999999776482582,0.6530652046203613,1.0
126,99.94391593963086,67914.21478864083,16434.85013540334,50000.0,0.009999999776482582,0.704858660697937,1.0
127,89.99283954243656,142.39182051946983,8199.658423241473,50000.0,0.009999999776482582,0.5963027477264404,1.0
128,92.62574503247374,10465.734941491977,13093.85351862577,50000.0,0.009999999776482582,0.6894176006317139,1.0
129,91.79087911597296,10249.518413368436,13313.462125052089,50000.0,0.009999999776482582,0.6509225368499756,1.0
130,99.13704770495681,64470.158508943336,16315.247109148366,50000.0,0.009999999776482582,0.7029528617858887,1.0
131,91.89330808950979,10245.833839804305,13353.065087397646,50000.0,0.009999999776482582,0.6501798033714294,1.0
132,91.10611801198888,9869.875483063528,13580.001872533556,50000.0,0.009999999776482582,0.6113173961639404,1.0
133,106.49636777043327,89899.15775715344,15979.907727219137,50000.0,0.009999999776482582,0.7540669441223145,1.0
134,90.52775764364033,83.9442184229017,7962.581399412143,50000.0,0.009999999776482582,0.5904516577720642,1.0
135,91.89031066338403,13217.030151513562,13580.064065041037,50000.0,0.009999999776482582,0.6281746625900269,1.0
136,92.33399473577403,2544.7335800766486,9466.109479827066,50000.0,0.009999999776482582,0.6678865551948547,1.0
137,91.3690713862685,9057.239121904924,13561.24581286425,50000.0,0.009999999776482582,0.6069818139076233,1.0
138,100.20913967454103,61490.26993767381,15489.609516329303,50000.0,0.009999999776482582,0.740027129650116,1.0
139,92.48219013472982,2517.181194079877,9505.773023767844,50000.0,0.009999999776482582,0.6662180423736572,1.0
140,92.527719056186,2526.6830010253584,9530.703655828052,50000.0,0.009999999776482582,0.6654263138771057,1.0
141,100.22436271912179,60255.325553481474,15357.717469710533,50000.0,0.009999999776482582,0.7375273108482361,1.0
142,91.85394081799184,1771.275371310181,9571.325903115741,50000.0,0.009999999776482582,0.624254584312439,1.0
143,91.90585291232463,9991.447448481853,13736.767147631912,50000.0,0.009999999776482582,0.6051110029220581,1.0
144,100.3527468471206,59402.14028904841,15092.187788703535,50000.0,0.009999999776482582,0.7365906238555908,1.0
145,100.24978868307831,59331.74687578281,15051.501969881097,50000.0,0.009999999776482582,0.7171502709388733,1.0
146,92.6531728760246,14000.860673937255,13769.89904718954,50000.0,0.009999999776482582,0.6262167692184448,1.0
147,100.28543469705394,57606.14129065525,15000.140624438816,50000.0,0.009999999776482582,0.7346372008323669,1.0
148,92.0657335662667,9620.437333828844,13762.351122184316,50000.0,0.009999999776482582,0.6030241847038269,1.0
149,99.05438052749366,56530.98516545149,14890.388806168854,50000.0,0.009999999776482582,0.6514426469802856,1.0
150,92.91344622912244,9520.341382545748,13548.222128986014,50000.0,0.009999999776482582,0.6424593329429626,1.0
151,92.94611682926964,9388.834685211397,13532.001913140408,50000.0,0.009999999776482582,0.6419416666030884,1.0
152,106.59272021855558,78934.01487430283,14610.700461606833,50000.0,0.009999999776482582,0.7638214826583862,1.0
153,100.31367393068795,54433.453203934456,14599.718199155523,50000.0,0.009999999776482582,0.7311615943908691,1.0
154,106.73075308753393,76379.04010932634,14595.942699098465,50000.0,0.009999999776482582,0.7817920446395874,1.0
155,105.44112250894335,73545.75464715865,14682.175896634337,50000.0,0.009999999776482582,0.7132793068885803,1.0
156,91.94210685484165,15.43558592150242,7483.520545165897,50000.0,0.009999999776482582,0.5761687755584717,1.0
157,92.7528366342093,1495.3921330318412,9593.596132573894,50000.0,0.009999999776482582,0.6166306138038635,1.0
158,111.50916360599581,87945.54883290721,14330.812910845194,50000.0,0.009999999776482582,0.7781397104263306,1.0
159,92.2416801894241,9.978088224580212,7381.077471614741,50000.0,0.009999999776482582,0.5726444721221924,1.0
160,94.16260369273964,9906.52620276073,13641.684877285834,50000.0,0.009999999776482582,0.6836828589439392,1.0
161,105.81440401004778,68873.02311647039,14157.669350878934,50000.0,0.009999999776482582,0.7480615377426147,1.0
162,93.6722927955235,1998.3576721291734,9600.524906283701,50000.0,0.009999999776482582,0.6572996377944946,1.0
163,93.0693195761476,10049.211329083977,14027.313548788066,50000.0,0.009999999776482582,0.596317708492279,1.0
164,100.13482421125973,48202.92482899965,13975.735571751638,50000.0,0.009999999776482582,0.7051913142204285,1.0
165,105.03187408164054,65555.87478728924,13989.312301316668,50000.0,0.009999999776482582,0.6996518969535828,1.0
166,94.49604732181453,2362.125417319287,9605.51873215936,50000.0,0.009999999776482582,0.7001224160194397,1.0
167,93.82611127734003,14334.609049240667,14065.823504867041,50000.0,0.009999999776482582,0.6218791007995605,1.0
168,99.57605099115624,44888.0925669766,13851.049897820505,50000.0,0.009999999776482582,0.6759111285209656,1.0
169,110.2842449277908,76638.64694450775,13821.147218323094,50000.0,0.009999999776482582,0.7592233419418335,1.0
170,93.36186805647603,9818.815060134812,14087.832601734439,50000.0,0.009999999776482582,0.5935782790184021,1.0
171,99.49940286587602,42548.51410471627,13744.678759837725,50000.0,0.009999999776482582,0.6725836992263794,1.0
172,93.6428496745928,1279.7249381215095,9612.171148220159,50000.0,0.009999999776482582,0.6093224287033081,1.0
173,100.10102866145907,41891.617095627436,13585.94984323048,50000.0,0.009999999776482582,0.7163820266723633,1.0
174,99.51287278113634,41144.25901806833,13608.51357008177,50000.0,0.009999999776482582,0.6701827645301819,1.0
175,104.37566181147139,57281.44173274287,13584.712728368308,50000.0,0.009999999776482582,0.6857156157493591,1.0
176,109.75774017622626,69350.73539750521,13582.452623401829,50000.0,0.009999999776482582,0.7729576826095581,1.0
177,103.907481828799,53837.64192579001,13667.2081783743,50000.0,0.009999999776482582,0.6792562007904053,1.0
178,94.9752116887438,10453.443935221414,14002.423096269275,50000.0,0.009999999776482582,0.6825167536735535,1.0
179,93.90116346802962,1177.6640513997022,9612.82536696223,50000.0,0.009999999776482582,0.6070440411567688,1.0
180,98.76528307757309,36833.43017635033,13539.957299513804,50000.0,0.009999999776482582,0.6183356642723083,1.0
181,98.80670775762458,36355.83774571933,13467.453562775212,50000.0,0.009999999776482582,0.6168864965438843,1.0
182,95.3170022461319,1986.4635865370312,9599.801909978194,50000.0,0.009999999776482582,0.6981678605079651,1.0
183,99.35684533739114,35751.78251454364,13375.661307930814,50000.0,0.009999999776482582,0.6619716882705688,1.0
184,100.5009207810309,38611.785500942235,13466.736797739022,50000.0,0.009999999776482582,0.7242202162742615,1.0
185,94.26708096273809,10525.989437185473,14212.442812745014,50000.0,0.009999999776482582,0.5884876251220703,1.0
186,99.29367166894417,36042.013601283674,13332.969217887316,50000.0,0.009999999776482582,0.6446204781532288,1.0
187,94.45860745869645,1109.9052411742023,9620.852805051501,50000.0,0.009999999776482582,0.6028187870979309,1.0
188,95.4142088586199,14311.783613016558,14088.499342745961,50000.0,0.009999999776482582,0.6646133661270142,1.0
189,104.02224631373721,47789.226235464506,13086.71756391958,50000.0,0.009999999776482582,0.716972291469574,1.0
190,94.47281904656187,9845.578098849603,14144.621797952293,50000.0,0.009999999776482582,0.5855146646499634,1.0
191,98.93478607782762,32709.6329033821,13033.821290750817,50000.0,0.009999999776482582,0.6100371479988098,1.0
192,99.44527697213681,32286.510296552155,12966.094649936475,50000.0,0.009999999776482582,0.6569511294364929,1.0
193,103.34202130281209,44958.37999669405,12959.00755060468,50000.0,0.009999999776482582,0.6641131639480591,1.0
194,94.94266451516603,1025.8770171739661,9601.52055704791,50000.0,0.009999999776482582,0.5992860198020935,1.0
195,99.8046646774393,32481.220617152117,12975.15941417004,50000.0,0.009999999776482582,0.6873631477355957,1.0
196,94.90228581333739,9690.005138943416,14123.079030220932,50000.0,0.009999999776482582,0.5820324420928955,1.0
197,103.44964278648204,43876.79994565418,12837.18775340026,50000.0,0.009999999776482582,0.6929455399513245,1.0
198,99.64410740607902,31062.2879250257,12914.175011556103,50000.0,0.009999999776482582,0.6854784488677979,1.0
199,103.14967555593716,42316.54701869686,12879.060828044412,50000.0,0.009999999776482582,0.6899048686027527,1.0
200,95.38533387852172,9084.596881723171,14019.386735487395,50000.0,0.009999999776482582,0.6300775408744812,1.0
201,95.09760489410753,12554.64836740962,14086.19277804447,50000.0,0.009999999776482582,0.6120428442955017,1.0
202,102.81325199253085,39862.72074704017,12723.063082251889,50000.0,0.009999999776482582,0.6551697254180908,1.0
203,95.01020370748027,8427.408157065409,14056.345408959362,50000.0,0.009999999776482582,0.5782503485679626,1.0
204,95.09899082903569,0.15080632842473393,6642.01643730084,50000.0,0.009999999776482582,0.544629693031311,1.0
205,95.2229897802004,11468.861620205786,13984.233115943047,50000.0,0.009999999776482582,0.6089062094688416,1.0
206,96.11313060055745,7830.777345286087,13753.780974985679,50000.0,0.009999999776482582,0.6790251731872559,1.0
207,102.76365030408363,37936.331822762884,12425.508532675174,50000.0,0.009999999776482582,0.651782214641571,1.0
208,102.55389499767634,37949.70962785276,12497.386232402148,50000.0,0.009999999776482582,0.6827502250671387,1.0
209,99.43998131465372,25725.493356818202,12485.145522372699,50000.0,0.009999999776482582,0.6471234560012817,1.0
210,99.03235105661571,25316.727568628725,12481.13475370775,50000.0,0.009999999776482582,0.5939560532569885,1.0
211,95.79926877146461,11042.141987543031,13928.167510284235,50000.0,0.009999999776482582,0.6598238348960876,1.0
212,99.07418032468973,24782.639595540324,12389.97805591492,50000.0,0.009999999776482582,0.5927335619926453,1.0
213,96.56823820726717,1096.5541112296087,9482.29155464299,50000.0,0.009999999776482582,0.6450769901275635,1.0
214,102.73376766338299,34356.299061233796,12290.74524148654,50000.0,0.009999999776482582,0.6975806951522827,1.0
215,96.09520940781564,7872.473187595932,13888.204840502476,50000.0,0.009999999776482582,0.6252580285072327,1.0
216,99.87128419057407,23686.17220086035,12272.831347984877,50000.0,0.009999999776482582,0.696553647518158,1.0
217,95.79093581410883,7919.867563480765,13968.611465720245,50000.0,0.009999999776482582,0.5718362927436829,1.0
218,99.16896857302123,23089.28714578909,12214.060817254414,50000.0,0.009999999776482582,0.5888131260871887,1.0
219,95.97950690059888,7654.1480226386375,13922.77501450354,50000.0,0.009999999776482582,0.5699060559272766,1.0
220,97.02406021049681,1068.2341042093074,9503.290309107198,50000.0,0.009999999776482582,0.6426219344139099,1.0
221,100.02751615687673,22432.82190681613,12012.828464688455,50000.0,0.009999999776482582,0.6950197219848633,1.0
222,99.98622561869009,22173.19336557968,12032.739060853744,50000.0,0.009999999776482582,0.6941852569580078,1.0
223,99.61035663840717,21874.702889046686,12061.862437225589,50000.0,0.009999999776482582,0.6395952701568604,1.0
224,96.78820858972462,790.7754338105179,9572.415311435414,50000.0,0.009999999776482582,0.5867419242858887,1.0
225,99.57026567753176,22916.28104969309,12169.854889822664,50000.0,0.009999999776482582,0.6750518679618835,1.0
226,96.4346751862082,8112.169966564563,13907.366914479304,50000.0,0.009999999776482582,0.5682875514030457,1.0
227,99.42046630090125,20835.284168294485,11892.298119162446,50000.0,0.009999999776482582,0.583060622215271,1.0
228,99.78597471429703,20564.087094120838,11847.144997409669,50000.0,0.009999999776482582,0.6368616223335266,1.0
229,96.80988276306422,11273.636361180896,13820.375591357099,50000.0,0.009999999776482582,0.658731997013092,1.0
230,97.52997003670562,1106.5869523669114,9584.287042285343,50000.0,0.009999999776482582,0.6389455199241638,1.0
231,102.00078021032331,28218.154360532084,11747.202190621454,50000.0,0.009999999776482582,0.6334143877029419,1.0
232,99.28856321455144,21107.20730852885,12006.691761118544,50000.0,0.009999999776482582,0.6173326969146729,1.0
233,97.40302528673423,773.9539709955548,9584.190915392002,50000.0,0.009999999776482582,0.5826679468154907,1.0
234,99.38006474738873,22073.268611871405,12090.070497745823,50000.0,0.009999999776482582,0.7101256251335144,1.0
235,96.56851054796282,10598.085124524385,13810.191247229792,50000.0,0.009999999776482582,0.6013566255569458,1.0
236,97.8190179117845,1091.9229029738892,9592.321214652446,50000.0,0.009999999776482582,0.6378804445266724,1.0
237,97.2494879165186,7322.636657768954,13678.685838172663,50000.0,0.009999999776482582,0.6186855435371399,1.0
238,101.88365597506474,26030.65422015661,11506.210828144485,50000.0,0.009999999776482582,0.6296468377113342,1.0
239,99.92423980636116,18119.4636927858,11537.222260234254,50000.0,0.009999999776482582,0.632491409778595,1.0
240,97.15239511453387,7244.330339042193,13757.758966882533,50000.0,0.009999999776482582,0.5617912411689758,1.0
241,97.48872052813482,7125.481367680945,13640.74506612989,50000.0,0.009999999776482582,0.6175452470779419,1.0
242,98.20862762621391,1141.4411100225077,9641.332588304256,50000.0,0.009999999776482582,0.6359313726425171,1.0
243,99.8434099268282,17262.571954424882,11326.218738077045,50000.0,0.009999999776482582,0.5739767551422119,1.0
244,97.04054641103914,9977.149947627615,13696.967744469182,50000.0,0.009999999776482582,0.5981193780899048,1.0
245,99.45530165575327,18111.198953940304,11472.516322601676,50000.0,0.009999999776482582,0.6108794212341309,1.0
246,99.95499349739505,16556.46408445524,11197.240570118609,50000.0,0.009999999776482582,0.5716102123260498,1.0
247,97.63219785933718,6574.269169111456,13655.75339787189,50000.0,0.009999999776482582,0.5569370985031128,1.0
248,97.93167991381672,6466.755354371001,13509.616795180165,50000.0,0.009999999776482582,0.6148345470428467,1.0
249,99.75804760883862,17125.31614277692,11263.224549522236,50000.0,0.009999999776482582,0.6673480272293091,1.0
250,99.92084229042834,17019.066630393645,11268.540121522257,50000.0,0.009999999776482582,0.7259464263916016,1.0
251,99.46715322260147,16852.812150848542,11326.692084306856,50000.0,0.009999999776482582,0.6080160140991211,1.0
252,98.38479781713107,0.0006058209892144682,5353.724540032875,50000.0,0.009999999776482582,0.5165018439292908,1.0
253,98.93329019319796,17431.117744545267,11432.973778017273,50000.0,0.009999999776482582,0.6457951068878174,1.0
254,100.15912879276573,14931.322158002571,10931.46861695483,50000.0,0.009999999776482582,0.5670338869094849,1.0
255,98.66708341396107,0.0003633751045345737,5290.02832122889,50000.0,0.009999999776482582,0.5134690403938293,1.0
256,98.83411283180227,0.00027345195257084666,5250.520020251722,50000.0,0.009999999776482582,0.5116406679153442,1.0
257,99.72394590337238,15200.055395918156,10978.816450332337,50000.0,0.009999999776482582,0.6035337448120117,1.0
258,99.72158951600396,14987.174235456696,10963.252455969217,50000.0,0.009999999776482582,0.6028625965118408,1.0
259,99.2744799113409,986.4519633405286,9783.454299805586,50000.0,0.009999999776482582,0.5708013772964478,1.0
260,97.83389347650791,7766.150590764085,13372.155376625515,50000.0,0.009999999776482582,0.6518095135688782,1.0
261,97.61529766507118,7460.041938032052,13468.28263744751,50000.0,0.009999999776482582,0.5885188579559326,1.0
262,98.88620456597587,15030.035041616977,10960.938394069386,50000.0,0.009999999776482582,0.6409176588058472,1.0
263,100.7163555600044,13126.280451092958,10462.210872284802,50000.0,0.009999999776482582,0.6232771873474121,1.0
264,99.71332871370753,13830.432320536742,10735.447526511945,50000.0,0.009999999776482582,0.5998403429985046,1.0
265,101.78588206456352,18037.200911100877,10454.891974666632,50000.0,0.009999999776482582,0.6123812198638916,1.0
266,99.74386830148507,1471.853960302965,9842.55283870073,50000.0,0.009999999776482582,0.6325026154518127,1.0
267,100.78335396682927,12493.80161669759,10440.471432398403,50000.0,0.009999999776482582,0.621407151222229,1.0
268,100.67756019161719,12280.612696045702,10446.516658972587,50000.0,0.009999999776482582,0.5574130415916443,1.0
269,99.84104644649138,13042.345568292098,10719.038037130555,50000.0,0.009999999776482582,0.597614586353302,1.0
270,101.76492066372805,16875.74445146696,10404.519084577372,50000.0,0.009999999776482582,0.6085357069969177,1.0
271,99.78852350583087,3.2789557004127196e-05,5065.994190777884,50000.0,0.009999999776482582,0.502185046672821,1.0
272,99.25088055539507,5054.746702298366,12794.422536922117,50000.0,0.009999999776482582,0.6732853055000305,1.0
273,99.2421552194301,5081.128685037197,12781.133229317844,50000.0,0.009999999776482582,0.6726552248001099,1.0
274,101.96600780329894,16145.618529342688,10267.709588831838,50000.0,0.009999999776482582,0.7362141609191895,1.0
275,99.99580820135617,12439.333135587805,10710.450802655401,50000.0,0.009999999776482582,0.6600568294525146,1.0
276,98.05131319960847,6959.272063343933,13422.069257526207,50000.0,0.009999999776482582,0.585164487361908,1.0
277,99.19148155764492,5068.340654222473,12803.259331527644,50000.0,0.009999999776482582,0.6713098883628845,1.0
278,99.93766099595327,12029.8822767928,10615.220419529618,50000.0,0.009999999776482582,0.6590480208396912,1.0
279,100.1010301899528,1241.581271700475,10047.528194909815,50000.0,0.009999999776482582,0.5654608011245728,1.0
280,101.65192960494966,15104.231210916276,10218.20829858795,50000.0,0.009999999776482582,0.6053599119186401,1.0
281,99.18207697868428,4693.094961161172,13384.243962408344,50000.0,0.009999999776482582,0.5416688919067383,1.0
282,100.3644471522985,1284.5871443156784,10099.612369176431,50000.0,0.009999999776482582,0.563688337802887,1.0
283,100.47843032173057,1264.828488911588,10098.469450499219,50000.0,0.009999999776482582,0.5628409385681152,1.0
284,101.13553767734808,9953.372006531097,10031.829548485288,50000.0,0.009999999776482582,0.549575686454773,1.0
285,101.19689317605769,9792.51062991622,10008.093282511913,50000.0,0.009999999776482582,0.5484927296638489,1.0
286,100.86109429142813,1677.0973794104666,10065.776428711493,50000.0,0.009999999776482582,0.6270642280578613,1.0
287,101.86585488101905,13502.59557274327,9935.46517301356,50000.0,0.009999999776482582,0.6668665409088135,1.0
288,99.87663908183633,4897.957127808585,12740.516912743016,50000.0,0.009999999776482582,0.6704181432723999,1.0
289,100.30391796227461,10548.774329019347,10411.919237178001,50000.0,0.009999999776482582,0.656912624835968,1.0
290,99.75820700106135,4547.95194548099,13312.721435683274,50000.0,0.009999999776482582,0.5380477905273438,1.0
291,100.96129510782599,1186.3696384352902,10100.354829556014,50000.0,0.009999999776482582,0.5593512058258057,1.0
292,100.00501852274186,4544.899218977165,12958.274318866514,50000.0,0.009999999776482582,0.6028504967689514,1.0
293,101.5288516457457,8952.73045674996,9779.403757007105,50000.0,0.009999999776482582,0.6782166361808777,1.0
294,100.02131622274933,4411.561831090134,13263.38693968001,50000.0,0.009999999776482582,0.5362323522567749,1.0
295,99.31320962452837,10487.66422750456,10561.558128682298,50000.0,0.009999999776482582,0.633439838886261,1.0
296,99.24891779395631,10355.862113290274,10539.491694463133,50000.0,0.009999999776482582,0.6324521899223328,1.0
297,101.2211098306018,1.3629031214283193e-06,4825.104674915093,50000.0,0.009999999776482582,0.4907873868942261,1.0
298,100.28171006186648,4266.874102414377,12647.71049636319,50000.0,0.009999999776482582,0.6684998273849487,1.0
299,100.42926315184164,9019.256216627242,10064.705326230984,50000.0,0.009999999776482582,0.587094783782959,1.0
300,100.44373246368299,8908.366982016483,10050.575169835327,50000.0,0.009999999776482582,0.5865285992622375,1.0
301,100.61931086449107,11852.910765742587,9823.553523564155,50000.0,0.009999999776482582,0.6396734118461609,1.0
302,101.50112243626445,1018.9816979961445,10031.545557968384,50000.0,0.009999999776482582,0.5562179684638977,1.0
303,100.5258884967804,8715.055849216407,10037.518772263955,50000.0,0.009999999776482582,0.6534192562103271,1.0
304,101.59876073436435,5.229101542806987e-07,4762.632299965763,50000.0,0.009999999776482582,0.4873272776603699,1.0
305,100.63133835415522,8497.608244540954,9971.195258258631,50000.0,0.009999999776482582,0.7218559980392456,1.0
306,98.00744189792076,6642.403282005222,13067.46405259651,50000.0,0.009999999776482582,0.688120424747467,1.0
307,100.46374983316008,8393.029134306882,9974.460690582568,50000.0,0.009999999776482582,0.65217125415802,1.0
308,99.14511061215003,5187.814646275513,13180.230881975916,50000.0,0.009999999776482582,0.5741617679595947,1.0
309,101.72175055571137,1376.1119682036642,10031.17056129596,50000.0,0.009999999776482582,0.6231207847595215,1.0
310,100.53394717615103,3550.1974589415454,13147.518290568893,50000.0,0.009999999776482582,0.5298171043395996,1.0
311,101.86134547342756,6967.945778645269,9323.594957974603,50000.0,0.009999999776482582,0.5391910672187805,1.0
312,102.02669378047665,1.9173884707834755e-07,4694.057714959742,50000.0,0.009999999776482582,0.48414766788482666,1.0
313,100.86579372191814,3280.7915278772543,13075.030651809113,50000.0,0.009999999776482582,0.5269523859024048,1.0
314,99.61453075910772,4490.08935679678,13047.447068405996,50000.0,0.009999999776482582,0.5707064867019653,1.0
315,102.34937478702537,809.3880783720363,9958.224677336366,50000.0,0.009999999776482582,0.5510824918746948,1.0
316,100.86762318941831,6930.768264563663,9513.8236719757,50000.0,0.009999999776482582,0.6505122184753418,1.0
317,102.42954845020867,1396.4270296011227,9967.095262720484,50000.0,0.009999999776482582,0.6913473010063171,1.0
318,102.21024173008888,6086.406005260444,9008.32124602777,50000.0,0.009999999776482582,0.5353107452392578,1.0
319,101.2144831136057,3071.2475165100573,12995.498480435437,50000.0,0.009999999776482582,0.5242574214935303,1.0
320,101.29733220238963,3080.977080298366,12687.384023296781,50000.0,0.009999999776482582,0.5941569805145264,1.0
321,102.72412787515465,767.7525036222987,9974.663981119815,50000.0,0.009999999776482582,0.5483980774879456,1.0
322,99.67545472985499,6890.565175703528,9779.571120368118,50000.0,0.009999999776482582,0.6240693926811218,1.0
323,101.41752021478449,3048.693024385095,12424.171532084089,50000.0,0.009999999776482582,0.6644622087478638,1.0
324,102.84000263593973,756.458710459062,9982.505033626767,50000.0,0.009999999776482582,0.5477210283279419,1.0
325,102.44303200216567,5444.830181733283,8763.301132508977,50000.0,0.009999999776482582,0.7454960346221924,1.0
326,102.47347506290353,5332.771566414349,8753.249343688658,50000.0,0.009999999776482582,0.5325806736946106,1.0
327,101.61838663884521,2911.691919459111,12908.756371538766,50000.0,0.009999999776482582,0.5215107202529907,1.0
328,103.09058638615963,736.4921052594691,9995.906358295098,50000.0,0.009999999776482582,0.5458155870437622,1.0
329,103.17158788913923,1028.6233719032543,9999.280258352046,50000.0,0.009999999776482582,0.6166057586669922,1.0
330,101.30856271583323,5580.280549755291,9231.946522710195,50000.0,0.009999999776482582,0.5766128897666931,1.0
331,102.72424067513066,4843.605334396208,8580.138706173962,50000.0,0.009999999776482582,0.6010798811912537,1.0
332,103.36980523238708,6.243950116852904e-09,4471.509669159304,50000.0,0.009999999776482582,0.47217053174972534,1.0
333,103.49433431218918,686.4184724393981,9990.167053934067,50000.0,0.009999999776482582,0.5428515672683716,1.0
334,101.53832991716476,5212.532738703381,9144.524672036621,50000.0,0.009999999776482582,0.6476621031761169,1.0
335,103.57324213979894,967.3625421725286,9998.325574563796,50000.0,0.009999999776482582,0.6146713495254517,1.0
336,101.55261919615248,5150.436115492412,9158.541311439096,50000.0,0.009999999776482582,0.6472387313842773,1.0
337,101.56448592369337,5108.941564576343,9158.912520979904,50000.0,0.009999999776482582,0.5747198462486267,1.0
338,101.56018489220212,5119.228580408723,9163.248648418254,50000.0,0.009999999776482582,0.6467489004135132,1.0
339,102.28224599463063,2656.7548897272604,12770.065673311086,50000.0,0.009999999776482582,0.5168755054473877,1.0
340,103.7544056086759,938.1899843288738,9995.95146403628,50000.0,0.009999999776482582,0.6138050556182861,1.0
341,98.71927157052805,6084.313442762334,10041.78430332738,50000.0,0.009999999776482582,0.6697111129760742,1.0
342,103.8495210045984,1.868129391845101e-09,inf,50000.0,0.009999999776482582,0.4684610962867737,1.0
343,103.94986199490455,634.8553538231957,9982.462971028275,50000.0,0.009999999776482582,0.5400114059448242,1.0
344,101.82702086100572,4533.604570059464,8978.28821183303,50000.0,0.009999999776482582,0.5721839666366577,1.0
345,100.35275113498504,5098.3545271166695,9505.195367837045,50000.0,0.009999999776482582,0.619946300983429,1.0
346,99.6030226949099,4074.3496509647825,12683.114039504351,50000.0,0.009999999776482582,0.6087726354598999,1.0
347,103.29987358511546,3794.8198585818814,8190.939553205578,50000.0,0.009999999776482582,0.597617506980896,1.0
348,101.02758960829729,5757.494069290291,8571.68738340876,50000.0,0.009999999776482582,0.62862628698349,1.0
349,103.37107017822346,3832.1821106833654,8233.618613949946,50000.0,0.009999999776482582,0.5229061841964722,1.0
350,102.74441517027734,2244.9731482256675,12676.721110728411,50000.0,0.009999999776482582,0.5116863250732422,1.0
351,102.84224371423069,2166.362045744954,12649.279388819521,50000.0,0.009999999776482582,0.5107430815696716,1.0
352,102.9403096913672,2090.1536890701514,12621.549074645514,50000.0,0.009999999776482582,0.5098026990890503,1.0
353,102.8232839481221,4853.311949805611,8042.758937213491,50000.0,0.009999999776482582,0.5787879824638367,1.0
354,103.05888712823919,2027.936275175546,12603.208798701618,50000.0,0.009999999776482582,0.508660078048706,1.0
355,104.64906445082549,479.75791851007097,9809.141644006446,50000.0,0.009999999776482582,0.5360063910484314,1.0
356,104.73463676255287,672.8554392417398,9813.439191923037,50000.0,0.009999999776482582,0.6123763918876648,1.0
357,104.80371068370926,482.6980237204153,9838.390371978374,50000.0,0.009999999776482582,0.5347420573234558,1.0
358,103.07779838204999,4394.346324639277,7910.005418015058,50000.0,0.009999999776482582,0.6541091203689575,1.0
359,102.44783613855492,3784.45505131658,8745.174847991259,50000.0,0.009999999776482582,0.6434884071350098,1.0
360,101.52165521692946,4943.2713754699735,8397.720683998823,50000.0,0.009999999776482582,0.6257748007774353,1.0
361,101.5041972891816,5063.009141915071,8439.199483323535,50000.0,0.009999999776482582,0.6250122785568237,1.0
362,100.84519319638123,4418.122146011148,9311.556870909979,50000.0,0.009999999776482582,0.6147566437721252,1.0
363,103.31821809102799,1973.9769906706867,12580.13292281498,50000.0,0.009999999776482582,0.5064516663551331,1.0
364,100.90418113458189,4253.430877073501,9227.138698672248,50000.0,0.009999999776482582,0.6134859919548035,1.0
365,101.47526669318698,5052.859279479219,8426.061072280667,50000.0,0.009999999776482582,0.7006595730781555,1.0
366,103.85550439542358,3476.476857103406,8175.459868474932,50000.0,0.009999999776482582,0.6707043647766113,1.0
367,103.33028702024139,1983.511815754724,12593.699472206024,50000.0,0.009999999776482582,0.5060775279998779,1.0
368,103.9257931590087,3382.577330462578,8141.193682122134,50000.0,0.009999999776482582,0.6702682375907898,1.0
369,104.84440120258435,682.8380923255028,9816.142282529421,50000.0,0.009999999776482582,0.611395537853241,1.0
370,103.47825305325141,1983.5455085718327,12567.142516450855,50000.0,0.009999999776482582,0.5054459571838379,1.0
371,104.18570228670907,3146.6748905092522,8022.764245026693,50000.0,0.009999999776482582,0.5143792629241943,1.0
372,101.92150149973891,2790.1631060974087,12309.518893226103,50000.0,0.009999999776482582,0.7090849280357361,1.0
373,105.12950754605608,471.5230189615747,9825.79220977142,50000.0,0.009999999776482582,0.532852292060852,1.0
374,101.60400203027682,4650.575323062327,8388.08071680009,50000.0,0.009999999776482582,0.6993175745010376,1.0
375,104.15949287855886,3131.098511067967,8047.10160722166,50000.0,0.009999999776482582,0.5911152362823486,1.0
376,103.68826475362961,1941.673361454075,12537.133690436262,50000.0,0.009999999776482582,0.503903865814209,1.0
377,105.3857485677829,1.8707255462935576e-11,inf,50000.0,0.009999999776482582,0.45384809374809265,1.0
378,104.42693650106094,2897.8555268777136,7931.768028019369,50000.0,0.009999999776482582,0.5900254249572754,1.0
379,105.47619559460652,443.40309337275045,9806.390766329449,50000.0,0.009999999776482582,0.5302684307098389,1.0
380,102.4614128357543,2559.9705203910244,12447.795294705349,50000.0,0.009999999776482582,0.5515763163566589,1.0
381,105.70390203585087,6.3286633737574864e-12,inf,50000.0,0.009999999776482582,0.4502914845943451,1.0
382,100.53562893821223,4372.836983594954,8590.465654454181,50000.0,0.009999999776482582,0.6711492538452148,1.0
383,102.42613606140532,2515.5050584138585,12214.022848905837,50000.0,0.009999999776482582,0.7088940143585205,1.0
384,103.0881330747855,3164.524460896608,8608.438272476285,50000.0,0.009999999776482582,0.5595811605453491,1.0
385,104.09791410642374,1753.8415202033927,12213.852056357397,50000.0,0.009999999776482582,0.5786318182945251,1.0
386,101.50709974637934,3511.19952598671,9145.796330806676,50000.0,0.009999999776482582,0.6083767414093018,1.0
387,100.96110313321617,4802.220813466016,8071.407117865678,50000.0,0.009999999776482582,0.6781505346298218,1.0
388,103.6547768498286,3928.81337375136,7885.642863989794,50000.0,0.009999999776482582,0.5685116052627563,1.0
389,104.51975437484724,2898.3326467652646,7983.411503135464,50000.0,0.009999999776482582,0.6680814623832703,1.0
390,103.07085782936262,3355.865097884638,8691.410395637884,50000.0,0.009999999776482582,0.5578777194023132,1.0
391,105.60013614666967,576.2889810612683,9723.826312846288,50000.0,0.009999999776482582,0.6088371872901917,1.0
392,104.11811120870985,1796.4941885096043,12237.18644861571,50000.0,0.009999999776482582,0.578037440776825,1.0
393,104.30004087166296,1715.6747359370904,12429.344819846614,50000.0,0.009999999776482582,0.49826881289482117,1.0
394,105.8125091851922,557.3231440614796,9726.920993881591,50000.0,0.009999999776482582,0.6077308058738708,1.0
395,105.00916881990842,2552.247941459187,7789.825624868826,50000.0,0.009999999776482582,0.5072523951530457,1.0
396,102.86005892022771,2340.3891087099546,12373.471291803973,50000.0,0.009999999776482582,0.5467075705528259,1.0
397,102.21579413988297,3859.113353851961,8208.02942574651,50000.0,0.009999999776482582,0.6962956190109253,1.0
398,105.07655467832326,2567.7503838635944,7811.182448768657,50000.0,0.009999999776482582,0.5063694715499878,1.0
399,105.15086029795502,2545.878719560116,7805.6393730091795,50000.0,0.009999999776482582,0.5054609775543213,1.0
400,105.22480692880269,2526.485780708174,7801.044782054573,50000.0,0.009999999776482582,0.5045554637908936,1.0
401,105.18921646397567,2530.712111735067,7820.2779580723145,50000.0,0.009999999776482582,0.5851953625679016,1.0
402,104.68364303553776,1636.3490828202162,12141.109947611547,50000.0,0.009999999776482582,0.5759592652320862,1.0
403,106.49635162271625,5.108912418925699e-13,inf,50000.0,0.009999999776482582,0.4430098533630371,1.0
404,106.62117185643699,3.0801123169714123e-13,inf,50000.0,0.009999999776482582,0.441321462392807,1.0
405,106.74501147590782,1.8508999197923496e-13,inf,50000.0,0.009999999776482582,0.43963563442230225,1.0
406,105.26871556361996,1426.4769986984277,12188.805337468903,50000.0,0.009999999776482582,0.49077141284942627,1.0
407,102.62899909529094,2870.487156096003,8952.165483680837,50000.0,0.009999999776482582,0.6050578951835632,1.0
408,105.22165442753953,1445.8386188642653,11891.460488819032,50000.0,0.009999999776482582,0.65802401304245,1.0
409,105.87448306233284,2065.7676399377337,7523.07697730099,50000.0,0.009999999776482582,0.4993988275527954,1.0
410,104.76664810211052,2915.2100440105914,7530.120291937116,50000.0,0.009999999776482582,0.6449567079544067,1.0
411,105.9165500390459,2131.5211109151587,7582.032609466826,50000.0,0.009999999776482582,0.49834683537483215,1.0
412,104.29638460275059,2547.063981672392,8405.55660056071,50000.0,0.009999999776482582,0.6353195309638977,1.0
413,105.39843947114694,1428.2966028767219,12011.782334128206,50000.0,0.009999999776482582,0.5732898116111755,1.0
414,105.44680129902181,1413.4058491980256,12001.094580818279,50000.0,0.009999999776482582,0.5729403495788574,1.0
415,104.44478890855918,2442.6879016301036,8371.769348306732,50000.0,0.009999999776482582,0.5501987338066101,1.0
416,107.07010075461339,370.8479739533193,9503.44939984293,50000.0,0.009999999776482582,0.6042099595069885,1.0
417,104.94032536531229,2803.809209785937,7500.406508580401,50000.0,0.009999999776482582,0.6435000896453857,1.0
418,105.53737836810393,1426.4047813882294,11991.819362022301,50000.0,0.009999999776482582,0.5723232626914978,1.0
419,105.58548597699753,1411.4760084024595,11981.02545445394,50000.0,0.009999999776482582,0.5719749331474304,1.0
420,106.03392675164397,1977.4892742864836,7526.0707878355115,50000.0,0.009999999776482582,0.6651256084442139,1.0
421,105.61146104508498,1431.8999790066937,11979.227904647278,50000.0,0.009999999776482582,0.5716055035591125,1.0
422,105.77753497739859,1378.6565862097543,12107.315239009811,50000.0,0.009999999776482582,0.48717641830444336,1.0
423,106.26450967030874,1862.5544366591128,7438.656300087252,50000.0,0.009999999776482582,0.5800818204879761,1.0
424,103.95704467956193,3213.0563639377465,7428.762355588687,50000.0,0.009999999776482582,0.704838752746582,1.0
425,105.68755848828084,1445.9045522470506,11976.899656129377,50000.0,0.009999999776482582,0.5711785554885864,1.0
426,104.67755382998732,2391.2137121847486,8440.980988021607,50000.0,0.009999999776482582,0.548480749130249,1.0
427,106.13768400333716,1978.7617094240363,7552.143608752264,50000.0,0.009999999776482582,0.6636999249458313,1.0
428,106.24347429899387,1982.0827558390333,7550.135911438483,50000.0,0.009999999776482582,0.5788677334785461,1.0
429,104.57239175679344,2450.4115758596467,8505.15004277337,50000.0,0.009999999776482582,0.6322166919708252,1.0
430,102.95930231907884,2843.798357058273,9118.05083473748,50000.0,0.009999999776482582,0.6013857126235962,1.0
431,106.08143206511978,2040.869994289657,7611.811003050279,50000.0,0.009999999776482582,0.6626093983650208,1.0
432,105.15908878906346,2861.4320735429,7581.274922088355,50000.0,0.009999999776482582,0.5555883049964905,1.0
433,104.16859851788735,2073.791852114531,12128.214297054266,50000.0,0.009999999776482582,0.539722204208374,1.0
434,105.95948062049399,1423.266047664229,12110.967081076806,50000.0,0.009999999776482582,0.48566359281539917,1.0
435,106.54708557819521,1960.341835111355,7538.717665386065,50000.0,0.009999999776482582,0.4929855167865753,1.0
436,107.66986583542167,259.22740036783836,9530.102059133987,50000.0,0.009999999776482582,0.5156874060630798,1.0
437,106.21787293069018,1349.8806485972027,12041.712294483264,50000.0,0.009999999776482582,0.48361778259277344,1.0
438,106.65497665943644,1839.8678157821537,7466.487475064712,50000.0,0.009999999776482582,0.57679283618927,1.0
439,105.12466057491717,2258.374095753988,8396.662128238093,50000.0,0.009999999776482582,0.5450062155723572,1.0
440,106.37174760182151,1306.5827483534665,12002.846138242534,50000.0,0.009999999776482582,0.482185423374176,1.0
441,105.73703469078829,2514.6747186208304,7412.041579408329,50000.0,0.009999999776482582,0.5522015690803528,1.0
442,106.34651788576035,1306.3551448237574,11871.433550939433,50000.0,0.009999999776482582,0.5681350231170654,1.0
443,103.59905113381564,2535.8261167479845,8943.000318095143,50000.0,0.009999999776482582,0.5984307527542114,1.0
444,104.52393143958503,1831.1720091314478,11862.154943453126,50000.0,0.009999999776482582,0.7092130184173584,1.0
445,106.80790667517749,1797.5578197349296,7440.012380124877,50000.0,0.009999999776482582,0.5759045481681824,1.0
446,104.77895463268969,1808.157268503081,11979.20785599336,50000.0,0.009999999776482582,0.5346904397010803,1.0
447,104.8276593176485,1759.5310108261713,11962.076115190152,50000.0,0.009999999776482582,0.533717691898346,1.0
448,107.10571042307538,1701.6039969608726,7350.869861988154,50000.0,0.009999999776482582,0.4886096119880676,1.0
449,108.38018771214446,8.10358701533313e-16,inf,50000.0,0.009999999776482582,0.42473483085632324,1.0
450,106.81028300898754,1162.8389695077767,11892.155684396183,50000.0,0.009999999776482582,0.477620005607605,1.0
451,104.4840406028385,2507.227092657913,7782.802774056948,50000.0,0.009999999776482582,0.6047524809837341,1.0
452,106.73737531671946,1166.6979799086232,11792.168225262325,50000.0,0.009999999776482582,0.565577507019043,1.0
453,108.32697351269451,247.51624273696217,9289.676415778606,50000.0,0.009999999776482582,0.599577784538269,1.0
454,103.88373786357045,2263.4311446071106,8851.436063738005,50000.0,0.009999999776482582,0.6836159229278564,1.0
455,106.75400713885936,1172.7025818287373,11787.099426367855,50000.0,0.009999999776482582,0.5648453235626221,1.0
456,106.96046502825745,1138.513505299885,11867.322320992576,50000.0,0.009999999776482582,0.47623348236083984,1.0
457,107.53765888687565,1499.8539888688333,7194.518659439659,50000.0,0.009999999776482582,0.4853487014770508,1.0
458,107.59794758305023,1497.6795499183713,7194.879657840528,50000.0,0.009999999776482582,0.4844849109649658,1.0
459,107.18111073690764,1090.7789307328048,11810.157896430106,50000.0,0.009999999776482582,0.4741658568382263,1.0
460,108.91787742664243,7.708870285215448e-17,inf,50000.0,0.009999999776482582,0.41805917024612427,1.0
461,105.5410229513018,1502.5344826292878,11685.703098746257,50000.0,0.009999999776482582,0.7098939418792725,1.0
462,106.04717889499588,1738.2166301690027,8127.386490339212,50000.0,0.009999999776482582,0.6281492710113525,1.0
463,107.83380766754402,1392.1809087034735,7108.95262701094,50000.0,0.009999999776482582,0.48283058404922485,1.0
464,105.73284390382128,1479.8031374954448,11755.340969371246,50000.0,0.009999999776482582,0.527457594871521,1.0
465,105.77920049494996,1444.8821627417644,11740.466832111351,50000.0,0.009999999776482582,0.5265019536018372,1.0
466,106.20369787437525,1664.7159673917395,8061.650588413098,50000.0,0.009999999776482582,0.6275467872619629,1.0
467,107.99066476034906,1338.8066383308844,7058.636814798985,50000.0,0.009999999776482582,0.48165544867515564,1.0
468,107.56368314577371,995.4622352472296,11715.856689466746,50000.0,0.009999999776482582,0.4701695442199707,1.0
469,108.02676661840044,1299.0477738671298,7032.201467160363,50000.0,0.009999999776482582,0.5720623135566711,1.0
470,109.208868548575,122.28140070409682,9095.67583114915,50000.0,0.009999999776482582,0.5056425929069519,1.0
471,107.55177048722936,996.9748786668553,11559.282086866571,50000.0,0.009999999776482582,0.6529481410980225,1.0
472,107.64674738342038,989.7638137398358,11614.126583279902,50000.0,0.009999999776482582,0.5605390071868896,1.0
473,105.44649656172585,1959.0695687281575,7583.971541044732,50000.0,0.009999999776482582,0.6017759442329407,1.0
474,107.65273804927826,992.0065565144579,11615.015291981856,50000.0,0.009999999776482582,0.5602937340736389,1.0
475,108.06078749165025,1233.205048447137,6991.220529070633,50000.0,0.009999999776482582,0.6627873182296753,1.0
476,105.96218881663088,1421.6923757806153,11644.21076782507,50000.0,0.009999999776482582,0.6152889132499695,1.0
477,105.22436787551754,1988.564107443353,7618.769401369378,50000.0,0.009999999776482582,0.6918598413467407,1.0
478,106.00939525207149,1432.8120330261142,11698.586060116724,50000.0,0.009999999776482582,0.523388683795929,1.0
479,108.30834643979397,1246.7879341644198,6984.698797804089,50000.0,0.009999999776482582,0.47975704073905945,1.0
480,106.47290769558975,1594.5882400062667,8070.851415372397,50000.0,0.009999999776482582,0.6251000761985779,1.0
481,108.17982436810374,1265.7452076428033,7012.677625968763,50000.0,0.009999999776482582,0.570338249206543,1.0
482,106.63989189587981,1614.4063660627653,8073.057681911898,50000.0,0.009999999776482582,0.5332802534103394,1.0
483,107.16454540819466,1805.8535784602764,7017.354148641565,50000.0,0.009999999776482582,0.5438482761383057,1.0
484,105.99725712725211,1431.749537445166,11637.225678109093,50000.0,0.009999999776482582,0.6139050722122192,1.0
485,107.9299685622145,991.0224929385512,11664.489820636752,50000.0,0.009999999776482582,0.4668571650981903,1.0
486,105.50844698669472,2029.9983996023388,7587.381450058305,50000.0,0.009999999776482582,0.5976888537406921,1.0
487,109.34787989328107,168.96364816646687,9064.250561045206,50000.0,0.009999999776482582,0.5962204933166504,1.0
488,109.38480259842164,171.28291061826636,9090.498279286654,50000.0,0.009999999776482582,0.5955339670181274,1.0
489,108.17590843074873,1255.339482347596,7021.519897947874,50000.0,0.009999999776482582,0.6605729460716248,1.0
490,106.28274113857843,1434.0273520508986,11651.270433712367,50000.0,0.009999999776482582,0.5212007761001587,1.0
491,108.60349482108543,1230.8048715483044,6983.437610295751,50000.0,0.009999999776482582,0.4768943786621094,1.0
492,105.12107603167709,1860.0777962692505,8740.359194335171,50000.0,0.009999999776482582,0.5859836935997009,1.0
493,107.38436021300795,1764.4092258871265,6998.228471477972,50000.0,0.009999999776482582,0.5417320728302002,1.0
494,109.51250900834025,166.95685529276793,9072.827410977627,50000.0,0.009999999776482582,0.5949288010597229,1.0
495,109.3440931801851,208.00078486999053,9099.635015863576,50000.0,0.009999999776482582,0.6864956617355347,1.0
496,107.99421352414669,1026.6348153642411,11570.89520822847,50000.0,0.009999999776482582,0.5567467212677002,1.0
497,109.80824515598822,124.70388312119361,9155.351290907094,50000.0,0.009999999776482582,0.5015403628349304,1.0
498,108.12758074268226,1007.4599036504228,11543.056820008356,50000.0,0.009999999776482582,0.5561231374740601,1.0
499,108.66791066515628,1137.6298788412907,6922.755911160899,50000.0,0.009999999776482582,0.5668601393699646,1.0
500,108.9080062634087,1140.85426922394,6918.059717428913,50000.0,0.009999999776482582,0.47473466396331787,1.0
501,107.84863063785042,1026.5828111859555,11430.267890854166,50000.0,0.009999999776482582,0.7401764392852783,1.0
502,108.70980016023437,1129.7623344963479,6923.812384981316,50000.0,0.009999999776482582,0.5661510229110718,1.0
503,109.78159559266378,179.82609008974603,9210.415659053835,50000.0,0.009999999776482582,0.5910655856132507,1.0
504,108.52050482351895,1019.4316155823661,11578.116030291656,50000.0,0.009999999776482582,0.46392539143562317,1.0
505,110.36160388120692,7.77593893280661e-19,inf,50000.0,0.009999999776482582,0.40711522102355957,1.0
506,107.5314525072617,1455.6787231077055,6835.190932103247,50000.0,0.009999999776482582,0.7246611714363098,1.0
507,108.64966214855717,1009.7636726629661,11549.335124249834,50000.0,0.009999999776482582,0.4629203975200653,1.0
508,104.91159811568058,1736.174236920141,11511.114491477229,50000.0,0.009999999776482582,0.6673464179039001,1.0
509,108.96196455345108,1039.0262755834774,6842.1148281147425,50000.0,0.009999999776482582,0.5650043487548828,1.0
510,108.98148270314333,1046.513415698057,6852.164883633371,50000.0,0.009999999776482582,0.5646755695343018,1.0
511,109.00082867263882,1053.9943066629735,6862.254840759245,50000.0,0.009999999776482582,0.5643472671508789,1.0
512,109.02036775198253,1061.4651938731818,6872.422636686187,50000.0,0.009999999776482582,0.5640193223953247,1.0
513,107.97657677351683,1505.0695254371287,6865.373721782485,50000.0,0.009999999776482582,0.5385755300521851,1.0
514,109.28209035592756,1107.926074613434,6909.206756976659,50000.0,0.009999999776482582,0.4712437391281128,1.0
515,107.07762224767075,1439.5372577877406,11512.157135945978,50000.0,0.009999999776482582,0.5182090401649475,1.0
516,108.08381692322402,1529.137932209027,6882.198462225671,50000.0,0.009999999776482582,0.5370548963546753,1.0
517,108.6871727202285,1019.130016163072,11458.796973047669,50000.0,0.009999999776482582,0.5532715320587158,1.0
518,107.41304026649786,1493.052182716635,8221.31834367905,50000.0,0.009999999776482582,0.6197332143783569,1.0
519,107.1466883536772,1425.7118191478435,11496.106478111391,50000.0,0.009999999776482582,0.5168365240097046,1.0
520,108.993643688844,985.5704149318434,11481.281764850297,50000.0,0.009999999776482582,0.45923081040382385,1.0
521,108.83710014439079,977.9458640741689,11421.83194900562,50000.0,0.009999999776482582,0.5520926713943481,1.0
522,108.8770027272112,970.4078736309289,11412.719900502105,50000.0,0.009999999776482582,0.5517705678939819,1.0
523,108.68068351984952,975.3973753924647,11369.372240340037,50000.0,0.009999999776482582,0.6451758742332458,1.0
524,108.65744115157491,981.1939621140931,11370.043215800888,50000.0,0.009999999776482582,0.6444326639175415,1.0
525,110.70570539666309,106.37343131917586,9159.64114564713,50000.0,0.009999999776482582,0.4946795701980591,1.0
526,110.7775377050952,103.65837017604426,9159.403220427685,50000.0,0.009999999776482582,0.4940008223056793,1.0
527,106.19835072446286,1618.438719519955,9084.176998656003,50000.0,0.009999999776482582,0.5823377966880798,1.0
528,111.09522603268343,4.4981494051127335e-20,inf,50000.0,0.009999999776482582,0.4002794623374939,1.0
529,108.13845807999886,1274.4395748464349,8266.460975530414,50000.0,0.009999999776482582,0.524513304233551,1.0
530,107.41457929926109,1315.2588904165934,11359.646367253017,50000.0,0.009999999776482582,0.6068524122238159,1.0
531,109.2027524201963,923.0811820788858,11341.276805826677,50000.0,0.009999999776482582,0.5493326187133789,1.0
532,111.02301303540798,90.0864794633031,9083.709223152187,50000.0,0.009999999776482582,0.49239203333854675,1.0
533,108.05395919294804,1224.2963142408973,8314.294220937027,50000.0,0.009999999776482582,0.6179940104484558,1.0
534,108.78871135571241,1171.1749160057825,6617.433673625032,50000.0,0.009999999776482582,0.5357710719108582,1.0
535,108.81443697223,950.8443144559072,11268.507112187592,50000.0,0.009999999776482582,0.7375534176826477,1.0
536,109.77140228474477,855.6071962111866,6663.577641757669,50000.0,0.009999999776482582,0.5604691505432129,1.0
537,107.95306153953088,1286.096473405852,8353.577956576435,50000.0,0.009999999776482582,0.6168903112411499,1.0
538,109.7670092868698,876.2017923976192,6687.908986895595,50000.0,0.009999999776482582,0.5600377917289734,1.0
539,109.4957531849385,887.5718148036477,6717.0207727251645,50000.0,0.009999999776482582,0.6530040502548218,1.0
540,110.7932252799823,151.56075791447924,9217.938961568341,50000.0,0.009999999776482582,0.5843798518180847,1.0
541,109.59688455347529,982.664525371237,11380.892718734789,50000.0,0.009999999776482582,0.4554350674152374,1.0
542,109.670244506058,963.4060319827885,11358.340833237306,50000.0,0.009999999776482582,0.45460012555122375,1.0
543,110.99777871008479,137.09999870928232,9182.131074866147,50000.0,0.009999999776482582,0.5836136341094971,1.0
544,107.6511922324507,1379.073032902832,6595.581736052413,50000.0,0.009999999776482582,0.6034529805183411,1.0
545,109.73872438934433,975.2380917033821,11348.680111739975,50000.0,0.009999999776482582,0.4540487229824066,1.0
546,108.47932060667583,1276.32902070347,8393.00652785304,50000.0,0.009999999776482582,0.5219730138778687,1.0
547,109.00954675148817,1198.5784536817253,6651.1476588645055,50000.0,0.009999999776482582,0.5326526761054993,1.0
548,109.55546440765234,974.8591584426717,11294.400131113196,50000.0,0.009999999776482582,0.5470453500747681,1.0
549,107.74463245581386,1369.041896656258,11299.848735459154,50000.0,0.009999999776482582,0.6045828461647034,1.0
550,106.87457357633934,1538.6313619864743,7737.215216176828,50000.0,0.009999999776482582,0.6837485432624817,1.0
551,111.68442777649814,5.877483283586815e-21,inf,50000.0,0.009999999776482582,0.3957289755344391,1.0
552,111.76001764575442,3.2634135647473426e-21,inf,50000.0,0.009999999776482582,0.39411482214927673,1.0
553,111.83372047850061,1.749410053212402e-21,inf,50000.0,0.009999999776482582,0.3925023376941681,1.0
554,110.1394166400672,806.4312977223423,6630.4898481678365,50000.0,0.009999999776482582,0.6524729132652283,1.0
555,111.39379780988567,117.09416791164273,9101.394183167733,50000.0,0.009999999776482582,0.5821516513824463,1.0
556,111.69180722494724,84.5512096006873,9133.725220489838,50000.0,0.009999999776482582,0.48635539412498474,1.0
557,110.23310780837004,945.5142503674481,11239.468815854398,50000.0,0.009999999776482582,0.4496919810771942,1.0
558,111.82592059131295,77.43171260110005,9099.015813620657,50000.0,0.009999999776482582,0.4851720929145813,1.0
559,110.13270083430156,938.1308018830657,11185.889044028143,50000.0,0.009999999776482582,0.5444227457046509,1.0
560,110.40664750646194,923.0395963112725,11197.078891594048,50000.0,0.009999999776482582,0.4480727016925812,1.0
561,110.5398686694351,690.4368461294595,6504.8171907399765,50000.0,0.009999999776482582,0.6517597436904907,1.0
562,109.19341912395201,1164.652917364305,8571.885919826898,50000.0,0.009999999776482582,0.5189087390899658,1.0
563,111.53744876733789,126.43768664898589,9086.014919480082,50000.0,0.009999999776482582,0.6762619614601135,1.0
564,110.49442483600872,938.9666328250551,11187.020212511712,50000.0,0.009999999776482582,0.44783076643943787,1.0
565,110.31468040763303,936.539008780439,11152.981796945369,50000.0,0.009999999776482582,0.5430670976638794,1.0
566,111.11684755470804,653.8700377450485,6435.2953145129695,50000.0,0.009999999776482582,0.4583743214607239,1.0
567,112.39666816890553,0.0,inf,50000.0,0.009999999776482582,0.3856552243232727,1.0
568,110.53375944023149,909.1664469818703,11122.414618968143,50000.0,0.009999999776482582,0.542385995388031,1.0
569,108.09304256740609,1263.3975642441794,7942.556690198134,50000.0,0.009999999776482582,0.6874725222587585,1.0
570,110.76818772645625,658.6309596265443,6470.451491971173,50000.0,0.009999999776482582,0.6503936052322388,1.0
571,110.47493694203645,672.1639585350395,6507.753561906219,50000.0,0.009999999776482582,0.7459630966186523,1.0
572,111.92232587517992,116.3220604709463,9210.15129866027,50000.0,0.009999999776482582,0.5772367119789124,1.0
573,110.42917362445549,985.0521560163163,11138.735429184757,50000.0,0.009999999776482582,0.54192715883255,1.0
574,111.99261046747624,119.27748509056,9249.28477674833,50000.0,0.009999999776482582,0.5763323903083801,1.0
575,108.65148883876643,1396.5687730282589,11135.84795350116,50000.0,0.009999999776482582,0.6019514799118042,1.0
576,111.33419137332623,618.397966555639,6395.931237775257,50000.0,0.009999999776482582,0.4579516351222992,1.0
577,110.85225050215391,967.9569052974199,11132.414504932785,50000.0,0.009999999776482582,0.4458006024360657,1.0
578,110.63457245377136,963.485120943702,11102.296637000669,50000.0,0.009999999776482582,0.5406098961830139,1.0
579,109.6605459544891,1119.690989049054,8885.550079434664,50000.0,0.009999999776482582,0.5171034932136536,1.0
580,110.211142643428,840.8222292186089,6363.404625599797,50000.0,0.009999999776482582,0.5284900069236755,1.0
581,109.38947731765336,1149.7479970650045,8823.164641703315,50000.0,0.009999999776482582,0.6124531626701355,1.0
582,107.78288888287119,1507.5060182644404,9571.850327725222,50000.0,0.009999999776482582,0.5767301321029663,1.0
583,112.48188521162528,75.30354757307708,9169.436587281716,50000.0,0.009999999776482582,0.47987106442451477,1.0
584,109.70459664043592,1138.542050111129,8779.375171649212,50000.0,0.009999999776482582,0.515566349029541,1.0
585,112.56377444984284,71.48961586333398,9144.40097076681,50000.0,0.009999999776482582,0.4791027903556824,1.0
586,112.90074794255574,0.0,inf,50000.0,0.009999999776482582,0.38170045614242554,1.0
587,111.45634540440119,592.7805310388861,6377.288732223446,50000.0,0.009999999776482582,0.5505908131599426,1.0
588,108.63769628307355,1262.7128167724613,8037.569122057252,50000.0,0.009999999776482582,0.5875735282897949,1.0
589,112.70470295442328,65.78988401025244,9104.132770812359,50000.0,0.009999999776482582,0.4775739312171936,1.0
590,108.66428372585106,1277.9298188227792,8015.681260391484,50000.0,0.009999999776482582,0.5869547724723816,1.0
591,111.71850649882383,642.8611011326011,6431.138923983664,50000.0,0.009999999776482582,0.45186126232147217,1.0
592,111.51084946884824,647.1108067347513,6450.384899449259,50000.0,0.009999999776482582,0.5493068099021912,1.0
593,112.5547729938252,88.799385610422,9073.672838380573,50000.0,0.009999999776482582,0.5747118592262268,1.0
594,108.71162427650988,1320.5209271960061,8014.866791152668,50000.0,0.009999999776482582,0.5859843492507935,1.0
595,109.48312577551049,1362.0855339503369,11077.562717447543,50000.0,0.009999999776482582,0.5029557943344116,1.0
596,112.58935584172569,87.80828542948483,9061.74496554787,50000.0,0.009999999776482582,0.574575662612915,1.0
597,108.72742537454609,1318.4397083590595,7998.867348133269,50000.0,0.009999999776482582,0.5851984620094299,1.0
598,111.5495753956936,672.7854611451937,6485.021112105545,50000.0,0.009999999776482582,0.5482736229896545,1.0
599,108.17272445236554,1536.2246622708428,9462.460597318073,50000.0,0.009999999776482582,0.5742492079734802,1.0
600,110.00049062769794,1184.979885579217,8641.991422753317,50000.0,0.009999999776482582,0.5115848183631897,1.0
601,113.17282646791467,0.0,inf,50000.0,0.009999999776482582,0.3775947093963623,1.0
602,110.92801664134431,951.1090650016391,11036.450567260175,50000.0,0.009999999776482582,0.6366844773292542,1.0
603,111.67537346797312,660.9667130455554,6467.9674663352325,50000.0,0.009999999776482582,0.5475807189941406,1.0
604,111.19958444376759,960.1506247702448,11044.806136481036,50000.0,0.009999999776482582,0.5371842980384827,1.0
605,107.46785719823583,1482.7243891612907,7601.955494309604,50000.0,0.009999999776482582,0.6557765007019043,1.0
606,110.25519714635483,1007.3650723784183,6530.247463570021,50000.0,0.009999999776482582,0.6186038255691528,1.0
607,111.89003579115013,748.3748139719607,6571.753980170821,50000.0,0.009999999776482582,0.4483086168766022,1.0
608,109.61230863651566,1400.9252156857297,11067.777958790963,50000.0,0.009999999776482582,0.500697135925293,1.0
609,109.33895367469503,1378.407493034661,11056.367224739817,50000.0,0.009999999776482582,0.5988471508026123,1.0
610,111.51077559167685,954.7479373401019,11061.03371924066,50000.0,0.009999999776482582,0.43762874603271484,1.0
611,112.80494804270299,80.75175729431304,8984.632586485677,50000.0,0.009999999776482582,0.5739002227783203,1.0
612,110.72932284962383,967.3732791965367,6488.267624692733,50000.0,0.009999999776482582,0.519231915473938,1.0
613,110.23153122370772,1197.8379061552725,8574.86519338331,50000.0,0.009999999776482582,0.5085364580154419,1.0
614,111.32394825139092,958.2285169101831,11035.97096062054,50000.0,0.009999999776482582,0.5359571576118469,1.0
615,111.83595210354875,705.9148681914902,6523.530741173643,50000.0,0.009999999776482582,0.5456637144088745,1.0
616,112.3032032350445,114.11782060248,8991.56345185852,50000.0,0.009999999776482582,0.7723156213760376,1.0
617,110.25329275844175,1221.2338805912623,8688.377395988302,50000.0,0.009999999776482582,0.5086163878440857,1.0
618,110.75454391716237,1004.3554515917476,6527.95661277907,50000.0,0.009999999776482582,0.517935574054718,1.0
619,112.15122006141304,741.371228229995,6568.71043868112,50000.0,0.009999999776482582,0.4457268714904785,1.0
620,111.40515893087985,1004.7129831300941,11030.031204362827,50000.0,0.009999999776482582,0.5353536605834961,1.0
621,113.6153082086195,0.0,inf,50000.0,0.009999999776482582,0.3731992244720459,1.0
622,111.55069945231716,981.4883183215044,11010.469988269786,50000.0,0.009999999776482582,0.5347738862037659,1.0
623,110.50861879577766,1189.5596078660888,8659.688848165002,50000.0,0.009999999776482582,0.5068241357803345,1.0
624,113.13699410528666,75.30774087703406,8973.369318688508,50000.0,0.009999999776482582,0.5717214941978455,1.0
625,111.63320369969313,980.3072191349162,10999.094976145889,50000.0,0.009999999776482582,0.5341155529022217,1.0
626,109.2019135384317,1352.767473023484,7987.255222283106,50000.0,0.009999999776482582,0.5792301893234253,1.0
627,113.47978618611502,54.855705055264565,8998.26927122059,50000.0,0.009999999776482582,0.4710213243961334,1.0
628,111.87202283063398,675.6169755902678,6507.564014959538,50000.0,0.009999999776482582,0.6433995366096497,1.0
629,110.1200596286194,1409.218344663935,11005.318102648214,50000.0,0.009999999776482582,0.4969688057899475,1.0
630,112.51074844163027,670.2168022190925,6483.472849135581,50000.0,0.009999999776482582,0.44275203347206116,1.0
631,112.24222849114484,673.6241344176403,6497.911862129569,50000.0,0.009999999776482582,0.5425556898117065,1.0
632,113.6257038820612,52.86358829760357,8993.685425963049,50000.0,0.009999999776482582,0.4695507287979126,1.0
633,113.97594437067255,0.0,inf,50000.0,0.009999999776482582,0.3680972456932068,1.0
634,110.88972121154876,1165.2447209895204,8764.939737933082,50000.0,0.009999999776482582,0.5047918558120728,1.0
635,111.10578126649315,912.4514991177722,6464.610561246154,50000.0,0.009999999776482582,0.6152646541595459,1.0
636,112.12225990562744,677.9325139292185,6518.948385120946,50000.0,0.009999999776482582,0.6427966356277466,1.0
637,112.67695398335941,688.3739168791292,6523.489800110978,50000.0,0.009999999776482582,0.4398735463619232,1.0
638,112.42845089729312,691.765948492145,6536.955813231322,50000.0,0.009999999776482582,0.5406118631362915,1.0
639,111.99344047068834,1031.406508796929,10963.336521702116,50000.0,0.009999999776482582,0.5325167775154114,1.0
640,110.47306248616192,1439.2144431378247,10964.726927711943,50000.0,0.009999999776482582,0.49576643109321594,1.0
641,109.10415263855192,1565.3179895702083,9491.64299880203,50000.0,0.009999999776482582,0.5681917667388916,1.0
642,110.34200735601472,1211.7339550494808,8744.21182378345,50000.0,0.009999999776482582,0.7066830396652222,1.0
643,111.64937266803932,1018.2564141622775,10953.45425060319,50000.0,0.009999999776482582,0.6327351927757263,1.0
644,111.35154059811894,964.5245470193169,6510.631515663334,50000.0,0.009999999776482582,0.5122418403625488,1.0
645,112.77065003512581,712.049371668781,6551.478051849268,50000.0,0.009999999776482582,0.43901893496513367,1.0
646,109.79673038714895,1467.051859241708,10957.802726446092,50000.0,0.009999999776482582,0.6969987154006958,1.0
647,112.44635141474981,707.5695378243357,6551.237925776389,50000.0,0.009999999776482582,0.5397979617118835,1.0
648,110.06763116871429,1471.5763466958601,10966.299812558897,50000.0,0.009999999776482582,0.5945994853973389,1.0
649,112.4626273945741,702.893260376778,6544.144179279314,50000.0,0.009999999776482582,0.5396377444267273,1.0
650,112.84735514202578,709.2087961548626,6548.158852874522,50000.0,0.009999999776482582,0.438842236995697,1.0
651,113.9720469195887,53.73061292119081,9017.043193514217,50000.0,0.009999999776482582,0.4667498469352722,1.0
652,110.32362252555637,1259.955241370077,8825.021423124386,50000.0,0.009999999776482582,0.7040649056434631,1.0
653,109.46242096944073,1457.9110915786646,8078.498438930755,50000.0,0.009999999776482582,0.5739409327507019,1.0
654,108.93531719794973,1676.0516692514452,9467.032399333844,50000.0,0.009999999776482582,0.5647938251495361,1.0
655,110.49931059581597,1298.9732344459326,8703.244267116574,50000.0,0.009999999776482582,0.6015205383300781,1.0
656,112.86430828817346,766.4341292059268,6619.557397786025,50000.0,0.009999999776482582,0.4380778670310974,1.0
657,110.48578436743392,1483.9151732257815,10967.510280621149,50000.0,0.009999999776482582,0.4921598434448242,1.0
658,112.09462392070539,1030.9427945519592,10951.782644353032,50000.0,0.009999999776482582,0.5295237898826599,1.0
659,111.46343797237046,1043.0524693633267,6582.002166095754,50000.0,0.009999999776482582,0.5088352560997009,1.0
660,112.52648225551718,1026.7472187917324,10955.238735327348,50000.0,0.009999999776482582,0.4279284179210663,1.0
661,114.12865716752896,48.63765514010237,8929.802760051769,50000.0,0.009999999776482582,0.46581166982650757,1.0
662,113.0815278200013,727.5233671563873,6574.042196288784,50000.0,0.009999999776482582,0.43537622690200806,1.0
663,111.96039721088911,1025.559010744238,10917.135672996972,50000.0,0.009999999776482582,0.6313436031341553,1.0
664,113.13308411981177,718.2262486876181,6564.808198589217,50000.0,0.009999999776482582,0.43503281474113464,1.0
665,112.44852733780182,720.9910733656207,6580.606954741775,50000.0,0.009999999776482582,0.6394044160842896,1.0
666,113.89704306478886,69.36079540639825,8965.451205602947,50000.0,0.009999999776482582,0.5663127899169922,1.0
667,110.79848882576833,1490.737711244652,10930.529125465539,50000.0,0.009999999776482582,0.4905957579612732,1.0
668,109.3754601116749,1441.3998334569135,8063.5417657322505,50000.0,0.009999999776482582,0.6730552911758423,1.0
669,112.33579080117043,1054.008943256001,10925.869404797026,50000.0,0.009999999776482582,0.5278465151786804,1.0
670,111.2396609377351,1269.909050264105,8726.149750109755,50000.0,0.009999999776482582,0.4980364739894867,1.0
671,113.23271884249868,730.9961342954244,6583.595784358706,50000.0,0.009999999776482582,0.43417710065841675,1.0
672,113.99370893873866,66.93151562421781,8942.1187008967,50000.0,0.009999999776482582,0.5658700466156006,1.0
673,112.91027193261783,717.326107181981,6578.609196247152,50000.0,0.009999999776482582,0.5355222821235657,1.0
674,112.48123188651314,1067.3994294716547,10914.736060322568,50000.0,0.009999999776482582,0.527092456817627,1.0
675,114.85631000785857,0.0,inf,50000.0,0.009999999776482582,0.3605521321296692,1.0
676,113.06002030748775,688.8213175574654,6544.550712823724,50000.0,0.009999999776482582,0.5348953008651733,1.0
677,114.91718007507899,0.0,inf,50000.0,0.009999999776482582,0.35872626304626465,1.0
678,111.60334167958695,1250.2107694136423,8831.54100518055,50000.0,0.009999999776482582,0.49646395444869995,1.0
679,113.18384817995961,685.4530998549634,6540.835214206185,50000.0,0.009999999776482582,0.5342069864273071,1.0
680,111.62616736876011,1264.7084237211043,8815.355622671656,50000.0,0.009999999776482582,0.4959507882595062,1.0
681,112.07186792930378,992.3773949540262,6560.928359083677,50000.0,0.009999999776482582,0.503361165523529,1.0
682,113.52906623261391,732.3782821592187,6602.467009243338,50000.0,0.009999999776482582,0.4291105568408966,1.0
683,113.1496131805718,1060.6717197531216,10899.593410795034,50000.0,0.009999999776482582,0.4212552309036255,1.0
684,111.43325622020751,1280.8071255976731,8762.115913815514,50000.0,0.009999999776482582,0.5996937155723572,1.0
685,111.8120509620799,1032.643351362982,6601.946105568829,50000.0,0.009999999776482582,0.6066036820411682,1.0
686,114.71870902611994,38.272032075436954,8841.692513483853,50000.0,0.009999999776482582,0.4594161808490753,1.0
687,109.40424712161136,1873.133644881983,10898.534132377163,50000.0,0.009999999776482582,0.5540499091148376,1.0
688,110.30975219183107,1270.7219549408874,6605.336894693431,50000.0,0.009999999776482582,0.6797688603401184,1.0
689,110.90350694080524,1358.1226447570566,8723.635244921856,50000.0,0.009999999776482582,0.7026987075805664,1.0
690,114.70586056009746,43.62648677837845,8901.564836672174,50000.0,0.009999999776482582,0.46008577942848206,1.0
691,115.13065045483812,0.0,inf,50000.0,0.009999999776482582,0.35534921288490295,1.0
692,113.67021198985415,766.8891061730469,6655.872091068153,50000.0,0.009999999776482582,0.426822692155838,1.0
693,109.85682584031572,1737.698667275424,9457.818544458518,50000.0,0.009999999776482582,0.5595419406890869,1.0
694,111.42128829446791,1341.7721174663147,8710.021226440691,50000.0,0.009999999776482582,0.5976905226707458,1.0
695,112.93398050866055,1087.0642154652421,10887.103099305126,50000.0,0.009999999776482582,0.5245428085327148,1.0
696,114.52227105196341,52.67319851107433,8820.115443024668,50000.0,0.009999999776482582,0.5634371042251587,1.0
697,112.62042012516788,1106.7646869401235,10879.233161779419,50000.0,0.009999999776482582,0.6288411021232605,1.0
698,113.39397398766104,747.1536486195257,6635.854144813766,50000.0,0.009999999776482582,0.5309763550758362,1.0
699,112.6100092373072,1127.774593707042,10881.399340998765,50000.0,0.009999999776482582,0.6279760599136353,1.0
700,115.36075918608958,0.0,inf,50000.0,0.009999999776482582,0.35402727127075195,1.0
701,109.92780895493853,1733.5418445467405,9564.492811789905,50000.0,0.009999999776482582,0.5583730936050415,1.0
702,113.0721681069535,1096.2604394737707,10869.814612200304,50000.0,0.009999999776482582,0.5229647755622864,1.0
703,110.35220771162764,1493.851223694685,8124.639673054692,50000.0,0.009999999776482582,0.5649822950363159,1.0
704,110.65659290060368,1562.191093270697,10868.586548055368,50000.0,0.009999999776482582,0.692816436290741,1.0
705,111.42890724742577,1528.582306101307,10869.226150692422,50000.0,0.009999999776482582,0.48321178555488586,1.0
706,111.88843458231695,1283.835360422785,8730.391665545812,50000.0,0.009999999776482582,0.49078527092933655,1.0
707,112.3233095146837,1042.2057338583581,6608.949920668933,50000.0,0.009999999776482582,0.49887508153915405,1.0
708,115.48651662155453,0.0,inf,50000.0,0.009999999776482582,0.35271239280700684,1.0
709,112.77376107004012,1067.2250494416412,10841.590379455927,50000.0,0.009999999776482582,0.6272084712982178,1.0
710,113.99219356701491,734.2370306439506,6609.294259331358,50000.0,0.009999999776482582,0.42484772205352783,1.0
711,114.0179704348525,739.7667461202385,6619.096666273378,50000.0,0.009999999776482582,0.4240371882915497,1.0
712,110.48723917792934,1505.7616257082693,8044.96068484157,50000.0,0.009999999776482582,0.5626256465911865,1.0
713,112.03346431846937,1325.1035677120346,8667.874706246579,50000.0,0.009999999776482582,0.4886304438114166,1.0
714,115.20028871314838,37.146818765152695,8757.14037219737,50000.0,0.009999999776482582,0.4557523727416992,1.0
715,115.24804698180638,40.743685151984444,8759.26764749437,50000.0,0.009999999776482582,0.4551284909248352,1.0
716,115.65483683004841,0.0,inf,50000.0,0.009999999776482582,0.34788045287132263,1.0
717,113.85289461932541,731.9015360616058,6622.108697512744,50000.0,0.009999999776482582,0.5280746221542358,1.0
718,110.33078806315768,1700.5641783904343,9459.778561185447,50000.0,0.009999999776482582,0.5549110770225525,1.0
719,115.36623479705466,47.49521794264343,8718.590352277462,50000.0,0.009999999776482582,0.4536958634853363,1.0
720,113.51517878877559,1070.6961201041258,10818.80204211575,50000.0,0.009999999776482582,0.5202130079269409,1.0
721,115.4430655545741,53.28396376731274,8725.706619276163,50000.0,0.009999999776482582,0.4528551995754242,1.0
722,113.67399653084799,705.5571991953256,6597.619759090044,50000.0,0.009999999776482582,0.6351010203361511,1.0
723,113.92595299343358,1085.6081157895549,10826.640274103289,50000.0,0.009999999776482582,0.4124089777469635,1.0
724,113.31071817464475,1090.2533835996355,10799.798149576223,50000.0,0.009999999776482582,0.6270929574966431,1.0
725,111.68527307065122,1535.8381926950558,10812.238492058317,50000.0,0.009999999776482582,0.5862703323364258,1.0
726,115.56502940532589,58.97311186679587,8785.831835567451,50000.0,0.009999999776482582,0.4520207345485687,1.0
727,115.95708128289611,0.0,inf,50000.0,0.009999999776482582,0.344229519367218,1.0
728,113.0289021721473,914.0576446203612,6500.536857231172,50000.0,0.009999999776482582,0.49478879570961,1.0
729,115.34934467602191,98.99072157548532,8745.691408986126,50000.0,0.009999999776482582,0.5585924983024597,1.0
730,113.47899704699294,1109.131524018196,10785.415728998354,50000.0,0.009999999776482582,0.6260139346122742,1.0
731,112.27465414414947,1286.9725140470987,9002.130744825663,50000.0,0.009999999776482582,0.5937002301216125,1.0
732,112.59996431604385,1285.930569030122,8970.917464877306,50000.0,0.009999999776482582,0.48623013496398926,1.0
733,113.02602743318008,939.3396934341853,6534.802662262463,50000.0,0.009999999776482582,0.4939122200012207,1.0
734,116.0653240439762,0.0,inf,50000.0,0.009999999776482582,0.3424760401248932,1.0
735,111.15698800457155,1464.5803597492031,8223.794651735809,50000.0,0.009999999776482582,0.5610049366950989,1.0
736,114.23933564484932,706.8937006812004,6609.2054160912085,50000.0,0.009999999776482582,0.5249423384666443,1.0
737,110.35052566275108,1756.9381929512033,9588.295065206185,50000.0,0.009999999776482582,0.6612471342086792,1.0
738,114.17726237423874,1109.8556069997499,10809.320889675002,50000.0,0.009999999776482582,0.40949952602386475,1.0
739,114.26087762916458,711.156108138545,6612.1917024175245,50000.0,0.009999999776482582,0.5246731638908386,1.0
740,111.92585504397975,1580.5663125102194,10799.76541006336,50000.0,0.009999999776482582,0.5849964022636414,1.0
741,114.24569270183629,1086.603153297059,10795.887188861667,50000.0,0.009999999776482582,0.4085499346256256,1.0
742,111.97922514483619,1524.5612064293434,10781.398887060075,50000.0,0.009999999776482582,0.5839616656303406,1.0
743,108.27993842614616,2106.4850506039106,10779.036393885453,50000.0,0.009999999776482582,0.6086207032203674,1.0
744,112.71293248692814,1210.782647649957,8689.883974265042,50000.0,0.009999999776482582,0.4826657474040985,1.0
745,114.30928725134525,989.2125111955354,10751.498177395246,50000.0,0.009999999776482582,0.4068964123725891,1.0
746,114.01249849952316,671.9277024411131,6539.042557264998,50000.0,0.009999999776482582,0.6340011954307556,1.0
747,113.55862058130083,1019.9487498994314,10728.768888886862,50000.0,0.009999999776482582,0.6235904693603516,1.0
748,114.36335773715562,1004.3604752173503,10749.41466258911,50000.0,0.009999999776482582,0.40685224533081055,1.0
749,112.82329314996606,1187.9046032645047,8705.61550060331,50000.0,0.009999999776482582,0.48184213042259216,1.0
750,114.02354743043158,987.8978539294969,10723.658086704027,50000.0,0.009999999776482582,0.514394998550415,1.0
751,114.4702271635929,650.8680641212371,6500.916193796395,50000.0,0.009999999776482582,0.5244095921516418,1.0
752,116.04288527247256,69.52001579304932,8690.782938842287,50000.0,0.009999999776482582,0.4482395052909851,1.0
753,114.50304728684584,989.229304042463,10735.634050950146,50000.0,0.009999999776482582,0.40492385625839233,1.0
754,116.12589826439982,78.79078950245459,8668.910848842812,50000.0,0.009999999776482582,0.44713351130485535,1.0
755,114.23200492705936,986.0267104092256,10705.564253285962,50000.0,0.009999999776482582,0.5133070349693298,1.0
756,114.61723905356715,967.2347856812357,10721.320443189212,50000.0,0.009999999776482582,0.40340912342071533,1.0
757,114.65954917710862,948.2451665882713,10712.292316138577,50000.0,0.009999999776482582,0.4026039242744446,1.0
758,112.77476386019289,1316.7966099051212,10703.946449574152,50000.0,0.009999999776482582,0.4688875079154968,1.0
759,114.4036861233527,915.0327930210478,10658.460691969609,50000.0,0.009999999776482582,0.5120602250099182,1.0
760,111.76266632135453,1200.1095133565252,8018.40706451601,50000.0,0.009999999776482582,0.5579096078872681,1.0
761,115.97846155070643,126.77247169473135,8590.988734207716,50000.0,0.009999999776482582,0.5562653541564941,1.0
762,112.46419763030009,1313.229373042977,10674.935688238693,50000.0,0.009999999776482582,0.5782517790794373,1.0
763,112.8885468373393,1077.3905711162142,8737.40686833895,50000.0,0.009999999776482582,0.5893518924713135,1.0
764,110.82763067832653,1426.5983133680832,9411.066753080204,50000.0,0.009999999776482582,0.6547496914863586,1.0
765,116.74067636708014,0.0,inf,50000.0,0.009999999776482582,0.33632972836494446,1.0
766,116.02848079756163,125.86551858119292,8620.71464223326,50000.0,0.009999999776482582,0.5554104447364807,1.0
767,115.68043092863745,161.81899095837326,8656.873353237517,50000.0,0.009999999776482582,0.6647739410400391,1.0
768,114.90220852679003,552.5248934321461,6375.058794616578,50000.0,0.009999999776482582,0.5225370526313782,1.0
769,114.45947600817365,967.0953299486212,10659.098928040537,50000.0,0.009999999776482582,0.5102826952934265,1.0
770,115.3379635393085,541.3044317846163,6325.529693536778,50000.0,0.009999999776482582,0.4130506217479706,1.0
771,114.91230730864237,950.3236174094883,10683.171457096962,50000.0,0.009999999776482582,0.40029922127723694,1.0
772,112.58699649900889,1336.340284933814,10657.464753615293,50000.0,0.009999999776482582,0.5760879516601562,1.0
773,112.56577176041655,1313.331954413074,10646.043949733792,50000.0,0.009999999776482582,0.5751838684082031,1.0
774,114.97987892797454,900.3642517838198,10650.399989365229,50000.0,0.009999999776482582,0.3992766737937927,1.0
775,111.44483149650797,1358.6777397007038,9481.062920337952,50000.0,0.009999999776482582,0.5429757237434387,1.0
776,112.59072968123846,1242.9146663205097,10614.06452947781,50000.0,0.009999999776482582,0.5735328793525696,1.0
777,113.4603713621869,999.0630828423768,8704.338994646723,50000.0,0.009999999776482582,0.4768310487270355,1.0
778,115.49738005084495,517.181717065701,6262.5056293313,50000.0,0.009999999776482582,0.41191720962524414,1.0
779,113.50548225415615,1001.1267558895909,8662.687011272374,50000.0,0.009999999776482582,0.47605523467063904,1.0
780,113.96883757564115,747.1371597399977,6284.714280494992,50000.0,0.009999999776482582,0.4895191490650177,1.0
781,116.65623428826109,96.9979588186077,8586.327794335875,50000.0,0.009999999776482582,0.442826509475708,1.0
782,116.69349801335918,103.70041535755504,8596.167429757817,50000.0,0.009999999776482582,0.44220972061157227,1.0
783,117.0850250701099,0.0,inf,50000.0,0.009999999776482582,0.32985928654670715,1.0
784,115.19028025720745,853.8996771787496,10620.795825602701,50000.0,0.009999999776482582,0.39485689997673035,1.0
785,115.22722610377357,836.9855710678792,10611.434618030951,50000.0,0.009999999776482582,0.39405301213264465,1.0
786,113.51293620501585,974.2399069690664,8726.267501788809,50000.0,0.009999999776482582,0.5876187682151794,1.0
787,115.70011109945007,495.13778880579997,6240.810398198712,50000.0,0.009999999776482582,0.4072229266166687,1.0
788,113.82190684440566,972.0676325317405,8684.771616807788,50000.0,0.009999999776482582,0.4735947549343109,1.0
789,113.53542612900056,983.8349603414982,8666.904150991646,50000.0,0.009999999776482582,0.587224006652832,1.0
790,115.2851610417581,825.5100810366279,10599.049190056021,50000.0,0.009999999776482582,0.39264342188835144,1.0
791,114.88876094251094,546.4742980519206,6511.853512481662,50000.0,0.009999999776482582,0.7484694719314575,1.0
792,117.21772847327706,0.0,inf,50000.0,0.009999999776482582,0.3262205123901367,1.0
793,113.58743340936114,997.7423256343034,8737.83501468808,50000.0,0.009999999776482582,0.5867241621017456,1.0
794,115.78209977466877,507.8870067597776,6268.213366591441,50000.0,0.009999999776482582,0.40558019280433655,1.0
795,117.2419655464187,0.0,inf,50000.0,0.009999999776482582,0.32403141260147095,1.0
796,115.57737333089855,516.3046995457386,6380.858922235959,50000.0,0.009999999776482582,0.518713116645813,1.0
797,113.7152473202941,1011.9771350238807,8766.824841321699,50000.0,0.009999999776482582,0.5867868065834045,1.0
798,114.10338099173752,736.0506921854987,6345.646695726706,50000.0,0.009999999776482582,0.5992791652679443,1.0
799,113.91356190325565,1038.4916228724417,8724.59856907654,50000.0,0.009999999776482582,0.47159677743911743,1.0
800,114.03694586163544,779.9488675094277,6390.6954977066425,50000.0,0.009999999776482582,0.598182737827301,1.0
801,113.5578671224276,1087.6586569263588,8707.644102743086,50000.0,0.009999999776482582,0.5853970646858215,1.0
802,114.25425309522514,820.9091792850718,6402.8514326824625,50000.0,0.009999999776482582,0.4827299118041992,1.0
803,111.47017087833429,1597.6438785575467,10631.882763708134,50000.0,0.009999999776482582,0.5271168947219849,1.0
804,116.98495022856935,126.02854037538921,8542.839992297477,50000.0,0.009999999776482582,0.43799102306365967,1.0
805,113.56277324064283,1082.5032797580343,8630.418182853893,50000.0,0.009999999776482582,0.584593653678894,1.0
806,115.82017063904107,594.920171896644,6418.386055616354,50000.0,0.009999999776482582,0.40254849195480347,1.0
807,117.35132826916036,0.0,inf,50000.0,0.009999999776482582,0.3222060799598694,1.0
808,114.37427242342433,821.166358194262,6409.865315076886,50000.0,0.009999999776482582,0.48093488812446594,1.0
809,113.29624362764272,1293.151495309565,10579.245201732203,50000.0,0.009999999776482582,0.5734133124351501,1.0
810,115.2716858954638,627.8498057351125,6575.7738433539025,50000.0,0.009999999776482582,0.6317673921585083,1.0
811,113.66991922321465,878.8237881180879,6523.295477169571,50000.0,0.009999999776482582,0.7103561162948608,1.0
812,112.62082835771125,1110.2493326108784,6504.035295914238,50000.0,0.009999999776482582,0.5585201382637024,1.0
813,113.05206328974586,1402.6053939115354,10617.839051121951,50000.0,0.009999999776482582,0.5725347995758057,1.0
814,113.4008978961539,1197.545808624354,8594.161742766635,50000.0,0.009999999776482582,0.5823090672492981,1.0
815,113.77421755591611,1196.0424480060844,8559.171371643184,50000.0,0.009999999776482582,0.46816956996917725,1.0
816,115.00604679811057,718.5726641397686,6653.947879048526,50000.0,0.009999999776482582,0.6289334893226624,1.0
817,113.75453587030796,1224.6659135460106,8573.815926980185,50000.0,0.009999999776482582,0.4679363965988159,1.0
818,115.81367991533583,721.3370786236777,6612.075243984524,50000.0,0.009999999776482582,0.40078842639923096,1.0
819,117.0823803405671,120.55352556529834,8581.925999237836,50000.0,0.009999999776482582,0.4368594288825989,1.0
820,115.12280916878676,1003.5315572948066,10586.633175058505,50000.0,0.009999999776482582,0.5038352012634277,1.0
821,115.89273119504045,694.5634060246404,6586.246964366661,50000.0,0.009999999776482582,0.39949750900268555,1.0
822,117.15501699556253,136.10320074346956,8591.589539291246,50000.0,0.009999999776482582,0.4355291426181793,1.0
823,109.8987573997118,1855.4280431067955,9649.93684378964,50000.0,0.009999999776482582,0.6033419966697693,1.0
824,113.91789605924565,1191.044629315435,8536.997147381875,50000.0,0.009999999776482582,0.46608874201774597,1.0
825,113.88945129739945,1005.9043067667646,6624.7951148205175,50000.0,0.009999999776482582,0.5915278196334839,1.0
826,115.56989418545348,977.2496095973189,10620.031648701812,50000.0,0.009999999776482582,0.3881038725376129,1.0
827,115.60319119443393,957.1234442955321,10610.273444158474,50000.0,0.009999999776482582,0.3872876763343811,1.0
828,113.99239127301256,1178.6336749699246,8482.246589064098,50000.0,0.009999999776482582,0.46480756998062134,1.0
829,117.59519401730992,0.0,inf,50000.0,0.009999999776482582,0.318347692489624,1.0
830,117.27459375447422,146.61851300984753,8515.312472401278,50000.0,0.009999999776482582,0.4337547719478607,1.0
831,117.30378333399456,154.90149169432905,8529.836808631226,50000.0,0.009999999776482582,0.4331373870372772,1.0
832,116.74191970625247,282.10790767621813,8542.308381562349,50000.0,0.009999999776482582,0.6675176024436951,1.0
833,115.43333234378056,981.5564828334074,10528.695609849463,50000.0,0.009999999776482582,0.5014981627464294,1.0
834,113.83446454111112,1347.898491458332,10603.033701920169,50000.0,0.009999999776482582,0.45358806848526,1.0
835,117.3984324422231,165.4416235293226,8580.878127809483,50000.0,0.009999999776482582,0.43217527866363525,1.0
836,114.32724567824121,884.2256735825914,6548.06396618954,50000.0,0.009999999776482582,0.5922529697418213,1.0
837,116.17055504903192,642.8911203950966,6538.3293496231545,50000.0,0.009999999776482582,0.3947518467903137,1.0
838,113.94431297884374,1181.6184868149792,8681.97098022925,50000.0,0.009999999776482582,0.5807223916053772,1.0
839,117.74830506978782,0.0,inf,50000.0,0.009999999776482582,0.314420610666275,1.0
840,115.87064912640513,953.5957493290528,10599.711518847631,50000.0,0.009999999776482582,0.38261479139328003,1.0
841,117.48430344641861,187.83407058992245,8586.441219277249,50000.0,0.009999999776482582,0.4300597608089447,1.0
842,114.76489198689303,860.052427544338,6505.857002209115,50000.0,0.009999999776482582,0.4732654392719269,1.0
843,114.73525601335992,895.1533172429165,6549.156584343384,50000.0,0.009999999776482582,0.4723321795463562,1.0
844,117.48914320405981,196.27797224502817,8586.339160348793,50000.0,0.009999999776482582,0.4292656481266022,1.0
845,114.51410186704514,930.2243415886261,6643.784934618161,50000.0,0.009999999776482582,0.5906658172607422,1.0
846,117.50202155418121,202.06166150468155,8611.218559478268,50000.0,0.009999999776482582,0.42884352803230286,1.0
847,115.9494423549743,1002.6070317247444,10623.882000064334,50000.0,0.009999999776482582,0.3806956112384796,1.0
848,116.2944478909578,641.7861197174194,6583.630592508311,50000.0,0.009999999776482582,0.3892488479614258,1.0
849,115.78059578644695,1018.3925250011092,10490.234234749136,50000.0,0.009999999776482582,0.49963465332984924,1.0
850,116.006152105991,978.0361453931129,10613.930637422474,50000.0,0.009999999776482582,0.379068523645401,1.0
851,114.25053081941435,1355.443449402844,10606.185470121038,50000.0,0.009999999776482582,0.4507400393486023,1.0
852,117.79957557311738,0.0,inf,50000.0,0.009999999776482582,0.30541449785232544,1.0
853,114.67252219651401,1094.8621726940175,8704.696260414043,50000.0,0.009999999776482582,0.45962345600128174,1.0
854,116.08366344782384,901.6273959572226,10585.73210405757,50000.0,0.009999999776482582,0.3762429356575012,1.0
855,116.10791022751872,874.010174134096,10577.729219372704,50000.0,0.009999999776482582,0.3754277229309082,1.0
856,114.3518435309339,1223.3651003818363,10465.833070194667,50000.0,0.009999999776482582,0.5711077451705933,1.0
857,117.71121300090792,223.89313857798598,8540.842474631332,50000.0,0.009999999776482582,0.4247841536998749,1.0
858,117.8327683347121,0.0,inf,50000.0,0.009999999776482582,0.3010420799255371,1.0
859,116.13619707148418,828.6838102981285,10323.825415739031,50000.0,0.009999999776482582,0.4970463216304779,1.0
860,116.47962992549714,584.672130483849,6657.776664384222,50000.0,0.009999999776482582,0.5081250071525574,1.0
861,116.41114664483716,635.0656600293014,6867.303805213125,50000.0,0.009999999776482582,0.6316439509391785,1.0
862,114.55235709336156,1173.8997984065247,10549.89784366233,50000.0,0.009999999776482582,0.4471610486507416,1.0
863,116.24533164913794,798.1357497471021,10532.203146456526,50000.0,0.009999999776482582,0.37282586097717285,1.0
864,117.75378024882379,331.84950270388,8561.62876581858,50000.0,0.009999999776482582,0.5464286804199219,1.0
865,116.21030776366247,822.4711504125808,10302.25647293972,50000.0,0.009999999776482582,0.4957889914512634,1.0
866,115.24588093294138,770.6447402860624,6533.351656882997,50000.0,0.009999999776482582,0.5928081274032593,1.0
867,115.27572739267883,761.9323505407617,6431.176329098841,50000.0,0.009999999776482582,0.46852871775627136,1.0
868,116.59704684988331,557.5359430967236,6471.280397459264,50000.0,0.009999999776482582,0.383020281791687,1.0
869,112.95774171347054,1421.6111498506002,10543.345562529976,50000.0,0.009999999776482582,0.5201895833015442,1.0
870,115.27093021888317,791.228149621259,6465.567272413521,50000.0,0.009999999776482582,0.4672500491142273,1.0
871,113.78974150879972,1027.5403280868063,6586.989966298591,50000.0,0.009999999776482582,0.6751323938369751,1.0
872,114.41138932035551,1276.756594118257,10465.600887208708,50000.0,0.009999999776482582,0.5692571997642517,1.0
873,114.38444526259069,1262.1720633068883,10457.010646188464,50000.0,0.009999999776482582,0.5682851076126099,1.0
874,116.28449721572586,857.7040040070491,10537.99900835654,50000.0,0.009999999776482582,0.37186798453330994,1.0
875,114.88619187109859,1026.779464042017,8459.917534140408,50000.0,0.009999999776482582,0.4547022879123688,1.0
876,117.74785297933973,319.9614372071918,8535.423921371099,50000.0,0.009999999776482582,0.5463189482688904,1.0
877,116.6397616743903,599.740932356796,6530.964361677566,50000.0,0.009999999776482582,0.3820079565048218,1.0
878,113.06570499454597,1349.1628267174049,9134.36834991786,50000.0,0.009999999776482582,0.6513491272926331,1.0
879,114.41005049992124,1221.1341179657902,10429.29890553491,50000.0,0.009999999776482582,0.5664197206497192,1.0
880,118.1060780323601,0.0,inf,50000.0,0.009999999776482582,0.29897359013557434,1.0
881,116.54538507033908,637.9694619474964,6703.971152609808,50000.0,0.009999999776482582,0.5053590536117554,1.0
882,114.4939395803064,1182.792373604721,10406.068338453197,50000.0,0.009999999776482582,0.5660837888717651,1.0
883,114.95003628562877,1006.5066185421746,8403.736369936858,50000.0,0.009999999776482582,0.45326510071754456,1.0
884,117.97473074899617,224.98448956419756,8543.632123732948,50000.0,0.009999999776482582,0.42132821679115295,1.0
885,116.27741119282221,826.3977337815638,10289.397994561317,50000.0,0.009999999776482582,0.4929441213607788,1.0
886,116.15084492576774,856.5398698036279,10122.519117777812,50000.0,0.009999999776482582,0.6168784499168396,1.0
887,114.83731880564966,1017.3474331539625,8430.964794463813,50000.0,0.009999999776482582,0.5764907002449036,1.0
888,116.58919623556451,631.1230223854693,6690.791528320064,50000.0,0.009999999776482582,0.5046214461326599,1.0
889,116.58742402300021,636.4221897883584,6707.58063580515,50000.0,0.009999999776482582,0.5043125748634338,1.0
890,116.58571218483436,641.7926298193056,6724.341842646869,50000.0,0.009999999776482582,0.5040039420127869,1.0
891,118.04968667648009,236.89800713975063,8618.494485025438,50000.0,0.009999999776482582,0.4201769530773163,1.0
892,116.30655302793483,880.5123759423446,10310.78646055919,50000.0,0.009999999776482582,0.49188607931137085,1.0
893,114.7217076143276,1171.2167821941623,10490.550922140537,50000.0,0.009999999776482582,0.4404890537261963,1.0
894,115.38888179299498,819.5652862866492,6497.519163948587,50000.0,0.009999999776482582,0.4642696976661682,1.0
895,114.86915563428182,1049.8800693615121,8474.63572989645,50000.0,0.009999999776482582,0.5754005312919617,1.0
896,114.8259615812938,1067.6138423172188,8493.242029204339,50000.0,0.009999999776482582,0.5749489665031433,1.0
897,116.29816348802002,887.0840746306079,10315.445674944664,50000.0,0.009999999776482582,0.4911644160747528,1.0
898,116.3156470475602,877.1895335361249,10304.711052036315,50000.0,0.009999999776482582,0.49086764454841614,1.0
899,118.13935205026142,235.31290245343348,8624.97644709823,50000.0,0.009999999776482582,0.4192053973674774,1.0
900,116.8890172859645,589.6009246378021,6520.105624390196,50000.0,0.009999999776482582,0.37921491265296936,1.0
901,115.10546971374455,1006.6481650662694,8436.635657510118,50000.0,0.009999999776482582,0.4506143629550934,1.0
902,116.70765443651234,644.9283756956513,6748.978312026848,50000.0,0.009999999776482582,0.5022249817848206,1.0
903,116.52791360075038,693.4150086864221,6934.580111027465,50000.0,0.009999999776482582,0.6261188387870789,1.0
904,116.58445332112137,853.5546495029148,10486.856142184755,50000.0,0.009999999776482582,0.3665611743927002,1.0
905,118.36316006093708,0.0,inf,50000.0,0.009999999776482582,0.29325932264328003,1.0
906,118.19534242157125,249.41497174450473,8641.938076164242,50000.0,0.009999999776482582,0.4164566397666931,1.0
907,115.22435222112676,972.9751013760321,8410.597397244945,50000.0,0.009999999776482582,0.44956526160240173,1.0
908,114.80175207268013,1132.5998320561712,10339.732216955299,50000.0,0.009999999776482582,0.5628790259361267,1.0
909,116.65910680620871,763.9607018844088,10446.226094441621,50000.0,0.009999999776482582,0.3638218641281128,1.0
910,115.57123215927993,808.4785103467927,6506.154941586088,50000.0,0.009999999776482582,0.4611065089702606,1.0
911,115.13114127526083,997.5692854342249,8353.308222859556,50000.0,0.009999999776482582,0.5741724967956543,1.0
912,116.39077934297052,857.3582471717158,10065.748701061786,50000.0,0.009999999776482582,0.6143437623977661,1.0
913,116.68266070772914,778.8042026061773,10444.80458885834,50000.0,0.009999999776482582,0.36340025067329407,1.0
914,118.13799003811339,344.3948834979537,8627.31163957763,50000.0,0.009999999776482582,0.5407530069351196,1.0
915,118.29440964343837,248.88134702853785,8657.722934567382,50000.0,0.009999999776482582,0.414884090423584,1.0
916,113.56770421831901,1210.6637704670627,9017.459263043329,50000.0,0.009999999776482582,0.5214642882347107,1.0
917,117.0366384539687,575.8338653727014,6514.532897207518,50000.0,0.009999999776482582,0.3747313320636749,1.0
918,116.78969718546897,673.145415590658,6940.343294033834,50000.0,0.009999999776482582,0.6257864832878113,1.0
919,116.88750317730212,636.4539591165509,6782.0747720227255,50000.0,0.009999999776482582,0.4995090365409851,1.0
920,118.31967181870192,256.3022291494241,8684.69244032167,50000.0,0.009999999776482582,0.41398143768310547,1.0
921,115.62197799977419,817.9294021708745,6549.296239538621,50000.0,0.009999999776482582,0.4591192901134491,1.0
922,115.30256589519027,1000.7929949506597,8433.99439128719,50000.0,0.009999999776482582,0.4468601942062378,1.0
923,115.02053937957196,1119.1330685981397,10450.989022451855,50000.0,0.009999999776482582,0.43515223264694214,1.0
924,116.75986245462238,761.9993288651206,10434.005748127447,50000.0,0.009999999776482582,0.3605002462863922,1.0
925,116.47868121692633,869.667353234323,9891.52706478775,50000.0,0.009999999776482582,0.7403311729431152,1.0
926,114.16284177154174,1018.63792842445,6559.79583138462,50000.0,0.009999999776482582,0.5439252257347107,1.0
927,115.10577369535261,1062.87617167937,8442.77716409968,50000.0,0.009999999776482582,0.5712828636169434,1.0
928,116.57960484475913,870.6130740400974,10247.184757116313,50000.0,0.009999999776482582,0.4864509701728821,1.0
929,114.7922465154591,1191.097934824765,10331.779584162146,50000.0,0.009999999776482582,0.5589459538459778,1.0
930,116.80671680969255,804.4777097185419,10426.385760180774,50000.0,0.009999999776482582,0.36080214381217957,1.0
931,116.82108830946186,774.2296365511094,10414.407580087181,50000.0,0.009999999776482582,0.359958678483963,1.0
932,115.48152995924212,887.4314333736321,6688.215056830993,50000.0,0.009999999776482582,0.5833488702774048,1.0
933,117.10033983179932,624.664688700911,6622.266159192774,50000.0,0.009999999776482582,0.37179067730903625,1.0
934,116.93137374413703,674.4853910058554,6835.898028798787,50000.0,0.009999999776482582,0.4972647726535797,1.0
935,115.0537808562515,1119.8370112155717,10428.248785994992,50000.0,0.009999999776482582,0.4322243928909302,1.0
936,113.83979897551373,1178.7303129334546,7706.984127631817,50000.0,0.009999999776482582,0.5286070704460144,1.0
937,115.13077452010782,1058.01647227703,8329.848244204117,50000.0,0.009999999776482582,0.5696004629135132,1.0
938,116.82575815539317,796.9110127175221,10419.988442342132,50000.0,0.009999999776482582,0.3586215376853943,1.0
939,118.42218292260296,244.57438038822627,8633.95015714268,50000.0,0.009999999776482582,0.41202202439308167,1.0
940,114.93812257692724,1111.5601473205106,10291.137632933347,50000.0,0.009999999776482582,0.5573733448982239,1.0
941,116.96820232364408,680.4855784531638,6822.979685572161,50000.0,0.009999999776482582,0.49664729833602905,1.0
942,115.35833616657972,1002.1467965582145,8254.81125042428,50000.0,0.009999999776482582,0.4422109127044678,1.0
943,115.62347705168482,917.9058863355453,6674.026604637656,50000.0,0.009999999776482582,0.4541478157043457,1.0
944,118.43957897835476,246.3779508836253,8637.161256770858,50000.0,0.009999999776482582,0.41122105717658997,1.0
945,113.43652650100837,1307.6741674827326,8903.36733202758,50000.0,0.009999999776482582,0.642025351524353,1.0
946,115.58972435291159,949.6971380422333,6719.200552626781,50000.0,0.009999999776482582,0.45319291949272156,1.0
947,115.36639195711093,1010.150815040369,6846.673724293286,50000.0,0.009999999776482582,0.5794262290000916,1.0
948,118.64572420873169,0.0,inf,50000.0,0.009999999776482582,0.28448525071144104,1.0
949,115.22483667353906,1049.9720857958257,6950.831210657027,50000.0,0.009999999776482582,0.7066380381584167,1.0
950,116.63375771602279,917.7915071663986,10260.956138149013,50000.0,0.009999999776482582,0.48381727933883667,1.0
951,116.64922228281539,907.5348408579506,10251.743795982262,50000.0,0.009999999776482582,0.4835149943828583,1.0
952,115.53020637575736,1013.385098083482,6818.611443867781,50000.0,0.009999999776482582,0.4511643946170807,1.0
953,115.26616553700732,1148.1688077447218,8398.864685283022,50000.0,0.009999999776482582,0.4397869408130646,1.0
954,115.05197592772464,1183.4375346143831,8411.025234386489,50000.0,0.009999999776482582,0.5666320323944092,1.0
955,113.36602137627888,1468.6795540562255,8996.762525834632,50000.0,0.009999999776482582,0.5118423104286194,1.0
956,116.87326548579864,874.1632811249772,10431.518168397177,50000.0,0.009999999776482582,0.35600948333740234,1.0
957,116.4399093149072,929.3025578651689,10094.155844810444,50000.0,0.009999999776482582,0.6102138161659241,1.0
958,115.03617717408315,1207.536206806411,10416.68032350696,50000.0,0.009999999776482582,0.4274071455001831,1.0
959,115.51841044534281,1058.0111016196072,6854.6816688756,50000.0,0.009999999776482582,0.44980406761169434,1.0
960,116.90370536232871,841.7886533324317,10410.136060520235,50000.0,0.009999999776482582,0.35470253229141235,1.0
961,116.91410192045873,810.724937458076,10397.641659850571,50000.0,0.009999999776482582,0.35384514927864075,1.0
962,116.73556134234084,825.0363544153473,10187.538200854573,50000.0,0.009999999776482582,0.4815831482410431,1.0
963,115.17031179152464,1099.4615953601558,8218.89920660887,50000.0,0.009999999776482582,0.5654169917106628,1.0
964,118.53734019607062,240.61802088926618,8622.502568491584,50000.0,0.009999999776482582,0.4092360734939575,1.0
965,116.98715543142143,766.4561919170134,6971.205370808804,50000.0,0.009999999776482582,0.49278783798217773,1.0
966,118.546549188521,246.0249907889143,8645.686112068377,50000.0,0.009999999776482582,0.40837424993515015,1.0
967,114.99977458175626,1142.911373482206,10274.230271466355,50000.0,0.009999999776482582,0.553573489189148,1.0
968,115.40499950737919,1057.7386171634987,8203.970566685774,50000.0,0.009999999776482582,0.4363848865032196,1.0
969,117.20753013247752,723.6970588706647,6837.1387296869825,50000.0,0.009999999776482582,0.3636534810066223,1.0
970,115.24993262773306,1087.333017547249,8219.059474097887,50000.0,0.009999999776482582,0.5647585391998291,1.0
971,115.39703165305794,1075.4085911852592,8195.349716339973,50000.0,0.009999999776482582,0.4354497790336609,1.0
972,118.5712175385816,241.46850829993693,8628.83391855675,50000.0,0.009999999776482582,0.4074626863002777,1.0
973,115.09477349448291,1121.9279277890828,8254.900416869135,50000.0,0.009999999776482582,0.6937068104743958,1.0
974,115.38656247396617,1098.1703946119133,8230.446786762812,50000.0,0.009999999776482582,0.4351191520690918,1.0
975,113.53048845642553,1365.349073225803,7767.466337625162,50000.0,0.009999999776482582,0.6473724246025085,1.0
976,118.34764027919383,346.380754654911,8657.126356196715,50000.0,0.009999999776482582,0.5360142588615417,1.0
977,115.33659637790245,1155.212686970735,8294.762708568585,50000.0,0.009999999776482582,0.43475064635276794,1.0
978,114.86497991488304,1220.9393799394438,10284.284457927042,50000.0,0.009999999776482582,0.5508947968482971,1.0
979,117.24224308203773,787.875549445064,6939.912285273359,50000.0,0.009999999776482582,0.36306893825531006,1.0
980,118.8728980046223,0.0,inf,50000.0,0.009999999776482582,0.27887195348739624,1.0
981,116.820016173276,838.216069573954,7153.968044866335,50000.0,0.009999999776482582,0.619362473487854,1.0
982,115.58512621706609,1102.8984314198635,6959.410226000687,50000.0,0.009999999776482582,0.44508054852485657,1.0
983,118.8402772010196,0.0,inf,50000.0,0.009999999776482582,0.27741554379463196,1.0
984,117.205131199803,780.1052115862173,6981.681267819108,50000.0,0.009999999776482582,0.3596879541873932,1.0
985,116.84636857922767,850.2720519365932,10183.047657755453,50000.0,0.009999999776482582,0.47837430238723755,1.0
986,115.27713760843717,1144.1840000144257,8287.591587870365,50000.0,0.009999999776482582,0.5625485777854919,1.0
987,117.21178577106339,785.2067142365636,6997.255217157823,50000.0,0.009999999776482582,0.3590063750743866,1.0
988,118.75568761095599,0.0,inf,50000.0,0.009999999776482582,0.27376440167427063,1.0
989,118.59265895012635,247.04078222409927,8665.49179161853,50000.0,0.009999999776482582,0.4031819999217987,1.0
990,118.59666250367576,245.77137361429462,8672.457615142415,50000.0,0.009999999776482582,0.4025321900844574,1.0
991,118.60018561289151,244.10762811731797,8678.903062016156,50000.0,0.009999999776482582,0.4018830955028534,1.0
992,118.60327724129226,241.9204494419374,8684.956258536944,50000.0,0.009999999776482582,0.4012346863746643,1.0
993,117.2189326040457,700.2913414786116,6921.503577350006,50000.0,0.009999999776482582,0.3551669716835022,1.0
994,114.1889763118814,1263.695968418966,7788.457656542721,50000.0,0.009999999776482582,0.6506837606430054,1.0
995,117.19448234720925,735.1418163476908,6988.423229153589,50000.0,0.009999999776482582,0.3547067642211914,1.0
996,115.56436077845775,1061.0670450425,8266.382209490223,50000.0,0.009999999776482582,0.4304006099700928,1.0
997,118.58481627579215,0.0,inf,50000.0,0.009999999776482582,0.26712557673454285,1.0
998,115.76906390796483,1026.394366487621,7001.071410486279,50000.0,0.009999999776482582,0.4393792152404785,1.0
999,117.1203172991582,750.0269169648808,7048.319392575483,50000.0,0.009999999776482582,0.3516676127910614,1.0
1000,115.58759420798172,1056.2980655813783,8240.499028578302,50000.0,0.009999999776482582,0.4288601875305176,1.0
1001,118.51174047111667,230.68256033489428,8638.461523813468,50000.0,0.009999999776482582,0.39844590425491333,1.0
1002,118.41448596398835,0.0,inf,50000.0,0.009999999776482582,0.2625569701194763,1.0
1003,118.4940921835443,213.87601215816008,8618.0684845162,50000.0,0.009999999776482582,0.3968394100666046,1.0
1004,116.93729088958092,686.9817144145603,10366.713705836219,50000.0,0.009999999776482582,0.339497834444046,1.0
1005,115.70626244795895,966.8542284956604,8137.472930342315,50000.0,0.009999999776482582,0.42765864729881287,1.0
1006,115.5635119688949,929.8299308361987,10354.388346853202,50000.0,0.009999999776482582,0.4180985689163208,1.0
1007,117.28844115529334,728.5478620512987,7081.578795315364,50000.0,0.009999999776482582,0.484749436378479,1.0
1008,117.0651739776145,709.3768292364193,7019.310634831814,50000.0,0.009999999776482582,0.34700411558151245,1.0
1009,117.63494284593179,739.8714246602485,9907.072500312668,50000.0,0.009999999776482582,0.7510610222816467,1.0
1010,117.27248220025129,737.7603690726031,7116.2200267959615,50000.0,0.009999999776482582,0.48402535915374756,1.0
1011,114.54874285467082,1241.575795200229,7052.1556471283,50000.0,0.009999999776482582,0.5244573950767517,1.0
1012,117.20217410683574,790.9803247337677,7220.669990991238,50000.0,0.009999999776482582,0.48324477672576904,1.0
1013,117.04637009371865,768.7232401951723,7152.4474492571435,50000.0,0.009999999776482582,0.3464404046535492,1.0
1014,117.08425366154319,770.2826185713917,10200.57103806236,50000.0,0.009999999776482582,0.4748840630054474,1.0
1015,118.47724048135778,215.1654710596582,8648.008764488295,50000.0,0.009999999776482582,0.3944741487503052,1.0
1016,115.6610890692051,1035.7079741601456,8267.165503171562,50000.0,0.009999999776482582,0.4256259799003601,1.0
1017,117.11245968781208,747.6077133799713,10194.751961786067,50000.0,0.009999999776482582,0.4742380976676941,1.0
1018,117.12168183177653,740.0403662446197,10188.72973641679,50000.0,0.009999999776482582,0.47392261028289795,1.0
1019,117.13089220915911,732.585159461176,10182.782202807874,50000.0,0.009999999776482582,0.47360748052597046,1.0
1020,117.26722567260181,752.6057723499912,7182.29089911553,50000.0,0.009999999776482582,0.4820677638053894,1.0
1021,115.87664101504882,1043.6732750391209,8280.971870283354,50000.0,0.009999999776482582,0.5620407462120056,1.0
1022,118.67565047632564,297.6800012276494,8669.269319300556,50000.0,0.009999999776482582,0.5300624370574951,1.0
1023,114.23050327253941,1271.843834732485,8847.553847370607,50000.0,0.009999999776482582,0.5048647522926331,1.0
1024,118.40264269742349,0.0,inf,50000.0,0.009999999776482582,0.25679856538772583,1.0
1025,114.41649787482942,1252.578648766776,7813.992453134126,50000.0,0.009999999776482582,0.5130184292793274,1.0
1026,115.6514646465964,1048.4278831758575,8259.67437822768,50000.0,0.009999999776482582,0.42359888553619385,1.0
1027,116.93611460691196,710.0218930140853,10344.874868003646,50000.0,0.009999999776482582,0.33482030034065247,1.0
1028,116.09179622285993,1068.5414583947356,8261.823719427844,50000.0,0.009999999776482582,0.6991915106773376,1.0
1029,118.37345834769444,0.0,inf,50000.0,0.009999999776482582,0.25541678071022034,1.0
1030,117.04503077543606,753.7217777829594,7170.024372909168,50000.0,0.009999999776482582,0.3424248695373535,1.0
1031,118.46673235139508,195.18893874906726,8634.130146273521,50000.0,0.009999999776482582,0.3910815417766571,1.0
1032,116.06498541744617,1062.0711384330834,7207.607628146533,50000.0,0.009999999776482582,0.569477915763855,1.0
1033,118.23685286278833,0.0,inf,50000.0,0.009999999776482582,0.2521606981754303,1.0
1034,114.39572965571352,1226.478656071279,8763.763450146225,50000.0,0.009999999776482582,0.5034863352775574,1.0
1035,118.17695102457108,0.0,inf,50000.0,0.009999999776482582,0.25068485736846924,1.0
1036,116.35219470277765,1031.7887749766626,8239.888026979233,50000.0,0.009999999776482582,0.7014803886413574,1.0
1037,118.19096312824927,0.0,inf,50000.0,0.009999999776482582,0.2504388988018036,1.0
1038,115.93287889431674,958.4604684271766,10251.384756112902,50000.0,0.009999999776482582,0.5527377724647522,1.0
1039,118.44240998045123,181.85330987095634,8623.605848759438,50000.0,0.009999999776482582,0.3889588415622711,1.0
1040,118.12783046849263,0.0,inf,50000.0,0.009999999776482582,0.2483338564634323,1.0
1041,116.95133784236457,710.508408883464,7149.498793375441,50000.0,0.009999999776482582,0.33764195442199707,1.0
1042,115.76054254430261,941.6550507577382,8124.58404006424,50000.0,0.009999999776482582,0.4198278784751892,1.0
1043,118.7541538412273,230.8979175425154,8581.794787304476,50000.0,0.009999999776482582,0.5285100936889648,1.0
1044,117.61170414753445,674.2701044117873,10054.00429154363,50000.0,0.009999999776482582,0.610827624797821,1.0
1045,116.11516884341644,970.4019368474184,8201.32497516977,50000.0,0.009999999776482582,0.560356080532074,1.0
1046,115.74080694857655,970.6210543792316,8198.960908371439,50000.0,0.009999999776482582,0.4196484684944153,1.0
1047,115.82588772652448,1029.3420661090718,7199.034764861994,50000.0,0.009999999776482582,0.4278017580509186,1.0
1048,117.26274647206823,767.7742522823319,7304.5190933887125,50000.0,0.009999999776482582,0.4771096408367157,1.0
1049,116.84318361167055,671.8319425487853,10327.33040009829,50000.0,0.009999999776482582,0.3283480107784271,1.0
1050,117.2692213023249,760.6153019113792,7301.2136241749495,50000.0,0.009999999776482582,0.47676196694374084,1.0
1051,116.82387476681447,658.6728433655983,10323.52319529219,50000.0,0.009999999776482582,0.32749825716018677,1.0
1052,118.34613769949605,168.02334701780765,8626.545095454947,50000.0,0.009999999776482582,0.38519856333732605,1.0
1053,115.66095512420277,883.6828683835032,10313.01889633099,50000.0,0.009999999776482582,0.40980011224746704,1.0
1054,116.59661666723613,975.8277039190355,8184.039901718791,50000.0,0.009999999776482582,0.7019619345664978,1.0
1055,117.2808741200332,752.5728105390634,7290.471622076225,50000.0,0.009999999776482582,0.4761500656604767,1.0
1056,113.34071765294553,1402.7569811145113,8244.388665434888,50000.0,0.009999999776482582,0.5910552740097046,1.0
1057,117.15142037826254,702.818425479741,10164.629480557893,50000.0,0.009999999776482582,0.4675501883029938,1.0
1058,118.102756067739,0.0,inf,50000.0,0.009999999776482582,0.2447453886270523,1.0
1059,117.26108958116707,766.1594025784456,7323.360972431589,50000.0,0.009999999776482582,0.4755333364009857,1.0
1060,117.17350009603493,678.7720515443605,10164.367296656657,50000.0,0.009999999776482582,0.46698319911956787,1.0
1061,116.05905840735429,1007.291570418277,8243.49934985296,50000.0,0.009999999776482582,0.5577065944671631,1.0
1062,116.83778415811798,659.0917651848006,10292.069471781911,50000.0,0.009999999776482582,0.3254109025001526,1.0
1063,116.89815662060789,748.2166662742231,7278.053609862721,50000.0,0.009999999776482582,0.3332679867744446,1.0
1064,114.91839470288103,1184.6748162459432,8690.537721411541,50000.0,0.009999999776482582,0.6405401825904846,1.0
1065,117.15915886560957,675.1989336228768,10145.834326848324,50000.0,0.009999999776482582,0.4659861624240875,1.0
1066,118.38043743656245,168.59011501940992,8653.715855290071,50000.0,0.009999999776482582,0.383801132440567,1.0
1067,117.17815716752962,659.1712585281321,10141.3549026758,50000.0,0.009999999776482582,0.46543213725090027,1.0
1068,116.15205299433833,1059.3767820417627,7297.19954236988,50000.0,0.009999999776482582,0.5657472014427185,1.0
1069,115.74388020157912,1084.9840112733136,7330.340780605534,50000.0,0.009999999776482582,0.423380583524704,1.0
1070,116.80400373996642,675.3095779054029,10288.16613679233,50000.0,0.009999999776482582,0.3238026201725006,1.0
1071,117.14807610374076,677.892186924081,10150.359331674292,50000.0,0.009999999776482582,0.4651085436344147,1.0
1072,116.86228671858565,768.5571890292979,7342.488682134259,50000.0,0.009999999776482582,0.33134618401527405,1.0
1073,117.61255225003958,801.6420110599641,7442.052795213749,50000.0,0.009999999776482582,0.6158730387687683,1.0
1074,117.1365956373343,698.5973240388475,10159.876536235386,50000.0,0.009999999776482582,0.4646724462509155,1.0
1075,117.21165648546602,791.9109389659089,7417.703160648529,50000.0,0.009999999776482582,0.47273558378219604,1.0
1076,115.92092412402363,981.8658920299757,10219.92336469322,50000.0,0.009999999776482582,0.5470436811447144,1.0
1077,115.63882019665795,1033.4086356714279,8291.242139567727,50000.0,0.009999999776482582,0.41320183873176575,1.0
1078,118.02779256673853,0.0,inf,50000.0,0.009999999776482582,0.240019291639328,1.0
1079,117.21234364638444,783.4508863206673,7413.527218339088,50000.0,0.009999999776482582,0.4721962511539459,1.0
1080,115.57765281132632,922.8880895782805,10269.728717123002,50000.0,0.009999999776482582,0.40398353338241577,1.0
1081,118.29876556787575,160.28075894902966,8675.16557521156,50000.0,0.009999999776482582,0.38044315576553345,1.0
1082,116.80553922451489,754.4875974285719,7353.929166029625,50000.0,0.009999999776482582,0.3287157714366913,1.0
1083,116.76298563709564,756.5997146998465,7370.267080087322,50000.0,0.009999999776482582,0.32781359553337097,1.0
1084,115.1135732031657,1253.8583875188951,7909.2422043710585,50000.0,0.009999999776482582,0.6478554010391235,1.0
1085,113.35223846585086,1460.8717618222076,8293.594058236322,50000.0,0.009999999776482582,0.5859103202819824,1.0
1086,114.36332680687555,1269.9845091787802,8742.411664933834,50000.0,0.009999999776482582,0.49298280477523804,1.0
1087,117.07016608405597,696.4894109136602,10132.663994206796,50000.0,0.009999999776482582,0.46269458532333374,1.0
1088,114.37354508185422,1375.6085261279784,7971.951277213948,50000.0,0.009999999776482582,0.5002480149269104,1.0
1089,114.26708341672459,1312.6401354805653,8733.044732550668,50000.0,0.009999999776482582,0.4909229278564453,1.0
1090,115.49979782684932,1134.6458767013578,8305.908091621786,50000.0,0.009999999776482582,0.40878793597221375,1.0
1091,115.81049889189613,1157.3791333813137,8322.041738593043,50000.0,0.009999999776482582,0.551740825176239,1.0
1092,117.04375098489457,948.4091895602897,7664.427075602314,50000.0,0.009999999776482582,0.47052425146102905,1.0
1093,117.99438154246285,0.0,inf,50000.0,0.009999999776482582,0.23817715048789978,1.0
1094,116.69832013167107,915.9752488891679,7633.792461411118,50000.0,0.009999999776482582,0.326126366853714,1.0
1095,116.65383249064826,919.0301804667735,7651.308425705067,50000.0,0.009999999776482582,0.32521572709083557,1.0
1096,116.60151631944917,664.0826317987703,10245.057641031599,50000.0,0.009999999776482582,0.3166112005710602,1.0
1097,114.36260938460117,1282.5441135632605,8672.444085473117,50000.0,0.009999999776482582,0.4895479083061218,1.0
1098,113.18560237025987,1731.5698336589992,7927.544251844031,50000.0,0.009999999776482582,0.5872666239738464,1.0
1099,114.21411623212693,1175.2351331668256,10236.559229235032,50000.0,0.009999999776482582,0.4797235429286957,1.0
1100,118.52045214760061,231.9051908144544,8594.193862194592,50000.0,0.009999999776482582,0.5253365635871887,1.0
1101,118.17808437870234,167.4514832123051,8624.897806905725,50000.0,0.009999999776482582,0.37970614433288574,1.0
1102,118.15890069672483,163.8532051972991,8627.998505314616,50000.0,0.009999999776482582,0.3790326714515686,1.0
1103,116.22936378579648,966.4314950811684,10102.61884920809,50000.0,0.009999999776482582,0.6873997449874878,1.0
1104,112.93878601880148,1638.9176382954226,8328.42177002544,50000.0,0.009999999776482582,0.575969398021698,1.0
1105,114.10058793385774,1567.7645552354168,8102.566177846643,50000.0,0.009999999776482582,0.49380290508270264,1.0
1106,116.66734872956495,706.7674530237913,10202.760372252209,50000.0,0.009999999776482582,0.3159794509410858,1.0
1107,116.64215728523429,679.82982657909,10191.999561759796,50000.0,0.009999999776482582,0.3150729835033417,1.0
1108,115.38562364955328,1192.9133032758605,8313.627776953941,50000.0,0.009999999776482582,0.4035820960998535,1.0
1109,116.60370200349182,1007.064173694595,7785.0659826224155,50000.0,0.009999999776482582,0.3229437470436096,1.0
1110,115.36492798635837,1199.8939523129636,8321.267130503427,50000.0,0.009999999776482582,0.4027617871761322,1.0
1111,115.3618704949239,905.0474539378732,10178.493468080189,50000.0,0.009999999776482582,0.3934308886528015,1.0
1112,118.09459035518866,152.76036595918606,8566.116181873853,50000.0,0.009999999776482582,0.3782154619693756,1.0
1113,115.37346705513968,1164.9471360160178,8271.802819037452,50000.0,0.009999999776482582,0.40182584524154663,1.0
1114,115.35556440902107,1418.973875768959,7806.354757098299,50000.0,0.009999999776482582,0.4107828438282013,1.0
1115,116.4757516318383,622.2569473159575,10167.144491051708,50000.0,0.009999999776482582,0.3110193610191345,1.0
1116,115.33609991561745,1182.416098144574,8287.168758456863,50000.0,0.009999999776482582,0.40057918429374695,1.0
1117,117.50361011384804,0.0,inf,50000.0,0.009999999776482582,0.22838635742664337,1.0
1118,115.33445576410875,1155.311042308307,8257.506344610345,50000.0,0.009999999776482582,0.3998037576675415,1.0
1119,115.32042115020857,1164.8534384853106,8263.395533234014,50000.0,0.009999999776482582,0.39937466382980347,1.0
1120,116.30554665015737,1029.3766013103977,7877.176761845724,50000.0,0.009999999776482582,0.31685101985931396,1.0
1121,114.32556463925695,1303.0400762363938,8547.083689060626,50000.0,0.009999999776482582,0.4811892807483673,1.0
1122,116.29880800928993,558.4874837985685,10134.789979879486,50000.0,0.009999999776482582,0.3070029318332672,1.0
1123,115.9350672141455,776.8912815844639,10063.34585285119,50000.0,0.009999999776482582,0.539474368095398,1.0
1124,116.29900514178105,534.46972772575,10109.375901268844,50000.0,0.009999999776482582,0.30611953139305115,1.0
1125,114.35365103605419,1248.4131998962512,8444.242214541358,50000.0,0.009999999776482582,0.47904276847839355,1.0
1126,115.28556041846855,1157.6231642565608,8202.455713048303,50000.0,0.009999999776482582,0.39668819308280945,1.0
1127,115.27073501170325,1168.5829842725818,8211.078080496878,50000.0,0.009999999776482582,0.39626193046569824,1.0
1128,117.1776110403568,0.0,inf,50000.0,0.009999999776482582,0.22302070260047913,1.0
1129,116.8191425416383,1042.919944746626,7899.815991080435,50000.0,0.009999999776482582,0.46615228056907654,1.0
1130,115.92726817759223,1167.157054478666,8222.81407796908,50000.0,0.009999999776482582,0.5480279326438904,1.0
1131,115.232249500455,1183.5778252646799,8245.239784525627,50000.0,0.009999999776482582,0.3952528238296509,1.0
1132,115.2169915548374,1195.015172924827,8254.834153855716,50000.0,0.009999999776482582,0.3948269188404083,1.0
1133,117.6935928337815,123.6219047230833,8434.451578133268,50000.0,0.009999999776482582,0.37368422746658325,1.0
1134,115.20749903374228,1184.0202709535129,8249.7376319607,50000.0,0.009999999776482582,0.3943418562412262,1.0
1135,115.24122484813556,695.41192728367,10073.366582640889,50000.0,0.009999999776482582,0.3839665949344635,1.0
1136,116.7968266468036,493.53833986824975,9934.113393445998,50000.0,0.009999999776482582,0.4547397196292877,1.0
1137,115.94370655907565,681.5414694396547,9985.810461630204,50000.0,0.009999999776482582,0.5361450910568237,1.0
1138,116.77746901447782,1064.6954262468917,7940.279262273225,50000.0,0.009999999776482582,0.4652002453804016,1.0
1139,115.19645746266148,1173.7179780928186,8223.034832822566,50000.0,0.009999999776482582,0.3931295871734619,1.0
1140,115.88983213317938,688.1913390348604,9973.821372540844,50000.0,0.009999999776482582,0.5349907875061035,1.0
1141,116.14475916128627,472.46497899826454,10019.718503793692,50000.0,0.009999999776482582,0.30059394240379333,1.0
1142,118.32946380721849,158.37908310183036,8406.527507098122,50000.0,0.009999999776482582,0.5257427096366882,1.0
1143,115.86536706930997,1150.0627203693248,8192.695944718995,50000.0,0.009999999776482582,0.5453006625175476,1.0
1144,117.70234789243258,115.89840848499408,8438.74353938547,50000.0,0.009999999776482582,0.3722276985645294,1.0
1145,115.84750467543104,1150.9899463028976,8207.593886734834,50000.0,0.009999999776482582,0.5448917746543884,1.0
1146,116.14168219760998,482.6957793038914,10013.451565826952,50000.0,0.009999999776482582,0.2999442219734192,1.0
1147,118.9554708524401,190.11402186114495,8429.382373085324,50000.0,0.009999999776482582,0.677055299282074,1.0
1148,115.1816936851687,1464.325261541658,7938.5999349523,50000.0,0.009999999776482582,0.40405410528182983,1.0
1149,117.68492042702066,117.69738324693414,8478.179914979288,50000.0,0.009999999776482582,0.37113258242607117,1.0
1150,117.3520001354709,1058.5398976111273,7986.050883681437,50000.0,0.009999999776482582,0.6150599718093872,1.0
1151,118.8499718598923,205.06094049042972,8505.594355603427,50000.0,0.009999999776482582,0.6733630299568176,1.0
1152,117.2291103199012,0.0,inf,50000.0,0.009999999776482582,0.22034160792827606,1.0
1153,116.71692784070721,1033.5228714523807,7980.719335895314,50000.0,0.009999999776482582,0.46187639236450195,1.0
1154,114.77054513208927,943.102301025234,10012.65849027266,50000.0,0.009999999776482582,0.6135372519493103,1.0
1155,115.67991730168826,772.686907004876,9974.623912373265,50000.0,0.009999999776482582,0.530419647693634,1.0
1156,115.15063437992822,1168.8979568112,8293.873735971396,50000.0,0.009999999776482582,0.3915485739707947,1.0
1157,115.65021990564098,1186.657597114273,8310.416067965305,50000.0,0.009999999776482582,0.5413073301315308,1.0
1158,118.25963834164581,177.00617430029044,8562.774845396363,50000.0,0.009999999776482582,0.520199179649353,1.0
1159,116.69780570749535,570.2926879429916,9917.776467556221,50000.0,0.009999999776482582,0.44925373792648315,1.0
1160,115.11631748340817,769.4745347469716,9999.70223929316,50000.0,0.009999999776482582,0.37877020239830017,1.0
1161,114.05608052391425,1797.522867882076,7978.509673694709,50000.0,0.009999999776482582,0.4950472116470337,1.0
1162,116.66120878310755,575.9246729709938,9908.373736269963,50000.0,0.009999999776482582,0.44888293743133545,1.0
1163,116.21497328128964,550.1133505960618,9990.800585130817,50000.0,0.009999999776482582,0.2991357743740082,1.0
1164,115.58090193095099,1203.8990253726665,8339.191936123303,50000.0,0.009999999776482582,0.5397019982337952,1.0
1165,115.53368011347399,1228.139075977612,8366.672928344155,50000.0,0.009999999776482582,0.5391526818275452,1.0
1166,116.2273905536194,1114.4788944130132,8096.351027013143,50000.0,0.009999999776482582,0.3112223148345947,1.0
1167,118.1934918012106,179.4253363756054,8590.67402569287,50000.0,0.009999999776482582,0.5190574526786804,1.0
1168,115.4983862810996,1244.1005480687052,8410.185109902135,50000.0,0.009999999776482582,0.5385716557502747,1.0
1169,115.0228601822261,806.2853756389461,9987.016207401617,50000.0,0.009999999776482582,0.37685179710388184,1.0
1170,116.63197168661765,1117.6557704343224,8112.73610504045,50000.0,0.009999999776482582,0.4597875475883484,1.0
1171,118.17700524825334,185.47452534568393,8629.364136794737,50000.0,0.009999999776482582,0.5179494023323059,1.0
1172,117.36556367647766,0.0,inf,50000.0,0.009999999776482582,0.21967105567455292,1.0
1173,113.90694932042494,1327.571776474609,8615.411257228629,50000.0,0.009999999776482582,0.4674549102783203,1.0
1174,113.86781416166599,1344.1657809553174,8612.811378584276,50000.0,0.009999999776482582,0.4664433002471924,1.0
1175,116.13828496891944,541.6061815805647,9951.169155758953,50000.0,0.009999999776482582,0.2964852750301361,1.0
1176,116.11072120712404,1102.8315436293797,8118.887411213518,50000.0,0.009999999776482582,0.30868133902549744,1.0
1177,116.55764619420705,534.1789362332207,9860.191766046022,50000.0,0.009999999776482582,0.4457797408103943,1.0
1178,114.98199184021419,1207.578209648325,8375.765570362855,50000.0,0.009999999776482582,0.38647085428237915,1.0
1179,114.45274648120315,1925.4047340377267,8157.945649602234,50000.0,0.009999999776482582,0.6420329809188843,1.0
1180,113.7642790041782,1425.226827318277,8682.525800740448,50000.0,0.009999999776482582,0.46420416235923767,1.0
1181,116.05085610509691,1221.7811447784768,8299.875991045445,50000.0,0.009999999776482582,0.30764469504356384,1.0
1182,116.48033583252911,560.7899989516275,9855.802934015705,50000.0,0.009999999776482582,0.4453868269920349,1.0
1183,115.99343186620152,1210.1797213149268,8301.372821546925,50000.0,0.009999999776482582,0.3066861927509308,1.0
1184,113.75722592258838,1801.67109626724,8440.37739539362,50000.0,0.009999999776482582,0.4755035638809204,1.0
1185,113.6831638628578,1885.7084871140837,8509.543835600383,50000.0,0.009999999776482582,0.47451433539390564,1.0
1186,117.51917114333841,132.64846526711105,8608.11140165972,50000.0,0.009999999776482582,0.3669578433036804,1.0
1187,116.37629758084644,1311.6478703076898,8456.390714339852,50000.0,0.009999999776482582,0.4566028416156769,1.0
1188,114.76289605714375,1435.9616824068155,8667.739137405535,50000.0,0.009999999776482582,0.3833930194377899,1.0
1189,114.70083464211737,1899.2302526296,8519.293478433241,50000.0,0.009999999776482582,0.3944323658943176,1.0
1190,114.70276756473055,1504.7759785823646,8748.07719691863,50000.0,0.009999999776482582,0.3825436234474182,1.0
1191,116.27695218349093,1417.4799981202086,8612.81052983056,50000.0,0.009999999776482582,0.4556392729282379,1.0
1192,115.73047518235818,1430.1170290302844,8644.628643071794,50000.0,0.009999999776482582,0.3028317391872406,1.0
1193,115.21439689663312,1551.5418183142538,8811.66232393915,50000.0,0.009999999776482582,0.534699559211731,1.0
1194,114.62836608188597,1576.9216694847764,8842.252269196804,50000.0,0.009999999776482582,0.3814725875854492,1.0
1195,116.20171272180814,1490.9490916429984,8724.345445761393,50000.0,0.009999999776482582,0.4547048509120941,1.0
1196,114.59081366264249,1614.2383613201348,8890.022872972366,50000.0,0.009999999776482582,0.38093793392181396,1.0
1197,116.71396938357981,1532.949798687172,8777.346361810962,50000.0,0.009999999776482582,0.6074348092079163,1.0
1198,115.7359318932809,611.0599753313455,9967.265839990561,50000.0,0.009999999776482582,0.2915431559085846,1.0
1199,116.72061472720134,0.0,inf,50000.0,0.009999999776482582,0.21109884977340698,1.0
1200,114.46049765813036,2096.7084367337293,8768.793442872298,50000.0,0.009999999776482582,0.3900136351585388,1.0
1201,114.60812031410755,811.7794656914173,9962.869873453927,50000.0,0.009999999776482582,0.36984243988990784,1.0
1202,114.41127896125018,2156.4232790216265,8822.88734115149,50000.0,0.009999999776482582,0.3891468048095703,1.0
1203,114.46428267675667,1681.5602720553006,8995.481590988504,50000.0,0.009999999776482582,0.3786168694496155,1.0
1204,117.7021631003597,179.59087216961365,8605.397257592376,50000.0,0.009999999776482582,0.5178232789039612,1.0
1205,114.44872302897656,1680.5723500852785,9006.764204741465,50000.0,0.009999999776482582,0.37839099764823914,1.0
1206,116.12456061065868,584.9889910003487,9867.710598058358,50000.0,0.009999999776482582,0.4427627921104431,1.0
1207,116.12304604921285,579.496170442214,9861.060232734524,50000.0,0.009999999776482582,0.44241809844970703,1.0
1208,115.46807631215657,554.3087117044283,9932.51871713464,50000.0,0.009999999776482582,0.2872699201107025,1.0
1209,115.41331524781397,532.0756649103729,9920.95459365955,50000.0,0.009999999776482582,0.2863474190235138,1.0
1210,116.19025155762246,0.0,inf,50000.0,0.009999999776482582,0.20451611280441284,1.0
1211,113.64899279793019,1611.481298356108,8971.94917742895,50000.0,0.009999999776482582,0.45822659134864807,1.0
1212,113.51083879286699,2164.9935166809614,8881.759746216292,50000.0,0.009999999776482582,0.46797388792037964,1.0
1213,114.36002196829068,1639.756235883624,8991.255031838296,50000.0,0.009999999776482582,0.3756003975868225,1.0
1214,115.13617853111755,1587.3158611997949,8944.719522918036,50000.0,0.009999999776482582,0.29431357979774475,1.0
1215,115.17790634400187,485.3228112946306,9891.803259731934,50000.0,0.009999999776482582,0.28312811255455017,1.0
1216,114.29884146642848,1633.9957563147054,9003.099058391377,50000.0,0.009999999776482582,0.37436753511428833,1.0
1217,114.96802672951847,1591.376628429757,8968.15163342665,50000.0,0.009999999776482582,0.2922940254211426,1.0
1218,114.37752289567226,642.4212681525738,9879.502980971458,50000.0,0.009999999776482582,0.36333829164505005,1.0
1219,115.93591354678392,452.96368069916014,9775.894614073195,50000.0,0.009999999776482582,0.44021332263946533,1.0
1220,115.63599713266943,0.0,inf,50000.0,0.009999999776482582,0.1985068917274475,1.0
1221,114.10403428065311,2159.6575249112843,8921.51367990142,50000.0,0.009999999776482582,0.38354727625846863,1.0
1222,115.73933488231451,1590.0730185509497,8991.405025513614,50000.0,0.009999999776482582,0.45022547245025635,1.0
1223,115.17883820791282,1667.2193559853963,9072.291948795017,50000.0,0.009999999776482582,0.5328394174575806,1.0
1224,114.00471387527872,2327.2556802471613,9074.515191364335,50000.0,0.009999999776482582,0.3821522295475006,1.0
1225,114.25883496734893,641.1703341418332,9875.401040906818,50000.0,0.009999999776482582,0.36191052198410034,1.0
1226,116.80198097029894,466.7442512523723,9706.423009180231,50000.0,0.009999999776482582,0.6001542806625366,1.0
1227,114.87729987625688,448.7571397766524,9851.379966159626,50000.0,0.009999999776482582,0.2789106070995331,1.0
1228,117.35549178183042,137.1593504498927,8520.48641337072,50000.0,0.009999999776482582,0.5169538855552673,1.0
1229,115.42205265288521,0.0,inf,50000.0,0.009999999776482582,0.19591209292411804,1.0
1230,115.22288923197696,0.0,inf,50000.0,0.009999999776482582,0.19394120573997498,1.0
1231,114.05659292018369,1589.6554958427998,9042.935094497097,50000.0,0.009999999776482582,0.370365709066391,1.0
1232,116.1237349375548,87.82477099047345,8507.39648374879,50000.0,0.009999999776482582,0.3539000153541565,1.0
1233,116.07284205104804,85.63175939192335,8510.318251845609,50000.0,0.009999999776482582,0.35322490334510803,1.0
1234,113.53692798342098,2162.585475012475,9008.066947786512,50000.0,0.009999999776482582,0.4650329351425171,1.0
1235,115.66745740777476,412.77189532642177,9769.448592275421,50000.0,0.009999999776482582,0.4373129904270172,1.0
1236,116.46747192192167,583.7387369363436,9765.544793422783,50000.0,0.009999999776482582,0.6837278008460999,1.0
1237,115.1070828599043,1602.572009986705,9077.1227104018,50000.0,0.009999999776482582,0.5306358933448792,1.0
1238,115.57574160549105,1581.346949796191,9071.74256748167,50000.0,0.009999999776482582,0.4472880959510803,1.0
1239,114.09689102001694,609.8922821455288,9827.646087795216,50000.0,0.009999999776482582,0.3583158254623413,1.0
1240,113.86036841965839,2243.9959027266345,9093.238745296021,50000.0,0.009999999776482582,0.3799292743206024,1.0
1241,116.12431999902562,93.07216980356093,8562.939954972511,50000.0,0.009999999776482582,0.35308682918548584,1.0
1242,114.03930715942188,592.0648260015139,9818.889174664098,50000.0,0.009999999776482582,0.3574122190475464,1.0
1243,113.45085587745653,1695.2367888314384,9182.851275217125,50000.0,0.009999999776482582,0.45069488883018494,1.0
1244,113.89640481749748,1685.7998576825182,9184.11440762819,50000.0,0.009999999776482582,0.3672686815261841,1.0
1245,116.04340805962623,88.82646143360546,8536.667692234912,50000.0,0.009999999776482582,0.35261139273643494,1.0
1246,115.99058089310775,86.66865599174247,8539.712211864326,50000.0,0.009999999776482582,0.35192668437957764,1.0
1247,113.8444006302891,1642.9525196609359,9164.190786908826,50000.0,0.009999999776482582,0.36667484045028687,1.0
1248,115.90471128428565,84.22045776029873,8537.271250417552,50000.0,0.009999999776482582,0.3511572480201721,1.0
1249,115.37948167740673,1592.570423108338,9136.213066191158,50000.0,0.009999999776482582,0.44550469517707825,1.0
1250,113.4161138738553,1702.8642138784282,9227.11469986905,50000.0,0.009999999776482582,0.4497983157634735,1.0
1251,113.64353747076923,2344.9672224345345,9219.863984696223,50000.0,0.009999999776482582,0.3770350217819214,1.0
1252,114.1006030047893,1734.6844249230787,9299.957584110318,50000.0,0.009999999776482582,0.2818079888820648,1.0
1253,115.39825305060295,404.20804647682803,9718.945511141037,50000.0,0.009999999776482582,0.43389880657196045,1.0
1254,116.61807573748884,413.6206965381418,9657.177687158226,50000.0,0.009999999776482582,0.5970778465270996,1.0
1255,114.0962143031655,1705.389867679697,9292.069594107385,50000.0,0.009999999776482582,0.2816040515899658,1.0
1256,116.92929778992813,119.39209594707349,8569.177271014016,50000.0,0.009999999776482582,0.5125765204429626,1.0
1257,115.73530098784452,86.86515446420817,8602.263939764072,50000.0,0.009999999776482582,0.34893688559532166,1.0
1258,114.8958692986224,1704.5441444731662,9294.61194719337,50000.0,0.009999999776482582,0.5275296568870544,1.0
1259,116.91196949307184,123.1745355040492,8620.185196587097,50000.0,0.009999999776482582,0.5109699964523315,1.0
1260,113.64349966929503,1710.966952496907,9322.01104977027,50000.0,0.009999999776482582,0.3646269142627716,1.0
1261,115.20379110499626,1689.1994305917904,9325.001337113927,50000.0,0.009999999776482582,0.44265615940093994,1.0
1262,114.79229763827622,1765.7816080362188,9381.037503125755,50000.0,0.009999999776482582,0.5262119174003601,1.0
1263,113.71430070191856,624.5397732020106,9790.724854400654,50000.0,0.009999999776482582,0.35336118936538696,1.0
1264,113.0269664778124,2481.2939990328045,9394.490985645976,50000.0,0.009999999776482582,0.4578055441379547,1.0
1265,113.67690522412458,614.3164624903583,9770.09936551498,50000.0,0.009999999776482582,0.35223111510276794,1.0
1266,115.26310186044033,432.14169370449474,9689.7241468626,50000.0,0.009999999776482582,0.4308484196662903,1.0
1267,113.99128377280327,1770.5174088910671,9425.451650835921,50000.0,0.009999999776482582,0.28001391887664795,1.0
1268,113.89354910904268,1791.3285739183686,9453.772871055457,50000.0,0.009999999776482582,0.2790980935096741,1.0
1269,113.10247597133886,1895.6531373202188,9497.571392836162,50000.0,0.009999999776482582,0.4452834725379944,1.0
1270,113.30025773847876,2627.735131351778,9527.00483795881,50000.0,0.009999999776482582,0.3725903034210205,1.0
1271,113.38550694837238,1980.482310563736,9609.48075635783,50000.0,0.009999999776482582,0.36088651418685913,1.0
1272,114.21748991072498,0.0,inf,50000.0,0.009999999776482582,0.1832374930381775,1.0
1273,115.32003822831622,83.83304284894679,8604.684440364797,50000.0,0.009999999776482582,0.34604790806770325,1.0
1274,113.13860722661714,2684.0857217438866,9591.525439818815,50000.0,0.009999999776482582,0.3707856237888336,1.0
1275,113.06901387661209,2812.7650367047186,9683.43776094034,50000.0,0.009999999776482582,0.3699151873588562,1.0
1276,115.1631675385577,85.41035627608076,8618.615411398832,50000.0,0.009999999776482582,0.3451659679412842,1.0
1277,114.0631229439276,3544.736874384123,9756.043281829863,50000.0,0.009999999776482582,0.6297738552093506,1.0
1278,113.39036173217211,2210.1234747880626,9905.957124305043,50000.0,0.009999999776482582,0.27416443824768066,1.0
1279,112.45881142085295,3896.675448983132,9955.28108218989,50000.0,0.009999999776482582,0.4617604911327362,1.0
1280,112.82218806170292,2488.146886299665,10068.72624997952,50000.0,0.009999999776482582,0.4436166286468506,1.0
1281,113.77477297484782,0.0,inf,50000.0,0.009999999776482582,0.17984189093112946,1.0
1282,112.9889506096753,2449.1954694073315,10086.233669684738,50000.0,0.009999999776482582,0.35745134949684143,1.0
1283,114.54564410754826,2452.279568740607,10131.574025087173,50000.0,0.009999999776482582,0.4381784200668335,1.0
1284,112.78809264714938,2550.5373420704673,10143.04796088223,50000.0,0.009999999776482582,0.4426123797893524,1.0
1285,114.58070876206656,623.5720858214725,9737.448440628,50000.0,0.009999999776482582,0.5145478844642639,1.0
1286,114.08423648762303,2562.6079885267795,10155.736481447073,50000.0,0.009999999776482582,0.6067196130752563,1.0
1287,114.25189704020015,2577.3226643165726,10223.147884183314,50000.0,0.009999999776482582,0.5213418006896973,1.0
1288,112.36538813298853,3684.467647282189,10293.061568079243,50000.0,0.009999999776482582,0.4482607841491699,1.0
1289,114.76698124723063,483.29213006332367,9674.692600306094,50000.0,0.009999999776482582,0.4285668730735779,1.0
1290,116.36267281370752,150.73206514754537,8713.437034327164,50000.0,0.009999999776482582,0.5101557970046997,1.0
1291,113.35267944230594,2619.6718216527483,10362.810662655656,50000.0,0.009999999776482582,0.2730310261249542,1.0
1292,113.4664130011927,468.9891809014014,9737.386621524089,50000.0,0.009999999776482582,0.2631493806838989,1.0
1293,114.47392446437631,2604.8203394299394,10349.19104084688,50000.0,0.009999999776482582,0.43669965863227844,1.0
1294,112.50628232432464,2710.7498250722165,10345.133990684837,50000.0,0.009999999776482582,0.4382934272289276,1.0
1295,113.38607980605866,455.91937813076623,9720.236815888815,50000.0,0.009999999776482582,0.26211291551589966,1.0
1296,114.41647217957085,2645.0575541855437,10396.386003271085,50000.0,0.009999999776482582,0.4363436996936798,1.0
1297,113.87865668468278,3799.252403941097,10449.693291041076,50000.0,0.009999999776482582,0.5285670757293701,1.0
1298,111.94036782030271,4880.566148796958,10577.45413120477,50000.0,0.009999999776482582,0.4544757902622223,1.0
1299,113.31067863642818,498.103693912703,9741.292816401088,50000.0,0.009999999776482582,0.2620432674884796,1.0
1300,113.74728198497785,4204.699433150541,10698.555225911807,50000.0,0.009999999776482582,0.5269830822944641,1.0
1301,112.40546239504081,4389.559161856471,10815.02456125609,50000.0,0.009999999776482582,0.3607701063156128,1.0
1302,113.20575697987877,513.4227858837759,9750.534676837566,50000.0,0.009999999776482582,0.261462539434433,1.0
1303,114.45285329706965,510.27094807838483,9683.408636978465,50000.0,0.009999999776482582,0.4267469644546509,1.0
1304,114.14604985895453,704.800322790007,9704.885400929361,50000.0,0.009999999776482582,0.5100899934768677,1.0
1305,112.81812939027951,682.8279548739614,9719.715705569506,50000.0,0.009999999776482582,0.3433915078639984,1.0
1306,114.21755728319584,3049.2867682365236,10789.31322318225,50000.0,0.009999999776482582,0.4343952536582947,1.0
1307,114.08156968673453,685.1554179628104,9679.002045219242,50000.0,0.009999999776482582,0.5083379149436951,1.0
1308,113.17489714846621,470.43060415231673,9693.81037179042,50000.0,0.009999999776482582,0.2597449719905853,1.0
1309,112.7530858453604,636.7087765194561,9683.32662850392,50000.0,0.009999999776482582,0.3413286507129669,1.0
1310,114.17587316726164,2963.008312854687,10746.357162027216,50000.0,0.009999999776482582,0.43409085273742676,1.0
1311,114.15399483894242,3000.1428688281776,10787.856416988141,50000.0,0.009999999776482582,0.43373754620552063,1.0
1312,115.97177613502129,153.75933349968236,8790.672041012122,50000.0,0.009999999776482582,0.5075347423553467,1.0
1313,114.13666330619375,2987.984276375239,10811.742874529446,50000.0,0.009999999776482582,0.43299487233161926,1.0
1314,114.32315616120685,493.16428774343746,9639.164254081143,50000.0,0.009999999776482582,0.42362210154533386,1.0
1315,114.67102695703824,114.05391003571451,8853.323822046896,50000.0,0.009999999776482582,0.3407536447048187,1.0
1316,114.60435020101218,111.4781329491083,8858.832465752246,50000.0,0.009999999776482582,0.3400554060935974,1.0
1317,113.77270115697515,2911.8109303287642,10733.063654635953,50000.0,0.009999999776482582,0.5151697993278503,1.0
1318,114.05739621216397,2923.125659498013,10817.972062871846,50000.0,0.009999999776482582,0.4316743314266205,1.0
1319,113.49940207265459,4196.412512471969,10871.52087152296,50000.0,0.009999999776482582,0.5233421325683594,1.0
1320,115.29520149788533,3087.738901532491,10962.471779867015,50000.0,0.009999999776482582,0.5954641699790955,1.0
1321,112.14757491635555,4437.168858018159,11038.450365427589,50000.0,0.009999999776482582,0.3578491508960724,1.0
1322,113.56230391370985,3298.583804710957,11065.796809084406,50000.0,0.009999999776482582,0.5131310224533081,1.0
1323,113.98788397959439,3304.193331398194,11163.99600614936,50000.0,0.009999999776482582,0.43005549907684326,1.0
1324,112.97009611687223,569.3156435839156,9732.06131899628,50000.0,0.009999999776482582,0.25858190655708313,1.0
1325,112.25003690128003,3331.2559010336945,11123.925922894787,50000.0,0.009999999776482582,0.3484848439693451,1.0
1326,114.10920908365411,563.4758362500475,9668.51792026272,50000.0,0.009999999776482582,0.4215848743915558,1.0
1327,115.75258167656818,193.14489457722945,9019.731553352487,50000.0,0.009999999776482582,0.502639889717102,1.0
1328,113.47366607404469,3279.0183931882634,11106.679819599278,50000.0,0.009999999776482582,0.5117665529251099,1.0
1329,113.90129293364919,3285.3985568511866,11208.98013882224,50000.0,0.009999999776482582,0.4287951588630676,1.0
1330,113.3374439932595,0.0,inf,50000.0,0.009999999776482582,0.17484097182750702,1.0
1331,114.38917863412077,143.4214055416592,9086.795963409375,50000.0,0.009999999776482582,0.33695152401924133,1.0
1332,112.10081004315195,3250.9762371589236,11133.121872787626,50000.0,0.009999999776482582,0.3472989797592163,1.0
1333,112.60581599058898,540.8134995136926,9713.183698640787,50000.0,0.009999999776482582,0.2552967369556427,1.0
1334,111.76878794170523,3278.3050753956763,11089.369745538886,50000.0,0.009999999776482582,0.43046024441719055,1.0
1335,114.20578848102475,131.92851877000035,9049.087756541665,50000.0,0.009999999776482582,0.33592489361763,1.0
1336,113.67495737121851,3203.4284956257634,11196.30468708667,50000.0,0.009999999776482582,0.4273735582828522,1.0
1337,113.184247013041,4598.022541193225,11250.796225416656,50000.0,0.009999999776482582,0.5190855860710144,1.0
1338,112.25844218448763,3379.9856287666657,11357.058894524533,50000.0,0.009999999776482582,0.2618563771247864,1.0
1339,112.12637609537268,763.849099212332,9712.052884722001,50000.0,0.009999999776482582,0.3379274606704712,1.0
1340,113.33722924949384,3411.268298021593,11296.062355180738,50000.0,0.009999999776482582,0.5105550289154053,1.0
1341,112.10194388444322,746.3118680325443,9692.778248589972,50000.0,0.009999999776482582,0.33684995770454407,1.0
1342,111.66165314127734,4796.618105294829,11387.824704507817,50000.0,0.009999999776482582,0.35264429450035095,1.0
1343,113.7253564268086,539.6329564156912,9639.26594674113,50000.0,0.009999999776482582,0.4181305766105652,1.0
1344,114.87587956605041,760.0627619021178,9635.083257119404,50000.0,0.009999999776482582,0.6669848561286926,1.0
1345,116.73426117171955,251.6637865493306,9132.084232232824,50000.0,0.009999999776482582,0.6637123227119446,1.0
1346,113.16425415298576,3426.0248886533295,11365.39828853096,50000.0,0.009999999776482582,0.5075574517250061,1.0
1347,112.07252966230901,789.1100630301243,9677.671615967762,50000.0,0.009999999776482582,0.33556851744651794,1.0
1348,113.12204567199302,3429.4507423007417,11383.957923390883,50000.0,0.009999999776482582,0.5068200826644897,1.0
1349,112.57022117954791,546.460078807674,9657.49203656334,50000.0,0.009999999776482582,0.25341445207595825,1.0
1350,112.476418465592,525.0191430990727,9645.740154743855,50000.0,0.009999999776482582,0.2524926960468292,1.0
1351,113.10950516207842,3368.698107673853,11367.341738065237,50000.0,0.009999999776482582,0.5065897703170776,1.0
1352,113.06941020392102,3418.8921144324854,11410.945894140055,50000.0,0.009999999776482582,0.5060352683067322,1.0
1353,112.46089239085626,523.7936099005258,9633.095826665403,50000.0,0.009999999776482582,0.2520599365234375,1.0
1354,113.64360277774466,532.3429391244634,9582.790077805781,50000.0,0.009999999776482582,0.414762943983078,1.0
1355,113.03312496020153,3366.687530999904,11401.591877593875,50000.0,0.009999999776482582,0.5053713917732239,1.0
1356,113.1426592379002,741.8549313575451,9595.337674304123,50000.0,0.009999999776482582,0.49485036730766296,1.0
1357,113.1051835637872,733.6938811388994,9580.77631162332,50000.0,0.009999999776482582,0.4937951862812042,1.0
1358,113.08161823373868,0.0,inf,50000.0,0.009999999776482582,0.1717911660671234,1.0
1359,112.82307662937342,0.0,inf,50000.0,0.009999999776482582,0.16979511082172394,1.0
1360,113.90227798063482,150.340642393771,9220.02831922822,50000.0,0.009999999776482582,0.33189281821250916,1.0
1361,113.8258435336565,148.7257737716563,9231.235217710613,50000.0,0.009999999776482582,0.3311837315559387,1.0
1362,113.45226667907149,482.05276917553624,9547.654732857052,50000.0,0.009999999776482582,0.4122564494609833,1.0
1363,113.30025058952434,3038.5849154777993,11314.25832056197,50000.0,0.009999999776482582,0.4228127598762512,1.0
1364,111.99099739610001,460.3926342484136,9581.099564912682,50000.0,0.009999999776482582,0.24749864637851715,1.0
1365,111.64240677028863,625.740772756726,9570.048960291424,50000.0,0.009999999776482582,0.328652024269104,1.0
1366,111.47760693800348,3016.449835114035,11253.568426362739,50000.0,0.009999999776482582,0.3390964865684509,1.0
1367,111.44315057760717,3058.819027559824,11291.680553949205,50000.0,0.009999999776482582,0.33868616819381714,1.0
1368,113.14427109621049,3078.6255903741685,11370.58784580521,50000.0,0.009999999776482582,0.42219609022140503,1.0
1369,113.11913776861671,3118.7093312994457,11412.6298357395,50000.0,0.009999999776482582,0.42183855175971985,1.0
1370,111.56556224943796,3157.502330070981,11463.074511209577,50000.0,0.009999999776482582,0.2560194134712219,1.0
1371,113.03596958033327,629.5469013540946,9540.240095765028,50000.0,0.009999999776482582,0.49306720495224,1.0
1372,111.65771633531713,427.08933124651344,9540.55409619258,50000.0,0.009999999776482582,0.2444649487733841,1.0
1373,111.69307500797298,0.0,inf,50000.0,0.009999999776482582,0.1614137887954712,1.0
1374,111.15575218466,3099.6884602094638,11316.385329117558,50000.0,0.009999999776482582,0.4195941388607025,1.0
1375,112.91902705434507,3109.684940170827,11442.826848951736,50000.0,0.009999999776482582,0.42090079188346863,1.0
1376,112.89359870382049,3150.752628834934,11485.520410419336,50000.0,0.009999999776482582,0.4205419719219208,1.0
1377,111.13007636103711,3212.8629629586653,11487.05354631714,50000.0,0.009999999776482582,0.3360093832015991,1.0
1378,112.98602551636961,429.64251682108056,9493.032144586445,50000.0,0.009999999776482582,0.4089733958244324,1.0
1379,113.0345866186564,132.90158320159227,9249.463684586948,50000.0,0.009999999776482582,0.32609203457832336,1.0
1380,111.06280469271265,3141.0236950099284,11524.367943131378,50000.0,0.009999999776482582,0.2524215579032898,1.0
1381,112.87102448725251,420.091881369207,9492.528720980246,50000.0,0.009999999776482582,0.4082580804824829,1.0
1382,112.70704535438624,3136.8913802066954,11527.792211422313,50000.0,0.009999999776482582,0.41913264989852905,1.0
1383,110.78245277895849,4507.225108574868,11589.369874317292,50000.0,0.009999999776482582,0.3457161486148834,1.0
1384,110.88917437300375,3333.4930483922253,11631.8269574999,50000.0,0.009999999776482582,0.334323912858963,1.0
1385,112.59168548192447,3362.5885447919036,11711.024603949116,50000.0,0.009999999776482582,0.4183458089828491,1.0
1386,112.73352527899993,440.2996022209159,9506.276617502075,50000.0,0.009999999776482582,0.4075997471809387,1.0
1387,112.72092912481496,437.7636062871053,9501.117467851438,50000.0,0.009999999776482582,0.40723007917404175,1.0
1388,112.70827923736655,435.3437395549209,9496.038751537979,50000.0,0.009999999776482582,0.40686094760894775,1.0
1389,116.1602644416869,243.8254132865928,9341.166349559728,50000.0,0.009999999776482582,0.6581270694732666,1.0
1390,112.59506666654326,3220.4955564099632,11681.166243246844,50000.0,0.009999999776482582,0.4170331656932831,1.0
1391,110.58807559903448,4651.056745280163,11681.292910401906,50000.0,0.009999999776482582,0.5106000900268555,1.0
1392,111.07574050213543,440.85239981505674,9517.603035525564,50000.0,0.009999999776482582,0.24010826647281647,1.0
1393,114.4055026267678,236.24328433644033,9443.528524411935,50000.0,0.009999999776482582,0.48936349153518677,1.0
1394,110.62626937335703,4704.231092613242,11808.429787805995,50000.0,0.009999999776482582,0.3439793884754181,1.0
1395,110.71291726008317,3483.053000527071,11840.149501229167,50000.0,0.009999999776482582,0.3325958549976349,1.0
1396,110.8652578858116,437.8318607085311,9514.802438796349,50000.0,0.009999999776482582,0.23878200352191925,1.0
1397,110.6025659211923,3449.549267051169,11903.005773008517,50000.0,0.009999999776482582,0.24871394038200378,1.0
1398,110.6276282644254,417.9007593630568,9506.4422473817,50000.0,0.009999999776482582,0.237256720662117,1.0
1399,110.51417014653092,403.6339243998816,9495.279528317611,50000.0,0.009999999776482582,0.23639442026615143,1.0
1400,112.20024007168118,3391.5731057426474,11863.932354358254,50000.0,0.009999999776482582,0.41521385312080383,1.0
1401,110.3777293602081,397.82012661605637,9491.41846067706,50000.0,0.009999999776482582,0.23553386330604553,1.0
1402,110.19806673000271,4805.294855596967,11895.445121382918,50000.0,0.009999999776482582,0.3409721255302429,1.0
1403,112.06264574874176,3533.6016701225294,11977.213701032328,50000.0,0.009999999776482582,0.4144681990146637,1.0
1404,109.8964033383758,0.0,inf,50000.0,0.009999999776482582,0.14978612959384918,1.0
1405,112.11820275977452,412.5065060608125,9483.593529133057,50000.0,0.009999999776482582,0.40360453724861145,1.0
1406,110.38875317821466,4942.172074762289,11958.79095481375,50000.0,0.009999999776482582,0.42484524846076965,1.0
1407,115.84950584922164,247.80365188288764,9419.674167827472,50000.0,0.009999999776482582,0.6581305861473083,1.0
1408,112.13612548533474,446.40256573330487,9501.59588726504,50000.0,0.009999999776482582,0.40277647972106934,1.0
1409,112.21317580131505,3563.554302422622,11991.23259350523,50000.0,0.009999999776482582,0.4974317252635956,1.0
1410,112.17473966994069,3628.169973010348,12037.072331575662,50000.0,0.009999999776482582,0.4968501627445221,1.0
1411,110.21110244413643,3691.239512730724,12095.962870949781,50000.0,0.009999999776482582,0.3286221921443939,1.0
1412,110.32871359558347,589.1179359506766,9482.430977838398,50000.0,0.009999999776482582,0.3176362216472626,1.0
1413,109.96949371873787,3672.677114759247,12161.068422431092,50000.0,0.009999999776482582,0.24432699382305145,1.0
1414,113.75155264821171,247.73901427674807,9547.462814738108,50000.0,0.009999999776482582,0.4862406551837921,1.0
1415,111.78759674999371,192.80353498335523,9611.545785830172,50000.0,0.009999999776482582,0.31710949540138245,1.0
1416,110.18613804883947,571.6300317173494,9474.481215401589,50000.0,0.009999999776482582,0.31667304039001465,1.0
1417,110.28247094130471,3593.098495639066,12024.82948778926,50000.0,0.009999999776482582,0.4109764099121094,1.0
1418,111.68876344805396,182.7883115308324,9586.16383976995,50000.0,0.009999999776482582,0.3166799545288086,1.0
1419,113.91105498454337,5060.409343758883,12140.272822168454,50000.0,0.009999999776482582,0.6752716302871704,1.0
1420,109.84847627622977,5318.720191645716,12276.17858446112,50000.0,0.009999999776482582,0.3376099169254303,1.0
1421,111.91759392449111,3932.2369744359676,12294.07904530861,50000.0,0.009999999776482582,0.4941360652446747,1.0
1422,111.74431930869652,236.69320413384742,9721.63868169816,50000.0,0.009999999776482582,0.31649017333984375,1.0
1423,111.87524966884962,3939.8598496151308,12312.632029172028,50000.0,0.009999999776482582,0.49360761046409607,1.0
1424,111.83782341695778,4010.679740964584,12355.687358594634,50000.0,0.009999999776482582,0.4930472671985626,1.0
1425,111.80058888205403,4081.576457327316,12397.457984431578,50000.0,0.009999999776482582,0.4924927055835724,1.0
1426,109.9237530580905,4137.289376649676,12456.19034428082,50000.0,0.009999999776482582,0.32560309767723083,1.0
1427,109.75833596902952,5918.408155148585,12559.93030935057,50000.0,0.009999999776482582,0.3359522223472595,1.0
1428,109.89310069658237,453.7562701587203,9473.443609780472,50000.0,0.009999999776482582,0.2318413406610489,1.0
1429,109.64187419882303,7447.407486755599,12633.905555353569,50000.0,0.009999999776482582,0.428455650806427,1.0
1430,111.53747818878101,6485.121711592868,12761.761209235496,50000.0,0.009999999776482582,0.5015993714332581,1.0
1431,109.80958248773346,474.4264747617388,9488.004154607528,50000.0,0.009999999776482582,0.23166969418525696,1.0
1432,109.94729834964372,4732.357484087529,12669.71494604161,50000.0,0.009999999776482582,0.489691823720932,1.0
1433,111.5353842868504,4759.532065346764,12842.017642107921,50000.0,0.009999999776482582,0.4084464907646179,1.0
1434,113.33645223951287,4828.608684865602,12857.051676326875,50000.0,0.009999999776482582,0.5752352476119995,1.0
1435,109.8415691604755,478.1188668233473,9478.458556362622,50000.0,0.009999999776482582,0.23144960403442383,1.0
1436,109.67298352034028,0.0,inf,50000.0,0.009999999776482582,0.14842413365840912,1.0
1437,111.36035869619612,4742.857105135838,12866.885800989146,50000.0,0.009999999776482582,0.4072794020175934,1.0
1438,109.5259326661327,4810.283281190264,12867.486209686218,50000.0,0.009999999776482582,0.3222983777523041,1.0
1439,111.64117426320625,4891.51766562666,12827.093409520565,50000.0,0.009999999776482582,0.5728374123573303,1.0
1440,111.37645509330679,332.53478994521055,9887.869803507181,50000.0,0.009999999776482582,0.31454381346702576,1.0
1441,109.48285925157151,4866.240932323719,12912.687094015426,50000.0,0.009999999776482582,0.32160452008247375,1.0
1442,111.43316548824194,6973.533252428882,12964.393652581686,50000.0,0.009999999776482582,0.5814753174781799,1.0
1443,111.34518799433096,359.9161473811199,9928.176489179392,50000.0,0.009999999776482582,0.3142993748188019,1.0
1444,109.33840191916967,7134.386760596985,13072.530703896542,50000.0,0.009999999776482582,0.3309488892555237,1.0
1445,111.20129351256128,5232.4088407930785,13119.473714559972,50000.0,0.009999999776482582,0.4055531919002533,1.0
1446,111.17510818860738,5301.226619293609,13152.302989899688,50000.0,0.009999999776482582,0.4052160680294037,1.0
1447,109.33982683892303,5370.5918585096615,13159.070700730339,50000.0,0.009999999776482582,0.32046499848365784,1.0
1448,109.24792029816227,475.47574137406843,9474.704029012688,50000.0,0.009999999776482582,0.22808106243610382,1.0
1449,111.15282045009435,7572.661602608891,13211.131514444303,50000.0,0.009999999776482582,0.49704205989837646,1.0
1450,109.2427823984551,5560.476191010475,13251.816158359145,50000.0,0.009999999776482582,0.31958553194999695,1.0
1451,111.12083374264186,7962.470827563129,13324.789487773423,50000.0,0.009999999776482582,0.4961869418621063,1.0
1452,111.02703168385524,5838.871866468684,13384.702616813198,50000.0,0.009999999776482582,0.40388765931129456,1.0
1453,109.06238889756017,5890.783438561152,13445.961711973861,50000.0,0.009999999776482582,0.2361859232187271,1.0
1454,108.91391005588393,5945.937616027102,13470.541876639712,50000.0,0.009999999776482582,0.23532328009605408,1.0
1455,109.2468320976752,8515.190202529762,13476.177583716108,50000.0,0.009999999776482582,0.4103720188140869,1.0
1456,110.64327177765969,432.0953764570979,10031.24272816806,50000.0,0.009999999776482582,0.3112158477306366,1.0
1457,108.44481347833342,0.0,inf,50000.0,0.009999999776482582,0.14187942445278168,1.0
1458,108.4449865375191,6035.755579726368,13525.902931964049,50000.0,0.009999999776482582,0.23271869122982025,1.0
1459,108.8514553710995,673.9155099368963,9492.98174045501,50000.0,0.009999999776482582,0.3093390464782715,1.0
1460,108.81829405198071,650.4761716466862,9475.208349873494,50000.0,0.009999999776482582,0.30846238136291504,1.0
1461,108.19910654388401,5933.460160165907,13506.802412572939,50000.0,0.009999999776482582,0.23149941861629486,1.0
1462,114.5844140882483,595.1371940326918,9951.617138133444,50000.0,0.009999999776482582,0.6505154371261597,1.0
1463,111.3503935302441,8447.629046427199,13497.385234110168,50000.0,0.009999999776482582,0.5790982246398926,1.0
1464,110.2159796363051,460.5570444967724,10089.140951568439,50000.0,0.009999999776482582,0.3087710738182068,1.0
1465,110.47849109854045,6111.945639060587,13560.568375973147,50000.0,0.009999999776482582,0.40078288316726685,1.0
1466,110.50488018771873,690.0819658750287,9801.229836752967,50000.0,0.009999999776482582,0.39244258403778076,1.0
1467,112.26093152640439,707.6629600662158,10144.535393925118,50000.0,0.009999999776482582,0.47667062282562256,1.0
1468,108.22201794604578,6025.087349702853,13598.701885048029,50000.0,0.009999999776482582,0.2312885820865631,1.0
1469,110.80156965453432,6120.646002701773,13531.286986927587,50000.0,0.009999999776482582,0.48451462388038635,1.0
1470,110.35870103196964,6185.462282388627,13607.942571644162,50000.0,0.009999999776482582,0.3994058072566986,1.0
1471,112.5054676962152,6286.40261827563,13587.29048994255,50000.0,0.009999999776482582,0.5676584839820862,1.0
1472,108.57374408768383,6322.2070343245205,13668.455359207086,50000.0,0.009999999776482582,0.31533288955688477,1.0
1473,112.77960738669739,9083.336598078678,13693.357471889456,50000.0,0.009999999776482582,0.658794105052948,1.0
1474,108.35318834454361,515.8796719163483,9512.685569137842,50000.0,0.009999999776482582,0.22380131483078003,1.0
1475,107.8862326285606,0.0,inf,50000.0,0.009999999776482582,0.13876011967658997,1.0
1476,112.37156231632524,6496.261101522791,13662.63301266398,50000.0,0.009999999776482582,0.566154420375824,1.0
1477,110.22980720847605,927.5720902959924,10075.967932339343,50000.0,0.009999999776482582,0.390061616897583,1.0
1478,110.57607225085425,1067.565092283691,9949.914757614646,50000.0,0.009999999776482582,0.47423648834228516,1.0
1479,110.22970961670686,943.0718778321412,10109.858169093523,50000.0,0.009999999776482582,0.3892401158809662,1.0
1480,112.2567196019538,6387.062859228283,13605.753835821335,50000.0,0.009999999776482582,0.5639015436172485,1.0
1481,108.70469430371885,11072.6344645199,13814.928527396578,50000.0,0.009999999776482582,0.4135631024837494,1.0
1482,108.44828225241443,6705.552075484896,13859.881016122199,50000.0,0.009999999776482582,0.3137717843055725,1.0
1483,109.91091995714118,887.5367149410293,10446.288733140413,50000.0,0.009999999776482582,0.3051512539386749,1.0
1484,108.66439870374747,11614.383157916516,13931.317342287983,50000.0,0.009999999776482582,0.41212114691734314,1.0
1485,108.02649520259698,517.6765566991926,9516.48786240198,50000.0,0.009999999776482582,0.22202476859092712,1.0
1486,110.74754257103721,12074.53693211765,13987.723138696301,50000.0,0.009999999776482582,0.5781905055046082,1.0
1487,112.0147369264684,1422.9829122550218,10326.494643526921,50000.0,0.009999999776482582,0.5550180077552795,1.0
1488,108.29344426222656,735.9230010200966,9522.118527605679,50000.0,0.009999999776482582,0.3056897819042206,1.0
1489,113.87681807750069,1733.3479632390029,10393.478766912984,50000.0,0.009999999776482582,0.7196301817893982,1.0
1490,108.46766123711959,7046.555174332358,13969.052721661568,50000.0,0.009999999776482582,0.394731342792511,1.0
1491,110.06460713831446,1055.738452767694,10548.786337338406,50000.0,0.009999999776482582,0.3051721453666687,1.0
1492,109.9499927315894,1088.246295108329,10558.382663592327,50000.0,0.009999999776482582,0.30448445677757263,1.0
1493,110.03054014303753,7012.974313748911,13921.258090837939,50000.0,0.009999999776482582,0.3940148949623108,1.0
1494,109.79516298478332,1159.3138715847158,10581.31624996738,50000.0,0.009999999776482582,0.3035144805908203,1.0
1495,107.92439135846638,519.0289618180677,9503.481753602364,50000.0,0.009999999776482582,0.22088688611984253,1.0
1496,108.04099389275137,712.2850287690043,9495.127145374534,50000.0,0.009999999776482582,0.3033282458782196,1.0
1497,109.49649843871458,1106.5472144762239,10564.082422018007,50000.0,0.009999999776482582,0.30215921998023987,1.0
1498,107.61786145893637,489.91760852326047,9478.923242878058,50000.0,0.009999999776482582,0.2189406305551529,1.0
1499,111.74265251057184,1614.492267098467,10444.20127319948,50000.0,0.009999999776482582,0.5510485768318176,1.0
1500,109.6536650212685,1278.0973815318607,10401.891414454349,50000.0,0.009999999776482582,0.3841499984264374,1.0
1501,108.57364073557672,9168.062493847252,13927.655100451517,50000.0,0.009999999776482582,0.4842261075973511,1.0
1502,108.43643317937533,6678.315307884592,13899.770817895263,50000.0,0.009999999776482582,0.47397226095199585,1.0
1503,110.02587099616609,9568.512582643672,13989.767715883005,50000.0,0.009999999776482582,0.4829399883747101,1.0
1504,107.68411618340319,0.0,inf,50000.0,0.009999999776482582,0.13756801187992096,1.0
1505,109.35235197494906,1144.8551714982157,10594.694239242956,50000.0,0.009999999776482582,0.3011956214904785,1.0
1506,109.87019445399959,6864.434832972411,13893.204191920644,50000.0,0.009999999776482582,0.4738439917564392,1.0
1507,107.75545928428659,660.1370151610861,9436.005030606613,50000.0,0.009999999776482582,0.29944080114364624,1.0
1508,107.45663319847576,452.66410579796127,9417.08221306909,50000.0,0.009999999776482582,0.21682903170585632,1.0
1509,109.49110682397476,6741.332867417515,13931.291859652185,50000.0,0.009999999776482582,0.3911711871623993,1.0
1510,107.34461430664156,6711.249937775282,14106.056504916827,50000.0,0.009999999776482582,0.22495071589946747,1.0
1511,106.70541520792374,0.0,inf,50000.0,0.009999999776482582,0.13270722329616547,1.0
1512,112.04090145393772,9612.293682091626,13971.867055896148,50000.0,0.009999999776482582,0.6495078206062317,1.0
1513,111.83946228052788,7132.585839569468,13825.60895551642,50000.0,0.009999999776482582,0.6389451622962952,1.0
1514,108.20255850099613,7009.468072164982,14075.854878844943,50000.0,0.009999999776482582,0.4708992838859558,1.0
1515,107.33599781836298,458.670497976898,9406.64995145214,50000.0,0.009999999776482582,0.2159782350063324,1.0
1516,109.64475678462453,7061.662503992288,14003.878596714309,50000.0,0.009999999776482582,0.4711414575576782,1.0
1517,109.39066900027956,7120.8880564188585,14059.64728760456,50000.0,0.009999999776482582,0.38953259587287903,1.0
1518,108.06294075997317,12303.146722505631,14261.698780937442,50000.0,0.009999999776482582,0.4047996401786804,1.0
1519,107.71918781833253,10505.404342944868,14347.564004156524,50000.0,0.009999999776482582,0.31383055448532104,1.0
1520,107.11163514402332,467.65523173210676,9419.195372722199,50000.0,0.009999999776482582,0.21519038081169128,1.0
1521,108.76188717241712,1234.1719626518704,10646.744131099433,50000.0,0.009999999776482582,0.2983914613723755,1.0
1522,106.47417174015315,0.0,inf,50000.0,0.009999999776482582,0.13178101181983948,1.0
1523,107.71156884842394,7383.629531033581,14285.068850902253,50000.0,0.009999999776482582,0.38662996888160706,1.0
1524,106.62923191662277,436.38267999615533,9395.544835546803,50000.0,0.009999999776482582,0.21263451874256134,1.0
1525,105.9423728091433,0.0,inf,50000.0,0.009999999776482582,0.12930269539356232,1.0
1526,106.23672994963374,416.15010440979063,9383.872461638051,50000.0,0.009999999776482582,0.21079324185848236,1.0
1527,106.08733494808773,405.9869782002616,9375.151996146911,50000.0,0.009999999776482582,0.2099970132112503,1.0
1528,111.97682952253888,10164.740457279431,14193.342603483876,50000.0,0.009999999776482582,0.6486604809761047,1.0
1529,108.2444226954346,7321.972360597715,14279.726449877096,50000.0,0.009999999776482582,0.46823805570602417,1.0
1530,108.76081063659454,7435.968058665425,14253.77399274273,50000.0,0.009999999776482582,0.3869287669658661,1.0
1531,105.59513366843466,0.0,inf,50000.0,0.009999999776482582,0.12774914503097534,1.0
1532,110.24253049640917,1641.321801128972,10619.86295092755,50000.0,0.009999999776482582,0.4627779424190521,1.0
1533,105.96557687965574,411.29457642983414,9367.881249307848,50000.0,0.009999999776482582,0.2091924548149109,1.0
1534,105.91931579758487,7191.124668098862,14379.616705077771,50000.0,0.009999999776482582,0.21737749874591827,1.0
1535,106.4955423606838,561.7059344329111,9362.379187280849,50000.0,0.009999999776482582,0.29147979617118835,1.0
1536,112.58768782330375,1994.3424765981765,10618.798998915789,50000.0,0.009999999776482582,0.6310970187187195,1.0
1537,110.0535622077943,1871.7836260560437,10671.61177158899,50000.0,0.009999999776482582,0.4607815742492676,1.0
1538,106.60445843240761,7056.510661426607,14326.407290451987,50000.0,0.009999999776482582,0.3002012372016907,1.0
1539,108.23024943074205,1467.7722363215823,10568.76084247146,50000.0,0.009999999776482582,0.3753606081008911,1.0
1540,110.69283319370136,2066.612795675038,10637.642267673347,50000.0,0.009999999776482582,0.5426106452941895,1.0
1541,109.1463747323629,9998.607494594547,14227.028668841784,50000.0,0.009999999776482582,0.47608739137649536,1.0
1542,107.23339788450312,7202.335315936804,14339.369849167664,50000.0,0.009999999776482582,0.3820362389087677,1.0
1543,108.98681740439667,7418.631895358714,14153.057813439213,50000.0,0.009999999776482582,0.4657244384288788,1.0
1544,106.06604918937356,7322.000533164564,14452.727316017555,50000.0,0.009999999776482582,0.21750442683696747,1.0
1545,105.89442278432195,7383.9180387143,14474.604074491299,50000.0,0.009999999776482582,0.2166963666677475,1.0
1546,107.36049800740481,1543.0462184562602,10741.196534958674,50000.0,0.009999999776482582,0.29142165184020996,1.0
1547,106.51110276424565,10451.3096712759,14489.268587782195,50000.0,0.009999999776482582,0.3073171079158783,1.0
1548,104.5591107647155,0.0,inf,50000.0,0.009999999776482582,0.12306337058544159,1.0
1549,109.5511780775449,2180.8448977723174,10729.64510803953,50000.0,0.009999999776482582,0.45805782079696655,1.0
1550,105.12496788068367,414.2530209814742,9356.575777949058,50000.0,0.009999999776482582,0.2052401602268219,1.0
1551,106.06863900716814,7366.516687691199,14471.89164471139,50000.0,0.009999999776482582,0.29718732833862305,1.0
1552,106.69233606145673,1589.7723011051944,10738.931097392913,50000.0,0.009999999776482582,0.2887602150440216,1.0
1553,106.0764485039811,10419.045234939278,14518.622622886904,50000.0,0.009999999776482582,0.3054789900779724,1.0
1554,106.48631164721134,1619.510847456409,10741.546476898959,50000.0,0.009999999776482582,0.28799548745155334,1.0
1555,104.71580864550131,7506.545687360248,14560.133371587099,50000.0,0.009999999776482582,0.2115088701248169,1.0
1556,105.73499870544671,7582.147836911957,14551.56513254967,50000.0,0.009999999776482582,0.2959090769290924,1.0
1557,110.21917307253457,2294.1414322301266,10683.461451188017,50000.0,0.009999999776482582,0.5416602492332458,1.0
1558,110.1770480865892,2445.6543817541346,10711.374321927955,50000.0,0.009999999776482582,0.5404500961303711,1.0
1559,109.58509659098566,7771.558043118061,14202.592245550626,50000.0,0.009999999776482582,0.5481081604957581,1.0
1560,107.45286319021135,1890.7932604299642,10718.102659956454,50000.0,0.009999999776482582,0.37068647146224976,1.0
1561,106.77366617095437,7574.731674028257,14525.278594567848,50000.0,0.009999999776482582,0.37857747077941895,1.0
1562,104.93396465951896,7639.280547211415,14610.728408441864,50000.0,0.009999999776482582,0.21206454932689667,1.0
1563,110.22603936327071,8131.137831086935,14072.637564871598,50000.0,0.009999999776482582,0.547173023223877,1.0
1564,104.66520714260255,407.5571641356199,9330.802442434364,50000.0,0.009999999776482582,0.2025524526834488,1.0
1565,105.6990587507137,7742.097315522023,14614.03739387147,50000.0,0.009999999776482582,0.29427507519721985,1.0
1566,105.86055712983188,11069.879377765708,14669.612731924166,50000.0,0.009999999776482582,0.30320900678634644,1.0
1567,103.3019018968075,0.0,inf,50000.0,0.009999999776482582,0.11777488887310028,1.0
1568,109.90707140438559,2566.1284016316617,10755.68532290913,50000.0,0.009999999776482582,0.5380625128746033,1.0
1569,110.89881421272752,2746.6662713903793,10747.673443563228,50000.0,0.009999999776482582,0.6204956769943237,1.0
1570,107.1592218393764,2039.5305106963158,10779.593600764149,50000.0,0.009999999776482582,0.3682069182395935,1.0
1571,106.75058860732423,11010.87430470741,14658.67506422673,50000.0,0.009999999776482582,0.3854348957538605,1.0
1572,107.92237262796519,13960.362219232373,14721.745646987965,50000.0,0.009999999776482582,0.4769241511821747,1.0
1573,108.58317191542211,12199.393975709609,14659.143368144265,50000.0,0.009999999776482582,0.4689067006111145,1.0
1574,103.72128615505133,0.0,inf,50000.0,0.009999999776482582,0.11962435394525528,1.0
1575,106.10164926922127,1956.4602695427225,10868.288898992801,50000.0,0.009999999776482582,0.28516077995300293,1.0
1576,104.4637411932134,8595.442280914931,14843.458023922463,50000.0,0.009999999776482582,0.20921723544597626,1.0
1577,112.62803902326904,9339.152512863691,14065.445749176375,50000.0,0.009999999776482582,0.7117556929588318,1.0
1578,107.84291368494492,2236.4129243833186,10757.817795063364,50000.0,0.009999999776482582,0.449728399515152,1.0
1579,103.41827958781744,0.0,inf,50000.0,0.009999999776482582,0.11828745156526566,1.0
1580,109.06014730124384,8927.339531419586,14450.767263807249,50000.0,0.009999999776482582,0.5410987734794617,1.0
1581,105.42915202253594,8758.190343498236,14843.176074201167,50000.0,0.009999999776482582,0.2913398742675781,1.0
1582,105.94113170363818,2108.09890886485,10903.741888107492,50000.0,0.009999999776482582,0.283810019493103,1.0
1583,109.78399352982412,9274.341732695299,14229.637206217443,50000.0,0.009999999776482582,0.5415094494819641,1.0
1584,104.0935532331996,420.60422187790897,9313.258227378388,50000.0,0.009999999776482582,0.19948576390743256,1.0
1585,107.98212910261543,9065.47984671895,14479.675399007667,50000.0,0.009999999776482582,0.45682281255722046,1.0
1586,103.06101341499804,0.0,inf,50000.0,0.009999999776482582,0.11682264506816864,1.0
1587,105.5441532129947,2272.03857998047,10906.426639211024,50000.0,0.009999999776482582,0.28192004561424255,1.0
1588,106.81984390086501,8992.120641271118,14471.363471361967,50000.0,0.009999999776482582,0.37364625930786133,1.0
1589,103.57548706348734,407.686792518142,9309.041807564776,50000.0,0.009999999776482582,0.19742727279663086,1.0
1590,103.7408058128274,8670.177034021013,14894.202432817998,50000.0,0.009999999776482582,0.20603017508983612,1.0
1591,111.02137603978345,12833.34538541543,14514.978588008082,50000.0,0.009999999776482582,0.6333786845207214,1.0
1592,106.40094873678044,12875.747895892056,14943.403552841626,50000.0,0.009999999776482582,0.3814344108104706,1.0
1593,110.86735706231617,4144.62992421998,10912.453201720013,50000.0,0.009999999776482582,0.6139040589332581,1.0
1594,104.59944664688221,600.4029536566534,9321.2308294281,50000.0,0.009999999776482582,0.2802765667438507,1.0
1595,104.95350815058659,9221.571204881004,14942.097401455138,50000.0,0.009999999776482582,0.288749635219574,1.0
1596,109.45934988608967,9982.305682360902,14188.182638165576,50000.0,0.009999999776482582,0.5380561947822571,1.0
1597,109.02474671336273,3930.4643542749923,10907.713747766447,50000.0,0.009999999776482582,0.5278591513633728,1.0
1598,106.3428910386212,13276.186231678068,14964.772168360463,50000.0,0.009999999776482582,0.37986600399017334,1.0
1599,104.54620929281879,602.7494110212741,9303.982495749437,50000.0,0.009999999776482582,0.278960645198822,1.0
1600,102.66734018018741,0.0,inf,50000.0,0.009999999776482582,0.11529295891523361,1.0
1601,104.36859902255478,576.0948330386726,9287.577142898786,50000.0,0.009999999776482582,0.2778221666812897,1.0
1602,107.57598373583964,9661.433541472034,14486.018162581167,50000.0,0.009999999776482582,0.452756404876709,1.0
1603,106.13978910168012,2780.963508702295,10888.395164381525,50000.0,0.009999999776482582,0.3608172535896301,1.0
1604,103.7509428319479,9282.754679625332,14989.80996317353,50000.0,0.009999999776482582,0.2052437961101532,1.0
1605,104.94454709225961,2780.9821170617656,10925.60755326475,50000.0,0.009999999776482582,0.278577595949173,1.0
1606,102.99663695869569,394.7010969821063,9265.410239314615,50000.0,0.009999999776482582,0.19411641359329224,1.0
1607,107.43060834055002,9595.994624937828,14437.903008059759,50000.0,0.009999999776482582,0.45207566022872925,1.0
1608,105.85879500324643,2914.281792451489,10879.030536432358,50000.0,0.009999999776482582,0.3595596253871918,1.0
1609,109.14194822189546,10107.047104256171,13970.144183798215,50000.0,0.009999999776482582,0.5353974103927612,1.0
1610,107.6482376853702,4590.097598553584,10910.598289403813,50000.0,0.009999999776482582,0.4426623284816742,1.0
1611,108.82979890961164,13637.183102329127,14531.598838896494,50000.0,0.009999999776482582,0.5422798991203308,1.0
1612,109.14172508576642,10964.69166876108,13639.234047657714,50000.0,0.009999999776482582,0.5331339836120605,1.0
1613,104.64147733907784,9692.004041642396,14992.264637802411,50000.0,0.009999999776482582,0.2856592833995819,1.0
1614,104.59517283804094,9757.586285331181,15005.75501458598,50000.0,0.009999999776482582,0.28529444336891174,1.0
1615,110.01494403240743,11348.990201476961,13586.525310117355,50000.0,0.009999999776482582,0.6133655309677124,1.0
1616,103.81363201961751,9930.408261148163,15037.675337688188,50000.0,0.009999999776482582,0.20467941462993622,1.0
1617,102.12475484266871,0.0,inf,50000.0,0.009999999776482582,0.11317742615938187,1.0
1618,107.50719112827079,6008.574740990564,10875.441154315304,50000.0,0.009999999776482582,0.44070160388946533,1.0
1619,103.35401220726773,9848.561652235448,15045.092588455815,50000.0,0.009999999776482582,0.20294615626335144,1.0
1620,106.13337596850354,10987.151667108792,13935.08827920918,50000.0,0.009999999776482582,0.366873174905777,1.0
1621,105.56561844799963,4939.464542511666,10823.176255419148,50000.0,0.009999999776482582,0.3570524752140045,1.0
1622,101.42080848966965,0.0,inf,50000.0,0.009999999776482582,0.1104147732257843,1.0
1623,104.17491511995556,4963.178986023536,10818.589536289985,50000.0,0.009999999776482582,0.27410510182380676,1.0
1624,105.84240469036597,11059.868196563502,13706.282617548379,50000.0,0.009999999776482582,0.3658151924610138,1.0
1625,110.14213731714936,12528.98283058297,12921.806114644649,50000.0,0.009999999776482582,0.6136466264724731,1.0
1626,104.61334902309633,14111.736238454669,15071.103766675631,50000.0,0.009999999776482582,0.292630136013031,1.0
1627,104.5939107152857,14474.920754258586,15102.836291639953,50000.0,0.009999999776482582,0.29211315512657166,1.0
1628,105.90329173899661,12077.659218049947,13608.464389000506,50000.0,0.009999999776482582,0.3650164008140564,1.0
1629,105.90173589102122,12322.702929643334,13515.433203335191,50000.0,0.009999999776482582,0.3647802174091339,1.0
1630,100.7610164937509,0.0,inf,50000.0,0.009999999776482582,0.1080586165189743,1.0
1631,102.37623144826534,10567.75489873053,15149.645655368142,50000.0,0.009999999776482582,0.19860874116420746,1.0
1632,106.90827022984104,8788.925607208095,10729.32543429445,50000.0,0.009999999776482582,0.4376537501811981,1.0
1633,101.59257582783229,409.46795489000823,9302.649692187619,50000.0,0.009999999776482582,0.18952025473117828,1.0
1634,102.94230014411603,563.9659411190753,9294.405667232926,50000.0,0.009999999776482582,0.2727462351322174,1.0
1635,103.37241187073973,6514.435494256602,10702.743611653817,50000.0,0.009999999776482582,0.2708422839641571,1.0
1636,103.39324983362842,10283.042550519087,15125.069054916345,50000.0,0.009999999776482582,0.28069067001342773,1.0
1637,103.17476407868355,6604.789577890399,10686.852018196081,50000.0,0.009999999776482582,0.27018100023269653,1.0
1638,107.4086669029845,16110.368998681854,13907.1232888321,50000.0,0.009999999776482582,0.45576685667037964,1.0
1639,101.07722366219733,388.68980651262945,9280.866215541502,50000.0,0.009999999776482582,0.187440887093544,1.0
1640,102.97375968016503,7066.98125897986,10649.708322941098,50000.0,0.009999999776482582,0.2693602740764618,1.0
1641,99.00575934698317,0.0,inf,50000.0,0.009999999776482582,0.101849764585495,1.0
1642,106.39370076008579,10015.546477508266,10620.787276278692,50000.0,0.009999999776482582,0.435701459646225,1.0
1643,100.52629422051241,378.1010618128617,9280.406581872618,50000.0,0.009999999776482582,0.18564178049564362,1.0
1644,104.38125338326462,7763.793437819052,10564.55448453715,50000.0,0.009999999776482582,0.3527132272720337,1.0
1645,107.28276329468535,16337.025687476038,13493.606146505,50000.0,0.009999999776482582,0.45523884892463684,1.0
1646,106.8360967062691,13437.924891517472,12603.384490396302,50000.0,0.009999999776482582,0.44612812995910645,1.0
1647,100.4550641035493,373.6883166711305,9266.162341462965,50000.0,0.009999999776482582,0.18514655530452728,1.0
1648,104.42453427381393,8734.417427181586,10499.348073479738,50000.0,0.009999999776482582,0.3520476222038269,1.0
1649,103.30220830376946,14398.497937528644,15160.984988701137,50000.0,0.009999999776482582,0.2868431806564331,1.0
1650,104.36827739134537,8922.29191287287,10478.814508566255,50000.0,0.009999999776482582,0.35178759694099426,1.0
1651,102.52827825916312,9289.24221457321,10451.184665638328,50000.0,0.009999999776482582,0.26681438088417053,1.0
1652,102.57244294002174,10241.723744361221,15153.610332581004,50000.0,0.009999999776482582,0.2772815525531769,1.0
1653,100.54940782138003,10292.027876376866,15177.96689953273,50000.0,0.009999999776482582,0.19199560582637787,1.0
1654,106.13216817851527,9140.140245709534,10423.649676196845,50000.0,0.009999999776482582,0.4363081157207489,1.0
1655,107.30252798385675,17372.106460700616,13139.367415269282,50000.0,0.009999999776482582,0.45341771841049194,1.0
1656,97.9017578915032,0.0,inf,50000.0,0.009999999776482582,0.09825170785188675,1.0
1657,108.09383125826652,20895.527283729956,15197.066758032748,50000.0,0.009999999776482582,0.47237303853034973,1.0
1658,102.40898685151107,10929.570177189898,15208.820515318883,50000.0,0.009999999776482582,0.2757854163646698,1.0
1659,97.55777887840118,0.0,inf,50000.0,0.009999999776482582,0.09727019816637039,1.0
1660,100.03939711941332,10879.448166843309,15234.257757588837,50000.0,0.009999999776482582,0.18958549201488495,1.0
1661,105.97063735043866,12494.736036761933,10418.496964532193,50000.0,0.009999999776482582,0.43345755338668823,1.0
1662,101.43514931381488,482.3795256853225,9253.60609955691,50000.0,0.009999999776482582,0.2669609785079956,1.0
1663,104.45357971461394,14554.636863489728,12342.234771154388,50000.0,0.009999999776482582,0.35796085000038147,1.0
1664,99.79147712766785,10874.958847281796,15237.792653210214,50000.0,0.009999999776482582,0.1886807382106781,1.0
1665,101.915234338658,10939.900473259288,15235.685751490011,50000.0,0.009999999776482582,0.27404534816741943,1.0
1666,99.54266620543736,10979.992551456517,15253.005819024398,50000.0,0.009999999776482582,0.18775111436843872,1.0
1667,103.49199578228271,9495.64371907437,10333.749450100417,50000.0,0.009999999776482582,0.3492453992366791,1.0
1668,108.72055345630106,14836.391646247916,12293.834908386527,50000.0,0.009999999776482582,0.5292119979858398,1.0
1669,103.68984715309172,10558.086261468672,10284.996219689547,50000.0,0.009999999776482582,0.3488064408302307,1.0
1670,98.81385272745227,323.56484777338744,9209.594178095696,50000.0,0.009999999776482582,0.1791924089193344,1.0
1671,111.69820935751247,21410.44437337304,12125.033381658443,50000.0,0.009999999776482582,0.6201919913291931,1.0
1672,104.62659547795877,16732.440787184485,11695.29693914166,50000.0,0.009999999776482582,0.3567922115325928,1.0
1673,109.5689810042103,21831.32074863919,10951.814688835131,50000.0,0.009999999776482582,0.5260577201843262,1.0
1674,104.23279663946927,15430.74157942309,9979.94276374912,50000.0,0.009999999776482582,0.34892532229423523,1.0
1675,102.1882635048901,16013.71249302254,9928.21240370597,50000.0,0.009999999776482582,0.2639111280441284,1.0
1676,101.73257500221197,11076.31532821683,15215.829779735797,50000.0,0.009999999776482582,0.272164523601532,1.0
1677,104.91084834864672,19619.93471139873,10957.78089303296,50000.0,0.009999999776482582,0.35643085837364197,1.0
1678,115.19926006026617,31083.200212048083,10239.308769774727,50000.0,0.009999999776482582,0.6955826282501221,1.0
1679,101.79036641844813,11221.050706167392,15196.453164459455,50000.0,0.009999999776482582,0.27193132042884827,1.0
1680,104.38839953834751,17540.81968910905,9766.622000266068,50000.0,0.009999999776482582,0.34800606966018677,1.0
1681,100.91074211846941,474.13033779366975,9205.732703291895,50000.0,0.009999999776482582,0.26347973942756653,1.0
1682,98.7441733299725,329.4035070544645,9187.123868556379,50000.0,0.009999999776482582,0.1784859448671341,1.0
1683,99.37770993210842,10983.154856968746,15211.851645535824,50000.0,0.009999999776482582,0.18622712790966034,1.0
1684,101.44471054707897,11034.081678788301,15208.129620432377,50000.0,0.009999999776482582,0.2702833414077759,1.0
1685,101.69800312086262,15823.25501864296,9800.13549616567,50000.0,0.009999999776482582,0.26177969574928284,1.0
1686,104.60825974553322,19303.833388324783,10858.60532622198,50000.0,0.009999999776482582,0.3543427884578705,1.0
1687,104.6048221025655,19400.71018802562,10834.802511694808,50000.0,0.009999999776482582,0.35402366518974304,1.0
1688,106.80655263442884,19494.546661826345,10811.485904154886,50000.0,0.009999999776482582,0.4387449026107788,1.0
1689,107.56613516564505,22367.730504511448,11576.747535301567,50000.0,0.009999999776482582,0.4460170567035675,1.0
1690,101.33040070144723,11301.826625167778,15197.10261185765,50000.0,0.009999999776482582,0.26927682757377625,1.0
1691,101.60411732623513,15479.083494580736,9716.877511523338,50000.0,0.009999999776482582,0.26059490442276,1.0
1692,98.0409251028261,315.6731589366165,9185.329294463832,50000.0,0.009999999776482582,0.17641989886760712,1.0
1693,103.40362739433246,11198.54933463992,15196.304261070534,50000.0,0.009999999776482582,0.35339221358299255,1.0
1694,108.75025945462377,18535.68765472028,10991.495639237964,50000.0,0.009999999776482582,0.5212318301200867,1.0
1695,100.31554250687192,435.3868962505096,9148.917432478713,50000.0,0.009999999776482582,0.25969627499580383,1.0
1696,98.8978288016085,11124.83126239948,15202.994966362656,50000.0,0.009999999776482582,0.18377071619033813,1.0
1697,104.23231672788158,17750.794721948336,11159.700797396754,50000.0,0.009999999776482582,0.35151517391204834,1.0
1698,110.77772456096235,19520.809606731687,9749.878308220408,50000.0,0.009999999776482582,0.5953198075294495,1.0
1699,103.23847176740117,11137.42124408415,15169.816626792031,50000.0,0.009999999776482582,0.35013696551322937,1.0
1700,104.30880664382188,17100.696821109017,11279.512983808088,50000.0,0.009999999776482582,0.35068726539611816,1.0
1701,95.80593891665316,0.0,inf,50000.0,0.009999999776482582,0.09208525717258453,1.0
1702,103.2580413719576,13086.086762223638,9726.782746132578,50000.0,0.009999999776482582,0.3417670726776123,1.0
1703,101.01779132343002,12924.065020700751,9707.540367772428,50000.0,0.009999999776482582,0.2581061124801636,1.0
1704,104.03048884097873,17044.258536756108,11146.398185167975,50000.0,0.009999999776482582,0.3496573865413666,1.0
1705,98.46478877970802,10998.352231151444,15179.116129060785,50000.0,0.009999999776482582,0.1820407211780548,1.0
1706,94.88793069018304,0.0,inf,50000.0,0.009999999776482582,0.08938191831111908,1.0
1707,97.09089684070297,285.1552686721282,9118.047923846385,50000.0,0.009999999776482582,0.17254938185214996,1.0
1708,96.91863455808836,279.62354871219145,9111.133355196087,50000.0,0.009999999776482582,0.1719619631767273,1.0
1709,102.63682561071695,12716.94552609251,9619.579885582833,50000.0,0.009999999776482582,0.3402442932128906,1.0
1710,97.60286392408523,10798.295990422332,15208.4682975613,50000.0,0.009999999776482582,0.1797633171081543,1.0
1711,108.44390006891783,16614.341650307768,11137.275435935035,50000.0,0.009999999776482582,0.5176354646682739,1.0
1712,105.59881860506306,17098.952446761486,9622.589836073968,50000.0,0.009999999776482582,0.4235492944717407,1.0
1713,96.75880044625917,276.65497815890564,9087.32930276568,50000.0,0.009999999776482582,0.1710914671421051,1.0
1714,105.52314613835306,16962.5692940721,9557.533985399925,50000.0,0.009999999776482582,0.42266127467155457,1.0
1715,103.31997545553277,16073.16209813167,11104.20299648612,50000.0,0.009999999776482582,0.34696099162101746,1.0
1716,99.87184869898823,11896.702322723911,9455.001445452514,50000.0,0.009999999776482582,0.2538944482803345,1.0
1717,108.24389505105893,16030.19979068017,11039.828660250854,50000.0,0.009999999776482582,0.5150258541107178,1.0
1718,107.85458106961927,16062.307799723874,9438.7411205804,50000.0,0.009999999776482582,0.5040287375450134,1.0
1719,105.69069991531238,15403.991961046477,11148.641475350732,50000.0,0.009999999776482582,0.4289225935935974,1.0
1720,106.51184493265174,18521.172879003596,12132.59710746388,50000.0,0.009999999776482582,0.4371578097343445,1.0
1721,100.12823781868234,10558.132363495402,9360.787157896968,50000.0,0.009999999776482582,0.25330471992492676,1.0
1722,94.27965161880917,0.0,inf,50000.0,0.009999999776482582,0.08761213719844818,1.0
1723,105.5437974114363,15073.371938736129,11153.540303372885,50000.0,0.009999999776482582,0.427945077419281,1.0
1724,102.23505517637207,10411.385239143841,9288.472535330786,50000.0,0.009999999776482582,0.33552485704421997,1.0
1725,100.90419304731331,14794.154642052645,15094.179591245882,50000.0,0.009999999776482582,0.27033090591430664,1.0
1726,105.17580344277968,14490.368817003353,9267.223988094838,50000.0,0.009999999776482582,0.41717684268951416,1.0
1727,104.62056340446189,10634.108464810874,9135.668820378787,50000.0,0.009999999776482582,0.4181930124759674,1.0
1728,94.07546402439691,0.0,inf,50000.0,0.009999999776482582,0.08704409003257751,1.0
1729,96.29731446913571,278.6899951762339,9043.749345912569,50000.0,0.009999999776482582,0.16914956271648407,1.0
1730,102.01268393628644,10539.324088946236,9111.96130615011,50000.0,0.009999999776482582,0.33404481410980225,1.0
1731,102.02471575457558,10596.45903567428,9060.086223774815,50000.0,0.009999999776482582,0.333708256483078,1.0
1732,99.6395203281589,10242.461258026988,15074.126183303066,50000.0,0.009999999776482582,0.2603100836277008,1.0
1733,99.38231968540599,10480.122082750197,9030.371653427841,50000.0,0.009999999776482582,0.2501713037490845,1.0
1734,100.40778724774259,14413.50984058117,15080.788996257439,50000.0,0.009999999776482582,0.26881685853004456,1.0
1735,96.72630650489377,10191.410722790033,15064.325207102738,50000.0,0.009999999776482582,0.17608046531677246,1.0
1736,92.68633640589596,0.0,inf,50000.0,0.009999999776482582,0.08340172469615936,1.0
1737,99.15997647445,10186.985974570998,15071.075678087847,50000.0,0.009999999776482582,0.2589176297187805,1.0
1738,101.4595997973203,10382.318288422133,9017.820439839188,50000.0,0.009999999776482582,0.33263418078422546,1.0
1739,96.14771421535774,10116.491763352104,15071.05167973612,50000.0,0.009999999776482582,0.1744806319475174,1.0
1740,101.34734417313845,10391.26300397778,8974.853743455715,50000.0,0.009999999776482582,0.3322441279888153,1.0
1741,102.73156736262008,14264.004548776162,15064.79095758278,50000.0,0.009999999776482582,0.35046687722206116,1.0
1742,91.93232235182604,0.0,inf,50000.0,0.009999999776482582,0.08153947442770004,1.0
1743,91.50097504326955,0.0,inf,50000.0,0.009999999776482582,0.08047392964363098,1.0
1744,107.11422682310369,14520.983267776255,8958.914199469806,50000.0,0.009999999776482582,0.49902334809303284,1.0
1745,108.0853121798791,17812.071239469948,9932.257276032253,50000.0,0.009999999776482582,0.5063433647155762,1.0
1746,101.26700262443143,10501.905599864016,8708.667468891983,50000.0,0.009999999776482582,0.33082646131515503,1.0
1747,105.01305675342856,14432.70636061926,10454.864268520085,50000.0,0.009999999776482582,0.4228185713291168,1.0
1748,102.50674230026098,13865.857841175864,15002.363227702794,50000.0,0.009999999776482582,0.3485981822013855,1.0
1749,98.72497843518875,9731.373462027312,14968.131999241028,50000.0,0.009999999776482582,0.2561453878879547,1.0
1750,101.19120572851938,10097.497135439717,8672.875142956553,50000.0,0.009999999776482582,0.32993602752685547,1.0
1751,108.14101303246446,17332.536993026348,9698.235260304384,50000.0,0.009999999776482582,0.5033184885978699,1.0
1752,102.27748212656051,14229.354586234933,10176.874051137946,50000.0,0.009999999776482582,0.3373959958553314,1.0
1753,105.84848642456951,17159.334101219607,11014.894189471876,50000.0,0.009999999776482582,0.42794305086135864,1.0
1754,108.49583323343185,18027.96525916129,9245.890123537116,50000.0,0.009999999776482582,0.5011095404624939,1.0
1755,92.18836233989114,0.0,inf,50000.0,0.009999999776482582,0.08222021162509918,1.0
1756,105.00805524884153,14387.787048287903,9735.24714978767,50000.0,0.009999999776482582,0.4192379415035248,1.0
1757,111.07090963906683,17983.67200143173,9015.198323112807,50000.0,0.009999999776482582,0.5827096104621887,1.0
1758,102.11497057443076,12616.52476165507,14781.530784333396,50000.0,0.009999999776482582,0.3438543677330017,1.0
1759,104.97351347535822,13903.472056892411,9456.475582120347,50000.0,0.009999999776482582,0.41716763377189636,1.0
1760,105.44511130229374,14987.028328377837,7948.64419930849,50000.0,0.009999999776482582,0.4087198078632355,1.0
1761,101.70498145363544,10425.050167723299,7820.830123681591,50000.0,0.009999999776482582,0.3274973928928375,1.0
1762,95.16007169552604,312.5466928021405,8939.589156823591,50000.0,0.009999999776482582,0.16499298810958862,1.0
1763,101.04561075087891,8559.597845168382,14695.826724057184,50000.0,0.009999999776482582,0.335237592458725,1.0
1764,108.80257168362678,17802.83116712783,10893.582006106883,50000.0,0.009999999776482582,0.510839581489563,1.0
1765,99.22959363808793,10025.194465895855,7725.188493202651,50000.0,0.009999999776482582,0.245317742228508,1.0
1766,110.7126890547639,16270.104878342696,8488.43666475689,50000.0,0.009999999776482582,0.5761619806289673,1.0
1767,99.37841380663555,9758.998320527135,7548.946298585128,50000.0,0.009999999776482582,0.24495957791805267,1.0
1768,96.01242318076538,7825.797051997158,14588.87474131434,50000.0,0.009999999776482582,0.1707942634820938,1.0
1769,101.59034142736296,11023.930945491502,14572.950277053558,50000.0,0.009999999776482582,0.339189738035202,1.0
1770,111.20826269520249,16602.32082355352,7523.659395403166,50000.0,0.009999999776482582,0.567000687122345,1.0
1771,99.17086522902378,10481.751551140822,14505.703600716452,50000.0,0.009999999776482582,0.25692299008369446,1.0
1772,100.60969033353085,7287.0956869191805,14415.790695613929,50000.0,0.009999999776482582,0.3321729600429535,1.0
1773,99.15750743594536,9165.10544954926,7362.840966140626,50000.0,0.009999999776482582,0.24398401379585266,1.0
1774,94.92149465092842,344.8797716858044,8908.000762181167,50000.0,0.009999999776482582,0.16404086351394653,1.0
1775,98.06273066930659,7212.913552587691,14441.62199582502,50000.0,0.009999999776482582,0.25008198618888855,1.0
1776,99.67223432451043,576.5428366245322,8896.93507760109,50000.0,0.009999999776482582,0.3254345953464508,1.0
1777,101.96711802886502,11507.482736225542,8718.316694345702,50000.0,0.009999999776482582,0.3297222852706909,1.0
1778,101.93224107204622,11409.715776767514,8630.238813771202,50000.0,0.009999999776482582,0.32929927110671997,1.0
1779,98.66292558833905,8549.982898970084,7280.115248478953,50000.0,0.009999999776482582,0.2426638901233673,1.0
1780,97.81387340538272,6875.294886743733,14375.711090280116,50000.0,0.009999999776482582,0.24878641963005066,1.0
1781,95.1879530025924,6779.029124620206,14384.415059881616,50000.0,0.009999999776482582,0.16754767298698425,1.0
1782,100.92002677419671,9543.46400374983,14363.006790531856,50000.0,0.009999999776482582,0.33433735370635986,1.0
1783,91.50465388333423,0.0,inf,50000.0,0.009999999776482582,0.08079797774553299,1.0
1784,103.91374836361084,10859.461882286258,8578.05776497653,50000.0,0.009999999776482582,0.4089278280735016,1.0
1785,91.20534351488644,0.0,inf,50000.0,0.009999999776482582,0.08007919788360596,1.0
1786,104.70944345382138,13054.295366745106,14335.325151057272,50000.0,0.009999999776482582,0.42432159185409546,1.0
1787,97.91177880135449,8626.715398627159,14203.232038642918,50000.0,0.009999999776482582,0.25006288290023804,1.0
1788,103.6982880113782,10494.856034090553,8294.035318469088,50000.0,0.009999999776482582,0.4075397253036499,1.0
1789,97.15429385602673,5792.777543929562,14068.512526438535,50000.0,0.009999999776482582,0.24548500776290894,1.0
1790,103.61370912458489,10325.577503644901,8189.194581590632,50000.0,0.009999999776482582,0.4067259132862091,1.0
1791,100.30559695572987,7849.193881773351,14014.66422889902,50000.0,0.009999999776482582,0.32903802394866943,1.0
1792,107.29717136842643,13370.808409937243,7612.112764034415,50000.0,0.009999999776482582,0.4862360954284668,1.0
1793,103.36201735472055,9323.906410739255,8023.188424858397,50000.0,0.009999999776482582,0.40481477975845337,1.0
1794,102.7611508805456,7571.986593997575,7017.927024679664,50000.0,0.009999999776482582,0.4016169011592865,1.0
1795,94.64980244737367,4911.074074479997,13837.890110875695,50000.0,0.009999999776482582,0.16395409405231476,1.0
1796,93.8676898667712,367.6998999781763,8830.433323017132,50000.0,0.009999999776482582,0.16065143048763275,1.0
1797,100.19930831639824,7563.191242944996,7001.724749641748,50000.0,0.009999999776482582,0.320590615272522,1.0
1798,97.60062593964003,7216.868420774416,6964.403819152627,50000.0,0.009999999776482582,0.23994559049606323,1.0
1799,96.77069215801905,4929.03816993475,13806.475548832344,50000.0,0.009999999776482582,0.24316048622131348,1.0
1800,99.95432583096094,7010.3022741869145,6945.297586072761,50000.0,0.009999999776482582,0.3197784423828125,1.0
1801,100.4307658327455,8283.201044142912,8006.9918022550855,50000.0,0.009999999776482582,0.3225245475769043,1.0
1802,93.93843812575388,4684.520640889465,13793.089698413882,50000.0,0.009999999776482582,0.16216085851192474,1.0
1803,90.30910721018442,0.0,inf,50000.0,0.009999999776482582,0.07820853590965271,1.0
1804,95.81050407481519,487.294147407112,8811.847364748935,50000.0,0.009999999776482582,0.2393023818731308,1.0
1805,96.68396709429427,6659.275526096681,6908.4702073085155,50000.0,0.009999999776482582,0.2378496527671814,1.0
1806,102.69529921423212,7931.2667825589,8077.101870924365,50000.0,0.009999999776482582,0.4025173783302307,1.0
1807,99.90610293249883,7682.402509570468,8017.626990720284,50000.0,0.009999999776482582,0.3211412727832794,1.0
1808,102.56469256521738,7409.252694050721,8014.889521418622,50000.0,0.009999999776482582,0.4016214907169342,1.0
1809,92.80682053772539,355.3847599214288,8778.671742265367,50000.0,0.009999999776482582,0.157810777425766,1.0
1810,102.97175559948387,8522.47089624203,8767.237939970091,50000.0,0.009999999776482582,0.40406790375709534,1.0
1811,96.08094528151007,4170.019017246809,13555.065012853956,50000.0,0.009999999776482582,0.2407597005367279,1.0
1812,93.10090075656487,4076.379948638448,13594.636417267644,50000.0,0.009999999776482582,0.15976577997207642,1.0
1813,102.81014012879636,8168.958572349732,8483.92004208391,50000.0,0.009999999776482582,0.40285953879356384,1.0
1814,99.5313930432037,6750.772061087558,7675.580564318485,50000.0,0.009999999776482582,0.3191135823726654,1.0
1815,92.89917472410174,3686.7702714121538,13426.954343490675,50000.0,0.009999999776482582,0.1588847041130066,1.0
1816,104.93391795412995,6523.50975628199,7648.524215118405,50000.0,0.009999999776482582,0.4808991551399231,1.0
1817,105.13490249855458,7396.390002283618,6616.596732136593,50000.0,0.009999999776482582,0.47629109025001526,1.0
1818,98.6052499563725,3481.1365728497167,13111.230984492566,50000.0,0.009999999776482582,0.31982654333114624,1.0
1819,99.02546226191633,4955.491789266114,6543.740426860841,50000.0,0.009999999776482582,0.31608229875564575,1.0
1820,105.40395501802217,7492.860965787603,7067.157963739176,50000.0,0.009999999776482582,0.476542204618454,1.0
1821,96.33515599538855,4134.529456970033,6418.933537620081,50000.0,0.009999999776482582,0.23546801507472992,1.0
1822,101.50701704825111,4554.480833128381,13063.6604741306,50000.0,0.009999999776482582,0.4008915424346924,1.0
1823,89.90605132663374,0.0,inf,50000.0,0.009999999776482582,0.07749249786138535,1.0
1824,92.84183603244912,3074.012880906082,13114.99698885346,50000.0,0.009999999776482582,0.15829695761203766,1.0
1825,101.38806850640002,4285.676697708048,6431.594434911044,50000.0,0.009999999776482582,0.39511817693710327,1.0
1826,101.78667769012391,5157.601450421396,7443.297556185072,50000.0,0.009999999776482582,0.39633095264434814,1.0
1827,95.60227775973982,2967.73826757558,12888.098248817982,50000.0,0.009999999776482582,0.2378421127796173,1.0
1828,89.34124364034109,0.0,inf,50000.0,0.009999999776482582,0.07626008242368698,1.0
1829,95.37688148982706,2962.049252119466,12904.971437322441,50000.0,0.009999999776482582,0.2373296469449997,1.0
1830,101.90119649737903,6067.895521053627,6361.483438164808,50000.0,0.009999999776482582,0.3926611840724945,1.0
1831,95.48065955916901,3352.9086738347946,6297.320482171122,50000.0,0.009999999776482582,0.2332959622144699,1.0
1832,98.22211585952569,3034.868127593031,6296.633340929637,50000.0,0.009999999776482582,0.3130212128162384,1.0
1833,98.53352062053624,4079.249390518591,12920.28230347649,50000.0,0.009999999776482582,0.3190632462501526,1.0
1834,101.39578228707916,3957.372910111852,7954.177688404235,50000.0,0.009999999776482582,0.3945338726043701,1.0
1835,95.20814068660604,2731.2037298237265,12680.520227427498,50000.0,0.009999999776482582,0.23649686574935913,1.0
1836,95.27655034858888,2551.6891716791806,6217.846306875446,50000.0,0.009999999776482582,0.2325439304113388,1.0
1837,98.4830372608446,3531.8665489404093,8279.87428502724,50000.0,0.009999999776482582,0.3137925863265991,1.0
1838,98.02045405055541,2065.5313158798526,6217.764545208522,50000.0,0.009999999776482582,0.3117954432964325,1.0
1839,94.99090136713977,2643.720755761323,12594.570405794087,50000.0,0.009999999776482582,0.23591412603855133,1.0
1840,91.44017835065975,385.97391987561,8620.16430557212,50000.0,0.009999999776482582,0.1539595127105713,1.0
1841,95.27762374958384,3666.120332359404,12747.021666327379,50000.0,0.009999999776482582,0.2372661978006363,1.0
1842,100.70763256617705,2113.5989510475424,6251.267591681232,50000.0,0.009999999776482582,0.39144662022590637,1.0
1843,94.8270321609653,1878.86824179497,6123.239515659393,50000.0,0.009999999776482582,0.23104365170001984,1.0
1844,98.61008112667038,4323.853034386389,12655.310547942223,50000.0,0.009999999776482582,0.31858956813812256,1.0
1845,87.86940904761747,0.0,inf,50000.0,0.009999999776482582,0.07316669076681137,1.0
1846,94.97495708094098,3378.277211911792,12544.631890436369,50000.0,0.009999999776482582,0.23576024174690247,1.0
1847,94.46144893461044,2346.478888373843,12284.357348579522,50000.0,0.009999999776482582,0.23412664234638214,1.0
1848,100.76879960593978,2554.1151782202155,6108.129068887713,50000.0,0.009999999776482582,0.3882202208042145,1.0
1849,87.23316847486713,0.0,inf,50000.0,0.009999999776482582,0.07184266299009323,1.0
1850,103.98517112467317,2808.1410050295967,8899.740225807935,50000.0,0.009999999776482582,0.47269725799560547,1.0
1851,97.40282467000311,1408.0396246054888,6143.832842805542,50000.0,0.009999999776482582,0.3096572458744049,1.0
1852,97.849679589293,2565.1420714631677,9305.424176085111,50000.0,0.009999999776482582,0.3106476962566376,1.0
1853,90.46861183829881,388.6681465392332,8575.697475126815,50000.0,0.009999999776482582,0.15181508660316467,1.0
1854,97.39874347631579,2284.556092020977,11981.621796701915,50000.0,0.009999999776482582,0.3136039972305298,1.0
1855,97.38360649036268,2248.1637121066133,11927.708393031271,50000.0,0.009999999776482582,0.31307539343833923,1.0
1856,86.89770041703433,0.0,inf,50000.0,0.009999999776482582,0.07122310996055603,1.0
1857,104.05295372666149,2897.131419193571,7958.116689838815,50000.0,0.009999999776482582,0.46815425157546997,1.0
1858,100.34663339929169,1171.4014187251034,6287.977218985784,50000.0,0.009999999776482582,0.3884252607822418,1.0
1859,107.08966609910202,1660.026048651231,5904.4737993736535,50000.0,0.009999999776482582,0.5422815084457397,1.0
1860,98.15346823747274,3565.9657899315703,12118.884799596679,50000.0,0.009999999776482582,0.31541678309440613,1.0
1861,97.8819665866522,2059.417388220359,10399.016053392812,50000.0,0.009999999776482582,0.3087546229362488,1.0
1862,101.30111200778919,2762.4781267045396,11121.640501447873,50000.0,0.009999999776482582,0.3892148435115814,1.0
1863,100.84404896864385,1952.8024069797752,10482.686641950035,50000.0,0.009999999776482582,0.38773050904273987,1.0
1864,100.84612856183762,1905.9484376292078,10537.355583910801,50000.0,0.009999999776482582,0.3873385488986969,1.0
1865,93.61528127055372,609.7224425471069,8484.601196177913,50000.0,0.009999999776482582,0.23094221949577332,1.0
1866,94.09070793624747,1821.1348318781434,11362.698216468887,50000.0,0.009999999776482582,0.23150107264518738,1.0
1867,94.41347686342075,466.5021671448417,5695.723717257462,50000.0,0.009999999776482582,0.2274448722600937,1.0
1868,96.98560557900524,1858.6693212480359,11117.622356132155,50000.0,0.009999999776482582,0.31046080589294434,1.0
1869,94.30798104455828,452.2627098845998,5675.06614151515,50000.0,0.009999999776482582,0.2271379977464676,1.0
1870,100.21487547345046,721.601104320729,7093.070743454514,50000.0,0.009999999776482582,0.38511112332344055,1.0
1871,94.40858410815375,2450.5447268206863,11546.790014901204,50000.0,0.009999999776482582,0.23212580382823944,1.0
1872,104.30916215646502,1785.6197721810147,10001.587966383046,50000.0,0.009999999776482582,0.4620782434940338,1.0
1873,96.84310140884571,1756.0499152507068,10826.780958665646,50000.0,0.009999999776482582,0.3094068467617035,1.0
1874,90.25816390146908,424.52737429614,8380.442732329791,50000.0,0.009999999776482582,0.15045028924942017,1.0
1875,86.80467358644421,0.0,inf,50000.0,0.009999999776482582,0.07122249156236649,1.0
1876,90.32313956737835,1648.2376070784599,11366.1925213329,50000.0,0.009999999776482582,0.15065382421016693,1.0
1877,93.47585512325361,1683.0386046629621,11074.391002216535,50000.0,0.009999999776482582,0.22952516376972198,1.0
1878,92.8872643934075,562.0292555495755,8374.366272859825,50000.0,0.009999999776482582,0.22819089889526367,1.0
1879,100.51829504589047,597.3675011549718,5601.281405384365,50000.0,0.009999999776482582,0.38126140832901,1.0
1880,103.6401572722393,632.7556536955216,6318.815971047907,50000.0,0.009999999776482582,0.45961129665374756,1.0
1881,93.94259941425912,2276.5825404080438,11255.870986335565,50000.0,0.009999999776482582,0.2306189090013504,1.0
1882,100.66593005688931,398.86400616632045,5492.90087385306,50000.0,0.009999999776482582,0.379758358001709,1.0
1883,97.36533145479379,1582.8299311726005,10769.626837243362,50000.0,0.009999999776482582,0.30454713106155396,1.0
1884,93.83898065098174,2162.8593042197344,11055.307833732604,50000.0,0.009999999776482582,0.22990328073501587,1.0
1885,89.8823690048532,1485.5162370835606,10942.283956476253,50000.0,0.009999999776482582,0.14931625127792358,1.0
1886,96.95861630532615,2122.0942725295563,10752.626112599413,50000.0,0.009999999776482582,0.30848821997642517,1.0
1887,97.1675566621186,1446.38197650673,10439.480108694957,50000.0,0.009999999776482582,0.3036690354347229,1.0
1888,93.6626067771787,1974.84270755669,10708.25327591439,50000.0,0.009999999776482582,0.2283821702003479,1.0
1889,88.9572517635782,436.64521401094515,8352.977719150156,50000.0,0.009999999776482582,0.14803391695022583,1.0
1890,89.39409800479105,1366.5579891144841,10626.474382658887,50000.0,0.009999999776482582,0.14785867929458618,1.0
1891,89.19776602884147,1348.9499054285984,10589.669058438178,50000.0,0.009999999776482582,0.14739958941936493,1.0
1892,96.1614323268342,477.2755090614174,7333.514614607627,50000.0,0.009999999776482582,0.30266010761260986,1.0
1893,92.6481642374087,1409.5119953825745,10281.752495763294,50000.0,0.009999999776482582,0.22695094347000122,1.0
1894,93.20534025589976,1866.206120690416,10502.115048434216,50000.0,0.009999999776482582,0.22681719064712524,1.0
1895,96.01712428986872,472.09948214084903,7337.023219187427,50000.0,0.009999999776482582,0.30231812596321106,1.0
1896,96.69673315565497,1868.4112563986753,10241.840364606665,50000.0,0.009999999776482582,0.3063895106315613,1.0
1897,95.99194021139134,467.2519116017327,7374.587500081875,50000.0,0.009999999776482582,0.30203935503959656,1.0
1898,96.58419819771709,1272.5525861470949,9955.877746937595,50000.0,0.009999999776482582,0.30171307921409607,1.0
1899,95.95404352567157,461.9677990658729,7561.464663202016,50000.0,0.009999999776482582,0.3015650510787964,1.0
1900,84.14169691043986,0.0,inf,50000.0,0.009999999776482582,0.0662567988038063,1.0
1901,92.07254714226524,172.0050469578425,5305.482807160718,50000.0,0.009999999776482582,0.2209727168083191,1.0
1902,91.95021523136862,159.6548839215426,5285.427605724811,50000.0,0.009999999776482582,0.22054441273212433,1.0
1903,96.22716710047045,1274.6895659098172,10061.299722922477,50000.0,0.009999999776482582,0.30051982402801514,1.0
1904,99.84003842898045,1330.4946836193367,9784.827624549485,50000.0,0.009999999776482582,0.38071125745773315,1.0
1905,99.23824689399645,633.6283610625009,8065.687179561443,50000.0,0.009999999776482582,0.3804919123649597,1.0
1906,96.39408189460805,1791.726964983551,9934.171745319632,50000.0,0.009999999776482582,0.3052745461463928,1.0
1907,88.2787546392552,1183.8349092602878,9945.972226629112,50000.0,0.009999999776482582,0.14505739510059357,1.0
1908,96.18771888568867,1179.1598813936355,9775.48820353386,50000.0,0.009999999776482582,0.29965701699256897,1.0
1909,91.94924190662455,1230.6981156853374,9583.716493624821,50000.0,0.009999999776482582,0.2246166616678238,1.0
1910,91.2186314501394,612.3562140594512,8253.369119738389,50000.0,0.009999999776482582,0.22468551993370056,1.0
1911,106.36868293371538,626.0647279642869,7780.979693923507,50000.0,0.009999999776482582,0.5344539880752563,1.0
1912,100.3382016790358,1627.336076218538,9715.298598504613,50000.0,0.009999999776482582,0.3788762390613556,1.0
1913,95.61527637203504,1267.0987368919793,9210.276347827159,50000.0,0.009999999776482582,0.3035447895526886,1.0
1914,95.56808597864226,443.24534610972046,7886.952351009909,50000.0,0.009999999776482582,0.29876598715782166,1.0
1915,91.97574366867772,1173.5878587270245,9329.466514805445,50000.0,0.009999999776482582,0.223753422498703,1.0
1916,91.92835539821382,1156.990695949611,9290.961118664984,50000.0,0.009999999776482582,0.22352449595928192,1.0
1917,92.60009052337683,1488.1548001280253,9467.851972396991,50000.0,0.009999999776482582,0.22349070012569427,1.0
1918,99.74261994601083,1553.5213018437557,9146.653290848782,50000.0,0.009999999776482582,0.38145631551742554,1.0
1919,91.79221174162149,98.91071508320809,5089.539115599308,50000.0,0.009999999776482582,0.2194577008485794,1.0
1920,87.2063830277575,415.1212875829294,8110.357068962916,50000.0,0.009999999776482582,0.14375118911266327,1.0
1921,98.82676552937109,583.3923996824334,7930.367285139959,50000.0,0.009999999776482582,0.37699899077415466,1.0
1922,87.10937531392709,398.70738205137854,8070.360740652935,50000.0,0.009999999776482582,0.14329442381858826,1.0
1923,91.62931058489306,1081.7731265336774,9097.446044303017,50000.0,0.009999999776482582,0.2222023755311966,1.0
1924,107.35443352133059,1414.0912071334287,9139.142588199962,50000.0,0.009999999776482582,0.531637966632843,1.0
1925,99.47515831705512,1014.7454141920964,8827.145479723084,50000.0,0.009999999776482582,0.37598782777786255,1.0
1926,87.94568150358184,889.9506345869311,8990.694748329995,50000.0,0.009999999776482582,0.14336276054382324,1.0
1927,91.41630449994997,72.8604399650047,4998.393978724922,50000.0,0.009999999776482582,0.21813471615314484,1.0
1928,91.28977814763806,67.13618329670152,4981.766316208994,50000.0,0.009999999776482582,0.21770773828029633,1.0
1929,103.3649110345112,896.7368864937723,8883.695435864189,50000.0,0.009999999776482582,0.45025449991226196,1.0
1930,95.82563432323319,849.478679644818,8845.126175677467,50000.0,0.009999999776482582,0.2959561049938202,1.0
1931,99.37985348475861,934.5134941129547,8610.276080122641,50000.0,0.009999999776482582,0.37465599179267883,1.0
1932,86.7203768036423,439.1413001308954,8046.737012582356,50000.0,0.009999999776482582,0.14267279207706451,1.0
1933,94.29477359204529,735.7660183856846,8037.016405836891,50000.0,0.009999999776482582,0.3000742197036743,1.0
1934,91.19293678248023,45.125096651126384,4891.838898328476,50000.0,0.009999999776482582,0.21673452854156494,1.0
1935,92.09928632846459,1156.7205646622094,8781.318206366992,50000.0,0.009999999776482582,0.22105392813682556,1.0
1936,102.78073792902853,981.2316683153622,8404.215837482076,50000.0,0.009999999776482582,0.4526543915271759,1.0
1937,86.52020165078754,414.3311963811804,7970.851091330971,50000.0,0.009999999776482582,0.14187496900558472,1.0
1938,95.60703275603383,761.9924579616647,8602.919569852525,50000.0,0.009999999776482582,0.29490503668785095,1.0
1939,95.59624688426372,733.9301808033395,8543.208171289525,50000.0,0.009999999776482582,0.29460787773132324,1.0
1940,99.21474612992941,828.658226037802,8341.265354942087,50000.0,0.009999999776482582,0.372919499874115,1.0
1941,86.29748329935859,426.88207628904917,7954.092449238257,50000.0,0.009999999776482582,0.1414649784564972,1.0
1942,106.43466549999026,66.11673695519193,4793.642871940627,50000.0,0.009999999776482582,0.5211209654808044,1.0
1943,91.00463884984077,31.181426777370856,4725.771984337641,50000.0,0.009999999776482582,0.21506589651107788,1.0
1944,86.10365724639914,445.1694679982161,7945.028116765566,50000.0,0.009999999776482582,0.1411101371049881,1.0
1945,86.87703789536492,691.5574164909211,8461.867051092298,50000.0,0.009999999776482582,0.14097338914871216,1.0
1946,89.87707733971266,609.7017135381237,7941.069397747181,50000.0,0.009999999776482582,0.21922113001346588,1.0
1947,102.37844216733313,423.143664020147,7822.596550486707,50000.0,0.009999999776482582,0.4453132152557373,1.0
1948,89.87860919711643,598.0150646607818,7898.109850341148,50000.0,0.009999999776482582,0.21866191923618317,1.0
1949,85.7033383429569,406.9591468026432,7870.489766619181,50000.0,0.009999999776482582,0.13993145525455475,1.0
1950,90.63701547073325,818.4327678358724,8311.808354717927,50000.0,0.009999999776482582,0.2187410145998001,1.0
1951,98.93756357948337,804.6362541358806,8263.263442177691,50000.0,0.009999999776482582,0.37104225158691406,1.0
1952,86.47450520366138,665.4016058188328,8366.183930854957,50000.0,0.009999999776482582,0.1402435153722763,1.0
1953,98.51447305752396,51.55027584318547,4667.678705584689,50000.0,0.009999999776482582,0.36573803424835205,1.0
1954,102.59450260801303,873.6607647517066,8093.424228872609,50000.0,0.009999999776482582,0.44869720935821533,1.0
1955,81.11047426433474,0.0,inf,50000.0,0.009999999776482582,0.061292290687561035,1.0
1956,90.4213010353236,748.6790324693354,8144.125673646908,50000.0,0.009999999776482582,0.21792636811733246,1.0
1957,85.10148087571574,392.4600224680667,7808.253380776687,50000.0,0.009999999776482582,0.13862837851047516,1.0
1958,93.92567008847591,385.9463255496481,7734.8001691893705,50000.0,0.009999999776482582,0.2906184494495392,1.0
1959,102.13452630277017,388.478207445242,7668.956783277857,50000.0,0.009999999776482582,0.44255244731903076,1.0
1960,103.0068041898828,632.1502387077438,8202.68870687257,50000.0,0.009999999776482582,0.44283995032310486,1.0
1961,94.97465947891493,591.9710169948958,8151.522485265415,50000.0,0.009999999776482582,0.29072755575180054,1.0
1962,102.47672133616491,823.4782602262418,7929.657839666281,50000.0,0.009999999776482582,0.4464706480503082,1.0
1963,86.28352116088737,537.9950288922174,8056.909243526464,50000.0,0.009999999776482582,0.13959987461566925,1.0
1964,93.98943330095031,414.3367220324571,7710.5219980853335,50000.0,0.009999999776482582,0.28922533988952637,1.0
1965,86.05827650446584,525.465919611373,8028.044351089373,50000.0,0.009999999776482582,0.1391710788011551,1.0
1966,98.72270597685278,660.424387911311,7881.032591950005,50000.0,0.009999999776482582,0.3677735924720764,1.0
1967,93.886565162212,414.6535980441905,7690.17746012637,50000.0,0.009999999776482582,0.2886907160282135,1.0
1968,103.33261781613035,810.8585379521701,7872.977446355481,50000.0,0.009999999776482582,0.4459940493106842,1.0
1969,89.99370429722667,29.17150939076995,4393.981344280365,50000.0,0.009999999776482582,0.21080724895000458,1.0
1970,103.33523126202243,764.6015782137451,7787.608299774612,50000.0,0.009999999776482582,0.44521892070770264,1.0
1971,90.24591841485444,591.8158770674188,7713.984217426035,50000.0,0.009999999776482582,0.21624509990215302,1.0
1972,104.34310798025984,660.2559121393689,7675.940279835775,50000.0,0.009999999776482582,0.4451203942298889,1.0
1973,95.1282481974249,323.4010991637684,7479.48284743297,50000.0,0.009999999776482582,0.2883795499801636,1.0
1974,106.45243086922895,49.07763514887433,4313.262707788926,50000.0,0.009999999776482582,0.5096406936645508,1.0
1975,90.29249455352851,23.79461986842753,4258.292985600412,50000.0,0.009999999776482582,0.210032656788826,1.0
1976,84.93592299903825,505.52392357418705,7711.002080091285,50000.0,0.009999999776482582,0.13814519345760345,1.0
1977,89.97448567571485,23.907767784443767,4248.327597188804,50000.0,0.009999999776482582,0.2093612551689148,1.0
1978,80.20401095240778,0.0,inf,50000.0,0.009999999776482582,0.05992661416530609,1.0
1979,103.1582702489847,323.1424688299787,7443.183509747329,50000.0,0.009999999776482582,0.4361453056335449,1.0
1980,89.87523560871519,600.6188484329691,7649.532245848448,50000.0,0.009999999776482582,0.21541526913642883,1.0
1981,98.63796176317926,590.879622650185,7622.890775526567,50000.0,0.009999999776482582,0.3641566038131714,1.0
1982,98.48338947292339,31.91838925745747,4187.951643124242,50000.0,0.009999999776482582,0.356935977935791,1.0
1983,89.83727078325656,603.7971361885035,7626.91697826808,50000.0,0.009999999776482582,0.2151360660791397,1.0
1984,93.61978305338367,531.8003349268131,7669.1509392223725,50000.0,0.009999999776482582,0.28540000319480896,1.0
1985,85.5831322547239,260.2505630497271,7334.796513463234,50000.0,0.009999999776482582,0.1372605711221695,1.0
1986,79.46449441864846,0.0,inf,50000.0,0.009999999776482582,0.058773405849933624,1.0
1987,89.47374378438286,582.4809362222302,7609.712695351,50000.0,0.009999999776482582,0.21442639827728271,1.0
1988,85.0210825621904,247.56309696457728,7300.073973526584,50000.0,0.009999999776482582,0.136216402053833,1.0
1989,83.44154390294598,510.12586486311494,7676.233187877245,50000.0,0.009999999776482582,0.1356363445520401,1.0
1990,90.51749950426611,343.58141229912724,7289.378542894434,50000.0,0.009999999776482582,0.21412205696105957,1.0
1991,94.81859523019646,592.8556447261699,7538.039958959516,50000.0,0.009999999776482582,0.2920302450656891,1.0
1992,101.82619357147497,505.19604954706523,7601.488386588741,50000.0,0.009999999776482582,0.43404731154441833,1.0
1993,83.28601403988955,510.54238212814823,7648.3927789185545,50000.0,0.009999999776482582,0.13528427481651306,1.0
1994,89.13744987201017,536.9882313541353,7559.120447362063,50000.0,0.009999999776482582,0.2132226675748825,1.0
1995,92.88528203884654,489.95610578612514,7590.342083393716,50000.0,0.009999999776482582,0.2839832007884979,1.0
1996,82.99087745235131,485.0126040599485,7611.874704745979,50000.0,0.009999999776482582,0.1346079260110855,1.0
1997,98.28313649300492,517.8285178080246,7489.49314476124,50000.0,0.009999999776482582,0.36201077699661255,1.0
1998,90.35515843811359,265.4367976772751,7073.755357820981,50000.0,0.009999999776482582,0.2130514681339264,1.0
1999,97.67174398959266,46.01606340478319,4097.941548859391,50000.0,0.009999999776482582,0.3545195460319519,1.0
2000,84.27226411072272,166.3738124377291,6989.811915298911,50000.0,0.009999999776482582,0.13443519175052643,1.0
2001,88.12396641134659,30.487484997112198,4070.037853523677,50000.0,0.009999999776482582,0.20474928617477417,1.0
2002,98.22631899005938,540.7780445137973,7518.961374136404,50000.0,0.009999999776482582,0.3610987663269043,1.0
2003,88.75420809899839,531.8555749138061,7538.147120079127,50000.0,0.009999999776482582,0.2121010422706604,1.0
2004,92.55991409875948,502.75605141154335,7552.380646771733,50000.0,0.009999999776482582,0.2824319899082184,1.0
2005,94.57157830809038,538.2099888442989,7465.529194377526,50000.0,0.009999999776482582,0.29009583592414856,1.0
2006,83.95736856435047,129.25340192262422,6821.442383298967,50000.0,0.009999999776482582,0.13360458612442017,1.0
2007,82.19135561030355,485.4582143707523,7572.088872904169,50000.0,0.009999999776482582,0.13327328860759735,1.0
2008,92.3269308448201,482.1584991911141,7507.093363313601,50000.0,0.009999999776482582,0.28194698691368103,1.0
2009,106.21035114262891,61.04523755515263,4017.526851497393,50000.0,0.009999999776482582,0.5012587904930115,1.0
2010,76.90640480275054,0.0,inf,50000.0,0.009999999776482582,0.055002983659505844,1.0
2011,92.26696847527343,489.94353774452685,7518.78892886048,50000.0,0.009999999776482582,0.2810361683368683,1.0
2012,88.30913487709698,499.44723705141814,7488.879635703233,50000.0,0.009999999776482582,0.21099494397640228,1.0
2013,98.05944487642664,493.5461176561355,7438.092023906952,50000.0,0.009999999776482582,0.35916319489479065,1.0
2014,99.4205131932241,162.98717785479533,6486.709248139407,50000.0,0.009999999776482582,0.359164297580719,1.0
2015,87.62298279913135,32.08060785025972,3932.584814999209,50000.0,0.009999999776482582,0.20241573452949524,1.0
2016,87.50465662648105,30.995470260823843,3920.551075572771,50000.0,0.009999999776482582,0.20203714072704315,1.0
2017,81.51679065614151,479.37358561646136,7539.926900692096,50000.0,0.009999999776482582,0.13210435211658478,1.0
2018,100.99072527877883,818.9835913242441,7512.86204918698,50000.0,0.009999999776482582,0.4363085627555847,1.0
2019,88.12876041622535,465.48341303461615,7433.937376321287,50000.0,0.009999999776482582,0.21015124022960663,1.0
2020,94.25532196471947,469.19174342265296,7386.215758926029,50000.0,0.009999999776482582,0.2883194386959076,1.0
2021,93.5592385235899,93.36649952505998,5730.846399438385,50000.0,0.009999999776482582,0.2798190712928772,1.0
2022,104.93535704594201,139.53887825580512,6119.778341341198,50000.0,0.009999999776482582,0.4357716739177704,1.0
2023,89.78150411937527,85.5095543686451,6401.475797512303,50000.0,0.009999999776482582,0.20960798859596252,1.0
2024,101.62403013113658,454.9367753649857,7329.482799976166,50000.0,0.009999999776482582,0.4267137944698334,1.0
2025,81.55690734576342,445.21306643631726,7470.370559295926,50000.0,0.009999999776482582,0.1318509876728058,1.0
2026,94.26939572428607,448.5547592586219,7418.379363028705,50000.0,0.009999999776482582,0.2868938148021698,1.0
2027,99.51629246989769,78.09787579815406,5112.208680001139,50000.0,0.009999999776482582,0.35615643858909607,1.0
2028,92.10166623846035,438.8906869091044,7367.763584110708,50000.0,0.009999999776482582,0.2786332964897156,1.0
2029,83.21506772536267,38.37584039103506,6193.693930421933,50000.0,0.009999999776482582,0.13136076927185059,1.0
2030,87.26787380269312,41.4249414954006,3820.981950254853,50000.0,0.009999999776482582,0.20066457986831665,1.0
2031,87.87421048373207,439.98325819569476,7442.134003892318,50000.0,0.009999999776482582,0.20857059955596924,1.0
2032,80.97278707052436,429.6163726376467,7441.396724244741,50000.0,0.009999999776482582,0.13090750575065613,1.0
2033,87.72884341444826,426.57957790875446,7416.5228034198535,50000.0,0.009999999776482582,0.20819216966629028,1.0
2034,93.3260185167575,58.250404268692115,4296.2134161774275,50000.0,0.009999999776482582,0.27757301926612854,1.0
2035,87.65488788702727,423.1788880937645,7413.820575715716,50000.0,0.009999999776482582,0.2079210877418518,1.0
2036,90.8130134363066,712.3291700690421,7411.720323754507,50000.0,0.009999999776482582,0.2857630252838135,1.0
2037,86.73921240336374,51.833727957519095,3805.6999530072153,50000.0,0.009999999776482582,0.19984953105449677,1.0
2038,97.82076921635648,404.4548042253227,7205.515512427202,50000.0,0.009999999776482582,0.3546670377254486,1.0
2039,80.55002877306957,391.8214158769929,7356.95076200245,50000.0,0.009999999776482582,0.129847913980484,1.0
2040,94.02251882233483,391.3017347842462,7327.220339703633,50000.0,0.009999999776482582,0.284812867641449,1.0
2041,97.7957781592341,387.63020100164067,7134.842874946618,50000.0,0.009999999776482582,0.3541707992553711,1.0
2042,86.63179518286883,53.43386413274558,3773.0267561656824,50000.0,0.009999999776482582,0.19927988946437836,1.0
2043,102.95015126327301,76.77482586790659,3858.3021051035657,50000.0,0.009999999776482582,0.42326870560646057,1.0
2044,101.50593753720524,394.74645580416865,7056.587753307596,50000.0,0.009999999776482582,0.4224530756473541,1.0
2045,74.93428649038148,0.0,inf,50000.0,0.009999999776482582,0.05246802046895027,1.0
2046,93.1748876932234,49.389613829570905,3893.149565704203,50000.0,0.009999999776482582,0.2755698263645172,1.0
2047,85.4638588725456,548.2765966862595,7335.632960724511,50000.0,0.009999999776482582,0.20657198131084442,1.0
2048,100.6320492600147,651.7422229428132,7248.33007580269,50000.0,0.009999999776482582,0.42961832880973816,1.0
2049,87.3422814239246,358.34988937806185,7252.874500865315,50000.0,0.009999999776482582,0.2062780112028122,1.0
2050,82.1273061496765,16.139825281018233,5847.071012502951,50000.0,0.009999999776482582,0.1292847990989685,1.0
2051,93.06624157844047,56.71772773646378,3781.3803107865615,50000.0,0.009999999776482582,0.27512744069099426,1.0
2052,93.06526357424534,55.02420717083414,3757.8061870731412,50000.0,0.009999999776482582,0.27486109733581543,1.0
2053,97.7196623237383,366.14342172975074,7057.577363196459,50000.0,0.009999999776482582,0.35165542364120483,1.0
2054,79.94294319698369,354.40159766293453,7252.881992455593,50000.0,0.009999999776482582,0.12847785651683807,1.0
2055,96.95098402461115,77.52042627826648,3664.346114117438,50000.0,0.009999999776482582,0.3428853750228882,1.0
2056,88.86740817270757,15.442782360177318,5719.00637484908,50000.0,0.009999999776482582,0.20587487518787384,1.0
2057,79.66057300141144,355.71297061629133,7252.612183610506,50000.0,0.009999999776482582,0.12810440361499786,1.0
2058,101.4316643089715,363.3526682597921,6784.884041240503,50000.0,0.009999999776482582,0.4192444980144501,1.0
2059,73.75035952681235,0.0,inf,50000.0,0.009999999776482582,0.05091770365834236,1.0
2060,85.88588002664798,54.3524792653216,3622.7630612244684,50000.0,0.009999999776482582,0.19584791362285614,1.0
2061,81.18797422042861,9.692550020538384,5678.5410937930565,50000.0,0.009999999776482582,0.12767475843429565,1.0
2062,85.60095770485373,54.83522492185499,3613.6671714589047,50000.0,0.009999999776482582,0.1952901929616928,1.0
2063,86.47857311479969,362.2640286451165,7245.2919761014155,50000.0,0.009999999776482582,0.20469364523887634,1.0
2064,97.5017859859627,362.6227409323466,6975.717419131455,50000.0,0.009999999776482582,0.35010555386543274,1.0
2065,86.46627506428732,351.63347018526946,7223.325993907923,50000.0,0.009999999776482582,0.2044181376695633,1.0
2066,90.75154782864601,351.4707930648053,6901.143408990654,50000.0,0.009999999776482582,0.2721234858036041,1.0
2067,92.54672287975421,62.142603131374614,3598.012930303406,50000.0,0.009999999776482582,0.27222511172294617,1.0
2068,84.4104669826816,484.9162746394736,7206.559953603214,50000.0,0.009999999776482582,0.20380167663097382,1.0
2069,102.96377690133113,91.57880228742798,3580.8813577193123,50000.0,0.009999999776482582,0.4172707498073578,1.0
2070,95.76270054529209,480.92178953590457,7019.523253249623,50000.0,0.009999999776482582,0.3483409285545349,1.0
2071,90.80253129302413,332.7734063018846,6836.520361369683,50000.0,0.009999999776482582,0.27094876766204834,1.0
2072,99.19710318652483,57.93567582413442,3551.73659650321,50000.0,0.009999999776482582,0.3489249050617218,1.0
2073,92.68196112862326,57.24143951361175,3530.2744342485817,50000.0,0.009999999776482582,0.27113059163093567,1.0
2074,80.83200448018013,3.6077185722383605,5396.127592860715,50000.0,0.009999999776482582,0.12672187387943268,1.0
2075,102.16111538768041,473.17339740313247,7019.879064122679,50000.0,0.009999999776482582,0.4246741831302643,1.0
2076,90.80880406114721,324.2199374143538,6908.605857025604,50000.0,0.009999999776482582,0.2701825499534607,1.0
2077,78.62002527181238,315.44385620926295,7124.434498655045,50000.0,0.009999999776482582,0.12602299451828003,1.0
2078,72.2786269312264,0.0,inf,50000.0,0.009999999776482582,0.049064602702856064,1.0
2079,85.14779866033604,49.25246850740137,3503.2292195903265,50000.0,0.009999999776482582,0.19276896119117737,1.0
2080,71.65816842785833,0.0,inf,50000.0,0.009999999776482582,0.04825371503829956,1.0
2081,111.27476129225676,334.30084597459603,6505.665664427275,50000.0,0.009999999776482582,0.557993471622467,1.0
2082,98.10886162986836,452.5895955657939,7113.81717077395,50000.0,0.009999999776482582,0.3572871685028076,1.0
2083,80.298449510414,2.35837403470946,5293.875263235422,50000.0,0.009999999776482582,0.12589484453201294,1.0
2084,90.45078310957761,309.77403053472426,6971.791850341837,50000.0,0.009999999776482582,0.268696665763855,1.0
2085,97.37280350948303,307.3570788268551,6981.332026843539,50000.0,0.009999999776482582,0.3459174335002899,1.0
2086,91.21363999781506,423.3235445457402,7069.340549771627,50000.0,0.009999999776482582,0.2788071632385254,1.0
2087,95.56562209951599,407.30212602437905,6995.040391619907,50000.0,0.009999999776482582,0.34457671642303467,1.0
2088,96.75623232650923,32.32920897182871,3449.568438068716,50000.0,0.009999999776482582,0.33494600653648376,1.0
2089,90.55049934739833,283.8798718383268,6974.01499184858,50000.0,0.009999999776482582,0.2675180435180664,1.0
2090,107.71065537680107,283.80560930524337,6937.367815870425,50000.0,0.009999999776482582,0.4873271584510803,1.0
2091,87.96850589116994,1.7190150485272366,5153.114557753737,50000.0,0.009999999776482582,0.20309025049209595,1.0
2092,101.62429253857903,280.62026919611304,6963.790902610128,50000.0,0.009999999776482582,0.4093419313430786,1.0
2093,103.80148833485688,279.0445259164142,6981.568145504524,50000.0,0.009999999776482582,0.4206126630306244,1.0
2094,78.28397637207533,270.316596013661,6983.158617561545,50000.0,0.009999999776482582,0.12484660744667053,1.0
2095,107.45632628032713,13.853139723623624,3386.569675589749,50000.0,0.009999999776482582,0.4743075668811798,1.0
2096,101.80088965604432,275.518576180401,6970.548529964612,50000.0,0.009999999776482582,0.4070798456668854,1.0
2097,90.85200838687055,271.9266862898968,6964.923375411265,50000.0,0.009999999776482582,0.26552554965019226,1.0
2098,97.52468467039036,269.75757221093426,6953.731990801631,50000.0,0.009999999776482582,0.34208494424819946,1.0
2099,90.87330759543269,264.64591071412326,6943.202105396435,50000.0,0.009999999776482582,0.2650858461856842,1.0
2100,78.26102332054303,259.73233109409114,6931.7424850498355,50000.0,0.009999999776482582,0.12451241165399551,1.0
2101,99.33978750606325,3.0197103854495566,3379.8941277084364,50000.0,0.009999999776482582,0.3431760370731354,1.0
2102,90.78917948968771,258.88365679465744,6926.536424658213,50000.0,0.009999999776482582,0.26458749175071716,1.0
2103,92.79019817052058,2.3163396688970246,3340.9873581942597,50000.0,0.009999999776482582,0.2658558487892151,1.0
2104,97.41540166807889,2.9075844307341048,3306.942896008996,50000.0,0.009999999776482582,0.3288920819759369,1.0
2105,77.9869888767824,261.9222539495202,6928.839576170244,50000.0,0.009999999776482582,0.12414462119340897,1.0
2106,77.81671433780146,257.0869561686927,6914.315984246421,50000.0,0.009999999776482582,0.12384416162967682,1.0
2107,90.57032624371566,254.0480637601168,6899.995875320572,50000.0,0.009999999776482582,0.26348772644996643,1.0
2108,97.41014008839196,251.8299323359902,6888.501523540432,50000.0,0.009999999776482582,0.3402561843395233,1.0
2109,97.32144540952328,2.018543147547192,3283.8061345312103,50000.0,0.009999999776482582,0.3274821937084198,1.0
2110,103.76665349818273,1.6123619953078008,3294.677742655231,50000.0,0.009999999776482582,0.4037129878997803,1.0
2111,97.47531712579995,259.8769435380789,6895.845406842324,50000.0,0.009999999776482582,0.339256227016449,1.0
2112,80.13426360731155,0.18660565858921335,4832.236881290949,50000.0,0.009999999776482582,0.12525302171707153,1.0
2113,79.96231157970746,0.1583662482325887,4856.2835258294335,50000.0,0.009999999776482582,0.12494205683469772,1.0
2114,90.56635396636406,364.1149629726329,6896.673770877041,50000.0,0.009999999776482582,0.2753086984157562,1.0
2115,85.36369079976828,246.10954256240043,6867.3486707593975,50000.0,0.009999999776482582,0.1997847855091095,1.0
2116,71.09371365834485,0.0,inf,50000.0,0.009999999776482582,0.047750622034072876,1.0
2117,84.95846760368828,0.9625812684813091,3258.707120748409,50000.0,0.009999999776482582,0.1865106076002121,1.0
2118,82.78970047011937,345.6294885590716,6862.6190672227785,50000.0,0.009999999776482582,0.19782394170761108,1.0
2119,87.24414601174115,0.2030537898575377,4793.473152573139,50000.0,0.009999999776482582,0.20094723999500275,1.0
2120,82.69213497557939,331.30105724582006,6839.064231384208,50000.0,0.009999999776482582,0.1974819153547287,1.0
2121,70.13465315410373,0.0,inf,50000.0,0.009999999776482582,0.046580031514167786,1.0
2122,107.8391349786891,1.9354755468220013,3257.7561282654287,50000.0,0.009999999776482582,0.4650103747844696,1.0
2123,69.91832784254477,0.0,inf,50000.0,0.009999999776482582,0.046308498829603195,1.0
2124,78.69515751170856,0.10960135941329105,4806.6221641428565,50000.0,0.009999999776482582,0.12310130894184113,1.0
2125,84.58618448955691,236.6528629127725,6827.685694321273,50000.0,0.009999999776482582,0.1984991431236267,1.0
2126,75.96340415974412,230.67309101983187,6815.094761529623,50000.0,0.009999999776482582,0.12103397399187088,1.0
2127,83.89216445964615,0.9291944272260522,3244.392294957583,50000.0,0.009999999776482582,0.18462423980236053,1.0
2128,75.66254206478297,229.24973098601302,6805.446412065189,50000.0,0.009999999776482582,0.12060841917991638,1.0
2129,91.62281354258677,0.8743699405610781,3253.3473180403284,50000.0,0.009999999776482582,0.261736661195755,1.0
2130,83.61026880287609,0.7744175736980353,3235.6782507930006,50000.0,0.009999999776482582,0.1839219331741333,1.0
2131,97.5613780846656,328.58747466230125,6804.849750533841,50000.0,0.009999999776482582,0.35140278935432434,1.0
2132,84.2281110118827,220.83182734053202,6777.648348988753,50000.0,0.009999999776482582,0.19762037694454193,1.0
2133,84.19057592817738,216.05736555699735,6765.963645068563,50000.0,0.009999999776482582,0.19745215773582458,1.0
2134,106.50441255739695,300.2561805297779,6754.593158760452,50000.0,0.009999999776482582,0.47457918524742126,1.0
2135,103.5650393474026,0.9467685555440639,3225.0823600830877,50000.0,0.009999999776482582,0.40000471472740173,1.0
2136,89.58939318058121,208.50085033298782,6738.934696507777,50000.0,0.009999999776482582,0.2587410807609558,1.0
2137,99.07483327128745,0.48435313707039096,3220.1775646986384,50000.0,0.009999999776482582,0.3376699388027191,1.0
2138,84.25493363605084,207.76398159804882,6738.431805550541,50000.0,0.009999999776482582,0.19711898267269135,1.0
2139,97.07936814102682,204.69387824929163,6727.272958247477,50000.0,0.009999999776482582,0.33536630868911743,1.0
2140,89.96152248872603,284.26981834196954,6718.648713914944,50000.0,0.009999999776482582,0.27201321721076965,1.0
2141,75.49807548064628,192.96282524861093,6691.564607012334,50000.0,0.009999999776482582,0.11982599645853043,1.0
2142,97.05376085804117,191.67188247434405,6679.5526566418,50000.0,0.009999999776482582,0.33491945266723633,1.0
2143,103.72745917050699,0.5250874324308507,3205.2007430036238,50000.0,0.009999999776482582,0.3979639410972595,1.0
2144,94.98567622533866,273.4568012830432,6682.920483826786,50000.0,0.009999999776482582,0.33236873149871826,1.0
2145,89.64901974122107,188.34968049022328,6657.921993657843,50000.0,0.009999999776482582,0.25723496079444885,1.0
2146,97.10600580825079,187.7290101419012,6648.762300734543,50000.0,0.009999999776482582,0.33377987146377563,1.0
2147,97.12401998342122,186.16478785076873,6641.559494999895,50000.0,0.009999999776482582,0.33351629972457886,1.0
2148,81.7629236230334,257.57119856492085,6633.407714223972,50000.0,0.009999999776482582,0.1939004510641098,1.0
2149,91.90843877942606,0.19284850502246625,3193.9445388512945,50000.0,0.009999999776482582,0.25887420773506165,1.0
2150,108.53625605719128,181.0334179480953,6615.258070486335,50000.0,0.009999999776482582,0.4700506329536438,1.0
2151,92.03537452312685,0.11690104013904634,3190.1684915919673,50000.0,0.009999999776482582,0.2583603262901306,1.0
2152,89.73563217533479,182.13969745592934,6618.722081353529,50000.0,0.009999999776482582,0.25587254762649536,1.0
2153,92.01531615088837,0.10603526188242796,3189.5306056951076,50000.0,0.009999999776482582,0.25795042514801025,1.0
2154,68.63423251038859,0.0,inf,50000.0,0.009999999776482582,0.04498729854822159,1.0
2155,95.05048208235121,316.6075486348014,6619.336758429351,50000.0,0.009999999776482582,0.3442479372024536,1.0
2156,99.25339281870176,0.10792489371699328,3190.8963868167575,50000.0,0.009999999776482582,0.33415359258651733,1.0
2157,84.08063155065327,175.15716968567025,6592.168637407708,50000.0,0.009999999776482582,0.19522623717784882,1.0
2158,83.93597597678509,0.1058556790289889,3191.1831985330177,50000.0,0.009999999776482582,0.18104034662246704,1.0
2159,91.99310250546704,175.33349710212295,6587.958246736728,50000.0,0.009999999776482582,0.27138420939445496,1.0
2160,89.53060773887846,171.57902875049325,6580.043204676872,50000.0,0.009999999776482582,0.2548759877681732,1.0
2161,75.01230086229499,169.26694388500138,6570.648566182441,50000.0,0.009999999776482582,0.11846490204334259,1.0
2162,101.93247406068166,168.373753584314,6559.066200215819,50000.0,0.009999999776482582,0.3907599151134491,1.0
2163,83.76360008463764,0.09393606127320962,3185.2479368768263,50000.0,0.009999999776482582,0.1801804155111313,1.0
2164,91.78348373581703,0.09115980700497926,3181.3475565501167,50000.0,0.009999999776482582,0.2563059329986572,1.0
2165,101.99255342442909,173.44988412504014,6565.573147755165,50000.0,0.009999999776482582,0.38937684893608093,1.0
2166,97.0669237332542,0.11718678064564003,3155.0615727388104,50000.0,0.009999999776482582,0.31468021869659424,1.0
2167,106.23309651737354,0.07908557249119996,3131.7723286119967,50000.0,0.009999999776482582,0.4083183705806732,1.0
2168,89.54494575705986,176.64930399071676,6579.415730944709,50000.0,0.009999999776482582,0.25299152731895447,1.0
2169,97.14861663855187,175.18029637077842,6570.518123918662,50000.0,0.009999999776482582,0.32891547679901123,1.0
2170,68.00764156603681,0.0,inf,50000.0,0.009999999776482582,0.04436076059937477,1.0
2171,67.608846013938,0.0,inf,50000.0,0.009999999776482582,0.04389217123389244,1.0
2172,83.50732835687266,175.71757987742222,6567.0865529046605,50000.0,0.009999999776482582,0.19394348561763763,1.0
2173,91.6790212169367,0.07863344343751867,3130.7885795042434,50000.0,0.009999999776482582,0.25452080368995667,1.0
2174,97.03787727146117,174.14825996798882,6564.037853527144,50000.0,0.009999999776482582,0.3284139931201935,1.0
2175,91.76589656100721,170.4166898082087,6556.878674683291,50000.0,0.009999999776482582,0.2698806822299957,1.0
2176,77.2164138130266,0.00011804312799559189,4413.489253738664,50000.0,0.009999999776482582,0.1194651648402214,1.0
2177,97.03893470355167,166.6188024878466,6552.583937890543,50000.0,0.009999999776482582,0.32800379395484924,1.0
2178,83.40512495195867,162.386774379557,6544.7140747394415,50000.0,0.009999999776482582,0.1932242065668106,1.0
2179,97.14152610646747,224.7929879880151,6535.473734051533,50000.0,0.009999999776482582,0.343086302280426,1.0
2180,91.73417914171361,0.07906608234422646,3138.0482345831533,50000.0,0.009999999776482582,0.25368428230285645,1.0
2181,74.05034865972503,152.01139324949824,6517.261215719503,50000.0,0.009999999776482582,0.11702076345682144,1.0
2182,96.90690532495219,0.11169600928152576,3137.946373671021,50000.0,0.009999999776482582,0.31208133697509766,1.0
2183,83.28327678248259,154.14371308884017,6512.442304087136,50000.0,0.009999999776482582,0.19267487525939941,1.0
2184,73.78777080967296,150.8325532622768,6501.275954226521,50000.0,0.009999999776482582,0.11661304533481598,1.0
2185,82.96380763946092,0.07819282207374244,3131.9282901202005,50000.0,0.009999999776482582,0.17691496014595032,1.0
2186,66.07093424122365,0.0,inf,50000.0,0.009999999776482582,0.042232830077409744,1.0
2187,80.09461513637274,214.99882718618537,6496.009079554906,50000.0,0.009999999776482582,0.1900666505098343,1.0
2188,89.0256887760837,208.55885390754457,6469.295528293125,50000.0,0.009999999776482582,0.266018271446228,1.0
2189,65.62124562347867,0.0,inf,50000.0,0.009999999776482582,0.04174557328224182,1.0
2190,101.84227778609691,144.5484610208914,6446.207831559793,50000.0,0.009999999776482582,0.38488349318504333,1.0
2191,82.44472881012646,0.07849388617836199,3137.5022235876067,50000.0,0.009999999776482582,0.1758527308702469,1.0
2192,88.58345829486883,146.20235440278938,6442.052219451136,50000.0,0.009999999776482582,0.2495032548904419,1.0
2193,91.12909587916536,0.02606796644533964,3105.822788361913,50000.0,0.009999999776482582,0.2518133819103241,1.0
2194,85.4028299792807,4.48094276333485e-05,4356.43309770956,50000.0,0.009999999776482582,0.19398000836372375,1.0
2195,75.8539952957788,2.498149779418779e-05,4332.256361657311,50000.0,0.009999999776482582,0.11731534451246262,1.0
2196,82.08797452826964,0.07812759508047108,3133.8967122424747,50000.0,0.009999999776482582,0.17493444681167603,1.0
2197,85.25712428527112,3.179811609679199e-05,4323.808056224221,50000.0,0.009999999776482582,0.1933504194021225,1.0
2198,90.96809347753945,0.0783367645424885,3137.1763755331435,50000.0,0.009999999776482582,0.25089114904403687,1.0
2199,101.84508341852471,152.15747779723307,6466.469058913246,50000.0,0.009999999776482582,0.3827815055847168,1.0
2200,91.4009705088758,152.07047665837513,6459.040411831456,50000.0,0.009999999776482582,0.26720619201660156,1.0
2201,91.4290269681116,148.90471009022065,6450.627831353107,50000.0,0.009999999776482582,0.266893208026886,1.0
2202,91.07714080997677,0.025043338177319845,3133.6008933282983,50000.0,0.009999999776482582,0.2502548098564148,1.0
2203,88.34370241557916,147.43244682550971,6448.25658660585,50000.0,0.009999999776482582,0.24824900925159454,1.0
2204,81.98536067554073,0.023013330847047535,3142.8479494919375,50000.0,0.009999999776482582,0.17389094829559326,1.0
2205,88.27117726319169,148.8492758611387,6442.680514232165,50000.0,0.009999999776482582,0.24776411056518555,1.0
2206,90.99061116840997,0.021494027265973634,3150.065406180201,50000.0,0.009999999776482582,0.24946968257427216,1.0
2207,109.40634963197289,151.45965205603477,6439.963076065755,50000.0,0.009999999776482582,0.45651775598526,1.0
2208,64.2430423590619,0.0,inf,50000.0,0.009999999776482582,0.04034005478024483,1.0
2209,63.87535537144489,0.0,inf,50000.0,0.009999999776482582,0.03993701934814453,1.0
2210,96.32284070171426,0.029210327374969702,3157.293420165858,50000.0,0.009999999776482582,0.30550283193588257,1.0
2211,85.0121300767037,6.001368555601769e-06,4253.568094847614,50000.0,0.009999999776482582,0.19193485379219055,1.0
2212,71.55918800783535,154.9757227711409,6449.37137428021,50000.0,0.009999999776482582,0.11380685120820999,1.0
2213,71.418522568796,152.90841510033627,6436.952960175715,50000.0,0.009999999776482582,0.1135757565498352,1.0
2214,78.75136192186181,212.7074369219522,6424.794772929707,50000.0,0.009999999776482582,0.18776309490203857,1.0
2215,71.22867602509272,146.27397788471228,6397.817107473113,50000.0,0.009999999776482582,0.11313598603010178,1.0
2216,96.04947171985623,0.03436152318689605,3161.2812893899786,50000.0,0.009999999776482582,0.3047870099544525,1.0
2217,96.09732714443076,0.03120797271181662,3157.8731113957724,50000.0,0.009999999776482582,0.30407485365867615,1.0
2218,84.67181744762193,4.620996687060403e-06,4256.204385474261,50000.0,0.009999999776482582,0.19152456521987915,1.0
2219,81.66059744403405,151.83821969907586,6404.1827235706305,50000.0,0.009999999776482582,0.18922942876815796,1.0
2220,99.18390274473154,0.02238784390764301,3154.769210110882,50000.0,0.009999999776482582,0.3235829174518585,1.0
2221,102.32992179830245,213.93156206156985,6402.499361674359,50000.0,0.009999999776482582,0.39576321840286255,1.0
2222,81.18168100893595,0.02124936101978999,3149.8442939469987,50000.0,0.009999999776482582,0.1708420217037201,1.0
2223,78.45185748754955,209.92555236931642,6382.678531337994,50000.0,0.009999999776482582,0.1869564950466156,1.0
2224,81.60818292029286,145.4920472615874,6356.687534209342,50000.0,0.009999999776482582,0.18870021402835846,1.0
2225,87.69888285890457,143.7656185352309,6346.223005005777,50000.0,0.009999999776482582,0.24459485709667206,1.0
2226,93.83470906820742,1.963376778959401e-06,4206.068023501354,50000.0,0.009999999776482582,0.2668542265892029,1.0
2227,70.72883933833,142.54710236752905,6344.022113834801,50000.0,0.009999999776482582,0.1123419925570488,1.0
2228,101.82310635237248,142.43176487855447,6332.416493034899,50000.0,0.009999999776482582,0.37655967473983765,1.0
2229,90.56015539993668,0.02317189793696408,3134.7905212066826,50000.0,0.009999999776482582,0.24605393409729004,1.0
2230,96.6353220080322,144.86075502852418,6330.24482251468,50000.0,0.009999999776482582,0.3198397159576416,1.0
2231,109.72871214651218,145.0183684397151,6322.2922015875665,50000.0,0.009999999776482582,0.45113733410835266,1.0
2232,74.37898772059668,4.1890889876832586e-07,4170.545566252165,50000.0,0.009999999776482582,0.114241823554039,1.0
2233,90.64529187259714,0.022176356844743436,3114.3499651161483,50000.0,0.009999999776482582,0.2452496588230133,1.0
2234,93.89400154495856,206.4408605111704,6325.483641045521,50000.0,0.009999999776482582,0.3171052932739258,1.0
2235,84.6814539948962,4.32194449803697e-07,4160.442216756841,50000.0,0.009999999776482582,0.1898018717765808,1.0
2236,109.4476123617725,0.039160485000708546,3104.8794344145404,50000.0,0.009999999776482582,0.4311269223690033,1.0
2237,96.7272618086963,149.25185756879742,6315.614180564453,50000.0,0.009999999776482582,0.318147748708725,1.0
2238,78.12599298765024,208.0562472428779,6306.681116016816,50000.0,0.009999999776482582,0.18574047088623047,1.0
2239,74.26701496583748,1.7289409811029925e-07,4148.857366113785,50000.0,0.009999999776482582,0.11388049274682999,1.0
2240,99.4530934303291,0.022503528725672486,3081.5077735084274,50000.0,0.009999999776482582,0.31976327300071716,1.0
2241,77.99817491559736,205.6138964014642,6292.783284220685,50000.0,0.009999999776482582,0.18547455966472626,1.0
2242,77.97872857332737,199.9789921678773,6266.500251007089,50000.0,0.009999999776482582,0.18515169620513916,1.0
2243,74.0581332308778,1.1194050011609405e-07,4128.313031372896,50000.0,0.009999999776482582,0.11348716169595718,1.0
2244,90.56895116964299,0.025890112941298164,3079.772966007886,50000.0,0.009999999776482582,0.24378155171871185,1.0
2245,61.41768033703285,0.0,inf,50000.0,0.009999999776482582,0.037557803094387054,1.0
2246,101.92728447427659,142.13791456173405,6253.035023246796,50000.0,0.009999999776482582,0.3719799220561981,1.0
2247,81.15538010998448,142.39990597909176,6244.801827222213,50000.0,0.009999999776482582,0.18667224049568176,1.0
2248,87.39972341918376,140.84137195923554,6234.822361368397,50000.0,0.009999999776482582,0.2410551756620407,1.0
2249,84.40219575496204,9.748758322110302e-08,4116.871738134379,50000.0,0.009999999776482582,0.18861135840415955,1.0
2250,80.4615913766393,0.02880657789125995,3059.6129820977712,50000.0,0.009999999776482582,0.16720454394817352,1.0
2251,69.62601712487572,141.9988598645961,6234.300585388336,50000.0,0.009999999776482582,0.11058761179447174,1.0
2252,73.34947046308375,5.361356975280429e-08,4101.111980652199,50000.0,0.009999999776482582,0.1124267727136612,1.0
2253,90.26357160408433,0.03231166304926577,3054.9020467767236,50000.0,0.009999999776482582,0.24242793023586273,1.0
2254,69.29318666986387,142.45655015272018,6232.321796552696,50000.0,0.009999999776482582,0.11022951453924179,1.0
2255,93.61347105674373,199.47601267224138,6221.02352271996,50000.0,0.009999999776482582,0.3140566051006317,1.0
2256,93.86973232156821,7.19536663145344e-08,4090.21121443844,50000.0,0.009999999776482582,0.2637180984020233,1.0
2257,90.2568030448937,0.03585109743312287,3048.2580891631064,50000.0,0.009999999776482582,0.24192997813224792,1.0
2258,102.49764639518023,199.88545747866343,6212.231077648994,50000.0,0.009999999776482582,0.3892385959625244,1.0
2259,87.1430510445375,138.94025626176014,6190.348028452363,50000.0,0.009999999776482582,0.23971375823020935,1.0
2260,80.11370731126456,0.036222297029100896,3034.0026979984864,50000.0,0.009999999776482582,0.16594769060611725,1.0
2261,95.98245965999257,0.05165252688401377,3028.2639298363983,50000.0,0.009999999776482582,0.29513606429100037,1.0
2262,96.58706129024047,143.90312519282048,6189.645114399501,50000.0,0.009999999776482582,0.3145008087158203,1.0
2263,59.99649727014793,0.0,inf,50000.0,0.009999999776482582,0.03621496260166168,1.0
2264,96.55962146341919,143.99338924679654,6183.795419819479,50000.0,0.009999999776482582,0.3142695128917694,1.0
2265,72.93944794570375,1.8331520155891227e-08,4042.878460034209,50000.0,0.009999999776482582,0.11152777075767517,1.0
2266,90.18972354095052,0.09136345772436881,3138.173455940808,50000.0,0.009999999776482582,0.24033604562282562,1.0
2267,68.70952152243632,144.52608058141473,6185.124484526111,50000.0,0.009999999776482582,0.10937488824129105,1.0
2268,86.86614452568607,143.46198891025136,6173.579661337514,50000.0,0.009999999776482582,0.23814606666564941,1.0
2269,72.61835266577332,1.4817184661116736e-08,4031.23273434792,50000.0,0.009999999776482582,0.11107783764600754,1.0
2270,68.40314934606799,142.8117870412399,6167.526586810556,50000.0,0.009999999776482582,0.10894928127527237,1.0
2271,83.81413147985303,1.840467850980954e-08,4023.0055603589017,50000.0,0.009999999776482582,0.1864844709634781,1.0
2272,104.67011761116078,0.13951900637882916,3191.344452405751,50000.0,0.009999999776482582,0.36870673298835754,1.0
2273,79.44723130784874,0.098274437450939,3179.8129958900904,50000.0,0.009999999776482582,0.16371993720531464,1.0
2274,79.36265031924111,0.09910067307661018,3179.973554709178,50000.0,0.009999999776482582,0.16343116760253906,1.0
2275,58.3644103154733,0.0,inf,50000.0,0.009999999776482582,0.03466612100601196,1.0
2276,71.99020713558635,8.77585520186276e-09,4004.1838483490587,50000.0,0.009999999776482582,0.11014161258935928,1.0
2277,78.9816573746257,0.10452585331729702,3206.148138051271,50000.0,0.009999999776482582,0.1628202646970749,1.0
2278,86.40104147168016,151.25900230872261,6185.700263288123,50000.0,0.009999999776482582,0.23672954738140106,1.0
2279,96.39398607413487,151.35117456028738,6176.330243781207,50000.0,0.009999999776482582,0.3123796284198761,1.0
2280,71.78270980354081,7.102266240943777e-09,3994.8528428704153,50000.0,0.009999999776482582,0.10983337461948395,1.0
2281,78.81685529044871,0.10958331823380499,3215.100476242079,50000.0,0.009999999776482582,0.16214491426944733,1.0
2282,117.80074752576195,0.1911481296726773,3212.296414817849,50000.0,0.009999999776482582,0.4941604435443878,1.0
2283,104.79150173650312,0.15389670843355036,3194.2925385717754,50000.0,0.009999999776482582,0.36489543318748474,1.0
2284,71.79028063879143,4.732396129510871e-09,3979.927252462965,50000.0,0.009999999776482582,0.1096784695982933,1.0
2285,102.66999787074221,227.43138080689727,6199.248829803021,50000.0,0.009999999776482582,0.3852696120738983,1.0
2286,86.43136139223851,157.4883165668262,6177.162937993254,50000.0,0.009999999776482582,0.2351655513048172,1.0
2287,57.52094957820464,0.0,inf,50000.0,0.009999999776482582,0.033920641988515854,1.0
2288,78.78781032787212,0.11620020157391926,3203.946442331086,50000.0,0.009999999776482582,0.1607370525598526,1.0
2289,87.19276542495535,224.21628351058692,6172.7406195290305,50000.0,0.009999999776482582,0.2575676739215851,1.0
2290,104.8394851714919,0.16921153650744236,3208.5372532265674,50000.0,0.009999999776482582,0.36332768201828003,1.0
2291,89.78698486061091,0.11993747396291507,3202.079483284984,50000.0,0.009999999776482582,0.2359340339899063,1.0
2292,86.3054258534253,159.4910806246849,6163.411472043035,50000.0,0.009999999776482582,0.23411674797534943,1.0
2293,78.75757243874432,0.12292312188596247,3200.548476913221,50000.0,0.009999999776482582,0.15988491475582123,1.0
2294,79.65130058522841,160.5065355854973,6157.460147177278,50000.0,0.009999999776482582,0.18311259150505066,1.0
2295,96.43705506396262,159.02379934801112,6147.725561402631,50000.0,0.009999999776482582,0.30931904911994934,1.0
2296,93.20150808313724,222.1978358197782,6139.506318254574,50000.0,0.009999999776482582,0.30739888548851013,1.0
2297,89.76864637638221,0.1300291264477675,3200.43737175061,50000.0,0.009999999776482582,0.23505744338035583,1.0
2298,83.49779094019088,267.2882363628192,6121.853632272707,50000.0,0.009999999776482582,0.2548058032989502,1.0
2299,86.27022537614684,148.9613960949688,6082.614073441242,50000.0,0.009999999776482582,0.2328978180885315,1.0
2300,90.58562918167206,148.67855048190913,6074.008652772029,50000.0,0.009999999776482582,0.2582238018512726,1.0
2301,71.3885260984936,1.8287690077568248e-09,inf,50000.0,0.009999999776482582,0.10888742655515671,1.0
2302,83.40305980477643,2.1647268125738356e-09,inf,50000.0,0.009999999776482582,0.18423038721084595,1.0
2303,89.72423932974186,0.14926329944926378,3206.815613105496,50000.0,0.009999999776482582,0.23448891937732697,1.0
2304,89.72941543572267,0.15224686251183994,3203.695686843128,50000.0,0.009999999776482582,0.234257772564888,1.0
2305,89.73433001333943,0.1553707187141191,3200.3154639317977,50000.0,0.009999999776482582,0.23402675986289978,1.0
2306,105.07366739158967,0.30352898407124174,3139.8847508998797,50000.0,0.009999999776482582,0.3593692183494568,1.0
2307,89.8004792520638,0.21595922616934596,3135.977166938791,50000.0,0.009999999776482582,0.2334490269422531,1.0
2308,66.53022964711626,156.32624744047703,6109.533273228042,50000.0,0.009999999776482582,0.10674121230840683,1.0
2309,105.12390307037128,0.31554366438300285,3146.6704227672253,50000.0,0.009999999776482582,0.35834038257598877,1.0
2310,78.48724167749135,0.22496025053837324,3143.47973969512,50000.0,0.009999999776482582,0.15762832760810852,1.0
2311,93.09775326963229,224.9683995682464,6108.624596551048,50000.0,0.009999999776482582,0.3050527572631836,1.0
2312,78.44530091130696,0.23003843252746278,3143.837039489359,50000.0,0.009999999776482582,0.157255157828331,1.0
2313,66.26591665514077,156.79347956529207,6087.414083537441,50000.0,0.009999999776482582,0.10634041577577591,1.0
2314,66.14869293683769,154.51866059810263,6074.932241473833,50000.0,0.009999999776482582,0.10615429282188416,1.0
2315,55.53111771803337,0.0,inf,50000.0,0.009999999776482582,0.03223570063710213,1.0
2316,85.82538877319705,153.48811643676223,6064.045380482205,50000.0,0.009999999776482582,0.2304239124059677,1.0
2317,65.81000350359578,151.77533482836145,6053.52349192982,50000.0,0.009999999776482582,0.10569547116756439,1.0
2318,99.63885554070694,0.26188066763971063,3165.109034705109,50000.0,0.009999999776482582,0.30769339203834534,1.0
2319,74.88665224425839,213.10902408025314,6049.7832622575315,50000.0,0.009999999776482582,0.17937682569026947,1.0
2320,89.4258002212202,0.27184448644704134,3167.882514724102,50000.0,0.009999999776482582,0.23180082440376282,1.0
2321,89.43188944043695,0.27760202929560596,3166.8697795808616,50000.0,0.009999999776482582,0.23157137632369995,1.0
2322,111.10379646796183,151.27748696120534,6036.2782641575595,50000.0,0.009999999776482582,0.4292893409729004,1.0
2323,99.7848902050497,0.28493493632478134,3160.1001195142294,50000.0,0.009999999776482582,0.30649885535240173,1.0
2324,79.11630468521558,151.76615441085897,6039.351115872952,50000.0,0.009999999776482582,0.18081769347190857,1.0
2325,96.48170387722081,150.10292267992824,6029.6736227202555,50000.0,0.009999999776482582,0.3044174611568451,1.0
2326,70.52763271023807,1.8311962421595238e-10,inf,50000.0,0.009999999776482582,0.10704324394464493,1.0
2327,111.21526423879081,150.17378295428193,6026.211952449819,50000.0,0.009999999776482582,0.42781513929367065,1.0
2328,89.63587014128896,0.3722567170206561,3138.504461428574,50000.0,0.009999999776482582,0.2302333563566208,1.0
2329,65.57538671563488,150.66064821799029,6026.7043890296545,50000.0,0.009999999776482582,0.10536428540945053,1.0
2330,106.19106511939226,149.91547496013757,6015.281221948348,50000.0,0.009999999776482582,0.37869322299957275,1.0
2331,79.10570053005866,148.1113625302222,6010.381631758933,50000.0,0.009999999776482582,0.18023867905139923,1.0
2332,70.47566064874145,8.066871876896586e-11,inf,50000.0,0.009999999776482582,0.10664522647857666,1.0
2333,83.22157432150723,9.45624932620222e-11,inf,50000.0,0.009999999776482582,0.18140937387943268,1.0
2334,74.5427874596269,206.59025267599137,6011.43053097926,50000.0,0.009999999776482582,0.17863614857196808,1.0
2335,96.52833859496262,142.6716636973004,5985.864100803668,50000.0,0.009999999776482582,0.3030632436275482,1.0
2336,79.00701778635252,141.32355974742754,5978.771529058609,50000.0,0.009999999776482582,0.17966841161251068,1.0
2337,95.49058146607891,0.7245862982604682,3144.808143758446,50000.0,0.009999999776482582,0.27780473232269287,1.0
2338,85.64938723061452,142.2809047143098,5974.224374060498,50000.0,0.009999999776482582,0.22761598229408264,1.0
2339,70.23608653751526,4.3753412925372453e-11,inf,50000.0,0.009999999776482582,0.10615076124668121,1.0
2340,78.89478714831304,141.7916229062831,5968.944082784755,50000.0,0.009999999776482582,0.17940792441368103,1.0
2341,64.977316455678,139.22001424123243,5959.21861762859,50000.0,0.009999999776482582,0.10444164276123047,1.0
2342,64.87054112641243,137.0286883110045,5947.20266780388,50000.0,0.009999999776482582,0.10426625609397888,1.0
2343,69.87076051483028,3.5008968160679565e-11,inf,50000.0,0.009999999776482582,0.10566608607769012,1.0
2344,82.96905485088614,4.094436024652491e-11,inf,50000.0,0.009999999776482582,0.18044033646583557,1.0
2345,82.99013145537552,2.8989734508245534e-11,inf,50000.0,0.009999999776482582,0.18014967441558838,1.0
2346,74.09040827677904,192.60862305360772,5953.027120194984,50000.0,0.009999999776482582,0.17756566405296326,1.0
2347,53.14699268404072,0.0,inf,50000.0,0.009999999776482582,0.030319154262542725,1.0
2348,85.21612961872518,132.96447963993333,5928.7751804496265,50000.0,0.009999999776482582,0.22700558602809906,1.0
2349,85.2091623828485,132.05284234319632,5918.822170218307,50000.0,0.009999999776482582,0.2267712950706482,1.0
2350,86.65872339450803,184.88682688666847,5909.836930235975,50000.0,0.009999999776482582,0.25185924768447876,1.0
2351,64.26465652366015,126.50205297353264,5887.4224630163135,50000.0,0.009999999776482582,0.10335017740726471,1.0
2352,52.60534564100095,0.0,inf,50000.0,0.009999999776482582,0.029861805960536003,1.0
2353,114.55980227019793,1.4045075368642528,3132.521338673436,50000.0,0.009999999776482582,0.4262546896934509,1.0
2354,109.77503489966747,1.0149985639260353,3132.444597946087,50000.0,0.009999999776482582,0.37732821702957153,1.0
2355,69.44692488996921,7.38732138341655e-12,inf,50000.0,0.009999999776482582,0.10455869138240814,1.0
2356,86.64353779559504,184.03590134879903,5903.775869309165,50000.0,0.009999999776482582,0.2513406574726105,1.0
2357,76.80325992426988,1.1536658138283573,3137.6231124926753,50000.0,0.009999999776482582,0.15265023708343506,1.0
2358,73.75669858286656,179.6686923199605,5884.536164512197,50000.0,0.009999999776482582,0.17643895745277405,1.0
2359,100.06856763891115,1.2522943489159475,3130.026027362786,50000.0,0.009999999776482582,0.301768034696579,1.0
2360,89.2006880798195,1.2893389414450747,3134.493990353095,50000.0,0.009999999776482582,0.22683551907539368,1.0
2361,69.27031034603019,3.781862580979829e-12,inf,50000.0,0.009999999776482582,0.10410282015800476,1.0
2362,96.48348176629021,128.1102148591849,5878.299162156977,50000.0,0.009999999776482582,0.2999264895915985,1.0
2363,76.65155896294334,1.5134795334567293,3128.189693566248,50000.0,0.009999999776482582,0.1518917679786682,1.0
2364,78.35396021726264,128.27236137965093,5875.449368511017,50000.0,0.009999999776482582,0.17725656926631927,1.0
2365,63.62169138505765,126.16993958854789,5866.136146984622,50000.0,0.009999999776482582,0.10265098512172699,1.0
2366,82.77934005135569,3.613945288367454e-12,inf,50000.0,0.009999999776482582,0.17820726335048676,1.0
2367,78.27156693039663,125.42374872608933,5861.828354275499,50000.0,0.009999999776482582,0.17691093683242798,1.0
2368,68.93110071513384,1.5954807841813827e-12,inf,50000.0,0.009999999776482582,0.10339464992284775,1.0
2369,51.273692560605134,0.0,inf,50000.0,0.009999999776482582,0.028841378167271614,1.0
2370,68.68533126576642,1.3441698233598893e-12,inf,50000.0,0.009999999776482582,0.10306897759437561,1.0
2371,88.91615673762267,2.2548343793257533,3131.5909502382624,50000.0,0.009999999776482582,0.22565175592899323,1.0
2372,92.51592388486382,178.413019173478,5865.926225638586,50000.0,0.009999999776482582,0.2983301281929016,1.0
2373,78.07818452788008,123.4761367408659,5845.331096744723,50000.0,0.009999999776482582,0.17640483379364014,1.0
2374,105.4188497035966,3.53572957133868,3127.1702171194556,50000.0,0.009999999776482582,0.3478217124938965,1.0
2375,73.18494952907318,174.7191578051499,5844.0279030102565,50000.0,0.009999999776482582,0.17543168365955353,1.0
2376,82.14126014497771,206.46263260639887,5819.562036723635,50000.0,0.009999999776482582,0.24850155413150787,1.0
2377,82.6504979771286,1.3521429153784615e-12,inf,50000.0,0.009999999776482582,0.17727293074131012,1.0
2378,78.07257461704673,115.35135828628138,5790.368919711139,50000.0,0.009999999776482582,0.1758945733308792,1.0
2379,75.97258091207523,2.9000438865901295,3132.0079145425675,50000.0,0.009999999776482582,0.15070867538452148,1.0
2380,96.44916154716508,115.44528904607745,5779.840527897483,50000.0,0.009999999776482582,0.2979917824268341,1.0
2381,50.49538848318771,0.0,inf,50000.0,0.009999999776482582,0.02825482189655304,1.0
2382,50.22433759782701,0.0,inf,50000.0,0.009999999776482582,0.02803029865026474,1.0
2383,94.63763403417319,4.982231362251099,3122.485222265672,50000.0,0.009999999776482582,0.2722626328468323,1.0
2384,82.49382349275618,7.790297191308819e-13,inf,50000.0,0.009999999776482582,0.17668643593788147,1.0
2385,100.23132092085439,3.9192487796153697,3119.720095015359,50000.0,0.009999999776482582,0.29833853244781494,1.0
2386,88.8426199579014,4.176777480113242,3119.5804452401426,50000.0,0.009999999776482582,0.22376243770122528,1.0
2387,96.46403875773888,121.06546391438762,5797.650357515477,50000.0,0.009999999776482582,0.2969907522201538,1.0
2388,49.873674514869194,0.0,inf,50000.0,0.009999999776482582,0.02777821384370327,1.0
2389,68.09952287654552,2.117212724248202e-13,inf,50000.0,0.009999999776482582,0.10175284743309021,1.0
2390,75.48159624174215,5.084690426883042,3118.275815085778,50000.0,0.009999999776482582,0.14903299510478973,1.0
2391,84.33212622448877,121.92473524315352,5794.209167418748,50000.0,0.009999999776482582,0.22235524654388428,1.0
2392,84.3277692430095,120.95481075518276,5783.934597915927,50000.0,0.009999999776482582,0.2221229523420334,1.0
2393,94.58623025296119,7.9554027724877345,3109.843081869228,50000.0,0.009999999776482582,0.2695854902267456,1.0
2394,124.42850741089352,11.775591858779551,3103.645040010862,50000.0,0.009999999776482582,0.5104917883872986,1.0
2395,82.5265213577721,3.2242955207960366e-13,inf,50000.0,0.009999999776482582,0.17608697712421417,1.0
2396,101.92929678038632,127.70806961045128,5771.59664151097,50000.0,0.009999999776482582,0.34104904532432556,1.0
2397,103.59732296130147,179.62306127605262,5793.346398901639,50000.0,0.009999999776482582,0.3682441711425781,1.0
2398,62.18686206033708,123.52154254590656,5785.367063834248,50000.0,0.009999999776482582,0.10080477595329285,1.0
2399,90.75484697268845,122.40641014957819,5774.615960292455,50000.0,0.009999999776482582,0.24913381040096283,1.0
2400,100.47866764566425,7.781269766623733,3091.4490997559788,50000.0,0.009999999776482582,0.29537197947502136,1.0
2401,88.94391410569246,8.369511591171786,3091.6281947998787,50000.0,0.009999999776482582,0.22101320326328278,1.0
2402,96.58518407041284,124.54555455562884,5747.27069342192,50000.0,0.009999999776482582,0.29405903816223145,1.0
2403,82.71787730637679,9.456222997248494e-14,inf,50000.0,0.009999999776482582,0.1752939671278,1.0
2404,102.01186578119876,125.05711098749131,5693.232305850444,50000.0,0.009999999776482582,0.339295893907547,1.0
2405,89.01488325927926,10.447213758625711,3086.1111094877906,50000.0,0.009999999776482582,0.22025276720523834,1.0
2406,102.35226939072764,125.96595453434692,5783.943130651426,50000.0,0.009999999776482582,0.32204416394233704,1.0
2407,62.07135925728768,123.48453799144966,5779.917938471084,50000.0,0.009999999776482582,0.10069087892770767,1.0
2408,96.66185377128123,122.92151995783907,5699.227971435879,50000.0,0.009999999776482582,0.2931145131587982,1.0
2409,49.28429943862582,0.0,inf,50000.0,0.009999999776482582,0.027416834607720375,1.0
2410,84.36768209114722,122.1257877270359,5678.273451560724,50000.0,0.009999999776482582,0.21922454237937927,1.0
2411,72.43773868198875,169.0109127214929,5752.72726892496,50000.0,0.009999999776482582,0.17342546582221985,1.0
2412,94.77186041651962,19.75182446829188,3084.863851865532,50000.0,0.009999999776482582,0.26462575793266296,1.0
2413,103.76828833405939,167.9637046577905,5678.339083863289,50000.0,0.009999999776482582,0.3653515577316284,1.0
2414,94.83274520757294,21.614831765257897,3079.1141090001393,50000.0,0.009999999776482582,0.2637094259262085,1.0
2415,94.84609761406593,23.184078786698564,3073.7583499182792,50000.0,0.009999999776482582,0.26298099756240845,1.0
2416,82.7649028722412,4.3384416830473495e-14,inf,50000.0,0.009999999776482582,0.17479373514652252,1.0
2417,61.76393398349236,120.00450580951502,5731.127179409266,50000.0,0.009999999776482582,0.10008791089057922,1.0
2418,124.89925430240237,38.57459442177958,3070.9967224952484,50000.0,0.009999999776482582,0.4976250231266022,1.0
2419,75.48737323158362,21.397110502513478,3061.186367698095,50000.0,0.009999999776482582,0.14404048025608063,1.0
2420,96.71098505564743,126.33519779088844,5512.08729306857,50000.0,0.009999999776482582,0.29056516289711,1.0
2421,82.80672354257145,3.2091542263635136e-14,inf,50000.0,0.009999999776482582,0.1746290773153305,1.0
2422,100.8639848472661,25.628140030168975,3060.1879511955985,50000.0,0.009999999776482582,0.29100707173347473,1.0
2423,102.12741787549581,130.8861653215058,5180.654422147857,50000.0,0.009999999776482582,0.3330482542514801,1.0
2424,75.47225444888906,29.49027698514339,3055.730700021475,50000.0,0.009999999776482582,0.14324893057346344,1.0
2425,48.66493732609755,0.0,inf,50000.0,0.009999999776482582,0.026985228061676025,1.0
2426,77.682277924562,125.44523993832546,5738.076043288512,50000.0,0.009999999776482582,0.17351585626602173,1.0
2427,106.04552532343739,48.260879371588906,3054.699627249926,50000.0,0.009999999776482582,0.3326413333415985,1.0
2428,96.76033333998372,131.30989393777045,5223.834015320836,50000.0,0.009999999776482582,0.28918808698654175,1.0
2429,67.8734601279056,8.889485920382465e-15,inf,50000.0,0.009999999776482582,0.1003866195678711,1.0
2430,67.7973723005269,7.381267369861014e-15,inf,50000.0,0.009999999776482582,0.10023151338100433,1.0
2431,94.7580896609452,62.60507520737108,3052.5492287293605,50000.0,0.009999999776482582,0.2580317556858063,1.0
2432,75.12991014769949,48.12270189447028,3047.9464090746706,50000.0,0.009999999776482582,0.14191006124019623,1.0
2433,96.7421467127417,138.6196311825438,4941.256630993965,50000.0,0.009999999776482582,0.28844326734542847,1.0
2434,86.41744643011397,179.04672839589253,5741.80490429092,50000.0,0.009999999776482582,0.24624255299568176,1.0
2435,91.1467320972393,123.03353282163275,5721.013383165649,50000.0,0.009999999776482582,0.24653871357440948,1.0
2436,82.88388678589826,5.343527617169948e-15,inf,50000.0,0.009999999776482582,0.17333386838436127,1.0
2437,75.05386887266148,61.592593261194075,3050.999592381303,50000.0,0.009999999776482582,0.1416897177696228,1.0
2438,92.30617078782117,184.39542043185907,4975.900284114417,50000.0,0.009999999776482582,0.2875373065471649,1.0
2439,106.11794746623733,95.0495791848097,3045.977035316044,50000.0,0.009999999776482582,0.32971441745758057,1.0
2440,77.65186946186888,120.6735648740336,5712.342050619681,50000.0,0.009999999776482582,0.17268460988998413,1.0
2441,106.14098715977252,108.22898830879889,3043.83611870808,50000.0,0.009999999776482582,0.32904428243637085,1.0
2442,116.49554588333804,118.8960088369428,3040.514344347664,50000.0,0.009999999776482582,0.40163686871528625,1.0
2443,77.73102543503587,122.74414754842414,5725.5364611009845,50000.0,0.009999999776482582,0.17259155213832855,1.0
2444,83.0674103334562,1.8033450547836597e-15,inf,50000.0,0.009999999776482582,0.17271752655506134,1.0
2445,47.77492541622689,0.0,inf,50000.0,0.009999999776482582,0.026375852525234222,1.0
2446,47.529242758568174,0.0,inf,50000.0,0.009999999776482582,0.026176275685429573,1.0
2447,106.12910691715223,160.5457287524472,3042.3006141533297,50000.0,0.009999999776482582,0.3275853991508484,1.0
2448,92.21326712029814,214.61362196494807,4194.514566464205,50000.0,0.009999999776482582,0.2861037254333496,1.0
2449,83.96872626315626,175.29129786846622,3729.3552144272962,50000.0,0.009999999776482582,0.212753027677536,1.0
2450,95.97037766307875,1.5689546779501683e-15,inf,50000.0,0.009999999776482582,0.24560776352882385,1.0
2451,88.98576363448176,143.24260291756173,3038.3177385399435,50000.0,0.009999999776482582,0.21267879009246826,1.0
2452,74.72420020493031,154.18217141992915,3037.390046869484,50000.0,0.009999999776482582,0.13948555290699005,1.0
2453,83.86356315568774,204.76799570914204,3511.9747073198355,50000.0,0.009999999776482582,0.21228444576263428,1.0
2454,88.91414524010445,171.71082933985386,3032.727122468002,50000.0,0.009999999776482582,0.21211615204811096,1.0
2455,96.78535590492433,221.30401571719398,3426.4959735801017,50000.0,0.009999999776482582,0.28494730591773987,1.0
2456,86.50469686387909,168.89824071483898,5714.7390223668035,50000.0,0.009999999776482582,0.2448345571756363,1.0
2457,60.65392919086934,115.19199952783809,5692.486262435497,50000.0,0.009999999776482582,0.09873349219560623,1.0
2458,67.42658498525114,3.753527023780561e-16,inf,50000.0,0.009999999776482582,0.09874121844768524,1.0
2459,60.47799662565945,113.68626255217951,5684.270218768246,50000.0,0.009999999776482582,0.09852401912212372,1.0
2460,94.22719424085032,307.761432247014,3032.9911054115714,50000.0,0.009999999776482582,0.2517789900302887,1.0
2461,60.38220325259363,113.23352136578225,5677.9652554909,50000.0,0.009999999776482582,0.09838375449180603,1.0
2462,67.1829529434915,3.5876637416357204e-16,inf,50000.0,0.009999999776482582,0.09847729653120041,1.0
2463,83.54578265984514,278.24719586713604,3222.4601304659554,50000.0,0.009999999776482582,0.21108752489089966,1.0
2464,91.40173564309717,111.03147664663761,5661.281042272934,50000.0,0.009999999776482582,0.24439837038516998,1.0
2465,91.4351256664145,109.20832966961957,5656.111569256208,50000.0,0.009999999776482582,0.24414879083633423,1.0
2466,94.0070243651407,403.99258615834833,3032.4685759436406,50000.0,0.009999999776482582,0.2509947419166565,1.0
2467,99.71743960314318,358.93213073476403,3366.6985489369513,50000.0,0.009999999776482582,0.35632312297821045,1.0
2468,101.1404847537118,302.41625458607865,3025.596695978149,50000.0,0.009999999776482582,0.28367435932159424,1.0
2469,71.53770249425857,144.6740037269967,5631.046902158882,50000.0,0.009999999776482582,0.17067646980285645,1.0
2470,96.6755372985573,340.48145891004566,3122.1117859593764,50000.0,0.009999999776482582,0.28307151794433594,1.0
2471,93.94136400184819,478.2647303919585,3024.9530967162864,50000.0,0.009999999776482582,0.24963578581809998,1.0
2472,83.47221919503963,373.8724579370489,3098.4314871272663,50000.0,0.009999999776482582,0.2096347212791443,1.0
2473,88.60273863345014,371.0243667719061,3018.274385869509,50000.0,0.009999999776482582,0.20988468825817108,1.0
2474,77.48619371873153,98.14403129902705,5604.353589650324,50000.0,0.009999999776482582,0.17068465054035187,1.0
2475,73.8761231721256,406.50025131967095,3018.572129774125,50000.0,0.009999999776482582,0.13673703372478485,1.0
2476,45.960859997147196,0.0,inf,50000.0,0.009999999776482582,0.025051811710000038,1.0
2477,77.3741232364631,97.54287299806299,5599.389298755999,50000.0,0.009999999776482582,0.17049802839756012,1.0
2478,59.913295804175114,95.62372029950167,5590.468798936364,50000.0,0.009999999776482582,0.09739973396062851,1.0
2479,96.49171600079035,482.1424452956358,3059.334106799209,50000.0,0.009999999776482582,0.2819047272205353,1.0
2480,105.50851451767286,686.6243492390755,3016.27161572174,50000.0,0.009999999776482582,0.3206622302532196,1.0
2481,94.87626904302255,161.35085057759326,5581.991747834343,50000.0,0.009999999776482582,0.31532716751098633,1.0
2482,93.47079291216217,706.4764777528953,3014.5793242311497,50000.0,0.009999999776482582,0.247227743268013,1.0
2483,73.52920229101073,520.3801344788511,3010.413798459173,50000.0,0.009999999776482582,0.13566970825195312,1.0
2484,71.3773496180385,126.76092225146652,5557.8544558986,50000.0,0.009999999776482582,0.1695268452167511,1.0
2485,86.60502160354848,122.9296241866684,5534.623114509851,50000.0,0.009999999776482582,0.2423064410686493,1.0
2486,45.46725192600349,0.0,inf,50000.0,0.009999999776482582,0.024699291214346886,1.0
2487,100.93176463203461,569.6793196646581,3009.2468145584576,50000.0,0.009999999776482582,0.2815154194831848,1.0
2488,77.34503798444906,85.17123414299938,5524.840383985633,50000.0,0.009999999776482582,0.1697711944580078,1.0
2489,108.21767799724303,887.3637612518717,3029.9619843197074,50000.0,0.009999999776482582,0.39055630564689636,1.0
2490,59.791313174656665,81.21095926064395,5498.085289670149,50000.0,0.009999999776482582,0.09670180827379227,1.0
2491,88.16107722528416,614.1584977959452,3006.7295882550484,50000.0,0.009999999776482582,0.20799343287944794,1.0
2492,82.92324292168983,8.826968096909182e-17,inf,50000.0,0.009999999776482582,0.1704021692276001,1.0
2493,99.56743033507092,700.8175807425891,3050.8642916584,50000.0,0.009999999776482582,0.35131314396858215,1.0
2494,86.68841778488482,108.60466133984629,5468.003996207395,50000.0,0.009999999776482582,0.24129900336265564,1.0
2495,66.79938056719982,4.767467358314139e-17,inf,50000.0,0.009999999776482582,0.09736567735671997,1.0
2496,45.01932976888687,0.0,inf,50000.0,0.009999999776482582,0.02439136989414692,1.0
2497,71.27177917154499,105.34950245345283,5451.992429264181,50000.0,0.009999999776482582,0.16813549399375916,1.0
2498,59.507133136845624,72.22310647822368,5429.566826264511,50000.0,0.009999999776482582,0.09602056443691254,1.0
2499,92.73106332814461,1031.4712788891595,3008.580697058106,50000.0,0.009999999776482582,0.24521176517009735,1.0
2500,82.81817438932168,6.521561847180338e-17,inf,50000.0,0.009999999776482582,0.17008216679096222,1.0
2501,44.495330239756576,0.0,inf,50000.0,0.009999999776482582,0.023991629481315613,1.0
2502,87.76531359474987,817.9423223705984,3006.7284683464363,50000.0,0.009999999776482582,0.20712703466415405,1.0
2503,44.23187524299227,0.0,inf,50000.0,0.009999999776482582,0.0237899050116539,1.0
2504,108.65819547558249,1524.4452276350366,3005.705193295965,50000.0,0.009999999776482582,0.35436689853668213,1.0
2505,72.40957497407587,836.7090402301766,2999.6646542346343,50000.0,0.009999999776482582,0.1333780735731125,1.0
2506,82.39910366453866,855.0948656874696,3005.479516576457,50000.0,0.009999999776482582,0.2052362561225891,1.0
2507,66.25327257227228,3.4062384155950905e-17,inf,50000.0,0.009999999776482582,0.09668940305709839,1.0
2508,87.62194716282703,888.5408088813662,2996.6137753107696,50000.0,0.009999999776482582,0.20600010454654694,1.0
2509,77.09466551459118,73.78078008278302,5450.4421029483865,50000.0,0.009999999776482582,0.16863864660263062,1.0
2510,111.90414463770401,1324.7718679171564,3000.123493488283,50000.0,0.009999999776482582,0.38726016879081726,1.0
2511,77.14180778242061,71.77844979073294,5439.91844988836,50000.0,0.009999999776482582,0.16853342950344086,1.0
2512,66.22462768082265,1.6973581026580944e-17,inf,50000.0,0.009999999776482582,0.09639490395784378,1.0
2513,72.02815630222811,970.8091144278783,2996.654906499368,50000.0,0.009999999776482582,0.1324775218963623,1.0
2514,104.63516133334058,1382.972913998791,2994.413092166171,50000.0,0.009999999776482582,0.3142031729221344,1.0
2515,77.10799337191186,71.63470913807396,5447.730043331043,50000.0,0.009999999776482582,0.16837620735168457,1.0
2516,58.815094439289034,70.30657334575842,5439.356304253076,50000.0,0.009999999776482582,0.09535747766494751,1.0
2517,58.75086034552396,69.2619381734066,5428.028614259162,50000.0,0.009999999776482582,0.09522712975740433,1.0
2518,43.20171860220234,0.0,inf,50000.0,0.009999999776482582,0.02303946018218994,1.0
2519,81.93995111715665,1065.3567737743485,2997.192604119319,50000.0,0.009999999776482582,0.203858882188797,1.0
2520,71.66401114934435,1031.6121867362904,2990.842985201169,50000.0,0.009999999776482582,0.13157041370868683,1.0
2521,91.11341423930529,1040.9674030727324,2997.6061609893436,50000.0,0.009999999776482582,0.2755465805530548,1.0
2522,111.9329465892214,1385.824679074997,2989.03784401787,50000.0,0.009999999776482582,0.38478758931159973,1.0
2523,86.70608382505819,91.02659981291012,5389.653535575285,50000.0,0.009999999776482582,0.23988303542137146,1.0
2524,82.15559935951713,930.357428225242,2990.017512364034,50000.0,0.009999999776482582,0.20286613702774048,1.0
2525,42.97167143681623,0.0,inf,50000.0,0.009999999776482582,0.022885864600539207,1.0
2526,100.2353919929893,1349.9971776575485,2985.4118715390896,50000.0,0.009999999776482582,0.31063181161880493,1.0
2527,82.15707887396823,904.2772208852264,2984.005596680404,50000.0,0.009999999776482582,0.2022273689508438,1.0
2528,58.535141015890744,59.5422206622825,5349.125188268669,50000.0,0.009999999776482582,0.09446986764669418,1.0
2529,100.7655981031805,897.4269450479137,2977.2535115271935,50000.0,0.009999999776482582,0.27686941623687744,1.0
2530,100.31323893981924,1312.4112263020518,2979.9019712000363,50000.0,0.009999999776482582,0.3093130886554718,1.0
2531,65.82536761301317,1.4276773266060572e-17,inf,50000.0,0.009999999776482582,0.09596864879131317,1.0
2532,58.43609599414418,58.28708770376345,5345.560472625421,50000.0,0.009999999776482582,0.09434201568365097,1.0
2533,100.77814090692097,937.7476457805903,2975.0394764927014,50000.0,0.009999999776482582,0.2762560248374939,1.0
2534,100.24634286643318,81.76556230206819,5344.771619255244,50000.0,0.009999999776482582,0.31232714653015137,1.0
2535,104.74749113992075,56.17576525572939,5330.18916994709,50000.0,0.009999999776482582,0.3133571147918701,1.0
2536,86.84384968581927,77.46914882120659,5328.144782216776,50000.0,0.009999999776482582,0.23871895670890808,1.0
2537,82.84172964042722,4.903691787863629e-18,inf,50000.0,0.009999999776482582,0.16830509901046753,1.0
2538,65.86717130060839,2.4285699058590093e-18,inf,50000.0,0.009999999776482582,0.09533239901065826,1.0
2539,58.349058361371,53.25687506620249,5319.730869920798,50000.0,0.009999999776482582,0.09412061423063278,1.0
2540,77.0241427210158,52.53793237845247,5309.519431011326,50000.0,0.009999999776482582,0.16672036051750183,1.0
2541,81.7384289294875,1189.650616552573,2989.754184549135,50000.0,0.009999999776482582,0.20147545635700226,1.0
2542,96.06504396361748,1142.064729591329,2987.775032366962,50000.0,0.009999999776482582,0.2739903926849365,1.0
2543,70.7782646464629,70.2937088411126,5288.763523634857,50000.0,0.009999999776482582,0.16530488431453705,1.0
2544,100.04171296740277,1547.1971866096815,2985.9838206115605,50000.0,0.009999999776482582,0.30832546949386597,1.0
2545,58.29552610795482,47.338466726023555,5262.554304459419,50000.0,0.009999999776482582,0.09368005394935608,1.0
2546,65.65727700290081,2.2684166972776143e-18,inf,50000.0,0.009999999776482582,0.09510648995637894,1.0
2547,65.60651247952269,1.86138740790623e-18,inf,50000.0,0.009999999776482582,0.09497736394405365,1.0
2548,100.50329100568318,66.52614577532198,5259.647055463034,50000.0,0.009999999776482582,0.3103666305541992,1.0
2549,87.23115119134441,1146.8682125826554,2985.824494929348,50000.0,0.009999999776482582,0.2020055502653122,1.0
2550,71.10165806878915,1151.012523036591,2985.1335651835902,50000.0,0.009999999776482582,0.12917952239513397,1.0
2551,91.43540669173902,1616.1894246460527,2983.04444418132,50000.0,0.009999999776482582,0.2358478605747223,1.0
2552,91.57239975876858,1526.3113397094703,2979.1153172033787,50000.0,0.009999999776482582,0.2351146936416626,1.0
2553,77.00124538181976,46.472971529959864,5265.01476611913,50000.0,0.009999999776482582,0.16617949306964874,1.0
2554,58.00703349568978,45.6052893978571,5257.44967700807,50000.0,0.009999999776482582,0.09334169328212738,1.0
2555,71.07505234039614,1070.2212133079809,2976.4505631078077,50000.0,0.009999999776482582,0.1281781792640686,1.0
2556,76.94040867646079,45.27787883129372,5250.538797985613,50000.0,0.009999999776482582,0.16599512100219727,1.0
2557,65.40910277193315,9.67060322385729e-19,inf,50000.0,0.009999999776482582,0.09454437345266342,1.0
2558,91.30827032015193,1637.8748051216994,2976.7547473301397,50000.0,0.009999999776482582,0.234182208776474,1.0
2559,92.15597388062437,45.10978644762929,5252.747256366237,50000.0,0.009999999776482582,0.23867705464363098,1.0
2560,76.93518689359306,44.29646691373153,5248.508245958055,50000.0,0.009999999776482582,0.16574665904045105,1.0
2561,70.81003297737101,1159.924283332808,2976.515236664909,50000.0,0.009999999776482582,0.12765568494796753,1.0
2562,108.74896431173293,1154.8950968359836,2975.922045455427,50000.0,0.009999999776482582,0.3442234396934509,1.0
2563,82.84039561861209,5.662704542638879e-19,inf,50000.0,0.009999999776482582,0.1668098270893097,1.0
2564,76.95532829881394,43.35674152662001,5249.782669091831,50000.0,0.009999999776482582,0.16547614336013794,1.0
2565,40.9714377085791,0.0,inf,50000.0,0.009999999776482582,0.021532613784074783,1.0
2566,96.0260896781115,1298.476952676006,2979.5823819727107,50000.0,0.009999999776482582,0.2712438106536865,1.0
2567,70.5069020610526,59.29673644188965,5238.137926479784,50000.0,0.009999999776482582,0.16420282423496246,1.0
2568,96.10890892324046,1229.7562909491253,2978.8320483822013,50000.0,0.009999999776482582,0.2710050642490387,1.0
2569,70.5402649023504,56.61229067354612,5213.760474286834,50000.0,0.009999999776482582,0.1638955920934677,1.0
2570,81.55490370815345,1171.575533600539,2978.1429659795626,50000.0,0.009999999776482582,0.19825781881809235,1.0
2571,65.23745047254249,2.505654091681338e-19,inf,50000.0,0.009999999776482582,0.09388869255781174,1.0
2572,65.19125342411344,2.0437655098508175e-19,inf,50000.0,0.009999999776482582,0.09376455843448639,1.0
2573,65.14549031307577,1.6669313889927435e-19,inf,50000.0,0.009999999776482582,0.09364146739244461,1.0
2574,86.90556881788712,1323.7786496071024,2978.4473956616393,50000.0,0.009999999776482582,0.1992902010679245,1.0
2575,100.86114855057609,1313.4408361234018,2977.650115019612,50000.0,0.009999999776482582,0.27151432633399963,1.0
2576,81.29590084076057,1320.1547379248136,2979.194615401656,50000.0,0.009999999776482582,0.19787408411502838,1.0
2577,87.01873802859383,1255.7067840995794,2976.30645942382,50000.0,0.009999999776482582,0.19873784482479095,1.0
2578,96.1488567241076,1254.8220047550376,2976.572538718125,50000.0,0.009999999776482582,0.26985639333724976,1.0
2579,70.42357596134289,1212.9107854565395,2974.967764767622,50000.0,0.009999999776482582,0.1260807365179062,1.0
2580,65.11306807310747,7.207542484618335e-20,inf,50000.0,0.009999999776482582,0.09331823885440826,1.0
2581,81.30889876777758,1269.4065600671438,2975.1357492291963,50000.0,0.009999999776482582,0.19717948138713837,1.0
2582,99.87410824307547,1218.1405317448973,2975.2013130444875,50000.0,0.009999999776482582,0.3396061360836029,1.0
2583,113.4196800213714,1095.90159762104,2970.201360448403,50000.0,0.009999999776482582,0.34278056025505066,1.0
2584,87.21843419048643,1133.0383776283938,2972.023763563303,50000.0,0.009999999776482582,0.1977439969778061,1.0
2585,87.2164375606695,1142.9302696403322,2971.329827849915,50000.0,0.009999999776482582,0.19754165410995483,1.0
2586,81.49599139514844,1154.032398061324,2971.7110486981296,50000.0,0.009999999776482582,0.19641704857349396,1.0
2587,101.26655437649976,1113.939650335216,2968.6668623235196,50000.0,0.009999999776482582,0.269420862197876,1.0
2588,70.42764417876477,50.42859056898253,5203.129537092268,50000.0,0.009999999776482582,0.16343478858470917,1.0
2589,83.01669393678557,3.954340594236491e-20,inf,50000.0,0.009999999776482582,0.16520069539546967,1.0
2590,76.98697033614059,34.84165336078864,5190.061789638216,50000.0,0.009999999776482582,0.16409184038639069,1.0
2591,91.1589778723145,1221.9051998254733,2974.304073032521,50000.0,0.009999999776482582,0.2672726809978485,1.0
2592,81.51810583342045,1138.7484387604457,2971.677578651673,50000.0,0.009999999776482582,0.19587062299251556,1.0
2593,108.24125715220087,1907.3577237169852,2968.8179440374943,50000.0,0.009999999776482582,0.332302063703537,1.0
2594,57.27755502061123,32.75025653087348,5166.515478649352,50000.0,0.009999999776482582,0.09189194440841675,1.0
2595,112.74892279655529,1456.5428121329903,2963.799802814375,50000.0,0.009999999776482582,0.37058785557746887,1.0
2596,87.4509089660624,982.4296894238498,2960.9363308760558,50000.0,0.009999999776482582,0.19600149989128113,1.0
2597,57.263946581217226,31.96727861501567,5161.225633662597,50000.0,0.009999999776482582,0.09182216972112656,1.0
2598,91.44545113631898,1020.5298248343586,2962.2265904364085,50000.0,0.009999999776482582,0.2655281126499176,1.0
2599,77.05433607046763,30.529680617389044,5134.583037340005,50000.0,0.009999999776482582,0.16383908689022064,1.0
2600,81.71001580182343,988.5441902191629,2960.5684481136323,50000.0,0.009999999776482582,0.19432945549488068,1.0
2601,81.73018755223472,970.4294643259764,2958.782100168844,50000.0,0.009999999776482582,0.19411155581474304,1.0
2602,81.7476971645095,954.557949660057,2957.0031969866454,50000.0,0.009999999776482582,0.19389352202415466,1.0
2603,100.49440637435855,1329.174009692874,2954.7328644532713,50000.0,0.009999999776482582,0.29600194096565247,1.0
2604,77.07606941753778,28.403950261612934,5102.266126160165,50000.0,0.009999999776482582,0.163720965385437,1.0
2605,101.58054014582598,923.7508055895754,2951.835063822303,50000.0,0.009999999776482582,0.26737502217292786,1.0
2606,70.5593537959427,39.35036553429345,5104.031470818652,50000.0,0.009999999776482582,0.16199636459350586,1.0
2607,77.08980368506633,27.109044447139123,5085.197166953846,50000.0,0.009999999776482582,0.16346947848796844,1.0
2608,57.17254964959666,26.6005272543036,5078.335942447196,50000.0,0.009999999776482582,0.09111595153808594,1.0
2609,81.70066680915045,979.0668316878371,2954.266436678674,50000.0,0.009999999776482582,0.19307361543178558,1.0
2610,70.55831700929586,36.30109181520496,5061.549654644156,50000.0,0.009999999776482582,0.1614060252904892,1.0
2611,83.02236220881062,3.228549144916376e-20,inf,50000.0,0.009999999776482582,0.1651763916015625,1.0
2612,87.50325199747844,35.276418345582606,5048.977776677465,50000.0,0.009999999776482582,0.2334854006767273,1.0
2613,105.22495127533038,1002.9258107003703,2956.243120151948,50000.0,0.009999999776482582,0.3353792428970337,1.0
2614,87.41207423881824,965.3131323029446,2954.498967662176,50000.0,0.009999999776482582,0.19465279579162598,1.0
2615,70.60754142398935,32.87753537307667,5025.114085750417,50000.0,0.009999999776482582,0.16093233227729797,1.0
2616,81.72659285355412,974.8336894508661,2954.472276570503,50000.0,0.009999999776482582,0.1924411952495575,1.0
2617,87.39548949068688,959.0021737554843,2952.122397342353,50000.0,0.009999999776482582,0.19437359273433685,1.0
2618,57.07706336323081,22.293811057590524,5005.541717050118,50000.0,0.009999999776482582,0.0904897004365921,1.0
2619,81.66451146224797,999.1120146472625,2952.0386618781017,50000.0,0.009999999776482582,0.1920223981142044,1.0
2620,87.33657984871911,981.4442521347062,2949.758401499288,50000.0,0.009999999776482582,0.19403982162475586,1.0
2621,91.36116502621785,1426.8621835151682,2949.17644721682,50000.0,0.009999999776482582,0.2228880077600479,1.0
2622,77.09468946272288,21.848495309474156,5000.806239415072,50000.0,0.009999999776482582,0.16269110143184662,1.0
2623,87.30060416567927,1018.101513315734,2946.859965873078,50000.0,0.009999999776482582,0.19350114464759827,1.0
2624,113.00037054856149,1478.7223707082587,2946.433106275572,50000.0,0.009999999776482582,0.36434993147850037,1.0
2625,91.68794148867093,1010.0800416824859,2944.9554775844495,50000.0,0.009999999776482582,0.2609969675540924,1.0
2626,96.8566501263898,962.6507298642051,2942.7909826367804,50000.0,0.009999999776482582,0.2629503011703491,1.0
2627,98.08783446907627,1.62738131536035e-20,inf,50000.0,0.009999999776482582,0.23710232973098755,1.0
2628,57.04098089653203,20.207930023271473,4988.175013149343,50000.0,0.009999999776482582,0.09027577936649323,1.0
2629,87.33374557326822,1050.8475021024562,2945.002375041103,50000.0,0.009999999776482582,0.19269827008247375,1.0
2630,77.18807784721183,20.028011289697524,4984.873250083092,50000.0,0.009999999776482582,0.1622937172651291,1.0
2631,64.89310164736149,4.15668260755101e-21,inf,50000.0,0.009999999776482582,0.09217282384634018,1.0
2632,87.76210992204956,27.832399502362623,4981.3940256068845,50000.0,0.009999999776482582,0.2321842610836029,1.0
2633,91.03700272470334,1628.5272888706147,2947.650542830461,50000.0,0.009999999776482582,0.22089748084545135,1.0
2634,69.94957198594729,1114.947381357783,2944.31896176531,50000.0,0.009999999776482582,0.12007294595241547,1.0
2635,105.42891661292981,1125.7109905405566,2943.1367101201754,50000.0,0.009999999776482582,0.33201703429222107,1.0
2636,56.90295026562768,18.47411594277819,4960.708075964163,50000.0,0.009999999776482582,0.08991950750350952,1.0
2637,77.18392579449997,18.24429264017076,4952.015203862967,50000.0,0.009999999776482582,0.16193382441997528,1.0
2638,101.6704918083999,1111.0885494530394,2942.9544507988926,50000.0,0.009999999776482582,0.26394563913345337,1.0
2639,91.61683988354972,1151.7805147124727,2944.1089401292807,50000.0,0.009999999776482582,0.259477823972702,1.0
2640,69.92986894655054,1085.6911404445991,2941.9572545444635,50000.0,0.009999999776482582,0.11951970309019089,1.0
2641,64.79616843535534,2.5133749177970214e-21,inf,50000.0,0.009999999776482582,0.0919254869222641,1.0
2642,69.74527372896615,1156.454951077533,2941.3126715958597,50000.0,0.009999999776482582,0.11925755441188812,1.0
2643,87.15972884065378,1161.8377847689294,2939.551496745289,50000.0,0.009999999776482582,0.19112101197242737,1.0
2644,90.8684052056102,1672.149423261514,2938.9983805903785,50000.0,0.009999999776482582,0.2180308848619461,1.0
2645,91.62206495052041,1146.3810931221685,2936.2309527979032,50000.0,0.009999999776482582,0.258454293012619,1.0
2646,69.78686130289914,1080.343482751693,2934.118201333359,50000.0,0.009999999776482582,0.11833948642015457,1.0
2647,37.93122614666842,0.0,inf,50000.0,0.009999999776482582,0.01960729993879795,1.0
2648,69.59404726588744,1137.7948113654743,2932.417507661774,50000.0,0.009999999776482582,0.118021160364151,1.0
2649,64.58173846825512,2.4819564602088286e-21,inf,50000.0,0.009999999776482582,0.09172769635915756,1.0
2650,81.23003803156665,1209.4772300031918,2932.0235117127445,50000.0,0.009999999776482582,0.18780085444450378,1.0
2651,96.75467496764375,1173.4764126151563,2930.3233961146125,50000.0,0.009999999776482582,0.25989729166030884,1.0
2652,77.13713813328924,16.70411687641073,4940.585605920609,50000.0,0.009999999776482582,0.1615958958864212,1.0
2653,37.47456770367401,0.0,inf,50000.0,0.009999999776482582,0.01930069923400879,1.0
2654,77.09285637983005,16.43489685591676,4934.283284989045,50000.0,0.009999999776482582,0.16145005822181702,1.0
2655,69.23670744891436,1252.6538298279715,2931.683420573487,50000.0,0.009999999776482582,0.1174362376332283,1.0
2656,77.07588659146883,16.23821081043412,4930.822657637102,50000.0,0.009999999776482582,0.16136804223060608,1.0
2657,86.89735045396854,1276.0580277007343,2931.0116380500003,50000.0,0.009999999776482582,0.18949230015277863,1.0
2658,86.89102263750225,1289.3589721885198,2930.4503623837318,50000.0,0.009999999776482582,0.1892927587032318,1.0
2659,64.40071290341224,1.0251701388658444e-21,inf,50000.0,0.009999999776482582,0.09121039509773254,1.0
2660,86.80110441262376,1371.1906033199018,2930.952103984645,50000.0,0.009999999776482582,0.18903246521949768,1.0
2661,64.36838251703688,1.0244864314710396e-21,inf,50000.0,0.009999999776482582,0.09104859828948975,1.0
2662,90.08099384163667,2048.910829460597,2931.4708042476886,50000.0,0.009999999776482582,0.21450914442539215,1.0
2663,56.135464323979164,16.18609130553259,4952.030552687185,50000.0,0.009999999776482582,0.08902256935834885,1.0
2664,70.35226491985252,22.394308723889342,4942.683476333021,50000.0,0.009999999776482582,0.15907594561576843,1.0
2665,68.88734667103323,1322.5835386061851,2928.181772275378,50000.0,0.009999999776482582,0.11628521233797073,1.0
2666,77.02614508016153,15.431742798744166,4927.883010663782,50000.0,0.009999999776482582,0.16102473437786102,1.0
2667,93.41556185845585,15.248147045604657,4922.014404802966,50000.0,0.009999999776482582,0.23316393792629242,1.0
2668,56.02751084666818,14.881385192795152,4917.963346330819,50000.0,0.009999999776482582,0.08866748213768005,1.0
2669,104.47702454364978,1973.8294636719959,2929.5871936343488,50000.0,0.009999999776482582,0.28590548038482666,1.0
2670,86.79722366761258,1330.2319984584153,2927.4919575874214,50000.0,0.009999999776482582,0.18797311186790466,1.0
2671,90.21277678276161,1895.1914060926003,2926.9821555969747,50000.0,0.009999999776482582,0.21273300051689148,1.0
2672,83.25328636777618,2.6811677614086825e-21,inf,50000.0,0.009999999776482582,0.16292500495910645,1.0
2673,83.27863497112673,3.0494289356231617e-21,inf,50000.0,0.009999999776482582,0.16266651451587677,1.0
2674,86.70965109897783,1449.8925883431384,2928.0383057632403,50000.0,0.009999999776482582,0.18730247020721436,1.0
2675,70.29474267195484,20.934441293674617,4945.443296281322,50000.0,0.009999999776482582,0.15897442400455475,1.0
2676,101.68799700209135,1408.979628930092,2927.382827621018,50000.0,0.009999999776482582,0.2591371536254883,1.0
2677,90.01973949898488,2023.7367049331397,2928.045340406814,50000.0,0.009999999776482582,0.2117055207490921,1.0
2678,101.80367168169568,1342.7706343285447,2924.7716001444082,50000.0,0.009999999776482582,0.25856244564056396,1.0
2679,77.1467846115659,14.49507773173758,4950.704349619981,50000.0,0.009999999776482582,0.1605653613805771,1.0
2680,77.14406990911031,14.252500694376998,4944.399422971646,50000.0,0.009999999776482582,0.16046364605426788,1.0
2681,93.70579685018215,14.045405961671827,4938.385552970027,50000.0,0.009999999776482582,0.23212702572345734,1.0
2682,104.51241047880404,2079.5166181248974,2929.5700142173955,50000.0,0.009999999776482582,0.28272369503974915,1.0
2683,99.02643153674833,3.537059801663905e-21,inf,50000.0,0.009999999776482582,0.23335091769695282,1.0
2684,86.78439930237138,1505.171082036867,2930.7582804723843,50000.0,0.009999999776482582,0.18595799803733826,1.0
2685,55.85702711619771,13.854883800402105,4958.050955776804,50000.0,0.009999999776482582,0.08872487396001816,1.0
2686,80.6788855589893,1507.2024844305233,2930.3208606309386,50000.0,0.009999999776482582,0.184590145945549,1.0
2687,86.83075099218108,1431.0002144541893,2928.5256727758083,50000.0,0.009999999776482582,0.18563513457775116,1.0
2688,68.49867983455174,1434.1520010779188,2928.0802174582245,50000.0,0.009999999776482582,0.11394103616476059,1.0
2689,80.7459844418573,1418.8701221358876,2926.5872900034706,50000.0,0.009999999776482582,0.18404234945774078,1.0
2690,68.54234036718745,1357.5250083928347,2924.861114887387,50000.0,0.009999999776482582,0.11353036761283875,1.0
2691,101.98718590736941,1351.3041196057186,2923.1574172461114,50000.0,0.009999999776482582,0.25656944513320923,1.0
2692,96.85347095763615,1386.3836719494109,2923.9397154765416,50000.0,0.009999999776482582,0.2550980746746063,1.0
2693,93.94153710661257,13.143320077527555,4953.179636699369,50000.0,0.009999999776482582,0.23155513405799866,1.0
2694,82.32599866157574,22.027460086722776,4948.700543006171,50000.0,0.009999999776482582,0.22914782166481018,1.0
2695,55.76811431609595,12.123106131967097,4921.219902246248,50000.0,0.009999999776482582,0.08832547813653946,1.0
2696,64.22641509917561,1.7186205740192496e-20,inf,50000.0,0.009999999776482582,0.08958978950977325,1.0
2697,96.88882081576716,1382.6839327543776,2926.2779583749293,50000.0,0.009999999776482582,0.254777193069458,1.0
2698,86.91005237168191,1347.6960893690527,2925.6624465972377,50000.0,0.009999999776482582,0.18447676301002502,1.0
2699,94.00595209883238,11.855570979163899,4917.872956165288,50000.0,0.009999999776482582,0.2309897541999817,1.0
2700,77.27251584422645,11.655747459268829,4914.485666113719,50000.0,0.009999999776482582,0.15946905314922333,1.0
2701,104.6948070717089,2024.7927008865315,2928.22084188875,50000.0,0.009999999776482582,0.2792612910270691,1.0
2702,55.677169248269,11.451042463827177,4916.639529062849,50000.0,0.009999999776482582,0.08818947523832321,1.0
2703,68.36970252276606,1379.0455792872956,2926.2229666048706,50000.0,0.009999999776482582,0.11265112459659576,1.0
2704,68.33936633433702,1372.5959684056245,2924.663020736196,50000.0,0.009999999776482582,0.11242099106311798,1.0
2705,55.56228965045307,11.262885636807427,4912.804724693964,50000.0,0.009999999776482582,0.08804146200418472,1.0
2706,102.10420332807588,1370.3611963280064,2922.8955368762663,50000.0,0.009999999776482582,0.25496160984039307,1.0
2707,107.28545411909596,2433.857109789727,2923.5358094492794,50000.0,0.009999999776482582,0.3005620241165161,1.0
2708,80.83329672919265,1284.9804206215656,2919.1354435343837,50000.0,0.009999999776482582,0.18174338340759277,1.0
2709,94.15588012205761,11.010232785823277,4915.290131979224,50000.0,0.009999999776482582,0.23087646067142487,1.0
2710,80.8355645634767,1288.1763624153664,2919.617829374988,50000.0,0.009999999776482582,0.181594118475914,1.0
2711,113.5217475547488,1769.5533293465478,2917.915537239502,50000.0,0.009999999776482582,0.3461854159832001,1.0
2712,68.50037579798948,1202.3362901201733,2916.003629735806,50000.0,0.009999999776482582,0.11094776540994644,1.0
2713,64.19743222928409,5.382926429365918e-20,inf,50000.0,0.009999999776482582,0.08921106904745102,1.0
2714,113.49574942226538,1811.973427823573,2915.475179786448,50000.0,0.009999999776482582,0.34523674845695496,1.0
2715,94.28860793943188,10.360436211179644,4911.112989696928,50000.0,0.009999999776482582,0.2306915670633316,1.0
2716,87.05240260185761,1265.414050841772,2915.5445094655206,50000.0,0.009999999776482582,0.18176677823066711,1.0
2717,82.58019618878454,17.471697191657427,4912.989678523406,50000.0,0.009999999776482582,0.22832731902599335,1.0
2718,107.73547595658441,2099.58761124013,2914.911730236293,50000.0,0.009999999776482582,0.2956908345222473,1.0
2719,55.61772359753573,9.660227581957708,4895.321099831773,50000.0,0.009999999776482582,0.08784903585910797,1.0
2720,64.21590966556053,7.070044756396473e-20,inf,50000.0,0.009999999776482582,0.08912599831819534,1.0
2721,107.63640025576436,2140.7756365438468,2911.4458247364996,50000.0,0.009999999776482582,0.2941213846206665,1.0
2722,55.56092351195237,9.51175886200957,4898.045124560265,50000.0,0.009999999776482582,0.08779218047857285,1.0
2723,77.43826519433462,9.390228010331722,4889.1799641877615,50000.0,0.009999999776482582,0.15915147960186005,1.0
2724,77.4354315431508,9.244690745238088,4883.064825802829,50000.0,0.009999999776482582,0.1590508222579956,1.0
2725,55.48321644976312,9.063793001261596,4876.723061851118,50000.0,0.009999999776482582,0.08756500482559204,1.0
2726,88.74803148360441,12.576705808309615,4867.711056145852,50000.0,0.009999999776482582,0.22883868217468262,1.0
2727,34.500571990768165,1.7105871593135617e-19,inf,50000.0,0.009999999776482582,0.017504386603832245,1.0
2728,104.9758011094529,1792.0396255057328,2909.7546262318706,50000.0,0.009999999776482582,0.27262160181999207,1.0
2729,77.42201465273209,8.65383358111436,4861.752815907748,50000.0,0.009999999776482582,0.15877659618854523,1.0
2730,83.84470737719033,1.7378103718564055e-19,inf,50000.0,0.009999999776482582,0.16013270616531372,1.0
2731,86.86704132446714,1378.4290284593908,2910.9840698088346,50000.0,0.009999999776482582,0.18030668795108795,1.0
2732,80.62717997798856,1402.9357508417809,2910.670722118414,50000.0,0.009999999776482582,0.1788824200630188,1.0
2733,34.20249084269178,3.138603808196275e-19,inf,50000.0,0.009999999776482582,0.017324957996606827,1.0
2734,77.40184964423246,8.434125835738648,4861.447488404565,50000.0,0.009999999776482582,0.15853729844093323,1.0
2735,70.35636773126328,11.643528424922204,4855.035860313174,50000.0,0.009999999776482582,0.15714144706726074,1.0
2736,99.71526411824725,1957.9371664941916,2909.8958900151833,50000.0,0.009999999776482582,0.27008941769599915,1.0
2737,70.40924730982333,11.042312992209292,4834.58093443026,50000.0,0.009999999776482582,0.15686334669589996,1.0
2738,67.9633425560831,1255.5278286175042,2906.8270083882553,50000.0,0.009999999776482582,0.10837726294994354,1.0
2739,94.50553831473746,7.627379168509867,4820.846762861947,50000.0,0.009999999776482582,0.2297842800617218,1.0
2740,70.41669386330166,10.502262877626238,4817.309791202774,50000.0,0.009999999776482582,0.156602144241333,1.0
2741,33.80258085161014,6.916543220909752e-19,inf,50000.0,0.009999999776482582,0.017072603106498718,1.0
2742,80.65311258698914,1318.799705400952,2907.269861955688,50000.0,0.009999999776482582,0.1778775006532669,1.0
2743,63.839564355261274,8.48123062546018e-19,inf,50000.0,0.009999999776482582,0.08841881901025772,1.0
2744,94.52236078589823,7.165211524841023,4797.808624176354,50000.0,0.009999999776482582,0.2294112592935562,1.0
2745,102.34463261141144,1394.2699101131527,2908.6210852983695,50000.0,0.009999999776482582,0.2507147789001465,1.0
2746,107.01756389512308,2493.4771118636845,2909.280778676558,50000.0,0.009999999776482582,0.2901303470134735,1.0
2747,113.6509811681674,1885.282510779128,2904.9385512004533,50000.0,0.009999999776482582,0.33896398544311523,1.0
2748,106.71508777343294,1285.5338755501075,2903.150230007028,50000.0,0.009999999776482582,0.3179038465023041,1.0
2749,33.708932726583505,8.51737159240479e-19,inf,50000.0,0.009999999776482582,0.01704074628651142,1.0
2750,86.91690520846642,1276.444849922178,2902.519097763819,50000.0,0.009999999776482582,0.1783032864332199,1.0
2751,89.70785392334982,1856.325543358875,2902.1327993499935,50000.0,0.009999999776482582,0.19670802354812622,1.0
2752,67.72594293091547,1292.749490742978,2899.3310813831827,50000.0,0.009999999776482582,0.10642414540052414,1.0
2753,104.91900796727134,1848.3358730361158,2897.8173522166344,50000.0,0.009999999776482582,0.2669207751750946,1.0
2754,89.10218214753753,9.464822174552996,4824.208837230017,50000.0,0.009999999776482582,0.22794809937477112,1.0
2755,55.1849847950156,6.469990243745875,4809.908348491848,50000.0,0.009999999776482582,0.08661778271198273,1.0
2756,83.9990795836739,1.2190289275230572e-18,inf,50000.0,0.009999999776482582,0.15961410105228424,1.0
2757,84.02251507034627,1.3589830170026832e-18,inf,50000.0,0.009999999776482582,0.15935227274894714,1.0
2758,67.4061297494924,1469.9914087975517,2900.9968472809196,50000.0,0.009999999776482582,0.10601677000522614,1.0
2759,33.180785005175544,2.459398149436306e-18,inf,50000.0,0.009999999776482582,0.01671723462641239,1.0
2760,67.2617395163982,1514.2007178446145,2899.5320811663846,50000.0,0.009999999776482582,0.10572396963834763,1.0
2761,97.16568097224506,1504.51842640294,2898.074809454289,50000.0,0.009999999776482582,0.24665923416614532,1.0
2762,80.39525311014656,1469.2863581148642,2897.674489227492,50000.0,0.009999999776482582,0.17522649466991425,1.0
2763,54.98678694930348,6.204358198126031,4809.712783557441,50000.0,0.009999999776482582,0.08639340102672577,1.0
2764,80.4372390814466,1414.9485377320618,2896.108279963385,50000.0,0.009999999776482582,0.17495396733283997,1.0
2765,32.826488844887606,4.893425589408591e-18,inf,50000.0,0.009999999776482582,0.016492195427417755,1.0
2766,67.23547008615094,1414.4501357151973,2894.5844846121313,50000.0,0.009999999776482582,0.1049257442355156,1.0
2767,67.19702314557526,1417.002922529898,2893.173608832102,50000.0,0.009999999776482582,0.10469792783260345,1.0
2768,77.476732778057,6.005761783864289,4800.884495651752,50000.0,0.009999999776482582,0.1576652079820633,1.0
2769,104.64840040507694,2035.9721981119226,2892.6141551035694,50000.0,0.009999999776482582,0.2642100751399994,1.0
2770,67.15119011946648,1416.1458774957955,2890.962843089341,50000.0,0.009999999776482582,0.10417106747627258,1.0
2771,32.44830131784453,1.0360558215042225e-17,inf,50000.0,0.009999999776482582,0.016256382688879967,1.0
2772,32.31755691523173,1.3384439066715365e-17,inf,50000.0,0.009999999776482582,0.01617034710943699,1.0
2773,102.40525158550201,1514.3661177778029,2889.4107045049623,50000.0,0.009999999776482582,0.2469494342803955,1.0
2774,88.88554078176487,2197.2981072340845,2890.1367320821696,50000.0,0.009999999776482582,0.19131477177143097,1.0
2775,84.02126803499878,1.2537661196188288e-17,inf,50000.0,0.009999999776482582,0.15916697680950165,1.0
2776,86.46955884245305,1573.6358142764595,2889.374992871399,50000.0,0.009999999776482582,0.17478322982788086,1.0
2777,66.77142928091023,1581.6734926742895,2889.0713934658224,50000.0,0.009999999776482582,0.10319105535745621,1.0
2778,91.51319366153733,1567.4948681318094,2887.7412813767596,50000.0,0.009999999776482582,0.24329298734664917,1.0
2779,80.24065395681941,1443.4726420412842,2886.201776836573,50000.0,0.009999999776482582,0.17288386821746826,1.0
2780,63.60304977478516,2.1367523814299407e-17,inf,50000.0,0.009999999776482582,0.08754536509513855,1.0
2781,95.02656402793288,5.732490437668058,4819.369121861361,50000.0,0.009999999776482582,0.2290038913488388,1.0
2782,54.622597450543566,5.610811495272531,4815.791492793973,50000.0,0.009999999776482582,0.08597427606582642,1.0
2783,70.33825950937856,7.697695576958821,4806.420266999875,50000.0,0.009999999776482582,0.15587490797042847,1.0
2784,77.4960876636801,5.310602670934736,4789.615664594842,50000.0,0.009999999776482582,0.15719881653785706,1.0
2785,89.31215900694481,7.332780625229386,4783.510906098379,50000.0,0.009999999776482582,0.22696492075920105,1.0
2786,80.26295928498703,1418.3184661553807,2889.240639506027,50000.0,0.009999999776482582,0.1726522296667099,1.0
2787,84.0306999991585,3.1912489259187693e-17,inf,50000.0,0.009999999776482582,0.15866726636886597,1.0
2788,70.37335453847653,6.941150318501695,4769.013771655128,50000.0,0.009999999776482582,0.15535050630569458,1.0
2789,54.56300059566141,4.764099129472215,4752.4130255086075,50000.0,0.009999999776482582,0.08543162792921066,1.0
2790,97.34111298698537,1393.9452196161074,2889.491482905818,50000.0,0.009999999776482582,0.24378883838653564,1.0
2791,86.61145474317586,1368.4491377591758,2889.035022944666,50000.0,0.009999999776482582,0.17399780452251434,1.0
2792,102.63079035232741,1397.2902441686208,2888.607704765511,50000.0,0.009999999776482582,0.24513623118400574,1.0
2793,80.2224216890862,1445.8046994545002,2889.389793896323,50000.0,0.009999999776482582,0.17206750810146332,1.0
2794,63.492672972199244,6.030073889652602e-17,inf,50000.0,0.009999999776482582,0.08697431534528732,1.0
2795,99.4492040690139,2062.70154753979,2888.8988694486525,50000.0,0.009999999776482582,0.2584184408187866,1.0
2796,54.53432441807753,4.435587994051168,4749.883261539633,50000.0,0.009999999776482582,0.085344098508358,1.0
2797,80.2990568535933,1352.798068154434,2886.0454572606745,50000.0,0.009999999776482582,0.17145180702209473,1.0
2798,99.68750923180986,1858.9491925835916,2884.5896693830887,50000.0,0.009999999776482582,0.25727319717407227,1.0
2799,66.87911290869822,1256.8521562980713,2881.8476407857497,50000.0,0.009999999776482582,0.10126002132892609,1.0
2800,84.10368820748536,7.624455506443985e-17,inf,50000.0,0.009999999776482582,0.15860363841056824,1.0
2801,80.27142258189019,1358.0362381876953,2882.5167253104805,50000.0,0.009999999776482582,0.1707604080438614,1.0
2802,63.43936712385221,1.0828175189867304e-16,inf,50000.0,0.009999999776482582,0.0869666337966919,1.0
2803,77.58338755707543,4.164644507875793,4739.266212758509,50000.0,0.009999999776482582,0.15654468536376953,1.0
2804,70.43880129040848,5.738026646069325,4733.129584067746,50000.0,0.009999999776482582,0.1547268033027649,1.0
2805,86.60854119687636,1326.0515020485668,2882.744971427563,50000.0,0.009999999776482582,0.17237378656864166,1.0
2806,63.38707178943761,1.612270635925464e-16,inf,50000.0,0.009999999776482582,0.08676212280988693,1.0
2807,66.5074793189603,1421.5287117636753,2883.433172570141,50000.0,0.009999999776482582,0.10079582780599594,1.0
2808,95.29143572275102,3.9912933723474753,4728.346429355509,50000.0,0.009999999776482582,0.22769880294799805,1.0
2809,97.38648315431463,1455.6538624284224,2883.9576130289256,50000.0,0.009999999776482582,0.24156777560710907,1.0
2810,88.8291165090845,2007.0249747084908,2883.5306699637413,50000.0,0.009999999776482582,0.18577317893505096,1.0
2811,104.71372100340773,1962.9344691536553,2880.8097342828823,50000.0,0.009999999776482582,0.2563013434410095,1.0
2812,86.56958544291487,1385.1095729885726,2879.1888567020724,50000.0,0.009999999776482582,0.171113058924675,1.0
2813,89.67395284890665,5.419186361669823,4742.630707517576,50000.0,0.009999999776482582,0.22609563171863556,1.0
2814,89.69098244288348,5.230337802794249,4728.766021840487,50000.0,0.009999999776482582,0.22585701942443848,1.0
2815,95.44546168033935,3.604968347361821,4715.488389630789,50000.0,0.009999999776482582,0.2272946834564209,1.0
2816,84.2672401006112,1.9632388727221574e-16,inf,50000.0,0.009999999776482582,0.15751110017299652,1.0
2817,66.44817186216254,1425.1202281268072,2884.4205111024758,50000.0,0.009999999776482582,0.09994024783372879,1.0
2818,99.46271833379781,2027.3911846140877,2883.074059794231,50000.0,0.009999999776482582,0.25382423400878906,1.0
2819,66.50515148441491,1348.8704900003618,2880.3543889726902,50000.0,0.009999999776482582,0.09935753047466278,1.0
2820,30.625543093888826,3.7448433495755734e-16,inf,50000.0,0.009999999776482582,0.015199972316622734,1.0
2821,63.38053669898021,4.0895033518048113e-16,inf,50000.0,0.009999999776482582,0.08630861341953278,1.0
2822,77.68804172132393,3.495146078444105,4723.276670088781,50000.0,0.009999999776482582,0.15589654445648193,1.0
2823,84.2817140413706,4.281504121749429e-16,inf,50000.0,0.009999999776482582,0.15723204612731934,1.0
2824,95.54778330896612,3.455988220736028,4723.2937843071095,50000.0,0.009999999776482582,0.22667457163333893,1.0
2825,54.24848353395923,3.3712303235626817,4719.922405951904,50000.0,0.009999999776482582,0.08470871299505234,1.0
2826,86.37905919878125,1579.0143307391909,2884.646780037651,50000.0,0.009999999776482582,0.17014791071414948,1.0
2827,66.04508704475643,1588.7370786320644,2884.373382591287,50000.0,0.009999999776482582,0.09908643364906311,1.0
2828,70.4561463580611,4.661446135433024,4719.5597146545,50000.0,0.009999999776482582,0.15436063706874847,1.0
2829,84.3005462374007,7.180144370950891e-16,inf,50000.0,0.009999999776482582,0.15677958726882935,1.0
2830,79.90474930005766,1591.9210558749671,2884.8603075935775,50000.0,0.009999999776482582,0.1686110645532608,1.0
2831,113.85299823343284,2146.768853817837,2883.328763345117,50000.0,0.009999999776482582,0.3231894075870514,1.0
2832,30.102049393464306,1.0361557203631121e-15,inf,50000.0,0.009999999776482582,0.014891755767166615,1.0
2833,66.0883197617918,1474.5344318340822,2881.6513629094593,50000.0,0.009999999776482582,0.09840771555900574,1.0
2834,70.48101032779314,4.345472523177557,4705.722686725495,50000.0,0.009999999776482582,0.15412619709968567,1.0
2835,109.22243182752867,1995.6146614338375,2880.1216223134816,50000.0,0.009999999776482582,0.32080933451652527,1.0
2836,104.8905732243636,1818.9483448767369,2877.242864539776,50000.0,0.009999999776482582,0.2520825266838074,1.0
2837,70.57321900534399,4.0132705821931465,4687.122991279175,50000.0,0.009999999776482582,0.15387588739395142,1.0
2838,77.77878993607352,2.75176233051837,4671.180401106718,50000.0,0.009999999776482582,0.1553211510181427,1.0
2839,66.29733497679668,1261.1588393474487,2876.4323901181583,50000.0,0.009999999776482582,0.0976305827498436,1.0
2840,77.77537129363618,2.7039736307218334,4668.334581922432,50000.0,0.009999999776482582,0.15526263415813446,1.0
2841,66.20746667216262,1295.721284614014,2876.0342277049326,50000.0,0.009999999776482582,0.0974477007985115,1.0
2842,54.14343301375184,2.6518495427311257,4665.2514608072925,50000.0,0.009999999776482582,0.08408640325069427,1.0
2843,29.616541827920045,2.555602643190937e-15,inf,50000.0,0.009999999776482582,0.0146071407943964,1.0
2844,63.16264385826975,2.7386981187130658e-15,inf,50000.0,0.009999999776482582,0.0856999009847641,1.0
2845,77.72625185083267,2.613775192217664,4659.465777427554,50000.0,0.009999999776482582,0.1550479680299759,1.0
2846,65.92058461909821,1412.453306469353,2876.488918629242,50000.0,0.009999999776482582,0.09720872342586517,1.0
2847,83.84691036172082,4.396225836670247,4655.955073219735,50000.0,0.009999999776482582,0.22277426719665527,1.0
2848,80.12196757115723,1307.9281670736514,2874.9229946504965,50000.0,0.009999999776482582,0.16634099185466766,1.0
2849,118.80197164516235,1810.4523900259064,2873.3934667073495,50000.0,0.009999999776482582,0.32176467776298523,1.0
2850,54.0616299181593,2.361327547618812,4637.994516657422,50000.0,0.009999999776482582,0.08376594632863998,1.0
2851,83.94997934512878,4.0172249295961295,4629.57596181713,50000.0,0.009999999776482582,0.2222250998020172,1.0
2852,106.79084747419732,2100.681755974479,2872.515434353438,50000.0,0.009999999776482582,0.2611544728279114,1.0
2853,97.76445479578359,1255.3418240263243,2868.794811966589,50000.0,0.009999999776482582,0.23654283583164215,1.0
2854,77.83009243037067,2.1747611892729584,4612.507019889547,50000.0,0.009999999776482582,0.15486650168895721,1.0
2855,80.18297010212693,1261.5771174396777,2869.365742350027,50000.0,0.009999999776482582,0.16509585082530975,1.0
2856,84.36911213961811,3.777103989869433e-15,inf,50000.0,0.009999999776482582,0.15700195729732513,1.0
2857,70.68891940358682,2.9444224126024316,4606.475224020729,50000.0,0.009999999776482582,0.1526188999414444,1.0
2858,80.18620032563157,1256.7504443711903,2869.775305162611,50000.0,0.009999999776482582,0.16491371393203735,1.0
2859,54.07812938471204,1.9836304293388178,4585.902782011037,50000.0,0.009999999776482582,0.0833158865571022,1.0
2860,80.19758625497397,1234.6268442501962,2868.367485840237,50000.0,0.009999999776482582,0.16465182602405548,1.0
2861,80.20282469604292,1225.787818498768,2867.056168934975,50000.0,0.009999999776482582,0.1644381582736969,1.0
2862,28.977764559744443,8.36135118717631e-15,inf,50000.0,0.009999999776482582,0.014248392544686794,1.0
2863,80.14442540157468,1253.0972293403383,2865.7483535227475,50000.0,0.009999999776482582,0.1641964614391327,1.0
2864,63.017633318801124,9.376606074660383e-15,inf,50000.0,0.009999999776482582,0.08564230054616928,1.0
2865,86.42041081983528,1291.0876776663417,2865.3247289641617,50000.0,0.009999999776482582,0.16653268039226532,1.0
2866,95.92720174604338,1.8463039632868061,4570.547216455665,50000.0,0.009999999776482582,0.22586408257484436,1.0
2867,97.71460226962851,1359.9800611166602,2866.8895555019644,50000.0,0.009999999776482582,0.23525869846343994,1.0
2868,95.97145397560475,1.7900136756824117,4565.318315725465,50000.0,0.009999999776482582,0.22557121515274048,1.0
2869,103.0143243599141,1369.1916998806307,2868.2750408191932,50000.0,0.009999999776482582,0.23730669915676117,1.0
2870,101.40816340904303,6.769852926120599e-15,inf,50000.0,0.009999999776482582,0.22729608416557312,1.0
2871,92.02269810204801,1525.347326931746,2871.9590648971384,50000.0,0.009999999776482582,0.23303882777690887,1.0
2872,107.9133853621923,1422.9187490979336,2870.4717062991226,50000.0,0.009999999776482582,0.3036320209503174,1.0
2873,77.96406819978678,1.5990739288626377,4554.406709376878,50000.0,0.009999999776482582,0.15391889214515686,1.0
2874,65.70034836329948,1358.0084365271457,2870.9106344989705,50000.0,0.009999999776482582,0.09480450302362442,1.0
2875,63.098481621324545,1.3184302780375807e-14,inf,50000.0,0.009999999776482582,0.08501433581113815,1.0
2876,104.56447949620257,2038.5516240649588,2870.5550291184913,50000.0,0.009999999776482582,0.24598748981952667,1.0
2877,28.615408153642388,1.686316846449042e-14,inf,50000.0,0.009999999776482582,0.014065010473132133,1.0
2878,99.21650969543849,2122.3644636331956,2869.1251789544904,50000.0,0.009999999776482582,0.24333250522613525,1.0
2879,79.93497371496369,1431.7967154104194,2866.653324055379,50000.0,0.009999999776482582,0.1627637892961502,1.0
2880,77.99537656597032,1.5097601216192433,4554.421306137499,50000.0,0.009999999776482582,0.15393683314323425,1.0
2881,90.4872901151924,2.109109569295047,4549.109821727561,50000.0,0.009999999776482582,0.2227129340171814,1.0
2882,63.07453652585915,1.977730044203872e-14,inf,50000.0,0.009999999776482582,0.0849207192659378,1.0
2883,63.057841937374064,2.2655700507612867e-14,inf,50000.0,0.009999999776482582,0.08482366055250168,1.0
2884,77.98798039933124,1.4426472708088105,4541.190650042792,50000.0,0.009999999776482582,0.15357743203639984,1.0
2885,28.26126023700615,3.210020625466206e-14,inf,50000.0,0.009999999776482582,0.013862197287380695,1.0
2886,77.96769262281894,1.4046963889323547,4535.719024441206,50000.0,0.009999999776482582,0.15345391631126404,1.0
2887,53.87175202145575,1.3631003683327796,4530.282051030456,50000.0,0.009999999776482582,0.08258844166994095,1.0
2888,84.50423048370475,3.403949751371904e-14,inf,50000.0,0.009999999776482582,0.15532049536705017,1.0
2889,62.961229188718825,4.485392351832914e-14,inf,50000.0,0.009999999776482582,0.08438140153884888,1.0
2890,53.80054791502589,1.3534032975069707,4529.765766626278,50000.0,0.009999999776482582,0.0825195163488388,1.0
2891,109.18909872307601,2297.0639149152735,2873.169350993566,50000.0,0.009999999776482582,0.3117833435535431,1.0
2892,90.55010865578527,1.7511476192429787,4512.475446633763,50000.0,0.009999999776482582,0.22185774147510529,1.0
2893,53.84288027953024,1.19892240791131,4500.184280693414,50000.0,0.009999999776482582,0.08229730278253555,1.0
2894,88.10188386990272,1974.8231410329697,2871.1584092727753,50000.0,0.009999999776482582,0.17369401454925537,1.0
2895,108.13872418914725,1415.0601475066273,2868.7342133258308,50000.0,0.009999999776482582,0.3013323247432709,1.0
2896,65.36999230565809,1351.2113900791273,2868.324149262061,50000.0,0.009999999776482582,0.09315856546163559,1.0
2897,53.84571896978532,1.1010872036607031,4490.7711748372785,50000.0,0.009999999776482582,0.08219540864229202,1.0
2898,84.52659488657724,6.07418331249751e-14,inf,50000.0,0.009999999776482582,0.1552858203649521,1.0
2899,86.26210668205765,1440.0885381001015,2868.851723669334,50000.0,0.009999999776482582,0.16372674703598022,1.0
2900,96.33748554993097,1.0690468523038459,4493.108891084779,50000.0,0.009999999776482582,0.2235974818468094,1.0
2901,27.650475411583347,9.814498727235737e-14,inf,50000.0,0.009999999776482582,0.013523567467927933,1.0
2902,70.86485840922421,1.4903656114053632,4489.7683977175375,50000.0,0.009999999776482582,0.15075379610061646,1.0
2903,105.84589045041515,2544.7249538854994,2870.1851450777854,50000.0,0.009999999776482582,0.25184544920921326,1.0
2904,99.25853541594446,2055.9481873664145,2866.6395701033416,50000.0,0.009999999776482582,0.23977835476398468,1.0
2905,65.14091669723844,1407.013287244877,2864.193392655136,50000.0,0.009999999776482582,0.09195955097675323,1.0
2906,62.90725574029939,1.1140570529504844e-13,inf,50000.0,0.009999999776482582,0.08433249592781067,1.0
2907,108.17953289096495,1495.462697395373,2863.919936673556,50000.0,0.009999999776482582,0.29985734820365906,1.0
2908,97.87604053120879,1420.5155379852254,2863.474774601108,50000.0,0.009999999776482582,0.23103494942188263,1.0
2909,78.1132708176598,0.8994307316711477,4473.978911443659,50000.0,0.009999999776482582,0.1527848243713379,1.0
2910,78.11385288529111,0.8649830174956632,4468.92161956547,50000.0,0.009999999776482582,0.152686208486557,1.0
2911,84.64474462127956,1.1133830136982682e-13,inf,50000.0,0.009999999776482582,0.1548227220773697,1.0
2912,79.78995377399603,1487.7342987030356,2866.7264458927557,50000.0,0.009999999776482582,0.1602061688899994,1.0
2913,87.77188268464126,2052.610119000454,2865.4127527052915,50000.0,0.009999999776482582,0.1696302741765976,1.0
2914,64.95288573924311,1465.547903320593,2863.1064319422535,50000.0,0.009999999776482582,0.09108944982290268,1.0
2915,99.12626703775562,2110.2678508203644,2861.9302054848345,50000.0,0.009999999776482582,0.23698335886001587,1.0
2916,79.79084282926527,1443.2448431178166,2859.547567992152,50000.0,0.009999999776482582,0.15905609726905823,1.0
2917,71.04733961424651,1.0775787842380187,4464.068264676175,50000.0,0.009999999776482582,0.15036311745643616,1.0
2918,62.899503952298936,1.8860638454121857e-13,inf,50000.0,0.009999999776482582,0.08424313366413116,1.0
2919,103.21269204312807,1398.0825597515116,2858.902633200909,50000.0,0.009999999776482582,0.2321435660123825,1.0
2920,27.149003277063795,2.448893507967518e-13,inf,50000.0,0.009999999776482582,0.01326562836766243,1.0
2921,53.74416522999903,0.7485022944712691,4458.94387608449,50000.0,0.009999999776482582,0.0817289724946022,1.0
2922,64.76860792881781,1487.3677010650295,2859.6089578942883,50000.0,0.009999999776482582,0.09020127356052399,1.0
2923,62.840790091959484,3.1684375531190144e-13,inf,50000.0,0.009999999776482582,0.08401290327310562,1.0
2924,84.69484734653628,2.935784372204456e-13,inf,50000.0,0.009999999776482582,0.15474194288253784,1.0
2925,102.0045115182899,2.235055542408664e-13,inf,50000.0,0.009999999776482582,0.22516661882400513,1.0
2926,90.94650664288258,1.0347941700392087,4467.495812821761,50000.0,0.009999999776482582,0.22087618708610535,1.0
2927,84.74868901765791,3.254069506958562e-13,inf,50000.0,0.009999999776482582,0.15399636328220367,1.0
2928,62.85695401598845,4.258492999246446e-13,inf,50000.0,0.009999999776482582,0.08338797092437744,1.0
2929,70.9821875481059,1.0145590839551935,4461.959449835125,50000.0,0.009999999776482582,0.15028467774391174,1.0
2930,64.38847124889331,1749.6075148236598,2867.3228511580014,50000.0,0.009999999776482582,0.09036275744438171,1.0
2931,116.8670770083382,0.0,inf,50000.0,0.009999999776482582,0.2944077253341675,1.0
2932,62.854152934306406,5.454335757385241e-13,inf,50000.0,0.009999999776482582,0.08307342976331711,1.0
2933,79.25184028641601,1943.3104649450684,2870.8445039229655,50000.0,0.009999999776482582,0.15898911654949188,1.0
2934,98.60504491096592,2582.8289784931726,2869.511457581509,50000.0,0.009999999776482582,0.23597924411296844,1.0
2935,64.43691741693125,1668.470818112968,2867.0326799556256,50000.0,0.009999999776482582,0.08976773917675018,1.0
2936,78.23245307633833,0.6465126557024712,4457.179366756317,50000.0,0.009999999776482582,0.1517917662858963,1.0
2937,79.49234064008986,1671.0272524321479,2866.6887737134384,50000.0,0.009999999776482582,0.15821495652198792,1.0
2938,53.60244555172185,0.6051038734436254,4447.578820729577,50000.0,0.009999999776482582,0.08146785199642181,1.0
2939,53.58443014633562,0.5986375933126905,4440.582072873196,50000.0,0.009999999776482582,0.08138365298509598,1.0
2940,26.31614903462022,1.0935644778172802e-12,inf,50000.0,0.009999999776482582,0.01280164159834385,1.0
2941,62.75184478422671,1.1212013726002579e-12,inf,50000.0,0.009999999776482582,0.08304421603679657,1.0
2942,78.19742406623222,0.5692861751274695,4435.578717818124,50000.0,0.009999999776482582,0.15149900317192078,1.0
2943,62.731984887071256,1.340989686065122e-12,inf,50000.0,0.009999999776482582,0.08288402110338211,1.0
2944,104.92415270795476,2991.9184094200536,2867.79401355092,50000.0,0.009999999776482582,0.24302886426448822,1.0
2945,102.23805378774507,8.250453144215344e-13,inf,50000.0,0.009999999776482582,0.22342386841773987,1.0
2946,79.3800846039983,1731.8435231531064,2867.1423644630245,50000.0,0.009999999776482582,0.15764114260673523,1.0
2947,26.06079579863194,1.7276038911341506e-12,inf,50000.0,0.009999999776482582,0.012663581408560276,1.0
2948,25.966903537636565,2.0332914915199703e-12,inf,50000.0,0.009999999776482582,0.012608544901013374,1.0
2949,84.83104805012951,1.7011941329551742e-12,inf,50000.0,0.009999999776482582,0.15282511711120605,1.0
2950,70.98374130861525,0.7840358154706679,4446.260356692316,50000.0,0.009999999776482582,0.14997008442878723,1.0
2951,79.34073406085925,1739.582695491278,2867.4834682818573,50000.0,0.009999999776482582,0.1574215292930603,1.0
2952,97.83347089132857,1668.00902091479,2866.148836836546,50000.0,0.009999999776482582,0.2273038923740387,1.0
2953,97.87472481235646,1630.3590748921733,2865.808469627846,50000.0,0.009999999776482582,0.22714005410671234,1.0
2954,25.793679614627376,2.7656204459974462e-12,inf,50000.0,0.009999999776482582,0.01251595001667738,1.0
2955,25.701287728945577,3.2404632319572618e-12,inf,50000.0,0.009999999776482582,0.01246205996721983,1.0
2956,79.36993099790807,1678.2542115575716,2865.5207419402127,50000.0,0.009999999776482582,0.15686726570129395,1.0
2957,25.58725262849118,3.938041002503511e-12,inf,50000.0,0.009999999776482582,0.012397290207445621,1.0
2958,85.88326943612925,1656.0445848134952,2864.179376730018,50000.0,0.009999999776482582,0.1582314521074295,1.0
2959,84.84749491435431,3.40310579567833e-12,inf,50000.0,0.009999999776482582,0.15261243283748627,1.0
2960,79.25154310591647,1769.9613363023857,2865.8908244064096,50000.0,0.009999999776482582,0.15661846101284027,1.0
2961,84.86715812704271,3.752053053232367e-12,inf,50000.0,0.009999999776482582,0.15243884921073914,1.0
2962,78.25645027189704,0.46356192894000064,4427.636357723335,50000.0,0.009999999776482582,0.15089648962020874,1.0
2963,114.01392532072327,2510.184299328398,2867.2016318412484,50000.0,0.009999999776482582,0.30205485224723816,1.0
2964,119.50478415464936,2888.2288975770907,2865.6763474656013,50000.0,0.009999999776482582,0.30804696679115295,1.0
2965,79.3799497097165,1635.115658110646,2863.3085092966417,50000.0,0.009999999776482582,0.1557520180940628,1.0
2966,102.51159646181878,2.612186154953041e-12,inf,50000.0,0.009999999776482582,0.22234351933002472,1.0
2967,85.01150733392696,3.7408082429261625e-12,inf,50000.0,0.009999999776482582,0.15193632245063782,1.0
2968,91.35528988452832,0.6283452163529667,4439.265362819551,50000.0,0.009999999776482582,0.21955421566963196,1.0
2969,85.91907878471025,1697.7578812646218,2867.2698509974416,50000.0,0.009999999776482582,0.15676993131637573,1.0
2970,86.73760678597085,2438.048790351896,2867.0946054263136,50000.0,0.009999999776482582,0.16162659227848053,1.0
2971,92.19368922409562,1690.989923021062,2864.9064046223943,50000.0,0.009999999776482582,0.22410911321640015,1.0
2972,64.0526836687017,1567.4669892576292,2863.5153012824017,50000.0,0.009999999776482582,0.08641231060028076,1.0
2973,71.15277223764511,0.5591538802196501,4427.575171315888,50000.0,0.009999999776482582,0.14969025552272797,1.0
2974,25.27833569455813,6.8581921132708046e-12,inf,50000.0,0.009999999776482582,0.01225272100418806,1.0
2975,86.95716623923856,2182.783735149024,2862.1430251923316,50000.0,0.009999999776482582,0.16018566489219666,1.0
2976,104.14990428768166,2209.949136759427,2859.923189217521,50000.0,0.009999999776482582,0.2293076515197754,1.0
2977,98.70730309821673,2265.5903053690195,2858.753612890173,50000.0,0.009999999776482582,0.2273785024881363,1.0
2978,91.52386961596267,0.5173012790229597,4423.302440568859,50000.0,0.009999999776482582,0.21965956687927246,1.0
2979,86.0439697494185,1480.9179896053301,2857.122602287028,50000.0,0.009999999776482582,0.1551484763622284,1.0
2980,114.30779346990741,2177.306472690062,2856.9813321838865,50000.0,0.009999999776482582,0.2963865399360657,1.0
2981,62.81289811199083,6.576819982661754e-12,inf,50000.0,0.009999999776482582,0.08222074061632156,1.0
2982,98.70073845295947,2236.8496482431347,2856.6231539568334,50000.0,0.009999999776482582,0.22586093842983246,1.0
2983,85.97852537801676,1536.9338316304256,2854.381103452109,50000.0,0.009999999776482582,0.15433865785598755,1.0
2984,62.82693794089267,7.405563782804392e-12,inf,50000.0,0.009999999776482582,0.08219414949417114,1.0
2985,78.55727966480806,0.31035777233835266,4423.2315180417545,50000.0,0.009999999776482582,0.15084348618984222,1.0
2986,103.95792290948563,2319.1522628373264,2855.8916805786694,50000.0,0.009999999776482582,0.22617685794830322,1.0
2987,103.39827264546221,1665.8194652900618,2854.7234685957674,50000.0,0.009999999776482582,0.2236483246088028,1.0
2988,91.69153599071258,0.4311444161827601,4432.180107727522,50000.0,0.009999999776482582,0.219631627202034,1.0
2989,85.89583086581342,1648.4864001158846,2856.228765040342,50000.0,0.009999999776482582,0.15359969437122345,1.0
2990,85.85746758651607,1689.2749391136908,2856.1335230159284,50000.0,0.009999999776482582,0.15340690314769745,1.0
2991,85.82408626577352,1725.1641144970695,2856.044638108974,50000.0,0.009999999776482582,0.15321439504623413,1.0
2992,62.88315896726474,9.63565788407645e-12,inf,50000.0,0.009999999776482582,0.08181297779083252,1.0
2993,92.11314944378633,1823.7769588110602,2856.9322818863284,50000.0,0.009999999776482582,0.22117510437965393,1.0
2994,62.87272274705477,1.0611609250654863e-11,inf,50000.0,0.009999999776482582,0.08178919553756714,1.0
2995,53.42819887119519,0.27815620893585913,4426.919920373015,50000.0,0.009999999776482582,0.08091070502996445,1.0
2996,85.3267360808766,1.065910190435589e-11,inf,50000.0,0.009999999776482582,0.15132524073123932,1.0
2997,53.39946692770415,0.27576009173343896,4424.241885787409,50000.0,0.009999999776482582,0.08085606247186661,1.0
2998,103.7777529949235,2485.332867163756,2857.9991903225796,50000.0,0.009999999776482582,0.22416575253009796,1.0
2999,97.96494095964584,1754.4392498028683,2856.9269201329134,50000.0,0.009999999776482582,0.22135069966316223,1.0
3000,85.82157848065154,1712.043528525606,2856.6870320575763,50000.0,0.009999999776482582,0.15235655009746552,1.0
3001,85.39935279608038,1.2586439064018293e-11,inf,50000.0,0.009999999776482582,0.1510007083415985,1.0
3002,53.40035116749509,0.26652588207667827,4428.25423463682,50000.0,0.009999999776482582,0.08090497553348541,1.0
3003,78.6935103227297,0.26461992023226827,4421.805864541614,50000.0,0.009999999776482582,0.15021240711212158,1.0
3004,79.07965578144693,1795.6924351819798,2859.1200400770304,50000.0,0.009999999776482582,0.1516313999891281,1.0
3005,97.66439074098417,0.2587858924113589,4411.610825443986,50000.0,0.009999999776482582,0.21952436864376068,1.0
3006,24.58336485899235,2.324006379431967e-11,inf,50000.0,0.009999999776482582,0.011912009678781033,1.0
3007,119.04640845654805,3077.6019696663884,2859.557130993712,50000.0,0.009999999776482582,0.29359403252601624,1.0
3008,91.91673061857591,0.2996902677658349,4413.773978472914,50000.0,0.009999999776482582,0.21901416778564453,1.0
3009,98.46141036793861,2350.5965123861965,2858.172381584724,50000.0,0.009999999776482582,0.22136305272579193,1.0
3010,103.48034424575836,0.3480758492814987,4397.434013290786,50000.0,0.009999999776482582,0.2876262962818146,1.0
3011,86.61609475441239,2083.853821004026,2856.5134703808044,50000.0,0.009999999776482582,0.15207728743553162,1.0
3012,24.564756962734712,2.4144465340819983e-11,inf,50000.0,0.009999999776482582,0.011914977803826332,1.0
3013,85.82398545860488,0.332837404053118,4381.257151235431,50000.0,0.009999999776482582,0.21791428327560425,1.0
3014,86.64496381740796,2014.7922520307764,2854.176452652132,50000.0,0.009999999776482582,0.15141373872756958,1.0
3015,53.454241865651476,0.15877822106760592,4363.839824871138,50000.0,0.009999999776482582,0.08041653782129288,1.0
3016,98.2440346580603,1475.96715835543,2852.128398681126,50000.0,0.009999999776482582,0.21934495866298676,1.0
3017,78.82353020281622,0.15453406517553928,4354.171814897641,50000.0,0.009999999776482582,0.14990508556365967,1.0
3018,24.365534747525487,3.3790224740410336e-11,inf,50000.0,0.009999999776482582,0.011807119473814964,1.0
3019,63.458217094299044,1507.1180801511023,2852.7404240976307,50000.0,0.009999999776482582,0.08112537115812302,1.0
3020,92.06731703146394,0.21484752669104004,4350.76319463908,50000.0,0.009999999776482582,0.21835097670555115,1.0
3021,104.45005265713206,2568.1378870879503,2852.3825495092897,50000.0,0.009999999776482582,0.2195393145084381,1.0
3022,79.21417105869834,1568.8766488705285,2849.6428547857117,50000.0,0.009999999776482582,0.14890043437480927,1.0
3023,85.85003011753388,1545.3815332804634,2848.495903477498,50000.0,0.009999999776482582,0.1499558985233307,1.0
3024,24.20602717582529,4.431825391556511e-11,inf,50000.0,0.009999999776482582,0.011726546101272106,1.0
3025,78.86108059965768,0.14309855360067614,4340.203678242939,50000.0,0.009999999776482582,0.1499064415693283,1.0
3026,98.31909041839785,2311.760554782869,2849.2566507677407,50000.0,0.009999999776482582,0.217000812292099,1.0
3027,63.15531420448039,1600.0054107487551,2847.2500407063844,50000.0,0.009999999776482582,0.07972553372383118,1.0
3028,53.42338117780148,0.1116297441519321,4332.618299698411,50000.0,0.009999999776482582,0.08014962822198868,1.0
3029,62.813915897236356,5.430034491949463e-11,inf,50000.0,0.009999999776482582,0.0814332589507103,1.0
3030,23.942646646531873,6.875865616248083e-11,inf,50000.0,0.009999999776482582,0.01158108375966549,1.0
3031,86.0417249436988,0.190873645716378,4328.330551722161,50000.0,0.009999999776482582,0.21702705323696136,1.0
3032,53.37569983762124,0.10697507393830312,4309.999449548877,50000.0,0.009999999776482582,0.07985225319862366,1.0
3033,103.86158683532119,2137.013533990677,2846.3916915558566,50000.0,0.009999999776482582,0.21749639511108398,1.0
3034,62.7712925087641,7.466985815400007e-11,inf,50000.0,0.009999999776482582,0.08134977519512177,1.0
3035,98.08842237159249,1651.7756976166306,2846.3868633626653,50000.0,0.009999999776482582,0.2174019068479538,1.0
3036,103.64263325425706,2311.69010697378,2846.1842802363776,50000.0,0.009999999776482582,0.21652576327323914,1.0
3037,98.0219900286606,0.10152873052970197,4310.746709267859,50000.0,0.009999999776482582,0.21946176886558533,1.0
3038,98.07605794769789,1700.4576147174503,2846.9249867068634,50000.0,0.009999999776482582,0.21693386137485504,1.0
3039,114.1170159534287,2907.2656054675085,2846.780151928919,50000.0,0.009999999776482582,0.28166890144348145,1.0
3040,85.64051170842156,6.099298156842038e-11,inf,50000.0,0.009999999776482582,0.15104460716247559,1.0
3041,85.61980273528687,1708.187199174357,2845.6821462531575,50000.0,0.009999999776482582,0.14790277183055878,1.0
3042,78.89969008718364,1760.9058109251077,2845.752826149836,50000.0,0.009999999776482582,0.14661040902137756,1.0
3043,79.01887168101462,0.09416892020379723,4303.511800439566,50000.0,0.009999999776482582,0.14959783852100372,1.0
3044,79.01877768801256,0.09350082804019859,4299.296219084871,50000.0,0.009999999776482582,0.1494918316602707,1.0
3045,92.40038567158844,0.1310392834577148,4294.899501045448,50000.0,0.009999999776482582,0.2177751064300537,1.0
3046,53.436609175411895,0.06564048416844642,4285.2958374610325,50000.0,0.009999999776482582,0.07974353432655334,1.0
3047,109.22214090995394,0.09164426533672249,4279.45602707223,50000.0,0.009999999776482582,0.28695356845855713,1.0
3048,63.03611737628457,1516.511296344906,2848.0395616292,50000.0,0.009999999776482582,0.07829473912715912,1.0
3049,79.11217444962148,1572.1585405671617,2847.165298463996,50000.0,0.009999999776482582,0.14628128707408905,1.0
3050,79.04177063206475,0.06094429524992743,4267.453590180822,50000.0,0.009999999776482582,0.14907629787921906,1.0
3051,62.82012919343136,1.209931040835084e-10,inf,50000.0,0.009999999776482582,0.08083195984363556,1.0
3052,79.0381561274889,0.06035886751038692,4265.470294056006,50000.0,0.009999999776482582,0.14890997111797333,1.0
3053,62.80329299585206,1.3959949564718718e-10,inf,50000.0,0.009999999776482582,0.08066757023334503,1.0
3054,79.03451500772692,0.05977920984874515,4263.502757918945,50000.0,0.009999999776482582,0.14874495565891266,1.0
3055,92.48972215016471,1630.396930828715,2850.1639499837547,50000.0,0.009999999776482582,0.21438539028167725,1.0
3056,79.14802383342813,1540.4555943108169,2848.9238161667645,50000.0,0.009999999776482582,0.14601320028305054,1.0
3057,79.05665528985132,0.055631546596368625,4244.039011568877,50000.0,0.009999999776482582,0.1486426293849945,1.0
3058,98.40135389148737,2147.4969182139407,2848.5983640364143,50000.0,0.009999999776482582,0.2124159187078476,1.0
3059,62.859565739215725,1532.265547825839,2846.667673794421,50000.0,0.009999999776482582,0.07747568190097809,1.0
3060,98.23779059562898,1587.9699350458698,2845.7605238932088,50000.0,0.009999999776482582,0.21471212804317474,1.0
3061,114.25399261412527,1589.6280114079286,2845.570794556674,50000.0,0.009999999776482582,0.28397709131240845,1.0
3062,85.7396247122825,1.4517812064599826e-10,inf,50000.0,0.009999999776482582,0.14992231130599976,1.0
3063,62.828587494503545,1.8663910082514475e-10,inf,50000.0,0.009999999776482582,0.0804368108510971,1.0
3064,103.57195119977891,1739.3283443961232,2849.007521886051,50000.0,0.009999999776482582,0.21540537476539612,1.0
3065,79.14737752212854,0.051262032431418476,4244.086739027073,50000.0,0.009999999776482582,0.1483861356973648,1.0
3066,53.424273518720334,0.05068131799884604,4240.072887301215,50000.0,0.009999999776482582,0.07930777966976166,1.0
3067,85.76571923106674,1.909996467820193e-10,inf,50000.0,0.009999999776482582,0.1491614729166031,1.0
3068,92.63699936549223,0.0711101213791867,4238.233553001366,50000.0,0.009999999776482582,0.21621489524841309,1.0
3069,103.43747441868946,2483.062951365858,2852.8686113747326,50000.0,0.009999999776482582,0.21218661963939667,1.0
3070,92.67863192579775,0.06885523822249998,4232.228513998409,50000.0,0.009999999776482582,0.21613161265850067,1.0
3071,78.96925731998839,1713.4882547266134,2852.602222230774,50000.0,0.009999999776482582,0.14498384296894073,1.0
3072,78.99269655265778,1678.284035032501,2851.5375954360866,50000.0,0.009999999776482582,0.14477479457855225,1.0
3073,62.595625792786194,1647.1720788811751,2850.468953691919,50000.0,0.009999999776482582,0.07664848119020462,1.0
3074,23.015882571986577,3.268400037819733e-10,inf,50000.0,0.009999999776482582,0.01111552957445383,1.0
3075,78.89658038260117,1727.8918768365902,2849.616222073137,50000.0,0.009999999776482582,0.14436428248882294,1.0
3076,98.00183314543531,2390.0936901887612,2848.562367653672,50000.0,0.009999999776482582,0.209318608045578,1.0
3077,62.8204073096379,3.2439543781141916e-10,inf,50000.0,0.009999999776482582,0.08018048852682114,1.0
3078,78.8705077014285,1719.4534716438914,2847.5679252753375,50000.0,0.009999999776482582,0.14383231103420258,1.0
3079,62.80954955340912,3.647242781513424e-10,inf,50000.0,0.009999999776482582,0.0801338404417038,1.0
3080,85.48254240065337,1737.2959647688106,2847.3679862450635,50000.0,0.009999999776482582,0.144764706492424,1.0
3081,85.85258289476914,3.3476268679313365e-10,inf,50000.0,0.009999999776482582,0.14901170134544373,1.0
3082,97.66007688508348,2652.1470676475797,2849.22337883637,50000.0,0.009999999776482582,0.2083396017551422,1.0
3083,72.03072847185985,0.06174495041872815,4205.714145858053,50000.0,0.009999999776482582,0.14703883230686188,1.0
3084,103.36091103790372,2371.514712542784,2846.9148770419793,50000.0,0.009999999776482582,0.208664670586586,1.0
3085,98.17486434341862,1753.363164076802,2846.1679605536356,50000.0,0.009999999776482582,0.21195685863494873,1.0
3086,114.34292221771153,1734.4126570329818,2846.0013464246194,50000.0,0.009999999776482582,0.28078362345695496,1.0
3087,62.21919864458015,1738.4189395297255,2846.837227140995,50000.0,0.009999999776482582,0.07477959990501404,1.0
3088,72.10250214032737,0.05939257028621001,4194.574402729096,50000.0,0.009999999776482582,0.14696791768074036,1.0
3089,62.849660834379485,4.684884372020074e-10,inf,50000.0,0.009999999776482582,0.07993341237306595,1.0
3090,62.840094420570956,5.087742026147368e-10,inf,50000.0,0.009999999776482582,0.07983893156051636,1.0
3091,85.41486056241494,1775.9545659689022,2847.3859619742857,50000.0,0.009999999776482582,0.14349059760570526,1.0
3092,103.07965153685952,2585.7148574068606,2847.4250247552936,50000.0,0.009999999776482582,0.20689627528190613,1.0
3093,118.05596829309464,3224.1899729691772,2846.65072502933,50000.0,0.009999999776482582,0.269451767206192,1.0
3094,84.55622627542373,2648.5955387955646,2845.1448298643,50000.0,0.009999999776482582,0.13631825149059296,1.0
3095,22.641001830048783,6.0227705958701e-10,inf,50000.0,0.009999999776482582,0.010941083543002605,1.0
3096,85.22820996133851,1915.164021674571,2843.527116851008,50000.0,0.009999999776482582,0.14217504858970642,1.0
3097,78.4697633642877,1954.1382105798086,2843.669685926342,50000.0,0.009999999776482582,0.14130142331123352,1.0
3098,22.52737948733093,7.188293567507628e-10,inf,50000.0,0.009999999776482582,0.010880782268941402,1.0
3099,61.7067428948135,1914.426920384113,2842.694237874604,50000.0,0.009999999776482582,0.0728524923324585,1.0
3100,92.22526695311966,1934.6613531359324,2841.954944340733,50000.0,0.009999999776482582,0.20914742350578308,1.0
3101,79.43093897495402,0.014843275878918724,4187.561037006821,50000.0,0.009999999776482582,0.1480853259563446,1.0
3102,98.14660653190198,1761.5426682064794,2841.4314735196613,50000.0,0.009999999776482582,0.20973771810531616,1.0
3103,78.62360409351186,1746.335374155066,2841.403365304576,50000.0,0.009999999776482582,0.14053884148597717,1.0
3104,84.58193473442252,2422.734037973783,2840.490258125032,50000.0,0.009999999776482582,0.13374438881874084,1.0
3105,61.730904936788214,1776.5930070063644,2839.0521236746063,50000.0,0.009999999776482582,0.07188426703214645,1.0
3106,92.3000838302639,1821.603290280081,2838.364115874466,50000.0,0.009999999776482582,0.2079702913761139,1.0
3107,61.7718751290267,1699.8655687118471,2837.310365783359,50000.0,0.009999999776482582,0.07154214382171631,1.0
3108,61.66890262361023,1751.7149112574773,2836.6152566326905,50000.0,0.009999999776482582,0.0713360458612442,1.0
3109,79.49823957888468,0.011538368785840074,4172.898226947641,50000.0,0.009999999776482582,0.14824369549751282,1.0
3110,85.19291029724813,1773.6049473469488,2836.5490487567176,50000.0,0.009999999776482582,0.14053289592266083,1.0
3111,109.44359869293046,1838.0839638664736,2836.692341682595,50000.0,0.009999999776482582,0.27659380435943604,1.0
3112,92.3699010375047,1735.4700328607873,2836.535376960151,50000.0,0.009999999776482582,0.2070353776216507,1.0
3113,78.61366979254747,1636.8674446030777,2835.5184999113676,50000.0,0.009999999776482582,0.13876371085643768,1.0
3114,53.500513922593065,0.009072319951439716,4149.670012466528,50000.0,0.009999999776482582,0.07862772792577744,1.0
3115,62.891537644941465,1.1573661400548481e-09,inf,50000.0,0.009999999776482582,0.08013280481100082,1.0
3116,53.472879480384194,0.008863168556328965,4145.746070222237,50000.0,0.009999999776482582,0.07854915410280228,1.0
3117,62.864093712111945,1.3545192567352476e-09,inf,50000.0,0.009999999776482582,0.08002647757530212,1.0
3118,61.65767365261679,1649.2601674504754,2836.018959728267,50000.0,0.009999999776482582,0.07070314884185791,1.0
3119,53.4384831671019,0.00854603764937769,4143.072460692851,50000.0,0.009999999776482582,0.07848183810710907,1.0
3120,84.29460760491082,2361.208867124657,2835.1903517491223,50000.0,0.009999999776482582,0.1304628700017929,1.0
3121,53.435988744302136,0.008038064835610885,4139.975294432117,50000.0,0.009999999776482582,0.07845211774110794,1.0
3122,92.36826330695652,1717.141933555304,2833.7357264481493,50000.0,0.009999999776482582,0.20584413409233093,1.0
3123,98.98980709520798,0.007215188177281699,4124.692734861022,50000.0,0.009999999776482582,0.21743977069854736,1.0
3124,72.36430289058352,0.00986175094298503,4122.569569496989,50000.0,0.009999999776482582,0.14601223170757294,1.0
3125,79.54845542169068,0.006583557753369399,4111.69777303444,50000.0,0.009999999776482582,0.14760389924049377,1.0
3126,78.7040002612345,1500.2675831468866,2834.5613157415587,50000.0,0.009999999776482582,0.13781329989433289,1.0
3127,61.69505849628098,1510.9042355419133,2833.7510483151996,50000.0,0.009999999776482582,0.0700349509716034,1.0
3128,103.6213703542606,1586.1054034378337,2833.0195462716606,50000.0,0.009999999776482582,0.20886582136154175,1.0
3129,72.40496196761393,0.008460733826218536,4109.938881687943,50000.0,0.009999999776482582,0.1458055078983307,1.0
3130,110.4307978411236,0.007983683472291652,4099.398195228729,50000.0,0.009999999776482582,0.284437358379364,1.0
3131,61.66925075676828,1514.7456196321102,2835.0506197566338,50000.0,0.009999999776482582,0.06991267949342728,1.0
3132,62.81346242538009,2.4689969613078257e-09,inf,50000.0,0.009999999776482582,0.07977992296218872,1.0
3133,85.18121150316189,1637.6369326613276,2835.176813631646,50000.0,0.009999999776482582,0.13901905715465546,1.0
3134,103.54653664343432,1717.744759837971,2835.276119303409,50000.0,0.009999999776482582,0.20809346437454224,1.0
3135,72.44623841447998,0.007462025769797431,4103.329093498374,50000.0,0.009999999776482582,0.14571504294872284,1.0
3136,61.359913418609004,1693.5840076768234,2835.996850183574,50000.0,0.009999999776482582,0.06951688230037689,1.0
3137,98.11922036050662,1752.3979139789337,2835.315865854501,50000.0,0.009999999776482582,0.2061186134815216,1.0
3138,78.39205640440242,1745.6374976929992,2835.348627400242,50000.0,0.009999999776482582,0.13676010072231293,1.0
3139,79.64158826223124,0.0045072361982749914,4087.7197514484274,50000.0,0.009999999776482582,0.1471462845802307,1.0
3140,85.0875559410868,1697.2681738674953,2835.120932037208,50000.0,0.009999999776482582,0.13829028606414795,1.0
3141,98.10498967934669,1774.918073244248,2835.2839427385197,50000.0,0.009999999776482582,0.20565550029277802,1.0
3142,98.11580757400857,1764.8038019103458,2835.267625672417,50000.0,0.009999999776482582,0.20550313591957092,1.0
3143,53.484470619525766,0.004014777762867695,4082.865935850536,50000.0,0.009999999776482582,0.07784969359636307,1.0
3144,104.52005823372974,2.086283197158907e-09,inf,50000.0,0.009999999776482582,0.21775829792022705,1.0
3145,85.0020228562422,1799.295888702857,2837.4755147582277,50000.0,0.009999999776482582,0.13775315880775452,1.0
3146,21.3847934598756,4.312037875892886e-09,inf,50000.0,0.009999999776482582,0.010292905382812023,1.0
3147,62.825477790958765,4.139318124761863e-09,inf,50000.0,0.009999999776482582,0.07915598899126053,1.0
3148,92.26437721709992,1958.2294218898892,2838.49632871329,50000.0,0.009999999776482582,0.20391470193862915,1.0
3149,21.27141758000341,5.1193783468108805e-09,inf,50000.0,0.009999999776482582,0.010230657644569874,1.0
3150,103.47233778049807,1846.1149159216907,2837.394048146418,50000.0,0.009999999776482582,0.2063349038362503,1.0
3151,21.20927126041695,5.634599650746213e-09,inf,50000.0,0.009999999776482582,0.010198011994361877,1.0
3152,92.25524503804203,1964.50368442159,2838.452150436285,50000.0,0.009999999776482582,0.20361025631427765,1.0
3153,79.70336629013262,0.003425098406673226,4073.8941007923586,50000.0,0.009999999776482582,0.14655287563800812,1.0
3154,79.70318226366527,0.00333719721931711,4070.413608514723,50000.0,0.009999999776482582,0.146444171667099,1.0
3155,21.088192815096264,6.772222143231685e-09,6038.747152360577,50000.0,0.009999999776482582,0.010131663642823696,1.0
3156,60.976478669425234,1802.0014973389218,2838.729593208931,50000.0,0.009999999776482582,0.06834638118743896,1.0
3157,79.69830255987111,0.0032142347616485392,4067.9251589269606,50000.0,0.009999999776482582,0.14637845754623413,1.0
3158,53.40275928526414,0.0031165355584755455,4064.337095410349,50000.0,0.009999999776482582,0.07751656323671341,1.0
3159,118.30394553355698,2515.1574972101503,2838.466891163913,50000.0,0.009999999776482582,0.2639329731464386,1.0
3160,20.945156150636645,8.43681704433132e-09,6062.496028043621,50000.0,0.009999999776482582,0.010056895203888416,1.0
3161,86.27083624118853,6.6022566334739365e-09,6072.79980677899,50000.0,0.009999999776482582,0.14744117856025696,1.0
3162,112.1948252746605,3454.175108494013,2840.429695753806,50000.0,0.009999999776482582,0.25148701667785645,1.0
3163,103.44731231401116,1889.3533230722526,2838.1952265849304,50000.0,0.009999999776482582,0.20485906302928925,1.0
3164,53.43363481036968,0.002810164785790203,4072.3876849044245,50000.0,0.009999999776482582,0.07765881717205048,1.0
3165,83.24112000939374,2707.624410961399,2839.057970670081,50000.0,0.009999999776482582,0.12473952770233154,1.0
3166,79.78685205391703,0.0026557134589985597,4069.661172974463,50000.0,0.009999999776482582,0.14631721377372742,1.0
3167,84.77527834707632,1914.4831256274138,2838.3808914280025,50000.0,0.009999999776482582,0.13569043576717377,1.0
3168,96.5354379632889,2784.7428684457354,2838.6038383348928,50000.0,0.009999999776482582,0.19146178662776947,1.0
3169,60.577389267113034,1896.4187916986298,2837.1888752371133,50000.0,0.009999999776482582,0.06657455861568451,1.0
3170,77.99582050088233,1937.3496629903807,2836.6222885440934,50000.0,0.009999999776482582,0.13401906192302704,1.0
3171,72.68025898326064,0.0031790857106735126,4063.5917476725876,50000.0,0.009999999776482582,0.1451854407787323,1.0
3172,72.68797637977634,0.002962854155760143,4053.082690892289,50000.0,0.009999999776482582,0.14493027329444885,1.0
3173,79.82475304795474,0.0019744458597853046,4042.919679073095,50000.0,0.009999999776482582,0.14617225527763367,1.0
3174,84.97262456809668,1616.6822947829974,2835.767166302335,50000.0,0.009999999776482582,0.1351507604122162,1.0
3175,78.21002331865775,1711.6802040612522,2836.04849889225,50000.0,0.009999999776482582,0.13359469175338745,1.0
3176,79.843946289689,0.0018215749426340017,4038.5916664967817,50000.0,0.009999999776482582,0.14608940482139587,1.0
3177,60.744104105292664,1674.615753654051,2835.9259371662197,50000.0,0.009999999776482582,0.0660991221666336,1.0
3178,53.44542071574131,0.0017425264534125815,4036.2232596124068,50000.0,0.009999999776482582,0.07723046839237213,1.0
3179,84.84755344065863,1701.7657525857055,2835.1670524524234,50000.0,0.009999999776482582,0.13473743200302124,1.0
3180,53.43772505462013,0.001674894912311836,4033.977306110667,50000.0,0.009999999776482582,0.07719407975673676,1.0
3181,83.18754961257783,2462.283826100655,2835.2642358916537,50000.0,0.009999999776482582,0.1217256709933281,1.0
3182,93.89042476172511,0.002221720333885696,4031.3183309770016,50000.0,0.009999999776482582,0.21341797709465027,1.0
3183,98.11104152622035,1733.8336017667843,2834.5673661366636,50000.0,0.009999999776482582,0.20159631967544556,1.0
3184,62.78770234237542,1.5319492464478985e-08,6145.932302411731,50000.0,0.009999999776482582,0.07863793522119522,1.0
3185,53.444500926542304,0.00143150114646209,4022.4413800642933,50000.0,0.009999999776482582,0.07705675810575485,1.0
3186,53.435550882994754,0.0013818240266590329,4017.2704680497463,50000.0,0.009999999776482582,0.07697965949773788,1.0
3187,53.42686345071608,0.001333765321171882,4012.1182932478036,50000.0,0.009999999776482582,0.07690341025590897,1.0
3188,72.77213201083912,0.0018074778408709083,4006.9220486098825,50000.0,0.009999999776482582,0.14394235610961914,1.0
3189,86.35759080118812,1.700724392901312e-08,6180.361008959512,50000.0,0.009999999776482582,0.14737312495708466,1.0
3190,117.26087420187761,2788.601942682814,2836.119420895984,50000.0,0.009999999776482582,0.24596168100833893,1.0
3191,62.759372108755386,2.0446142595378478e-08,6178.812453026484,50000.0,0.009999999776482582,0.07844068109989166,1.0
3192,77.97352542465237,1859.2264336038181,2836.0926433152936,50000.0,0.009999999776482582,0.13224895298480988,1.0
3193,20.20626186626369,2.5737732409679812e-08,6189.086700939498,50000.0,0.009999999776482582,0.009679139591753483,1.0
3194,62.73723915432176,2.44021571332016e-08,6199.197293434347,50000.0,0.009999999776482582,0.07836851477622986,1.0
3195,92.28614769626073,1911.1106720803239,2836.1691492427844,50000.0,0.009999999776482582,0.19926483929157257,1.0
3196,78.00710861267451,1793.040417955717,2835.274173364694,50000.0,0.009999999776482582,0.13186922669410706,1.0
3197,60.287199666837,1773.8423007327651,2834.57564918582,50000.0,0.009999999776482582,0.06463009864091873,1.0
3198,84.58211925410545,1832.087825570145,2834.0060773359073,50000.0,0.009999999776482582,0.13326027989387512,1.0
3199,62.74000021937185,2.8591110377110053e-08,6218.121386865742,50000.0,0.009999999776482582,0.07838109135627747,1.0
3200,104.91123930978443,1.762078611489403e-08,6225.078390931898,50000.0,0.009999999776482582,0.21571600437164307,1.0
3201,62.7399778442985,3.074131823485806e-08,6226.30148271263,50000.0,0.009999999776482582,0.07804595679044724,1.0
3202,103.24126734130328,2091.776646701155,2837.8714733586257,50000.0,0.009999999776482582,0.20128338038921356,1.0
3203,59.800832888658896,2142.7188245191446,2838.860566175393,50000.0,0.009999999776482582,0.06437898427248001,1.0
3204,84.33296439727675,2142.593035730329,2838.244811310148,50000.0,0.009999999776482582,0.13252289593219757,1.0
3205,59.715884952481744,2163.9136962492425,2838.4620964870337,50000.0,0.009999999776482582,0.06404303014278412,1.0
3206,62.75782394910196,3.630347988279317e-08,6246.318914150498,50000.0,0.009999999776482582,0.07786082476377487,1.0
3207,19.83888639833748,4.444553315103641e-08,6253.458238558388,50000.0,0.009999999776482582,0.00948910228908062,1.0
3208,97.7220422303025,2257.506051311724,2838.626914774694,50000.0,0.009999999776482582,0.19958755373954773,1.0
3209,79.97402334309275,0.0009741358488970914,4014.5842928655084,50000.0,0.009999999776482582,0.14514583349227905,1.0
3210,19.757929701326457,5.0055574174716995e-08,6267.668420525499,50000.0,0.009999999776482582,0.009445881471037865,1.0
3211,79.96447148400894,0.0009499110174101382,4011.2238777877947,50000.0,0.009999999776482582,0.14501431584358215,1.0
3212,19.674698419087605,5.6489147954301446e-08,6282.091289997076,50000.0,0.009999999776482582,0.009399965405464172,1.0
3213,92.08666688363678,2156.113833010656,2839.836614573326,50000.0,0.009999999776482582,0.19855289161205292,1.0
3214,84.42394952824888,1970.4789804889042,2838.856542933122,50000.0,0.009999999776482582,0.13190342485904694,1.0
3215,79.97690079352499,0.0008471544486970803,4002.1280323185615,50000.0,0.009999999776482582,0.14486360549926758,1.0
3216,84.40760841353709,1988.0669510403948,2839.614537834504,50000.0,0.009999999776482582,0.1317213922739029,1.0
3217,86.50244731107742,4.698075716622505e-08,6301.4819241782525,50000.0,0.009999999776482582,0.14551322162151337,1.0
3218,62.710909844055045,5.942701273525092e-08,6305.556291552412,50000.0,0.009999999776482582,0.07726160436868668,1.0
3219,79.98620221675836,0.0008459631879503929,4007.538028359114,50000.0,0.009999999776482582,0.144566610455513,1.0
3220,86.49971800645406,5.338449495350382e-08,6316.795369462532,50000.0,0.009999999776482582,0.14488300681114197,1.0
3221,62.69580703751105,6.749751005487996e-08,6320.847131633992,50000.0,0.009999999776482582,0.07692454755306244,1.0
3222,101.27916703763242,3199.3176820392164,2844.7890028626093,50000.0,0.009999999776482582,0.18576106429100037,1.0
3223,72.90646040511774,0.0011630362080203192,4014.1139061781437,50000.0,0.009999999776482582,0.14427992701530457,1.0
3224,53.353430337439036,0.000772216679777344,4004.2452950275288,50000.0,0.009999999776482582,0.07664257287979126,1.0
3225,53.34599921736375,0.000745671030023681,3999.1926792215436,50000.0,0.009999999776482582,0.07656626403331757,1.0
3226,72.91473714708908,0.0010106505128940155,3994.091288622114,50000.0,0.009999999776482582,0.14376619458198547,1.0
3227,59.969125399550784,1819.7289047824934,2843.4026807837686,50000.0,0.009999999776482582,0.06351248919963837,1.0
3228,79.99872266066468,0.0006644211133356053,3985.347845837545,50000.0,0.009999999776482582,0.14408817887306213,1.0
3229,106.52972214738806,0.0011046830662572603,3982.2191070570943,50000.0,0.009999999776482582,0.27829495072364807,1.0
3230,53.35446473376885,0.0005838259460182317,3969.7840916236637,50000.0,0.009999999776482582,0.07618039101362228,1.0
3231,84.7254254783451,1625.5741452424081,2843.46437438877,50000.0,0.009999999776482582,0.13113294541835785,1.0
3232,60.04997714871701,1725.393135066026,2843.7218333679834,50000.0,0.009999999776482582,0.06336379796266556,1.0
3233,59.91911207058222,1796.7827660889707,2843.2007934162816,50000.0,0.009999999776482582,0.06317064166069031,1.0
3234,77.81483915934561,1861.382548271336,2842.69653037374,50000.0,0.009999999776482582,0.13003860414028168,1.0
3235,77.82362118694361,1834.521663496245,2842.007111847494,50000.0,0.009999999776482582,0.12984532117843628,1.0
3236,62.64620051561247,1.1198927474330512e-07,6385.101758111062,50000.0,0.009999999776482582,0.07689879089593887,1.0
3237,86.50791448138769,9.671754897902969e-08,6391.864483309162,50000.0,0.009999999776482582,0.14452499151229858,1.0
3238,19.050509931286683,1.407139541360701e-07,6395.911298748262,50000.0,0.009999999776482582,0.009069946594536304,1.0
3239,86.50440137321536,1.0776177556074014e-07,6405.5235480691545,50000.0,0.009999999776482582,0.14418424665927887,1.0
3240,59.558606430854944,2023.9001451333372,2844.956392522081,50000.0,0.009999999776482582,0.06281932443380356,1.0
3241,103.2709642843077,2051.017622810158,2844.3237228485245,50000.0,0.009999999776482582,0.19755280017852783,1.0
3242,84.22196250880168,2116.27892968736,2845.281638380805,50000.0,0.009999999776482582,0.12988145649433136,1.0
3243,62.64753475215376,1.4325713054978833e-07,6416.501370728457,50000.0,0.009999999776482582,0.07632359117269516,1.0
3244,73.00252519469693,0.0007244948629774827,3981.3047730141275,50000.0,0.009999999776482582,0.14356385171413422,1.0
3245,73.00954459794454,0.0006753974038236543,3971.7491286992727,50000.0,0.009999999776482582,0.14330504834651947,1.0
3246,53.325144594295374,0.0004482389678455399,3962.3325195829575,50000.0,0.009999999776482582,0.07601232826709747,1.0
3247,101.66543770157102,2630.849434756992,2845.325929317568,50000.0,0.009999999776482582,0.18339140713214874,1.0
3248,80.07421038785947,0.00042623505126624804,3961.472038361648,50000.0,0.009999999776482582,0.14333036541938782,1.0
3249,98.00590642958326,1931.7894561038036,2845.5808227200814,50000.0,0.009999999776482582,0.19653600454330444,1.0
3250,117.8098218881126,2700.0332375059397,2845.5378170309996,50000.0,0.009999999776482582,0.24980100989341736,1.0
3251,97.93667142260196,2022.3693162719107,2846.0150994800033,50000.0,0.009999999776482582,0.19612959027290344,1.0
3252,73.10045965833031,0.0005281890003699319,3960.6576080495065,50000.0,0.009999999776482582,0.14312727749347687,1.0
3253,98.06780619612807,1848.5891669147193,2845.6704126732484,50000.0,0.009999999776482582,0.19592690467834473,1.0
3254,99.71213414368717,3190.817101340394,2845.7263834450127,50000.0,0.009999999776482582,0.16720189154148102,1.0
3255,80.17117500069412,0.00032385881872164414,3952.580532069884,50000.0,0.009999999776482582,0.14323630928993225,1.0
3256,100.00814594691913,0.00031711810827655165,3949.8817158460865,50000.0,0.009999999776482582,0.21030491590499878,1.0
3257,59.4298885672669,1918.2946646392534,2846.050079386667,50000.0,0.009999999776482582,0.06134231016039848,1.0
3258,100.02195059413907,0.0003075242866151968,3949.881728932869,50000.0,0.009999999776482582,0.21009281277656555,1.0
3259,97.98883278763238,1953.9451220910005,2846.7948851760866,50000.0,0.009999999776482582,0.19516853988170624,1.0
3260,103.34040106379963,1929.3691608786826,2846.7733783073695,50000.0,0.009999999776482582,0.19496798515319824,1.0
3261,80.2096412627034,0.00029063400480320895,3951.9513313049692,50000.0,0.009999999776482582,0.14275136590003967,1.0
3262,101.31173286828643,2801.532352609934,2848.3105100027674,50000.0,0.009999999776482582,0.18003474175930023,1.0
3263,53.454850773267296,0.0002769556266758421,3952.9317085467032,50000.0,0.009999999776482582,0.07598988711833954,1.0
3264,92.30988938538346,2001.581181922783,2847.945278420322,50000.0,0.009999999776482582,0.19481335580348969,1.0
3265,80.23687534512985,0.00024556780478627785,3940.069940371697,50000.0,0.009999999776482582,0.14262670278549194,1.0
3266,77.71810906981611,1833.1207146342194,2847.591344868063,50000.0,0.009999999776482582,0.12761415541172028,1.0
3267,81.93005848755695,2565.4229726055855,2846.914371035505,50000.0,0.009999999776482582,0.11228957772254944,1.0
3268,92.33979657948579,1926.817554205338,2846.046209343275,50000.0,0.009999999776482582,0.193998321890831,1.0
3269,77.66671949087828,1809.3081642660134,2845.184548328268,50000.0,0.009999999776482582,0.12689439952373505,1.0
3270,80.28189890782177,0.00019314058652668636,3923.8812469723734,50000.0,0.009999999776482582,0.14265300333499908,1.0
3271,73.31249439366799,0.00026248088612094143,3921.014994632978,50000.0,0.009999999776482582,0.14230364561080933,1.0
3272,94.65169534965442,0.00024532142928990143,3912.1386441736977,50000.0,0.009999999776482582,0.20903661847114563,1.0
3273,80.27816808028705,0.00016397891088879842,3905.145935418199,50000.0,0.009999999776482582,0.14228302240371704,1.0
3274,53.499701179435775,0.00015877037340502129,3902.4022448552923,50000.0,0.009999999776482582,0.07531695812940598,1.0
3275,53.49332551349254,0.00015316139112907904,3897.9074178658293,50000.0,0.009999999776482582,0.0752440094947815,1.0
3276,119.68759481778285,1435.5698166474494,2845.0574393899656,50000.0,0.009999999776482582,0.2608909606933594,1.0
3277,18.535064053484774,3.024913433207209e-07,6497.959839674658,50000.0,0.009999999776482582,0.008815614506602287,1.0
3278,105.32228563777632,1.6317016214419458e-07,6507.2809422440505,50000.0,0.009999999776482582,0.20885765552520752,1.0
3279,88.8889492743544,0.0002625228953735017,3905.019821595619,50000.0,0.009999999776482582,0.20834913849830627,1.0
3280,98.36031476758949,1511.0262291581003,2848.480184656431,50000.0,0.009999999776482582,0.1931876242160797,1.0
3281,53.51281332725739,0.00013241913877501486,3890.417097403496,50000.0,0.009999999776482582,0.07511528581380844,1.0
3282,98.3518971240787,1518.8792293432055,2848.397856344801,50000.0,0.009999999776482582,0.1930137276649475,1.0
3283,80.30313820416802,0.00012329580723090893,3884.428295651541,50000.0,0.009999999776482582,0.14148367941379547,1.0
3284,78.01565966989648,1542.222628348837,2849.069712937227,50000.0,0.009999999776482582,0.1264343559741974,1.0
3285,59.60369498372285,1570.3521078024605,2848.448640992756,50000.0,0.009999999776482582,0.060039717704057693,1.0
3286,96.19754473380218,2358.516217868698,2848.0440729914385,50000.0,0.009999999776482582,0.1772068738937378,1.0
3287,92.57117388673957,1745.6263248643186,2847.043486350123,50000.0,0.009999999776482582,0.19196724891662598,1.0
3288,53.54802905541189,9.662912779241107e-05,3868.9253276785093,50000.0,0.009999999776482582,0.07485903054475784,1.0
3289,86.67618116540324,2.857075730154967e-07,6537.126667761461,50000.0,0.009999999776482582,0.14205777645111084,1.0
3290,96.10709074139108,2380.3745790676735,2847.4467550851446,50000.0,0.009999999776482582,0.17638394236564636,1.0
3291,59.182528869408294,1751.1365086157275,2846.4522589916205,50000.0,0.009999999776482582,0.05916164070367813,1.0
3292,80.37082944809012,8.83680089655481e-05,3866.349410537627,50000.0,0.009999999776482582,0.14147856831550598,1.0
3293,112.18024946720138,0.0001213257343684914,3863.8562169973284,50000.0,0.009999999776482582,0.27404212951660156,1.0
3294,98.15641980942222,1710.079116971718,2847.5493464033007,50000.0,0.009999999776482582,0.19162994623184204,1.0
3295,18.28545593989055,4.3688123691123854e-07,6548.536311455721,50000.0,0.009999999776482582,0.008688985370099545,1.0
3296,119.47174823531597,1757.996044816323,2847.5667269475284,50000.0,0.009999999776482582,0.25830796360969543,1.0
3297,58.972473767006456,1897.0095235052481,2849.3884240169837,50000.0,0.009999999776482582,0.059002138674259186,1.0
3298,84.0170231912327,1954.5813839573611,2848.930932170061,50000.0,0.009999999776482582,0.12507691979408264,1.0
3299,98.44393544481788,3506.4794599594434,2849.234008398319,50000.0,0.009999999776482582,0.15873651206493378,1.0
3300,77.27933160468163,2083.491484030183,2847.944679489602,50000.0,0.009999999776482582,0.12440671771764755,1.0
3301,77.3174380183425,2019.1511856575949,2847.3039967752316,50000.0,0.009999999776482582,0.12421471625566483,1.0
3302,53.607712857024616,6.714542916887007e-05,3862.44600378031,50000.0,0.009999999776482582,0.07481565326452255,1.0
3303,18.174235228548643,5.135058127251523e-07,6571.507422309576,50000.0,0.009999999776482582,0.008635208010673523,1.0
3304,98.34215953261892,3352.21520916065,2846.489282383406,50000.0,0.009999999776482582,0.1563488245010376,1.0
3305,95.1125647760032,2889.236848156642,2845.3031922791884,50000.0,0.009999999776482582,0.17226028442382812,1.0
3306,80.50152721466334,5.881095268108104e-05,3858.1616044558345,50000.0,0.009999999776482582,0.14148898422718048,1.0
3307,18.132849637115914,5.46944455232591e-07,6580.002056017558,50000.0,0.009999999776482582,0.008616928942501545,1.0
3308,18.083351645064713,5.875993930880561e-07,6588.99429151638,50000.0,0.009999999776482582,0.00858950987458229,1.0
3309,77.18811287154142,2012.2635039289898,2844.8360051208656,50000.0,0.009999999776482582,0.12319798022508621,1.0
3310,112.50608491410607,2776.173130336853,2844.1981990285067,50000.0,0.009999999776482582,0.23806244134902954,1.0
3311,105.59180311004525,3.1241812854847916e-07,6596.281627971869,50000.0,0.009999999776482582,0.20868545770645142,1.0
3312,86.84249378389119,4.4499766602225106e-07,6597.314170254709,50000.0,0.009999999776482582,0.14146891236305237,1.0
3313,97.72561210189143,2130.1290204593606,2847.3465732079876,50000.0,0.009999999776482582,0.18934687972068787,1.0
3314,58.279978355953624,2076.946206529541,2847.4524087907694,50000.0,0.009999999776482582,0.05674983188509941,1.0
3315,80.53842011540978,5.134535843526514e-05,3859.2380269176087,50000.0,0.009999999776482582,0.14106658101081848,1.0
3316,73.68195073021984,6.970913280970805e-05,3856.5956590608916,50000.0,0.009999999776482582,0.14089564979076385,1.0
3317,100.59480293718299,2709.4587862771127,2847.0920015456672,50000.0,0.009999999776482582,0.17106670141220093,1.0
3318,62.72241354618767,6.117931609182908e-07,6612.526171156408,50000.0,0.009999999776482582,0.07478789985179901,1.0
3319,103.00701153188666,2077.2199517775125,2847.686656138622,50000.0,0.009999999776482582,0.18875809013843536,1.0
3320,53.646033238177985,4.619373593251564e-05,3857.9537803000094,50000.0,0.009999999776482582,0.07473238557577133,1.0
3321,80.5587595565056,4.470031062538223e-05,3853.599654406575,50000.0,0.009999999776482582,0.14071986079216003,1.0
3322,80.55666245516316,4.345644909490303e-05,3851.1381163270435,50000.0,0.009999999776482582,0.14060145616531372,1.0
3323,62.69647395256422,7.180850558690166e-07,6632.916452008617,50000.0,0.009999999776482582,0.07440139353275299,1.0
3324,80.55137868831757,4.272575753976358e-05,3850.4575118926227,50000.0,0.009999999776482582,0.14041128754615784,1.0
3325,95.07509728463783,2851.9229651397195,2850.783974991683,50000.0,0.009999999776482582,0.17069841921329498,1.0
3326,58.268689896845544,1984.609841295067,2849.7671820187106,50000.0,0.009999999776482582,0.056225232779979706,1.0
3327,17.785629623836225,9.181409106909448e-07,6646.635114485015,50000.0,0.009999999776482582,0.008438561111688614,1.0
3328,58.12172920617023,2062.198507624293,2849.415873625038,50000.0,0.009999999776482582,0.05603056401014328,1.0
3329,77.00785579699931,2101.4218716189803,2849.0487973605377,50000.0,0.009999999776482582,0.12197478115558624,1.0
3330,97.74022824311393,2038.1091042310466,2848.417909693905,50000.0,0.009999999776482582,0.18781378865242004,1.0
3331,110.09423348122229,2010.6370534557288,2848.5340136413997,50000.0,0.009999999776482582,0.25373002886772156,1.0
3332,77.1657797958755,1898.0319394907938,2848.4600552977067,50000.0,0.009999999776482582,0.12151786684989929,1.0
3333,53.66497899813826,3.0402162632179507e-05,3833.5610208902076,50000.0,0.009999999776482582,0.07434708625078201,1.0
3334,95.11312121796095,2575.0431187488334,2847.710520586737,50000.0,0.009999999776482582,0.16830794513225555,1.0
3335,58.15229342861023,1861.8298855367236,2846.7689356580536,50000.0,0.009999999776482582,0.05509059503674507,1.0
3336,53.67215404751565,2.7151709958701913e-05,3828.010117493825,50000.0,0.009999999776482582,0.07427983731031418,1.0
3337,86.90912594602703,8.361136132899385e-07,6680.057930103192,50000.0,0.009999999776482582,0.14075253903865814,1.0
3338,17.596752072179523,1.2126267329903541e-06,6683.9780928053,50000.0,0.009999999776482582,0.00834079459309578,1.0
3339,62.68810313074924,1.125064541061635e-06,6693.381083241836,50000.0,0.009999999776482582,0.07435081154108047,1.0
3340,112.24971107691233,2838.6442451730695,2848.3079547473535,50000.0,0.009999999776482582,0.23361672461032867,1.0
3341,76.96450314514772,2005.9505847359294,2848.0736389082485,50000.0,0.009999999776482582,0.12069311738014221,1.0
3342,83.53100984374757,1962.0701788100016,2847.4363090196243,50000.0,0.009999999776482582,0.12063103169202805,1.0
3343,73.85836549241984,3.401768820427455e-05,3826.5832442630203,50000.0,0.009999999776482582,0.14018402993679047,1.0
3344,83.5814304519891,1887.8201832254745,2847.3582755522443,50000.0,0.009999999776482582,0.12052688002586365,1.0
3345,57.84290261681245,1972.317182314658,2847.7422824860273,50000.0,0.009999999776482582,0.05440199002623558,1.0
3346,83.4280950843207,2025.3927283598891,2847.344325325734,50000.0,0.009999999776482582,0.12023133039474487,1.0
3347,116.59683625089394,2951.663113740826,2847.6172219660075,50000.0,0.009999999776482582,0.23186013102531433,1.0
3348,79.41118486921508,3065.740167266276,2848.324219453411,50000.0,0.009999999776482582,0.09947356581687927,1.0
3349,17.472729721494566,1.459160776945498e-06,6711.137432733279,50000.0,0.009999999776482582,0.008284282870590687,1.0
3350,76.6110250119324,2214.807424405654,2847.600109389741,50000.0,0.009999999776482582,0.11961603164672852,1.0
3351,99.62142605318454,3005.554644303083,2846.920087700226,50000.0,0.009999999776482582,0.16454735398292542,1.0
3352,80.74831605986127,2.024766687854132e-05,3833.4281740696288,50000.0,0.009999999776482582,0.1403592824935913,1.0
3353,97.51397066544673,2124.1686485619243,2847.3760778192177,50000.0,0.009999999776482582,0.18516460061073303,1.0
3354,62.7537594095158,1.3945118269256756e-06,6725.296289481664,50000.0,0.009999999776482582,0.07414233684539795,1.0
3355,62.74582836946987,1.4605262251635597e-06,6731.861201120484,50000.0,0.009999999776482582,0.07404150068759918,1.0
3356,83.19690581903163,2160.3904818366977,2848.911507859197,50000.0,0.009999999776482582,0.11887155473232269,1.0
3357,83.15156542672555,2201.6624891051797,2849.234387167665,50000.0,0.009999999776482582,0.1187061294913292,1.0
3358,83.11247984164402,2235.537265497066,2849.5502106186627,50000.0,0.009999999776482582,0.11854086816310883,1.0
3359,76.48311997390942,2266.7296060768517,2849.9274252760106,50000.0,0.009999999776482582,0.11900802701711655,1.0
3360,76.54433233773591,2169.3213100542857,2849.3093707599623,50000.0,0.009999999776482582,0.11882510036230087,1.0
3361,76.5875513314256,2095.215452458044,2848.713206861802,50000.0,0.009999999776482582,0.118644580245018,1.0
3362,57.28649298100011,2035.0899476073428,2848.1183020342187,50000.0,0.009999999776482582,0.05236777663230896,1.0
3363,100.84967339057918,1.6435722556800062e-05,3832.119018990249,50000.0,0.009999999776482582,0.20589116215705872,1.0
3364,83.18622461425306,2044.6610118536244,2848.9143086695412,50000.0,0.009999999776482582,0.11793743073940277,1.0
3365,62.76236657088266,1.789208383839471e-06,6761.89761038374,50000.0,0.009999999776482582,0.07375246286392212,1.0
3366,53.73371865195897,1.6183942255713142e-05,3848.275186711522,50000.0,0.009999999776482582,0.07432039827108383,1.0
3367,97.49110220847388,2084.0554488476955,2849.7950798518673,50000.0,0.009999999776482582,0.18385644257068634,1.0
3368,76.59245512675923,2045.8912764887866,2849.9415742788706,50000.0,0.009999999776482582,0.11822585761547089,1.0
3369,102.77507598913083,1996.8233806741612,2849.23332703583,50000.0,0.009999999776482582,0.18307135999202728,1.0
3370,87.07728882740831,1.6289648308816083e-06,6777.67188870928,50000.0,0.009999999776482582,0.13893169164657593,1.0
3371,80.82631511651134,1.4741830207338402e-05,3846.6182198719794,50000.0,0.009999999776482582,0.13950684666633606,1.0
3372,57.15421764179099,2086.7709809606417,2852.3031826902047,50000.0,0.009999999776482582,0.05205633491277695,1.0
3373,78.86682145682299,3007.082314893786,2851.917350823965,50000.0,0.009999999776482582,0.09568663686513901,1.0
3374,80.84883831368718,1.3864147981400738e-05,3851.283760313628,50000.0,0.009999999776482582,0.13956910371780396,1.0
3375,108.47496825764523,3659.030592909173,2851.6485619931823,50000.0,0.009999999776482582,0.20488615334033966,1.0
3376,93.77520884287091,2936.938542188185,2850.3529030454242,50000.0,0.009999999776482582,0.16046123206615448,1.0
3377,17.114196605182613,2.455093375385121e-06,6788.450548396896,50000.0,0.009999999776482582,0.008112364448606968,1.0
3378,78.60036397593863,2928.4586550927024,2849.4735170413055,50000.0,0.009999999776482582,0.09373431652784348,1.0
3379,95.64860028592268,1.606897165752917e-05,3832.87489875033,50000.0,0.009999999776482582,0.20597556233406067,1.0
3380,99.19870037780734,2810.3470735832157,2849.0133261749766,50000.0,0.009999999776482582,0.15874497592449188,1.0
3381,74.15867296421918,1.485543371685268e-05,3841.7185163386866,50000.0,0.009999999776482582,0.14037075638771057,1.0
3382,53.807225456441635,1.0005044875488774e-05,3887.2901926127715,50000.0,0.009999999776482582,0.07409200072288513,1.0
3383,93.86307136931988,2665.747643009164,2848.414073494389,50000.0,0.009999999776482582,0.1588527411222458,1.0
3384,56.85512108634863,1927.787447395376,2847.571562126119,50000.0,0.009999999776482582,0.050202179700136185,1.0
3385,82.90280795129397,1998.9746010734345,2847.2347534889445,50000.0,0.009999999776482582,0.11566542088985443,1.0
3386,62.809982258909955,2.5617280962729596e-06,6816.714214236038,50000.0,0.009999999776482582,0.07361900061368942,1.0
3387,56.571786518771376,2102.792752475929,2848.384126354819,50000.0,0.009999999776482582,0.04996275529265404,1.0
3388,53.8107661868524,9.107384725978668e-06,3938.424292935553,50000.0,0.009999999776482582,0.07408366352319717,1.0
3389,80.9476077581895,8.716695945776662e-06,3908.2848752724344,50000.0,0.009999999776482582,0.1395484209060669,1.0
3390,62.785180274137474,2.9828724965559565e-06,6839.734595059845,50000.0,0.009999999776482582,0.07345686852931976,1.0
3391,76.2467255165976,2060.295085934869,2849.0241263580465,50000.0,0.009999999776482582,0.11588692665100098,1.0
3392,76.25962633504427,2020.85916643085,2848.466929955359,50000.0,0.009999999776482582,0.11571807414293289,1.0
3393,78.27439057232974,2808.1001909529223,2847.904701258275,50000.0,0.009999999776482582,0.09131127595901489,1.0
3394,93.2340921845499,2956.2558892868924,2847.3203735727798,50000.0,0.009999999776482582,0.1566825807094574,1.0
3395,91.67859397088766,2065.196977955172,2846.4836132581186,50000.0,0.009999999776482582,0.1809571534395218,1.0
3396,93.35814246818617,2731.3136309146475,2845.68904773007,50000.0,0.009999999776482582,0.15581248700618744,1.0
3397,98.69078896218112,2767.92546759791,2844.8442083148734,50000.0,0.009999999776482582,0.1552579253911972,1.0
3398,97.15186099716004,2080.0590699950917,2844.9724575271375,50000.0,0.009999999776482582,0.1801520586013794,1.0
3399,62.84587113554177,3.137944889737427e-06,6848.942127372942,50000.0,0.009999999776482582,0.07374365627765656,1.0
3400,56.171336517372794,2069.322765989466,2845.846907081367,50000.0,0.009999999776482582,0.0484117716550827,1.0
3401,81.04689498188843,6.2393580732948985e-06,4082.182446887281,50000.0,0.009999999776482582,0.13958114385604858,1.0
3402,56.15438242317087,2058.0279780084816,2846.009638970649,50000.0,0.009999999776482582,0.04831448197364807,1.0
3403,56.0425746943728,2112.1241880526923,2845.733890268365,50000.0,0.009999999776482582,0.048164330422878265,1.0
3404,74.31453277983971,8.006187256203517e-06,3997.2894958594547,50000.0,0.009999999776482582,0.13976217806339264,1.0
3405,62.825868854527435,3.834288116268073e-06,6880.489974987882,50000.0,0.009999999776482582,0.0736563429236412,1.0
3406,62.81744143141768,4.00181440141396e-06,6887.148969141982,50000.0,0.009999999776482582,0.07355061173439026,1.0
3407,91.59892766116123,2061.941420986636,2846.4035947909106,50000.0,0.009999999776482582,0.179789200425148,1.0
3408,111.06205458579231,2731.523328612149,2845.5864639871397,50000.0,0.009999999776482582,0.219510018825531,1.0
3409,81.06902003064627,5.479964561832687e-06,4390.053320353321,50000.0,0.009999999776482582,0.13925865292549133,1.0
3410,81.06524820771924,5.440483521596973e-06,4446.573938772462,50000.0,0.009999999776482582,0.1391284167766571,1.0
3411,93.19121278194864,2629.670224993102,2846.451205158231,50000.0,0.009999999776482582,0.1535901576280594,1.0
3412,16.624603731086633,4.934459306895566e-06,6898.11706535201,50000.0,0.009999999776482582,0.007870335131883621,1.0
3413,74.3688925542233,6.528008926710779e-06,4290.248797495502,50000.0,0.009999999776482582,0.13914728164672852,1.0
3414,53.8766271530743,5.869935133170861e-06,5068.265023892233,50000.0,0.009999999776482582,0.07336296141147614,1.0
3415,81.06510990672265,5.2634241997419395e-06,4889.4566390173895,50000.0,0.009999999776482582,0.13890111446380615,1.0
3416,53.87023441931516,6.024018579150021e-06,5284.199574194559,50000.0,0.009999999776482582,0.0732405036687851,1.0
3417,82.83251603709037,1642.8578412870368,2845.244326656504,50000.0,0.009999999776482582,0.11327849328517914,1.0
3418,53.868740816935265,6.220918959479938e-06,5442.231014750965,50000.0,0.009999999776482582,0.07320675253868103,1.0
3419,97.36512360659935,1704.2013915671168,2845.511690658918,50000.0,0.009999999776482582,0.1785123497247696,1.0
3420,53.87231071415201,6.3230917847681804e-06,5635.140501809813,50000.0,0.009999999776482582,0.07311604171991348,1.0
3421,113.46120751349405,3.977908132332969e-06,3747.644844620892,50000.0,0.009999999776482582,0.26930782198905945,1.0
3422,76.3947633628036,1568.220297791601,2846.4177974530285,50000.0,0.009999999776482582,0.11289696395397186,1.0
3423,76.32537720066286,1612.02692440798,2846.0156218460343,50000.0,0.009999999776482582,0.11273600906133652,1.0
3424,82.76850648016888,1646.913620339405,2845.5488124976127,50000.0,0.009999999776482582,0.1128648892045021,1.0
3425,101.2164091901705,4.306794453725875e-06,5222.572355714691,50000.0,0.009999999776482582,0.20367372035980225,1.0
3426,62.74571100403642,6.228836199820904e-06,6958.243596292461,50000.0,0.009999999776482582,0.07293397933244705,1.0
3427,101.20610752491692,4.453568304356521e-06,5319.0190682945595,50000.0,0.009999999776482582,0.20312905311584473,1.0
3428,74.44760379775875,6.272653198211233e-06,5395.291520444291,50000.0,0.009999999776482582,0.13804200291633606,1.0
3429,62.717949538247844,6.756744668289773e-06,6971.296977250525,50000.0,0.009999999776482582,0.07266716659069061,1.0
3430,101.1896914335817,4.62327639274519e-06,5584.516854306592,50000.0,0.009999999776482582,0.2025100290775299,1.0
3431,82.8955810060666,1559.575537639444,2850.2310114796005,50000.0,0.009999999776482582,0.11241788417100906,1.0
3432,74.46734908590321,6.607221276118856e-06,5688.4673774889725,50000.0,0.009999999776482582,0.13786309957504272,1.0
3433,78.35946756959527,2207.014399365485,2850.284265229468,50000.0,0.009999999776482582,0.08761264383792877,1.0
3434,53.90376916578421,7.730713794937708e-06,6503.52911904396,50000.0,0.009999999776482582,0.07268422842025757,1.0
3435,56.26632838439959,1726.34192710035,2849.686871448887,50000.0,0.009999999776482582,0.047360826283693314,1.0
3436,82.55647054470927,1826.190386270769,2849.4557854978766,50000.0,0.009999999776482582,0.11203144490718842,1.0
3437,16.164156078461602,9.426596804442953e-06,7002.989324835839,50000.0,0.009999999776482582,0.007631827611476183,1.0
3438,102.3047890557581,1943.2931600602308,2849.8880364326155,50000.0,0.009999999776482582,0.17663662135601044,1.0
3439,81.09689585037479,7.279238948252863e-06,6503.623658901106,50000.0,0.009999999776482582,0.13733601570129395,1.0
3440,77.337701268872,2790.7260228725,2851.5032316792126,50000.0,0.009999999776482582,0.0865640938282013,1.0
3441,55.6275642955579,2091.855896282133,2851.0626042677745,50000.0,0.009999999776482582,0.046803925186395645,1.0
3442,118.76229158752459,2140.621270669253,2850.7217685037103,50000.0,0.009999999776482582,0.2406570464372635,1.0
3443,102.07675793131118,2227.1943107456273,2852.5279226675148,50000.0,0.009999999776482582,0.17548975348472595,1.0
3444,76.60171145689526,3231.5509299494584,2853.7086998245713,50000.0,0.009999999776482582,0.08557001501321793,1.0
3445,62.73151672146895,8.912089367361986e-06,7017.791444623401,50000.0,0.009999999776482582,0.07195848226547241,1.0
3446,81.14699852395391,7.773156554469372e-06,6614.77344161678,50000.0,0.009999999776482582,0.13718627393245697,1.0
3447,96.87899816728371,2267.8229406881674,2854.2687669038046,50000.0,0.009999999776482582,0.17586123943328857,1.0
3448,96.92068024005944,2195.3117420717613,2854.420106764426,50000.0,0.009999999776482582,0.1757131665945053,1.0
3449,75.6580647430883,2140.1790577035003,2854.631084900197,50000.0,0.009999999776482582,0.1114715039730072,1.0
3450,75.68490424342585,2082.5145710012366,2854.15000558662,50000.0,0.009999999776482582,0.11130733788013458,1.0
3451,82.1811449588345,2033.7102174272213,2853.6326868217293,50000.0,0.009999999776482582,0.11018937826156616,1.0
3452,74.61173963782514,8.349049409947978e-06,6587.1118458973415,50000.0,0.009999999776482582,0.13796241581439972,1.0
3453,76.93176248229884,2745.405092154127,2853.6302723333806,50000.0,0.009999999776482582,0.08428476750850677,1.0
3454,91.49754838952225,2077.019037025997,2853.29567977237,50000.0,0.009999999776482582,0.17587825655937195,1.0
3455,53.97592234833409,1.0358766452373787e-05,6932.786105997567,50000.0,0.009999999776482582,0.07256637513637543,1.0
3456,55.536377146140744,1869.899273119126,2852.3198113635017,50000.0,0.009999999776482582,0.045560117810964584,1.0
3457,53.9694390986311,1.1103290311411702e-05,6967.520540525442,50000.0,0.009999999776482582,0.07250562310218811,1.0
3458,101.34991769255963,6.746624305786264e-06,6843.417459606047,50000.0,0.009999999776482582,0.20119723677635193,1.0
3459,62.70351459723374,1.1634028996617355e-05,7063.57098146934,50000.0,0.009999999776482582,0.07171352207660675,1.0
3460,75.77346880756296,1883.2285999021374,2853.6839345863536,50000.0,0.009999999776482582,0.11046995222568512,1.0
3461,82.20333891443553,1875.5658565248032,2853.20888131979,50000.0,0.009999999776482582,0.10959436744451523,1.0
3462,55.3266548805843,1973.0664150395758,2853.752269887568,50000.0,0.009999999776482582,0.04533218964934349,1.0
3463,92.20776002407024,2893.8631836692366,2853.603954864755,50000.0,0.009999999776482582,0.14785556495189667,1.0
3464,76.31121320283602,2889.557496674538,2852.9788548430674,50000.0,0.009999999776482582,0.08241156488656998,1.0
3465,74.69506727450059,1.0452424024155143e-05,6949.167317507381,50000.0,0.009999999776482582,0.13742350041866302,1.0
3466,96.88198592203325,1975.037492215616,2852.118969832533,50000.0,0.009999999776482582,0.1738954484462738,1.0
3467,15.824355198503214,1.5082731708515347e-05,7084.565897411069,50000.0,0.009999999776482582,0.0074700783006846905,1.0
3468,96.25215272049483,8.051912242687883e-06,6919.247587599883,50000.0,0.009999999776482582,0.20140224695205688,1.0
3469,62.703218563635254,1.397139246311297e-05,7095.84563998519,50000.0,0.009999999776482582,0.07166982442140579,1.0
3470,97.68015554565649,2644.371825266044,2853.1783824061854,50000.0,0.009999999776482582,0.14615477621555328,1.0
3471,81.24127345492424,1.1738860436627425e-05,7062.805117201274,50000.0,0.009999999776482582,0.13635675609111786,1.0
3472,81.23646195771086,1.2035717754374945e-05,7070.759907933148,50000.0,0.009999999776482582,0.13622349500656128,1.0
3473,82.00969583623485,1914.2227780418075,2854.3898274479056,50000.0,0.009999999776482582,0.10855457186698914,1.0
3474,106.28304565851984,8.83141004003851e-06,7110.9581075358265,50000.0,0.009999999776482582,0.19908908009529114,1.0
3475,101.92275430618163,2055.668968184769,2856.848669284622,50000.0,0.009999999776482582,0.17183537781238556,1.0
3476,54.88891333283389,2136.8289938501584,2858.086444090047,50000.0,0.009999999776482582,0.04457172378897667,1.0
3477,81.7589423603745,2180.053550798825,2857.8671010534863,50000.0,0.009999999776482582,0.10792545974254608,1.0
3478,15.67966311536119,1.8350039964077683e-05,7118.432579790469,50000.0,0.009999999776482582,0.007401193957775831,1.0
3479,75.23752173305634,2257.150389078926,2858.4223619688573,50000.0,0.009999999776482582,0.10928086936473846,1.0
3480,91.74513799958979,3076.2186170889577,2857.953272186935,50000.0,0.009999999776482582,0.14595159888267517,1.0
3481,114.5057709530888,2998.5920052281667,2857.224837561051,50000.0,0.009999999776482582,0.20770587027072906,1.0
3482,96.62642240549552,2214.946185035471,2858.236244232781,50000.0,0.009999999776482582,0.17221780121326447,1.0
3483,15.661541748199664,1.8837503384843428e-05,7123.592020761388,50000.0,0.009999999776482582,0.007395497523248196,1.0
3484,54.045683796902104,1.720213168455624e-05,7120.661018939004,50000.0,0.009999999776482582,0.0723208636045456,1.0
3485,87.26960572805112,1.4621521651684701e-05,7139.475750929727,50000.0,0.009999999776482582,0.1342175453901291,1.0
3486,91.31369199576756,2150.225708556134,2859.578574598717,50000.0,0.009999999776482582,0.1736345887184143,1.0
3487,96.76990398062038,1994.8712515700638,2858.8136929380303,50000.0,0.009999999776482582,0.17180666327476501,1.0
3488,96.36966120288315,1.0636887088937859e-05,7097.458890611647,50000.0,0.009999999776482582,0.2001882791519165,1.0
3489,81.90261906778196,1833.9507658957282,2859.1655292954797,50000.0,0.009999999776482582,0.10687094181776047,1.0
3490,106.28713811488386,1.0888581867618029e-05,7148.251723093245,50000.0,0.009999999776482582,0.19670605659484863,1.0
3491,96.79022954718366,1986.9939304869943,2861.664865272381,50000.0,0.009999999776482582,0.17132973670959473,1.0
3492,62.651102527074116,1.8953509038599253e-05,7149.482617272564,50000.0,0.009999999776482582,0.07012644410133362,1.0
3493,81.28244870942007,1.6064359879752135e-05,7146.705649384753,50000.0,0.009999999776482582,0.13480523228645325,1.0
3494,114.26629534802724,1949.5855969473255,2862.9174615480424,50000.0,0.009999999776482582,0.2336810827255249,1.0
3495,81.78978734690445,1953.0727945557185,2863.8323095151563,50000.0,0.009999999776482582,0.10615224391222,1.0
3496,62.628207609933696,2.0092258187635402e-05,7159.664750284753,50000.0,0.009999999776482582,0.06972900778055191,1.0
3497,81.6755235842407,2071.7251053751943,2865.015901339689,50000.0,0.009999999776482582,0.10593631118535995,1.0
3498,54.0921536934464,2.106322926583848e-05,7163.472889032189,50000.0,0.009999999776482582,0.072147898375988,1.0
3499,75.32057114436053,2070.287344744305,2865.3181733007195,50000.0,0.009999999776482582,0.10831786692142487,1.0
3500,87.1931684659045,1.815399547232555e-05,7177.649812029284,50000.0,0.009999999776482582,0.131927028298378,1.0
3501,54.63011716414106,2074.5002976950113,2866.1959656689787,50000.0,0.009999999776482582,0.04349150508642197,1.0
3502,114.32829504555714,3009.9042965066237,2865.964307947255,50000.0,0.009999999776482582,0.20378531515598297,1.0
3503,101.58175289329029,2225.216419959141,2866.921596633554,50000.0,0.009999999776482582,0.167279914021492,1.0
3504,96.53106574180723,2283.1989625984834,2868.0988709875705,50000.0,0.009999999776482582,0.16996462643146515,1.0
3505,81.31250811919693,1.842047802533858e-05,7175.479461738214,50000.0,0.009999999776482582,0.1340377926826477,1.0
3506,75.42135508064146,3029.025227776548,2868.6846525855135,50000.0,0.009999999776482582,0.07894562184810638,1.0
3507,96.47024309351805,1.3381223668506225e-05,7168.774185113577,50000.0,0.009999999776482582,0.19892345368862152,1.0
3508,91.60832837467574,2902.1540557458993,2868.484830623684,50000.0,0.009999999776482582,0.1433725655078888,1.0
3509,75.36455393717705,2903.6911549819188,2867.937037587412,50000.0,0.009999999776482582,0.07810526341199875,1.0
3510,62.63002712412474,2.3262019295686538e-05,7186.678806605568,50000.0,0.009999999776482582,0.06919407844543457,1.0
3511,54.15045101575233,2185.7191325912586,2868.337814367635,50000.0,0.009999999776482582,0.04246700927615166,1.0
3512,74.8910226892703,3142.4650782412855,2868.203977571014,50000.0,0.009999999776482582,0.07741835713386536,1.0
3513,15.355315351216946,2.8509284797870465e-05,7198.1426537213465,50000.0,0.009999999776482582,0.0072525879368186,1.0
3514,101.38965270763117,2281.7854049735724,2867.8587727985578,50000.0,0.009999999776482582,0.16595283150672913,1.0
3515,90.69308075073204,4017.521252191583,2869.041411634735,50000.0,0.009999999776482582,0.11160518229007721,1.0
3516,101.32150293018434,2303.8976137916693,2868.4381462502247,50000.0,0.009999999776482582,0.16543082892894745,1.0
3517,91.00070559177534,2343.910886508489,2869.6391733139253,50000.0,0.009999999776482582,0.171773299574852,1.0
3518,96.57593638743722,1.4580668516237144e-05,7194.104193114454,50000.0,0.009999999776482582,0.19893978536128998,1.0
3519,109.6279714876056,1976.1514265688998,2868.9316019006906,50000.0,0.009999999776482582,0.23297998309135437,1.0
3520,62.634842451947925,2.528953166986895e-05,7202.569713447165,50000.0,0.009999999776482582,0.06891601532697678,1.0
3521,81.3901277452837,2.1403261227694032e-05,7207.414425202006,50000.0,0.009999999776482582,0.13357657194137573,1.0
3522,96.62733499087808,1844.659670509352,2869.888200166821,50000.0,0.009999999776482582,0.16783757507801056,1.0
3523,75.14921077239562,1855.239606108557,2870.196028353965,50000.0,0.009999999776482582,0.10626032203435898,1.0
3524,96.59265966417603,1854.9290179828924,2869.7900927589462,50000.0,0.009999999776482582,0.16759440302848816,1.0
3525,91.32184922322331,3219.9425316737297,2870.0739375091284,50000.0,0.009999999776482582,0.10969895124435425,1.0
3526,81.42566303067275,2.190996371227935e-05,7212.5534191096685,50000.0,0.009999999776482582,0.13346914947032928,1.0
3527,15.280517253519946,3.168075821963226e-05,7217.93262938904,50000.0,0.009999999776482582,0.007221334148198366,1.0
3528,53.82016873789827,2040.6939565576345,2870.2242674554195,50000.0,0.009999999776482582,0.04105814918875694,1.0
3529,122.43430686764329,0.0,inf,50000.0,0.009999999776482582,0.25318068265914917,1.0
3530,96.32230153705225,2162.5085451262694,2872.52250176899,50000.0,0.009999999776482582,0.16693581640720367,1.0
3531,74.44549537720901,2985.3186023631743,2872.7556204332564,50000.0,0.009999999776482582,0.07483743131160736,1.0
3532,81.42814532519537,2.401953252531612e-05,7229.633042580042,50000.0,0.009999999776482582,0.13308244943618774,1.0
3533,81.42089227437803,2.459986565572868e-05,7234.003866120665,50000.0,0.009999999776482582,0.1329408884048462,1.0
3534,53.74394204081991,2057.6387333398,2873.2272019588786,50000.0,0.009999999776482582,0.040872495621442795,1.0
3535,96.64983664427125,1.827533127959784e-05,7241.618990813067,50000.0,0.009999999776482582,0.19755008816719055,1.0
3536,81.14783621320954,1958.311771291384,2873.168891750808,50000.0,0.009999999776482582,0.10172151774168015,1.0
3537,54.248821133037225,3.2382439524950767e-05,7247.950744281087,50000.0,0.009999999776482582,0.07178767770528793,1.0
3538,62.56492730170565,3.361115661231511e-05,7255.048523865332,50000.0,0.009999999776482582,0.06800602376461029,1.0
3539,53.772881163100344,2000.588396467487,2874.1134366090414,50000.0,0.009999999776482582,0.04076246917247772,1.0
3540,95.98103255741472,2924.037644302153,2873.9834684816833,50000.0,0.009999999776482582,0.1349526345729828,1.0
3541,95.75927824331563,3070.883263334118,2874.3599495915696,50000.0,0.009999999776482582,0.13452370464801788,1.0
3542,87.19864397439186,2.8407534264788783e-05,7261.554540221401,50000.0,0.009999999776482582,0.1286185383796692,1.0
3543,96.12528657544803,2284.593302367269,2875.9399545056103,50000.0,0.009999999776482582,0.16562221944332123,1.0
3544,62.557627147203895,3.545194750442706e-05,7265.2063483725315,50000.0,0.009999999776482582,0.06761914491653442,1.0
3545,53.305935328106436,2238.1163419163186,2876.768839139092,50000.0,0.009999999776482582,0.040277764201164246,1.0
3546,62.549481783006186,3.752397127935541e-05,7275.937474235382,50000.0,0.009999999776482582,0.06753713637590408,1.0
3547,101.56567415488801,2.2441616837386122e-05,7281.490200221798,50000.0,0.009999999776482582,0.19256004691123962,1.0
3548,81.41559836615774,3.201320469355717e-05,7283.480629323884,50000.0,0.009999999776482582,0.13200625777244568,1.0
3549,96.68275783132994,2.318491472340175e-05,7287.122036531391,50000.0,0.009999999776482582,0.19658786058425903,1.0
3550,14.983938651288396,4.6828179102831964e-05,7290.372355373925,50000.0,0.009999999776482582,0.007076376583427191,1.0
3551,75.26807081529896,3.475214336879039e-05,7298.864833918303,50000.0,0.009999999776482582,0.13628791272640228,1.0
3552,96.1777260965431,2644.14970238677,2878.077688208165,50000.0,0.009999999776482582,0.13375632464885712,1.0
3553,91.59768192094678,2.499339466820431e-05,7301.573038572928,50000.0,0.009999999776482582,0.20069462060928345,1.0
3554,74.98624247191282,1796.7751822834641,2877.7887867863124,50000.0,0.009999999776482582,0.10459844768047333,1.0
3555,53.79792442360402,1805.2668787203643,2877.4568435620404,50000.0,0.009999999776482582,0.0401364341378212,1.0
3556,14.893294109085312,5.27103500902184e-05,7313.208129387836,50000.0,0.009999999776482582,0.007029948756098747,1.0
3557,53.58876454324924,1917.4233090647422,2877.436539791703,50000.0,0.009999999776482582,0.039999231696128845,1.0
3558,14.838369326729367,5.652421500605335e-05,7326.75539658361,50000.0,0.009999999776482582,0.007001678459346294,1.0
3559,81.40888780463504,4.189439817978342e-05,7335.2864633610025,50000.0,0.009999999776482582,0.13150429725646973,1.0
3560,14.78554106964486,6.04614304742316e-05,7339.667553030809,50000.0,0.009999999776482582,0.006974053103476763,1.0
3561,53.46590982330463,1976.2027173338035,2877.7635240504483,50000.0,0.009999999776482582,0.039897479116916656,1.0
3562,96.19097343896541,2049.091495847445,2877.662045555189,50000.0,0.009999999776482582,0.16423314809799194,1.0
3563,81.40620504182948,4.5888649959366776e-05,7353.0147236917555,50000.0,0.009999999776482582,0.13132420182228088,1.0
3564,14.714971236248132,6.620455380031796e-05,7357.346984289499,50000.0,0.009999999776482582,0.006938196253031492,1.0
3565,74.68576549933249,1984.2140966959716,2878.302322103982,50000.0,0.009999999776482582,0.10403072834014893,1.0
3566,96.71403204341988,3.5175056970961634e-05,7368.535813799614,50000.0,0.009999999776482582,0.1954166293144226,1.0
3567,62.4223919683688,6.154764034954693e-05,7370.924154861536,50000.0,0.009999999776482582,0.06684926897287369,1.0
3568,96.32762322283035,1847.4963417169583,2878.6019326343753,50000.0,0.009999999776482582,0.1637321561574936,1.0
3569,81.38795668464275,5.1944450739034194e-05,7377.112688194473,50000.0,0.009999999776482582,0.13081616163253784,1.0
3570,62.39356678283458,6.493102844288819e-05,7381.249044145478,50000.0,0.009999999776482582,0.06658923625946045,1.0
3571,53.60164609834349,1829.9851259605223,2879.852804586434,50000.0,0.009999999776482582,0.039744459092617035,1.0
3572,62.38532359449402,6.857310362687872e-05,7392.049462677552,50000.0,0.009999999776482582,0.06650721281766891,1.0
3573,81.3723685352803,5.778856106436727e-05,7398.017828481768,50000.0,0.009999999776482582,0.13054999709129333,1.0
3574,80.86732680532766,1892.787731528426,2880.723058862853,50000.0,0.009999999776482582,0.09915152192115784,1.0
3575,106.03376510567047,4.2196663407682766e-05,7403.8997283201825,50000.0,0.009999999776482582,0.18501678109169006,1.0
3576,54.26071055267705,7.332403862139962e-05,7404.957496445954,50000.0,0.009999999776482582,0.07104557752609253,1.0
3577,104.69902989421101,2797.8344978145274,2882.8871678671107,50000.0,0.009999999776482582,0.20091161131858826,1.0
3578,86.95588409185704,6.094820627312242e-05,7408.310830984794,50000.0,0.009999999776482582,0.12522894144058228,1.0
3579,80.76706187569305,1959.677453756412,2883.2992062858225,50000.0,0.009999999776482582,0.09859535098075867,1.0
3580,96.14273400850303,2049.9691535181655,2883.825667779963,50000.0,0.009999999776482582,0.16257551312446594,1.0
3581,14.492272196952635,8.847187787364674e-05,7413.948381105233,50000.0,0.009999999776482582,0.006827377714216709,1.0
3582,54.27391967453245,8.00481863507052e-05,7422.538775473216,50000.0,0.009999999776482582,0.07091288268566132,1.0
3583,74.68229588535239,1979.251444807709,2883.877505720743,50000.0,0.009999999776482582,0.10348739475011826,1.0
3584,105.96638716413928,4.848500483356652e-05,7431.565439563544,50000.0,0.009999999776482582,0.1836215853691101,1.0
3585,81.34204526950175,6.884382119085522e-05,7432.475962948322,50000.0,0.009999999776482582,0.12948466837406158,1.0
3586,53.350575180616296,1961.5024575908715,2885.6819570043936,50000.0,0.009999999776482582,0.03949609398841858,1.0
3587,74.63027119240654,2037.0056147027203,2885.6087799773595,50000.0,0.009999999776482582,0.10340327024459839,1.0
3588,96.73043107722968,5.150533554614088e-05,7443.7940368335885,50000.0,0.009999999776482582,0.1933765411376953,1.0
3589,53.41297563422869,1861.2676852236348,2885.2995453432563,50000.0,0.009999999776482582,0.03933323174715042,1.0
3590,96.15586689800637,1948.9503665976558,2885.210532363715,50000.0,0.009999999776482582,0.16170634329319,1.0
3591,96.14488827013204,1947.6822083768202,2885.453241059262,50000.0,0.009999999776482582,0.16156013309955597,1.0
3592,53.20292267294926,1944.0878321781804,2885.7301146538425,50000.0,0.009999999776482582,0.03908295929431915,1.0
3593,81.35359829702057,7.703512452271116e-05,7455.479415693332,50000.0,0.009999999776482582,0.12913435697555542,1.0
3594,95.46686541467757,2772.95087938004,2885.9616403989908,50000.0,0.009999999776482582,0.12971238791942596,1.0
3595,52.8909341015794,2104.520544870826,2886.462915592739,50000.0,0.009999999776482582,0.03881807252764702,1.0
3596,96.77078834870582,5.625831150423077e-05,7461.982568172152,50000.0,0.009999999776482582,0.19296208024024963,1.0
3597,90.31708831074795,2833.011242702798,2886.450940404447,50000.0,0.009999999776482582,0.13457150757312775,1.0
3598,52.87611281036538,2024.9152035924478,2886.062371795121,50000.0,0.009999999776482582,0.038551103323698044,1.0
3599,75.47445460157083,8.155295808651187e-05,7467.578450710052,50000.0,0.009999999776482582,0.1342758685350418,1.0
3600,81.3704899111289,8.351031884343288e-05,7472.310073248179,50000.0,0.009999999776482582,0.12886042892932892,1.0
3601,86.85063345231559,8.520285415376038e-05,7476.203547993439,50000.0,0.009999999776482582,0.12352661788463593,1.0
3602,96.77392103892495,6.133133026312513e-05,7479.57395865851,50000.0,0.009999999776482582,0.19218756258487701,1.0
3603,81.34103301529906,8.762770990750033e-05,7481.760595262855,50000.0,0.009999999776482582,0.12835822999477386,1.0
3604,14.217862888005076,0.0001261775806703382,7485.881718280469,50000.0,0.009999999776482582,0.006689716596156359,1.0
3605,74.75570171019255,1751.537003048483,2887.3893033897457,50000.0,0.009999999776482582,0.10215814411640167,1.0
3606,54.31259412659577,0.00011546745277147107,7497.195387921171,50000.0,0.009999999776482582,0.07011737674474716,1.0
3607,74.04804426762034,2415.028795395402,2886.864531174699,50000.0,0.009999999776482582,0.07048603147268295,1.0
3608,80.44213899358277,1896.6940235900988,2886.8584934602545,50000.0,0.009999999776482582,0.09651527553796768,1.0
3609,14.13988042357181,0.00013938787937348276,7506.794181391534,50000.0,0.009999999776482582,0.006650546099990606,1.0
3610,80.32404807187575,2004.46011008556,2887.4608493489613,50000.0,0.009999999776482582,0.0963602066040039,1.0
3611,103.28256429311918,3603.8868274554975,2888.067073345474,50000.0,0.009999999776482582,0.1647600680589676,1.0
3612,89.76774865705033,2988.301025119063,2887.6392995003243,50000.0,0.009999999776482582,0.1325703263282776,1.0
3613,52.39702976273405,2094.964050386513,2887.2795155669032,50000.0,0.009999999776482582,0.03765648230910301,1.0
3614,54.34027668658428,0.00012505595889147333,7514.679687081003,50000.0,0.009999999776482582,0.0701238289475441,1.0
3615,74.1364858799815,2076.543050814125,2887.02416296809,50000.0,0.009999999776482582,0.10096757113933563,1.0
3616,14.079014694313711,0.00015071691238763125,7523.945535208097,50000.0,0.009999999776482582,0.0066216071136295795,1.0
3617,105.90357830047158,7.863296799901558e-05,7531.939347866753,50000.0,0.009999999776482582,0.18157555162906647,1.0
3618,72.68400418762475,2966.9976687333647,2888.4765746624153,50000.0,0.009999999776482582,0.06847967207431793,1.0
3619,73.9936939754536,2181.6485565496264,2888.4873480454585,50000.0,0.009999999776482582,0.10079256445169449,1.0
3620,52.177863242863104,2118.5762678558217,2888.1692396953968,50000.0,0.009999999776482582,0.03722705692052841,1.0
3621,54.3441873979553,0.00014108806860769178,7540.285468208823,50000.0,0.009999999776482582,0.0700320303440094,1.0
3622,95.6546303012911,2093.2380063532687,2887.8840238158637,50000.0,0.009999999776482582,0.15866732597351074,1.0
3623,96.86442891119196,8.417680197714302e-05,7546.714759965332,50000.0,0.009999999776482582,0.19138312339782715,1.0
3624,72.77766389312461,2698.736162454837,2888.1648040993573,50000.0,0.009999999776482582,0.06766781210899353,1.0
3625,81.40104216876118,0.00012050700403723183,7549.584098519752,50000.0,0.009999999776482582,0.1279427707195282,1.0
3626,13.96883247690348,0.00017349109699159613,7553.763539658084,50000.0,0.009999999776482582,0.006567018572241068,1.0
3627,62.168448222381606,0.00015637841849307807,7561.966585039371,50000.0,0.009999999776482582,0.06456086784601212,1.0
3628,62.15434910308993,0.00016075197561421257,7567.74387951066,50000.0,0.009999999776482582,0.06444860249757767,1.0
3629,79.9299870786137,2054.193773735392,2889.7061523395637,50000.0,0.009999999776482582,0.09480173140764236,1.0
3630,54.34605304717776,0.00016660382793880633,7575.4161410870865,50000.0,0.009999999776482582,0.06983064860105515,1.0
3631,81.36860149222682,0.00014035281244646286,7581.809751963444,50000.0,0.009999999776482582,0.12750832736492157,1.0
3632,74.08942733243306,1989.8032465264998,2890.3589274581177,50000.0,0.009999999776482582,0.1001649871468544,1.0
3633,75.59500754476124,0.00014473580655312046,7588.538682489638,50000.0,0.009999999776482582,0.13280577957630157,1.0
3634,13.820337898450259,0.0002088941268587283,7593.310812809609,50000.0,0.009999999776482582,0.006489773280918598,1.0
3635,96.85357975498493,0.00010877709888506106,7601.401688845967,50000.0,0.009999999776482582,0.19027185440063477,1.0
3636,96.84782864338911,0.00010993240217315652,7603.563326839876,50000.0,0.009999999776482582,0.18997326493263245,1.0
3637,80.31240581400719,1596.1152774355223,2889.4939221032732,50000.0,0.009999999776482582,0.09458301961421967,1.0
3638,74.35645660517255,1713.266404841274,2890.224614447246,50000.0,0.009999999776482582,0.09978406876325607,1.0
3639,54.34263515083547,0.00019638059813552487,7610.7172830621075,50000.0,0.009999999776482582,0.06926777213811874,1.0
3640,113.38750013361654,1681.144624025011,2889.694684988371,50000.0,0.009999999776482582,0.2147214412689209,1.0
3641,94.8240781756997,2429.386400548606,2890.6388658974547,50000.0,0.009999999776482582,0.12458627671003342,1.0
3642,105.71319702215587,0.00011488063124191404,7612.7179376586855,50000.0,0.009999999776482582,0.17853426933288574,1.0
3643,13.746720638396955,0.00023015765383556854,7613.710226485545,50000.0,0.009999999776482582,0.006454117130488157,1.0
3644,72.4865388019519,2775.7770127830804,2893.1020340638825,50000.0,0.009999999776482582,0.06702210754156113,1.0
3645,95.51350531992028,2082.6021021667852,2893.16914382621,50000.0,0.009999999776482582,0.15651953220367432,1.0
3646,51.93076304785249,2048.000679851091,2893.4793612940457,50000.0,0.009999999776482582,0.03645903244614601,1.0
3647,92.16542259184592,0.00012231268237108245,7626.765980768669,50000.0,0.009999999776482582,0.19505010545253754,1.0
3648,54.37081585428588,0.00021443147491336981,7629.79014044819,50000.0,0.009999999776482582,0.06909924000501633,1.0
3649,86.63699050575767,0.00018043160543830292,7635.953621398041,50000.0,0.009999999776482582,0.12069130688905716,1.0
3650,72.55956458688115,2598.955142680316,2893.507089152298,50000.0,0.009999999776482582,0.06650502234697342,1.0
3651,62.00982517264789,0.00022470866361095983,7639.913648634234,50000.0,0.009999999776482582,0.06340320408344269,1.0
3652,107.82591037130491,2852.193490676187,2894.20830034069,50000.0,0.009999999776482582,0.18574711680412292,1.0
3653,95.45122046152294,2039.393505085904,2894.5568701484735,50000.0,0.009999999776482582,0.15566986799240112,1.0
3654,81.33602865621826,0.00018511713962673495,7641.65162841942,50000.0,0.009999999776482582,0.12586918473243713,1.0
3655,113.03087908652654,1956.21239611193,2895.0618052831946,50000.0,0.009999999776482582,0.2121363878250122,1.0
3656,95.49379123730378,1954.7735960542873,2895.936760534136,50000.0,0.009999999776482582,0.15522463619709015,1.0
3657,96.88743819555512,0.0001320042311229183,7643.039931445373,50000.0,0.009999999776482582,0.18803071975708008,1.0
3658,79.77080539875688,1810.9672484327662,2896.193106950001,50000.0,0.009999999776482582,0.09248172491788864,1.0
3659,13.62867421744652,0.0002683871697649225,7647.238725699567,50000.0,0.009999999776482582,0.0063974508084356785,1.0
3660,95.4912862432915,1923.284893853113,2896.8717708659256,50000.0,0.009999999776482582,0.15482930839061737,1.0
3661,61.92363099361125,0.00024150913389869578,7655.37897744666,50000.0,0.009999999776482582,0.06265371292829514,1.0
3662,101.27863097504365,0.0001433391144121776,7660.872654834634,50000.0,0.009999999776482582,0.18120139837265015,1.0
3663,105.0229553929959,1904.4587011987328,2898.5853757311,50000.0,0.009999999776482582,0.22342470288276672,1.0
3664,61.88464045962691,0.000248480491453998,7661.426332388519,50000.0,0.009999999776482582,0.062409400939941406,1.0
3665,89.5959346923126,2496.1341007213355,2898.3148271320038,50000.0,0.009999999776482582,0.12796050310134888,1.0
3666,54.426879768180775,0.0002536528804746229,7666.195834265178,50000.0,0.009999999776482582,0.06863909214735031,1.0
3667,61.87701603727814,0.00026107823550768007,7672.4996424944175,50000.0,0.009999999776482582,0.062374770641326904,1.0
3668,79.65523222543517,1818.8273570084693,2898.479042503296,50000.0,0.009999999776482582,0.09176803380250931,1.0
3669,61.85607407889826,0.00027010010138755445,7679.960921223931,50000.0,0.009999999776482582,0.06218688562512398,1.0
3670,96.87156648497624,0.00016024155531104372,7685.5483541500125,50000.0,0.009999999776482582,0.18665170669555664,1.0
3671,81.25475469261515,0.00022859725896498708,7687.58533265646,50000.0,0.009999999776482582,0.12416777014732361,1.0
3672,95.56008439833005,1760.8709587598696,2899.8977926672205,50000.0,0.009999999776482582,0.1536085158586502,1.0
3673,54.42960824431519,0.00028492583959388454,7691.695902808601,50000.0,0.009999999776482582,0.06842043250799179,1.0
3674,13.4455261434996,0.00033811998922895304,7698.057008800306,50000.0,0.009999999776482582,0.006303640082478523,1.0
3675,110.28116521406375,6.0569699034110815e-09,3546.309418350589,50000.0,0.009999999776482582,0.24796222150325775,1.0
3676,96.84473986123835,0.0001759509123163825,7706.257509874064,50000.0,0.009999999776482582,0.1855011284351349,1.0
3677,86.29893659747506,0.00025095483220757115,7708.13191613069,50000.0,0.009999999776482582,0.11704488098621368,1.0
3678,91.23704331706209,1500.5427792340818,2900.845619785845,50000.0,0.009999999776482582,0.15964536368846893,1.0
3679,86.26794591630895,0.0002556857898030262,7712.196630150231,50000.0,0.009999999776482582,0.1167314425110817,1.0
3680,54.43060876808597,0.0003173472554308705,7715.44098846947,50000.0,0.009999999776482582,0.06800460070371628,1.0
3681,52.569555589048655,1468.6578859019453,2901.2439329879016,50000.0,0.009999999776482582,0.036024440079927444,1.0
3682,13.344267077919337,0.00038403235758432204,7726.38877034965,50000.0,0.009999999776482582,0.00625084200873971,1.0
3683,88.64756635021779,2759.9300694856984,2901.419332955116,50000.0,0.009999999776482582,0.09522911161184311,1.0
3684,71.95279789910845,2682.9487496129323,2901.8167595846317,50000.0,0.009999999776482582,0.06493327766656876,1.0
3685,61.73797851689722,0.00034183372898378956,7732.989294736452,50000.0,0.009999999776482582,0.06146647408604622,1.0
3686,51.44235244674614,2061.2037067378174,2902.547260916567,50000.0,0.009999999776482582,0.03540767729282379,1.0
3687,92.39440819026804,0.00020655492017511464,7743.674716063816,50000.0,0.009999999776482582,0.19167888164520264,1.0
3688,81.21331076654808,0.00029571525294743155,7746.780977845663,50000.0,0.009999999776482582,0.12302699685096741,1.0
3689,13.265349660337716,0.00042496244306278235,7750.892893599566,50000.0,0.009999999776482582,0.006212519947439432,1.0
3690,81.19909926298511,0.0003122326165565795,7759.05756965879,50000.0,0.009999999776482582,0.12287531793117523,1.0
3691,54.42300394748027,0.0003888852669298846,7763.094424953036,50000.0,0.009999999776482582,0.06772448867559433,1.0
3692,103.81942909404505,2477.7044360113955,2902.072142355502,50000.0,0.009999999776482582,0.1876000463962555,1.0
3693,54.42598928671843,0.0003949331728366755,7766.906106408848,50000.0,0.009999999776482582,0.06756741553544998,1.0
3694,72.08937370523854,2427.8766678396946,2901.4655576110736,50000.0,0.009999999776482582,0.06431782990694046,1.0
3695,81.20856363473295,0.00033325817102683583,7773.96150029456,50000.0,0.009999999776482582,0.12270630896091461,1.0
3696,51.55962517119699,1845.6450852329306,2901.9613814871823,50000.0,0.009999999776482582,0.03508152812719345,1.0
3697,79.20529218555039,1925.9609526019847,2901.9929868473755,50000.0,0.009999999776482582,0.09009116888046265,1.0
3698,95.12155667333232,2007.9993722322936,2902.599992329318,50000.0,0.009999999776482582,0.15130850672721863,1.0
3699,71.2785366913248,2816.038218052352,2902.9164529988416,50000.0,0.009999999776482582,0.06354118138551712,1.0
3700,13.149177521171735,0.0004928153710599745,7784.1013539270025,50000.0,0.009999999776482582,0.006157533265650272,1.0
3701,50.98442787057106,2116.5945151966703,2903.0055847964904,50000.0,0.009999999776482582,0.03463989868760109,1.0
3702,88.2979675727565,3056.321722821347,2903.0267820925437,50000.0,0.009999999776482582,0.12432220578193665,1.0
3703,90.37169128902231,2128.8283817217675,2902.720884742195,50000.0,0.009999999776482582,0.15705493092536926,1.0
3704,94.99212759247494,1996.21887912033,2902.102902182826,50000.0,0.009999999776482582,0.1507035344839096,1.0
3705,101.15600337366156,0.00025971081270306453,7794.9021586981935,50000.0,0.009999999776482582,0.1775873601436615,1.0
3706,54.45055113986241,0.0004522095548201345,7796.394477860682,50000.0,0.009999999776482582,0.06730926036834717,1.0
3707,81.20768897290836,0.0003804570942394014,7802.2368932012505,50000.0,0.009999999776482582,0.12217026948928833,1.0
3708,73.60487584012616,1824.6818767280822,2903.264318056083,50000.0,0.009999999776482582,0.09541055560112,1.0
3709,51.17429518360421,1829.9656628436774,2903.043709054087,50000.0,0.009999999776482582,0.03425673767924309,1.0
3710,95.0060983082908,1912.8361860885302,2903.085063684388,50000.0,0.009999999776482582,0.15010541677474976,1.0
3711,105.15847667807844,0.0002826994415206061,7812.330095418888,50000.0,0.009999999776482582,0.17064741253852844,1.0
3712,50.99125058488654,1947.6161308698565,2905.029793928116,50000.0,0.009999999776482582,0.03419411554932594,1.0
3713,96.88653943663437,0.0002890324295459655,7817.0221720144855,50000.0,0.009999999776482582,0.18280673027038574,1.0
3714,61.58632051054584,0.0005047566943173719,7818.996786692518,50000.0,0.009999999776482582,0.060572218149900436,1.0
3715,81.16160754987855,0.00042310100385459226,7824.147181626347,50000.0,0.009999999776482582,0.1214393675327301,1.0
3716,73.55570604898382,1858.230116687662,2905.9191983087085,50000.0,0.009999999776482582,0.09514462947845459,1.0
3717,75.90923165734974,0.0004354685371370285,7830.36164267879,50000.0,0.009999999776482582,0.1278531700372696,1.0
3718,54.449014851111166,0.000544099778044989,7834.724624086475,50000.0,0.009999999776482582,0.06683152914047241,1.0
3719,75.89998034651248,0.0004574261985298975,7840.664539235204,50000.0,0.009999999776482582,0.1274651736021042,1.0
3720,75.89543855852723,0.00046686286926430693,7844.977448014167,50000.0,0.009999999776482582,0.12721309065818787,1.0
3721,96.84559229303503,0.0003371630742667316,7849.13053149528,50000.0,0.009999999776482582,0.1813681572675705,1.0
3722,72.17847781093022,1947.2103970111352,2903.921228641856,50000.0,0.009999999776482582,0.0624656118452549,1.0
3723,73.73998609878274,1610.5628824748596,2904.258285130695,50000.0,0.009999999776482582,0.0944385826587677,1.0
3724,71.37296753780899,2327.269821750871,2904.117387400041,50000.0,0.009999999776482582,0.061891697347164154,1.0
3725,78.82780294889074,1833.896294227759,2904.320055291611,50000.0,0.009999999776482582,0.08824636787176132,1.0
3726,81.1532351609002,0.0004946754188118016,7857.783161597915,50000.0,0.009999999776482582,0.12083859741687775,1.0
3727,101.01023862323675,0.0003560621004685555,7861.129003802841,50000.0,0.009999999776482582,0.17499715089797974,1.0
3728,99.13519209786307,1824.3892128181499,2905.913087729965,50000.0,0.009999999776482582,0.14201860129833221,1.0
3729,90.4563820974101,1925.327660393663,2907.1265553195108,50000.0,0.009999999776482582,0.15453490614891052,1.0
3730,54.46058028143885,0.0006194153495519315,7862.641752262753,50000.0,0.009999999776482582,0.06628722697496414,1.0
3731,61.467712455062255,0.0006370213728630113,7868.427333898554,50000.0,0.009999999776482582,0.059992820024490356,1.0
3732,61.450475367824524,0.0006528604423247415,7873.513425351726,50000.0,0.009999999776482582,0.05987924337387085,1.0
3733,106.62447817843541,9.623950497353905e-10,inf,50000.0,0.009999999776482582,0.24696043133735657,1.0
3734,12.794283393261914,0.0007756302147883689,7879.847530000172,50000.0,0.009999999776482582,0.005987473297864199,1.0
3735,51.27708423184087,1599.0361808795806,2906.450722593164,50000.0,0.009999999776482582,0.03379904851317406,1.0
3736,73.54687316863703,1703.5265911916435,2906.603529309855,50000.0,0.009999999776482582,0.09371009469032288,1.0
3737,96.83118420494775,0.0004150993917130143,7894.019332472093,50000.0,0.009999999776482582,0.17979292571544647,1.0
3738,90.6651093983307,1627.8902975653004,2906.4777040030103,50000.0,0.009999999776482582,0.15338775515556335,1.0
3739,54.43797350370024,0.0007269945572529183,7897.016174759568,50000.0,0.009999999776482582,0.06571195274591446,1.0
3740,12.710171896959185,0.0008619126610345476,7902.865813554707,50000.0,0.009999999776482582,0.005946185905486345,1.0
3741,61.404893792589355,0.0007733963499751323,7910.17926059065,50000.0,0.009999999776482582,0.05980859324336052,1.0
3742,73.63703546422626,1587.3177689088377,2906.4052256356886,50000.0,0.009999999776482582,0.09333016723394394,1.0
3743,81.06093606485877,0.0006546755948145546,7917.863009972675,50000.0,0.009999999776482582,0.11940230429172516,1.0
3744,78.89969010504899,1585.573469315016,2906.5165030339826,50000.0,0.009999999776482582,0.08728180080652237,1.0
3745,81.04637112005646,0.0006708862259553772,7923.111388186832,50000.0,0.009999999776482582,0.11920852959156036,1.0
3746,85.83491137742638,0.0006816745306417811,7926.343397787957,50000.0,0.009999999776482582,0.11299259215593338,1.0
3747,101.50065852273599,2917.6813682075485,2908.536574025633,50000.0,0.009999999776482582,0.1486244797706604,1.0
3748,94.70708454639242,1884.305223618529,2908.575621171778,50000.0,0.009999999776482582,0.1463785618543625,1.0
3749,50.58065108505043,1890.668962199748,2908.9376084289574,50000.0,0.009999999776482582,0.033269766718149185,1.0
3750,81.03832904516487,0.0006884871828311536,7929.139445752604,50000.0,0.009999999776482582,0.11890435963869095,1.0
3751,94.64709840232986,1915.1472196349364,2909.2684159950154,50000.0,0.009999999776482582,0.14606893062591553,1.0
3752,94.62545728631972,1920.179402763808,2909.599821535302,50000.0,0.009999999776482582,0.14591582119464874,1.0
3753,85.76722243931239,0.0006991085229050818,7932.379950800676,50000.0,0.009999999776482582,0.11221043020486832,1.0
3754,73.14561921413511,1964.5355122991339,2911.045539198545,50000.0,0.009999999776482582,0.09269595146179199,1.0
3755,78.33541642257661,1948.6788908408857,2910.8020378893048,50000.0,0.009999999776482582,0.08605965226888657,1.0
3756,78.24272139301331,2025.0119127016849,2911.415031958625,50000.0,0.009999999776482582,0.08591610193252563,1.0
3757,50.1522780776607,2091.376071100412,2912.053913717335,50000.0,0.009999999776482582,0.03294656425714493,1.0
3758,87.51479599582777,3023.1321982622835,2912.1322751454345,50000.0,0.009999999776482582,0.11938463896512985,1.0
3759,98.44028097658234,2107.7031905698173,2911.846337985646,50000.0,0.009999999776482582,0.1385146975517273,1.0
3760,87.34706166042851,3073.4554239317968,2913.0253349997156,50000.0,0.009999999776482582,0.11898043006658554,1.0
3761,49.85122543051595,2126.771484803115,2912.816376871381,50000.0,0.009999999776482582,0.032474614679813385,1.0
3762,72.70279951692821,2164.3919186391677,2912.9082817371873,50000.0,0.009999999776482582,0.09193186461925507,1.0
3763,76.0199109538995,0.0007417839311729127,7946.8559232422695,50000.0,0.009999999776482582,0.12488172203302383,1.0
3764,78.05603956193305,1968.3650420268525,2912.0817232711393,50000.0,0.009999999776482582,0.08519843965768814,1.0
3765,12.537852542643874,0.0010751559014570225,7952.663699111607,50000.0,0.009999999776482582,0.005869374610483646,1.0
3766,54.47332847015984,0.0009637696609887521,7960.070377856534,50000.0,0.009999999776482582,0.06526079028844833,1.0
3767,111.76019789035549,1994.1330876887598,2912.4469375707235,50000.0,0.009999999776482582,0.19723165035247803,1.0
3768,54.475228841306894,0.0009785280778372924,7963.406392208677,50000.0,0.009999999776482582,0.06517494469881058,1.0
3769,78.03464103378015,1932.3498764440633,2913.053306804551,50000.0,0.009999999776482582,0.08488765358924866,1.0
3770,49.847453725694635,2003.8841300755444,2913.713100294252,50000.0,0.009999999776482582,0.032171204686164856,1.0
3771,109.42454235467424,2903.7627774696625,2913.7272813654367,50000.0,0.009999999776482582,0.16352692246437073,1.0
3772,100.73511984463202,0.0005826200367650316,7969.886792011503,50000.0,0.009999999776482582,0.17008425295352936,1.0
3773,96.78970589753322,0.0005858275570013538,7971.0603537937,50000.0,0.009999999776482582,0.17674048244953156,1.0
3774,61.1411289707163,0.0010221090440352897,7972.934734812397,50000.0,0.009999999776482582,0.057983655482530594,1.0
3775,90.05247454836224,2009.0539562702004,2916.2248517431526,50000.0,0.009999999776482582,0.15057867765426636,1.0
3776,80.93259760363235,0.0008565102699015402,7978.6261400154835,50000.0,0.009999999776482582,0.11704283952713013,1.0
3777,104.36771326155416,0.0006155735146929618,7981.684571308288,50000.0,0.009999999776482582,0.1618046760559082,1.0
3778,98.21394336960462,1906.936135384109,2917.4362482686665,50000.0,0.009999999776482582,0.13550232350826263,1.0
3779,61.03069461808719,0.0010631885457635353,7981.296194148794,50000.0,0.009999999776482582,0.057307660579681396,1.0
3780,61.011178821429716,0.001087666390566686,7986.249550110795,50000.0,0.009999999776482582,0.05719459429383278,1.0
3781,54.49991510711264,0.0011122508176038446,7991.28943537172,50000.0,0.009999999776482582,0.06500915437936783,1.0
3782,87.42363651507044,2817.529275570418,2919.4751276727116,50000.0,0.009999999776482582,0.11770303547382355,1.0
3783,72.76295836634324,2010.4757505713815,2919.3458294350617,50000.0,0.009999999776482582,0.09111657738685608,1.0
3784,108.06411638945374,1989.0825428257622,2919.1277206597456,50000.0,0.009999999776482582,0.2014375478029251,1.0
3785,76.07193259586705,0.000927906943444489,7996.5624478059235,50000.0,0.009999999776482582,0.12371981143951416,1.0
3786,72.93133035935594,1787.0299716582947,2918.6647182081742,50000.0,0.009999999776482582,0.09074439108371735,1.0
3787,72.88712057774211,1799.4962300517966,2918.5317670388035,50000.0,0.009999999776482582,0.09061674028635025,1.0
3788,98.1143899031173,1805.8759357165538,2918.313846911058,50000.0,0.009999999776482582,0.13460057973861694,1.0
3789,98.00637748046461,1899.9461327025074,2919.4492946864434,50000.0,0.009999999776482582,0.1341872215270996,1.0
3790,80.82335468445197,0.0009580817859460489,8003.822756697707,50000.0,0.009999999776482582,0.11566350609064102,1.0
3791,54.505556761170816,0.0011907566560160087,8007.350655049989,50000.0,0.009999999776482582,0.06456313282251358,1.0
3792,97.96568988182507,1884.54861667993,2920.5531751258254,50000.0,0.009999999776482582,0.13365262746810913,1.0
3793,72.69700085214262,1974.9012032414207,2921.7573754344567,50000.0,0.009999999776482582,0.09045969694852829,1.0
3794,87.14546443700634,2766.6154167637046,2921.5843497910223,50000.0,0.009999999776482582,0.11617539823055267,1.0
3795,97.80884880207878,1978.448978105995,2921.4119282396937,50000.0,0.009999999776482582,0.13319550454616547,1.0
3796,91.00856613255107,2900.3178458520633,2922.529697805885,50000.0,0.009999999776482582,0.10774745047092438,1.0
3797,93.79171712619736,2132.509786646134,2923.1789742069427,50000.0,0.009999999776482582,0.14066705107688904,1.0
3798,60.866201372120535,0.0012029503090094013,8010.135349835328,50000.0,0.009999999776482582,0.05633336305618286,1.0
3799,77.28438195870258,2117.121246065114,2923.9450789365633,50000.0,0.009999999776482582,0.08169755339622498,1.0
3800,89.77029996316217,2164.9001708408637,2924.5679922993863,50000.0,0.009999999776482582,0.1487378627061844,1.0
3801,100.36462957335466,0.0007169528327320966,8016.949255104455,50000.0,0.009999999776482582,0.16524863243103027,1.0
3802,72.51323595894684,1994.0740952121178,2924.7662586828937,50000.0,0.009999999776482582,0.08980797976255417,1.0
3803,80.74484492236328,0.0010278948220036421,8020.3412355047585,50000.0,0.009999999776482582,0.11457867920398712,1.0
3804,49.42193285409665,1923.9693177324887,2924.8091914131464,50000.0,0.009999999776482582,0.03114279918372631,1.0
3805,12.277021853987682,0.0014982730540973102,8027.722340138074,50000.0,0.009999999776482582,0.00575095321983099,1.0
3806,92.839826263516,0.0007754522390774474,8035.068799260703,50000.0,0.009999999776482582,0.18136221170425415,1.0
3807,60.77735903347768,0.0013560332205094729,8037.492572951271,50000.0,0.009999999776482582,0.05594312399625778,1.0
3808,91.09116774815554,2589.8719411400584,2924.6284276951183,50000.0,0.009999999776482582,0.10656879842281342,1.0
3809,85.04327614811575,0.001123108801443372,8040.481393633723,50000.0,0.009999999776482582,0.10582084208726883,1.0
3810,93.72954656342722,2006.4560568294858,2926.366052719146,50000.0,0.009999999776482582,0.1392766237258911,1.0
3811,86.72813360755553,2817.7454247761984,2926.7137283007764,50000.0,0.009999999776482582,0.11459372937679291,1.0
3812,54.53618856287004,0.0013809346358911513,8042.014903175815,50000.0,0.009999999776482582,0.06409553438425064,1.0
3813,93.71008867904497,1944.649361635712,2926.2903423252733,50000.0,0.009999999776482582,0.13893771171569824,1.0
3814,93.69296320630902,1939.4503028036593,2926.604141454492,50000.0,0.009999999776482582,0.1387820839881897,1.0
3815,89.81078071224508,1937.8566750695904,2926.974286772934,50000.0,0.009999999776482582,0.14717546105384827,1.0
3816,96.60417958805922,0.0008194870383472953,8048.15979852222,50000.0,0.009999999776482582,0.17169030010700226,1.0
3817,80.65190019452318,0.0011674019753200654,8049.925346015734,50000.0,0.009999999776482582,0.11336804181337357,1.0
3818,76.13940505305058,0.0011846404403258704,8053.364839753867,50000.0,0.009999999776482582,0.12163560837507248,1.0
3819,90.0641912539822,1614.164572910971,2926.2169538994194,50000.0,0.009999999776482582,0.14642217755317688,1.0
3820,93.89575470262807,1590.4926228481684,2925.853474009768,50000.0,0.009999999776482582,0.13802191615104675,1.0
3821,87.08904519968283,2307.9708487480784,2926.3259415822,50000.0,0.009999999776482582,0.11325497180223465,1.0
3822,68.6355522944626,2453.447555141041,2926.483001931145,50000.0,0.009999999776482582,0.05523940548300743,1.0
3823,54.52397812244923,0.00147911055050494,8058.777483556506,50000.0,0.009999999776482582,0.06339248269796371,1.0
3824,72.31795168708746,1832.2581355099749,2926.693141631225,50000.0,0.009999999776482582,0.08793528378009796,1.0
3825,77.0243727022175,1831.2748369735748,2926.5779145850147,50000.0,0.009999999776482582,0.0799294114112854,1.0
3826,93.50156548751232,1906.0307565864707,2927.257049971917,50000.0,0.009999999776482582,0.1373930275440216,1.0
3827,76.1423727066024,0.001258539436867587,8068.376019479498,50000.0,0.009999999776482582,0.12082739174365997,1.0
3828,77.0067762387146,1790.5224784101247,2927.0880703090215,50000.0,0.009999999776482582,0.07970374077558517,1.0
3829,48.86492905987886,1866.8757807366653,2927.805537521925,50000.0,0.009999999776482582,0.030088603496551514,1.0
3830,48.727258553386285,1926.3036458138324,2928.021113682384,50000.0,0.009999999776482582,0.03000224381685257,1.0
3831,80.62627617563406,0.0013321196447122388,8081.697618327881,50000.0,0.009999999776482582,0.11269136518239975,1.0
3832,54.512958431491576,0.0016542151698344778,8085.144611178901,50000.0,0.009999999776482582,0.06311236321926117,1.0
3833,84.83986553483528,0.0013849304172549664,8090.505944289983,50000.0,0.009999999776482582,0.10452758520841599,1.0
3834,80.57786181078293,0.0014007550758244468,8093.099402310974,50000.0,0.009999999776482582,0.11228722333908081,1.0
3835,92.85955420994178,0.001005270982093635,8096.4934578433595,50000.0,0.009999999776482582,0.17775815725326538,1.0
3836,80.550230366835,0.001435585465878579,8098.846944855932,50000.0,0.009999999776482582,0.1119764894247055,1.0
3837,60.50405945867185,0.0017820608016620887,8102.072109842776,50000.0,0.009999999776482582,0.05468704551458359,1.0
3838,107.60527438247388,1699.4059634100865,2929.1892140126756,50000.0,0.009999999776482582,0.19338199496269226,1.0
3839,60.46771794538553,0.0018073520123827122,8105.340553197416,50000.0,0.009999999776482582,0.05451049283146858,1.0
3840,99.94472979498524,0.0010671580268059836,8110.01516686682,50000.0,0.009999999776482582,0.1602512001991272,1.0
3841,49.23055503042116,1661.8817012330214,2930.5015552762075,50000.0,0.009999999776482582,0.030167924240231514,1.0
3842,80.47032640500743,0.0015397478113929712,8114.993088412844,50000.0,0.009999999776482582,0.1112646833062172,1.0
3843,54.4921584587156,0.0019110615110983849,8118.371463959788,50000.0,0.009999999776482582,0.06261180341243744,1.0
3844,76.96310747248218,1665.7224422530912,2930.6831451316093,50000.0,0.009999999776482582,0.07863346487283707,1.0
3845,99.86302016332269,0.0011391704352730406,8125.309587447028,50000.0,0.009999999776482582,0.15943332016468048,1.0
3846,60.32718251271904,0.0019781547793852636,8126.2139844484345,50000.0,0.009999999776482582,0.05381753668189049,1.0
3847,89.79762652594903,1756.6769598515855,2932.5986486223446,50000.0,0.009999999776482582,0.14405767619609833,1.0
3848,93.45334195977846,1710.3606561472998,2932.2213970208204,50000.0,0.009999999776482582,0.13509169220924377,1.0
3849,49.0396675384298,1738.3804562055554,2932.6717936214304,50000.0,0.009999999776482582,0.030031371861696243,1.0
3850,76.70179832841478,1812.881192838511,2932.8634332868883,50000.0,0.009999999776482582,0.07806245237588882,1.0
3851,80.38810227570207,0.0016913004471458225,8137.248742639969,50000.0,0.009999999776482582,0.11045985668897629,1.0
3852,72.17823911226515,1855.4579035738152,2933.79911917396,50000.0,0.009999999776482582,0.0867234468460083,1.0
3853,76.6061548702571,1851.7392170384192,2933.6800237473544,50000.0,0.009999999776482582,0.0778169259428978,1.0
3854,80.36629939207067,0.0017405003953062652,8144.180107798615,50000.0,0.009999999776482582,0.11023201048374176,1.0
3855,72.10911026166372,1888.6991650266623,2934.593759207565,50000.0,0.009999999776482582,0.0865524411201477,1.0
3856,67.78802751832659,2658.557529616306,2934.508287537516,50000.0,0.009999999776482582,0.053936708718538284,1.0
3857,96.55038170708066,1983.6597817178897,2934.8153781382366,50000.0,0.009999999776482582,0.12532849609851837,1.0
3858,54.501584031907385,0.002172683255342584,8149.299967591057,50000.0,0.009999999776482582,0.062303513288497925,1.0
3859,93.03121199519792,1999.4828029432829,2935.6798728865833,50000.0,0.009999999776482582,0.1339351087808609,1.0
3860,89.57399548810902,2802.5889264567672,2936.013249322701,50000.0,0.009999999776482582,0.10109470784664154,1.0
3861,67.0971959983391,2922.6834921802997,2936.854600090834,50000.0,0.009999999776482582,0.053209088742733,1.0
3862,92.84215494394216,2115.530696856162,2937.182177485507,50000.0,0.009999999776482582,0.13352955877780914,1.0
3863,76.09023472099739,2073.8597789298215,2937.484773163738,50000.0,0.009999999776482582,0.07669898867607117,1.0
3864,66.7784035391345,2985.7250312215397,2938.126392492078,50000.0,0.009999999776482582,0.05269011855125427,1.0
3865,92.73301385654048,2146.915715652183,2938.4843208135158,50000.0,0.009999999776482582,0.13316719233989716,1.0
3866,106.92247014429871,2105.0091572168167,2938.8253410313955,50000.0,0.009999999776482582,0.18968448042869568,1.0
3867,99.63968316267,0.0012658855730613098,8151.828443664408,50000.0,0.009999999776482582,0.1568070352077484,1.0
3868,80.28134824767879,0.0017965376860129521,8152.802192241492,50000.0,0.009999999776482582,0.1092216819524765,1.0
3869,48.13223457926523,1920.7969648058781,2939.609468779781,50000.0,0.009999999776482582,0.028976352885365486,1.0
3870,66.85385653195533,2788.215221803829,2939.8864347182994,50000.0,0.009999999776482582,0.05224503204226494,1.0
3871,47.79825279147368,2049.5276639319322,2940.4022352449383,50000.0,0.009999999776482582,0.02874007262289524,1.0
3872,75.81951421577715,2083.226236474608,2940.619601185282,50000.0,0.009999999776482582,0.07578795403242111,1.0
3873,92.5865221156087,2122.7783453143466,2941.27054531089,50000.0,0.009999999776482582,0.13221171498298645,1.0
3874,109.7394051497139,2081.8269724987667,2941.565873851625,50000.0,0.009999999776482582,0.1790173351764679,1.0
3875,66.37557908478088,2905.7254393338953,2942.3765555155396,50000.0,0.009999999776482582,0.05155564844608307,1.0
3876,75.65470759299761,2102.444609327681,2942.8082620801,50000.0,0.009999999776482582,0.07522106170654297,1.0
3877,84.82160990384081,3021.4673441818304,2943.4861015865945,50000.0,0.009999999776482582,0.1076926589012146,1.0
3878,103.68974686894,2090.8108368644994,2943.6479479798654,50000.0,0.009999999776482582,0.19770431518554688,1.0
3879,92.95750976050076,0.0013119736831650462,8161.820180091148,50000.0,0.009999999776482582,0.17448309063911438,1.0
3880,47.86924234579104,1742.74118420001,2942.185721557651,50000.0,0.009999999776482582,0.028181642293930054,1.0
3881,60.05576209728072,0.0023292872835764026,8168.092647250993,50000.0,0.009999999776482582,0.05242966488003731,1.0
3882,66.42174330513008,2589.0006733920527,2942.9528484968855,50000.0,0.009999999776482582,0.05071704462170601,1.0
3883,47.44916508422818,1935.8951596168727,2943.5483876757544,50000.0,0.009999999776482582,0.027974897995591164,1.0
3884,92.41803062865043,1982.2046277421346,2943.803948693553,50000.0,0.009999999776482582,0.13094067573547363,1.0
3885,76.20163742941874,0.001972812189824422,8177.240764458744,50000.0,0.009999999776482582,0.11782214045524597,1.0
3886,47.49942895346298,1851.9165584660188,2943.68222242793,50000.0,0.009999999776482582,0.027871081605553627,1.0
3887,54.51135717597799,0.0024924569953502823,8185.088580899145,50000.0,0.009999999776482582,0.06154613569378853,1.0
3888,47.4372746729657,1859.7847435058552,2943.747034162379,50000.0,0.009999999776482582,0.02779700979590416,1.0
3889,112.41761183929496,1910.7941363468133,2943.941358692895,50000.0,0.009999999776482582,0.16828228533267975,1.0
3890,80.19490054713603,0.0020888781201240086,8191.019845826466,50000.0,0.009999999776482582,0.10808064788579941,1.0
3891,80.24306101026735,3353.3998336610116,2945.637890227051,50000.0,0.009999999776482582,0.07227176427841187,1.0
3892,76.20840847125883,0.0020885969027394447,8191.4623430091915,50000.0,0.009999999776482582,0.11754667013883591,1.0
3893,84.54498299339649,2727.1629701674883,2945.9220605576,50000.0,0.009999999776482582,0.1055082306265831,1.0
3894,88.05546934519573,2737.871168061078,2946.1604195142127,50000.0,0.009999999776482582,0.09592439979314804,1.0
3895,46.880851236053616,2014.6632743752957,2947.1512609561687,50000.0,0.009999999776482582,0.027305955067276955,1.0
3896,59.974302479943645,0.0026009917837478227,8196.082809625517,50000.0,0.009999999776482582,0.05202937126159668,1.0
3897,65.10442415063572,2922.1789677448496,2947.8451203566988,50000.0,0.009999999776482582,0.04901363328099251,1.0
3898,75.05355037034113,2096.2172777717965,2948.2628550256445,50000.0,0.009999999776482582,0.07357858121395111,1.0
3899,70.74519542832412,2123.765735888126,2948.931432732476,50000.0,0.009999999776482582,0.0830274447798729,1.0
3900,70.76399182220287,2066.2403966071615,2948.8655251584723,50000.0,0.009999999776482582,0.08290839195251465,1.0
3901,59.95340830388719,0.0027100729954800586,8206.573457973438,50000.0,0.009999999776482582,0.05192194879055023,1.0
3902,75.01572688070718,2037.9235032737802,2949.1956356345236,50000.0,0.009999999776482582,0.07328716665506363,1.0
3903,76.22290905060372,0.002270182467070438,8212.762387561392,50000.0,0.009999999776482582,0.11725946515798569,1.0
3904,83.915968871598,0.0023080980750324427,8216.51828855127,50000.0,0.009999999776482582,0.0979938879609108,1.0
3905,88.61778476325127,1987.7605471567122,2950.1779250149293,50000.0,0.009999999776482582,0.13854467868804932,1.0
3906,75.08391657212341,1889.9131096712945,2949.819748673906,50000.0,0.009999999776482582,0.07299495488405228,1.0
3907,75.0052550932051,1941.2130424842974,2950.519187996147,50000.0,0.009999999776482582,0.072859987616539,1.0
3908,54.518208263891395,0.0028920886717862565,8222.606772176796,50000.0,0.009999999776482582,0.06117738410830498,1.0
3909,70.80533665821376,1940.2093688668497,2951.0073456575915,50000.0,0.009999999776482582,0.08247917890548706,1.0
3910,11.608901663748663,0.0034411643931218363,8230.325875642315,50000.0,0.009999999776482582,0.005441335029900074,1.0
3911,74.96134852796533,1926.0770220994284,2951.006837226433,50000.0,0.009999999776482582,0.07270252704620361,1.0
3912,70.72268710838948,1974.0451421942482,2951.7567394331436,50000.0,0.009999999776482582,0.08233781158924103,1.0
3913,70.7196280913096,1942.9613171595697,2951.7753464755233,50000.0,0.009999999776482582,0.08222322911024094,1.0
3914,74.89215991449986,1913.355419523471,2951.743602549665,50000.0,0.009999999776482582,0.0725049078464508,1.0
3915,80.07990540400255,0.002577365766818743,8244.389119366817,50000.0,0.009999999776482582,0.10681352764368057,1.0
3916,102.23453139899776,0.0018478207711817509,8247.22653865545,50000.0,0.009999999776482582,0.14263032376766205,1.0
3917,70.71604247916642,1958.1936622544617,2953.806983253697,50000.0,0.009999999776482582,0.08217210322618484,1.0
3918,106.15452972660555,1931.5324612469174,2953.7933877980695,50000.0,0.009999999776482582,0.1829880028963089,1.0
3919,79.99727507505541,0.002617797583537536,8248.049730103063,50000.0,0.009999999776482582,0.10616768896579742,1.0
3920,83.5838390833704,0.0026520422340469366,8251.020231394694,50000.0,0.009999999776482582,0.09594716131687164,1.0
3921,59.613967227371546,0.003278318236737397,8253.433224669305,50000.0,0.009999999776482582,0.050456609576940536,1.0
3922,84.01588721179637,2637.1865436259873,2955.281551352015,50000.0,0.009999999776482582,0.10323760658502579,1.0
3923,96.05818669114562,0.0019222790095607086,8257.143767032305,50000.0,0.009999999776482582,0.16106149554252625,1.0
3924,79.91052710392206,0.002734907417946686,8258.743862584093,50000.0,0.009999999776482582,0.10552017390727997,1.0
3925,70.88305685913878,1756.4557104002604,2955.5953654458453,50000.0,0.009999999776482582,0.08173834532499313,1.0
3926,88.63036119138987,1761.276950387775,2955.6851241459644,50000.0,0.009999999776482582,0.13674478232860565,1.0
3927,108.86601069757047,1706.979390973343,2955.3889089663903,50000.0,0.009999999776482582,0.17121052742004395,1.0
3928,11.502709032070182,0.003920293746583075,8262.743437285404,50000.0,0.009999999776482582,0.005391393788158894,1.0
3929,74.77270346335278,1739.7594559366707,2956.307896844633,50000.0,0.009999999776482582,0.07112421095371246,1.0
3930,108.7216434232811,1805.6515177731492,2957.0389223144534,50000.0,0.009999999776482582,0.17059172689914703,1.0
3931,70.73740029833668,1815.621747372417,2957.938761230808,50000.0,0.009999999776482582,0.08135340362787247,1.0
3932,64.78696643298247,2550.1833196268663,2958.008534685585,50000.0,0.009999999776482582,0.047257401049137115,1.0
3933,91.56801729014128,1889.2959666882623,2958.674752146387,50000.0,0.009999999776482582,0.12560783326625824,1.0
3934,86.93057306092776,2648.7570864225986,2959.077932668048,50000.0,0.009999999776482582,0.091316819190979,1.0
3935,94.48598919052931,1945.558562613179,2960.0345584744555,50000.0,0.009999999776482582,0.11470074206590652,1.0
3936,64.08176238276245,2815.7613747782957,2961.141238055416,50000.0,0.009999999776482582,0.04665560647845268,1.0
3937,79.79950627604221,0.002840871907494746,8268.944171995738,50000.0,0.009999999776482582,0.1045474112033844,1.0
3938,114.6841744389264,1.0533640583199211e-12,inf,50000.0,0.009999999776482582,0.19253534078598022,1.0
3939,104.32059172161087,2769.7532317021664,2962.5561566553174,50000.0,0.009999999776482582,0.13411031663417816,1.0
3940,59.26725324751431,0.00344421501567066,8266.167804528799,50000.0,0.009999999776482582,0.048968926072120667,1.0
3941,70.33883554116815,2046.0716866941968,2964.3673963633273,50000.0,0.009999999776482582,0.08089039474725723,1.0
3942,74.08011620205042,1993.852494197514,2964.3043050694428,50000.0,0.009999999776482582,0.06936666369438171,1.0
3943,59.22449253449303,0.0035555409504051364,8274.187551757961,50000.0,0.009999999776482582,0.04879201948642731,1.0
3944,73.98723571867642,2050.6765067753363,2965.3765159154973,50000.0,0.009999999776482582,0.069146528840065,1.0
3945,73.93211715110023,2074.795662515489,2966.022738975507,50000.0,0.009999999776482582,0.06901447474956512,1.0
3946,70.22396257330945,2098.4942747512223,2966.709399338628,50000.0,0.009999999776482582,0.0807403177022934,1.0
3947,45.74956249173607,2036.0248821459447,2966.6678657093285,50000.0,0.009999999776482582,0.025690114125609398,1.0
3948,73.8668685000219,2051.882455490866,2966.929681727225,50000.0,0.009999999776482582,0.06880281120538712,1.0
3949,11.421676283020437,0.004335085420927914,8288.382645607735,50000.0,0.009999999776482582,0.0053583718836307526,1.0
3950,93.89934489260939,3622.457989967484,2967.6707580885077,50000.0,0.009999999776482582,0.12098846584558487,1.0
3951,85.95882056931102,2852.2320029893513,2968.151454061099,50000.0,0.009999999776482582,0.0885828509926796,1.0
3952,45.42393330521956,2049.613498496424,2969.170316555522,50000.0,0.009999999776482582,0.025287240743637085,1.0
3953,87.99528962172356,2068.6754319746738,2969.5255005191034,50000.0,0.009999999776482582,0.13517031073570251,1.0
3954,70.07499789263414,1947.2418601282927,2969.2214852512116,50000.0,0.009999999776482582,0.08001861721277237,1.0
3955,90.99835124191256,1913.6814696539539,2969.246055947303,50000.0,0.009999999776482582,0.1230815052986145,1.0
3956,76.24579737865554,0.0031386103704042897,8295.038831602893,50000.0,0.009999999776482582,0.11484761536121368,1.0
3957,93.91232449330565,1788.93772422535,2969.0484409118203,50000.0,0.009999999776482582,0.11131658405065536,1.0
3958,93.02498506221673,0.002248810797817743,8298.17158025621,50000.0,0.009999999776482582,0.16930393874645233,1.0
3959,11.385777747588659,0.004531158356018178,8300.587717339096,50000.0,0.009999999776482582,0.005341270472854376,1.0
3960,73.87308691481347,1710.9329361046357,2969.357232517297,50000.0,0.009999999776482582,0.0680287629365921,1.0
3961,54.48835638113277,0.004059135282884463,8309.030201595366,50000.0,0.009999999776482582,0.059813130646944046,1.0
3962,88.13443711771629,1737.009181220996,2969.9364058954516,50000.0,0.009999999776482582,0.13389497995376587,1.0
3963,98.42401062214718,0.0024031517337387482,8314.98140283418,50000.0,0.009999999776482582,0.14542710781097412,1.0
3964,92.9720221017083,0.002411641908003923,8316.058315542301,50000.0,0.009999999776482582,0.16812331974506378,1.0
3965,91.16880676864345,1526.293016230445,2969.332650071922,50000.0,0.009999999776482582,0.12186959385871887,1.0
3966,70.3637735966211,1557.640692902942,2969.917552921868,50000.0,0.009999999776482582,0.07907889038324356,1.0
3967,45.90600127780359,1576.7722685189995,2970.115041701951,50000.0,0.009999999776482582,0.024981485679745674,1.0
3968,76.162550676442,0.003524578882209239,8324.951860323294,50000.0,0.009999999776482582,0.11330457776784897,1.0
3969,11.294604740642752,0.005053713390881718,8328.836480729817,50000.0,0.009999999776482582,0.005295860581099987,1.0
3970,70.27679467327181,1572.5069021840081,2970.1416903170693,50000.0,0.009999999776482582,0.07879894971847534,1.0
3971,54.42166591744772,0.004537890447567841,8338.13893352919,50000.0,0.009999999776482582,0.059107910841703415,1.0
3972,116.357204236147,0.0,inf,50000.0,0.009999999776482582,0.176255464553833,1.0
3973,79.38731044444017,0.003756291482964659,8340.916534482936,50000.0,0.009999999776482582,0.10139273852109909,1.0
3974,86.20964920792443,2204.9412022091974,2971.4410722568227,50000.0,0.009999999776482582,0.08689364790916443,1.0
3975,88.06011520748186,1699.702971411444,2972.7836203980924,50000.0,0.009999999776482582,0.13246138393878937,1.0
3976,90.86581164638616,1652.4439444676132,2972.6159486077695,50000.0,0.009999999776482582,0.12068090587854385,1.0
3977,70.112167055934,1669.5616988209988,2973.1535671351935,50000.0,0.009999999776482582,0.07843250036239624,1.0
3978,70.07039778312117,1677.9476436341597,2973.328660454125,50000.0,0.009999999776482582,0.07832477241754532,1.0
3979,54.40694926401168,0.004717539868072469,8348.18088981701,50000.0,0.009999999776482582,0.0587947741150856,1.0
3980,85.79919415928045,2326.6204366972183,2973.214010372139,50000.0,0.009999999776482582,0.08628355711698532,1.0
3981,92.88745980149993,0.0027667118869282225,8352.076904467633,50000.0,0.009999999776482582,0.16575197875499725,1.0
3982,90.76109065492896,1627.762923700989,2973.621653432323,50000.0,0.009999999776482582,0.12003443390130997,1.0
3983,58.7872565457681,0.00482794091605348,8354.221972352114,50000.0,0.009999999776482582,0.04728957638144493,1.0
3984,82.33753807765171,0.004016384379312422,8358.628726623858,50000.0,0.009999999776482582,0.08910121023654938,1.0
3985,45.464285688609905,1684.8364266450687,2975.1580462334146,50000.0,0.009999999776482582,0.02463572286069393,1.0
3986,69.90806498953401,1742.3232330848853,2975.6181865130684,50000.0,0.009999999776482582,0.0778840109705925,1.0
3987,79.24375605255226,0.004144732275989471,8367.019711409805,50000.0,0.009999999776482582,0.10025513172149658,1.0
3988,93.245236982911,1706.3048478407889,2975.763374932793,50000.0,0.009999999776482582,0.10786225646734238,1.0
3989,90.51321546581157,1774.201658449455,2976.865140710019,50000.0,0.009999999776482582,0.11922704428434372,1.0
3990,54.38453307729752,0.005115938987788764,8369.187504671234,50000.0,0.009999999776482582,0.05843184143304825,1.0
3991,98.17783499178385,2458.7281061084145,2977.131262045515,50000.0,0.009999999776482582,0.15003031492233276,1.0
3992,73.1809650826534,1721.8124171371248,2977.3888582928143,50000.0,0.009999999776482582,0.0658370777964592,1.0
3993,82.29666993008891,2517.251159829944,2978.191830426265,50000.0,0.009999999776482582,0.09652269631624222,1.0
3994,58.6096799636928,0.005176402919433102,8372.580150406835,50000.0,0.009999999776482582,0.04663126915693283,1.0
3995,44.946808161014594,1819.2602796288354,2979.0761055218522,50000.0,0.009999999776482582,0.024257749319076538,1.0
3996,11.131137915803626,0.006162659607331441,8380.9013916693,50000.0,0.009999999776482582,0.00521877221763134,1.0
3997,72.91705545063749,1867.596799668954,2979.511685726574,50000.0,0.009999999776482582,0.06550465524196625,1.0
3998,54.36980202278843,0.005507762648197745,8389.034279988375,50000.0,0.009999999776482582,0.05825555697083473,1.0
3999,102.47871940044634,2634.4499527351504,2979.938899542918,50000.0,0.009999999776482582,0.12557761371135712,1.0
4000,69.46442290635994,1931.5388134467137,2981.3822429506363,50000.0,0.009999999776482582,0.07710401713848114,1.0
4001,81.81893007027818,2685.761513497145,2981.50899102046,50000.0,0.009999999776482582,0.09581851959228516,1.0
4002,54.36350201699655,0.005547298434293482,8391.291946398369,50000.0,0.009999999776482582,0.058128613978624344,1.0
4003,72.75776457240097,1848.6769513327451,2981.7954549887245,50000.0,0.009999999776482582,0.06505537778139114,1.0
4004,81.69835928251247,2674.479709356956,2982.557061206089,50000.0,0.009999999776482582,0.09545008838176727,1.0
4005,82.00846135265073,0.004625781015737142,8396.579460410585,50000.0,0.009999999776482582,0.0873742625117302,1.0
4006,54.3594937479903,0.005711862491296712,8399.034986970866,50000.0,0.009999999776482582,0.05805065482854843,1.0
4007,61.97643070498847,2634.9582998963456,2983.4527309416376,50000.0,0.009999999776482582,0.0424417108297348,1.0
4008,81.48708203301683,2715.9232422482983,2984.330894910329,50000.0,0.009999999776482582,0.09503111988306046,1.0
4009,58.478644198253654,0.005805212195317403,8403.596337425566,50000.0,0.009999999776482582,0.04614843428134918,1.0
4010,79.04515319147109,0.004824601134818604,8408.046020271377,50000.0,0.009999999776482582,0.09881487488746643,1.0
4011,79.01958327394404,0.004880960348397505,8411.047680751291,50000.0,0.009999999776482582,0.0986589789390564,1.0
4012,11.026583285266323,0.006972867609398718,8414.126886057846,50000.0,0.009999999776482582,0.005169752519577742,1.0
4013,58.38338209342776,0.006198401614409524,8420.751282144847,50000.0,0.009999999776482582,0.04582279548048973,1.0
4014,81.78804922457348,0.005151652902307738,8425.047214989263,50000.0,0.009999999776482582,0.08627026528120041,1.0
4015,75.30327077401276,3278.582311153514,2986.1024477683522,50000.0,0.009999999776482582,0.06080120429396629,1.0
4016,10.99239780623619,0.007255397829595865,8424.671224336791,50000.0,0.009999999776482582,0.005154178477823734,1.0
4017,54.34249230035712,0.006447045847753813,8431.424673793503,50000.0,0.009999999776482582,0.05788104981184006,1.0
4018,81.728809141186,0.005372315513713084,8436.396689044323,50000.0,0.009999999776482582,0.08595643937587738,1.0
4019,10.945945752384974,0.0076533144665159245,8438.792971439658,50000.0,0.009999999776482582,0.005131583660840988,1.0
4020,78.90034769885617,0.005555048461571861,8445.374509548543,50000.0,0.009999999776482582,0.09802168607711792,1.0
4021,72.30682624459511,1923.2876809706765,2987.7514436599845,50000.0,0.009999999776482582,0.06368666887283325,1.0
4022,44.17964168480886,1952.2974416725274,2988.4688079098237,50000.0,0.009999999776482582,0.02354239672422409,1.0
4023,72.19948889238935,1972.2393235812106,2988.861706965015,50000.0,0.009999999776482582,0.06351973861455917,1.0
4024,99.57375962062989,0.004062738825270495,8453.938572970064,50000.0,0.009999999776482582,0.12495344132184982,1.0
4025,81.41984993265785,0.005743515449739229,8453.832950068003,50000.0,0.009999999776482582,0.08437519520521164,1.0
4026,97.21379404375702,0.004097755239510031,8455.899950702724,50000.0,0.009999999776482582,0.13670337200164795,1.0
4027,72.04158572189475,2017.4652957034084,2991.1561557164023,50000.0,0.009999999776482582,0.06280886381864548,1.0
4028,76.08673894629834,0.005832123156876947,8457.949901962318,50000.0,0.009999999776482582,0.11054597795009613,1.0
4029,97.10515110345631,0.004184500980174741,8461.451656364527,50000.0,0.009999999776482582,0.13600289821624756,1.0
4030,81.50671648861014,2703.3555640973314,2991.6598378067292,50000.0,0.009999999776482582,0.09464546293020248,1.0
4031,76.05724022810767,0.005901375226769289,8461.261950597898,50000.0,0.009999999776482582,0.11010561138391495,1.0
4032,97.03432467337576,0.004233525918812513,8464.729012041551,50000.0,0.009999999776482582,0.13549914956092834,1.0
4033,78.583613804163,0.005998829725073553,8465.40840406047,50000.0,0.009999999776482582,0.09624048322439194,1.0
4034,57.794255493898,0.0074234750151698685,8468.280427402924,50000.0,0.009999999776482582,0.04380635544657707,1.0
4035,54.30265138732309,0.007544039058506318,8472.767388060549,50000.0,0.009999999776482582,0.057374294847249985,1.0
4036,57.759050790512106,0.007689112321485166,8477.811121981584,50000.0,0.009999999776482582,0.04369983449578285,1.0
4037,89.6300407064973,1751.3816851655217,2992.423447109368,50000.0,0.009999999776482582,0.11436730623245239,1.0
4038,76.0140958217225,0.006378962801278791,8482.149899208103,50000.0,0.009999999776482582,0.10946818441152573,1.0
4039,89.65687141127931,1672.8443171322247,2992.4199259878164,50000.0,0.009999999776482582,0.11411656439304352,1.0
4040,96.77397679224434,0.004573803736033277,8485.510584142572,50000.0,0.009999999776482582,0.13386735320091248,1.0
4041,69.4815638127731,1664.7637653918912,2993.293147256833,50000.0,0.009999999776482582,0.07557735592126846,1.0
4042,80.76750900127675,0.00653042993873096,8488.20300942297,50000.0,0.009999999776482582,0.08148383349180222,1.0
4043,62.22296049924551,2394.3815814288764,2994.104809848232,50000.0,0.009999999776482582,0.042085159569978714,1.0
4044,71.90617985831078,1781.193077992422,2995.0221345793857,50000.0,0.009999999776482582,0.06149852275848389,1.0
4045,57.54393028811695,0.008111919747156988,8492.324551694153,50000.0,0.009999999776482582,0.04300826042890549,1.0
4046,92.11310032689524,3199.267542047118,2996.100446626564,50000.0,0.009999999776482582,0.11221329867839813,1.0
4047,54.276239626499326,0.008112888323745094,8492.742502202087,50000.0,0.009999999776482582,0.0570189505815506,1.0
4048,54.26525777980703,0.008265440981008837,8497.917524138755,50000.0,0.009999999776482582,0.05694776400923729,1.0
4049,10.742677371761928,0.00971632318314408,8503.030366394652,50000.0,0.009999999776482582,0.005035056732594967,1.0
4050,105.69375577286277,1805.0367807297562,2996.6775942022937,50000.0,0.009999999776482582,0.15098266303539276,1.0
4051,99.04336913215057,2552.9814026276235,2997.4352426899754,50000.0,0.009999999776482582,0.13105107843875885,1.0
4052,96.50790179648756,0.004883189045796643,8503.649553950692,50000.0,0.009999999776482582,0.13218241930007935,1.0
4053,10.739036118120985,0.009770531130291407,8504.377231308712,50000.0,0.009999999776482582,0.005034053698182106,1.0
4054,74.98734833293796,3131.452556005946,2998.6857887244896,50000.0,0.009999999776482582,0.059589892625808716,1.0
4055,89.07711053237115,1894.366393470682,3000.0127795744415,50000.0,0.009999999776482582,0.1123463362455368,1.0
4056,98.21913448103169,0.004960341600761285,8507.86218579254,50000.0,0.009999999776482582,0.11741946637630463,1.0
4057,68.96566556937933,1905.3897440349726,3001.2257642359336,50000.0,0.009999999776482582,0.07481105625629425,1.0
4058,68.95848988389446,1877.1189007383255,3001.4086528625157,50000.0,0.009999999776482582,0.07470466196537018,1.0
4059,87.06784896344219,1857.3364359327893,3001.6216607298693,50000.0,0.009999999776482582,0.12622417509555817,1.0
4060,43.95055158519703,1786.8399814075078,3001.550940276105,50000.0,0.009999999776482582,0.022931616753339767,1.0
4061,80.96353095457161,2582.875231834772,3002.036589262308,50000.0,0.009999999776482582,0.09224658459424973,1.0
4062,75.93634822582808,0.007177772291933843,8515.3315294536,50000.0,0.009999999776482582,0.10795623809099197,1.0
4063,54.20802421160007,0.008900679495329834,8518.987297812619,50000.0,0.009999999776482582,0.05635572597384453,1.0
4064,78.1531441802418,0.007406617543827234,8523.984220620261,50000.0,0.009999999776482582,0.09360572695732117,1.0
4065,105.31567100708152,1692.875799661978,3002.0082134130935,50000.0,0.009999999776482582,0.1484847068786621,1.0
4066,43.9643623507046,1702.5617952481498,3002.7994652217785,50000.0,0.009999999776482582,0.02279653586447239,1.0
4067,101.92837974982827,1756.6687381989946,3003.3458855543604,50000.0,0.009999999776482582,0.17634686827659607,1.0
4068,68.93024935543397,1663.4454115778285,3003.094183108792,50000.0,0.009999999776482582,0.07372893393039703,1.0
4069,83.07104545303038,2359.0681683520393,3003.3508325070347,50000.0,0.009999999776482582,0.07743998616933823,1.0
4070,68.74850997694267,1762.4615778967495,3004.711518222979,50000.0,0.009999999776482582,0.07356785237789154,1.0
4071,90.6866311297425,1754.6191341997992,3004.94189320771,50000.0,0.009999999776482582,0.09667016565799713,1.0
4072,54.17079629624462,0.009218713416121233,8529.03498452172,50000.0,0.009999999776482582,0.05596686527132988,1.0
4073,80.66506794340219,2499.4517932089498,3005.7678544304795,50000.0,0.009999999776482582,0.09093222767114639,1.0
4074,43.46661813566003,1787.3932783370697,3006.582908593212,50000.0,0.009999999776482582,0.022414617240428925,1.0
4075,78.03104072180207,0.0077364288504747835,8536.699317833241,50000.0,0.009999999776482582,0.09280186891555786,1.0
4076,80.48548819192845,2535.1288833205613,3007.1254628307856,50000.0,0.009999999776482582,0.09058741480112076,1.0
4077,88.58998115368516,1805.7131856377591,3007.8594547321,50000.0,0.009999999776482582,0.10994000732898712,1.0
4078,77.98568729401717,0.00778018465647204,8538.408666718966,50000.0,0.009999999776482582,0.09251680970191956,1.0
4079,57.095788977331274,0.009621557953730021,8541.178694644554,50000.0,0.009999999776482582,0.04170016944408417,1.0
4080,80.41489939211446,2516.899815817309,3008.6263006532413,50000.0,0.009999999776482582,0.09027859568595886,1.0
4081,43.25400135245561,1793.0062219845147,3009.412800524142,50000.0,0.009999999776482582,0.02219516970217228,1.0
4082,90.29130878061495,1826.3823064454089,3009.8779353578047,50000.0,0.009999999776482582,0.09548171609640121,1.0
4083,54.13694614872227,0.00982140902372921,8547.179326235073,50000.0,0.009999999776482582,0.05563989281654358,1.0
4084,79.93429785421931,0.008172105288544302,8551.99875500134,50000.0,0.009999999776482582,0.07795056700706482,1.0
4085,56.95055563660379,0.010078648941607236,8554.067833145506,50000.0,0.009999999776482582,0.04125615954399109,1.0
4086,82.0841662084006,2630.8863810158336,3011.329397693594,50000.0,0.009999999776482582,0.07557567954063416,1.0
4087,75.8259047021682,0.008304495706969558,8556.65850427043,50000.0,0.009999999776482582,0.10627076774835587,1.0
4088,68.38479081094705,1825.6881627849025,3012.0974089782976,50000.0,0.009999999776482582,0.07262319326400757,1.0
4089,94.179299579045,0.005991389015007561,8562.217483203216,50000.0,0.009999999776482582,0.1420590877532959,1.0
4090,90.08165170476785,1734.0868511742162,3012.087391072242,50000.0,0.009999999776482582,0.09422680735588074,1.0
4091,56.805571413958525,0.010383279880077928,8562.440666396062,50000.0,0.009999999776482582,0.04084279388189316,1.0
4092,54.10183764049611,0.010541457230406176,8566.823615772708,50000.0,0.009999999776482582,0.05533824488520622,1.0
4093,10.53852253903887,0.012383294506654742,8571.865217984114,50000.0,0.009999999776482582,0.004938983358442783,1.0
4094,73.31904457067795,3069.457049461827,3013.2247690944555,50000.0,0.009999999776482582,0.05634240061044693,1.0
4095,90.09509315216333,3220.9910428084077,3014.7010826537576,50000.0,0.009999999776482582,0.10624914616346359,1.0
4096,94.10977328433344,0.006192678500096215,8571.843941062978,50000.0,0.009999999776482582,0.141464501619339,1.0
4097,89.80615642064045,1785.323395153518,3015.5426174189292,50000.0,0.009999999776482582,0.09342765063047409,1.0
4098,88.05665996585593,1826.0611757105507,3016.4887133480124,50000.0,0.009999999776482582,0.10763715207576752,1.0
4099,42.83729250478043,1809.835825478113,3016.9802593769105,50000.0,0.009999999776482582,0.021765081211924553,1.0
4100,42.74213471737671,1838.1801623310876,3017.481863836606,50000.0,0.009999999776482582,0.0217130146920681,1.0
4101,77.63943153788003,0.008973338268374279,8578.859892669494,50000.0,0.009999999776482582,0.09070030599832535,1.0
4102,77.60941130516672,0.00906362519967938,8581.640940017462,50000.0,0.009999999776482582,0.09055069833993912,1.0
4103,42.7914167038806,1802.6001549813502,3018.0031425932048,50000.0,0.009999999776482582,0.021698560565710068,1.0
4104,54.06389265353133,0.011337420918153297,8588.010260184044,50000.0,0.009999999776482582,0.05500928312540054,1.0
4105,75.71981967276989,0.009425883230079025,8593.108630294882,50000.0,0.009999999776482582,0.10497008264064789,1.0
4106,95.45839468251964,0.006752155287797541,8596.377123943455,50000.0,0.009999999776482582,0.1256834864616394,1.0
4107,68.22380778873139,1703.492910146533,3018.1583084524786,50000.0,0.009999999776482582,0.07155348360538483,1.0
4108,77.50875783452031,0.009628417032723251,8599.023782426995,50000.0,0.009999999776482582,0.08997555077075958,1.0
4109,93.86745595363587,0.006880557719733697,8601.85978727968,50000.0,0.009999999776482582,0.13958323001861572,1.0
4110,86.43543067691076,1614.1563221517101,3018.325814345986,50000.0,0.009999999776482582,0.12097380310297012,1.0
4111,75.62212485235264,0.009782172796168704,8603.859492048918,50000.0,0.009999999776482582,0.10394438356161118,1.0
4112,104.09923889180546,1521.512665594955,3018.0223481449802,50000.0,0.009999999776482582,0.1413392275571823,1.0
4113,87.99065245116613,1547.8700042511086,3018.8447623284437,50000.0,0.009999999776482582,0.1059788167476654,1.0
4114,43.121688809228026,1565.8719006589267,3019.472506269155,50000.0,0.009999999776482582,0.021628063172101974,1.0
4115,10.431422815026908,0.01404545665820628,8608.4916990553,50000.0,0.009999999776482582,0.004886808339506388,1.0
4116,87.86911850242103,1628.3572607308056,3020.1148624904267,50000.0,0.009999999776482582,0.10579994320869446,1.0
4117,53.94755169955827,0.01244120095884275,8614.880568230494,50000.0,0.009999999776482582,0.05416273698210716,1.0
4118,102.55456475343274,1613.2364562979972,3020.516879487108,50000.0,0.009999999776482582,0.15482421219348907,1.0
4119,75.54509524271828,0.01027722408352202,8618.235260755991,50000.0,0.009999999776482582,0.10310568660497665,1.0
4120,68.22910508546701,1525.4694387152524,3020.5157172237327,50000.0,0.009999999776482582,0.07052834331989288,1.0
4121,59.95791590742906,2180.6787935641346,3020.943124837123,50000.0,0.009999999776482582,0.038114387542009354,1.0
4122,56.35868964652985,0.012857927146066116,8624.621493369972,50000.0,0.009999999776482582,0.039686840027570724,1.0
4123,93.63172262097356,0.0075409655696602115,8628.845396950004,50000.0,0.009999999776482582,0.13751685619354248,1.0
4124,77.22543544949406,0.010704096457959111,8630.01622719433,50000.0,0.009999999776482582,0.08834867924451828,1.0
4125,10.359595252523222,0.015259153638011955,8632.72758617951,50000.0,0.009999999776482582,0.004851037636399269,1.0
4126,53.86870098515881,0.013518221612029415,8639.231411138044,50000.0,0.009999999776482582,0.05364237725734711,1.0
4127,81.51273302870231,2193.2114980253973,3022.0594979165235,50000.0,0.009999999776482582,0.07261677831411362,1.0
4128,77.17295417972404,0.011177128263977045,8642.621634856116,50000.0,0.009999999776482582,0.08809362351894379,1.0
4129,81.27473824581175,2300.841428312087,3023.4797467071867,50000.0,0.009999999776482582,0.07233824580907822,1.0
4130,10.326780757575008,0.015850327972226397,8643.816126094842,50000.0,0.009999999776482582,0.004835749045014381,1.0
4131,81.002077856763,2440.73315442101,3024.912929322402,50000.0,0.009999999776482582,0.07211054861545563,1.0
4132,77.1165783758877,0.011405869016351088,8648.509315095916,50000.0,0.009999999776482582,0.08785206079483032,1.0
4133,77.08528747558755,0.011511506490160141,8651.152731444712,50000.0,0.009999999776482582,0.08770523965358734,1.0
4134,80.8783925721747,2459.8541847120314,3026.1983305284725,50000.0,0.009999999776482582,0.07178611308336258,1.0
4135,10.301879087197673,0.016316313299954265,8652.203866556169,50000.0,0.009999999776482582,0.004824473988264799,1.0
4136,53.852229652821315,0.014448894081815862,8658.647079632387,50000.0,0.009999999776482582,0.05348890647292137,1.0
4137,10.267525417805677,0.01695072517598767,8663.48720594718,50000.0,0.009999999776482582,0.004807472229003906,1.0
4138,71.83975161932344,3108.4420165832403,3027.450338101785,50000.0,0.009999999776482582,0.05391917750239372,1.0
4139,42.053555615150316,1868.5385007494274,3029.115662662196,50000.0,0.009999999776482582,0.021036123856902122,1.0
4140,69.27874328921685,1889.5739114538703,3029.640702488439,50000.0,0.009999999776482582,0.05507230386137962,1.0
4141,41.90911587717079,1910.2916614190842,3030.3817814191934,50000.0,0.009999999776482582,0.02095530740916729,1.0
4142,56.03637344801501,0.03069944681998061,8638.314382310606,50000.0,0.009999999776482582,0.03880864009261131,1.0
4143,78.53298742566223,0.02515104015484412,8642.16809576897,50000.0,0.009999999776482582,0.07263045012950897,1.0
4144,93.37619629624639,0.0178143039091486,8644.10564216409,50000.0,0.009999999776482582,0.13590039312839508,1.0
4145,67.49696487333495,1882.8850894144919,3031.211796204227,50000.0,0.009999999776482582,0.06954191625118256,1.0
4146,94.53926397186352,0.017855559266886097,8646.919444107898,50000.0,0.009999999776482582,0.12063770741224289,1.0
4147,58.59606672805357,2588.4505821084017,3031.649139396831,50000.0,0.009999999776482582,0.037142060697078705,1.0
4148,86.95795130158871,1871.8374615153352,3032.7417308677354,50000.0,0.009999999776482582,0.10286704450845718,1.0
4149,55.80860109464571,0.030924727524315958,8647.328976953751,50000.0,0.009999999776482582,0.038215551525354385,1.0
4150,76.82899746662076,0.025340059068013662,8651.327113645086,50000.0,0.009999999776482582,0.08656278252601624,1.0
4151,93.21625923963033,0.017959793916483145,8653.888445492465,50000.0,0.009999999776482582,0.1348104029893875,1.0
4152,42.101436313006275,1766.7234035966248,3033.153609677868,50000.0,0.009999999776482582,0.020894108340144157,1.0
4153,10.170969842809164,0.036038215609161255,8658.30072874344,50000.0,0.009999999776482582,0.004762014374136925,1.0
4154,10.15183686019881,0.03623501326134825,8664.353922221655,50000.0,0.009999999776482582,0.004752686247229576,1.0
4155,55.698255188266856,0.031564255727179656,8670.345248705431,50000.0,0.009999999776482582,0.03793858736753464,1.0
4156,41.955937189936044,1832.2451191090938,3034.055945667633,50000.0,0.009999999776482582,0.020844541490077972,1.0
4157,68.91642881987784,1855.805765232398,3034.6000139735775,50000.0,0.009999999776482582,0.0539126843214035,1.0
4158,88.47634524732594,3257.988185464511,3035.3636477002465,50000.0,0.009999999776482582,0.1011507511138916,1.0
4159,85.54406596051416,1870.0875020581516,3036.7494742876906,50000.0,0.009999999776482582,0.11719251424074173,1.0
4160,67.31681003620305,1801.5073376627736,3036.850216714908,50000.0,0.009999999776482582,0.06876027584075928,1.0
4161,87.94756455039715,1783.0954713971958,3037.1468679157906,50000.0,0.009999999776482582,0.08680819720029831,1.0
4162,94.58475128966175,2573.7519374383583,3038.1215885329666,50000.0,0.009999999776482582,0.13260704278945923,1.0
4163,108.89861441743632,6.177157379542321e-15,inf,50000.0,0.009999999776482582,0.15170630812644958,1.0
4164,68.7139430561791,1749.2681756284824,3038.9764052842224,50000.0,0.009999999776482582,0.05322408676147461,1.0
4165,68.63846553281917,1782.0384715382506,3039.738661332366,50000.0,0.009999999776482582,0.05311310663819313,1.0
4166,41.595956544891244,1811.2093712449978,3040.5202982957894,50000.0,0.009999999776482582,0.020457051694393158,1.0
4167,85.42020112785512,1837.4489530824212,3041.139187241352,50000.0,0.009999999776482582,0.11643306910991669,1.0
4168,68.56418624887617,1770.9897981563945,3041.2216296286288,50000.0,0.009999999776482582,0.05295923352241516,1.0
4169,75.31847463986745,0.02596023548532933,8678.2855974039,50000.0,0.009999999776482582,0.1005486249923706,1.0
4170,77.71988155345078,0.026043581900231868,8681.301586732712,50000.0,0.009999999776482582,0.06976485252380371,1.0
4171,53.7173531796906,0.0319502849328572,8683.306851373341,50000.0,0.009999999776482582,0.05252544954419136,1.0
4172,79.57714857651888,2433.288962869669,3041.7033368372604,50000.0,0.009999999776482582,0.06837588548660278,1.0
4173,85.3709908263669,1781.9591901548229,3043.117590718215,50000.0,0.009999999776482582,0.11582550406455994,1.0
4174,10.08538746292204,0.03700691820814928,8686.66046570206,50000.0,0.009999999776482582,0.004721865989267826,1.0
4175,89.05812186482902,3003.307086982778,3043.2813080540145,50000.0,0.009999999776482582,0.08367184549570084,1.0
4176,68.27948756907261,1805.291395011515,3045.209554936027,50000.0,0.009999999776482582,0.05239676311612129,1.0
4177,68.21378054189242,1828.0424445157369,3045.9264813034074,50000.0,0.009999999776482582,0.05228672921657562,1.0
4178,66.91187910721726,1850.2919020485613,3046.675286311723,50000.0,0.009999999776482582,0.06779483705759048,1.0
4179,87.15403367429909,1821.1754772302022,3046.932899522929,50000.0,0.009999999776482582,0.0842558890581131,1.0
4180,68.07002488479397,1844.943461732036,3047.7859594937963,50000.0,0.009999999776482582,0.0519690066576004,1.0
4181,57.187272509782375,2632.924881071884,3048.5090014499874,50000.0,0.009999999776482582,0.03530843183398247,1.0
4182,86.02623024512341,1876.0890879671394,3049.558108087298,50000.0,0.009999999776482582,0.09948944300413132,1.0
4183,101.66301611466393,1847.3685734359776,3049.964460947,50000.0,0.009999999776482582,0.13113924860954285,1.0
4184,93.50364514830692,0.018570108993411886,8689.280343302496,50000.0,0.009999999776482582,0.11558058857917786,1.0
4185,91.90071090733983,0.018576870016323372,8689.908002426762,50000.0,0.009999999776482582,0.14736148715019226,1.0
4186,53.659993039035,0.03222272446635077,8691.725549283568,50000.0,0.009999999776482582,0.05207682400941849,1.0
4187,54.977947560504106,0.03238232710138833,8696.260214025244,50000.0,0.009999999776482582,0.036192458122968674,1.0
4188,92.58772925134915,0.018782585656069377,8700.22276083401,50000.0,0.009999999776482582,0.1307145208120346,1.0
4189,76.08652222133642,0.026589170730038483,8701.305908698225,50000.0,0.009999999776482582,0.08321130275726318,1.0
4190,54.86006360506752,0.032650290300880146,8703.782880965022,50000.0,0.009999999776482582,0.03592916205525398,1.0
4191,86.01501696836347,1623.1266934390421,3049.912472756154,50000.0,0.009999999776482582,0.09828849136829376,1.0
4192,67.95259251995961,1628.1278774813818,3050.480536412578,50000.0,0.009999999776482582,0.05104249343276024,1.0
4193,93.77401162494255,0.018965715204261813,8708.455766713812,50000.0,0.009999999776482582,0.09766846150159836,1.0
4194,75.89871320787235,0.026808711346847997,8708.295678874876,50000.0,0.009999999776482582,0.0825527012348175,1.0
4195,101.24335995882798,1667.1781134629932,3051.629342201641,50000.0,0.009999999776482582,0.12836770713329315,1.0
4196,85.78676863950864,1674.216314842505,3052.351249754403,50000.0,0.009999999776482582,0.09751518815755844,1.0
4197,53.604790650420824,0.03281913660657325,8708.12556021097,50000.0,0.009999999776482582,0.051685936748981476,1.0
4198,66.97451519267702,1651.1920360309434,3052.7784613920467,50000.0,0.009999999776482582,0.06690116971731186,1.0
4199,54.50258545801156,0.03306198337861136,8714.507067951618,50000.0,0.009999999776482582,0.03512097895145416,1.0
4200,54.46170045045243,0.033217816786966614,8718.439641719873,50000.0,0.009999999776482582,0.03502843156456947,1.0
4201,91.72816363268332,0.019276542585486035,8722.610416840942,50000.0,0.009999999776482582,0.14535671472549438,1.0
4202,54.42105620938992,0.033440112011362794,8724.145001585455,50000.0,0.009999999776482582,0.03495181351900101,1.0
4203,67.68070763487839,1595.0106775602196,3053.106429382076,50000.0,0.009999999776482582,0.05016617849469185,1.0
4204,54.34620499810746,0.03365705770402765,8729.284739978795,50000.0,0.009999999776482582,0.03478255867958069,1.0
4205,67.55136915548174,1652.7805091098137,3054.098305350581,50000.0,0.009999999776482582,0.04998456686735153,1.0
4206,53.55612170752579,0.03387170764436732,8734.446153362496,50000.0,0.009999999776482582,0.05140901356935501,1.0
4207,75.58781694680597,0.027826468583381454,8739.047769751738,50000.0,0.009999999776482582,0.08131092041730881,1.0
4208,66.93553513169802,1647.8863873017553,3054.7194967227556,50000.0,0.009999999776482582,0.06657660752534866,1.0
4209,85.09770150763755,1652.5904610055256,3055.187421665764,50000.0,0.009999999776482582,0.11307213455438614,1.0
4210,92.46864814321638,0.019798988800060865,8743.748331596518,50000.0,0.009999999776482582,0.11097309738397598,1.0
4211,85.52655646805829,1601.655998436941,3055.4666178870975,50000.0,0.009999999776482582,0.09607990831136703,1.0
4212,57.674411767811506,2277.9404975453585,3056.0872290342327,50000.0,0.009999999776482582,0.03509693592786789,1.0
4213,54.141125250876144,0.034309099014563915,8744.410345468863,50000.0,0.009999999776482582,0.03435447812080383,1.0
4214,75.43396817490523,0.028166632891345612,8748.386174758669,50000.0,0.009999999776482582,0.08066241443157196,1.0
4215,9.892556148522678,0.03994514847220982,8750.896487547,50000.0,0.009999999776482582,0.004630574956536293,1.0
4216,9.8742498799078,0.04027559794955523,8757.025792496444,50000.0,0.009999999776482582,0.00462165754288435,1.0
4217,54.054038200694066,0.0351832863256292,8763.040861207812,50000.0,0.009999999776482582,0.03416823595762253,1.0
4218,9.844283513730955,0.04084078714909813,8767.056233009016,50000.0,0.009999999776482582,0.004607188515365124,1.0
4219,74.98232093088305,0.029144154497943595,8773.317116282871,50000.0,0.009999999776482582,0.0973135381937027,1.0
4220,67.25233348704103,1653.9629518182596,3057.428579947562,50000.0,0.009999999776482582,0.049293868243694305,1.0
4221,85.27535109581112,1695.0343724107443,3058.2134805490455,50000.0,0.009999999776482582,0.09544016420841217,1.0
4222,85.54961624676162,1693.1951666923903,3058.7186152440054,50000.0,0.009999999776482582,0.07844065874814987,1.0
4223,100.28386899017468,1733.3454570411125,3059.606752712946,50000.0,0.009999999776482582,0.12432645261287689,1.0
4224,41.04792390307812,1730.4551501188107,3060.3172928425697,50000.0,0.009999999776482582,0.019729232415556908,1.0
4225,74.94824021266486,0.04733189295083739,8800.518361075341,50000.0,0.009999999776482582,0.09696242958307266,1.0
4226,75.18302301987033,0.047405765995167735,8803.501463352743,50000.0,0.009999999776482582,0.07970686256885529,1.0
4227,53.414830565589504,0.05812543957664013,8805.90023267848,50000.0,0.009999999776482582,0.05059463158249855,1.0
4228,100.19072236960224,1653.745983022943,3060.3031497748443,50000.0,0.009999999776482582,0.12362458556890488,1.0
4229,53.39768411757741,0.05818667764455096,8807.933684009424,50000.0,0.009999999776482582,0.05049047991633415,1.0
4230,9.78075712721969,0.0673469044720268,8812.3857795523,50000.0,0.009999999776482582,0.004576123785227537,1.0
4231,66.93703631790163,1645.7446170862597,3060.9064583072004,50000.0,0.009999999776482582,0.04853139817714691,1.0
4232,66.63756910470731,1686.569527529826,3061.7157366761226,50000.0,0.009999999776482582,0.06552393734455109,1.0
4233,75.04787522067123,0.04786737181996772,8820.96887954768,50000.0,0.009999999776482582,0.07915833592414856,1.0
4234,53.61158704924388,0.05870021566372387,8823.263850521731,50000.0,0.009999999776482582,0.033268075436353683,1.0
4235,53.363707420645234,0.0588350723259165,8827.108047820406,50000.0,0.009999999776482582,0.05031760782003403,1.0
4236,91.63158002595434,0.03406815306827593,8831.335919846233,50000.0,0.009999999776482582,0.10751865059137344,1.0
4237,74.91314920412819,0.04818108248314335,8831.630184934998,50000.0,0.009999999776482582,0.07867606729269028,1.0
4238,53.333003130556136,0.05908929333996828,8834.043057948713,50000.0,0.009999999776482582,0.050147440284490585,1.0
4239,85.01795980907269,1591.9688894129429,3061.9709150195667,50000.0,0.009999999776482582,0.07649637013673782,1.0
4240,66.66644014298865,1641.688811787613,3062.962475538717,50000.0,0.009999999776482582,0.0652376115322113,1.0
4241,41.12278187636191,1643.397327979438,3063.3975958884957,50000.0,0.009999999776482582,0.019635744392871857,1.0
4242,74.87037594907275,0.04851383139867109,8842.135702953676,50000.0,0.009999999776482582,0.06108618155121803,1.0
4243,74.76739126398142,0.04857078454123357,8843.893381330861,50000.0,0.009999999776482582,0.07817169278860092,1.0
4244,84.74957277997981,1678.1522673732898,3064.3282084342995,50000.0,0.009999999776482582,0.11057953536510468,1.0
4245,53.286749228446716,0.05957661397157376,8846.578070421316,50000.0,0.009999999776482582,0.04988685995340347,1.0
4246,74.71301181390903,0.04879669022113586,8850.86944046903,50000.0,0.009999999776482582,0.07788847386837006,1.0
4247,93.70942225221138,2264.695607449476,3064.3370973328583,50000.0,0.009999999776482582,0.10794585943222046,1.0
4248,105.1044284615657,7.094918163883984e-15,inf,50000.0,0.009999999776482582,0.13353092968463898,1.0
4249,74.44213846424474,0.048713614698276786,8848.253003576787,50000.0,0.009999999776482582,0.05991259217262268,1.0
4250,66.57850321013174,1647.3044319195794,3066.09022604956,50000.0,0.009999999776482582,0.06478914618492126,1.0
4251,41.06135836488352,1648.6169374369222,3066.5185702151966,50000.0,0.009999999776482582,0.019574863836169243,1.0
4252,90.79683345465733,0.034609947352898636,8854.639111255765,50000.0,0.009999999776482582,0.08720186352729797,1.0
4253,52.89043433081753,0.05991673950585895,8854.332647633373,50000.0,0.009999999776482582,0.03183745965361595,1.0
4254,90.51538659624792,0.034697297753570534,8857.836120663733,50000.0,0.009999999776482582,0.08624261617660522,1.0
4255,90.61514977581395,0.034689083897626795,8857.48195248036,50000.0,0.009999999776482582,0.1036946251988411,1.0
4256,66.53438903379761,1717.5998441865197,3068.292088063045,50000.0,0.009999999776482582,0.06476176530122757,1.0
4257,66.03801769006782,1711.3219631862196,3068.653425444668,50000.0,0.009999999776482582,0.04647473990917206,1.0
4258,84.6041066561117,1746.867176321497,3069.431774512059,50000.0,0.009999999776482582,0.10972712934017181,1.0
4259,90.8234803167589,0.0347643233904775,8860.726790090095,50000.0,0.009999999776482582,0.12125743180513382,1.0
4260,52.588491166854546,0.06023564849642286,8861.54944233059,50000.0,0.009999999776482582,0.03126386180520058,1.0
4261,90.37244454526214,0.034884487547870636,8865.144992499685,50000.0,0.009999999776482582,0.10271795094013214,1.0
4262,52.46510680348775,0.06041613867422637,8865.37597295187,50000.0,0.009999999776482582,0.031031128019094467,1.0
4263,74.06146275730889,0.0494789092020436,8869.0846319764,50000.0,0.009999999776482582,0.07576284557580948,1.0
4264,65.91870130653174,1640.769934767039,3069.788906980979,50000.0,0.009999999776482582,0.04600086808204651,1.0
4265,57.262822148140295,2374.5342319685396,3070.583579373603,50000.0,0.009999999776482582,0.03468012437224388,1.0
4266,66.38244135763445,1735.97337612841,3071.7712407760164,50000.0,0.009999999776482582,0.06428397446870804,1.0
4267,40.83578635770779,1727.3153653436439,3072.162609164211,50000.0,0.009999999776482582,0.019461920484900475,1.0
4268,53.1747062289729,0.06099648642828462,8877.59880749015,50000.0,0.009999999776482582,0.049218371510505676,1.0
4269,65.68257548934822,1729.95290666803,3072.5839994802604,50000.0,0.009999999776482582,0.04579046368598938,1.0
4270,83.37429159657923,1757.7067875129503,3073.273856518029,50000.0,0.009999999776482582,0.07199927419424057,1.0
4271,73.93312765519362,0.04998687656947572,8881.667533632322,50000.0,0.009999999776482582,0.0753430500626564,1.0
4272,9.565848322404488,0.07080365131344599,8883.95595614404,50000.0,0.009999999776482582,0.004474172834306955,1.0
4273,66.2481409326224,1775.8155490149995,3074.1932239107355,50000.0,0.009999999776482582,0.06402961164712906,1.0
4274,73.89167566601617,0.050396378332956425,8891.29409321677,50000.0,0.009999999776482582,0.07517004758119583,1.0
4275,53.13238805532576,0.06183204496884034,8893.606275724384,50000.0,0.009999999776482582,0.04900270700454712,1.0
4276,83.2057388915635,1721.633560657702,3074.343361193595,50000.0,0.009999999776482582,0.0714467316865921,1.0
4277,53.124187771543006,0.06201154097507154,8896.806432171836,50000.0,0.009999999776482582,0.04895564168691635,1.0
4278,103.91495620552395,1.3054169977781413e-14,inf,50000.0,0.009999999776482582,0.14515309035778046,1.0
4279,77.27140816245243,2383.797750516207,3075.033428591129,50000.0,0.009999999776482582,0.07861973345279694,1.0
4280,89.10920898923125,0.03588057795495503,8898.639150474062,50000.0,0.009999999776482582,0.08183196932077408,1.0
4281,53.088189450505034,0.06210127028664728,8898.37371407432,50000.0,0.009999999776482582,0.048753347247838974,1.0
4282,53.07376839287118,0.062341402950361065,8902.679040548468,50000.0,0.009999999776482582,0.04868857562541962,1.0
4283,99.18858311864622,1687.549462070023,3076.225350821211,50000.0,0.009999999776482582,0.1518774926662445,1.0
4284,9.502825470725506,0.0721646117754643,8905.776000876818,50000.0,0.009999999776482582,0.004442508332431316,1.0
4285,72.79853846555875,0.05132343712307985,8911.303173668242,50000.0,0.009999999776482582,0.055647749453783035,1.0
4286,74.38709579089975,0.051405583194837595,8913.173478374905,50000.0,0.009999999776482582,0.09247895330190659,1.0
4287,76.53269109853936,2261.189746161116,3076.235908401427,50000.0,0.009999999776482582,0.05968369171023369,1.0
4288,83.49290585982229,1675.3625906986597,3077.6933711681013,50000.0,0.009999999776482582,0.08858777582645416,1.0
4289,65.15322830216822,1678.7110615461029,3078.2540701788575,50000.0,0.009999999776482582,0.04458066076040268,1.0
4290,40.595412742564314,1712.920362727335,3079.054752030487,50000.0,0.009999999776482582,0.019198346883058548,1.0
4291,40.49816982583004,1742.1633012725338,3079.6906721560804,50000.0,0.009999999776482582,0.019155343994498253,1.0
4292,83.30084544437732,1770.8055606443213,3080.303924521436,50000.0,0.009999999776482582,0.08831936866044998,1.0
4293,83.26451643191851,1764.4913616439949,3080.836383830009,50000.0,0.009999999776482582,0.08818509429693222,1.0
4294,64.88191116568643,1756.9162768376823,3081.3585582621276,50000.0,0.009999999776482582,0.04425356537103653,1.0
4295,56.19542417209189,2521.0280784594247,3082.1257905836537,50000.0,0.009999999776482582,0.03364571928977966,1.0
4296,83.10871830098986,1818.6934131035343,3083.282878740301,50000.0,0.009999999776482582,0.08791866153478622,1.0
4297,74.32085974607587,0.051798677717098875,8920.839896246724,50000.0,0.009999999776482582,0.09195929765701294,1.0
4298,83.10880018619612,1751.047960557836,3083.4293487715167,50000.0,0.009999999776482582,0.08767994493246078,1.0
4299,76.54012969970536,2469.3146370753107,3084.003717436806,50000.0,0.009999999776482582,0.07700212299823761,1.0
4300,82.17306273277123,1753.3745672702346,3084.9745929552955,50000.0,0.009999999776482582,0.06895691901445389,1.0
4301,82.94794535933224,1781.6236758935154,3085.8842190327227,50000.0,0.009999999776482582,0.08730747550725937,1.0
4302,81.99345878802762,1770.0682104847297,3086.398982925434,50000.0,0.009999999776482582,0.06852058321237564,1.0
4303,74.25810414944091,0.05173195649791105,8919.483107889968,50000.0,0.009999999776482582,0.09148497134447098,1.0
4304,55.888438376635136,2462.8165921238433,3086.957326756951,50000.0,0.009999999776482582,0.033151477575302124,1.0
4305,55.66269999416441,2518.277714714105,3088.264819553713,50000.0,0.009999999776482582,0.03299734741449356,1.0
4306,73.16990646978405,0.05190675401580438,8922.817629971993,50000.0,0.009999999776482582,0.07262454926967621,1.0
4307,39.83676416841709,1787.6508193519694,3089.4588905589344,50000.0,0.009999999776482582,0.01864444464445114,1.0
4308,73.1361679553537,0.05218735480997057,8928.07369042222,50000.0,0.009999999776482582,0.07251176238059998,1.0
4309,52.88597355007336,0.06404765866266413,8930.349617848824,50000.0,0.009999999776482582,0.047738805413246155,1.0
4310,91.3239563050514,2495.1019877785193,3089.876219310569,50000.0,0.009999999776482582,0.10075215250253677,1.0
4311,83.62453514616928,1767.656999793304,3091.0862179436617,50000.0,0.009999999776482582,0.10500754415988922,1.0
4312,55.50215076260377,2435.562179577528,3091.3335771473767,50000.0,0.009999999776482582,0.03264253959059715,1.0
4313,73.05922801996074,0.05238260151201282,8931.889559129992,50000.0,0.009999999776482582,0.07217094302177429,1.0
4314,82.57893224337576,1742.855534780765,3092.5884888702176,50000.0,0.009999999776482582,0.08610396832227707,1.0
4315,65.39028109811461,1736.1740925552517,3093.1976623723676,50000.0,0.009999999776482582,0.061458807438611984,1.0
4316,55.28514911055385,2442.308049717165,3093.705792319284,50000.0,0.009999999776482582,0.03240596875548363,1.0
4317,71.8838600436552,0.05259342875532784,8935.539379729817,50000.0,0.009999999776482582,0.0534956268966198,1.0
4318,82.41406216551542,1776.3172582240422,3095.2598264897624,50000.0,0.009999999776482582,0.08573728799819946,1.0
4319,52.803133427154165,0.06447744400478643,8936.805749151234,50000.0,0.009999999776482582,0.04733771085739136,1.0
4320,39.54028776882492,1742.7477680661773,3095.6915324286338,50000.0,0.009999999776482582,0.01832713931798935,1.0
4321,63.90968516381132,1764.2815077631712,3096.3798276329057,50000.0,0.009999999776482582,0.042647238820791245,1.0
4322,88.5124569263658,0.03758241367867043,8944.93196315896,50000.0,0.009999999776482582,0.09587758034467697,1.0
4323,74.04998000437298,0.05314423380063017,8945.26173056227,50000.0,0.009999999776482582,0.09007694572210312,1.0
4324,63.870737585297555,1714.1713063643788,3096.769556934609,50000.0,0.009999999776482582,0.04245777055621147,1.0
4325,52.755266779539525,0.06534952888793037,8949.019929271131,50000.0,0.009999999776482582,0.047120772302150726,1.0
4326,88.34500346090385,0.03792904196111373,8953.154826925369,50000.0,0.009999999776482582,0.09528376907110214,1.0
4327,65.25924549444882,1701.9464466180525,3097.431445334142,50000.0,0.009999999776482582,0.0609143003821373,1.0
4328,83.34079021540721,1701.961989780746,3097.981321109496,50000.0,0.009999999776482582,0.10340419411659241,1.0
4329,55.143550978461036,2359.779567488082,3098.3150523918307,50000.0,0.009999999776482582,0.03206700086593628,1.0
4330,52.695124076591924,0.06582845859618408,8955.630956537265,50000.0,0.009999999776482582,0.046850670129060745,1.0
4331,71.40685453518459,0.054025813799889584,8959.649084346745,50000.0,0.009999999776482582,0.0524328239262104,1.0
4332,9.344396616743069,0.07652029825014411,8961.377479016093,50000.0,0.009999999776482582,0.004367415327578783,1.0
4333,54.9416182271032,2425.756836434221,3099.848319287262,50000.0,0.009999999776482582,0.03196517378091812,1.0
4334,52.682262964508205,0.06675773198333848,8967.460431185391,50000.0,0.009999999776482582,0.04679824411869049,1.0
4335,90.26518052057732,0.038754763604838455,8971.887791188625,50000.0,0.009999999776482582,0.13149762153625488,1.0
4336,50.845716204750204,0.06719512771709817,8972.961928579261,50000.0,0.009999999776482582,0.02828080952167511,1.0
4337,50.80067659796237,0.08877384714252902,8993.229328435686,50000.0,0.009999999776482582,0.02820638008415699,1.0
4338,39.41746553865956,1677.8895741387764,3100.798770773143,50000.0,0.009999999776482582,0.018112706020474434,1.0
4339,52.62580411890809,0.0891836276268669,8999.84376893494,50000.0,0.009999999776482582,0.046560369431972504,1.0
4340,52.61050521094742,0.08944677834874104,9003.983171658232,50000.0,0.009999999776482582,0.046497806906700134,1.0
4341,80.82852440768264,1667.899307369807,3101.215822712184,50000.0,0.009999999776482582,0.06570146232843399,1.0
4342,63.474526024211606,1696.3364414782452,3102.119041001683,50000.0,0.009999999776482582,0.04174027591943741,1.0
4343,95.80814546572199,1723.4139928901416,3102.903079142277,50000.0,0.009999999776482582,0.10740769654512405,1.0
4344,75.3318685320778,2429.8656722951155,3103.610873611099,50000.0,0.009999999776482582,0.07380348443984985,1.0
4345,70.9191747531767,0.07307876908006719,9004.351077082754,50000.0,0.009999999776482582,0.05136086419224739,1.0
4346,100.77001936496357,1.457173348908488e-14,inf,50000.0,0.009999999776482582,0.11651041358709335,1.0
4347,81.65774859403592,1716.7320296175935,3104.973375427013,50000.0,0.009999999776482582,0.08318644016981125,1.0
4348,70.55634629843463,0.07304715950152259,9003.55650257068,50000.0,0.009999999776482582,0.05057471990585327,1.0
4349,70.43044132007998,0.07313739077131239,9005.091116577098,50000.0,0.009999999776482582,0.05030364543199539,1.0
4350,39.24474139253611,1725.489627372554,3105.907016553697,50000.0,0.009999999776482582,0.018020188435912132,1.0
4351,9.252397023702418,0.10375612522085303,9009.67355802734,50000.0,0.009999999776482582,0.004323926288634539,1.0
4352,79.94030966271032,1756.7122942033006,3106.627428186722,50000.0,0.009999999776482582,0.06370751559734344,1.0
4353,91.26204540664352,2514.98174988294,3107.5202056209037,50000.0,0.009999999776482582,0.11558853089809418,1.0
4354,64.82498183683492,1746.2356015598205,3108.4558466205185,50000.0,0.009999999776482582,0.05978217348456383,1.0
4355,54.42624485865701,2455.824972661784,3108.964775640727,50000.0,0.009999999776482582,0.03141314908862114,1.0
4356,73.73102102082105,0.07358803594420203,9013.54023760502,50000.0,0.009999999776482582,0.08799681812524796,1.0
4357,62.79607353893858,1723.7462852479314,3109.994137048726,50000.0,0.009999999776482582,0.04060392081737518,1.0
4358,9.231600120212464,0.10433400180409284,9017.1083236069,50000.0,0.009999999776482582,0.004313939716666937,1.0
4359,73.69225201247899,0.07411982093896892,9022.723122824933,50000.0,0.009999999776482582,0.08777176588773727,1.0
4360,88.57387587123029,0.052527229080623246,9025.346578762894,50000.0,0.009999999776482582,0.11029320955276489,1.0
4361,64.758398883231,1665.2857973315558,3110.243496203278,50000.0,0.009999999776482582,0.05929598957300186,1.0
4362,50.01780458611256,0.09110731736853774,9027.448676860758,50000.0,0.009999999776482582,0.027009934186935425,1.0
4363,64.72187862671437,1674.6426798250814,3110.917012174415,50000.0,0.009999999776482582,0.059222862124443054,1.0
4364,52.43292617721625,0.09149057518847632,9032.645105725771,50000.0,0.009999999776482582,0.04569926857948303,1.0
4365,9.176036407292822,0.10598686667262673,9036.637586802808,50000.0,0.009999999776482582,0.004285810980945826,1.0
4366,81.22609679394988,1665.5830066049411,3111.3618347730594,50000.0,0.009999999776482582,0.08174527436494827,1.0
4367,89.8369060101923,0.05324962249758327,9041.870072395137,50000.0,0.009999999776482582,0.12819281220436096,1.0
4368,82.72944480615568,1601.9327570173418,3111.515178063415,50000.0,0.009999999776482582,0.09998052567243576,1.0
4369,81.20070313362922,1585.8937193140578,3111.9438907037265,50000.0,0.009999999776482582,0.08135250955820084,1.0
4370,49.90687256379636,0.0922534213860663,9042.590740214036,50000.0,0.009999999776482582,0.026862826198339462,1.0
4371,49.85978801888224,0.09254198318813957,9046.037623192095,50000.0,0.009999999776482582,0.026792345568537712,1.0
4372,62.62608936762908,1608.0803386183366,3112.7795734627275,50000.0,0.009999999776482582,0.04013213887810707,1.0
4373,64.58911658964826,1642.0030682328475,3113.6646020029107,50000.0,0.009999999776482582,0.05864737555384636,1.0
4374,86.75265475941205,0.0537475313642979,9052.09296520643,50000.0,0.009999999776482582,0.0900278314948082,1.0
4375,54.34353579594176,2299.9913401095314,3114.2115587713083,50000.0,0.009999999776482582,0.03101765736937523,1.0
4376,64.46735137798441,1683.4843485745523,3115.783661439023,50000.0,0.009999999776482582,0.05847728252410889,1.0
4377,62.35573606406245,1680.8009773413269,3116.3514281891576,50000.0,0.009999999776482582,0.03985276818275452,1.0
4378,69.64684385120798,0.07621493954568102,9054.99558859795,50000.0,0.009999999776482582,0.04876815527677536,1.0
4379,38.679690532810206,1710.8037368777113,3117.2890492492666,50000.0,0.009999999776482582,0.01753237470984459,1.0
4380,38.59809345751648,1731.4523276167783,3118.059812810904,50000.0,0.009999999776482582,0.01749606244266033,1.0
4381,38.52107843375394,1749.662946305664,3118.8147653439105,50000.0,0.009999999776482582,0.017459852620959282,1.0
4382,73.39808075136237,0.07696186608496818,9065.416800938743,50000.0,0.009999999776482582,0.08601592481136322,1.0
4383,49.59290163966756,0.09448072080425911,9067.89092183559,50000.0,0.009999999776482582,0.026402978226542473,1.0
4384,88.92911213710109,2445.87745084001,3119.3029956514156,50000.0,0.009999999776482582,0.0935000404715538,1.0
4385,53.62873044811885,2443.205815590174,3120.6432505699136,50000.0,0.009999999776482582,0.030519386753439903,1.0
4386,69.44982534956533,0.07722241879255877,9068.538908603101,50000.0,0.009999999776482582,0.04837429150938988,1.0
4387,38.34292126637562,1760.0998744139702,3122.213798709018,50000.0,0.009999999776482582,0.017330072820186615,1.0
4388,53.36519820491707,2506.7578429464857,3122.9563155664036,50000.0,0.009999999776482582,0.030352069064974785,1.0
4389,80.42907825930747,1788.585648598871,3124.3481575771584,50000.0,0.009999999776482582,0.07994945347309113,1.0
4390,82.17494346291048,1771.8666609948652,3124.932378578989,50000.0,0.009999999776482582,0.09862587600946426,1.0
4391,82.1559869874947,1730.3577337999,3125.2965335443578,50000.0,0.009999999776482582,0.0983748659491539,1.0
4392,71.31296867308977,0.07752813218995445,9072.85352142053,50000.0,0.009999999776482582,0.06666357815265656,1.0
4393,53.36874270571217,2367.5203974703313,3125.568506703881,50000.0,0.009999999776482582,0.030093103647232056,1.0
4394,38.130551868088254,1708.3363828758208,3127.0935038476523,50000.0,0.009999999776482582,0.01709863543510437,1.0
4395,69.27202878907674,0.07795659647798683,9078.05183563297,50000.0,0.009999999776482582,0.048038050532341,1.0
4396,86.15167663716086,0.055228623677557716,9079.649834162456,50000.0,0.009999999776482582,0.08823563158512115,1.0
4397,38.13298268710711,1712.8833233693297,3127.8309630151066,50000.0,0.009999999776482582,0.017099540680646896,1.0
4398,71.80614137337751,2445.886097484604,3128.572848927065,50000.0,0.009999999776482582,0.0515672005712986,1.0
4399,78.20066945023518,1750.8671384863349,3130.0281178628156,50000.0,0.009999999776482582,0.060234587639570236,1.0
4400,101.66521026357093,3.990407181997484e-14,inf,50000.0,0.009999999776482582,0.1470259726047516,1.0
4401,9.055327270164085,0.11035318172240409,9079.244651651676,50000.0,0.009999999776482582,0.004228425677865744,1.0
4402,53.03498448434601,2405.3723602640794,3130.428933168022,50000.0,0.009999999776482582,0.029798367992043495,1.0
4403,78.0345664500004,1728.6775784925103,3131.875823417592,50000.0,0.009999999776482582,0.059863630682229996,1.0
4404,68.68329880864756,0.07847226832175695,9083.8759422921,50000.0,0.009999999776482582,0.04690249264240265,1.0
4405,37.885368689938524,1745.5941431670674,3132.7551712924933,50000.0,0.009999999776482582,0.016946690157055855,1.0
4406,68.56102482457534,0.07884872238092507,9088.218130180696,50000.0,0.009999999776482582,0.046665988862514496,1.0
4407,85.56435808568445,0.055867032271711775,9089.841121431144,50000.0,0.009999999776482582,0.08672516793012619,1.0
4408,61.05862761406093,1743.0679383491615,3133.440357993529,50000.0,0.009999999776482582,0.037930071353912354,1.0
4409,48.67562110518508,0.09683974631486983,9090.786941604412,50000.0,0.009999999776482582,0.025143355131149292,1.0
4410,48.62843913054299,0.0972185398699379,9094.285843466563,50000.0,0.009999999776482582,0.02507922239601612,1.0
4411,37.849399916467796,1766.863136258038,3134.332532658423,50000.0,0.009999999776482582,0.016932059079408646,1.0
4412,8.992600263168761,0.11302312185344514,9100.618308978444,50000.0,0.009999999776482582,0.004199819173663855,1.0
4413,8.977097036234442,0.11372358761483303,9106.078620281616,50000.0,0.009999999776482582,0.0041923122480511665,1.0
4414,73.54040395958128,2539.045397095615,3135.158828808173,50000.0,0.009999999776482582,0.06987418234348297,1.0
4415,52.127079703582716,0.0989714368679145,9110.334060914509,50000.0,0.009999999776482582,0.044419314712285995,1.0
4416,68.13812171935173,0.08121085251560776,9114.173157440235,50000.0,0.009999999776482582,0.04587606340646744,1.0
4417,63.722909858100536,1765.0206515574816,3136.3064460053984,50000.0,0.009999999776482582,0.05702675133943558,1.0
4418,94.68439266943297,1752.7898304511398,3136.83880808196,50000.0,0.009999999776482582,0.11781429499387741,1.0
4419,89.30007211663799,0.05749629588529626,9115.542327505473,50000.0,0.009999999776482582,0.12425239384174347,1.0
4420,71.1497442575724,2334.6198658467742,3136.790438088359,50000.0,0.009999999776482582,0.05013712868094444,1.0
4421,94.58678414776072,1688.5758613613787,3138.3377513816185,50000.0,0.009999999776482582,0.11714217811822891,1.0
4422,63.65982489929097,1659.3818599146575,3138.8181571330056,50000.0,0.009999999776482582,0.05649843439459801,1.0
4423,8.955263747662924,0.11477983910578078,9114.4914508699,50000.0,0.009999999776482582,0.0041806683875620365,1.0
4424,37.73525343908925,1666.2497043398623,3139.501458670778,50000.0,0.009999999776482582,0.01670459285378456,1.0
4425,72.98178590993486,0.08200678286305825,9123.015471210463,50000.0,0.009999999776482582,0.08360027521848679,1.0
4426,60.723011348979114,1651.8489651994998,3140.0118000559974,50000.0,0.009999999776482582,0.037316109985113144,1.0
4427,84.97425680137691,0.058254306264746876,9126.367457827728,50000.0,0.009999999776482582,0.08494940400123596,1.0
4428,70.35806167866497,0.08237215400256546,9126.473525197205,50000.0,0.009999999776482582,0.06419627368450165,1.0
4429,51.9366486714946,0.10111256731559846,9128.60732965248,50000.0,0.009999999776482582,0.04367168992757797,1.0
4430,51.920231059638446,0.12183823244174213,9145.317290117884,50000.0,0.009999999776482582,0.043611668050289154,1.0
4431,79.87776472693557,2784.556324440089,3140.364833343225,50000.0,0.009999999776482582,0.06216173246502876,1.0
4432,8.905593315614139,0.1406704292136927,9145.255470906774,50000.0,0.009999999776482582,0.004156374838203192,1.0
4433,86.91688239847738,0.07069085104376435,9150.619824868609,50000.0,0.009999999776482582,0.10337074100971222,1.0
4434,63.48796744821459,1643.6827289171888,3142.5370031546913,50000.0,0.009999999776482582,0.055917732417583466,1.0
4435,72.8086165584691,0.10011919141676062,9152.750654150046,50000.0,0.009999999776482582,0.08266135305166245,1.0
4436,67.53796955241829,0.10033540760195271,9154.996955454271,50000.0,0.009999999776482582,0.04485105723142624,1.0
4437,48.073559963231176,0.12303214834399902,9156.480023531894,50000.0,0.009999999776482582,0.024375829845666885,1.0
4438,60.41566939297146,1616.0861341141515,3142.981366210325,50000.0,0.009999999776482582,0.036780815571546555,1.0
4439,81.44746589948586,1642.2393982554856,3143.8138829276304,50000.0,0.009999999776482582,0.094912588596344,1.0
4440,79.03765081348008,1622.4318815482056,3144.276219600665,50000.0,0.009999999776482582,0.07575599104166031,1.0
4441,51.797953601953374,0.12346126791052356,9160.521681181048,50000.0,0.009999999776482582,0.0431462861597538,1.0
4442,37.63365413162035,1609.4978441619842,3144.8371538212027,50000.0,0.009999999776482582,0.01653694547712803,1.0
4443,52.351629350890406,2312.866206196845,3145.659101287974,50000.0,0.009999999776482582,0.02888333611190319,1.0
4444,8.843608629050884,0.18117753434846776,9183.43626896376,50000.0,0.009999999776482582,0.004125754348933697,1.0
4445,76.43427673566094,1686.9684361121188,3147.2783279765845,50000.0,0.009999999776482582,0.05668352171778679,1.0
4446,78.81315612103613,1700.3197280455124,3148.0774124946374,50000.0,0.009999999776482582,0.07541915774345398,1.0
4447,8.832654810111647,0.18157281065239814,9187.245204846467,50000.0,0.009999999776482582,0.004120789002627134,1.0
4448,52.001984591477274,2403.2166947165165,3148.7677854743883,50000.0,0.009999999776482582,0.02869383618235588,1.0
4449,93.7986865290259,1731.16096729075,3150.3041809888896,50000.0,0.009999999776482582,0.11420790106058121,1.0
4450,76.16376883802552,1695.352357389527,3150.7116581221603,50000.0,0.009999999776482582,0.05619635432958603,1.0
4451,59.84590592037807,1704.8121265046964,3151.502766413821,50000.0,0.009999999776482582,0.03613966330885887,1.0
4452,84.09311368544923,0.09100438207461516,9190.79080172598,50000.0,0.009999999776482582,0.08251569420099258,1.0
4453,63.095105479130794,1697.1645431653558,3152.1624291423977,50000.0,0.009999999776482582,0.0551142543554306,1.0
4454,72.65518357575488,2395.4140895073865,3152.8186403973536,50000.0,0.009999999776482582,0.06720475107431412,1.0
4455,75.84692641535678,1699.3534911751938,3154.1835597634617,50000.0,0.009999999776482582,0.05560803785920143,1.0
4456,59.60126888364304,1707.1225894129886,3154.9597563512175,50000.0,0.009999999776482582,0.035796698182821274,1.0
4457,51.71828776587371,0.15761612304446374,9191.251392845732,50000.0,0.009999999776482582,0.04283720627427101,1.0
4458,51.70086775065149,0.15796641239163337,9195.10994282503,50000.0,0.009999999776482582,0.042776625603437424,1.0
4459,69.63891240308429,0.1292864922019874,9198.904972531851,50000.0,0.009999999776482582,0.062258001416921616,1.0
4460,66.5263359315343,0.12944115290243008,9200.748240378005,50000.0,0.009999999776482582,0.04308105632662773,1.0
4461,59.508209590876085,1675.0195696297023,3155.394862556847,50000.0,0.009999999776482582,0.03559010475873947,1.0
4462,51.6727813959426,0.15875783983010675,9203.285702599618,50000.0,0.009999999776482582,0.04267275705933571,1.0
4463,69.50046829675583,0.12994826263989423,9207.08485557463,50000.0,0.009999999776482582,0.06194602698087692,1.0
4464,51.640614966111954,0.15932700000687558,9209.091321497548,50000.0,0.009999999776482582,0.04255875572562218,1.0
4465,62.97809746168499,1651.0646270715208,3155.88796648151,50000.0,0.009999999776482582,0.054611776024103165,1.0
4466,37.082337829375874,1651.262988554993,3156.5704935059143,50000.0,0.009999999776482582,0.016171613708138466,1.0
4467,66.2949136483775,0.13077965291633054,9216.963121629853,50000.0,0.009999999776482582,0.042689502239227295,1.0
4468,8.745047342385734,0.18509196957753124,9218.512325377247,50000.0,0.009999999776482582,0.004078874364495277,1.0
4469,59.3348792467033,1677.6493200551677,3157.444302103893,50000.0,0.009999999776482582,0.03534368425607681,1.0
4470,51.6104929064382,0.16098371186104882,9224.669795727637,50000.0,0.009999999776482582,0.042453400790691376,1.0
4471,47.15080928708234,0.16139546577823033,9228.292577347796,50000.0,0.009999999776482582,0.023217197507619858,1.0
4472,72.44210178504666,0.1321131126658233,9231.863795784726,50000.0,0.009999999776482582,0.08072613179683685,1.0
4473,8.70165685773324,0.18708095594922605,9234.094185998882,50000.0,0.009999999776482582,0.0040575312450528145,1.0
4474,72.45535453737392,2347.8616817087873,3157.9916972822184,50000.0,0.009999999776482582,0.06643317639827728,1.0
4475,36.929982716328674,1671.2584004507376,3159.4477704450924,50000.0,0.009999999776482582,0.016076069325208664,1.0
4476,72.37797423420011,0.13297927424449038,9241.121691859866,50000.0,0.009999999776482582,0.08041339367628098,1.0
4477,59.229881346118766,1657.686056788056,3159.9842835107643,50000.0,0.009999999776482582,0.035187844187021255,1.0
4478,80.7192216230099,1675.1350261086025,3160.821863397153,50000.0,0.009999999776482582,0.09218810498714447,1.0
4479,69.2308044505517,0.13327158396826103,9244.19666019965,50000.0,0.009999999776482582,0.06112116202712059,1.0
4480,47.044313968486556,0.16343727510200307,9246.051110043854,50000.0,0.009999999776482582,0.023092318326234818,1.0
4481,51.480625243016455,2316.8325585106686,3161.2300689925605,50000.0,0.009999999776482582,0.027996541932225227,1.0
4482,62.66134651008487,1670.7590188570198,3162.8818923008434,50000.0,0.009999999776482582,0.05389551445841789,1.0
4483,71.94193155907755,3328.20085653749,3163.5519948345877,50000.0,0.009999999776482582,0.05162898451089859,1.0
4484,62.49563713902123,1707.0579184295038,3166.721249358271,50000.0,0.009999999776482582,0.05372397601604462,1.0
4485,58.899832538780615,1696.2809737748246,3167.3225562408115,50000.0,0.009999999776482582,0.03485250473022461,1.0
4486,77.67978505976326,1705.0938094400208,3168.0923633514967,50000.0,0.009999999776482582,0.07263597846031189,1.0
4487,51.436138198498476,0.16371782826236062,9248.444498329052,50000.0,0.009999999776482582,0.04184400662779808,1.0
4488,65.85323798139152,0.13407432521296647,9251.96454814108,50000.0,0.009999999776482582,0.04196050763130188,1.0
4489,51.42020507756769,0.16438458367540126,9253.643381395144,50000.0,0.009999999776482582,0.041789062321186066,1.0
4490,68.65521068174331,2357.223812491508,3168.479429242348,50000.0,0.009999999776482582,0.0463733933866024,1.0
4491,85.22418362705127,2383.10829725115,3170.012138268852,50000.0,0.009999999776482582,0.08394763618707657,1.0
4492,36.35252154736959,1677.595211567543,3171.373106093166,50000.0,0.009999999776482582,0.01568039134144783,1.0
4493,68.97978729423343,0.13445902743802227,9255.63503848129,50000.0,0.009999999776482582,0.060485005378723145,1.0
4494,80.31231843965173,1677.1341602460443,3172.039078537018,50000.0,0.009999999776482582,0.09089973568916321,1.0
4495,8.63809062388371,0.1903527317838034,9257.51033754862,50000.0,0.009999999776482582,0.004026668146252632,1.0
4496,36.32803098834216,1656.5066928955807,3172.5552104841054,50000.0,0.009999999776482582,0.01563282497227192,1.0
4497,8.616094223786444,0.19157014320586982,9265.35674591563,50000.0,0.009999999776482582,0.00401614373549819,1.0
4498,85.51194548482954,0.09623606975846755,9270.541235920315,50000.0,0.009999999776482582,0.09781056642532349,1.0
4499,58.56137269259332,1644.2710679785923,3173.095114016532,50000.0,0.009999999776482582,0.03432023525238037,1.0
4500,76.85427774960047,2864.2701271905,3173.8658543054926,50000.0,0.009999999776482582,0.05741472169756889,1.0
4501,46.664411011828705,0.16631226666389945,9267.960285206676,50000.0,0.009999999776482582,0.022637125104665756,1.0
4502,68.09170688338284,2373.576781936801,3176.126921150874,50000.0,0.009999999776482582,0.045606579631567,1.0
4503,58.26854240155936,1689.0913078611018,3177.567010640062,50000.0,0.009999999776482582,0.034005582332611084,1.0
4504,89.67376080038281,1695.5438265504217,3178.270830885207,50000.0,0.009999999776482582,0.08987607061862946,1.0
4505,68.68582050830527,0.13587681064569396,9268.304506671093,50000.0,0.009999999776482582,0.05980651080608368,1.0
4506,65.07648026862086,0.13610256803953363,9270.11119007158,50000.0,0.009999999776482582,0.040683768689632416,1.0
4507,68.58451382267623,0.13628568114260478,9271.725239922007,50000.0,0.009999999776482582,0.05960285663604736,1.0
4508,80.11156311806704,1646.2655825043184,3178.609396169183,50000.0,0.009999999776482582,0.09009253233671188,1.0
4509,51.25249692222702,0.1671084903093205,9273.565856765737,50000.0,0.009999999776482582,0.041211243718862534,1.0
4510,62.118446932405355,1614.829147102183,3179.003400246653,50000.0,0.009999999776482582,0.0526031069457531,1.0
4511,68.50450447542595,0.13704945422448855,9278.58885023494,50000.0,0.009999999776482582,0.059312231838703156,1.0
4512,68.46248325579651,0.13727893143458852,9280.509004036434,50000.0,0.009999999776482582,0.05921047553420067,1.0
4513,51.187111554656795,0.16837118374410845,9282.421190473231,50000.0,0.009999999776482582,0.04099568724632263,1.0
4514,46.20225790870197,0.16891832402848833,9285.97140135817,50000.0,0.009999999776482582,0.02210661582648754,1.0
4515,8.550235181474022,0.19559701468764235,9289.272013037848,50000.0,0.009999999776482582,0.003984213341027498,1.0
4516,62.099930361078115,1587.0139282522691,3179.4113451742055,50000.0,0.009999999776482582,0.05239471420645714,1.0
4517,89.26126988495432,1589.527332356489,3180.0381344535476,50000.0,0.009999999776482582,0.08847818523645401,1.0
4518,81.50792776613773,2236.9778979657044,3180.64320714335,50000.0,0.009999999776482582,0.0627983808517456,1.0
4519,71.20699667211446,2275.3548996499944,3182.250673848919,50000.0,0.009999999776482582,0.0636259913444519,1.0
4520,61.92195261365227,1622.5402691690233,3183.6806542205995,50000.0,0.009999999776482582,0.05214562267065048,1.0
4521,71.78118414619131,0.13852270654920326,9290.7300840332,50000.0,0.009999999776482582,0.07753204554319382,1.0
4522,35.97959832512292,1594.9529079972283,3184.0997855330293,50000.0,0.009999999776482582,0.015300893224775791,1.0
4523,35.900272540275786,1615.0878513744512,3184.9293528624917,50000.0,0.009999999776482582,0.015273218974471092,1.0
4524,8.52600238390346,0.209107228613805,9302.901204550859,50000.0,0.009999999776482582,0.003972564823925495,1.0
4525,68.22568654069035,0.1485406627082189,9307.997444417471,50000.0,0.009999999776482582,0.05858009308576584,1.0
4526,8.506945748452905,0.21032749751488092,9309.828282905442,50000.0,0.009999999776482582,0.003963221795856953,1.0
4527,51.06030281164906,0.18296813214880867,9314.945584445615,50000.0,0.009999999776482582,0.04058555141091347,1.0
4528,76.55556243471675,1623.3406925484412,3185.606750086923,50000.0,0.009999999776482582,0.06971589475870132,1.0
4529,84.06468497518884,2289.4353131161697,3186.2296109180547,50000.0,0.009999999776482582,0.08088482916355133,1.0
4530,64.35904660260667,0.14946254290038521,9315.109260569081,50000.0,0.009999999776482582,0.03958423063158989,1.0
4531,45.81026131591576,0.18327460409033824,9316.609899654899,50000.0,0.009999999776482582,0.021666785702109337,1.0
4532,49.91147103335218,2294.1831532334772,3187.6162072491566,50000.0,0.009999999776482582,0.02645212598145008,1.0
4533,51.01985396599145,0.18386343168315636,9320.311578464327,50000.0,0.009999999776482582,0.04045075178146362,1.0
4534,79.57337734763436,1644.2003823549223,3189.093508595634,50000.0,0.009999999776482582,0.08804795145988464,1.0
4535,67.0796590717402,2294.986655236204,3189.558305714394,50000.0,0.009999999776482582,0.044007956981658936,1.0
4536,79.48759606093351,1648.4213782685001,3191.1023175668606,50000.0,0.009999999776482582,0.08779686689376831,1.0
4537,35.580645734571135,1626.4874728205348,3191.581171840837,50000.0,0.009999999776482582,0.015069100074470043,1.0
4538,76.19856596636305,1644.1581152144308,3192.358617657178,50000.0,0.009999999776482582,0.06896605342626572,1.0
4539,61.49610192924602,1636.5329318781796,3192.971799538268,50000.0,0.009999999776482582,0.051233839243650436,1.0
4540,8.464369428688018,0.24982850325082465,9337.909054966301,50000.0,0.009999999776482582,0.0039422884583473206,1.0
4541,64.10823958290759,0.1772824294302993,9342.842682355416,50000.0,0.009999999776482582,0.039210185408592224,1.0
4542,50.90921633208103,0.2173140169217318,9344.449594872664,50000.0,0.009999999776482582,0.04009876772761345,1.0
4543,8.43661494682677,0.25149109015185445,9347.982438088766,50000.0,0.009999999776482582,0.003928864374756813,1.0
4544,35.4856100275197,1633.2214832477011,3193.5819560018517,50000.0,0.009999999776482582,0.015004422515630722,1.0
4545,67.8316204007932,0.1788096392463194,9355.647541306931,50000.0,0.009999999776482582,0.0575871616601944,1.0
4546,35.45862469860467,1633.297778136735,3194.23543950638,50000.0,0.009999999776482582,0.014984321780502796,1.0
4547,50.87208677506195,0.2196571667718428,9360.21370752492,50000.0,0.009999999776482582,0.03998599573969841,1.0
4548,72.5944598047179,1638.592629197395,3194.8794797449596,50000.0,0.009999999776482582,0.04998503625392914,1.0
4549,50.85743306363646,0.22009147393419434,9362.932404421874,50000.0,0.009999999776482582,0.03993861749768257,1.0
4550,79.25789266158426,1635.4538981028365,3195.536757502908,50000.0,0.009999999776482582,0.08690006285905838,1.0
4551,72.49375839489954,1614.9682874566847,3195.991747746988,50000.0,0.009999999776482582,0.04979458823800087,1.0
4552,66.52803195084222,2291.1063455183516,3196.715828201268,50000.0,0.009999999776482582,0.04325980320572853,1.0
4553,49.177746583027165,2318.5123696153237,3198.228435557734,50000.0,0.009999999776482582,0.02583390660583973,1.0
4554,67.62356026553363,0.17991892331354972,9364.358221137365,50000.0,0.009999999776482582,0.057118818163871765,1.0
4555,66.29261935423655,2325.235041617854,3199.558182187831,50000.0,0.009999999776482582,0.04301924258470535,1.0
4556,50.803124207556586,0.2203962481712822,9364.815070144394,50000.0,0.009999999776482582,0.03976418450474739,1.0
4557,61.179066614195584,1649.0685974886326,3200.9223943238107,50000.0,0.009999999776482582,0.05059201642870903,1.0
4558,61.14987062657341,1644.743137695501,3201.5360055302444,50000.0,0.009999999776482582,0.05052046477794647,1.0
4559,48.894911541987554,2317.419796804062,3202.142446770912,50000.0,0.009999999776482582,0.025585651397705078,1.0
4560,56.643175752203604,1655.396972210482,3203.5634562455753,50000.0,0.009999999776482582,0.031954795122146606,1.0
4561,48.68774902742921,2346.063728398749,3204.2751631930655,50000.0,0.009999999776482582,0.025452513247728348,1.0
4562,71.29141008153432,0.18097355586109617,9372.532498876653,50000.0,0.009999999776482582,0.07534847408533096,1.0
4563,8.364565828919982,0.2562496768471886,9374.549953446198,50000.0,0.009999999776482582,0.00389426713809371,1.0
4564,50.71859210305827,0.22278468617300123,9379.563906055377,50000.0,0.009999999776482582,0.039508529007434845,1.0
4565,45.30921229442463,0.2233983708212533,9383.02102792288,50000.0,0.009999999776482582,0.021122926846146584,1.0
4566,71.21423536174753,0.18288220671599414,9386.373899958688,50000.0,0.009999999776482582,0.07502420991659164,1.0
4567,67.42545782511617,0.18317922174194504,9388.432055184025,50000.0,0.009999999776482582,0.05654306337237358,1.0
4568,75.4666940639101,1608.136183544002,3205.0999907456944,50000.0,0.009999999776482582,0.06721209734678268,1.0
4569,50.63316472772697,0.22453462662323467,9389.780926378831,50000.0,0.009999999776482582,0.03924773633480072,1.0
4570,59.46556120694386,2756.6787369668373,3205.631534252541,50000.0,0.009999999776482582,0.03613276779651642,1.0
4571,77.38541903923193,0.12984994243725984,9391.165625130654,50000.0,0.009999999776482582,0.05526416003704071,1.0
4572,63.16529716942117,0.18358558071599884,9390.887799401871,50000.0,0.009999999776482582,0.03784054517745972,1.0
4573,50.62358094406486,0.2250879392070621,9392.515069718513,50000.0,0.009999999776482582,0.03921440616250038,1.0
4574,56.31187863072824,1602.8719515219625,3207.631546533224,50000.0,0.009999999776482582,0.031473394483327866,1.0
4575,77.46742788217719,2792.3673919503435,3208.377974173487,50000.0,0.009999999776482582,0.07125300914049149,1.0
4576,60.802495956939985,1624.1414862346937,3210.4178114219653,50000.0,0.009999999776482582,0.0497523657977581,1.0
4577,69.48819064367605,2291.6252471915072,3211.0279448293345,50000.0,0.009999999776482582,0.06029067188501358,1.0
4578,63.02692821488849,0.18398983307228856,9393.64651280659,50000.0,0.009999999776482582,0.03764713183045387,1.0
4579,62.892813550628595,0.1842300771490278,9395.090645588069,50000.0,0.009999999776482582,0.037454936653375626,1.0
4580,44.76442703119409,0.23628636012298693,9400.201568805975,50000.0,0.009999999776482582,0.020565412938594818,1.0
4581,71.17084995690182,1612.0888276968783,3212.1978493777997,50000.0,0.009999999776482582,0.04776214435696602,1.0
4582,76.40486031594618,0.1367270021369268,9402.432365207735,50000.0,0.009999999776482582,0.05355994030833244,1.0
4583,60.78235730521287,1602.8902997731136,3212.801554928582,50000.0,0.009999999776482582,0.049642253667116165,1.0
4584,78.59576146491686,1602.9055701108352,3213.430122277673,50000.0,0.009999999776482582,0.08470897376537323,1.0
4585,83.35169662004891,0.13679669198318828,9403.517010381564,50000.0,0.009999999776482582,0.09037739038467407,1.0
4586,66.75765246587112,0.19347307761423238,9403.8332204953,50000.0,0.009999999776482582,0.05519954860210419,1.0
4587,70.89083159767873,0.1937242390443119,9405.735149145838,50000.0,0.009999999776482582,0.07362860441207886,1.0
4588,60.73891930846546,1525.9318199328068,3213.331149669481,50000.0,0.009999999776482582,0.04922140762209892,1.0
4589,48.5159165793934,2164.610873943301,3214.006010500627,50000.0,0.009999999776482582,0.024980029091238976,1.0
4590,50.41887215227237,0.2379056190107053,9409.545939455633,50000.0,0.009999999776482582,0.03859567642211914,1.0
4591,44.42930645276077,0.238530255840335,9412.832195906683,50000.0,0.009999999776482582,0.02023930475115776,1.0
4592,8.262995227008481,0.2761030784508157,9416.078773951358,50000.0,0.009999999776482582,0.0038447040133178234,1.0
4593,34.67043869685177,1562.9289635981866,3215.5632421003193,50000.0,0.009999999776482582,0.01436973549425602,1.0
4594,79.64859993742887,0.13897020025508838,9423.600333464314,50000.0,0.009999999776482582,0.0712413415312767,1.0
4595,60.59280319757332,1562.1667355043942,3216.174792874059,50000.0,0.009999999776482582,0.049011170864105225,1.0
4596,44.296575009058614,0.24086227466270252,9424.796350782906,50000.0,0.009999999776482582,0.020104633644223213,1.0
4597,50.36505276101021,0.24149624154743665,9428.062243201708,50000.0,0.009999999776482582,0.03843812271952629,1.0
4598,34.638831029356865,1558.7671878490607,3216.776331180321,50000.0,0.009999999776482582,0.014338922686874866,1.0
4599,48.18456605510571,2230.802027557023,3217.5913146474827,50000.0,0.009999999776482582,0.024808280169963837,1.0
4600,66.53409441698038,0.19831231697429458,9434.550071221904,50000.0,0.009999999776482582,0.05463654175400734,1.0
4601,34.47024086666326,1592.741770520315,3219.01696704067,50000.0,0.009999999776482582,0.014276502653956413,1.0
4602,66.49447757342934,0.1990535452896267,9438.869035410738,50000.0,0.009999999776482582,0.054549507796764374,1.0
4603,34.44008909802571,1594.899736573,3219.680505319611,50000.0,0.009999999776482582,0.014258342795073986,1.0
4604,70.68112876090393,0.19981697079364402,9443.397164070313,50000.0,0.009999999776482582,0.07276817411184311,1.0
4605,66.42879720482847,0.20015643455116797,9445.327823038175,50000.0,0.009999999776482582,0.05436410754919052,1.0
4606,50.260440532408424,0.2454517181988078,9447.056036317837,50000.0,0.009999999776482582,0.03813401237130165,1.0
4607,60.380417974954014,1569.7704297598564,3220.058064092111,50000.0,0.009999999776482582,0.04852393642067909,1.0
4608,89.32194515879407,1575.5130151254102,3220.725808020998,50000.0,0.009999999776482582,0.09883953630924225,1.0
4609,8.173932200597774,0.28400288125722367,9449.699016279059,50000.0,0.009999999776482582,0.003800636623054743,1.0
4610,50.191064285842266,0.2674031718684091,9461.424113866773,50000.0,0.009999999776482582,0.03793278709053993,1.0
4611,44.09793840601103,0.26810839127396535,9464.719511251113,50000.0,0.009999999776482582,0.019908351823687553,1.0
4612,55.326624999422016,1556.5273265633775,3221.177109006596,50000.0,0.009999999776482582,0.030285120010375977,1.0
4613,79.10866039629052,0.15535307559806935,9468.761127976326,50000.0,0.009999999776482582,0.0699504092335701,1.0
4614,60.306168224034224,1551.8029998796153,3221.782835597886,50000.0,0.009999999776482582,0.048256371170282364,1.0
4615,34.41251284257025,1556.7026532949567,3222.477678357211,50000.0,0.009999999776482582,0.014185234904289246,1.0
4616,55.157089504143514,1575.4297321295514,3223.2822198710046,50000.0,0.009999999776482582,0.030122166499495506,1.0
4617,66.13576925349719,0.22051042407311808,9473.48938536865,50000.0,0.009999999776482582,0.053713109344244,1.0
4618,74.02890154111952,1574.336443860859,3223.9211243128707,50000.0,0.009999999776482582,0.06399484723806381,1.0
4619,43.79554742376781,0.2702905295185384,9474.617834168073,50000.0,0.009999999776482582,0.01962011307477951,1.0
4620,55.003761952054354,1570.9076007491465,3224.5541300284262,50000.0,0.009999999776482582,0.029937583953142166,1.0
4621,34.263902799568235,1582.2909913579665,3225.351615090461,50000.0,0.009999999776482582,0.01412003580480814,1.0
4622,8.107456402181477,0.3376479162090547,9487.458563174194,50000.0,0.009999999776482582,0.003768989583477378,1.0
4623,65.99892522156959,0.23963726809276364,9492.241936968047,50000.0,0.009999999776482582,0.053464215248823166,1.0
4624,65.95496654809776,0.23993130092653017,9493.956233657656,50000.0,0.009999999776482582,0.05337323993444443,1.0
4625,65.91110302014388,0.24021875966828327,9495.628387587914,50000.0,0.009999999776482582,0.05328270047903061,1.0
4626,34.29443630696952,1565.3196760592798,3225.826887427837,50000.0,0.009999999776482582,0.014109564945101738,1.0
4627,43.572154018441616,0.2951090871983053,9499.82867339037,50000.0,0.009999999776482582,0.019405940547585487,1.0
4628,70.32958754071446,0.2415484686622423,9503.104777419563,50000.0,0.009999999776482582,0.07133983820676804,1.0
4629,54.810264646170225,1563.3798660802213,3226.434170477953,50000.0,0.009999999776482582,0.029708106070756912,1.0
4630,92.10025030041682,1579.34589331663,3227.253868118514,50000.0,0.009999999776482582,0.1151774525642395,1.0
4631,60.035692999786356,1554.6398680909804,3227.691596563161,50000.0,0.009999999776482582,0.04761567339301109,1.0
4632,77.65017289507236,1563.258355008216,3228.422176748466,50000.0,0.009999999776482582,0.08105773478746414,1.0
4633,68.53864679414438,2199.6978135451327,3229.0144731669097,50000.0,0.009999999776482582,0.05771925300359726,1.0
4634,59.88041629570556,1576.1533415020665,3230.5371097681946,50000.0,0.009999999776482582,0.04735596477985382,1.0
4635,70.08882284044512,0.24182830570301198,9505.461966350347,50000.0,0.009999999776482582,0.07038694620132446,1.0
4636,59.83808514840343,1561.3208099738042,3231.0442031220755,50000.0,0.009999999776482582,0.04719533771276474,1.0
4637,80.61299158339722,2215.8462428417893,3231.7388260645307,50000.0,0.009999999776482582,0.07298135757446289,1.0
4638,47.32021861122402,2229.6501643971815,3233.182604227758,50000.0,0.009999999776482582,0.024098442867398262,1.0
4639,43.50557635351812,0.29626782908431487,9506.00486214098,50000.0,0.009999999776482582,0.019358675926923752,1.0
4640,69.99656212782334,0.24251588869491583,9509.30831085673,50000.0,0.009999999776482582,0.07002564519643784,1.0
4641,59.67174927466693,1585.6169579410855,3234.5834366897793,50000.0,0.009999999776482582,0.046929582953453064,1.0
4642,49.76741657764322,0.2976199312158871,9512.281570948573,50000.0,0.009999999776482582,0.03673442080616951,1.0
4643,43.46239952853942,0.29839464597715454,9515.49593831376,50000.0,0.009999999776482582,0.01931973546743393,1.0
4644,60.86791044810708,0.24428370459632487,9518.478745511768,50000.0,0.009999999776482582,0.03481736034154892,1.0
4645,59.65415196044777,1575.1750023207978,3235.1111801344155,50000.0,0.009999999776482582,0.04683241620659828,1.0
4646,49.731864166398374,0.29975286254835537,9521.201646353758,50000.0,0.009999999776482582,0.03663621470332146,1.0
4647,49.71269523249701,0.30055375989778843,9524.566089777294,50000.0,0.009999999776482582,0.036584001034498215,1.0
4648,8.004471962360375,0.34791355894558645,9527.768221736953,50000.0,0.009999999776482582,0.0037165144458413124,1.0
4649,43.31967004253925,0.30254852960956813,9532.428707386296,50000.0,0.009999999776482582,0.01918460801243782,1.0
4650,33.86864793851545,1570.9472529446896,3235.7134821645454,50000.0,0.009999999776482582,0.013854080811142921,1.0
4651,60.67890423961526,0.24826618653146082,9537.908693273355,50000.0,0.009999999776482582,0.034578513354063034,1.0
4652,49.69249418385682,0.30442046784871607,9539.554524292782,50000.0,0.009999999776482582,0.0365290641784668,1.0
4653,33.8439239097195,1574.7995055218648,3236.3907370064376,50000.0,0.009999999776482582,0.013838719576597214,1.0
4654,59.53753813624164,1592.1755713099183,3237.223451522483,50000.0,0.009999999776482582,0.04659975692629814,1.0
4655,73.09349894514915,1594.3316452304525,3237.8869648951404,50000.0,0.009999999776482582,0.06190399453043938,1.0
4656,65.28962880085172,0.2664111135938709,9551.562794504882,50000.0,0.009999999776482582,0.05171981826424599,1.0
4657,54.169039624637605,1576.2121670820734,3238.371407066088,50000.0,0.009999999776482582,0.02908281236886978,1.0
4658,47.011282871981216,2242.2075185213967,3239.1407542986085,50000.0,0.009999999776482582,0.023854386061429977,1.0
4659,63.137018402427486,2274.079127591227,3240.702399898252,50000.0,0.009999999776482582,0.039037931710481644,1.0
4660,83.55598704631598,2295.2651917633925,3242.2374754655007,50000.0,0.009999999776482582,0.08902930468320847,1.0
4661,73.70923766080942,0.18826721013976996,9550.297956347707,50000.0,0.009999999776482582,0.04942699149250984,1.0
4662,33.518208371435826,1597.6468734783741,3243.3593591734225,50000.0,0.009999999776482582,0.013675144873559475,1.0
4663,59.29493151399803,1611.5937578175922,3244.182738878153,50000.0,0.009999999776482582,0.04623188078403473,1.0
4664,80.33295793427207,1609.022678591174,3244.795181980696,50000.0,0.009999999776482582,0.05902497470378876,1.0
4665,53.71029497912783,1600.976198548011,3245.4229951023885,50000.0,0.009999999776482582,0.028638014569878578,1.0
4666,56.74147947743545,2781.305955130589,3246.1812361450857,50000.0,0.009999999776482582,0.03344837576150894,1.0
4667,72.56603640527342,1629.4736870424558,3248.491611424088,50000.0,0.009999999776482582,0.061091095209121704,1.0
4668,53.54002258497961,1617.7661553903715,3249.0690748522907,50000.0,0.009999999776482582,0.028491724282503128,1.0
4669,62.45496824506596,2291.082256014183,3249.8001808509744,50000.0,0.009999999776482582,0.03826724365353584,1.0
4670,53.41349214694288,1625.3084637382715,3251.2834053405577,50000.0,0.009999999776482582,0.02837178483605385,1.0
4671,91.4071425360089,1.7853227998505636e-10,inf,50000.0,0.009999999776482582,0.09843242168426514,1.0
4672,42.50531957150056,0.30554062965445344,9542.821111291601,50000.0,0.009999999776482582,0.01846773736178875,1.0
4673,59.10871155214021,1595.6648331628066,3251.6168857657794,50000.0,0.009999999776482582,0.04591486230492592,1.0
4674,69.58628077162821,0.2668387422660677,9553.030509554683,50000.0,0.009999999776482582,0.06845425069332123,1.0
4675,64.72281434509338,0.2672011249873875,9554.802892706639,50000.0,0.009999999776482582,0.050716519355773926,1.0
4676,53.30890763077162,1565.0424336230783,3251.910745602456,50000.0,0.009999999776482582,0.028183309361338615,1.0
4677,64.65232208678854,0.28455738269130376,9562.638967854622,50000.0,0.009999999776482582,0.05059857293963432,1.0
4678,64.60805685427921,0.2848853380478513,9564.325812805793,50000.0,0.009999999776482582,0.05051308870315552,1.0
4679,42.28036240422033,0.3492454434336766,9565.828432719332,50000.0,0.009999999776482582,0.01827802136540413,1.0
4680,79.18650198037565,1548.15740357534,3252.3020369612746,50000.0,0.009999999776482582,0.05714280158281326,1.0
4681,67.34006906707012,2184.5257946439037,3252.988751461461,50000.0,0.009999999776482582,0.05541117489337921,1.0
4682,33.19771108902378,1556.5049979996522,3254.5248052376446,50000.0,0.009999999776482582,0.013431526720523834,1.0
4683,67.22757789753373,1568.7893517500906,3255.3434664698516,50000.0,0.009999999776482582,0.042323630303144455,1.0
4684,52.91872186215781,1567.014468116427,3256.056582060564,50000.0,0.009999999776482582,0.02778114378452301,1.0
4685,41.98476784802573,0.3499223826515965,9568.076247284354,50000.0,0.009999999776482582,0.018028508871793747,1.0
4686,52.83213932823102,1571.0203466881896,3256.804477051318,50000.0,0.009999999776482582,0.027694085612893105,1.0
4687,41.896031276471355,0.350938307479906,9571.95679492095,50000.0,0.009999999776482582,0.01795206591486931,1.0
4688,7.906502824281,0.4061037250783826,9575.081037003625,50000.0,0.009999999776482582,0.0036716675385832787,1.0
4689,58.65167204573041,0.2882425228674086,9579.665498709692,50000.0,0.009999999776482582,0.03214769437909126,1.0
4690,69.45208720599501,0.2885490710520654,9581.295515687718,50000.0,0.009999999776482582,0.06795091927051544,1.0
4691,78.36377577013441,1558.0971541085821,3257.238081113417,50000.0,0.009999999776482582,0.05588473752140999,1.0
4692,58.945239585521286,1551.659933869498,3257.9218049439287,50000.0,0.009999999776482582,0.045420702546834946,1.0
4693,7.8892579990902405,0.4080923821953549,9581.63498023206,50000.0,0.009999999776482582,0.0036633245181292295,1.0
4694,7.876906212508987,0.4095585977339881,9586.340170679267,50000.0,0.009999999776482582,0.0036574075929820538,1.0
4695,76.4461979616443,1566.7762669091812,3258.7705373820477,50000.0,0.009999999776482582,0.07736361026763916,1.0
4696,52.57327017453111,1555.269137530051,3259.3315183037453,50000.0,0.009999999776482582,0.027405889704823494,1.0
4697,46.02695420185779,2205.559894921625,3260.15345015056,50000.0,0.009999999776482582,0.022973252460360527,1.0
4698,58.306816084618525,0.2909433050330016,9591.846368953607,50000.0,0.009999999776482582,0.031754329800605774,1.0
4699,75.8737609113802,0.20599687756404933,9593.302599763263,50000.0,0.009999999776482582,0.06353215873241425,1.0
4700,76.35745864279181,1552.492889884697,3261.510290615118,50000.0,0.009999999776482582,0.07705731689929962,1.0
4701,82.75818252986598,2183.865602014949,3262.1038721604564,50000.0,0.009999999776482582,0.08648226410150528,1.0
4702,63.88240741900319,0.2905927481974882,9590.687487525809,50000.0,0.009999999776482582,0.049275025725364685,1.0
4703,66.25537412916105,1529.2871378987431,3263.3339503555735,50000.0,0.009999999776482582,0.04102581739425659,1.0
4704,52.249798008786875,1527.4361104930326,3264.095367930651,50000.0,0.009999999776482582,0.027054162696003914,1.0
4705,69.18590227824826,0.2910337371190605,9592.586064061847,50000.0,0.009999999776482582,0.06697606295347214,1.0
4706,32.94469168148883,1520.0000364316684,3264.70798071998,50000.0,0.009999999776482582,0.013223779387772083,1.0
4707,58.651696627198824,1533.3709113616912,3265.6324015592163,50000.0,0.009999999776482582,0.04477428272366524,1.0
4708,41.27653054163407,0.35785001601276967,9597.754315361359,50000.0,0.009999999776482582,0.017443887889385223,1.0
4709,80.08932155363144,0.20719788624090005,9601.064978525215,50000.0,0.009999999776482582,0.08046243339776993,1.0
4710,58.621843122499335,1515.9830340187602,3266.062686554389,50000.0,0.009999999776482582,0.04463076964020729,1.0
4711,49.125671841028755,0.35906783357340166,9602.293451868669,50000.0,0.009999999776482582,0.03502867370843887,1.0
4712,71.178232367188,1516.6878216287753,3266.740823564861,50000.0,0.009999999776482582,0.0582650862634182,1.0
4713,49.08935590611819,0.3598089255038489,9604.956387537773,50000.0,0.009999999776482582,0.03493591398000717,1.0
4714,52.082909205605134,1509.671595370867,3267.3564374167754,50000.0,0.009999999776482582,0.026878923177719116,1.0
4715,65.84414972498229,1516.1832117060565,3268.191992653427,50000.0,0.009999999776482582,0.0405111126601696,1.0
4716,58.5104443155765,1516.9273802415914,3269.0001058686767,50000.0,0.009999999776482582,0.04440322890877724,1.0
4717,49.05549975246677,0.38139911709913404,9614.515530340794,50000.0,0.009999999776482582,0.0348493866622448,1.0
4718,45.696877477417026,2144.179377498717,3269.691675638355,50000.0,0.009999999776482582,0.022616645321249962,1.0
4719,75.85804926007616,1538.1404904335689,3271.4842418757808,50000.0,0.009999999776482582,0.0754435807466507,1.0
4720,73.60373118094306,2648.763923496805,3272.089863478487,50000.0,0.009999999776482582,0.06304872781038284,1.0
4721,51.796930185472185,1546.35429790399,3274.5360120844934,50000.0,0.009999999776482582,0.02666838839650154,1.0
4722,45.27729170764649,2191.6571070478103,3275.357202197768,50000.0,0.009999999776482582,0.022380542010068893,1.0
4723,32.38978093774027,1564.9711112208875,3277.0429310514223,50000.0,0.009999999776482582,0.012967086397111416,1.0
4724,58.17722508023255,1574.4947308085023,3277.902624636899,50000.0,0.009999999776482582,0.04400733485817909,1.0
4725,41.04413489467658,0.382778172980317,9619.368982065344,50000.0,0.009999999776482582,0.017256788909435272,1.0
4726,65.45625285627868,1569.8705779310433,3278.537662351992,50000.0,0.009999999776482582,0.040129318833351135,1.0
4727,58.15264785041283,1564.4286817572277,3279.2654948255754,50000.0,0.009999999776482582,0.043942708522081375,1.0
4728,51.535444622705654,1562.0177309226779,3279.9464065478696,50000.0,0.009999999776482582,0.02643919549882412,1.0
4729,58.107521845669226,1564.1278713700356,3280.7367674734837,50000.0,0.009999999776482582,0.04386984556913376,1.0
4730,40.8815110574522,0.38437686399308485,9624.680771583051,50000.0,0.009999999776482582,0.017125286161899567,1.0
4731,44.927576684537215,2206.4700969140035,3281.408826430343,50000.0,0.009999999776482582,0.022132450714707375,1.0
4732,58.0323857164778,1574.33279959433,3283.074787190034,50000.0,0.009999999776482582,0.04378094524145126,1.0
4733,48.91997134515043,0.3856901463712044,9629.203678082707,50000.0,0.009999999776482582,0.03450958430767059,1.0
4734,79.56337637362203,0.22328599124214493,9632.449363540107,50000.0,0.009999999776482582,0.07880444079637527,1.0
4735,57.991981563910876,1548.645558431001,3283.3878666779356,50000.0,0.009999999776482582,0.04358867183327675,1.0
4736,51.374082186080315,1548.0774850208552,3284.0991719640715,50000.0,0.009999999776482582,0.026277221739292145,1.0
4737,48.845572363954844,0.387237248054988,9634.530103082714,50000.0,0.009999999776482582,0.034324295818805695,1.0
4738,57.1337014104659,0.34196648353968956,9644.498781637469,50000.0,0.009999999776482582,0.03047260455787182,1.0
4739,63.075886288272706,0.3423278369683687,9646.063904839175,50000.0,0.009999999776482582,0.04764161258935928,1.0
4740,63.03262406717037,0.34267434919935297,9647.597380900848,50000.0,0.009999999776482582,0.0475621223449707,1.0
4741,75.3620762135248,1519.0086370858662,3284.3539827853974,50000.0,0.009999999776482582,0.073989637196064,1.0
4742,76.9452454028702,2138.5936178072243,3284.9526169785086,50000.0,0.009999999776482582,0.06580767035484314,1.0
4743,44.81239327643607,2141.7186274533615,3286.4930329805866,50000.0,0.009999999776482582,0.021941959857940674,1.0
4744,75.21610571130967,1538.100179003768,3288.3335370233413,50000.0,0.009999999776482582,0.07366395741701126,1.0
4745,62.91535248308048,0.34229088763438364,9646.38188401603,50000.0,0.009999999776482582,0.04726552590727806,1.0
4746,40.53240446738605,0.419589149103005,9647.80855684957,50000.0,0.009999999776482582,0.01685657724738121,1.0
4747,57.78370239907254,1517.4659327168938,3288.734299277647,50000.0,0.009999999776482582,0.043059445917606354,1.0
4748,84.98516858173721,1522.7824055543724,3289.5215143081805,50000.0,0.009999999776482582,0.08652303367853165,1.0
4749,62.778657384415034,0.343119891113039,9650.098931261402,50000.0,0.009999999776482582,0.046997129917144775,1.0
4750,51.0098857127377,1497.5466405546563,3289.8792419310116,50000.0,0.009999999776482582,0.0258799996227026,1.0
4751,7.739967561941667,0.4859425904878638,9652.447945924143,50000.0,0.009999999776482582,0.0035890620201826096,1.0
4752,7.728073792828445,0.48752830893564947,9657.02892992964,50000.0,0.009999999776482582,0.003583321813493967,1.0
4753,56.55816190842355,0.34594482660580544,9661.41720066321,50000.0,0.009999999776482582,0.029866138473153114,1.0
4754,59.64238649883692,2129.3512096009717,3290.7015652880345,50000.0,0.009999999776482582,0.03488064929842949,1.0
4755,7.715230041584658,0.4892827029492928,9661.75669278538,50000.0,0.009999999776482582,0.003577581373974681,1.0
4756,57.6536910514986,1527.6214794965863,3292.545971824188,50000.0,0.009999999776482582,0.04283063858747482,1.0
4757,62.61947977958706,0.35580740780273956,9669.599508552395,50000.0,0.009999999776482582,0.046755559742450714,1.0
4758,48.5719669030717,0.4361746470788134,9671.191316103605,50000.0,0.009999999776482582,0.03365449607372284,1.0
4759,50.76953750913748,1515.837441165185,3293.0456614813247,50000.0,0.009999999776482582,0.025671828538179398,1.0
4760,31.914015302712276,1521.3386402046935,3293.9106721127996,50000.0,0.009999999776482582,0.012631136924028397,1.0
4761,64.20668906079116,1533.4834313224674,3294.8264384347144,50000.0,0.009999999776482582,0.03861244395375252,1.0
4762,68.23667555797711,0.35768312206341,9676.999787194756,50000.0,0.009999999776482582,0.06366701424121857,1.0
4763,83.63862668209214,1.6668363262041164e-06,2650.2536358180796,50000.0,0.009999999776482582,0.07233920693397522,1.0
4764,69.64697885459074,1493.4424314928547,3294.934561184201,50000.0,0.009999999776482582,0.055375538766384125,1.0
4765,78.58399024687895,0.252861720479296,9676.62607745062,50000.0,0.009999999776482582,0.07612767815589905,1.0
4766,7.683618266106723,0.5054959350376301,9676.57826513947,50000.0,0.009999999776482582,0.003561721183359623,1.0
4767,74.82093545193575,1480.1068524283417,3295.403397708981,50000.0,0.009999999776482582,0.07218974828720093,1.0
4768,68.02633293477346,0.35857767433966126,9680.967859994451,50000.0,0.009999999776482582,0.06296102702617645,1.0
4769,84.3480028872989,1468.0206448209149,3295.854581375927,50000.0,0.009999999776482582,0.08462154865264893,1.0
4770,39.82933770244207,0.43890688055532007,9680.467630979721,50000.0,0.009999999776482582,0.016322894021868706,1.0
4771,57.44967142429049,1458.2523389743126,3296.4296477853904,50000.0,0.009999999776482582,0.042123183608055115,1.0
4772,7.664670745930324,0.5082159482652129,9684.484606700391,50000.0,0.009999999776482582,0.0035516011994332075,1.0
4773,69.42083658089162,1472.1354248782761,3297.326372636286,50000.0,0.009999999776482582,0.054804906249046326,1.0
4774,48.294086784247334,0.4414932000783438,9688.55825051438,50000.0,0.009999999776482582,0.03299398347735405,1.0
4775,62.06267458050993,0.36134558221043644,9691.596756060291,50000.0,0.009999999776482582,0.045661792159080505,1.0
4776,57.36280488945765,1460.14140812388,3297.8139567391872,50000.0,0.009999999776482582,0.04192915931344032,1.0
4777,62.008927859693856,0.3620114432165115,9694.136938853302,50000.0,0.009999999776482582,0.045548610389232635,1.0
4778,74.51363224708048,1459.4024059330977,3298.48391835077,50000.0,0.009999999776482582,0.07111039012670517,1.0
4779,39.670918249343735,0.44359692706361614,9695.136216108715,50000.0,0.009999999776482582,0.016203610226511955,1.0
4780,50.30283514328128,1455.7846233371831,3299.132107176816,50000.0,0.009999999776482582,0.02517864480614662,1.0
4781,55.45928639207841,0.3633963296734498,9698.966712685724,50000.0,0.009999999776482582,0.0287408996373415,1.0
4782,31.899499178493123,1456.6041021236479,3299.8934880854117,50000.0,0.009999999776482582,0.012535633519291878,1.0
4783,67.70989570723737,0.3645333668197602,9703.08203381862,50000.0,0.009999999776482582,0.061932552605867386,1.0
4784,58.946176736476204,2066.789074664937,3300.6405727750293,50000.0,0.009999999776482582,0.03406105190515518,1.0
4785,74.3516150599257,1482.245822002569,3302.4685748671413,50000.0,0.009999999776482582,0.07072944194078445,1.0
4786,57.12720184999944,1478.9144926422061,3303.149285443704,50000.0,0.009999999776482582,0.041512176394462585,1.0
4787,77.89185776343906,0.2579709911862007,9704.229985270309,50000.0,0.009999999776482582,0.07404225319623947,1.0
4788,58.78412938166781,2073.3263826444286,3303.632558680848,50000.0,0.009999999776482582,0.03391973674297333,1.0
4789,39.40188241954277,0.4463124478980829,9702.991539576235,50000.0,0.009999999776482582,0.016005679965019226,1.0
4790,48.04978156732592,0.4473576502835883,9706.023714035075,50000.0,0.009999999776482582,0.03243625536561012,1.0
4791,31.674476265971176,1479.02783852941,3305.311823683361,50000.0,0.009999999776482582,0.012442772276699543,1.0
4792,31.61166005652282,1492.6173622630765,3306.2689379837843,50000.0,0.009999999776482582,0.01242457889020443,1.0
4793,68.82231151606193,1505.9454621831635,3307.1966726225833,50000.0,0.009999999776482582,0.053738027811050415,1.0
4794,68.78109218112846,1502.1714527401004,3307.8880480047956,50000.0,0.009999999776482582,0.05365857109427452,1.0
4795,39.2881660197408,0.49013682893518845,9721.095387138168,50000.0,0.009999999776482582,0.01591847464442253,1.0
4796,61.52832559336315,0.40105842725152036,9724.102799956405,50000.0,0.009999999776482582,0.04467848688364029,1.0
4797,61.485247590305384,0.40145282295735374,9725.586390460776,50000.0,0.009999999776482582,0.04460455849766731,1.0
4798,67.39119107225407,0.401845915876989,9727.212859306102,50000.0,0.009999999776482582,0.06092965602874756,1.0
4799,67.3350312532596,0.40221572502399827,9728.780535407888,50000.0,0.009999999776482582,0.0607546791434288,1.0
4800,67.27906354517586,0.40258770653227716,9730.34818502947,50000.0,0.009999999776482582,0.060580771416425705,1.0
4801,7.568701292912968,0.5697206394945045,9731.689786281408,50000.0,0.009999999776482582,0.0035030103754252195,1.0
4802,39.15565188520818,0.4950021765751011,9736.039341856884,50000.0,0.009999999776482582,0.01582256145775318,1.0
4803,61.322907216027176,0.40509059055085067,9739.057041021328,50000.0,0.009999999776482582,0.044243667274713516,1.0
4804,7.546303866457966,0.5733151143130796,9740.460117574228,50000.0,0.009999999776482582,0.003492238000035286,1.0
4805,39.063786004334744,0.4981816113454327,9744.814997383572,50000.0,0.009999999776482582,0.015752321109175682,1.0
4806,67.19441355350554,0.4077119810046763,9747.962491274775,50000.0,0.009999999776482582,0.060319654643535614,1.0
4807,81.72978649240102,5.206793394965839e-05,2688.618040427369,50000.0,0.009999999776482582,0.06853028386831284,1.0
4808,38.887120693319375,0.4991935294110454,9747.662231584507,50000.0,0.009999999776482582,0.01562810130417347,1.0
4809,44.34816695807089,1998.970015767033,3306.8509168440937,50000.0,0.009999999776482582,0.021349050104618073,1.0
4810,77.1851915240909,0.28904908359202813,9751.227353597213,50000.0,0.009999999776482582,0.07219962775707245,1.0
4811,31.7206702500325,1428.8885231607055,3308.511500851657,50000.0,0.009999999776482582,0.01238881517201662,1.0
4812,38.81439087894924,0.5013926212760708,9753.470622825576,50000.0,0.009999999776482582,0.015574131160974503,1.0
4813,7.505993898456251,0.5801809691665091,9756.389749221382,50000.0,0.009999999776482582,0.003472704906016588,1.0
4814,71.90421872541336,0.3027689569121026,9764.667452728558,50000.0,0.009999999776482582,0.05582728236913681,1.0
4815,31.69657790577432,1434.4346562428,3309.2548745543318,50000.0,0.009999999776482582,0.012375461868941784,1.0
4816,56.73564075721862,1451.8321947845654,3310.254327142203,50000.0,0.009999999776482582,0.04054074361920357,1.0
4817,38.69104440228707,0.5255109856820331,9767.92292413819,50000.0,0.009999999776482582,0.015482153743505478,1.0
4818,60.91449205655768,0.43007061180198564,9770.932678063506,50000.0,0.009999999776482582,0.04359372332692146,1.0
4819,81.86286151133643,0.30443386799431915,9772.563449729796,50000.0,0.009999999776482582,0.08776853233575821,1.0
4820,73.63084253334833,1433.6843477150164,3310.5618743223567,50000.0,0.009999999776482582,0.06830538064241409,1.0
4821,58.14186779431808,2027.475007500129,3311.2809263426298,50000.0,0.009999999776482582,0.03319724276661873,1.0
4822,60.780949643014786,0.429894791645031,9770.893917990323,50000.0,0.009999999776482582,0.04330524057149887,1.0
4823,60.73783208179547,0.4303172094931173,9772.29832757784,50000.0,0.009999999776482582,0.04323399066925049,1.0
4824,76.72199836576655,0.3046433264757805,9773.876542252101,50000.0,0.009999999776482582,0.07097948342561722,1.0
4825,31.63236550431814,1423.0133278942928,3312.4985859171256,50000.0,0.009999999776482582,0.012327436357736588,1.0
4826,44.006463205439864,2036.086743695939,3313.494501390786,50000.0,0.009999999776482582,0.021165985614061356,1.0
4827,31.43835055330138,1466.5263069600423,3315.399478888949,50000.0,0.009999999776482582,0.012277459725737572,1.0
4828,49.07575716545089,1479.952166130374,3316.33920284839,50000.0,0.009999999776482582,0.024137284606695175,1.0
4829,67.83851254959677,1486.9371601260466,3317.181290936756,50000.0,0.009999999776482582,0.05184302106499672,1.0
4830,60.58970632779432,0.44901266898983044,9783.016945016107,50000.0,0.009999999776482582,0.04298146441578865,1.0
4831,43.70093189205295,2086.1157665232035,3317.7322202425835,50000.0,0.009999999776482582,0.021028613671660423,1.0
4832,31.238787372658944,1495.415894521393,3319.523319482332,50000.0,0.009999999776482582,0.012206150218844414,1.0
4833,47.447716229344,0.551468904200677,9787.216539608275,50000.0,0.009999999776482582,0.031117521226406097,1.0
4834,76.54540911731216,0.31911567400817337,9790.197784830416,50000.0,0.009999999776482582,0.07051382958889008,1.0
4835,31.238012793033345,1487.7378358572228,3320.067728972502,50000.0,0.009999999776482582,0.01219498086720705,1.0
4836,38.321262037794405,0.5534280112652143,9792.306150528995,50000.0,0.009999999776482582,0.015224896371364594,1.0
4837,47.38573975431764,0.5546210512851972,9795.372039408636,50000.0,0.009999999776482582,0.03098715841770172,1.0
4838,67.61222492585351,1496.1804702395414,3320.852619101532,50000.0,0.009999999776482582,0.051449790596961975,1.0
4839,71.10384996638096,0.3208133957301241,9797.510101881375,50000.0,0.009999999776482582,0.05437421798706055,1.0
4840,57.4118577437447,2088.174988400779,3321.294616013422,50000.0,0.009999999776482582,0.03259242698550224,1.0
4841,67.47591057407764,1488.541468965366,3322.991673791077,50000.0,0.009999999776482582,0.0512358658015728,1.0
4842,53.340585036672785,0.45310373338313376,9795.63888432048,50000.0,0.009999999776482582,0.026690080761909485,1.0
4843,57.23423579333578,2087.8744353340962,3323.5556798931248,50000.0,0.009999999776482582,0.03241412341594696,1.0
4844,48.497974492482946,1487.707112417139,3325.269890265024,50000.0,0.009999999776482582,0.023656656965613365,1.0
4845,56.101756035986355,1492.7158064410053,3326.1338086586425,50000.0,0.009999999776482582,0.039504386484622955,1.0
4846,72.97262365205253,1496.5966917105072,3326.9363206832077,50000.0,0.009999999776482582,0.0668187364935875,1.0
4847,30.995839963680528,1490.0679881648616,3327.6073097929198,50000.0,0.009999999776482582,0.012070657685399055,1.0
4848,60.14601141077441,0.4544383339923573,9799.675114536562,50000.0,0.009999999776482582,0.04225371405482292,1.0
4849,67.20418785821194,1492.6068138243315,3328.356622995457,50000.0,0.009999999776482582,0.050814107060432434,1.0
4850,60.06493016513192,0.47113847736960046,9803.994964160369,50000.0,0.009999999776482582,0.042121611535549164,1.0
4851,60.02218848872423,0.4715754789938222,9805.316628857425,50000.0,0.009999999776482582,0.04205279052257538,1.0
4852,55.96468938071436,1472.7577517382126,3328.7644047243148,50000.0,0.009999999776482582,0.039182405918836594,1.0
4853,48.28699551670699,1476.177669207656,3329.568030325813,50000.0,0.009999999776482582,0.023473812267184258,1.0
4854,47.156529098417074,0.5787153906962361,9808.884455730156,50000.0,0.009999999776482582,0.0305160079151392,1.0
4855,48.23970058296663,1478.660389441136,3330.34484210777,50000.0,0.009999999776482582,0.023436903953552246,1.0
4856,67.00071672691419,1483.580025471111,3331.187895139503,50000.0,0.009999999776482582,0.050454311072826385,1.0
4857,64.16913277394582,2561.5608487822087,3331.8954716576104,50000.0,0.009999999776482582,0.04052644968032837,1.0
4858,59.85309107802017,0.47270501474219734,9808.03979786619,50000.0,0.009999999776482582,0.04178754240274429,1.0
4859,7.39984214472164,0.6689325715448953,9810.38177488747,50000.0,0.009999999776482582,0.003420377615839243,1.0
4860,7.3889858721397434,0.6709693151615299,9814.677095713474,50000.0,0.009999999776482582,0.0034151680301874876,1.0
4861,37.59445673132262,0.5829525073726287,9818.045892512244,50000.0,0.009999999776482582,0.014728313311934471,1.0
4862,59.781737276068036,0.4770713752939575,9820.174455359713,50000.0,0.009999999776482582,0.0416855625808239,1.0
4863,30.808663012071225,1486.4189806986585,3334.2765751207025,50000.0,0.009999999776482582,0.01195922214537859,1.0
4864,7.361545059211156,0.6763088858830815,9825.542798441209,50000.0,0.009999999776482582,0.0034020848106592894,1.0
4865,76.24461993813568,1500.7516898525582,3335.2480666989572,50000.0,0.009999999776482582,0.061431027948856354,1.0
4866,47.0567735649347,0.5867890208565583,9827.924689039684,50000.0,0.009999999776482582,0.03031325899064541,1.0
4867,59.661182439180756,0.49650142492477006,9830.98669521179,50000.0,0.009999999776482582,0.041489675641059875,1.0
4868,42.91541249729982,2091.5412744469722,3335.661451169845,50000.0,0.009999999776482582,0.020475182682275772,1.0
4869,75.57716076807463,0.3515597871832753,9828.453982267545,50000.0,0.009999999776482582,0.06826997548341751,1.0
4870,66.62692844257674,1479.0321191441244,3337.186092999895,50000.0,0.009999999776482582,0.04984227195382118,1.0
4871,66.58610228823815,1475.4127944201746,3337.9126374747348,50000.0,0.009999999776482582,0.049769897013902664,1.0
4872,30.70806076372268,1471.408432622038,3338.661451230194,50000.0,0.009999999776482582,0.011889117769896984,1.0
4873,55.576979392229504,1481.8320386173066,3339.625808915592,50000.0,0.009999999776482582,0.03855578601360321,1.0
4874,66.49739932368965,1484.119861413753,3340.3975477734466,50000.0,0.009999999776482582,0.04963945597410202,1.0
4875,66.45671436140104,1480.2171201286963,3341.0876011018668,50000.0,0.009999999776482582,0.04956723004579544,1.0
4876,47.61770451892622,1475.7979939322734,3341.778358115649,50000.0,0.009999999776482582,0.022926345467567444,1.0
4877,59.38402132417279,0.497719610323189,9825.14057698358,50000.0,0.009999999776482582,0.04102734476327896,1.0
4878,65.86126167835234,0.4981147596639377,9839.304951507109,50000.0,0.009999999776482582,0.05645427852869034,1.0
4879,46.8170629212922,0.610483616092685,9840.600749502439,50000.0,0.009999999776482582,0.029839705675840378,1.0
4880,62.904508632873046,2068.127427940962,3342.215229835924,50000.0,0.009999999776482582,0.04668854549527168,1.0
4881,69.45175892572554,2551.064491879517,3343.8595677282055,50000.0,0.009999999776482582,0.055014725774526596,1.0
4882,51.64745977402712,2572.646620253581,3346.372075797544,50000.0,0.009999999776482582,0.028511103242635727,1.0
4883,7.341111056650518,0.7033868088114837,9837.701109413338,50000.0,0.009999999776482582,0.0033912514336407185,1.0
4884,72.39408528109297,2131.4510567195025,3349.006621608982,50000.0,0.009999999776482582,0.05746535584330559,1.0
4885,55.182883445659186,1501.8976890888166,3350.518138418001,50000.0,0.009999999776482582,0.03800402954220772,1.0
4886,75.46731711451127,1500.8452957962315,3351.2399099962395,50000.0,0.009999999776482582,0.0600571408867836,1.0
4887,72.25683490215125,2103.6996730122864,3351.843083153143,50000.0,0.009999999776482582,0.057191021740436554,1.0
4888,71.84680920100998,1484.4647681305382,3353.3742179734104,50000.0,0.009999999776482582,0.06404508650302887,1.0
4889,65.9606632794704,1477.1707242847401,3353.98568022152,50000.0,0.009999999776482582,0.04874296113848686,1.0
4890,74.9005185572027,0.35120500454739756,9783.021506941908,50000.0,0.009999999776482582,0.06651739776134491,1.0
4891,55.02927710202052,1458.1780675297512,3354.4212356977887,50000.0,0.009999999776482582,0.03763778880238533,1.0
4892,69.24779517421025,0.3515608088067264,9713.030121699607,50000.0,0.009999999776482582,0.0512399859726429,1.0
4893,59.394379827593184,1446.1212628511635,3354.9544398743387,50000.0,0.009999999776482582,0.03340435400605202,1.0
4894,36.817755967041364,0.6081869824489436,9778.469923379263,50000.0,0.009999999776482582,0.014230573549866676,1.0
4895,42.09026747508542,2039.5707940957523,3355.7250463065484,50000.0,0.009999999776482582,0.019847458228468895,1.0
4896,46.973503617944196,1455.0162367246003,3357.498990480238,50000.0,0.009999999776482582,0.022406285628676414,1.0
4897,62.20797995733883,2061.225286537292,3358.339032692659,50000.0,0.009999999776482582,0.04570293799042702,1.0
4898,7.3402527970225195,0.7035116459183604,9838.218066708696,50000.0,0.009999999776482582,0.0033904225565493107,1.0
4899,30.012238024574184,1465.5985084145652,3360.043601576385,50000.0,0.009999999776482582,0.011547813192009926,1.0
4900,58.843223777189884,0.516826718082468,9750.114121939729,50000.0,0.009999999776482582,0.04009213671088219,1.0
4901,36.71997892900324,0.6333628709957989,9765.806868144056,50000.0,0.009999999776482582,0.01416035182774067,1.0
4902,59.02073572498318,1463.8535048635533,3360.7527260540296,50000.0,0.009999999776482582,0.03304244950413704,1.0
4903,62.085761183771375,2064.348175889935,3361.5215335308926,50000.0,0.009999999776482582,0.04554329812526703,1.0
4904,46.715748994146416,1462.223035273119,3363.1395769977785,50000.0,0.009999999776482582,0.02220938540995121,1.0
4905,65.46536191525982,1463.9537937422238,3363.9659532991636,50000.0,0.009999999776482582,0.0480111725628376,1.0
4906,65.30840264769864,0.517478102235968,9851.338593263974,50000.0,0.009999999776482582,0.05497916787862778,1.0
4907,68.69241320349448,0.38064920427763577,6995.4198097167,50000.0,0.009999999776482582,0.05043412372469902,1.0
4908,46.405186117856616,0.634181557792768,9852.595396727873,50000.0,0.009999999776482582,0.029060469940304756,1.0
4909,54.731602317287525,1437.6795018395517,3364.1754307597666,50000.0,0.009999999776482582,0.03713043034076691,1.0
4910,65.32853382926676,1440.1801933084948,3364.9641796146584,50000.0,0.009999999776482582,0.04770413413643837,1.0
4911,41.66922692202406,2030.6565568557928,3365.689461846932,50000.0,0.009999999776482582,0.019551975652575493,1.0
4912,71.26183653890402,1449.8769873171711,3367.4928851349882,50000.0,0.009999999776482582,0.06258517503738403,1.0
4913,46.30280299374219,0.635339370952853,9855.639451225657,50000.0,0.009999999776482582,0.028871865943074226,1.0
4914,54.56671026751404,1443.4504376221323,3368.078439643451,50000.0,0.009999999776482582,0.03688501566648483,1.0
4915,29.785151718464082,1444.3624431089445,3368.8630836929447,50000.0,0.009999999776482582,0.011411688290536404,1.0
4916,58.441850584755706,0.5267700172839798,8696.901386051017,50000.0,0.009999999776482582,0.03941424936056137,1.0
4917,41.454188487048285,2043.1099533891713,3369.6147253218537,50000.0,0.009999999776482582,0.019433308392763138,1.0
4918,58.40652351538893,0.5278308742202741,8647.362995375519,50000.0,0.009999999776482582,0.039358943700790405,1.0
4919,71.05129980467967,1449.365172952801,3371.2033120201554,50000.0,0.009999999776482582,0.06208328902721405,1.0
4920,58.334465919431274,0.5285545211091953,8578.142086090165,50000.0,0.009999999776482582,0.03922494873404503,1.0
4921,46.374707592517154,1436.2774524920117,3371.6864245736124,50000.0,0.009999999776482582,0.021925730630755424,1.0
4922,46.3277314283377,1438.154096724597,3372.500931142926,50000.0,0.009999999776482582,0.021890142932534218,1.0
4923,64.86912917433189,0.5230543031372498,9867.530697227769,50000.0,0.009999999776482582,0.053853005170822144,1.0
4924,41.33777432566173,2026.54703496089,3373.144873782695,50000.0,0.009999999776482582,0.0193319208920002,1.0
4925,64.90499604140457,1444.2455162303645,3374.8624954822985,50000.0,0.009999999776482582,0.04701214283704758,1.0
4926,64.86578341130442,1439.7332087021018,3375.5423055439323,50000.0,0.009999999776482582,0.046944376081228256,1.0
4927,73.89464711823442,1435.4315234022365,3376.219868040747,50000.0,0.009999999776482582,0.05735374242067337,1.0
4928,41.19629712760995,2015.5748439860772,3376.86224692971,50000.0,0.009999999776482582,0.019223198294639587,1.0
4929,58.08931775655615,0.5481132729394924,6731.999008217401,50000.0,0.009999999776482582,0.038863278925418854,1.0
4930,54.20018814246223,1430.5561904995222,3378.466064739352,50000.0,0.009999999776482582,0.036299120634794235,1.0
4931,54.195172944354574,2023.7750032559813,3379.212651887359,50000.0,0.009999999776482582,0.029567396268248558,1.0
4932,73.69179554849292,0.41153860640133927,5366.655194890742,50000.0,0.009999999776482582,0.06375076621770859,1.0
4933,57.95743829268677,0.5572745862422147,6293.323864969755,50000.0,0.009999999776482582,0.03865262493491173,1.0
4934,54.12214613192148,2003.749337206977,3380.439559877033,50000.0,0.009999999776482582,0.029469439759850502,1.0
4935,61.132507883936476,2014.2082712457243,3382.1337013602306,50000.0,0.009999999776482582,0.04396253824234009,1.0
4936,57.88846536991718,0.579994040653759,5389.078546085574,50000.0,0.009999999776482582,0.038547150790691376,1.0
4937,35.93285191147472,0.6941161732185266,5868.939710896662,50000.0,0.009999999776482582,0.013667425140738487,1.0
4938,64.45052648422937,1422.628748487797,3383.570146980374,50000.0,0.009999999776482582,0.04629915952682495,1.0
4939,45.77788729562507,1418.7052760001736,3384.2638981160635,50000.0,0.009999999776482582,0.021449467167258263,1.0
4940,53.98335693092945,1422.2644219624685,3385.105993329527,50000.0,0.009999999776482582,0.03595905378460884,1.0
4941,67.56923675787186,0.6267789459626457,3288.8067506388666,50000.0,0.009999999776482582,0.04859594255685806,1.0
4942,70.42952373103603,1413.4741995969046,3385.651873045305,50000.0,0.009999999776482582,0.060593485832214355,1.0
4943,53.7933705374584,1993.828008889143,3386.3048433148747,50000.0,0.009999999776482582,0.029165206477046013,1.0
4944,70.33863492057222,1421.1139323888656,3388.0493270635575,50000.0,0.009999999776482582,0.060420867055654526,1.0
4945,75.7692808528263,2005.8450275745288,3388.697494035747,50000.0,0.009999999776482582,0.06803492456674576,1.0
4946,40.63583175306246,2006.6060448626358,3390.212172294008,50000.0,0.009999999776482582,0.018853096291422844,1.0
4947,57.419093445877365,1431.8991324627914,3391.9576655911687,50000.0,0.009999999776482582,0.031479354947805405,1.0
4948,35.67111231887737,0.8319717256569279,4030.929974660528,50000.0,0.009999999776482582,0.013509906828403473,1.0
4949,45.7292594081529,0.6419435915117195,9871.057305988597,50000.0,0.009999999776482582,0.027858680114150047,1.0
4950,53.46470157334851,2016.4639086282764,3392.618605922996,50000.0,0.009999999776482582,0.028920449316501617,1.0
4951,45.708732118833986,0.642834285425969,9872.918365525042,50000.0,0.009999999776482582,0.02782326191663742,1.0
4952,40.43323653242967,2023.4847278187194,3394.2402608277303,50000.0,0.009999999776482582,0.01874557137489319,1.0
4953,45.32350572016157,1442.2316618628292,3395.995009970933,50000.0,0.009999999776482582,0.021140048280358315,1.0
4954,70.02538691785529,1.382902850437684,2708.442480733602,50000.0,0.009999999776482582,0.04373336583375931,1.0
4955,56.95615446203601,1425.390770506748,3396.5112535891753,50000.0,0.009999999776482582,0.03101712092757225,1.0
4956,7.257803271832506,0.7551185158740403,9876.731337399646,50000.0,0.009999999776482582,0.0033494539093226194,1.0
4957,80.71634412004194,2.0105583669016953,2718.4191600005565,50000.0,0.009999999776482582,0.07214827090501785,1.0
4958,64.14593992486735,0.5596315832244942,9884.39319050911,50000.0,0.009999999776482582,0.05208875238895416,1.0
4959,57.18796474898203,1.8349449879554238,2851.168828690371,50000.0,0.009999999776482582,0.037554871290922165,1.0
4960,40.48931467918178,1973.4160146779845,3396.617386660208,50000.0,0.009999999776482582,0.018696166574954987,1.0
4961,45.58234049006463,0.6866245202187953,9887.40754668518,50000.0,0.009999999776482582,0.027606861665844917,1.0
4962,57.13604998384556,1.933772441824779,2842.5688896404986,50000.0,0.009999999776482582,0.037465691566467285,1.0
4963,53.51086680786436,1404.2020310982746,3398.2524485411286,50000.0,0.009999999776482582,0.03518907353281975,1.0
4964,63.962209110395,0.5624644417579687,9892.488294088469,50000.0,0.009999999776482582,0.05165146663784981,1.0
4965,45.47220744837679,0.6892223040970876,9893.582052821264,50000.0,0.009999999776482582,0.027419177815318108,1.0
4966,35.19711477121218,2.0969559233779846,2879.19429679929,50000.0,0.009999999776482582,0.013216523453593254,1.0
4967,63.868174493765494,0.5649586360261069,9899.262659139142,50000.0,0.009999999776482582,0.051428839564323425,1.0
4968,45.40518331206925,0.6922875796581887,9900.35391935288,50000.0,0.009999999776482582,0.027304448187351227,1.0
4969,45.382664782969016,0.6935530167081632,9903.087168869733,50000.0,0.009999999776482582,0.027265751734375954,1.0
4970,29.046063356548288,1390.980365128894,3398.452246814106,50000.0,0.009999999776482582,0.010988283902406693,1.0
4971,28.993985454384053,1400.9688621354765,3399.4236406769287,50000.0,0.009999999776482582,0.010974191129207611,1.0
4972,7.188950701711598,0.8049028428664701,9910.311248323587,50000.0,0.009999999776482582,0.003314521163702011,1.0
4973,53.3187695261881,1415.4122461132856,3400.4468950176965,50000.0,0.009999999776482582,0.034870609641075134,1.0
4974,45.3380601348545,0.709536163643593,9916.925149185736,50000.0,0.009999999776482582,0.027187680825591087,1.0
4975,60.18035170235675,2002.9485621876722,3401.2007691431904,50000.0,0.009999999776482582,0.042428601533174515,1.0
4976,66.50979853854155,2.7532494794979665,2760.0217715207395,50000.0,0.009999999776482582,0.046893201768398285,1.0
4977,60.12621890426319,1993.7229964519042,3402.651512707803,50000.0,0.009999999776482582,0.04232430085539818,1.0
4978,28.817467265203373,1414.6806915336474,3404.359250627389,50000.0,0.009999999776482582,0.010905278846621513,1.0
4979,60.006529792431294,2011.4834935813103,3405.3005502488536,50000.0,0.009999999776482582,0.04222182556986809,1.0
4980,53.09567063206072,1425.602087448232,3406.9669019783205,50000.0,0.009999999776482582,0.03457970544695854,1.0
4981,45.21373059316869,0.7107937355760253,9919.770048221988,50000.0,0.009999999776482582,0.026981374248862267,1.0
4982,59.88237386334156,2014.9741620184361,3407.6881646346374,50000.0,0.009999999776482582,0.04205327853560448,1.0
4983,52.99938901435522,1427.3021520615473,3409.3398098684443,50000.0,0.009999999776482582,0.03444259241223335,1.0
4984,63.44771299146962,0.5813596132163455,9922.378134873808,50000.0,0.009999999776482582,0.05044881999492645,1.0
4985,56.72655700210135,2.0170937898894725,2847.4347563871374,50000.0,0.009999999776482582,0.03667547553777695,1.0
4986,52.93487720589939,1414.7527094832967,3409.772634267167,50000.0,0.009999999776482582,0.034295350313186646,1.0
4987,66.0494675311213,1414.9317946471106,3410.5207442475285,50000.0,0.009999999776482582,0.04037974774837494,1.0
4988,74.48066964840373,1990.2778031731536,3411.2289852049857,50000.0,0.009999999776482582,0.0651950091123581,1.0
4989,69.05447312694609,1406.4513998946998,3412.8185313502527,50000.0,0.009999999776482582,0.05752627179026604,1.0
4990,35.00418658263579,2.8377226327320164,2824.5966912775248,50000.0,0.009999999776482582,0.013098160736262798,1.0
4991,52.47721137927114,1980.960609611642,3413.4819051920804,50000.0,0.009999999776482582,0.02803806960582733,1.0
4992,59.55756343047288,1991.5224656491494,3415.3429782311537,50000.0,0.009999999776482582,0.04152446240186691,1.0
4993,44.48883745665556,1413.581016127635,3417.1454530447318,50000.0,0.009999999776482582,0.02049904875457287,1.0
4994,28.426206200407687,1415.788561228354,3418.0891244362383,50000.0,0.009999999776482582,0.010729820467531681,1.0
4995,44.96214752912392,0.7429724565898719,9929.333100787251,50000.0,0.009999999776482582,0.02657245844602585,1.0
4996,34.91079713548101,3.526495231302059,2801.7440370882778,50000.0,0.009999999776482582,0.01303835492581129,1.0
4997,52.673071335980495,1421.6138978861998,3418.991276655672,50000.0,0.009999999776482582,0.03395601361989975,1.0
4998,65.93935031375199,5.280425931279928,2757.725771980894,50000.0,0.009999999776482582,0.04594641178846359,1.0
4999,44.89511793439013,0.7459634345326781,9935.510509410915,50000.0,0.009999999776482582,0.026463372632861137,1.0
