t,x,g_raw,g_ratio,alpha,gamma,loss,acc
0,47.010775638851065,20489.888511834255,2432.1465740528934,5000.0,0.699999988079071,1.367597222328186,0.75
1,47.26079868413133,20588.634314300794,2405.481137266041,5000.0,0.699999988079071,1.3521809577941895,0.75
2,47.466681672982446,20542.51207946058,2405.688258880817,5000.0,0.699999988079071,1.3421330451965332,1.0
3,47.60510809964129,20339.821889654195,2432.533645045804,5000.0,0.699999988079071,1.3376809358596802,1.0
4,45.830796323929626,19637.617369301657,2382.763381364807,5000.0,0.699999988079071,1.3414556980133057,1.0
5,45.954055815593186,19611.215421582896,2382.985006107329,5000.0,0.699999988079071,1.335876226425171,1.0
6,47.95617902239637,20219.742236302627,2444.613658802413,5000.0,0.699999988079071,1.3167064189910889,1.0
7,48.2294451293392,20183.002143050322,2444.6421413493836,5000.0,0.699999988079071,1.3070452213287354,1.0
8,43.89662363304645,18688.20604217536,2357.326217227583,5000.0,0.699999988079071,1.3427504301071167,1.0
9,44.361074205843195,18848.400568422432,2319.14573147769,5000.0,0.699999988079071,1.3320685625076294,1.0
10,51.30229697896561,20906.787413501428,2462.743334158463,5000.0,0.699999988079071,1.26041579246521,1.0
11,46.533914983518805,19293.83475007697,2423.690594631857,5000.0,0.699999988079071,1.3078444004058838,1.0
12,44.79990805551495,18557.688779597644,2331.8199704798167,5000.0,0.699999988079071,1.3254292011260986,1.0
13,41.68648087677123,17661.257346311788,2300.468122481355,5000.0,0.699999988079071,1.3554112911224365,1.0
14,47.16515076482838,19219.37499138525,2410.151083210886,5000.0,0.699999988079071,1.295179843902588,1.0
15,47.63915391908327,19157.590008455958,2396.6065673722205,5000.0,0.699999988079071,1.2875651121139526,1.0
16,47.196696741285606,19202.104491852573,2422.725928756839,5000.0,0.699999988079071,1.2874131202697754,1.0
17,47.80031637241386,19332.886870760103,2382.788799376777,5000.0,0.699999988079071,1.2754268646240234,1.0
18,47.98436615861336,19313.0119171481,2382.4645737697674,5000.0,0.699999988079071,1.270346999168396,1.0
19,47.726344934727926,19138.304285665963,2421.263967465322,5000.0,0.699999988079071,1.2714405059814453,1.0
20,48.802134143481574,19430.5591320402,2345.5568581345533,5000.0,0.699999988079071,1.254777193069458,1.0
21,41.72548922893768,17614.650330049404,2275.2127010849035,5000.0,0.699999988079071,1.3362430334091187,1.0
22,48.94313596163125,19212.901413429936,2368.383070764518,5000.0,0.699999988079071,1.25217866897583,1.0
23,55.30746831318419,20739.402003983814,2453.1980630042785,5000.0,0.699999988079071,1.1631965637207031,1.0
24,52.66079022078773,19848.038730262335,2423.2666380151195,5000.0,0.699999988079071,1.1965417861938477,1.0
25,49.52151705309641,18919.476296427023,2389.951196659607,5000.0,0.699999988079071,1.236903190612793,1.0
26,49.3636045376869,18943.890188662474,2402.211448335968,5000.0,0.699999988079071,1.2341148853302002,1.0
27,49.196997777891795,18979.678827333435,2414.5869603088413,5000.0,0.699999988079071,1.2323758602142334,1.0
28,49.86210607205018,19116.04845190279,2375.5220776425836,5000.0,0.699999988079071,1.221204400062561,1.0
29,49.541198094191515,18944.855710287487,2412.035682809585,5000.0,0.699999988079071,1.2221007347106934,1.0
30,54.344536593667875,19941.578729884535,2390.6431683847563,5000.0,0.699999988079071,1.1529312133789062,1.0
31,46.189658879315104,18087.94288173207,2337.5900286114406,5000.0,0.699999988079071,1.2646543979644775,1.0
32,42.13946496160364,17203.843724230803,2259.0795352770533,5000.0,0.699999988079071,1.3170380592346191,1.0
33,50.61877593519021,19051.164892345692,2370.084586510608,5000.0,0.699999988079071,1.2010700702667236,1.0
34,47.17156544961437,18443.085733124266,2280.5744711476864,5000.0,0.699999988079071,1.2484698295593262,1.0
35,47.06371313107521,18180.82466760958,2298.924253613001,5000.0,0.699999988079071,1.2489426136016846,1.0
36,46.54012445473296,17998.322486335273,2333.5452330625194,5000.0,0.699999988079071,1.2535014152526855,1.0
37,55.14548018342552,19771.59443227949,2413.089144415063,5000.0,0.699999988079071,1.1274176836013794,1.0
38,51.35945682492019,18995.64005062849,2362.7366317341694,5000.0,0.699999988079071,1.1809234619140625,1.0
39,55.618096298078,19733.711873615313,2406.259647430718,5000.0,0.699999988079071,1.1125582456588745,1.0
40,46.53788858959818,18008.413330138792,2343.984041523979,5000.0,0.699999988079071,1.2429059743881226,1.0
41,47.31719275778856,17719.698278129796,2308.1431061180915,5000.0,0.699999988079071,1.2371234893798828,1.0
42,47.2845935849606,18138.314814751244,2307.1239615241448,5000.0,0.699999988079071,1.2320029735565186,1.0
43,51.72949349487966,18629.38731758986,2370.9474935849053,5000.0,0.699999988079071,1.1658616065979004,1.0
44,41.599385599340685,16582.046264749926,2284.280038745927,5000.0,0.699999988079071,1.3062041997909546,1.0
45,52.73626496477845,19055.419713107927,2317.6545510556384,5000.0,0.699999988079071,1.1486599445343018,1.0
46,47.255286218338014,17736.108464549063,2318.2414846638853,5000.0,0.699999988079071,1.2270169258117676,1.0
47,52.4222036985632,18379.304033702927,2342.2546366989404,5000.0,0.699999988079071,1.1495329141616821,1.0
48,52.795866096332375,18665.36187729718,2323.401345573118,5000.0,0.699999988079071,1.1399948596954346,1.0
49,61.6260580383496,20495.815977500628,2374.777928763013,5000.0,0.699999988079071,0.9790037870407104,1.0
50,52.41176216937116,18400.722800128504,2346.1225349718175,5000.0,0.699999988079071,1.1346125602722168,1.0
51,61.96894510774555,20375.37313456974,2358.9537192040166,5000.0,0.699999988079071,0.9561294317245483,1.0
52,47.988318509027685,17260.76540134681,2277.9568558259816,5000.0,0.699999988079071,1.2025749683380127,1.0
53,57.775242003224285,19176.214305443795,2328.327342804688,5000.0,0.699999988079071,1.0248758792877197,1.0
54,47.69910160409988,17395.664452414,2295.2087830611185,5000.0,0.699999988079071,1.200582504272461,1.0
55,53.06578016185828,18551.802042407468,2312.029879733518,5000.0,0.699999988079071,1.1064434051513672,1.0
56,47.76720972250361,17330.13719681743,2290.269237023459,5000.0,0.699999988079071,1.1955649852752686,1.0
57,52.81186564279304,18070.655694586192,2312.899523670528,5000.0,0.699999988079071,1.1008983850479126,1.0
58,52.836468300726004,18009.591797630852,2307.4521184794166,5000.0,0.699999988079071,1.0957963466644287,1.0
59,48.56814999731405,17393.04139892307,2250.26244169211,5000.0,0.699999988079071,1.1805508136749268,1.0
60,53.56313366821149,18095.00870978941,2268.4941602398435,5000.0,0.699999988079071,1.0803687572479248,1.0
61,53.57866608781786,18030.427768798323,2263.0455513464162,5000.0,0.699999988079071,1.0751913785934448,1.0
62,53.58481242596211,17962.2099083107,2257.4520633568986,5000.0,0.699999988079071,1.069983720779419,1.0
63,48.692848331186596,17223.89699305459,2238.286515927632,5000.0,0.699999988079071,1.1679677963256836,1.0
64,53.29525385413978,18134.417732289538,2273.31451232588,5000.0,0.699999988079071,1.0684831142425537,1.0
65,48.409513994218464,17440.885119056602,2260.4546505077,5000.0,0.699999988079071,1.1692514419555664,1.0
66,47.93726401446862,16917.31295800124,2260.562970675769,5000.0,0.699999988079071,1.1692790985107422,1.0
67,53.130964738174086,17203.414320125634,2234.7388498267615,5000.0,0.699999988079071,1.0526736974716187,1.0
68,52.76873983835826,17404.38391247325,2255.712656762503,5000.0,0.699999988079071,1.0539218187332153,1.0
69,53.185259344011776,17810.96218185026,2249.2001443831296,5000.0,0.699999988079071,1.0471478700637817,1.0
70,47.85623182931462,16687.661662839142,2246.1852197664534,5000.0,0.699999988079071,1.158034086227417,1.0
71,53.89451646917541,17867.460304831406,2214.0809641427813,5000.0,0.699999988079071,1.0297671556472778,1.0
72,42.633526265831584,16108.029099580606,2248.6253795238467,5000.0,0.699999988079071,1.2704395055770874,1.0
73,57.581837314348,17700.436935495003,2196.4717936279567,5000.0,0.699999988079071,0.9073836207389832,1.0
74,52.088483760881374,17216.34832613372,2250.8338547583453,5000.0,0.699999988079071,1.0349085330963135,1.0
75,47.43130724931922,16752.032413295692,2261.4999689480383,5000.0,0.699999988079071,1.1520706415176392,1.0
76,57.06863550221458,17224.810248048136,2169.693240933691,5000.0,0.699999988079071,0.8853376507759094,1.0
77,51.949554624373725,16502.879213087206,2200.2421048830993,5000.0,0.699999988079071,1.011077642440796,1.0
78,46.8116281025982,15555.810313318223,2210.7729570328033,5000.0,0.699999988079071,1.137308955192566,1.0
79,60.55770226062343,17413.502584237303,2131.753122351955,5000.0,0.699999988079071,0.7296367883682251,1.0
80,51.326667140630754,16018.114696788758,2178.2685188879664,5000.0,0.699999988079071,0.9926538467407227,1.0
81,51.97657904449432,16092.640043168394,2147.6073129397264,5000.0,0.699999988079071,0.9790565967559814,1.0
82,59.18968664061056,16439.84400667609,2092.0453894746997,5000.0,0.699999988079071,0.69193434715271,1.0
83,51.33237110950835,15660.684608228003,2132.353602613436,5000.0,0.699999988079071,0.9643512964248657,1.0
84,50.37839015845587,14833.705484155116,2108.5319091019765,5000.0,0.699999988079071,0.9593155384063721,1.0
85,53.776683449440426,15456.621067728942,2116.9954338297684,5000.0,0.699999988079071,0.8133538961410522,1.0
86,53.36266657007113,14678.651030382234,2064.3997598872093,5000.0,0.699999988079071,0.7939969301223755,1.0
87,49.24123353036897,14164.847440506646,2085.068836587721,5000.0,0.699999988079071,0.9391610026359558,1.0
88,45.09858131124317,14365.069092945081,2164.698034515851,5000.0,0.699999988079071,1.1005371809005737,1.0
89,52.10546382292824,13968.341546832362,2039.3710762803917,5000.0,0.699999988079071,0.7720059156417847,1.0
90,48.14894257878763,14147.374276304608,2118.7407460865916,5000.0,0.699999988079071,0.9336158037185669,1.0
91,47.938861777966025,13444.688581382941,2060.2092014687446,5000.0,0.699999988079071,0.917680025100708,1.0
92,53.253160856508856,13003.901146861495,1973.928997557616,5000.0,0.699999988079071,0.584885835647583,1.0
93,46.719403526251206,14079.328420018199,2161.9242953387943,5000.0,0.699999988079071,0.9282586574554443,1.0
94,48.36241311911776,14454.205306351672,2111.9902291381954,5000.0,0.699999988079071,0.907914936542511,1.0
95,47.05476454935358,14059.898671169993,2133.8190002715414,5000.0,0.699999988079071,0.911209762096405,1.0
96,50.081460092549136,11505.871051997476,1929.6273269461387,5000.0,0.699999988079071,0.5458513498306274,1.0
97,45.026027946499084,12162.410684608902,2029.883844385527,5000.0,0.699999988079071,0.8861960172653198,1.0
98,44.964552488074624,14369.920130561146,2145.552159992493,5000.0,0.699999988079071,1.0665428638458252,1.0
99,44.40876884456852,12578.317043249026,2094.955087158764,5000.0,0.699999988079071,0.8911969065666199,1.0
100,43.58288093213313,13990.895339538616,2168.3286702974883,5000.0,0.699999988079071,1.0714638233184814,1.0
101,44.63300431592145,14792.114408734045,2195.030388872461,5000.0,0.699999988079071,1.0736684799194336,1.0
102,43.38404876831658,13300.371841260961,2108.378468862476,5000.0,0.699999988079071,1.056463360786438,1.0
103,43.299537236737436,13868.952967386134,2165.945853646633,5000.0,0.699999988079071,1.067150592803955,1.0
104,44.36798369776638,13123.657227001733,2131.936409470385,5000.0,0.699999988079071,0.8823710083961487,1.0
105,44.87402897285485,11497.211401638413,2016.0136988667032,5000.0,0.699999988079071,0.681119441986084,1.0
106,44.04014633670825,11259.069371244792,2016.8266614371214,5000.0,0.699999988079071,0.6742319464683533,1.0
107,42.2453201286035,8582.596267888868,1838.4451427057775,5000.0,0.699999988079071,0.47570669651031494,1.0
108,40.71110414871541,8113.552324103707,1826.2085619867823,5000.0,0.699999988079071,0.4653211832046509,1.0
109,40.41179490793091,13136.59249100013,2195.0562927668248,5000.0,0.699999988079071,1.0649914741516113,1.0
110,39.192052887678834,9131.898348766807,1928.0915533050654,5000.0,0.699999988079071,0.6477440595626831,1.0
111,40.660353760551246,14037.38264007498,2204.204007974355,5000.0,0.699999988079071,1.2580742835998535,1.0
112,38.983603072580074,10300.194664261217,1995.3206960907464,5000.0,0.699999988079071,0.837333083152771,1.0
113,36.73507348221255,7031.575204508774,1791.425281882075,5000.0,0.699999988079071,0.44080179929733276,1.0
114,40.79544133955386,13186.601357635036,2168.32297257023,5000.0,0.699999988079071,1.0471584796905518,1.0
115,37.91913258670114,9879.790453619591,2037.1102620970496,5000.0,0.699999988079071,0.6336590051651001,1.0
116,37.33532425832606,10783.99064039285,2099.5685005071246,5000.0,0.699999988079071,0.8392046689987183,1.0
117,34.869475363736775,8151.149177778564,1917.4007275469871,5000.0,0.699999988079071,0.6211005449295044,1.0
118,41.43618615812364,13317.428897369406,2148.553284742789,5000.0,0.699999988079071,1.0322580337524414,1.0
119,36.338128404015876,10591.561444833354,2101.9953139830163,5000.0,0.699999988079071,0.8326907753944397,1.0
120,33.312611141544025,7831.182498704625,1915.075703269997,5000.0,0.699999988079071,0.611709713935852,1.0
121,32.60725899607074,7692.139073268984,1915.0655544296321,5000.0,0.699999988079071,0.6075501441955566,1.0
122,39.185086315245705,12088.440274981867,2093.987891272107,5000.0,0.699999988079071,1.0208005905151367,1.0
123,39.84361966427527,13623.308521726873,2232.7509968248796,5000.0,0.699999988079071,1.0526994466781616,1.0
124,33.60806522119531,9132.88837824259,2067.3451817074406,5000.0,0.699999988079071,0.606596827507019,1.0
125,39.67943721226144,13579.635014812746,2232.1943276406155,5000.0,0.699999988079071,1.0500288009643555,1.0
126,31.125644901864312,8574.770638833048,2102.133562297292,5000.0,0.699999988079071,0.6113068461418152,1.0
127,38.64824693802489,11943.838971902347,2091.5869051702493,5000.0,0.699999988079071,1.0165796279907227,1.0
128,32.1677747077607,8907.367432532968,2081.161907598198,5000.0,0.699999988079071,0.5967928767204285,1.0
129,31.69101413881423,8837.101412376587,2086.9011522449186,5000.0,0.699999988079071,0.5933390855789185,1.0
130,37.30093595051348,12382.646309259582,2184.5856308361103,5000.0,0.699999988079071,1.0396759510040283,1.0
131,35.41723890637226,11351.489822276628,2186.4201010236875,5000.0,0.699999988079071,0.8164348602294922,1.0
132,28.905402752143356,8246.303260550214,2123.1572914897424,5000.0,0.699999988079071,0.597087025642395,1.0
133,40.02395463100516,12933.32071072314,2150.2658231922414,5000.0,0.699999988079071,1.0163030624389648,1.0
134,34.36909450449299,10311.11307007911,2092.4701736348843,5000.0,0.699999988079071,0.7961168885231018,1.0
135,39.063585551765705,13404.122155020656,2228.4302235132077,5000.0,0.699999988079071,1.040619134902954,1.0
136,27.111306109236082,6685.9236316849565,1917.9722826082539,5000.0,0.699999988079071,0.5746245980262756,1.0
137,32.18455426410025,9834.938871241628,2108.345610113461,5000.0,0.699999988079071,0.802498996257782,1.0
138,36.14920134114538,11540.328958503458,2174.6870190108702,5000.0,0.699999988079071,0.7963536977767944,1.0
139,26.19302807946876,6524.102594761846,1918.9053166569797,5000.0,0.699999988079071,0.5681978464126587,1.0
140,32.49154460064046,10793.058322564639,2213.7286813376845,5000.0,0.699999988079071,0.8147920966148376,1.0
141,36.594505087946224,12160.190766970101,2170.144830116321,5000.0,0.699999988079071,1.0299644470214844,1.0
142,30.684452807894246,8520.008227014478,1965.7971950574547,5000.0,0.699999988079071,0.7802925109863281,1.0
143,33.20959547198015,10070.99981640469,2094.652819632326,5000.0,0.699999988079071,0.7845780849456787,1.0
144,33.95026383586677,11084.88845548483,2193.6139640414917,5000.0,0.699999988079071,0.7998172044754028,1.0
145,24.88900412658276,6277.2098178079195,1916.553118638201,5000.0,0.699999988079071,0.5578100681304932,1.0
146,33.762841372938205,11049.944638104917,2194.7102096057392,5000.0,0.699999988079071,0.797289252281189,1.0
147,31.90754621810237,10670.746044082816,2207.878582789626,5000.0,0.699999988079071,0.8059982657432556,1.0
148,16.837249319472424,2608.459900633274,1614.9135235940535,5000.0,0.699999988079071,0.3335748016834259,1.0
149,38.63293217399474,13209.621568064249,2215.7916660500077,5000.0,0.699999988079071,1.0295374393463135,1.0
150,29.635499103638935,8276.116978823864,1955.2541147853694,5000.0,0.699999988079071,0.7708674669265747,1.0
151,27.27743442395234,8190.50105102013,2146.765424674171,5000.0,0.699999988079071,0.554844319820404,1.0
152,36.87404803611964,11352.884133498512,2070.4795392262104,5000.0,0.699999988079071,0.9957410097122192,1.0
153,45.17826685540644,14857.766864364157,2167.260107958119,5000.0,0.699999988079071,1.2295587062835693,1.0
154,40.17997203756545,13474.246445895727,2205.1120872407846,5000.0,0.699999988079071,1.0167186260223389,1.0
155,27.097397755254256,8151.471084670735,2148.994591426018,5000.0,0.699999988079071,0.5498918294906616,1.0
156,30.310636307597917,9424.930212452311,2094.319215172299,5000.0,0.699999988079071,0.7813251614570618,1.0
157,40.20148392071887,13448.49049968144,2203.449045628159,5000.0,0.699999988079071,1.0141613483428955,1.0
158,40.23766891780195,13442.45427510797,2202.455199974897,5000.0,0.699999988079071,1.0128083229064941,1.0
159,33.2838898934004,10904.595814342558,2190.611568617142,5000.0,0.699999988079071,0.7838013768196106,1.0
160,32.1842404479486,9803.442758034555,2093.1871679287233,5000.0,0.699999988079071,0.7667299509048462,1.0
161,41.75578181540959,13407.815465555648,2108.6152735380797,5000.0,0.699999988079071,1.2296605110168457,1.0
162,30.082562463035597,9344.383194570226,2086.1757803205887,5000.0,0.699999988079071,0.7768571376800537,1.0
163,33.20329361122821,10866.21087676932,2187.404756202848,5000.0,0.699999988079071,0.7808977365493774,1.0
164,29.979387332228736,9310.93407314796,2082.8759161653497,5000.0,0.699999988079071,0.7748719453811646,1.0
165,33.14792776085467,10843.672822228802,2185.7713475145742,5000.0,0.699999988079071,0.7790011167526245,1.0
166,29.883914280125218,9278.162872867853,2079.435579083688,5000.0,0.699999988079071,0.7729206085205078,1.0
167,31.116490632572027,10428.6727225994,2180.9459516875368,5000.0,0.699999988079071,0.7879469394683838,1.0
168,31.85426667661726,9688.82912868379,2089.176827406544,5000.0,0.699999988079071,0.7606054544448853,1.0
169,23.72610981870228,7451.254425103523,2148.776326107362,5000.0,0.699999988079071,0.545091450214386,1.0
170,21.849665223853663,5678.551284089202,1901.0660908381146,5000.0,0.699999988079071,0.5279114246368408,1.0
171,32.97980962277487,10777.83705952851,2181.5034879048867,5000.0,0.699999988079071,0.7734688520431519,1.0
172,30.964264553978946,10364.245881519608,2170.9908521800703,5000.0,0.699999988079071,0.7824265360832214,1.0
173,23.446608477718517,7391.9925107635745,2143.40703503083,5000.0,0.699999988079071,0.5392976999282837,1.0
174,29.50442666053342,9143.534963643004,2064.0123671138854,5000.0,0.699999988079071,0.7647329568862915,1.0
175,30.899906455404484,10314.636280509307,2161.392945581009,5000.0,0.699999988079071,0.7778701186180115,1.0
176,34.76766269734301,11129.159427644696,2190.3503905213197,5000.0,0.699999988079071,0.7608795762062073,1.0
177,31.526292744717242,9577.917548796784,2086.822673883333,5000.0,0.699999988079071,0.7539792656898499,1.0
178,25.83991957877858,7914.743884822105,2172.2503495172546,5000.0,0.699999988079071,0.5248759388923645,1.0
179,32.866156885332835,10696.492442346995,2174.148720918685,5000.0,0.699999988079071,0.7658284306526184,1.0
180,29.309095503317554,9067.362860100364,2054.003908476514,5000.0,0.699999988079071,0.7603564262390137,1.0
181,37.47034520090761,11943.146705903104,2113.970757198178,5000.0,0.699999988079071,0.9934018850326538,1.0
182,33.020448050540224,9330.706296204613,1908.5558693160735,5000.0,0.699999988079071,0.9739906787872314,1.0
183,29.221033090953032,9014.012675673483,2048.0272382531302,5000.0,0.699999988079071,0.7573075890541077,1.0
184,41.91332183642586,13533.874959921804,2194.2454639022512,5000.0,0.699999988079071,0.9899411201477051,1.0
185,40.36570582810216,13186.907372911493,2180.0717489224457,5000.0,0.699999988079071,0.9962930679321289,1.0
186,27.527236012415848,7577.895929974153,1895.0363125593358,5000.0,0.699999988079071,0.7414829134941101,1.0
187,38.6878512599013,12823.872450715633,2162.9543552903156,5000.0,0.699999988079071,1.0046340227127075,1.0
188,35.5995960358163,11465.08588554424,2081.1473692680784,5000.0,0.699999988079071,0.9972002506256104,1.0
189,36.1041682656928,10801.581488747388,2031.797132718357,5000.0,0.699999988079071,0.9732776880264282,1.0
190,39.15910708161299,12202.839080513464,2122.9471875132876,5000.0,0.699999988079071,0.9782928228378296,1.0
191,35.55827856894717,11420.341782482767,2075.82859342235,5000.0,0.699999988079071,0.9949245452880859,1.0
192,22.885457425161658,7207.542735625165,2112.386500271085,5000.0,0.699999988079071,0.5237420797348022,1.0
193,42.62192915333862,13763.565737357078,2107.3267261389383,5000.0,0.699999988079071,1.2270417213439941,1.0
194,25.629919798742566,7811.064011558959,2168.843009128743,5000.0,0.699999988079071,0.5147141814231873,1.0
195,28.978165814492876,8846.753566028048,2023.7605746984682,5000.0,0.699999988079071,0.7483845353126526,1.0
196,35.962354631368584,10687.4390328966,2023.3388194884976,5000.0,0.699999988079071,0.9682267904281616,1.0
197,32.439590074459886,8975.11877761713,1875.4691104425196,5000.0,0.699999988079071,0.9585651755332947,1.0
198,31.13959379567478,9309.048002402023,2067.376298658445,5000.0,0.699999988079071,0.7380805015563965,1.0
199,22.735343608148327,7149.76911288999,2101.814588628861,5000.0,0.699999988079071,0.5189834833145142,1.0
200,32.253056479879454,8869.887576471881,1866.2477117635206,5000.0,0.699999988079071,0.9535617828369141,1.0
201,36.86787141276211,12281.35052179572,2114.632669923006,5000.0,0.699999988079071,1.0038726329803467,1.0
202,34.756537010210835,10931.551530630095,2178.52464342294,5000.0,0.699999988079071,0.7465941309928894,1.0
203,31.043071248566157,9247.067231975981,2063.561137711644,5000.0,0.699999988079071,0.7347286343574524,1.0
204,9.440552948544228,1009.86319222351,1476.040750692207,5000.0,0.699999988079071,0.2724745571613312,1.0
205,37.20802575707025,11599.434894277827,2080.2875046405707,5000.0,0.699999988079071,0.9764282703399658,1.0
206,32.732935486937045,10443.121508683482,2140.757344132513,5000.0,0.699999988079071,0.749344527721405,1.0
207,42.13684625976653,13332.458062115924,2181.789308809305,5000.0,0.699999988079071,0.9780473709106445,1.0
208,35.707469445078246,10470.334048286744,2007.987327607472,5000.0,0.699999988079071,0.9575830698013306,1.0
209,37.210876118493154,11550.148496336926,2075.2792806996476,5000.0,0.699999988079071,0.9734096527099609,1.0
210,32.75545866186389,10406.882756667854,2136.096595437469,5000.0,0.699999988079071,0.7465922832489014,1.0
211,25.46202574876457,7694.18702444726,2165.7569172417857,5000.0,0.699999988079071,0.5023490190505981,1.0
212,35.64036766903326,10403.276686324996,2003.18091651136,5000.0,0.699999988079071,0.9543513655662537,1.0
213,30.940720293254547,9123.959022412455,2055.103918952094,5000.0,0.699999988079071,0.7264469861984253,1.0
214,19.676719822421123,4981.320369957374,1824.9435450080805,5000.0,0.699999988079071,0.4904572367668152,1.0
215,19.610845267037124,4958.089136238754,1822.0537412034507,5000.0,0.699999988079071,0.4891051650047302,1.0
216,32.735014618913034,10361.637583460863,2131.8481018312846,5000.0,0.699999988079071,0.7434201240539551,1.0
217,26.234357666398978,6927.337368151521,1825.5867947616332,5000.0,0.699999988079071,0.7133194208145142,1.0
218,19.457324874191308,4898.247435534787,1814.5321463856483,5000.0,0.699999988079071,0.4859471619129181,1.0
219,22.342696270817545,7000.260334813175,2072.4549401475642,5000.0,0.699999988079071,0.5054105520248413,1.0
220,8.410846908700545,774.4673343227033,1446.5901535019834,5000.0,0.699999988079071,0.25828033685684204,1.0
221,38.96283204725073,11798.144158513433,2102.3260747947766,5000.0,0.699999988079071,0.9579505920410156,1.0
222,19.270322430453795,4836.1411677894175,1806.1264689775703,5000.0,0.699999988079071,0.4820936918258667,1.0
223,19.21134667524778,4813.606231292736,1803.1681177655194,5000.0,0.699999988079071,0.480814129114151,1.0
224,8.13727285594796,712.015191893033,1439.402598828458,5000.0,0.699999988079071,0.253827303647995,1.0
225,38.93106885067342,11743.589953516946,2100.770153080814,5000.0,0.699999988079071,0.9552880525588989,1.0
226,32.70135772451917,10287.5126630771,2124.6346334490863,5000.0,0.699999988079071,0.7381777763366699,1.0
227,22.200362421414987,6951.10175066327,2061.1648547176687,5000.0,0.699999988079071,0.49947407841682434,1.0
228,25.284891769506295,7585.560287068493,2169.665294680383,5000.0,0.699999988079071,0.48795896768569946,1.0
229,38.98997783616572,11848.249715290449,1967.826186281489,5000.0,0.699999988079071,1.2017602920532227,1.0
230,18.955537297992983,4715.707075321265,1789.4429489301187,5000.0,0.699999988079071,0.4755319654941559,1.0
231,30.316983665105674,9753.634705911682,2055.925598695988,5000.0,0.699999988079071,0.7444527745246887,1.0
232,18.879829574741848,4687.3709710383055,1785.5498912958058,5000.0,0.699999988079071,0.4740298390388489,1.0
233,38.85277756189821,11648.258193616835,2096.7871014626476,5000.0,0.699999988079071,0.9518390893936157,1.0
234,30.51907817651625,8851.465249258852,2041.789334350659,5000.0,0.699999988079071,0.7111559510231018,1.0
235,7.689896931140282,606.9315205333735,1422.2700953023884,5000.0,0.699999988079071,0.24560701847076416,1.0
236,38.9330360244807,10969.135590435546,1938.3800952644579,5000.0,0.699999988079071,1.163310170173645,1.0
237,34.86829156310577,10638.109140402361,2170.2205177263936,5000.0,0.699999988079071,0.7220731377601624,1.0
238,30.27500940439593,9702.865124078875,2045.8637539338215,5000.0,0.699999988079071,0.7425368428230286,1.0
239,32.637832603331304,10151.80542422886,2108.305483069848,5000.0,0.699999988079071,0.7303543090820312,1.0
240,34.68984595638382,10667.713441857413,1981.6985343610572,5000.0,0.699999988079071,0.965450644493103,1.0
241,27.796545011711967,8172.245647840394,1940.004210146342,5000.0,0.699999988079071,0.71547532081604,1.0
242,32.59284888914903,10103.914413763963,2102.3037054555916,5000.0,0.699999988079071,0.7280498147010803,1.0
243,32.58747708776321,10089.275094047322,2100.737640484298,5000.0,0.699999988079071,0.7270697355270386,1.0
244,18.509848606862388,4526.948162298403,1762.9269827958824,5000.0,0.699999988079071,0.46672695875167847,1.0
245,30.34340506600618,8719.444603915172,2034.141176199542,5000.0,0.699999988079071,0.7048494815826416,1.0
246,27.67185507883862,8094.285192249333,1929.8605054093669,5000.0,0.699999988079071,0.7120789289474487,1.0
247,30.10473698814164,9518.070827017564,2018.1158075973074,5000.0,0.699999988079071,0.7324743866920471,1.0
248,43.85037259949742,13272.160873864486,2068.6025632824217,5000.0,0.699999988079071,1.190017580986023,1.0
249,38.50528088310107,12039.06183004895,2066.7388389138964,5000.0,0.699999988079071,0.9687685966491699,1.0
250,25.180408547048156,7444.6344962466,2160.1078040608595,5000.0,0.699999988079071,0.4771001636981964,1.0
251,34.86164295279303,10513.566060390684,2164.4040452018735,5000.0,0.699999988079071,0.7147408127784729,1.0
252,32.52498380588607,9967.07766689191,2087.866800383371,5000.0,0.699999988079071,0.7201483249664307,1.0
253,18.29402914568992,4434.608371078113,1748.8408490824788,5000.0,0.699999988079071,0.46262189745903015,1.0
254,41.97312095294305,12747.576100305245,2013.7858701618222,5000.0,0.699999988079071,1.191465973854065,1.0
255,27.46036788363568,7933.279445776456,1908.6062412906363,5000.0,0.699999988079071,0.7057651281356812,1.0
256,25.16070516943021,7399.431502419623,2158.047393811678,5000.0,0.699999988079071,0.4734547734260559,1.0
257,27.408985176745855,7902.199204178006,1904.6550527991915,5000.0,0.699999988079071,0.7044767737388611,1.0
258,40.439118204269114,12342.051987933228,2108.559921007855,5000.0,0.699999988079071,0.9550637006759644,1.0
259,32.44587012865299,9863.73034926213,2077.4569460067864,5000.0,0.699999988079071,0.7150275707244873,1.0
260,18.107881586401824,4351.404542545263,1737.16569533128,5000.0,0.699999988079071,0.4592553675174713,1.0
261,36.439233622865835,10749.206077262015,2008.1074602317708,5000.0,0.699999988079071,0.940215528011322,1.0
262,24.496360202188807,6090.258362956978,1735.287750908967,5000.0,0.699999988079071,0.6835442185401917,1.0
263,29.794368332069777,9215.591175449266,1978.027918426504,5000.0,0.699999988079071,0.718437910079956,1.0
264,34.013115533034835,10114.718808170946,1923.241654119499,5000.0,0.699999988079071,0.9414551258087158,1.0
265,34.807003960133336,10379.347721725699,2156.1160167813855,5000.0,0.699999988079071,0.7085375785827637,1.0
266,27.135222803254823,7722.202476725347,1884.8302487738558,5000.0,0.699999988079071,0.6973913311958313,1.0
267,29.65134311840418,9092.517570750362,1964.5349721010937,5000.0,0.699999988079071,0.7126427888870239,1.0
268,7.020157214994837,441.16095770792174,1379.326553380821,5000.0,0.699999988079071,0.22988033294677734,1.0
269,21.48720145577675,6391.590947904852,1955.598094604807,5000.0,0.699999988079071,0.46900999546051025,1.0
270,32.27376406288825,9697.160438335233,2061.9213931093964,5000.0,0.699999988079071,0.7073540687561035,1.0
271,26.976627482215832,7614.901154966881,1871.211702666282,5000.0,0.699999988079071,0.6932938694953918,1.0
272,32.236616782150435,9662.93060671926,2058.9665822825455,5000.0,0.699999988079071,0.7058125138282776,1.0
273,34.095783877294856,9389.365633726035,1944.8915917745971,5000.0,0.699999988079071,0.9181308746337891,1.0
274,32.212727361709405,9634.613021997797,2056.3884881174636,5000.0,0.699999988079071,0.7047178149223328,1.0
275,33.61550881728264,9820.575618467936,1895.5413471042455,5000.0,0.699999988079071,0.9296506643295288,1.0
276,17.619726845170142,4139.649377413002,1709.0205230588374,5000.0,0.699999988079071,0.4509066939353943,1.0
277,29.338806837471196,8841.504961673594,1937.168076655181,5000.0,0.699999988079071,0.7014111876487732,1.0
278,17.552886427445028,4112.804754310343,1705.2034445917234,5000.0,0.699999988079071,0.4497055411338806,1.0
279,35.93467631975855,10390.498536579145,1982.8337195501817,5000.0,0.699999988079071,0.9265760779380798,1.0
280,40.781306654396786,12395.913558737508,1929.5852513059433,5000.0,0.699999988079071,1.172480821609497,1.0
281,25.002962243379862,7245.892059950846,2145.6152859342487,5000.0,0.699999988079071,0.4641254246234894,1.0
282,34.70621380002143,10236.50432447434,2148.5397508536757,5000.0,0.699999988079071,0.7029165625572205,1.0
283,32.00634438216582,9459.634898432998,2042.6366646556044,5000.0,0.699999988079071,0.6970765590667725,1.0
284,17.43641460224155,4063.340251586496,1697.7472135978214,5000.0,0.699999988079071,0.4479624927043915,1.0
285,26.47192471446046,7303.563015399973,1839.3393463389618,5000.0,0.699999988079071,0.6819939613342285,1.0
286,21.033643938465406,6067.016165686426,1910.0994817262886,5000.0,0.699999988079071,0.45576703548431396,1.0
287,31.93124749743333,9400.795426650653,2038.308220599475,5000.0,0.699999988079071,0.6945781707763672,1.0
288,38.55041909153484,11185.255457200716,1874.4120482070475,5000.0,0.699999988079071,1.1479079723358154,1.0
289,28.417351792125576,6922.52083829689,1692.5835051176412,5000.0,0.699999988079071,0.8961920738220215,1.0
290,24.93611198875674,7179.452748902829,2140.07215795653,5000.0,0.699999988079071,0.4605826437473297,1.0
291,37.472519031055285,11069.148419173609,1991.1193658111556,5000.0,0.699999988079071,0.924530029296875,1.0
292,32.74840962914692,9256.74949780608,1851.459233959385,5000.0,0.699999988079071,0.9065103530883789,1.0
293,37.32287821664958,10972.151999532858,1985.8736144350505,5000.0,0.699999988079071,0.919655978679657,1.0
294,6.714293555220413,363.1055230659308,1350.8464722905394,5000.0,0.699999988079071,0.22026404738426208,1.0
295,29.463252753176683,8146.802443222309,2001.7777715799825,5000.0,0.699999988079071,0.682931661605835,1.0
296,6.6560633736617305,349.95787107832643,1348.6492648092867,5000.0,0.699999988079071,0.2185421884059906,1.0
297,25.93837673692487,6998.18816540946,1810.8556957648632,5000.0,0.699999988079071,0.6714954376220703,1.0
298,32.43957448892052,9068.433670544597,1836.920917337974,5000.0,0.699999988079071,0.9000619649887085,1.0
299,38.537146101016816,10663.994856848505,1910.9942863697468,5000.0,0.699999988079071,1.133597731590271,1.0
300,32.26434083769165,8974.424144606326,1832.2929539272297,5000.0,0.699999988079071,0.8954452872276306,1.0
301,40.098209817080175,11403.712344355856,1931.1734197623468,5000.0,0.699999988079071,1.1331562995910645,1.0
302,31.442314704183406,9065.823356882529,2015.0424624699572,5000.0,0.699999988079071,0.6828527450561523,1.0
303,20.371625253288176,5629.4679100398025,1861.6070036178953,5000.0,0.699999988079071,0.4423903226852417,1.0
304,36.80848781650864,10626.54427893111,1967.2015994136696,5000.0,0.699999988079071,0.9053966403007507,1.0
305,44.70833632426995,12828.330764047347,2074.492468330806,5000.0,0.699999988079071,1.1585180759429932,1.0
306,22.776189958027988,5352.072020917416,1669.212052825421,5000.0,0.699999988079071,0.6616060137748718,1.0
307,16.68697103721605,3755.503629123914,1664.0231286243315,5000.0,0.699999988079071,0.43851420283317566,1.0
308,20.25259868996872,5556.022652597591,1853.1939528874293,5000.0,0.699999988079071,0.4401329755783081,1.0
309,39.350314887013475,11371.276319584336,2050.8510632964435,5000.0,0.699999988079071,0.9170926809310913,1.0
310,6.6070767883554895,333.7067763915138,1336.1883606144718,5000.0,0.699999988079071,0.2160266935825348,1.0
311,44.552901315723794,12695.085414808376,2070.954072388996,5000.0,0.699999988079071,1.1526033878326416,1.0
312,31.21440657204637,8877.092583300217,2003.899931794078,5000.0,0.699999988079071,0.6754527688026428,1.0
313,34.32560471496333,9838.872721916985,2123.990800424033,5000.0,0.699999988079071,0.6885450482368469,1.0
314,16.51698309495675,3693.655536428392,1653.5475856786154,5000.0,0.699999988079071,0.4360296428203583,1.0
315,6.527806428400572,313.88824799666963,1331.3940220947616,5000.0,0.699999988079071,0.2136867344379425,1.0
316,20.09333561624863,5463.318283493834,1840.0091990324129,5000.0,0.699999988079071,0.43614885210990906,1.0
317,45.894562862440054,13194.15246541529,2067.683644247527,5000.0,0.699999988079071,1.1476445198059082,1.0
318,25.06546225585689,6533.283355665104,1770.8340855220094,5000.0,0.699999988079071,0.657201886177063,1.0
319,6.475102770493311,300.88631636731407,1327.4719110225994,5000.0,0.699999988079071,0.21191561222076416,1.0
320,16.31949861635527,3624.412512434045,1642.0143501520624,5000.0,0.699999988079071,0.43289241194725037,1.0
321,24.62493347072818,6885.611159623578,2122.173911721562,5000.0,0.699999988079071,0.4466739296913147,1.0
322,28.78846375479805,7756.203163843563,1984.0402574718437,5000.0,0.699999988079071,0.6682144403457642,1.0
323,6.386424588320947,281.5957012212249,1323.6879900560223,5000.0,0.699999988079071,0.20880715548992157,1.0
324,31.224930392459882,8388.984071624736,1787.8123140431521,5000.0,0.699999988079071,0.8788238763809204,1.0
325,34.19418323516157,9697.315810394199,2122.717392960198,5000.0,0.699999988079071,0.681774914264679,1.0
326,30.937149017096548,8659.962168659551,1992.951119221726,5000.0,0.699999988079071,0.6669284105300903,1.0
327,24.717206103473085,6369.55858936161,1754.963940020928,5000.0,0.699999988079071,0.6523818969726562,1.0
328,19.754962572877318,5270.187070137067,1817.2401463331362,5000.0,0.699999988079071,0.42911577224731445,1.0
329,19.70563016869536,5242.591044702471,1814.2485406230494,5000.0,0.699999988079071,0.42806342244148254,1.0
330,28.626850969548443,7201.556209970589,1716.3539543078477,5000.0,0.699999988079071,0.8727970123291016,1.0
331,30.759860367472363,8558.500429937843,1987.9207846541276,5000.0,0.699999988079071,0.6636358499526978,1.0
332,19.573971658076996,5168.731090110077,1807.233766533287,5000.0,0.699999988079071,0.4259070158004761,1.0
333,26.894851948705515,7272.676297134596,1805.2229811333686,5000.0,0.699999988079071,0.6451108455657959,1.0
334,33.931353580681574,9167.632575338157,1918.135228422793,5000.0,0.699999988079071,0.8834496736526489,1.0
335,26.714216656142145,7174.174605408762,1799.2670293551068,5000.0,0.699999988079071,0.6416105628013611,1.0
336,34.02189339396818,9568.659442204933,2115.7072067033155,5000.0,0.699999988079071,0.6784309148788452,1.0
337,6.281753824740784,255.43497578291434,1311.6325199491678,5000.0,0.699999988079071,0.20420362055301666,1.0
338,6.2502107957736674,249.08605602880735,1310.6219035859974,5000.0,0.699999988079071,0.20302875339984894,1.0
339,19.28006270016256,5006.420426081845,1790.129860669281,5000.0,0.699999988079071,0.4202534556388855,1.0
340,15.711590277957455,3413.3441094063983,1609.9661468527884,5000.0,0.699999988079071,0.4246373772621155,1.0
341,36.90548507155227,10114.18848386431,2035.5273563977976,5000.0,0.699999988079071,0.8994603157043457,1.0
342,27.956821215600815,6901.6231784491865,1693.9269214880824,5000.0,0.699999988079071,0.8650883436203003,1.0
343,6.206848061257326,239.808296121011,1307.0863680417722,5000.0,0.699999988079071,0.20095889270305634,1.0
344,36.456930796068555,9580.35137018581,1862.9862715379747,5000.0,0.699999988079071,1.1005885601043701,1.0
345,28.143726987507574,7450.447366603068,1972.2360402387856,5000.0,0.699999988079071,0.6584010124206543,1.0
346,30.312969562763787,8284.013479090954,1974.7605182950226,5000.0,0.699999988079071,0.6545282006263733,1.0
347,19.08395468237464,4901.7844331308515,1779.5767372829791,5000.0,0.699999988079071,0.4172935485839844,1.0
348,23.66762217924371,5878.680239062809,1715.012771783648,5000.0,0.699999988079071,0.6376709342002869,1.0
349,38.269402519597755,10573.989159227605,2023.4177612971766,5000.0,0.699999988079071,0.8892302513122559,1.0
350,15.303968887149054,3268.4277212911475,1595.1255602595081,5000.0,0.699999988079071,0.42030537128448486,1.0
351,33.21517417214138,8805.053980287177,1903.2340877771153,5000.0,0.699999988079071,0.8720276355743408,1.0
352,27.28708672223843,6635.909130397293,1679.522906004269,5000.0,0.699999988079071,0.855475664138794,1.0
353,31.1043105465091,7990.9929976311905,1887.9526696357939,5000.0,0.699999988079071,0.8737648129463196,1.0
354,29.364975710065362,7480.303966262845,1733.2323343332139,5000.0,0.699999988079071,0.8482346534729004,1.0
355,36.27218566817353,9792.98218662829,2021.1142532532936,5000.0,0.699999988079071,0.8883002400398254,1.0
356,40.31855531147884,10848.247296231928,1962.9460756874664,5000.0,0.699999988079071,1.1004523038864136,1.0
357,25.759358232094495,6677.145502985451,1765.8190746126527,5000.0,0.699999988079071,0.6268804669380188,1.0
358,23.084490375515017,5632.7465868756535,1702.1542303823874,5000.0,0.699999988079071,0.6296189427375793,1.0
359,14.911256568900926,3128.3079126916587,1586.1953932872852,5000.0,0.699999988079071,0.41702908277511597,1.0
360,14.843273497686008,3106.4190611533527,1583.3941037723391,5000.0,0.699999988079071,0.4161488711833954,1.0
361,24.013289602209028,6463.476878426926,2089.9205637874193,5000.0,0.699999988079071,0.4329850375652313,1.0
362,6.180702438325778,229.62483397755824,1295.120277492631,5000.0,0.699999988079071,0.19825133681297302,1.0
363,27.46599171668387,7140.835985342095,1959.7262443531483,5000.0,0.699999988079071,0.6485689878463745,1.0
364,23.968321961562374,6432.73992704153,2090.884530515156,5000.0,0.699999988079071,0.43089616298675537,1.0
365,22.799974899188356,5530.282391561523,1692.7511650425715,5000.0,0.699999988079071,0.6266947984695435,1.0
366,14.568466689319047,3020.86817075796,1570.3864347295353,5000.0,0.699999988079071,0.4126637578010559,1.0
367,23.926589595266538,6407.920592131576,2089.762270837316,5000.0,0.699999988079071,0.42969053983688354,1.0
368,14.469437604953747,2990.9255443716925,1565.6610238974986,5000.0,0.699999988079071,0.4114064872264862,1.0
369,29.577830120330926,7867.486507901096,1953.3769918101184,5000.0,0.699999988079071,0.642540693283081,1.0
370,6.079667576321293,208.75851561614627,1289.6556553227645,5000.0,0.699999988079071,0.19391489028930664,1.0
371,40.49463637838283,11059.964398663013,2092.2768393313954,5000.0,0.699999988079071,0.8968662023544312,1.0
372,27.144706019311325,6990.2291548986095,1956.3191176906878,5000.0,0.699999988079071,0.6433126330375671,1.0
373,14.294229580424814,2936.9708890255743,1557.581487528932,5000.0,0.699999988079071,0.40951302647590637,1.0
374,29.975155619858125,7543.414976241093,1875.952485293917,5000.0,0.699999988079071,0.8586534857749939,1.0
375,33.04047100092221,8899.912940336928,2087.333426987286,5000.0,0.699999988079071,0.6578013300895691,1.0
376,29.825173260048302,7478.361838282623,1873.9169394657374,5000.0,0.699999988079071,0.8558437824249268,1.0
377,18.948594947064535,4046.708269903005,1551.9193479290373,5000.0,0.699999988079071,0.6221630573272705,1.0
378,18.368643819584616,4548.783761182853,1743.460417191101,5000.0,0.699999988079071,0.407183438539505,1.0
379,29.289013272826175,7697.314243121738,1943.2855763496605,5000.0,0.699999988079071,0.6381295919418335,1.0
380,30.803184162033176,7525.275499438453,1678.5659041523252,5000.0,0.699999988079071,1.0491821765899658,1.0
381,30.313074318100885,7729.003449518999,1737.2793372903707,5000.0,0.699999988079071,0.8304276466369629,1.0
382,18.032088261220846,4390.16698366542,1731.785500707949,5000.0,0.699999988079071,0.40340131521224976,1.0
383,29.01051461940046,7569.772993181232,1938.913254953963,5000.0,0.699999988079071,0.6341126561164856,1.0
384,17.92522355150048,4340.490067987996,1727.4558007365074,5000.0,0.699999988079071,0.4018404185771942,1.0
385,26.614455317975704,6765.932457654656,1946.5760595197162,5000.0,0.699999988079071,0.6370999217033386,1.0
386,21.749496037978783,5131.063398841921,1666.0611707263834,5000.0,0.699999988079071,0.6148490309715271,1.0
387,27.420964849679333,6674.166420545249,1688.5539455651074,5000.0,0.699999988079071,0.8234038949012756,1.0
388,33.260919633511556,8587.149007833023,1874.9111467090622,5000.0,0.699999988079071,0.8389798402786255,1.0
389,18.440365786044158,3897.3759515808993,1544.8071793706065,5000.0,0.699999988079071,0.6180515885353088,1.0
390,24.19235611715958,5947.832760073094,1717.84489246177,5000.0,0.699999988079071,0.6055081486701965,1.0
391,28.594667031635296,7374.948286778974,1931.3387960366986,5000.0,0.699999988079071,0.6283943057060242,1.0
392,36.395562018369155,9540.408815458208,1982.2427667871154,5000.0,0.699999988079071,0.8583280444145203,1.0
393,26.303150477210252,6624.764630498139,1938.1075172626556,5000.0,0.699999988079071,0.6340193748474121,1.0
394,23.893053541575718,5819.112336894056,1710.4752405749723,5000.0,0.699999988079071,0.6013960242271423,1.0
395,28.360784634467816,7261.698666847798,1927.5461291944152,5000.0,0.699999988079071,0.6247335076332092,1.0
396,23.66878148158593,5724.65191670686,1705.3802663393813,5000.0,0.699999988079071,0.5981070399284363,1.0
397,6.0614380293414305,197.58411919555485,1274.2342023044075,5000.0,0.699999988079071,0.19104108214378357,1.0
398,34.47270587732646,8896.731152415863,1990.0596027168065,5000.0,0.699999988079071,0.8629118204116821,1.0
399,30.650941816146716,7661.991731676093,1861.2123023654117,5000.0,0.699999988079071,0.834923267364502,1.0
400,30.574141798473264,7629.435545982166,1859.8147453266251,5000.0,0.699999988079071,0.8336785435676575,1.0
401,23.05715248906885,5905.857157549646,2054.6783809502185,5000.0,0.699999988079071,0.41850852966308594,1.0
402,20.813296612807978,4761.726162711286,1641.6241537010515,5000.0,0.699999988079071,0.6044750809669495,1.0
403,20.73955351510239,4736.131791610454,1640.2717844770505,5000.0,0.699999988079071,0.6036011576652527,1.0
404,23.197453408770105,5531.016479921808,1694.263220909142,5000.0,0.699999988079071,0.5922584533691406,1.0
405,34.072054691170806,8711.937527406233,1981.7825768888006,5000.0,0.699999988079071,0.8575912714004517,1.0
406,16.841580396188956,3867.131115568179,1690.362934575057,5000.0,0.699999988079071,0.3902197480201721,1.0
407,31.845716238713543,8249.545417788037,2050.4282200030307,5000.0,0.699999988079071,0.643965482711792,1.0
408,16.775443891178686,3840.3955946288665,1687.6017026879795,5000.0,0.699999988079071,0.3893178701400757,1.0
409,17.623423849743737,3671.966397467452,1529.0908112035088,5000.0,0.699999988079071,0.6127812266349792,1.0
410,31.75738219757998,7919.426634525187,1853.3967071900895,5000.0,0.699999988079071,0.8153514266014099,1.0
411,16.61599618316394,3776.3904939746712,1682.8246217108488,5000.0,0.699999988079071,0.387661337852478,1.0
412,31.655499124687278,8151.526188362634,2046.7277092451727,5000.0,0.699999988079071,0.6415395140647888,1.0
413,27.46512647439557,6850.45429769738,1912.8145725607944,5000.0,0.699999988079071,0.6125855445861816,1.0
414,13.03113527267779,2561.023017798509,1524.675059368897,5000.0,0.699999988079071,0.39987912774086,1.0
415,33.47427120272532,8185.299103218182,1808.308395576031,5000.0,0.699999988079071,1.0221922397613525,1.0
416,22.406126417889627,5219.375684530411,1676.413661468672,5000.0,0.699999988079071,0.5825885534286499,1.0
417,38.24888552732449,9837.808437925374,2041.6306237294457,5000.0,0.699999988079071,0.8636888265609741,1.0
418,16.29501840912883,3647.679773224177,1672.3993972338367,5000.0,0.699999988079071,0.38458380103111267,1.0
419,31.032957389912728,7615.926921887468,1845.275807957286,5000.0,0.699999988079071,0.8037959933280945,1.0
420,16.141844372579765,3587.282900843212,1667.9537147471594,5000.0,0.699999988079071,0.3829544186592102,1.0
421,12.925592537685747,2530.043209471958,1522.7433293219901,5000.0,0.699999988079071,0.399480938911438,1.0
422,12.853597702327702,2510.8002075515396,1520.2658336751747,5000.0,0.699999988079071,0.3987139165401459,1.0
423,12.782330544449126,2491.686634451353,1517.8023551707538,5000.0,0.699999988079071,0.3979514241218567,1.0
424,26.92507242720124,6617.241176630977,1905.1357079425231,5000.0,0.699999988079071,0.6058937907218933,1.0
425,22.560377249332053,4975.00326089152,1585.5729633668375,5000.0,0.699999988079071,0.803696870803833,1.0
426,21.76907466093568,4976.3464789936725,1662.484667336787,5000.0,0.699999988079071,0.5749725103378296,1.0
427,21.62543144569174,4922.6827221094645,1659.8845041187037,5000.0,0.699999988079071,0.5729548931121826,1.0
428,34.26509705261683,8551.412338123235,1952.887211938189,5000.0,0.699999988079071,0.8271982669830322,1.0
429,40.34820566034241,10133.899458850467,1974.0228544692432,5000.0,0.699999988079071,1.0485702753067017,1.0
430,28.739741037120385,6880.8097085615445,1833.2986272189783,5000.0,0.699999988079071,0.8108616471290588,1.0
431,22.223020790293596,4856.273284680999,1581.0098990785639,5000.0,0.699999988079071,0.7988282442092896,1.0
432,16.786763931626325,3445.6394830888476,1519.1694724661183,5000.0,0.699999988079071,0.6067018508911133,1.0
433,26.304221883116302,6355.256740440013,1892.4067582884672,5000.0,0.699999988079071,0.5990232825279236,1.0
434,39.83810536638604,9903.31325669454,1964.6064660897719,5000.0,0.699999988079071,1.0400607585906982,1.0
435,28.36191860330843,6730.08894072492,1826.2899058279759,5000.0,0.699999988079071,0.8054708242416382,1.0
436,31.673769330824427,7484.415289457032,1785.7294381507795,5000.0,0.699999988079071,0.9931071400642395,1.0
437,25.94932985057727,6203.610930471667,1885.8227918127257,5000.0,0.699999988079071,0.5947425961494446,1.0
438,24.337242166068034,5764.864013758527,1891.4408754648928,5000.0,0.699999988079071,0.6148567199707031,1.0
439,15.303353226115224,3268.897173648946,1645.055280010382,5000.0,0.699999988079071,0.3763353228569031,1.0
440,28.01231079796536,6594.31259235362,1820.7337193388394,5000.0,0.699999988079071,0.8010399341583252,1.0
441,23.326805779818404,5159.813440084805,1614.584455385364,5000.0,0.699999988079071,0.769285261631012,1.0
442,21.584771515727493,5169.939260700007,2003.8662406151475,5000.0,0.699999988079071,0.40621820092201233,1.0
443,32.94488715407674,7972.250860938084,1930.6634725151591,5000.0,0.699999988079071,0.8078768253326416,1.0
444,15.054849356827859,3179.0240799173157,1638.3983849342578,5000.0,0.699999988079071,0.37415003776550293,1.0
445,26.342779516199485,6114.478178359164,1812.6942126193946,5000.0,0.699999988079071,0.8198836445808411,1.0
446,15.001004060100817,3159.8993826489086,1636.847054355225,5000.0,0.699999988079071,0.3736910820007324,1.0
447,16.267249754092035,3306.8318332973563,1515.5898992567488,5000.0,0.699999988079071,0.6023626923561096,1.0
448,34.313922318729986,8177.588719253114,1878.6997406249166,5000.0,0.699999988079071,1.0111446380615234,1.0
449,6.097541239270342,187.77156441337542,1250.3742843729037,5000.0,0.699999988079071,0.18912340700626373,1.0
450,16.059779820235985,3253.4206288370447,1512.494053598318,5000.0,0.699999988079071,0.6002267599105835,1.0
451,23.663455845786075,5508.272619337416,1879.3095186056821,5000.0,0.699999988079071,0.6084302663803101,1.0
452,21.19621475559098,4993.544791766811,1994.034092830698,5000.0,0.699999988079071,0.402566522359848,1.0
453,21.164393779668597,4979.741115108523,1995.081259677224,5000.0,0.699999988079071,0.40183398127555847,1.0
454,14.842329348161519,3105.3046854952795,1630.687041172162,5000.0,0.699999988079071,0.37190723419189453,1.0
455,25.07779088233866,5845.255140452589,1870.340882662893,5000.0,0.699999988079071,0.5859352350234985,1.0
456,14.732244233370857,3067.513583330619,1627.503703289625,5000.0,0.699999988079071,0.37065115571022034,1.0
457,6.015903077740326,171.50530084081186,1246.1117933238359,5000.0,0.699999988079071,0.18548741936683655,1.0
458,26.976122387486974,6216.307378867453,1807.445983129657,5000.0,0.699999988079071,0.791229784488678,1.0
459,19.783617540590473,4282.157975037687,1624.5849150839929,5000.0,0.699999988079071,0.5535430908203125,1.0
460,14.5139561676053,2994.9676019160793,1621.5877899654388,5000.0,0.699999988079071,0.3682101368904114,1.0
461,24.770005880811205,5734.823279861787,1868.4350173691275,5000.0,0.699999988079071,0.5824552178382874,1.0
462,29.011935722059945,6909.16628530074,1993.3890016359162,5000.0,0.699999988079071,0.6133756637573242,1.0
463,14.392937689092461,2955.217820664926,1617.8159578877692,5000.0,0.699999988079071,0.36698052287101746,1.0
464,17.54660929647787,3668.1051314084225,1570.7438478382326,5000.0,0.699999988079071,0.5733706951141357,1.0
465,23.135023605032707,5307.212389422854,1872.4761793430937,5000.0,0.699999988079071,0.6043797731399536,1.0
466,26.484038532343874,6040.550210280438,1801.0670105345625,5000.0,0.699999988079071,0.7863497138023376,1.0
467,17.39953785807397,3626.6663539293463,1569.2386971493297,5000.0,0.699999988079071,0.5718096494674683,1.0
468,5.989381788004552,164.8793711814466,1241.4972604149034,5000.0,0.699999988079071,0.18363909423351288,1.0
469,26.893691959481977,6058.25109109169,1748.2267284730574,5000.0,0.699999988079071,1.0152016878128052,1.0
470,15.103161000068102,3007.82230709496,1493.2392854945208,5000.0,0.699999988079071,0.5930054187774658,1.0
471,14.179883100879787,2887.2173172955013,1612.53885098704,5000.0,0.699999988079071,0.3654046356678009,1.0
472,14.11907566444213,2868.9758045163785,1610.9085317443314,5000.0,0.699999988079071,0.36466914415359497,1.0
473,18.98018877579749,4033.6764175308845,1610.1880767093571,5000.0,0.699999988079071,0.5455695390701294,1.0
474,22.683454252103644,5150.289236159328,1863.5053091090838,5000.0,0.699999988079071,0.6006647348403931,1.0
475,5.970428644791235,161.527915088389,1238.8464035932925,5000.0,0.699999988079071,0.18225358426570892,1.0
476,25.889083546335712,5848.349468933144,1793.3451222821852,5000.0,0.699999988079071,0.781213641166687,1.0
477,16.865334155568497,3480.833935476333,1560.4898600122426,5000.0,0.699999988079071,0.5668067932128906,1.0
478,28.203322546905223,6575.9668093460805,1974.3697663787727,5000.0,0.699999988079071,0.6080471873283386,1.0
479,30.77279659776848,7110.293763737639,1901.4276278836282,5000.0,0.699999988079071,0.7871655821800232,1.0
480,11.220685363869944,2057.483640542773,1485.4356550250716,5000.0,0.699999988079071,0.38600432872772217,1.0
481,13.769005003649253,2763.982447394884,1601.695741009356,5000.0,0.699999988079071,0.36155977845191956,1.0
482,29.502476285415504,6789.052242324223,1908.3841671351386,5000.0,0.699999988079071,0.8093765377998352,1.0
483,20.104148489707367,4539.115630271078,1971.622148768885,5000.0,0.699999988079071,0.3922426402568817,1.0
484,14.513816981245728,2857.6217888346523,1481.4485669564065,5000.0,0.699999988079071,0.588820219039917,1.0
485,18.444348078796853,3877.72677936488,1599.8848275581688,5000.0,0.699999988079071,0.54140305519104,1.0
486,5.942705354444071,154.07836249988907,1234.735171171521,5000.0,0.699999988079071,0.18053674697875977,1.0
487,20.497097065979265,4319.845718580192,1569.2481878553374,5000.0,0.699999988079071,0.7436447143554688,1.0
488,14.33270790558425,2812.6120529164496,1478.9755129833538,5000.0,0.699999988079071,0.5870537161827087,1.0
489,23.328790459392568,5212.489866905143,1842.1541253539422,5000.0,0.699999988079071,0.5704665184020996,1.0
490,25.004193848775092,5552.849910745271,1780.503270213547,5000.0,0.699999988079071,0.7728103399276733,1.0
491,19.8071329434005,4422.190482580978,1960.403235602444,5000.0,0.699999988079071,0.3907238841056824,1.0
492,16.191385806700147,3295.8528944267377,1548.806891970607,5000.0,0.699999988079071,0.5610854625701904,1.0
493,18.52089511564259,3820.014295924355,1528.778739818408,5000.0,0.699999988079071,0.7630870342254639,1.0
494,21.64924590382523,4785.853134116816,1844.6899953906975,5000.0,0.699999988079071,0.592078685760498,1.0
495,5.948808333994978,154.49715334620385,1231.917036988531,5000.0,0.699999988079071,0.18007099628448486,1.0
496,15.998784359928973,3245.3746371423376,1546.208966949971,5000.0,0.699999988079071,0.5591196417808533,1.0
497,27.090760069915973,6147.61071591838,1954.4402880086966,5000.0,0.699999988079071,0.5997859835624695,1.0
498,26.992579994270855,6112.32787458096,1955.5283912219588,5000.0,0.699999988079071,0.5982906222343445,1.0
499,22.77231055911477,5019.388421942571,1833.005799607919,5000.0,0.699999988079071,0.5658913254737854,1.0
500,21.33165878632911,4678.6075669281845,1842.497721362019,5000.0,0.699999988079071,0.5893114805221558,1.0
501,13.785972125562047,2675.3217552403694,1471.3702197855514,5000.0,0.699999988079071,0.5819259881973267,1.0
502,22.930488060656106,5002.052024765604,1771.0025657798521,5000.0,0.699999988079071,0.7889577150344849,1.0
503,5.933830824867201,149.67546264712533,1229.3671465494322,5000.0,0.699999988079071,0.1791294664144516,1.0
504,25.42881557211579,5574.511340187837,1766.112478801227,5000.0,0.699999988079071,0.7430551052093506,1.0
505,22.747718632165245,4945.3108286209235,1768.1406768626111,5000.0,0.699999988079071,0.7873281240463257,1.0
506,13.06438461153981,2552.49779561157,1583.2776954047902,5000.0,0.699999988079071,0.35619086027145386,1.0
507,17.434463851598913,3589.2505253662735,1582.716999663271,5000.0,0.699999988079071,0.5326083898544312,1.0
508,27.661712708094583,6150.289508067098,1881.5885254772083,5000.0,0.699999988079071,0.7934828400611877,1.0
509,17.308551660510528,3554.140884550225,1581.1436586739776,5000.0,0.699999988079071,0.5312533378601074,1.0
510,10.40790729674153,1838.9881048432205,1468.9423578001654,5000.0,0.699999988079071,0.37858712673187256,1.0
511,23.66235776820952,5128.069304960446,1760.4147171488978,5000.0,0.699999988079071,0.7605774402618408,1.0
512,18.82233070359609,4067.8417107654755,1937.3323414475078,5000.0,0.699999988079071,0.38489219546318054,1.0
513,22.283692986658824,4801.616466158874,1760.1808007322609,5000.0,0.699999988079071,0.7834681868553162,1.0
514,18.709429340124945,4029.344025836305,1935.8552148323436,5000.0,0.699999988079071,0.38412347435951233,1.0
515,21.843769075856894,4715.916067681735,1815.2250876797434,5000.0,0.699999988079071,0.5592007040977478,1.0
516,15.235748758402615,3039.0782002262918,1534.6136365632333,5000.0,0.699999988079071,0.5524300932884216,1.0
517,22.025719598132877,4723.824514900712,1756.6097913860656,5000.0,0.699999988079071,0.7809531092643738,1.0
518,21.650425723966798,4654.333959099152,1810.6212871601692,5000.0,0.699999988079071,0.5579546093940735,1.0
519,23.129706754081315,4964.850383960303,1752.0993332107882,5000.0,0.699999988079071,0.7555607557296753,1.0
520,13.130180132055031,2512.274473541586,1467.7222082388246,5000.0,0.699999988079071,0.5743653178215027,1.0
521,18.334523061753735,3903.7384392258546,1926.2395113131192,5000.0,0.699999988079071,0.3824847638607025,1.0
522,15.020217921097622,2982.9843766761146,1532.82131641497,5000.0,0.699999988079071,0.5500499606132507,1.0
523,5.940011437168916,147.28321723877013,1223.497128318359,5000.0,0.699999988079071,0.17816607654094696,1.0
524,26.430990341204538,5761.751106371956,1865.9184790930653,5000.0,0.699999988079071,0.7832308411598206,1.0
525,16.702085914054223,3385.9503615640397,1570.5767779432458,5000.0,0.699999988079071,0.5265299677848816,1.0
526,27.278662557485173,5934.805507766347,1851.7519077603029,5000.0,0.699999988079071,0.7581419348716736,1.0
527,19.820715790982533,4093.95256793469,1568.9279539878528,5000.0,0.699999988079071,0.6976920366287231,1.0
528,19.750393133042284,4177.111913596797,1810.730020431654,5000.0,0.699999988079071,0.5780066847801208,1.0
529,5.95143617160198,147.53752509059493,1221.8983307741566,5000.0,0.699999988079071,0.1783311665058136,1.0
530,14.684451069678166,2893.1833330205004,1526.6907568296135,5000.0,0.699999988079071,0.5471501350402832,1.0
531,22.35626424120196,4742.863620647716,1741.0348593617111,5000.0,0.699999988079071,0.7491640448570251,1.0
532,20.76948974708838,4393.496745781085,1796.8243506118695,5000.0,0.699999988079071,0.5513249039649963,1.0
533,19.48700601064834,4100.180749096623,1806.5072879838133,5000.0,0.699999988079071,0.5762665867805481,1.0
534,9.937290508179244,1709.195774641263,1462.7928087312596,5000.0,0.699999988079071,0.37424424290657043,1.0
535,19.370602128860867,4067.834053360977,1805.6217094360782,5000.0,0.699999988079071,0.5752456188201904,1.0
536,14.475194049711103,2839.581294641334,1524.2158402644998,5000.0,0.699999988079071,0.545058012008667,1.0
537,16.448647183218608,3293.547330070685,1507.1333372683202,5000.0,0.699999988079071,0.7405623197555542,1.0
538,20.432741219925354,4293.9882184055305,1788.6528886409951,5000.0,0.699999988079071,0.5495704412460327,1.0
539,19.134706074911193,3997.542129263723,1799.3797008764454,5000.0,0.699999988079071,0.5736705660820007,1.0
540,20.310734119981294,4258.9666590436445,1787.123320922013,5000.0,0.699999988079071,0.5486507415771484,1.0
541,20.242416267943323,4239.915748697316,1786.7298478659543,5000.0,0.699999988079071,0.5479902029037476,1.0
542,20.1745187537684,4220.9928767547135,1786.3396916120112,5000.0,0.699999988079071,0.5473326444625854,1.0
543,17.251054624921263,3567.6915089627946,1904.8099593307043,5000.0,0.699999988079071,0.3769029974937439,1.0
544,25.80291712509335,5506.990900372397,1834.6521747119225,5000.0,0.699999988079071,0.746045708656311,1.0
545,18.822056005746497,3905.9600259762,1796.0784889946426,5000.0,0.699999988079071,0.5716092586517334,1.0
546,18.756354910186857,3887.5682822138056,1795.4893136681574,5000.0,0.699999988079071,0.5710064768791199,1.0
547,14.124639650428673,2747.9630413817804,1519.4610404477949,5000.0,0.699999988079071,0.5419692397117615,1.0
548,17.406833594175755,3508.973610831133,1533.0752150359403,5000.0,0.699999988079071,0.710900604724884,1.0
549,19.73217250406947,4095.195480976451,1779.5267512240212,5000.0,0.699999988079071,0.5440224409103394,1.0
550,12.38865749613541,2325.0794698783448,1463.5385138941294,5000.0,0.699999988079071,0.5668830275535583,1.0
551,26.331720556317826,5578.792400822175,1782.220723557859,5000.0,0.699999988079071,0.935619592666626,1.0
552,21.980469577144397,4580.672296730462,1717.806854587125,5000.0,0.699999988079071,0.7105160355567932,1.0
553,9.720994730526638,1644.8741540913718,1466.408446684884,5000.0,0.699999988079071,0.3722977638244629,1.0
554,13.899579288801993,2690.106697015609,1518.9630411690002,5000.0,0.699999988079071,0.5388274788856506,1.0
555,9.654551414847953,1626.9559312849271,1464.406123627094,5000.0,0.699999988079071,0.3714200556278229,1.0
556,9.607061814894674,1614.3232469496043,1462.4760392250778,5000.0,0.699999988079071,0.37080568075180054,1.0
557,13.772720743733592,2657.6203258054306,1516.3862590146716,5000.0,0.699999988079071,0.5375370383262634,1.0
558,11.520292066563346,2111.9322858468577,1548.6048933311488,5000.0,0.699999988079071,0.3441164493560791,1.0
559,19.17597565391014,3939.386349276382,1767.568191283983,5000.0,0.699999988079071,0.5407358407974243,1.0
560,13.652037535259755,2625.8502218776043,1514.0075637091616,5000.0,0.699999988079071,0.536368727684021,1.0
561,9.504493827279077,1586.2467715015955,1459.4214701674955,5000.0,0.699999988079071,0.3695269823074341,1.0
562,13.573860463445667,2605.6935318046376,1512.6773418355244,5000.0,0.699999988079071,0.5354676246643066,1.0
563,13.53690107873698,2596.1839500628967,1512.3629682475948,5000.0,0.699999988079071,0.5349245071411133,1.0
564,17.76975877355411,3572.755670776339,1545.9457994679817,5000.0,0.699999988079071,0.6738951206207275,1.0
565,20.223072653978143,4152.740499788076,1705.3477525100545,5000.0,0.699999988079071,0.7308136820793152,1.0
566,18.75142535776271,3821.0084605231878,1757.7921830164264,5000.0,0.699999988079071,0.5377482175827026,1.0
567,17.526382129791006,3513.669981462875,1545.292038669467,5000.0,0.699999988079071,0.6688845753669739,1.0
568,9.50702454666402,1584.4932929181525,1464.2259525913921,5000.0,0.699999988079071,0.3695119023323059,1.0
569,22.881752043000457,4726.615844504274,1669.4250937522181,5000.0,0.699999988079071,0.8625409007072449,1.0
570,15.934826327354624,3172.1545947812842,1860.60342430709,5000.0,0.699999988079071,0.3733063042163849,1.0
571,18.43149132635897,3734.147464726305,1753.4365046580324,5000.0,0.699999988079071,0.534724771976471,1.0
572,17.48887750642071,3523.1606058831603,1757.7034544747294,5000.0,0.699999988079071,0.5648822784423828,1.0
573,17.428395408159947,3506.7939044745403,1757.1751533778613,5000.0,0.699999988079071,0.5643132925033569,1.0
574,5.987713802273994,148.22263919142412,1210.6426301868407,5000.0,0.699999988079071,0.17700985074043274,1.0
575,15.05578894789753,2944.8271215068207,1495.7021362658056,5000.0,0.699999988079071,0.7229627370834351,1.0
576,15.675505895210922,3099.7584685901948,1857.6652252905822,5000.0,0.699999988079071,0.37153172492980957,1.0
577,15.643817946909941,3091.9987715475445,1859.2458159806217,5000.0,0.699999988079071,0.3709762692451477,1.0
578,13.81371966003762,2657.748784584322,1461.1621692802444,5000.0,0.699999988079071,0.7516739368438721,1.0
579,15.988142520666594,3153.26108256186,1519.9964149268596,5000.0,0.699999988079071,0.6915476322174072,1.0
580,13.047170219858224,2469.112278365618,1508.729427994403,5000.0,0.699999988079071,0.5285197496414185,1.0
581,17.005815064785807,3391.732027173227,1747.545716262175,5000.0,0.699999988079071,0.5613850355148315,1.0
582,17.881804611329063,3583.406975829154,1740.4890235843998,5000.0,0.699999988079071,0.5319187045097351,1.0
583,17.82489129121386,3568.568068069258,1740.2214213099096,5000.0,0.699999988079071,0.5313372611999512,1.0
584,5.982787965683305,146.6237359640149,1208.1845536824144,5000.0,0.699999988079071,0.17622153460979462,1.0
585,21.139644814750085,4304.869378870827,1653.9844146579558,5000.0,0.699999988079071,0.8828026056289673,1.0
586,16.361823255634217,3243.275201965784,1488.763737207414,5000.0,0.699999988079071,0.9077229499816895,1.0
587,14.718805242211355,2864.7514823819097,1497.8866359176945,5000.0,0.699999988079071,0.7153129577636719,1.0
588,18.90119646506477,3802.5472651433633,1679.844392672464,5000.0,0.699999988079071,0.7184329032897949,1.0
589,9.26792330705943,1512.4975580223468,1468.1992423013335,5000.0,0.699999988079071,0.3660855293273926,1.0
590,19.286783491534447,3894.4480656492265,1640.2804250262411,5000.0,0.699999988079071,0.9348686337471008,1.0
591,20.178471906916908,4066.8530750160685,1829.2503902395952,5000.0,0.699999988079071,0.5624743103981018,1.0
592,14.829975276075361,2860.7087930916873,1829.244101471861,5000.0,0.699999988079071,0.3697108328342438,1.0
593,21.242400189853637,4305.361271525751,1774.9937830399567,5000.0,0.699999988079071,0.7481564283370972,1.0
594,10.75257565145928,1892.8663519864613,1537.166456329932,5000.0,0.699999988079071,0.33727431297302246,1.0
595,21.1087752712729,4271.370806258795,1774.2568426624252,5000.0,0.699999988079071,0.746955394744873,1.0
596,17.129619092462587,3384.793607603768,1723.744477769808,5000.0,0.699999988079071,0.5273348093032837,1.0
597,16.46201564052829,3250.6330968189322,1538.0791885808947,5000.0,0.699999988079071,0.654396653175354,1.0
598,9.20200747926684,1491.9987832062507,1471.1854523309653,5000.0,0.699999988079071,0.36537548899650574,1.0
599,14.440511494595269,2798.846261459722,1499.8196865844257,5000.0,0.699999988079071,0.7098027467727661,1.0
600,21.445069221058944,4329.74953912496,1759.390635662709,5000.0,0.699999988079071,0.7158651351928711,1.0
601,15.981250755552919,3120.110949694199,1723.2652043053906,5000.0,0.699999988079071,0.55423504114151,1.0
602,18.944172225537624,3786.8061981876917,1669.0180136716958,5000.0,0.699999988079071,0.6822006702423096,1.0
603,6.077128640094987,159.70562895120173,1205.9306598697121,5000.0,0.699999988079071,0.1789989322423935,1.0
604,18.072676808822244,3593.1016614365494,1667.4985246491253,5000.0,0.699999988079071,0.7105010151863098,1.0
605,9.146234791001158,1475.0599978229725,1473.0510278713978,5000.0,0.699999988079071,0.36458513140678406,1.0
606,15.206246270843613,2965.917409324856,1520.0060504715045,5000.0,0.699999988079071,0.6775453090667725,1.0
607,20.957786956345217,4206.654155708075,1752.7492049655402,5000.0,0.699999988079071,0.7118178009986877,1.0
608,14.281906812922667,2762.196115360289,1502.6197199293433,5000.0,0.699999988079071,0.7060214877128601,1.0
609,17.82139236439841,3531.144692674147,1661.6244058839118,5000.0,0.699999988079071,0.7074803113937378,1.0
610,10.46516894655445,1810.5755238589163,1535.579747098138,5000.0,0.699999988079071,0.3343726396560669,1.0
611,9.130845252901393,1468.9701371584028,1476.9735542728217,5000.0,0.699999988079071,0.3641182482242584,1.0
612,22.631059011942604,4546.395770219896,1810.4151110891046,5000.0,0.699999988079071,0.7423581480979919,1.0
613,12.426527706209484,2312.323903149183,1512.1772235491148,5000.0,0.699999988079071,0.5188524127006531,1.0
614,14.14272828443712,2729.493890409174,1503.382698455195,5000.0,0.699999988079071,0.7032662034034729,1.0
615,19.75864652448707,3929.6360942171054,1748.338141318229,5000.0,0.699999988079071,0.7372135519981384,1.0
616,16.133727435558384,3128.292427470254,1702.4471022494429,5000.0,0.699999988079071,0.5201388001441956,1.0
617,18.735840204892455,3739.0970875314315,1626.1759790651035,5000.0,0.699999988079071,0.887782871723175,1.0
618,18.338956006772342,3593.3014368721283,1802.447064887149,5000.0,0.699999988079071,0.5511754155158997,1.0
619,17.38305079363947,3422.9343473072927,1655.3682671565361,5000.0,0.699999988079071,0.7023544311523438,1.0
620,13.34470095996245,2521.122675675904,1538.2904852550957,5000.0,0.699999988079071,0.4874271750450134,1.0
621,14.896130412139893,2930.118166510411,1489.951605426611,5000.0,0.699999988079071,0.913764476776123,1.0
622,13.352669245687213,2524.174683934603,1540.3020378668593,5000.0,0.699999988079071,0.48688262701034546,1.0
623,19.232669011217038,3798.5916102729043,1736.6819603995052,5000.0,0.699999988079071,0.7321502566337585,1.0
624,10.364961147101136,1778.271491790155,1537.9507503664333,5000.0,0.699999988079071,0.3339240849018097,1.0
625,14.963908612048522,2855.0427824392686,1696.5416174541847,5000.0,0.699999988079071,0.5471394658088684,1.0
626,15.701884123287206,3017.3148437534205,1691.757433585328,5000.0,0.699999988079071,0.5170115828514099,1.0
627,12.281125049911088,2277.866529994492,1518.8551101020253,5000.0,0.699999988079071,0.5149216651916504,1.0
628,10.269766736881186,1753.2454512058612,1535.6864516116314,5000.0,0.699999988079071,0.33274370431900024,1.0
629,10.224567058957732,1741.8205598124905,1534.4064746785812,5000.0,0.699999988079071,0.3321097791194916,1.0
630,6.142857442351602,168.06095819426588,1201.6852010620078,5000.0,0.699999988079071,0.1801573634147644,1.0
631,13.183064387919716,2409.552011183802,1786.7653131918762,5000.0,0.699999988079071,0.36354854702949524,1.0
632,11.091251202638546,1998.0700884692167,1483.7260362072063,5000.0,0.699999988079071,0.544114351272583,1.0
633,10.103611785959314,1711.3833940936154,1529.3993976070985,5000.0,0.699999988079071,0.33066293597221375,1.0
634,8.893643753805945,1401.1889505425877,1479.373688556866,5000.0,0.699999988079071,0.3605748116970062,1.0
635,18.60969986366233,3637.271809995171,1730.5178394430648,5000.0,0.699999988079071,0.7297606468200684,1.0
636,8.859649284933683,1391.5310617558027,1479.1652366725414,5000.0,0.699999988079071,0.3600654602050781,1.0
637,6.081688210560546,156.27725115526007,1198.7564886265197,5000.0,0.699999988079071,0.17760004103183746,1.0
638,14.432480902024624,2717.171455877984,1690.326818792415,5000.0,0.699999988079071,0.5436978340148926,1.0
639,8.752644550471196,1362.8477711727046,1474.0611115988092,5000.0,0.699999988079071,0.35863760113716125,1.0
640,8.714902460060973,1352.592747147708,1472.3313871935911,5000.0,0.699999988079071,0.3580668270587921,1.0
641,15.100014981567044,2860.9643242691286,1681.5924459132905,5000.0,0.699999988079071,0.5139322280883789,1.0
642,12.828485959409498,2316.554563157434,1783.2139439523164,5000.0,0.699999988079071,0.36041826009750366,1.0
643,12.632537010395978,2341.1271362994803,1521.6863189703508,5000.0,0.699999988079071,0.4815636873245239,1.0
644,14.213231808360202,2660.0423441647567,1687.3494330960166,5000.0,0.699999988079071,0.5422670841217041,1.0
645,14.174229319794167,2650.1160262588396,1687.189020688231,5000.0,0.699999988079071,0.5418072938919067,1.0
646,11.63585947626487,2112.653230338238,1501.1707379096265,5000.0,0.699999988079071,0.5097956657409668,1.0
647,14.870885770503541,2802.772869217506,1678.0914442202215,5000.0,0.699999988079071,0.5120449662208557,1.0
648,16.753916919845217,3239.2490258936905,1633.9284117163338,5000.0,0.699999988079071,0.6639871597290039,1.0
649,10.655762456308503,1885.3948357933753,1475.3258762398561,5000.0,0.699999988079071,0.5391647219657898,1.0
650,9.792163023489202,1630.0591924358982,1519.3724863759471,5000.0,0.699999988079071,0.3270704746246338,1.0
651,16.69442993596743,3166.766870022444,1777.8779068900637,5000.0,0.699999988079071,0.5431122183799744,1.0
652,13.866903055576005,2642.868341218856,1508.5719725813603,5000.0,0.699999988079071,0.6601122617721558,1.0
653,6.038218066071906,146.7155498635033,1194.600139072199,5000.0,0.699999988079071,0.17522269487380981,1.0
654,6.016099479500176,142.8804600891265,1193.8777603292128,5000.0,0.699999988079071,0.17431502044200897,1.0
655,14.559568029876916,2724.3912816368334,1673.422713393772,5000.0,0.699999988079071,0.5094715356826782,1.0
656,16.506867322739705,3119.1296641295694,1778.3867146212738,5000.0,0.699999988079071,0.5416331887245178,1.0
657,13.793434998702175,2551.95199529697,1681.5035835349922,5000.0,0.699999988079071,0.5393086075782776,1.0
658,12.35210362519439,2190.828284386902,1778.457336094209,5000.0,0.699999988079071,0.3567529022693634,1.0
659,16.41267391530486,3096.511261487991,1782.8493700598206,5000.0,0.699999988079071,0.5397186279296875,1.0
660,15.642698278677546,2983.667682245491,1631.120383101877,5000.0,0.699999988079071,0.690207839012146,1.0
661,18.975999444785973,3692.553095210493,1679.6793122557633,5000.0,0.699999988079071,0.8722818493843079,1.0
662,9.599277655399286,1578.1453049873505,1513.5462154890838,5000.0,0.699999988079071,0.325190931558609,1.0
663,12.13366809530908,2218.5495929152044,1514.3297313107657,5000.0,0.699999988079071,0.4756186008453369,1.0
664,14.899187611584795,2820.7919509065528,1629.2247614365872,5000.0,0.699999988079071,0.7198098301887512,1.0
665,9.553570932053546,1566.1424924869077,1513.2935573982854,5000.0,0.699999988079071,0.3243970274925232,1.0
666,12.113981838048211,2127.8278636548307,1774.8690550421118,5000.0,0.699999988079071,0.35538485646247864,1.0
667,13.453575395909962,2541.9073408434283,1502.7302400409892,5000.0,0.699999988079071,0.6560860276222229,1.0
668,6.00566382869972,137.77954956050817,1191.336744463173,5000.0,0.699999988079071,0.17346470057964325,1.0
669,13.430323696947399,2460.7183151349304,1675.5437213369642,5000.0,0.699999988079071,0.5366305708885193,1.0
670,5.984506079049619,133.95288877756084,1190.4965339656876,5000.0,0.699999988079071,0.1725487858057022,1.0
671,10.261478241040823,1779.0738669996094,1467.8342004239648,5000.0,0.699999988079071,0.5357775092124939,1.0
672,11.890603285956256,2158.5809620113146,1508.883527188874,5000.0,0.699999988079071,0.47307536005973816,1.0
673,12.558956078782272,2338.8525928327986,1486.0024923479054,5000.0,0.699999988079071,0.6853007674217224,1.0
674,11.846347798458009,2058.984610178083,1764.6912427578134,5000.0,0.699999988079071,0.35424405336380005,1.0
675,11.048020807092666,1964.1366322770218,1492.2447277630063,5000.0,0.699999988079071,0.5029307007789612,1.0
676,11.033637730544966,1960.8534196705555,1492.4418905239534,5000.0,0.699999988079071,0.502509593963623,1.0
677,5.969336042258849,132.08071390677944,1188.5455970765952,5000.0,0.699999988079071,0.17147104442119598,1.0
678,13.089578256266172,2374.594310459264,1666.1413744925064,5000.0,0.699999988079071,0.5346488356590271,1.0
679,14.900423858607725,2803.56807233825,1615.8706311457465,5000.0,0.699999988079071,0.6843425631523132,1.0
680,16.52647273564785,3179.970976043702,1589.676882638246,5000.0,0.699999988079071,0.8335596919059753,1.0
681,13.12564255153875,2465.4433374230694,1500.7908145453844,5000.0,0.699999988079071,0.6501561403274536,1.0
682,11.730510790118043,2123.498941701511,1511.1398137943343,5000.0,0.699999988079071,0.468697190284729,1.0
683,5.995045491035688,136.18988962955177,1187.9272008499174,5000.0,0.699999988079071,0.17214374244213104,1.0
684,8.331789138541236,1243.1343001829196,1470.0031529028035,5000.0,0.699999988079071,0.3519112169742584,1.0
685,14.687985748952029,2755.6672209755734,1610.030086233212,5000.0,0.699999988079071,0.6819266080856323,1.0
686,12.848601255448592,2316.881796181166,1656.1108735625073,5000.0,0.699999988079071,0.5333166718482971,1.0
687,10.889786236454944,1926.5954707566195,1493.6073222054652,5000.0,0.699999988079071,0.4993215799331665,1.0
688,16.080369435237937,3016.0151471521594,1692.817741199413,5000.0,0.699999988079071,0.7144999504089355,1.0
689,14.972505141872674,2746.167047595273,1750.738723350436,5000.0,0.699999988079071,0.5336964130401611,1.0
690,9.217923688767426,1478.0365020493116,1506.674865356673,5000.0,0.699999988079071,0.31939882040023804,1.0
691,11.629972079838119,2129.5472459402035,1475.197194020913,5000.0,0.699999988079071,0.710978627204895,1.0
692,10.080175371242758,1735.2430607174563,1476.0829039502605,5000.0,0.699999988079071,0.52960205078125,1.0
693,15.846770450201372,2962.709412446987,1689.5767329135892,5000.0,0.699999988079071,0.711656391620636,1.0
694,12.290390928775553,2280.632066836073,1492.0781129207674,5000.0,0.699999988079071,0.6763719916343689,1.0
695,14.785891196041128,2856.1735306246806,1506.5813506296001,5000.0,0.699999988079071,0.7929337024688721,1.0
696,14.971378101624703,2822.196625367548,1602.1733057024674,5000.0,0.699999988079071,0.6459805965423584,1.0
697,12.555666581024456,2249.050160260623,1645.617748266619,5000.0,0.699999988079071,0.5303292870521545,1.0
698,18.699319457208308,3569.808265117439,1692.2159189930217,5000.0,0.699999988079071,0.8574676513671875,1.0
699,16.15620853967877,3036.258235597563,1677.1871465222405,5000.0,0.699999988079071,0.6764443516731262,1.0
700,10.975575981531911,1954.7076078238224,1507.0506504061525,5000.0,0.699999988079071,0.49700650572776794,1.0
701,12.521210459095967,2242.791051099655,1647.3527365882937,5000.0,0.699999988079071,0.5293474793434143,1.0
702,11.786092718295086,2182.4957179383096,1494.7853143648283,5000.0,0.699999988079071,0.7050623893737793,1.0
703,17.505144166494592,3357.7940287243423,1638.972867701853,5000.0,0.699999988079071,0.8204618096351624,1.0
704,9.31664852096788,1500.7282324128184,1518.3271726538064,5000.0,0.699999988079071,0.3201281428337097,1.0
705,13.212158443620101,2538.38888400126,1500.1085004931679,5000.0,0.699999988079071,0.8800496459007263,1.0
706,10.92454611015592,1813.9285421475927,1723.434929640462,5000.0,0.699999988079071,0.35276761651039124,1.0
707,6.108909972191437,152.66444746893112,1186.576518365472,5000.0,0.699999988079071,0.17556388676166534,1.0
708,14.157461498748372,2553.0217174126064,1729.8583256941888,5000.0,0.699999988079071,0.5289267897605896,1.0
709,9.24365075577814,1481.5756157233575,1514.9177802333527,5000.0,0.699999988079071,0.3194637596607208,1.0
710,15.742762476638484,2940.1563260180756,1670.2875738831417,5000.0,0.699999988079071,0.6728593707084656,1.0
711,10.874197903115615,1930.470333128274,1508.9032153765008,5000.0,0.699999988079071,0.49474459886550903,1.0
712,12.845866708930537,2313.502972308533,1634.2274585365767,5000.0,0.699999988079071,0.4951630234718323,1.0
713,6.082520109776788,146.33393712430356,1185.028393980603,5000.0,0.699999988079071,0.1744593232870102,1.0
714,10.782050085268388,1906.5239748806703,1506.2046356235571,5000.0,0.699999988079071,0.49392086267471313,1.0
715,13.949793977681422,2501.538045470621,1729.979216967953,5000.0,0.699999988079071,0.5269412398338318,1.0
716,12.73447140793931,2285.413745356862,1633.9291181115425,5000.0,0.699999988079071,0.493991494178772,1.0
717,16.54747635477859,3141.052032285287,1639.8605969960952,5000.0,0.699999988079071,0.8459987640380859,1.0
718,13.449320601333081,2486.592573633574,1604.5439644542012,5000.0,0.699999988079071,0.7012016773223877,1.0
719,12.132834764557694,2148.406441235454,1642.9816349950224,5000.0,0.699999988079071,0.5249033570289612,1.0
720,13.834507857946637,2475.9691306321533,1732.6252381414968,5000.0,0.699999988079071,0.5244733095169067,1.0
721,6.089138545382868,144.9251225516286,1184.2403369197752,5000.0,0.699999988079071,0.17458951473236084,1.0
722,10.728627068687011,1893.1877217789938,1507.4929648637572,5000.0,0.699999988079071,0.4931686818599701,1.0
723,12.706382329284384,2380.4254283862274,1511.2671767740724,5000.0,0.699999988079071,0.6367766857147217,1.0
724,14.836260686268568,2734.48004345225,1675.8877555384377,5000.0,0.699999988079071,0.6988625526428223,1.0
725,10.08396320427964,1744.8368567916243,1503.0473994776335,5000.0,0.699999988079071,0.523853063583374,1.0
726,9.125944444530207,1449.5349725260733,1514.4670616849799,5000.0,0.699999988079071,0.3177465796470642,1.0
727,14.247446819453602,2659.238249865855,1594.3072202511892,5000.0,0.699999988079071,0.6352508068084717,1.0
728,11.344308106276182,2037.7550275160143,1517.5993317281468,5000.0,0.699999988079071,0.4597037434577942,1.0
729,11.315341545515825,2031.5200366931874,1518.0790626503303,5000.0,0.699999988079071,0.4586459994316101,1.0
730,14.651977673260566,2690.8096885198097,1669.7624920305443,5000.0,0.699999988079071,0.6980211734771729,1.0
731,8.344001749027678,1242.1035074481688,1503.8294180819862,5000.0,0.699999988079071,0.34907349944114685,1.0
732,12.39987942146446,2205.3252564948934,1627.0033720147144,5000.0,0.699999988079071,0.49011725187301636,1.0
733,10.067850727330002,1741.5526222227863,1506.014219895981,5000.0,0.699999988079071,0.5233126878738403,1.0
734,10.668828269256833,1882.1486999527153,1512.8226583736405,5000.0,0.699999988079071,0.49003082513809204,1.0
735,10.659129057422955,1880.0705519337325,1513.1002007131472,5000.0,0.699999988079071,0.4896482825279236,1.0
736,8.288692318968227,1226.8678323868567,1503.3854134312328,5000.0,0.699999988079071,0.3476995825767517,1.0
737,10.608752727043306,1867.1390727023474,1511.852768618317,5000.0,0.699999988079071,0.4889262318611145,1.0
738,12.223817363579549,2160.541598640398,1619.7472688372654,5000.0,0.699999988079071,0.4893013834953308,1.0
739,14.318737044324932,2608.1603830805307,1661.9468725416639,5000.0,0.699999988079071,0.6958627700805664,1.0
740,15.567717614956317,2831.155372868912,1717.0916686522762,5000.0,0.699999988079071,0.6951556205749512,1.0
741,10.6342247870451,1874.498940615495,1514.9542592613452,5000.0,0.699999988079071,0.48892050981521606,1.0
742,12.207157103718767,2158.1524728185655,1622.385404815595,5000.0,0.699999988079071,0.4882139563560486,1.0
743,12.189696982969146,2153.9914477741136,1622.7052397639225,5000.0,0.699999988079071,0.4878123998641968,1.0
744,12.022787436616072,2235.580758005317,1515.45400762069,5000.0,0.699999988079071,0.6620866060256958,1.0
745,10.629515287738828,1874.9841092042586,1517.443509334895,5000.0,0.699999988079071,0.4878943860530853,1.0
746,10.620261766443171,1873.0189586429203,1517.7244363597565,5000.0,0.699999988079071,0.48751649260520935,1.0
747,8.990544708976847,1414.842125835192,1518.2109856491622,5000.0,0.699999988079071,0.31416505575180054,1.0
748,6.092448295511968,143.64470193187898,1179.1237979867951,5000.0,0.699999988079071,0.17355339229106903,1.0
749,11.500668531275583,1987.7771365881774,1626.2599028995064,5000.0,0.699999988079071,0.5196208953857422,1.0
750,10.490844638668388,1838.941068363247,1513.5327962347992,5000.0,0.699999988079071,0.486367791891098,1.0
751,12.839610271692163,2222.7462959104378,1707.578958456795,5000.0,0.699999988079071,0.5194380879402161,1.0
752,8.887806102557334,1387.7343643427942,1513.879512124373,5000.0,0.699999988079071,0.31288406252861023,1.0
753,6.057792022344127,136.71889856799652,1177.3451858741773,5000.0,0.699999988079071,0.17208941280841827,1.0
754,11.37964662648369,1954.7840400567488,1625.3723165476792,5000.0,0.699999988079071,0.5185661911964417,1.0
755,11.86278626059007,2068.7552681276043,1614.9868322568334,5000.0,0.699999988079071,0.4852811396121979,1.0
756,9.960384838935079,1553.327237593311,1707.4369202288183,5000.0,0.699999988079071,0.344431072473526,1.0
757,13.851007688272228,2489.133999200805,1660.0404845474552,5000.0,0.699999988079071,0.6912235021591187,1.0
758,14.267485002319965,2585.404725933267,1651.6826277098949,5000.0,0.699999988079071,0.6573238968849182,1.0
759,13.384666749966605,2558.0808115481796,1512.7472545080082,5000.0,0.699999988079071,0.7996039986610413,1.0
760,10.937752282321497,1941.7487247350894,1516.5190512021331,5000.0,0.699999988079071,0.45163625478744507,1.0
761,11.812514018029056,2058.983353828451,1615.5783952065979,5000.0,0.699999988079071,0.4835028350353241,1.0
762,8.18952456552414,1199.5216236386116,1510.2361934589878,5000.0,0.699999988079071,0.3454521596431732,1.0
763,13.748633214055772,2467.984516389328,1657.4381921593988,5000.0,0.699999988079071,0.6893556714057922,1.0
764,11.761375871786774,2172.64849356848,1516.2829120732963,5000.0,0.699999988079071,0.6573814153671265,1.0
765,6.0750633386651005,137.4549512132809,1175.991298819527,5000.0,0.699999988079071,0.17240341007709503,1.0
766,9.823339478174656,1513.6209387486183,1703.5632154283153,5000.0,0.699999988079071,0.3434646427631378,1.0
767,11.213054308592245,1913.2654497967771,1625.2886253151848,5000.0,0.699999988079071,0.5159981846809387,1.0
768,9.801785649586355,1508.2959368580437,1705.953601531821,5000.0,0.699999988079071,0.3428295850753784,1.0
769,14.335569043524126,2693.90207021422,1567.686416554351,5000.0,0.699999988079071,0.7950420379638672,1.0
770,13.603321194008892,2432.7075914217035,1657.8416440158342,5000.0,0.699999988079071,0.6868412494659424,1.0
771,9.790150218598809,1504.8494134862399,1707.5129948224742,5000.0,0.699999988079071,0.34259045124053955,1.0
772,8.744757626310916,1348.9972503342542,1511.9266326805905,5000.0,0.699999988079071,0.31058362126350403,1.0
773,8.091626030252254,1171.329527858737,1509.8844902450585,5000.0,0.699999988079071,0.34366899728775024,1.0
774,12.003605156057242,2218.189909744456,1512.861666436819,5000.0,0.699999988079071,0.6219998598098755,1.0
775,13.206927273783643,2520.3417488336754,1515.8246900504919,5000.0,0.699999988079071,0.7937713861465454,1.0
776,11.565411788690598,1996.658921289555,1609.916253657624,5000.0,0.699999988079071,0.4807131290435791,1.0
777,8.734998148123521,1347.8874742375344,1515.0237903092489,5000.0,0.699999988079071,0.3094366788864136,1.0
778,12.254635423962114,2071.284828511506,1702.6464279880854,5000.0,0.699999988079071,0.5131632685661316,1.0
779,11.516441565563435,1984.0549973616253,1611.0749829861318,5000.0,0.699999988079071,0.47968173027038574,1.0
780,9.651416644037868,1464.618938497929,1702.4156193170388,5000.0,0.699999988079071,0.341461718082428,1.0
781,8.661059409711964,1327.7330399437153,1512.0837094863778,5000.0,0.699999988079071,0.3084605038166046,1.0
782,13.706786363180349,2448.9727884607687,1644.594892072864,5000.0,0.699999988079071,0.649543285369873,1.0
783,10.645390608269873,1871.466787877031,1515.0192506656883,5000.0,0.699999988079071,0.44565385580062866,1.0
784,11.02414142534116,1864.887984710474,1623.8207384476304,5000.0,0.699999988079071,0.5138301849365234,1.0
785,14.387132465311367,2638.543497376623,1626.0957943298808,5000.0,0.699999988079071,0.8568411469459534,1.0
786,11.028005612467586,1867.8525152014256,1625.7964524144938,5000.0,0.699999988079071,0.5130008459091187,1.0
787,12.279154453140885,2205.4550393190298,1595.4257047662063,5000.0,0.699999988079071,0.6849114894866943,1.0
788,9.58342945268326,1445.0343311130816,1703.5999883582026,5000.0,0.699999988079071,0.3405328094959259,1.0
789,6.055209352098289,129.03966783186442,1171.8993538854425,5000.0,0.699999988079071,0.17098349332809448,1.0
790,13.595875481766024,2423.946919829852,1645.5860980164057,5000.0,0.699999988079071,0.6469488143920898,1.0
791,10.959208739326419,1849.7822091194187,1627.9218815838374,5000.0,0.699999988079071,0.5116249918937683,1.0
792,10.945379786912135,1846.2903499612307,1628.3014283397567,5000.0,0.699999988079071,0.5112786889076233,1.0
793,10.931670568902643,1842.8270808744937,1628.683272848763,5000.0,0.699999988079071,0.5109333395957947,1.0
794,10.918088087439845,1839.3920569968657,1629.0670482937267,5000.0,0.699999988079071,0.5105889439582825,1.0
795,8.627591652342483,1317.4756398844015,1512.1110779951919,5000.0,0.699999988079071,0.3082588315010071,1.0
796,8.01871249240056,1150.5867001929248,1517.7752217624784,5000.0,0.699999988079071,0.3415781259536743,1.0
797,7.9897809725039215,1142.3087206567802,1516.253486201315,5000.0,0.699999988079071,0.34105440974235535,1.0
798,11.95026207972907,1992.4522202191097,1711.2146660475541,5000.0,0.699999988079071,0.5071427822113037,1.0
799,9.524018606822745,1600.7515198502244,1518.1682687018495,5000.0,0.699999988079071,0.5122821927070618,1.0
800,12.388497817429048,2219.1201490674234,1584.976931130595,5000.0,0.699999988079071,0.6474419832229614,1.0
801,10.778701357898136,1801.304782407043,1626.9044361526385,5000.0,0.699999988079071,0.5088009834289551,1.0
802,11.222991235321311,1908.241007438826,1609.2515510803719,5000.0,0.699999988079071,0.4758906960487366,1.0
803,11.213125883013733,1905.9710907227034,1609.6777698754888,5000.0,0.699999988079071,0.47552213072776794,1.0
804,7.964472837853554,1134.9547075093492,1518.7368742139677,5000.0,0.699999988079071,0.3402393162250519,1.0
805,13.02233843074951,2397.449230616228,1578.5384454610016,5000.0,0.699999988079071,0.850277304649353,1.0
806,10.040951809390215,1727.2070201151116,1517.907285824373,5000.0,0.699999988079071,0.47769278287887573,1.0
807,6.030495277216755,122.33175003422862,1168.2469629322054,5000.0,0.699999988079071,0.16941222548484802,1.0
808,10.661106961887414,1769.4128828150738,1624.501139326007,5000.0,0.699999988079071,0.5072380304336548,1.0
809,10.64979747183296,1766.5490281246484,1624.935778612594,5000.0,0.699999988079071,0.5069049596786499,1.0
810,9.954934672348633,1703.6834094031205,1515.0762609178707,5000.0,0.699999988079071,0.47684425115585327,1.0
811,7.904036232727294,1117.9478251259277,1519.3782186419805,5000.0,0.699999988079071,0.3382854461669922,1.0
812,12.594953135622628,2260.9937926601287,1571.8256800698753,5000.0,0.699999988079071,0.6131906509399414,1.0
813,11.643981517653536,2135.0580035772973,1515.413868486776,5000.0,0.699999988079071,0.6139518022537231,1.0
814,12.727762590742364,2211.868716334284,1650.8966420100548,5000.0,0.699999988079071,0.6745873689651489,1.0
815,8.543948748859252,1296.2273264846435,1512.0905737990752,5000.0,0.699999988079071,0.30634644627571106,1.0
816,10.441117126793007,1821.6459722279874,1513.4730712854825,5000.0,0.699999988079071,0.4430420398712158,1.0
817,10.570478863945997,1746.1661602420716,1620.784236247359,5000.0,0.699999988079071,0.5062283277511597,1.0
818,8.504361241625624,1286.2828607014549,1511.6636298638805,5000.0,0.699999988079071,0.3053401708602905,1.0
819,10.383667279334809,1807.8285692653162,1513.0229678352903,5000.0,0.699999988079071,0.4415958821773529,1.0
820,11.502749141973897,1869.7555469315387,1697.573122106945,5000.0,0.699999988079071,0.5040873885154724,1.0
821,10.953474436362336,1838.7593718366552,1602.2762242975728,5000.0,0.699999988079071,0.47206640243530273,1.0
822,10.945939640775322,1837.1151052410619,1602.7508126861662,5000.0,0.699999988079071,0.47170931100845337,1.0
823,11.735481194792309,2067.047087180398,1593.326548407758,5000.0,0.699999988079071,0.6761066317558289,1.0
824,8.478040293155905,1280.0951114594284,1513.0151062657585,5000.0,0.699999988079071,0.30431273579597473,1.0
825,6.004992275757987,115.85301014068529,1164.343291439066,5000.0,0.699999988079071,0.16778622567653656,1.0
826,10.45183139995869,1712.3335494132082,1619.8871067680302,5000.0,0.699999988079071,0.5050243735313416,1.0
827,11.631261931858738,2037.8177973213183,1591.619351344983,5000.0,0.699999988079071,0.6749662160873413,1.0
828,11.411819871601287,1845.6898523913928,1700.7125593993323,5000.0,0.699999988079071,0.5019392967224121,1.0
829,9.115045431125951,1308.0234142222873,1699.9759702546526,5000.0,0.699999988079071,0.33421847224235535,1.0
830,8.387940922862661,1254.1226058905193,1507.860446006642,5000.0,0.699999988079071,0.3034740686416626,1.0
831,13.476934094494368,2409.8574420950144,1624.2838093245707,5000.0,0.699999988079071,0.8412631750106812,1.0
832,9.835848874706217,1676.374595190831,1519.4201902665177,5000.0,0.699999988079071,0.47326770424842834,1.0
833,5.99483732683359,112.66070054520833,1162.9406164101563,5000.0,0.699999988079071,0.16712398827075958,1.0
834,13.299928359522974,2448.001767847719,1561.6386255205514,5000.0,0.699999988079071,0.7763870358467102,1.0
835,7.858239332385951,1107.0034720975548,1527.8546779166131,5000.0,0.699999988079071,0.33646124601364136,1.0
836,7.83153579400014,1099.2522157551196,1526.3926867834446,5000.0,0.699999988079071,0.335952490568161,1.0
837,9.75612759869356,1655.5150508269217,1517.6306322965677,5000.0,0.699999988079071,0.4718449115753174,1.0
838,7.804971585564704,1091.9131887916938,1525.4686436333072,5000.0,0.699999988079071,0.3352658152580261,1.0
839,10.271425390297985,1662.3474258469414,1617.2841432281127,5000.0,0.699999988079071,0.5021328330039978,1.0
840,10.263129194756095,1660.2885278162664,1617.8027177508834,5000.0,0.699999988079071,0.5018138885498047,1.0
841,10.929121771269184,1969.1266158589146,1521.056185321122,5000.0,0.699999988079071,0.6399332880973816,1.0
842,8.940702490570162,1252.5220243623426,1689.8637254430073,5000.0,0.699999988079071,0.332963228225708,1.0
843,11.390033920393268,1975.3457459336396,1590.253565969429,5000.0,0.699999988079071,0.6697537302970886,1.0
844,8.933967423473822,1250.4934519136257,1691.1520253533274,5000.0,0.699999988079071,0.3327646553516388,1.0
845,9.695000419044375,1639.3245907181013,1517.296991361723,5000.0,0.699999988079071,0.47059333324432373,1.0
846,11.118248976897949,1760.868963697507,1695.0305560306733,5000.0,0.699999988079071,0.49938642978668213,1.0
847,11.369423501259089,1971.0536826004864,1592.178677525356,5000.0,0.699999988079071,0.6685539484024048,1.0
848,5.982516084435586,106.05079516150057,1157.282515835841,5000.0,0.699999988079071,0.16633744537830353,1.0
849,5.966485953470934,102.43401934120901,1155.8129577712534,5000.0,0.699999988079071,0.1657068282365799,1.0
850,8.885663830511799,1235.2183887272297,1694.585751201346,5000.0,0.699999988079071,0.33178210258483887,1.0
851,7.677080132708955,1051.3364484386716,1521.693822060665,5000.0,0.699999988079071,0.33299726247787476,1.0
852,7.656149118842283,1044.7591392279628,1520.3238757432346,5000.0,0.699999988079071,0.3326224982738495,1.0
853,5.930811270607471,93.3815423425353,1151.3239132909957,5000.0,0.699999988079071,0.16425347328186035,1.0
854,10.448435418565406,1691.6008255355412,1590.2649809960815,5000.0,0.699999988079071,0.46852344274520874,1.0
855,7.604031808198336,1027.814656404356,1516.2799801263534,5000.0,0.699999988079071,0.3320412039756775,1.0
856,8.9593143319676,1445.0989241706827,1517.3190898905234,5000.0,0.699999988079071,0.49996376037597656,1.0
857,9.996885910152042,1577.3817671196152,1613.2449375339036,5000.0,0.699999988079071,0.4987724721431732,1.0
858,10.39944413984474,1676.5865540578031,1588.0537438147755,5000.0,0.699999988079071,0.4685007333755493,1.0
859,8.099484810813433,1166.1446809514662,1492.6007853641574,5000.0,0.699999988079071,0.30105748772621155,1.0
860,7.570873899188594,1016.9415800194553,1515.274452028479,5000.0,0.699999988079071,0.33129748702049255,1.0
861,9.343307759063707,1534.5773712509958,1502.2183221220453,5000.0,0.699999988079071,0.4684044420719147,1.0
862,8.91300892032024,1431.8873970275665,1516.8507862642166,5000.0,0.699999988079071,0.4985949695110321,1.0
863,9.342987558122996,1535.3971263806266,1503.0566415991889,5000.0,0.699999988079071,0.46785813570022583,1.0
864,9.904059512863814,1548.502123267763,1607.8400267572847,5000.0,0.699999988079071,0.4981040060520172,1.0
865,9.9005795606749,1547.7213872202303,1608.4349450533014,5000.0,0.699999988079071,0.4978554844856262,1.0
866,10.293187446935125,1644.4128720363228,1582.7931358890871,5000.0,0.699999988079071,0.46808499097824097,1.0
867,10.091750361232803,1757.4342695686407,1520.5113029229833,5000.0,0.699999988079071,0.6643239259719849,1.0
868,9.787410921449416,1642.3938518340449,1494.603698509576,5000.0,0.699999988079071,0.43812718987464905,1.0
869,5.925308874774244,82.58288613820285,1139.8478305177644,5000.0,0.699999988079071,0.16395674645900726,1.0
870,9.84938884559877,1531.8889445826178,1605.6934371657028,5000.0,0.699999988079071,0.4973982572555542,1.0
871,9.717572513361677,1622.4296880991176,1492.4126183757514,5000.0,0.699999988079071,0.4372333586215973,1.0
872,12.221891431831953,2170.3055739896986,1553.6538751532958,5000.0,0.699999988079071,0.8005456924438477,1.0
873,8.952656270187363,1448.169911237403,1525.1577933582857,5000.0,0.699999988079071,0.496143102645874,1.0
874,10.671241403940916,1615.895888872822,1678.2463565813168,5000.0,0.699999988079071,0.49852511286735535,1.0
875,9.777308406676912,1641.9270028500603,1496.9364511370263,5000.0,0.699999988079071,0.43691009283065796,1.0
876,12.012739587641166,1993.3221444880598,1611.3411388818838,5000.0,0.699999988079071,0.6338781118392944,1.0
877,12.965137711137782,2257.8288036785075,1595.061150752032,5000.0,0.699999988079071,0.7989032864570618,1.0
878,9.863096491277629,1669.7688540234706,1503.4610668387277,5000.0,0.699999988079071,0.4360092282295227,1.0
879,11.365722227187177,1954.8877874173754,1568.9624697462352,5000.0,0.699999988079071,0.6318151950836182,1.0
880,9.501146566808268,1588.8315644603094,1519.5961395208726,5000.0,0.699999988079071,0.4659455120563507,1.0
881,9.901983252791496,1555.0542965972998,1608.3893065639354,5000.0,0.699999988079071,0.4969269931316376,1.0
882,8.162448332154202,1186.320727683653,1505.3092890423613,5000.0,0.699999988079071,0.30053868889808655,1.0
883,8.137668949549168,1179.039752845322,1504.2814054873338,5000.0,0.699999988079071,0.30010566115379333,1.0
884,11.307453354843386,1939.0066771788047,1567.4367972829039,5000.0,0.699999988079071,0.6309899091720581,1.0
885,9.47275487825291,1581.6979523917682,1520.1176516125474,5000.0,0.699999988079071,0.46510204672813416,1.0
886,8.585385916594197,1124.9982548287303,1671.913382009709,5000.0,0.699999988079071,0.331604540348053,1.0
887,8.110919669038173,1170.9639923354298,1504.0489224203488,5000.0,0.699999988079071,0.29954683780670166,1.0
888,10.564826079555173,1585.7129766019489,1675.8565274520492,5000.0,0.699999988079071,0.4969184100627899,1.0
889,10.89856335107579,1952.0405952626234,1513.6431920881384,5000.0,0.699999988079071,0.5986064076423645,1.0
890,8.107741941798633,1170.4042660839953,1505.4891014584869,5000.0,0.699999988079071,0.29914507269859314,1.0
891,10.903830597571238,1955.547317906258,1515.2916524100174,5000.0,0.699999988079071,0.5974293947219849,1.0
892,10.948317902424973,1969.937728365158,1518.0657630139876,5000.0,0.699999988079071,0.5966271758079529,1.0
893,11.86855764617123,1963.3194543848717,1606.6657631095775,5000.0,0.699999988079071,0.6293410062789917,1.0
894,9.859231732225524,1542.8417476331144,1605.7460742116507,5000.0,0.699999988079071,0.496913343667984,1.0
895,11.809220351839173,2209.6709260371326,1536.6220669245408,5000.0,0.699999988079071,0.794084370136261,1.0
896,10.794922740207399,1949.924802895316,1537.3494063683424,5000.0,0.699999988079071,0.6278491020202637,1.0
897,8.22735279417437,1208.9351016058158,1517.5316726921492,5000.0,0.699999988079071,0.29936468601226807,1.0
898,7.776233919320599,1082.8897792794533,1547.9609730249674,5000.0,0.699999988079071,0.3316482603549957,1.0
899,12.052023673467508,1894.2650343577282,1663.5729098327602,5000.0,0.699999988079071,0.662397027015686,1.0
900,7.773674284566859,1081.0929061243833,1548.7283455590418,5000.0,0.699999988079071,0.3317207992076874,1.0
901,11.832650562409238,2220.3109686901153,1540.6169576118118,5000.0,0.699999988079071,0.7907648682594299,1.0
902,10.188698708945072,1627.7720020850827,1578.6296094838865,5000.0,0.699999988079071,0.46388503909111023,1.0
903,11.025881226107764,1888.505568365661,1588.484786658963,5000.0,0.699999988079071,0.6588916182518005,1.0
904,6.036192527914503,77.57010658068884,1122.4559788080487,5000.0,0.699999988079071,0.1687389314174652,1.0
905,12.010841774300626,1885.7769901555182,1664.3920385171946,5000.0,0.699999988079071,0.6608697175979614,1.0
906,9.592801287418984,1621.6870127542452,1534.933737781576,5000.0,0.699999988079071,0.4627591669559479,1.0
907,9.83354154733356,1538.9959421532749,1608.013517360966,5000.0,0.699999988079071,0.49496474862098694,1.0
908,10.177845202981652,1625.092145697362,1580.812951938357,5000.0,0.699999988079071,0.4633304178714752,1.0
909,11.322586189845934,1957.5519149329175,1574.166285503309,5000.0,0.699999988079071,0.6258218884468079,1.0
910,11.155369932327384,2035.6239938955518,1533.0073473672421,5000.0,0.699999988079071,0.5932517647743225,1.0
911,11.37174701515793,1974.3900789083139,1576.1922254173476,5000.0,0.699999988079071,0.6252314448356628,1.0
912,7.862075228426923,1107.1571796618864,1561.6288045406213,5000.0,0.699999988079071,0.33198270201683044,1.0
913,8.261095507665033,1216.7124809805762,1523.352837381993,5000.0,0.699999988079071,0.2997324764728546,1.0
914,7.82275575675171,1094.9937868154793,1558.789187772114,5000.0,0.699999988079071,0.3314615488052368,1.0
915,10.329050772708472,1517.2853798467377,1661.6120873837551,5000.0,0.699999988079071,0.49568063020706177,1.0
916,10.79701793323936,1956.0807691453492,1545.5582921645369,5000.0,0.699999988079071,0.6238402724266052,1.0
917,6.0550078601752775,71.33569603632743,1114.7555316113694,5000.0,0.699999988079071,0.16941310465335846,1.0
918,11.521185870905885,1999.3068290966494,1557.3593928051616,5000.0,0.699999988079071,0.5925680994987488,1.0
919,7.808540841764712,1089.8122142980794,1559.165291144639,5000.0,0.699999988079071,0.3312099277973175,1.0
920,10.940367390330827,1866.6089549012438,1590.4296028512465,5000.0,0.699999988079071,0.6561123132705688,1.0
921,10.097539062731308,1602.2814825461323,1578.570046086888,5000.0,0.699999988079071,0.46212539076805115,1.0
922,12.039386519190353,2172.744829945207,1585.191392061584,5000.0,0.699999988079071,0.8172152638435364,1.0
923,6.071252377598153,69.89649818261246,1111.4354494506135,5000.0,0.699999988079071,0.1700619012117386,1.0
924,8.419935709304305,1055.913676284094,1657.5269852275046,5000.0,0.699999988079071,0.3321681320667267,1.0
925,9.194158732836637,1527.7141602529746,1561.3288954420789,5000.0,0.699999988079071,0.4915870130062103,1.0
926,8.175816533950325,1187.84800683252,1519.2948273445527,5000.0,0.699999988079071,0.2992560565471649,1.0
927,9.163516297428375,1519.045600299386,1560.3041144106498,5000.0,0.699999988079071,0.4909067153930664,1.0
928,10.977333999119312,1990.4934409268499,1531.6861513807723,5000.0,0.699999988079071,0.5897791981697083,1.0
929,11.162543114800906,1915.897217864388,1571.2488197822695,5000.0,0.699999988079071,0.6224818229675293,1.0
930,9.568976016359352,1618.774625227625,1542.5280414016822,5000.0,0.699999988079071,0.45930320024490356,1.0
931,9.5701262590434,1619.5168735143436,1543.0463727790548,5000.0,0.699999988079071,0.4590415060520172,1.0
932,8.350984914225982,1026.2004454369323,1646.5394812108332,5000.0,0.699999988079071,0.33266758918762207,1.0
933,6.064325108999101,62.97133031437192,1103.515646548454,5000.0,0.699999988079071,0.1694018691778183,1.0
934,9.14326374314913,1514.0163966105686,1561.5556922546361,5000.0,0.699999988079071,0.4895975887775421,1.0
935,7.7427597670790345,1067.660566007589,1560.3544767534195,5000.0,0.699999988079071,0.32879775762557983,1.0
936,11.026225743351505,1874.6212747705995,1566.6187215423054,5000.0,0.699999988079071,0.6216404438018799,1.0
937,9.77576772794719,1659.6457649189042,1520.0634846434627,5000.0,0.699999988079071,0.4275873005390167,1.0
938,11.319440544642339,1944.7419617276241,1551.9672169129483,5000.0,0.699999988079071,0.5901856422424316,1.0
939,9.638162024596506,1477.5414665705086,1600.8790206938309,5000.0,0.699999988079071,0.49238258600234985,1.0
940,10.419362291613801,1875.8046102707904,1567.2079945596815,5000.0,0.699999988079071,0.6488989591598511,1.0
941,9.633246530505962,1477.0432771304177,1601.210123812102,5000.0,0.699999988079071,0.49183106422424316,1.0
942,9.945417318308769,1555.3095662808382,1570.9812525662087,5000.0,0.699999988079071,0.4612690508365631,1.0
943,10.053558803922117,1422.10334100271,1644.97505385893,5000.0,0.699999988079071,0.4952540397644043,1.0
944,11.20644460456001,1797.4908880743844,1619.1030885884018,5000.0,0.699999988079071,0.6538207530975342,1.0
945,6.092812951980785,59.030669810772075,1096.818663703547,5000.0,0.699999988079071,0.17039507627487183,1.0
946,6.081736524923702,56.79339782201636,1095.3852423271303,5000.0,0.699999988079071,0.16974438726902008,1.0
947,9.417732146982942,1574.6828195614073,1539.792522105822,5000.0,0.699999988079071,0.45732730627059937,1.0
948,8.092537327833588,1159.251630499423,1518.8795210530814,5000.0,0.699999988079071,0.29779455065727234,1.0
949,6.066823214546002,53.14216561682575,1092.195111734,5000.0,0.699999988079071,0.16879096627235413,1.0
950,10.649827119220554,1781.511415406023,1585.9655172651057,5000.0,0.699999988079071,0.6505332589149475,1.0
951,6.064949199641821,51.71107958288551,1090.543352493525,5000.0,0.699999988079071,0.16855645179748535,1.0
952,10.859257539597063,1824.5900238933687,1564.4630763016514,5000.0,0.699999988079071,0.6194595694541931,1.0
953,10.965830170480007,1974.7744337711213,1516.0092935356888,5000.0,0.699999988079071,0.5546685457229614,1.0
954,8.04671469567629,1145.058041181263,1518.0770162488243,5000.0,0.699999988079071,0.29665234684944153,1.0
955,9.946799199999413,1377.0744291623173,1642.9543967718278,5000.0,0.699999988079071,0.49426332116127014,1.0
956,9.598249826084531,1610.2469400097057,1517.6508680293632,5000.0,0.699999988079071,0.42435500025749207,1.0
957,7.714970017739041,1054.3478812744884,1563.3625325082264,5000.0,0.699999988079071,0.3281669020652771,1.0
958,6.063930686141947,47.6870825498109,1085.7560108152438,5000.0,0.699999988079071,0.16812177002429962,1.0
959,8.989952250545418,1466.4173724161633,1559.5291481906982,5000.0,0.699999988079071,0.4873010814189911,1.0
960,9.694811656507325,1470.2518807037334,1563.4457452878798,5000.0,0.699999988079071,0.45874395966529846,1.0
961,9.49246482241867,1579.265230361849,1513.981671630509,5000.0,0.699999988079071,0.42314931750297546,1.0
962,10.400627052837631,1852.3794794569217,1544.380688972552,5000.0,0.699999988079071,0.6146306991577148,1.0
963,8.182783935026794,948.2083681339644,1635.0311853814796,5000.0,0.699999988079071,0.3311019539833069,1.0
964,9.443682633644954,1408.2376221291036,1595.0636663505588,5000.0,0.699999988079071,0.4903211295604706,1.0
965,10.776350366629657,1801.469444624463,1563.614590961785,5000.0,0.699999988079071,0.6175296306610107,1.0
966,12.010035561752906,2138.7576064204045,1551.9230191314794,5000.0,0.699999988079071,0.7445158958435059,1.0
967,9.739617510712842,1488.9167411520978,1566.952696325629,5000.0,0.699999988079071,0.4578808844089508,1.0
968,8.201222165876434,955.4041326728541,1638.4234039682403,5000.0,0.699999988079071,0.33117732405662537,1.0
969,9.325961159446475,1549.7822470387405,1542.424179169094,5000.0,0.699999988079071,0.45437926054000854,1.0
970,9.328801514064915,1551.013544261335,1542.9869741510938,5000.0,0.699999988079071,0.45412829518318176,1.0
971,7.730803952035461,1057.3045685241589,1568.6553533940216,5000.0,0.699999988079071,0.3276248574256897,1.0
972,7.7101276061798005,1050.3836986670196,1567.1062654683456,5000.0,0.699999988079071,0.3272349238395691,1.0
973,9.651032442475152,1457.684221652151,1562.7879089284577,5000.0,0.699999988079071,0.4573621153831482,1.0
974,8.158699158607323,934.4750053719241,1634.4176287817113,5000.0,0.699999988079071,0.33075448870658875,1.0
975,10.731427261508639,1789.4814209689318,1564.3797479930527,5000.0,0.699999988079071,0.6160327792167664,1.0
976,7.964329511002342,1115.9634646556626,1518.1020183770438,5000.0,0.699999988079071,0.2944478988647461,1.0
977,8.152343216140192,930.7384977426302,1635.207813118986,5000.0,0.699999988079071,0.33046236634254456,1.0
978,7.668029776293226,1034.1797007882233,1564.0930042672114,5000.0,0.699999988079071,0.32684022188186646,1.0
979,6.077351800964115,38.117124203661035,1071.539348285403,5000.0,0.699999988079071,0.1673533022403717,1.0
980,9.112045216845443,1483.5714717131982,1533.1593479530848,5000.0,0.699999988079071,0.4526287019252777,1.0
981,9.116124506489337,1485.2412249113843,1533.785909982219,5000.0,0.699999988079071,0.45238128304481506,1.0
982,7.857689715926503,1079.544710245748,1511.0728310669933,5000.0,0.699999988079071,0.29295894503593445,1.0
983,9.50800395689011,1405.6113428369297,1557.1934974625672,5000.0,0.699999988079071,0.4559215307235718,1.0
984,6.069536812501195,35.175636761136296,1067.4584667220656,5000.0,0.699999988079071,0.1664777398109436,1.0
985,10.305002217699387,1809.825362430346,1522.9147327419787,5000.0,0.699999988079071,0.5779038071632385,1.0
986,10.90059585194997,1664.3953096821933,1576.9902367855655,5000.0,0.699999988079071,0.6189355850219727,1.0
987,10.063564829653913,1772.4301873658842,1562.4987276046463,5000.0,0.699999988079071,0.6453442573547363,1.0
988,10.929166857515984,1678.2498906004482,1578.323342149354,5000.0,0.699999988079071,0.6185765862464905,1.0
989,10.477185550092385,1863.9197140942683,1532.22136935714,5000.0,0.699999988079071,0.5768879055976868,1.0
990,9.403112067078123,1559.352813630265,1519.8087710811005,5000.0,0.699999988079071,0.41736122965812683,1.0
991,8.09667081249422,900.3963717383692,1626.3236615729522,5000.0,0.699999988079071,0.33037883043289185,1.0
992,9.535360409698722,1418.975160213905,1560.6813896951114,5000.0,0.699999988079071,0.4545694887638092,1.0
993,7.6896923851223775,1038.5352948906982,1568.5315105237723,5000.0,0.699999988079071,0.32670116424560547,1.0
994,9.335237093374992,1539.368751489049,1517.8959988833783,5000.0,0.699999988079071,0.41619130969047546,1.0
995,10.609135375790963,1753.4182545383321,1562.9554685603068,5000.0,0.699999988079071,0.6133204698562622,1.0
996,7.701952637123296,1042.3274710313947,1570.21027576268,5000.0,0.699999988079071,0.3266776204109192,1.0
997,7.682347926522275,1035.6150840410405,1568.6771246139187,5000.0,0.699999988079071,0.3262868821620941,1.0
998,9.476492079242988,1397.584411969479,1557.6337230226359,5000.0,0.699999988079071,0.4540095329284668,1.0
999,10.723910395677638,1626.3037641385129,1601.9477852836205,5000.0,0.699999988079071,0.6515501737594604,1.0
1000,9.339774434422056,1541.5396409917637,1519.7639464743795,5000.0,0.699999988079071,0.41546630859375,1.0
1001,9.50162840949216,1407.9482374139427,1560.5545448694406,5000.0,0.699999988079071,0.4534207880496979,1.0
1002,9.504035518684002,1409.1053790154858,1561.3401994738122,5000.0,0.699999988079071,0.4531559944152832,1.0
1003,9.190692610782461,1511.0874647892654,1545.5490615102785,5000.0,0.699999988079071,0.45000654458999634,1.0
1004,9.500528395127972,1408.3117487981604,1561.4962935830729,5000.0,0.699999988079071,0.45285066962242126,1.0
1005,10.617857720757321,1758.9078393209295,1566.49868948468,5000.0,0.699999988079071,0.6117862462997437,1.0
1006,11.78020574934109,1959.7066909652872,1597.7353895240833,5000.0,0.699999988079071,0.8096257448196411,1.0
1007,9.571574650783116,1435.1004450559717,1566.5080294282388,5000.0,0.699999988079071,0.45274224877357483,1.0
1008,9.460212225135614,1580.96352385358,1529.282247875721,5000.0,0.699999988079071,0.41391801834106445,1.0
1009,7.972488309957722,1117.1372545804013,1529.9273201522278,5000.0,0.699999988079071,0.2910342514514923,1.0
1010,9.128603754544226,1504.894924211652,1580.1319199644443,5000.0,0.699999988079071,0.48633837699890137,1.0
1011,10.674670121414916,1779.9732851243225,1570.6658132833409,5000.0,0.699999988079071,0.6106907725334167,1.0
1012,7.976488766620844,1118.1350358587267,1530.8581142788744,5000.0,0.699999988079071,0.29089856147766113,1.0
1013,7.778995347709861,1063.1878381866763,1580.8497289003003,5000.0,0.699999988079071,0.327176034450531,1.0
1014,11.787755054723576,2091.511626481286,1557.9850381497342,5000.0,0.699999988079071,0.7323669791221619,1.0
1015,9.399768904780457,1390.1164304680808,1599.8459406933819,5000.0,0.699999988079071,0.4885345697402954,1.0
1016,6.160853168942485,29.4954456615473,1050.3861988652293,5000.0,0.699999988079071,0.16920308768749237,1.0
1017,10.636331079441359,1768.4473448477702,1570.2924453260434,5000.0,0.699999988079071,0.6098941564559937,1.0
1018,6.160255008688903,28.54261542896298,1048.8837301603562,5000.0,0.699999988079071,0.16893336176872253,1.0
1019,11.629526116374178,2055.350313249771,1572.5109866209323,5000.0,0.699999988079071,0.7681093215942383,1.0
1020,10.463053942805436,1880.9439670710015,1565.894076390159,5000.0,0.699999988079071,0.6060541272163391,1.0
1021,9.383391413320151,1384.4643983933074,1600.1186462614035,5000.0,0.699999988079071,0.4878593981266022,1.0
1022,9.53447988635786,1423.1266004163667,1565.3739497194172,5000.0,0.699999988079071,0.45167890191078186,1.0
1023,7.990684334907328,1120.466894878869,1533.9148969690227,5000.0,0.699999988079071,0.2905440032482147,1.0
1024,8.055896462381204,868.737083261254,1620.9471485347285,5000.0,0.699999988079071,0.33015361428260803,1.0
1025,10.504898958410259,1739.9308774919928,1594.4546404450157,5000.0,0.699999988079071,0.6452745199203491,1.0
1026,9.147059639644002,1510.6886329635995,1587.3634681604378,5000.0,0.699999988079071,0.4837017059326172,1.0
1027,10.833367878495027,1661.967854119469,1580.0994724361813,5000.0,0.699999988079071,0.612370491027832,1.0
1028,9.475050754869859,1587.1538586698412,1534.9474860014266,5000.0,0.699999988079071,0.41175413131713867,1.0
1029,10.559573550907787,1759.3212353777124,1598.724225548398,5000.0,0.699999988079071,0.6443629264831543,1.0
1030,10.878574850904737,1681.4723030541745,1583.2919224949324,5000.0,0.699999988079071,0.6114254593849182,1.0
1031,12.10784754027077,1919.1808852857246,1595.5915059835693,5000.0,0.699999988079071,0.7706332802772522,1.0
1032,11.921248971386033,2272.418395870504,1570.712330243022,5000.0,0.699999988079071,0.7250827550888062,1.0
1033,10.940574539638613,2008.857550853529,1565.9046995643,5000.0,0.699999988079071,0.5677144527435303,1.0
1034,11.08352466703502,1905.3330904072236,1567.9095676264521,5000.0,0.699999988079071,0.5700042843818665,1.0
1035,9.56738086150228,1450.2248147223497,1616.23855660153,5000.0,0.699999988079071,0.48755237460136414,1.0
1036,10.824617063567722,1845.6027384099782,1614.339639917072,5000.0,0.699999988079071,0.6433435678482056,1.0
1037,9.578398601035886,1454.6386587245843,1618.2998299507324,5000.0,0.699999988079071,0.487063467502594,1.0
1038,10.83835086466441,1851.1342570554373,1616.5376740964855,5000.0,0.699999988079071,0.6422643661499023,1.0
1039,8.27057738424321,1205.8191139430317,1556.4342624609064,5000.0,0.699999988079071,0.29271945357322693,1.0
1040,11.081404681662057,2048.749165152575,1573.151332787496,5000.0,0.699999988079071,0.5665140151977539,1.0
1041,11.182311979277404,1937.0353754949047,1572.9591097994705,5000.0,0.699999988079071,0.5691600441932678,1.0
1042,12.072379300761359,2207.2337400941633,1619.692221252222,5000.0,0.699999988079071,0.7974045872688293,1.0
1043,9.645070533305669,1477.906529785159,1623.5414266347925,5000.0,0.699999988079071,0.4867558777332306,1.0
1044,10.945693556052644,1885.7154020038413,1623.4205026758598,5000.0,0.699999988079071,0.6408036947250366,1.0
1045,8.138164354964282,1168.211914082697,1623.0163084189023,5000.0,0.699999988079071,0.32881879806518555,1.0
1046,12.575417950739729,2443.6860639279016,1577.3422984508552,5000.0,0.699999988079071,0.6841657161712646,1.0
1047,9.903596385974387,1721.1686857768973,1595.2238002130764,5000.0,0.699999988079071,0.4467630088329315,1.0
1048,8.13627237742617,898.079804400572,1622.0980048692231,5000.0,0.699999988079071,0.3330000042915344,1.0
1049,9.857840139063892,1708.2844994065558,1593.7116843670244,5000.0,0.699999988079071,0.44644981622695923,1.0
1050,8.126493511164961,892.546233576232,1621.7666564909166,5000.0,0.699999988079071,0.3327482342720032,1.0
1051,8.123666852730313,1162.531559980977,1622.9123584009485,5000.0,0.699999988079071,0.3283311724662781,1.0
1052,11.04228478142731,1905.880064977751,1597.3702677413382,5000.0,0.699999988079071,0.6038483381271362,1.0
1053,8.34801415327262,1227.7375272190907,1565.1998127205702,5000.0,0.699999988079071,0.2924318015575409,1.0
1054,8.318191626335148,1218.6044084903722,1563.8158227437648,5000.0,0.699999988079071,0.2919573187828064,1.0
1055,8.096819836927867,875.8182454027491,1619.746907044718,5000.0,0.699999988079071,0.3320794701576233,1.0
1056,9.544370268659577,1441.4600694893977,1620.1276033264537,5000.0,0.699999988079071,0.4856972396373749,1.0
1057,11.085579946578969,2053.155491659071,1578.7184513137477,5000.0,0.699999988079071,0.563041627407074,1.0
1058,9.560665914121259,1447.027804085117,1621.2624940682408,5000.0,0.699999988079071,0.4856851100921631,1.0
1059,8.287120689985379,1207.4454551012998,1562.7029431403503,5000.0,0.699999988079071,0.2914533019065857,1.0
1060,10.950405354079212,1878.491655715108,1595.817870226968,5000.0,0.699999988079071,0.6028503775596619,1.0
1061,11.986347483659591,2054.155121771331,1622.640488213028,5000.0,0.699999988079071,0.7970346212387085,1.0
1062,9.800041923886544,1691.2528743351672,1594.6762006748522,5000.0,0.699999988079071,0.44503945112228394,1.0
1063,6.326118198802809,23.97180756650221,1025.7645130966544,5000.0,0.699999988079071,0.1748710721731186,1.0
1064,12.106302119114886,2214.6670185528656,1605.0243409253308,5000.0,0.699999988079071,0.7555429935455322,1.0
1065,8.103707024663228,874.2858718698182,1620.575476867317,5000.0,0.699999988079071,0.3322661221027374,1.0
1066,11.003127021776672,1895.588131843756,1599.7785346799837,5000.0,0.699999988079071,0.6019019484519958,1.0
1067,11.040509993123218,1907.1332677876962,1601.6026801248734,5000.0,0.699999988079071,0.6017160415649414,1.0
1068,9.831150318536364,1699.6316341179163,1597.772607520484,5000.0,0.699999988079071,0.444513201713562,1.0
1069,6.343643517271694,22.950042095428373,1022.348271195562,5000.0,0.699999988079071,0.1752980649471283,1.0
1070,9.556659170141033,1444.762414353518,1624.7180364591711,5000.0,0.699999988079071,0.4845747947692871,1.0
1071,9.55397285120629,1443.8736000978329,1625.2168815690375,5000.0,0.699999988079071,0.4843541383743286,1.0
1072,6.3421894940614525,21.487506993845756,1019.906156712542,5000.0,0.699999988079071,0.17468516528606415,1.0
1073,10.888641854919783,2007.7086119572486,1601.498080103886,5000.0,0.699999988079071,0.5962387919425964,1.0
1074,10.774357704593198,1835.6668741322167,1624.7692224895754,5000.0,0.699999988079071,0.6361818909645081,1.0
1075,8.304767288921756,1206.9505151537323,1565.2229552256968,5000.0,0.699999988079071,0.29156890511512756,1.0
1076,8.076293423061859,854.74627853739,1618.5135963617863,5000.0,0.699999988079071,0.3317197263240814,1.0
1077,9.490908618176082,1421.1342996172157,1623.1399065733851,5000.0,0.699999988079071,0.4834981858730316,1.0
1078,9.488713917173376,1420.3839532091365,1623.6540567227808,5000.0,0.699999988079071,0.483279824256897,1.0
1079,9.486532380422076,1419.6342356243306,1624.167932538237,5000.0,0.699999988079071,0.48306185007095337,1.0
1080,9.651380792229096,1464.5708459414338,1581.8039242573548,5000.0,0.699999988079071,0.4483203887939453,1.0
1081,9.653322108642708,1465.3274482898696,1582.4935444564385,5000.0,0.699999988079071,0.44806498289108276,1.0
1082,11.903827813308302,1734.0813668067735,1628.1661778221387,5000.0,0.699999988079071,0.8014664649963379,1.0
1083,8.303102192176953,1201.027394755352,1565.06158782485,5000.0,0.699999988079071,0.29185807704925537,1.0
1084,9.513316443685426,1612.3199331464382,1629.1321495743757,5000.0,0.699999988079071,0.47876492142677307,1.0
1085,9.523051932057028,1431.5528366513422,1629.8669275535633,5000.0,0.699999988079071,0.48246005177497864,1.0
1086,10.755126726676682,1830.9393391055244,1630.201883188946,5000.0,0.699999988079071,0.6338390111923218,1.0
1087,8.121414722931538,870.6150850216104,1632.6709069397527,5000.0,0.699999988079071,0.33089569211006165,1.0
1088,8.073511204708726,1130.67022652546,1629.2517641301074,5000.0,0.699999988079071,0.32604992389678955,1.0
1089,8.238886402956767,1177.3167817788067,1560.2109295855867,5000.0,0.699999988079071,0.2916077673435211,1.0
1090,9.413904699267414,1583.5002926622892,1626.4613393859136,5000.0,0.699999988079071,0.47685542702674866,1.0
1091,9.453889394441708,1406.6706835832538,1627.6052451202902,5000.0,0.699999988079071,0.48137912154197693,1.0
1092,8.093425322527033,853.4948166309906,1630.6046622629954,5000.0,0.699999988079071,0.330262690782547,1.0
1093,10.696559222597626,1955.1438986402002,1600.2239073570004,5000.0,0.699999988079071,0.593349039554596,1.0
1094,8.02356962582293,1112.8414836188701,1626.758610037792,5000.0,0.699999988079071,0.3247782588005066,1.0
1095,10.740255467215922,1816.7890996117214,1597.1165429433827,5000.0,0.699999988079071,0.5981550812721252,1.0
1096,6.389918160369102,15.880576493773438,1004.5959470010055,5000.0,0.699999988079071,0.1741666942834854,1.0
1097,6.382715857305512,15.183324016095504,1003.414434794144,5000.0,0.699999988079071,0.17344766855239868,1.0
1098,8.057773980555746,831.2809320111777,1627.223485201476,5000.0,0.699999988079071,0.32945170998573303,1.0
1099,7.923228592999098,1077.6992373678627,1618.7195477966143,5000.0,0.699999988079071,0.32344433665275574,1.0
1100,7.901408354767261,1070.214643852701,1617.023632932009,5000.0,0.699999988079071,0.3230278789997101,1.0
1101,9.278144919051417,1532.934534452624,1577.8336289904573,5000.0,0.699999988079071,0.4405306577682495,1.0
1102,9.285543521640301,1342.623506332848,1619.0258360957098,5000.0,0.699999988079071,0.4797784984111786,1.0
1103,7.881272052057251,1062.5927085342703,1615.970217816184,5000.0,0.699999988079071,0.3224106729030609,1.0
1104,9.260457866003179,1332.931249564803,1618.0250138802162,5000.0,0.699999988079071,0.47936514019966125,1.0
1105,7.994803136210078,1088.9636595319291,1542.1616131513595,5000.0,0.699999988079071,0.2894417941570282,1.0
1106,8.019491319338824,805.3159948229564,1623.6173374031073,5000.0,0.699999988079071,0.32844778895378113,1.0
1107,9.228745873130935,1319.7270423491984,1616.8667592563977,5000.0,0.699999988079071,0.4790060818195343,1.0
1108,11.546011227255358,2038.327141593612,1552.487830113641,5000.0,0.699999988079071,0.6827396154403687,1.0
1109,9.275848318315633,1337.3840494822916,1620.4044399302268,5000.0,0.699999988079071,0.4792327880859375,1.0
1110,10.460316451601207,1881.1424310948278,1567.103330845638,5000.0,0.699999988079071,0.5573648810386658,1.0
1111,8.03640723500167,1102.438983818004,1547.3432687115808,5000.0,0.699999988079071,0.28896597027778625,1.0
1112,7.890989005170225,1062.5663889067055,1617.8282962226403,5000.0,0.699999988079071,0.32218852639198303,1.0
1113,9.352509693239819,1351.6805770641176,1570.5519769731468,5000.0,0.699999988079071,0.44555801153182983,1.0
1114,7.99007965286136,1086.1048396355675,1544.515531941893,5000.0,0.699999988079071,0.28814399242401123,1.0
1115,9.331602074508448,1343.8021225024763,1570.0395025845019,5000.0,0.699999988079071,0.4450390040874481,1.0
1116,10.314384747005994,1848.5575170533507,1590.6132092885866,5000.0,0.699999988079071,0.5899748206138611,1.0
1117,10.456777337673682,1553.923790936097,1620.2498987948384,5000.0,0.699999988079071,0.6364160776138306,1.0
1118,7.905967413924192,1065.0661040485334,1620.1794345290239,5000.0,0.699999988079071,0.32208341360092163,1.0
1119,9.241374563824486,1520.6304077815146,1580.2149613541021,5000.0,0.699999988079071,0.438492089509964,1.0
1120,9.252481239946205,1326.3985609059464,1619.9410041511217,5000.0,0.699999988079071,0.4786939322948456,1.0
1121,9.241486736949284,1520.5451405647439,1580.643880199089,5000.0,0.699999988079071,0.43824172019958496,1.0
1122,8.012779930356801,791.9884146834055,1620.6174160162623,5000.0,0.699999988079071,0.328298956155777,1.0
1123,7.871354098363113,1051.669420000059,1617.9825988300759,5000.0,0.699999988079071,0.32119280099868774,1.0
1124,9.171267128310323,1498.6689142596067,1577.5148454175305,5000.0,0.699999988079071,0.4376957416534424,1.0
1125,6.4047356932290755,9.755959680780423,984.3570249004428,5000.0,0.699999988079071,0.17049720883369446,1.0
1126,7.906023486519871,1052.8268697162744,1538.932493953549,5000.0,0.699999988079071,0.28668245673179626,1.0
1127,7.978744782170233,769.1021950384516,1616.7089391926347,5000.0,0.699999988079071,0.3272954225540161,1.0
1128,9.3076406422683,1090.897730903557,1619.236320172791,5000.0,0.699999988079071,0.4848882555961609,1.0
1129,7.863484624773301,1035.6038069457397,1535.406654748085,5000.0,0.699999988079071,0.28617966175079346,1.0
1130,7.983697691950104,769.449607816838,1621.1625926174113,5000.0,0.699999988079071,0.3265121579170227,1.0
1131,11.325575407444035,1820.9750654269064,1564.2251240594273,5000.0,0.699999988079071,0.7182710766792297,1.0
1132,9.064592949535868,1463.6335340544886,1573.4583761025738,5000.0,0.699999988079071,0.4371181130409241,1.0
1133,9.069158226986023,1465.3549252618452,1573.980446456186,5000.0,0.699999988079071,0.43688270449638367,1.0
1134,7.881247527335398,1041.5452906389628,1538.5272212393543,5000.0,0.699999988079071,0.2855248749256134,1.0
1135,10.332458258222474,1499.1704112139246,1617.289988117468,5000.0,0.699999988079071,0.6353759169578552,1.0
1136,11.279219128503222,1972.0767328597078,1572.5321129053793,5000.0,0.699999988079071,0.7102324366569519,1.0
1137,9.15667406239544,1492.637209240204,1579.7692875577368,5000.0,0.699999988079071,0.43669870495796204,1.0
1138,6.4298872796651665,8.114608161913772,977.7284920438304,5000.0,0.699999988079071,0.17002010345458984,1.0
1139,6.422087347969685,7.756357805127406,976.7835679588146,5000.0,0.699999988079071,0.16927269101142883,1.0
1140,7.847446756681268,1027.9247093335498,1536.7856436494908,5000.0,0.699999988079071,0.2845621407032013,1.0
1141,6.410787092024814,7.21732805481191,975.1302351404303,5000.0,0.699999988079071,0.1681363582611084,1.0
1142,9.992436996755055,1747.4582387083512,1556.3826214098144,5000.0,0.699999988079071,0.5516279339790344,1.0
1143,8.97934657545972,1437.2145833174816,1571.3286345124932,5000.0,0.699999988079071,0.4351486265659332,1.0
1144,7.778277803128034,1012.6494511003036,1610.298413025333,5000.0,0.699999988079071,0.3192162811756134,1.0
1145,10.391676914098012,1292.0115260043774,1614.8293435870285,5000.0,0.699999988079071,0.6427049040794373,1.0
1146,9.279824052754275,1069.3086241239155,1620.7497305272093,5000.0,0.699999988079071,0.48329678177833557,1.0
1147,8.982634424105493,1436.4391035725362,1572.1631450854898,5000.0,0.699999988079071,0.43535906076431274,1.0
1148,9.288001676174689,1073.4003123551552,1623.0398723175942,5000.0,0.699999988079071,0.48287543654441833,1.0
1149,10.025704947144172,1763.7736040290658,1586.1284284248393,5000.0,0.699999988079071,0.5869582295417786,1.0
1150,10.20646836549148,1641.7173196607432,1585.5156973967455,5000.0,0.699999988079071,0.5923234820365906,1.0
1151,6.445446840934066,6.560679455653033,970.4377157620759,5000.0,0.699999988079071,0.16880987584590912,1.0
1152,11.215230113733604,1802.1389322654923,1618.01008313874,5000.0,0.699999988079071,0.7850620150566101,1.0
1153,7.880607350138333,1033.4622212001104,1540.004105245568,5000.0,0.699999988079071,0.28444239497184753,1.0
1154,6.449123657100653,6.245135831536479,968.8094720336063,5000.0,0.699999988079071,0.1685095727443695,1.0
1155,7.986232639883198,753.9680328710268,1624.6013925741818,5000.0,0.699999988079071,0.3249157667160034,1.0
1156,7.767881532886755,1001.0963718113197,1611.4858196910097,5000.0,0.699999988079071,0.31871849298477173,1.0
1157,7.770321272782404,991.7996400447346,1530.7541583964176,5000.0,0.699999988079071,0.2829979360103607,1.0
1158,10.228589762266147,1451.4317366401488,1617.028789542562,5000.0,0.699999988079071,0.6334197521209717,1.0
1159,9.104533122080111,1247.8749497510382,1564.3533112845216,5000.0,0.699999988079071,0.4401687979698181,1.0
1160,8.913704619951126,1411.720741914659,1570.644555443209,5000.0,0.699999988079071,0.4343125522136688,1.0
1161,9.279687596629653,1063.5277887674627,1627.243010098666,5000.0,0.699999988079071,0.4813835918903351,1.0
1162,10.121899727323495,1605.333240804531,1553.3360938011083,5000.0,0.699999988079071,0.5554332137107849,1.0
1163,9.124576503954517,1263.9710182316046,1620.8666589771642,5000.0,0.699999988079071,0.4755829870700836,1.0
1164,8.963299036097254,1426.8895242176466,1574.336126386743,5000.0,0.699999988079071,0.43433117866516113,1.0
1165,10.129753674912156,1621.4123433789923,1619.34801864303,5000.0,0.699999988079071,0.6266700029373169,1.0
1166,10.321476678148358,1487.1266508819353,1585.8253832616401,5000.0,0.699999988079071,0.5959848761558533,1.0
1167,9.165364332941333,1280.1934305431287,1625.607144687292,5000.0,0.699999988079071,0.475157767534256,1.0
1168,10.124716906501998,1783.0373787218805,1540.8943688117092,5000.0,0.699999988079071,0.5139806270599365,1.0
1169,8.028137274112192,768.5588061958895,1633.3114002683135,5000.0,0.699999988079071,0.3245818018913269,1.0
1170,9.175394138679062,1283.1825547630403,1626.6844212934411,5000.0,0.699999988079071,0.4752040207386017,1.0
1171,8.0313144950429,768.7521615879649,1635.9216108449534,5000.0,0.699999988079071,0.3241485357284546,1.0
1172,10.216809428768418,1641.0046905154065,1560.5930915211102,5000.0,0.699999988079071,0.5535311102867126,1.0
1173,8.03868680649715,771.5099028196785,1638.0396285030865,5000.0,0.699999988079071,0.3239426910877228,1.0
1174,8.038419337545545,770.5499576020569,1639.555627163333,5000.0,0.699999988079071,0.3235816955566406,1.0
1175,6.499632156346484,4.607830666511814,959.708334224723,5000.0,0.699999988079071,0.16797132790088654,1.0
1176,7.803431759985988,994.6307882889098,1535.2076774907277,5000.0,0.699999988079071,0.28204378485679626,1.0
1177,10.095232743703946,1602.655095203124,1588.058769149149,5000.0,0.699999988079071,0.5894105434417725,1.0
1178,8.94751130030604,1419.1220082348204,1576.271510832828,5000.0,0.699999988079071,0.4335418939590454,1.0
1179,10.129550063792992,1615.3100058615476,1589.9600577026988,5000.0,0.699999988079071,0.5891008377075195,1.0
1180,7.842788953319594,1009.0405938711683,1539.7539155780821,5000.0,0.699999988079071,0.2818353772163391,1.0
1181,7.823161277540514,1007.8917043200017,1619.357689393384,5000.0,0.699999988079071,0.3188103437423706,1.0
1182,7.800297426500918,993.4412915851794,1536.478297809773,5000.0,0.699999988079071,0.28111544251441956,1.0
1183,10.077306299840927,1596.573206227103,1587.7444478225698,5000.0,0.699999988079071,0.5888016819953918,1.0
1184,8.944450281963395,1418.6417755066486,1577.4211874337595,5000.0,0.699999988079071,0.43258094787597656,1.0
1185,7.817776998976932,1005.5875542868449,1619.2275688875172,5000.0,0.699999988079071,0.31829702854156494,1.0
1186,10.231149172478196,1449.229786396266,1585.5709129557029,5000.0,0.699999988079071,0.5931755304336548,1.0
1187,10.114584891330026,1607.580520215458,1559.2400541010477,5000.0,0.699999988079071,0.5505871176719666,1.0
1188,7.852601368941235,1015.8863768087867,1622.763125499611,5000.0,0.699999988079071,0.3188175559043884,1.0
1189,10.121151502257957,1610.5107048121642,1560.0314723846532,5000.0,0.699999988079071,0.5500558018684387,1.0
1190,6.520398220177214,3.7455648073447856,951.6051643141478,5000.0,0.699999988079071,0.16714918613433838,1.0
1191,10.395727016242489,1296.8022433305491,1636.1673756114578,5000.0,0.699999988079071,0.6342021226882935,1.0
1192,8.972735511125473,1424.0308134722518,1541.8821847995428,5000.0,0.699999988079071,0.3938438296318054,1.0
1193,6.525450829980861,3.5436551867513737,950.6001105366954,5000.0,0.699999988079071,0.16685068607330322,1.0
1194,9.115876843603026,1251.4794128873273,1626.3317703533826,5000.0,0.699999988079071,0.47412747144699097,1.0
1195,7.822281081431007,1001.8708814516817,1620.2656824297892,5000.0,0.699999988079071,0.31836065649986267,1.0
1196,8.010109247704523,740.312971834196,1637.5779707898898,5000.0,0.699999988079071,0.32145342230796814,1.0
1197,8.009920179542148,739.4258544848545,1638.9742056610835,5000.0,0.699999988079071,0.3210925757884979,1.0
1198,7.7364855182283785,963.9437551194333,1532.7614198483498,5000.0,0.699999988079071,0.2788572907447815,1.0
1199,6.508377610395072,2.991272669072548,947.4833064990792,5000.0,0.699999988079071,0.1645979881286621,1.0
1200,8.983641027881683,1192.272641781633,1566.5267577493655,5000.0,0.699999988079071,0.434133917093277,1.0
1201,10.768177864343622,1816.1851187339034,1569.2473963072687,5000.0,0.699999988079071,0.7012319564819336,1.0
1202,8.869785291962485,1393.5986403830989,1616.337799740508,5000.0,0.699999988079071,0.470610648393631,1.0
1203,6.5169216040181,2.86453859132994,945.4548835699101,5000.0,0.699999988079071,0.1646081805229187,1.0
1204,8.988928414382272,1194.4686134472495,1566.9795750251144,5000.0,0.699999988079071,0.4338547885417938,1.0
1205,8.779783227167973,1361.8742764506712,1571.770565388008,5000.0,0.699999988079071,0.4305075705051422,1.0
1206,9.03630799650572,1215.0947510632902,1621.857658088979,5000.0,0.699999988079071,0.4730820059776306,1.0
1207,9.946127691278512,1548.596035108643,1586.2786949711199,5000.0,0.699999988079071,0.5865145325660706,1.0
1208,9.732092994206116,1671.7365420618,1534.5084357746166,5000.0,0.699999988079071,0.5044484734535217,1.0
1209,9.042993342835576,1218.246870297953,1571.1532528614655,5000.0,0.699999988079071,0.43329063057899475,1.0
1210,7.767650753590671,975.6996979007163,1538.858877135689,5000.0,0.699999988079071,0.2771908938884735,1.0
1211,7.994896044826889,722.5095060760212,1635.3059609512043,5000.0,0.699999988079071,0.320209801197052,1.0
1212,8.779803569754396,1362.4683174557376,1536.082907848056,5000.0,0.699999988079071,0.38921985030174255,1.0
1213,7.736262641777838,964.6695481386042,1537.3231801673192,5000.0,0.699999988079071,0.2761022746562958,1.0
1214,9.96393112433341,1555.0828948861829,1588.1195551750334,5000.0,0.699999988079071,0.585840106010437,1.0
1215,10.183718305757528,1425.3287890431995,1627.4535282983102,5000.0,0.699999988079071,0.6296616792678833,1.0
1216,10.029143450548442,1579.530455683284,1592.4084962420513,5000.0,0.699999988079071,0.5854035019874573,1.0
1217,9.070448468751302,1229.5453583202348,1575.0233618968607,5000.0,0.699999988079071,0.4320368468761444,1.0
1218,9.872234274583697,1720.4996869738338,1544.5696273102676,5000.0,0.699999988079071,0.5001265406608582,1.0
1219,10.014767163427548,1759.8572186009549,1600.566156357442,5000.0,0.699999988079071,0.5829596519470215,1.0
1220,7.865247114947396,1012.0641271663133,1550.5912639551643,5000.0,0.699999988079071,0.27632781863212585,1.0
1221,6.559769991246321,2.3420204983289854,936.8007010869732,5000.0,0.699999988079071,0.16488291323184967,1.0
1222,10.014916243100673,1579.0531346075802,1563.1588530677936,5000.0,0.699999988079071,0.5424907207489014,1.0
1223,11.030112483405453,1906.3437684989683,1605.7551729500763,5000.0,0.699999988079071,0.7382760643959045,1.0
1224,10.189839455698324,1633.0944429145538,1632.3196266793705,5000.0,0.699999988079071,0.626808762550354,1.0
1225,9.176443746543212,1268.189765147207,1634.0894875881368,5000.0,0.699999988079071,0.4734610617160797,1.0
1226,7.909996210062266,1026.2948522874058,1554.7996609052243,5000.0,0.699999988079071,0.276373952627182,1.0
1227,8.016420421162161,725.7323839085507,1634.3721820899484,5000.0,0.699999988079071,0.32056301832199097,1.0
1228,10.162959563923843,1624.1583120773798,1632.386759237918,5000.0,0.699999988079071,0.6260148286819458,1.0
1229,7.891636918841254,1018.2233238934853,1553.2250476637514,5000.0,0.699999988079071,0.2761208713054657,1.0
1230,9.146814000556827,1255.2934679170971,1633.0448282033262,5000.0,0.699999988079071,0.4728700518608093,1.0
1231,7.911918542708324,1021.9287742996224,1632.1719934904079,5000.0,0.699999988079071,0.3174477219581604,1.0
1232,9.089723954495629,1236.5787111423215,1577.436711078411,5000.0,0.699999988079071,0.4309425354003906,1.0
1233,9.232390623698667,1022.9175508546621,1636.6811814738282,5000.0,0.699999988079071,0.47515732049942017,1.0
1234,9.102444526944844,1241.3738195808282,1579.547385705046,5000.0,0.699999988079071,0.43048158288002014,1.0
1235,9.005347559677766,1433.941701707164,1590.9477235072775,5000.0,0.699999988079071,0.42825832962989807,1.0
1236,10.120654318545027,1613.4338900408713,1601.0122561480184,5000.0,0.699999988079071,0.5830386281013489,1.0
1237,9.015410653305269,1441.354468235167,1554.6403662449036,5000.0,0.699999988079071,0.38598817586898804,1.0
1238,9.135156721892907,1254.956460539839,1582.1840112270268,5000.0,0.699999988079071,0.4299510717391968,1.0
1239,9.140152377487736,1256.9501605747603,1582.9635889085862,5000.0,0.699999988079071,0.429706335067749,1.0
1240,9.18145645876662,1266.3537731169092,1637.8367651641265,5000.0,0.699999988079071,0.4725453555583954,1.0
1241,9.112867429954113,1463.0781434130809,1637.3424059748024,5000.0,0.699999988079071,0.47069770097732544,1.0
1242,10.142217508761549,1626.5828156892242,1572.9527240282182,5000.0,0.699999988079071,0.5398815870285034,1.0
1243,7.945604776246335,1034.2492913039541,1560.1029738746786,5000.0,0.699999988079071,0.27501994371414185,1.0
1244,10.318173400647073,1265.3039583457296,1640.2445962164486,5000.0,0.699999988079071,0.6288761496543884,1.0
1245,7.990204124654853,1041.6602693451903,1640.8151050259157,5000.0,0.699999988079071,0.31820040941238403,1.0
1246,11.216350790524938,1805.5599161548425,1641.246819109118,5000.0,0.699999988079071,0.7790505886077881,1.0
1247,9.27807493295088,1050.9295617914286,1646.6771836430346,5000.0,0.699999988079071,0.47308269143104553,1.0
1248,10.234907853885652,1820.0526447132552,1644.4464987734007,5000.0,0.699999988079071,0.6229170560836792,1.0
1249,8.009898688648649,1051.0024838277977,1563.6332350723173,5000.0,0.699999988079071,0.2762152850627899,1.0
1250,8.010997222414149,1046.1253314979172,1644.3145255929423,5000.0,0.699999988079071,0.3177390396595001,1.0
1251,9.207172990845168,1275.5215776272844,1643.58107892351,5000.0,0.699999988079071,0.4710657298564911,1.0
1252,6.6479959973723535,1.6018993454397528,923.6665050309776,5000.0,0.699999988079071,0.1654857099056244,1.0
1253,7.911080682957763,1015.3572885705462,1556.0818385065675,5000.0,0.699999988079071,0.2749233543872833,1.0
1254,10.984584183849746,1906.3074306942915,1567.9764505854503,5000.0,0.699999988079071,0.6494175791740417,1.0
1255,11.302360498411272,1475.7893552465325,1646.564383026074,5000.0,0.699999988079071,0.7807216048240662,1.0
1256,9.252649023484235,1291.4781322973301,1648.8134669584826,5000.0,0.699999988079071,0.4709066152572632,1.0
1257,8.034814932077953,1049.7472977200068,1647.4898737353994,5000.0,0.699999988079071,0.3179583251476288,1.0
1258,11.219215486779934,1821.3235442737996,1591.9278176887708,5000.0,0.699999988079071,0.6911714673042297,1.0
1259,8.048223360206336,1060.3787535306628,1567.7653152743849,5000.0,0.699999988079071,0.2756539285182953,1.0
1260,9.210917405951992,1493.4950172720107,1606.4964983510702,5000.0,0.699999988079071,0.42735952138900757,1.0
1261,10.26031450179792,1836.2501565809525,1593.8482169695305,5000.0,0.699999988079071,0.5363667011260986,1.0
1262,8.078879410767946,1064.2050740465247,1651.5696006273893,5000.0,0.699999988079071,0.3181212842464447,1.0
1263,8.057009970334608,1057.139412876603,1649.8964317681884,5000.0,0.699999988079071,0.31764763593673706,1.0
1264,10.261393700765378,1827.647522080072,1648.8694483326365,5000.0,0.699999988079071,0.6211973428726196,1.0
1265,6.6791328736615,1.3702040048135684,917.7287735553801,5000.0,0.699999988079071,0.16561980545520782,1.0
1266,9.143408603191613,1474.2678308677675,1604.1981133212028,5000.0,0.699999988079071,0.42577698826789856,1.0
1267,9.206843807553215,1272.5640189438832,1645.894218435609,5000.0,0.699999988079071,0.47008341550827026,1.0
1268,9.117901137058833,1471.8709266242438,1564.5880376221933,5000.0,0.699999988079071,0.38350531458854675,1.0
1269,7.988304419256673,1041.3998470376077,1565.6975503076492,5000.0,0.699999988079071,0.2736845314502716,1.0
1270,9.159942109023103,1261.5883199509792,1588.418558850452,5000.0,0.699999988079071,0.4273175597190857,1.0
1271,10.153649851366042,1808.064934110935,1592.0830254499847,5000.0,0.699999988079071,0.5340595841407776,1.0
1272,9.190736077161006,1273.9715143964004,1590.6768372757888,5000.0,0.699999988079071,0.4270627200603485,1.0
1273,8.050478268921351,718.873663567477,1641.2514508930956,5000.0,0.699999988079071,0.3183572590351105,1.0
1274,6.673597265687733,1.1577667366595707,913.6839941366353,5000.0,0.699999988079071,0.16406245529651642,1.0
1275,9.088637012923561,1458.102338637831,1603.439422809356,5000.0,0.699999988079071,0.4244825839996338,1.0
1276,9.143254257721356,1468.4968874040526,1645.8638576489116,5000.0,0.699999988079071,0.46792706847190857,1.0
1277,9.091085128766025,1459.4278841138685,1603.915057502124,5000.0,0.699999988079071,0.4239891767501831,1.0
1278,7.9371935033126455,1024.6207303483882,1564.2330757186646,5000.0,0.699999988079071,0.27172911167144775,1.0
1279,8.01736690713274,697.7845225182388,1635.824176725163,5000.0,0.699999988079071,0.3174979090690613,1.0
1280,8.016025769931192,696.6638559174067,1637.0939800304047,5000.0,0.699999988079071,0.31710508465766907,1.0
1281,9.125628239466579,1237.0731095015105,1640.93659176934,5000.0,0.699999988079071,0.4693480134010315,1.0
1282,8.017827560630561,696.7802406050279,1639.3595099517688,5000.0,0.699999988079071,0.3166336715221405,1.0
1283,9.97460537433868,1750.1445521653347,1612.887116555926,5000.0,0.699999988079071,0.5760752558708191,1.0
1284,7.875719133074019,1000.5259970680125,1559.394155531084,5000.0,0.699999988079071,0.27080389857292175,1.0
1285,10.218020838142804,1206.6048156529814,1639.3511217616556,5000.0,0.699999988079071,0.6267284154891968,1.0
1286,6.666168913459804,0.9136983960783144,908.9746965584275,5000.0,0.699999988079071,0.1618739813566208,1.0
1287,9.03226812123186,1208.4193762680472,1583.5047107012922,5000.0,0.699999988079071,0.4249681234359741,1.0
1288,8.020744166198257,695.943015613239,1643.218734918252,5000.0,0.699999988079071,0.3156072497367859,1.0
1289,8.926585256896617,1405.4115238529585,1597.2574914704603,5000.0,0.699999988079071,0.42298686504364014,1.0
1290,6.653216889083585,0.8346531381019978,907.8238041548744,5000.0,0.699999988079071,0.16055284440517426,1.0
1291,9.065186130729884,1210.4576717942832,1638.9108765109531,5000.0,0.699999988079071,0.46816349029541016,1.0
1292,7.879156289351134,993.6123796273534,1637.5701054381393,5000.0,0.699999988079071,0.3129061758518219,1.0
1293,9.916006235202005,1541.5838936577697,1602.5291272905895,5000.0,0.699999988079071,0.5774896740913391,1.0
1294,10.04462348501317,1376.5039587138708,1596.6424068559277,5000.0,0.699999988079071,0.5793144702911377,1.0
1295,7.815767995600887,974.7447546182615,1554.9527098078197,5000.0,0.699999988079071,0.2694005072116852,1.0
1296,9.180058232303136,977.6008793579404,1645.2988277033644,5000.0,0.699999988079071,0.4692966341972351,1.0
1297,7.899792686411188,998.0155351316928,1640.2633402709555,5000.0,0.699999988079071,0.3131042420864105,1.0
1298,7.776163668969476,959.4290009714507,1551.7334081853608,5000.0,0.699999988079071,0.268757700920105,1.0
1299,9.05425374702164,1204.6812288259487,1640.1623698887556,5000.0,0.699999988079071,0.4673784673213959,1.0
1300,8.933784945893732,1400.216445260705,1638.1573461277048,5000.0,0.699999988079071,0.4657931625843048,1.0
1301,8.838175689952834,1376.3100506558906,1594.3787288515773,5000.0,0.699999988079071,0.42160362005233765,1.0
1302,10.001105305355996,1563.810378021682,1640.015104245762,5000.0,0.699999988079071,0.6200821399688721,1.0
1303,8.009807419134033,684.1433924545025,1644.2658460024895,5000.0,0.699999988079071,0.3141151964664459,1.0
1304,8.750852548195576,1354.2670904347142,1551.3553139796093,5000.0,0.699999988079071,0.37825387716293335,1.0
1305,9.93147664912785,1547.8971991780088,1605.6836108176142,5000.0,0.699999988079071,0.5762535929679871,1.0
1306,8.993030877159937,1190.7823429949221,1583.681522373837,5000.0,0.699999988079071,0.4231922924518585,1.0
1307,9.898337984585188,1727.5345225287067,1614.4291977414039,5000.0,0.699999988079071,0.5742005705833435,1.0
1308,8.949732039750728,1412.8267968291862,1601.8445323910064,5000.0,0.699999988079071,0.4209902584552765,1.0
1309,9.020360441928862,1202.4956245011713,1585.3850288246158,5000.0,0.699999988079071,0.42316892743110657,1.0
1310,9.02617495592033,1204.947594238362,1586.2048247729756,5000.0,0.699999988079071,0.42292505502700806,1.0
1311,6.678936579341719,0.616950397211509,899.6911487883976,5000.0,0.699999988079071,0.15943016111850739,1.0
1312,10.03759969849305,1375.2799046853022,1598.951156078681,5000.0,0.699999988079071,0.5774918794631958,1.0
1313,9.78995885397976,1711.6828348260642,1560.7475797422303,5000.0,0.699999988079071,0.48504459857940674,1.0
1314,10.021997018241105,1764.8298400557437,1620.8218446057306,5000.0,0.699999988079071,0.5738767981529236,1.0
1315,8.970765166048409,1430.5499036959907,1567.3702936845386,5000.0,0.699999988079071,0.37552163004875183,1.0
1316,8.984748908369925,1436.2833212822359,1568.942653776751,5000.0,0.699999988079071,0.3748251795768738,1.0
1317,8.009212469164845,1035.6570511289494,1652.355889298428,5000.0,0.699999988079071,0.31260958313941956,1.0
1318,6.680794747228985,0.561130257106223,896.3644162780394,5000.0,0.699999988079071,0.15896394848823547,1.0
1319,6.666631631828595,0.5399178851053681,896.2863165255741,5000.0,0.699999988079071,0.15806607902050018,1.0
1320,7.912995400227093,1005.3225640309437,1644.2108583998672,5000.0,0.699999988079071,0.31097301840782166,1.0
1321,10.879222698336257,1687.414627870981,1612.1930240341467,5000.0,0.699999988079071,0.7312453389167786,1.0
1322,6.665641996909899,0.5149677567512914,895.5324739456363,5000.0,0.699999988079071,0.15762999653816223,1.0
1323,8.950133142465917,1174.5800179305013,1583.3043248828687,5000.0,0.699999988079071,0.420817106962204,1.0
1324,9.127270460944482,942.4456250845276,1639.806522409332,5000.0,0.699999988079071,0.4683453142642975,1.0
1325,10.041638386407024,1575.2640866573554,1645.0128917400843,5000.0,0.699999988079071,0.6203787326812744,1.0
1326,9.026851976183474,1429.0992714156116,1647.5618014856495,5000.0,0.699999988079071,0.46441155672073364,1.0
1327,10.022018900414944,1369.6456936017412,1599.7445880117052,5000.0,0.699999988079071,0.5762650370597839,1.0
1328,10.857118871937832,1871.0037063890925,1600.0491313383163,5000.0,0.699999988079071,0.682117760181427,1.0
1329,9.162097725208671,969.4059939653928,1645.8237365892896,5000.0,0.699999988079071,0.4675767421722412,1.0
1330,9.05822514488936,1447.0422689712168,1611.895969288952,5000.0,0.699999988079071,0.4193548262119293,1.0
1331,6.705956772218301,0.4699896248461477,892.5983080746494,5000.0,0.699999988079071,0.1585613191127777,1.0
1332,8.995359635293617,1428.2417784028346,1609.0742321020043,5000.0,0.699999988079071,0.418775737285614,1.0
1333,9.030153154866728,1207.397987689513,1590.7483680763291,5000.0,0.699999988079071,0.420106440782547,1.0
1334,6.692976587303371,0.43427554785079714,891.4180682373661,5000.0,0.699999988079071,0.15755589306354523,1.0
1335,9.85385831939549,1726.1711070867607,1593.1444735966502,5000.0,0.699999988079071,0.5261594653129578,1.0
1336,7.970247467820504,1020.9042292773091,1652.2760150490446,5000.0,0.699999988079071,0.31051817536354065,1.0
1337,6.676472276809198,0.4105898146506283,890.5796413417801,5000.0,0.699999988079071,0.15647824108600616,1.0
1338,9.002088840385786,1422.0107698871086,1647.8271817465507,5000.0,0.699999988079071,0.4633847773075104,1.0
1339,9.830656133906908,1526.9682186891262,1576.1644793281046,5000.0,0.699999988079071,0.5276333689689636,1.0
1340,10.920272240511386,1706.7652782076552,1618.3553079432904,5000.0,0.699999988079071,0.7288215756416321,1.0
1341,8.003978129633015,670.5015684992558,1643.0907286079623,5000.0,0.699999988079071,0.31191354990005493,1.0
1342,8.001649688082992,669.4078086564452,1644.2548898828118,5000.0,0.699999988079071,0.3114998936653137,1.0
1343,8.847844880920732,1394.3459841484184,1566.467904470533,5000.0,0.699999988079071,0.37141603231430054,1.0
1344,7.996111701018408,666.3680621328941,1644.0279149576638,5000.0,0.699999988079071,0.311123251914978,1.0
1345,9.08729070047744,1213.9461283023436,1649.7316632563616,5000.0,0.699999988079071,0.4648558497428894,1.0
1346,9.04493838260178,1433.7920487082492,1652.1732910717515,5000.0,0.699999988079071,0.46350136399269104,1.0
1347,8.93727312027262,1411.454012312902,1608.8854896495473,5000.0,0.699999988079071,0.416911780834198,1.0
1348,7.990266929805335,662.5724027319592,1643.5503503550417,5000.0,0.699999988079071,0.31081026792526245,1.0
1349,7.802026915218417,972.524143428119,1564.484207142729,5000.0,0.699999988079071,0.2627859115600586,1.0
1350,8.888377117984943,1396.8202136235373,1606.9335255223468,5000.0,0.699999988079071,0.41635778546333313,1.0
1351,8.89591736955838,1399.7777185669422,1607.5501868615029,5000.0,0.699999988079071,0.41612595319747925,1.0
1352,9.103539512476937,928.0470986496287,1641.8419991462183,5000.0,0.699999988079071,0.4663386046886444,1.0
1353,9.113942804519034,934.5924815977249,1645.0309255241202,5000.0,0.699999988079071,0.46566241979599,1.0
1354,8.960396736220323,1179.5250259279726,1590.13596936064,5000.0,0.699999988079071,0.41751664876937866,1.0
1355,8.920399749527926,1406.089487241036,1609.5473463769997,5000.0,0.699999988079071,0.4163621664047241,1.0
1356,9.860934952431807,1540.3746496519936,1581.5182837105795,5000.0,0.699999988079071,0.5249276161193848,1.0
1357,9.106143206588705,1220.992030121982,1653.6005031948953,5000.0,0.699999988079071,0.46404850482940674,1.0
1358,9.993589739561259,1758.685837608552,1627.9931554523973,5000.0,0.699999988079071,0.5703673362731934,1.0
1359,7.9929843509214695,1027.1437420955303,1658.51762005348,5000.0,0.699999988079071,0.30881035327911377,1.0
1360,8.985496256545474,1427.7554396620224,1613.8812115854544,5000.0,0.699999988079071,0.4156877398490906,1.0
1361,8.992648491167584,1430.5406291716383,1614.4632653780504,5000.0,0.699999988079071,0.41545477509498596,1.0
1362,10.112433872192442,1393.2209598328736,1651.909475598919,5000.0,0.699999988079071,0.6192628741264343,1.0
1363,10.055399393265002,1595.1824988565306,1622.3164705640468,5000.0,0.699999988079071,0.5706449747085571,1.0
1364,9.060965472326382,1221.2308808400503,1597.5740001215236,5000.0,0.699999988079071,0.41727620363235474,1.0
1365,6.713238037465852,0.2804068890123161,881.4018212834465,5000.0,0.699999988079071,0.1554122120141983,1.0
1366,7.878586453024026,1001.249366503978,1574.0695365307902,5000.0,0.699999988079071,0.2615726590156555,1.0
1367,7.978095587097566,1023.675639497721,1658.7145270838955,5000.0,0.699999988079071,0.3077646493911743,1.0
1368,7.829722227870395,985.6930151054154,1570.9731263164185,5000.0,0.699999988079071,0.2607145309448242,1.0
1369,9.836497009215972,1726.3285703340107,1599.1505174579024,5000.0,0.699999988079071,0.5217403769493103,1.0
1370,7.8422368628761,992.6815283603262,1573.4369865185913,5000.0,0.699999988079071,0.2601448893547058,1.0
1371,7.955049086032004,1019.5136854598662,1657.119710115751,5000.0,0.699999988079071,0.30693909525871277,1.0
1372,8.923385387760147,1412.2566250642171,1613.2533078089482,5000.0,0.699999988079071,0.41360804438591003,1.0
1373,8.805932322667609,1389.8250078546534,1571.604523485815,5000.0,0.699999988079071,0.36619532108306885,1.0
1374,9.858112505957278,1735.6648390805783,1601.4641473826048,5000.0,0.699999988079071,0.5200392007827759,1.0
1375,8.973246388850711,1189.3420438594865,1593.3891064659604,5000.0,0.699999988079071,0.4156116247177124,1.0
1376,7.981044010765967,1030.753548446505,1659.8532667164884,5000.0,0.699999988079071,0.30668583512306213,1.0
1377,9.061718269954314,905.2921162286468,1636.6548748277394,5000.0,0.699999988079071,0.4658886194229126,1.0
1378,8.977040227634546,1430.6953908073958,1617.3565883714791,5000.0,0.699999988079071,0.4129539430141449,1.0
1379,6.659107435207249,0.21906907656307578,877.4791006777231,5000.0,0.699999988079071,0.15178991854190826,1.0
1380,9.051683458631805,1200.209775453077,1651.081903541418,5000.0,0.699999988079071,0.4628520607948303,1.0
1381,6.644075460492861,0.20741744719793964,877.2859989956413,5000.0,0.699999988079071,0.15086248517036438,1.0
1382,9.88163266673165,1534.2197981682339,1616.3174236149357,5000.0,0.699999988079071,0.5696204900741577,1.0
1383,9.041886479971511,1196.5516309159818,1651.156825287596,5000.0,0.699999988079071,0.4624277651309967,1.0
1384,8.899066558943087,1407.2588683490442,1614.4388456613742,5000.0,0.699999988079071,0.4120599627494812,1.0
1385,8.771786729584862,1382.6139775831216,1572.7218787171348,5000.0,0.699999988079071,0.36414679884910583,1.0
1386,8.919022992845834,1168.7025656055398,1591.8229669137636,5000.0,0.699999988079071,0.41428664326667786,1.0
1387,9.950540374368366,1559.5502475965059,1620.633829684641,5000.0,0.699999988079071,0.5690729022026062,1.0
1388,7.963897696771698,1027.188736861184,1660.8943592853798,5000.0,0.699999988079071,0.3052998185157776,1.0
1389,7.943328161999217,1021.402269411941,1659.4432559371453,5000.0,0.699999988079071,0.30480071902275085,1.0
1390,8.910492620354242,1413.1513569590447,1616.3150846794344,5000.0,0.699999988079071,0.4110923707485199,1.0
1391,9.035993075063926,889.1520860455748,1635.471432386045,5000.0,0.699999988079071,0.46516039967536926,1.0
1392,9.049983228729515,1200.606357147183,1653.407745757792,5000.0,0.699999988079071,0.46179354190826416,1.0
1393,9.048123893063172,897.7324959857574,1639.6542543302148,5000.0,0.699999988079071,0.4642670750617981,1.0
1394,6.644723357738763,0.17724361132775357,874.9437604738555,5000.0,0.699999988079071,0.14970070123672485,1.0
1395,9.890601400395083,1538.802903722328,1619.5006075332203,5000.0,0.699999988079071,0.5683892965316772,1.0
1396,7.933631132249235,634.0136714751925,1641.7804017709875,5000.0,0.699999988079071,0.30626994371414185,1.0
1397,9.033826441296412,1194.546169862584,1654.3158799197395,5000.0,0.699999988079071,0.460930198431015,1.0
1398,9.90516813099956,1544.4097358270296,1621.0532757181072,5000.0,0.699999988079071,0.5680215358734131,1.0
1399,9.059607048534174,906.2947611474275,1645.4103528047426,5000.0,0.699999988079071,0.4627309739589691,1.0
1400,8.796190900019889,1389.960264642971,1575.6283318616775,5000.0,0.699999988079071,0.3635205030441284,1.0
1401,6.64837732409583,0.16135728676085892,873.6351993873807,5000.0,0.699999988079071,0.14917223155498505,1.0
1402,7.746206274315362,967.547988666061,1573.1680756619974,5000.0,0.699999988079071,0.2552754580974579,1.0
1403,6.617598013803621,0.15292910963589204,873.946180811411,5000.0,0.699999988079071,0.1476535052061081,1.0
1404,7.855567116712524,995.5647349744329,1655.6076514386293,5000.0,0.699999988079071,0.30266430974006653,1.0
1405,8.976197475505588,1172.3291231929074,1651.2290112692947,5000.0,0.699999988079071,0.4601278305053711,1.0
1406,9.804436178719884,1508.1311361274022,1617.4306005186986,5000.0,0.699999988079071,0.5676538348197937,1.0
1407,9.036662972996142,889.5785030545777,1645.3541076711854,5000.0,0.699999988079071,0.4617824852466583,1.0
1408,7.868586517748506,998.4901956794334,1657.945751714841,5000.0,0.699999988079071,0.30247002840042114,1.0
1409,7.66760299096834,941.6445584553669,1567.8439306699197,5000.0,0.699999988079071,0.2539525628089905,1.0
1410,9.800679195364273,1507.1424138967382,1618.1385301292291,5000.0,0.699999988079071,0.5673050880432129,1.0
1411,7.860090523170662,997.6084948245061,1657.8689465326245,5000.0,0.699999988079071,0.3019483983516693,1.0
1412,9.620392594811976,1668.3133968761065,1598.7455583438646,5000.0,0.699999988079071,0.517075777053833,1.0
1413,8.845902137791102,1143.0256414639903,1592.572839949359,5000.0,0.699999988079071,0.4111790060997009,1.0
1414,9.00676840908317,1186.0266958759235,1655.690534038434,5000.0,0.699999988079071,0.4594856798648834,1.0
1415,9.008394325506956,1186.9143203227482,1656.3017366828822,5000.0,0.699999988079071,0.45925989747047424,1.0
1416,8.83643113481339,1392.114742263826,1617.4073605833885,5000.0,0.699999988079071,0.40904951095581055,1.0
1417,8.993332726730475,1426.8681958045129,1661.4921031307726,5000.0,0.699999988079071,0.45692160725593567,1.0
1418,10.015443437489058,1347.6282669121572,1654.6294292030555,5000.0,0.699999988079071,0.6166757345199585,1.0
1419,9.909723672397789,1327.983902174771,1608.1702516890762,5000.0,0.699999988079071,0.5685151219367981,1.0
1420,7.7817733745314746,982.9058543643338,1578.6715983801496,5000.0,0.699999988079071,0.25418776273727417,1.0
1421,10.051270116456262,1769.1590292368055,1665.9017415845117,5000.0,0.699999988079071,0.6119784116744995,1.0
1422,10.05256444077795,1368.0871029906182,1659.132540203073,5000.0,0.699999988079071,0.6154940128326416,1.0
1423,10.050108437180834,1119.2165000197308,1651.826645820248,5000.0,0.699999988079071,0.6170632243156433,1.0
1424,8.98911888411258,1201.104922592077,1603.8962923789534,5000.0,0.699999988079071,0.41100358963012695,1.0
1425,11.01595343638952,1545.2123290573466,1664.5100826101086,5000.0,0.699999988079071,0.769357442855835,1.0
1426,9.146667700134854,1241.3683984366644,1672.0323987633217,5000.0,0.699999988079071,0.4576460123062134,1.0
1427,9.094949384402321,940.1348544407299,1660.7265886827079,5000.0,0.699999988079071,0.45828506350517273,1.0
1428,7.941940749086296,1029.4859621757262,1588.8048831818528,5000.0,0.699999988079071,0.25629788637161255,1.0
1429,7.979297850077759,661.3700028318415,1661.3583481160485,5000.0,0.699999988079071,0.3030377924442291,1.0
1430,10.848719973433338,1893.298329393175,1595.9184706580304,5000.0,0.699999988079071,0.6250656247138977,1.0
1431,9.06806123095582,1474.9748990495439,1592.6768340987035,5000.0,0.699999988079071,0.36241841316223145,1.0
1432,6.699230565886391,0.10659595381866438,864.8819538817665,5000.0,0.699999988079071,0.14871308207511902,1.0
1433,10.105267760360913,1617.179556224906,1638.3914081599337,5000.0,0.699999988079071,0.564291775226593,1.0
1434,8.060612216114604,1055.8143024115043,1680.3249216055085,5000.0,0.699999988079071,0.30283892154693604,1.0
1435,9.11126320658547,1474.2554414334438,1634.3693937220623,5000.0,0.699999988079071,0.4091569781303406,1.0
1436,7.925078638455491,1031.4195518037257,1591.7337203530813,5000.0,0.699999988079071,0.254177987575531,1.0
1437,7.899766547935912,1024.637087203462,1590.6697964239775,5000.0,0.699999988079071,0.2536008358001709,1.0
1438,9.120425213585463,1233.1841423547507,1671.7810991024069,5000.0,0.699999988079071,0.4572071433067322,1.0
1439,9.062892347706281,923.0919423703048,1659.3821959799375,5000.0,0.699999988079071,0.4573284089565277,1.0
1440,9.01433592077657,1214.7537542285484,1609.9446970608324,5000.0,0.699999988079071,0.4084234833717346,1.0
1441,9.133315568516995,1238.062083644157,1674.2267490786937,5000.0,0.699999988079071,0.4567487835884094,1.0
1442,9.086734676431591,1468.2233462745041,1634.7441957736921,5000.0,0.699999988079071,0.4085303843021393,1.0
1443,9.96198945238963,1786.9985869118257,1592.5279007652005,5000.0,0.699999988079071,0.46684256196022034,1.0
1444,7.95530733402214,654.9079868467658,1660.0521684779544,5000.0,0.699999988079071,0.30162328481674194,1.0
1445,9.124461095658257,1481.3725722987722,1637.348012302145,5000.0,0.699999988079071,0.40809670090675354,1.0
1446,10.031779241740653,1613.5563743906487,1606.056144271201,5000.0,0.699999988079071,0.514140248298645,1.0
1447,9.078629549116616,1242.101324485527,1615.644986234306,5000.0,0.699999988079071,0.4074447751045227,1.0
1448,10.192795415444138,1647.918356817958,1645.0769437202996,5000.0,0.699999988079071,0.5630055665969849,1.0
1449,9.20738546601244,1266.537200531525,1680.396099911385,5000.0,0.699999988079071,0.45695701241493225,1.0
1450,8.111012174268069,1076.8136190263997,1687.6914616538197,5000.0,0.699999988079071,0.3020699620246887,1.0
1451,7.979478773434497,1056.7333038010772,1600.5002777699874,5000.0,0.699999988079071,0.252209335565567,1.0
1452,9.184091964814431,1501.2553664690427,1641.6551283985627,5000.0,0.699999988079071,0.40737059712409973,1.0
1453,10.181809809773604,1645.1732978020198,1645.302653386787,5000.0,0.699999988079071,0.5626091361045837,1.0
1454,7.995132457443323,1064.4538335185298,1602.9612904826408,5000.0,0.699999988079071,0.251700758934021,1.0
1455,7.939887788385982,651.6778374487865,1659.429756902324,5000.0,0.699999988079071,0.30072450637817383,1.0
1456,9.176988651658874,1500.7840746076124,1642.2857424710278,5000.0,0.699999988079071,0.4068162441253662,1.0
1457,10.286579276259717,1851.6243615495882,1657.3988935444286,5000.0,0.699999988079071,0.5625758171081543,1.0
1458,10.338136291888903,1866.4917046683604,1659.3344011973086,5000.0,0.699999988079071,0.5619801878929138,1.0
1459,9.18863126460505,1524.6108876907986,1606.5776624658074,5000.0,0.699999988079071,0.35678017139434814,1.0
1460,9.290299321929547,1536.4364343452046,1648.0850109072032,5000.0,0.699999988079071,0.4059915542602539,1.0
1461,8.026227013504865,1081.611101046191,1608.4647371017584,5000.0,0.699999988079071,0.2504362165927887,1.0
1462,9.267498610265802,1531.5515370617175,1647.6606876317308,5000.0,0.699999988079071,0.4054500460624695,1.0
1463,7.918295747174576,644.6215932289086,1653.7329897430527,5000.0,0.699999988079071,0.300927072763443,1.0
1464,9.335520772566557,1533.1710490688465,1688.9952815912875,5000.0,0.699999988079071,0.4553452432155609,1.0
1465,9.081627278907517,1250.4490097148323,1618.9383021981491,5000.0,0.699999988079071,0.4062141180038452,1.0
1466,10.080617147479117,1414.8911395976038,1627.498261653258,5000.0,0.699999988079071,0.5627110004425049,1.0
1467,7.923741887373596,648.4926978543265,1656.54485653673,5000.0,0.699999988079071,0.30040407180786133,1.0
1468,9.103663070748063,1259.0746871793806,1621.3921323061563,5000.0,0.699999988079071,0.40548017621040344,1.0
1469,10.177091747134238,1667.1537304791027,1617.2896841480222,5000.0,0.699999988079071,0.5107420086860657,1.0
1470,11.30626922721594,2022.8651739459378,1642.0476314673301,5000.0,0.699999988079071,0.6663634181022644,1.0
1471,8.1258234384053,1117.0649569213513,1618.1261047827797,5000.0,0.699999988079071,0.24961018562316895,1.0
1472,9.188840912077257,1291.727158313509,1627.677914608989,5000.0,0.699999988079071,0.40481796860694885,1.0
1473,10.58914918553648,1937.2115895675024,1670.7472242484669,5000.0,0.699999988079071,0.5613657832145691,1.0
1474,9.467367124038203,1590.8180112082991,1658.8852925753717,5000.0,0.699999988079071,0.40490084886550903,1.0
1475,9.473552413789804,1593.2581230752817,1659.362163261008,5000.0,0.699999988079071,0.4046531915664673,1.0
1476,10.658636470337536,1957.3276829848826,1673.3820763416363,5000.0,0.699999988079071,0.5601806044578552,1.0
1477,9.305519128446166,1308.7092256846195,1690.0933741154672,5000.0,0.699999988079071,0.45613378286361694,1.0
1478,7.935059358931935,656.3701773869407,1656.031590131226,5000.0,0.699999988079071,0.300712913274765,1.0
1479,7.928758446852754,654.4675851547975,1656.7279160777136,5000.0,0.699999988079071,0.30024877190589905,1.0
1480,9.0281653458715,926.7710820553646,1658.2635630429165,5000.0,0.699999988079071,0.45589303970336914,1.0
1481,10.41878968840447,1725.469041569023,1660.2041500506168,5000.0,0.699999988079071,0.560012698173523,1.0
1482,10.02886539488042,1150.1204295250154,1661.7505366885096,5000.0,0.699999988079071,0.6106805205345154,1.0
1483,7.9525902927361765,664.9839596112497,1663.3362548584366,5000.0,0.699999988079071,0.29948362708091736,1.0
1484,10.244800598044472,1485.7878312255802,1640.976156409398,5000.0,0.699999988079071,0.5585614442825317,1.0
1485,7.957784907506141,667.4424298748544,1665.6378816757494,5000.0,0.699999988079071,0.2989999055862427,1.0
1486,9.547463441341158,1611.8241627928835,1664.431923330288,5000.0,0.699999988079071,0.40496960282325745,1.0
1487,11.178196984442224,1629.184327869351,1686.7378112223869,5000.0,0.699999988079071,0.7634260654449463,1.0
1488,8.303359871154367,1142.5065973822086,1710.9400295129844,5000.0,0.699999988079071,0.30068114399909973,1.0
1489,6.690487989382588,0.05387650463711863,852.6824324291297,5000.0,0.699999988079071,0.14468911290168762,1.0
1490,9.55204536345606,1593.3304677255337,1706.7173351462116,5000.0,0.699999988079071,0.4552974998950958,1.0
1491,8.18375757299185,1137.866866421142,1624.5825538326887,5000.0,0.699999988079071,0.24869069457054138,1.0
1492,11.522372839197057,2070.410357168939,1676.0822261766941,5000.0,0.699999988079071,0.7147167921066284,1.0
1493,9.04528804551743,943.9517177162072,1667.0371346241272,5000.0,0.699999988079071,0.45258527994155884,1.0
1494,10.289594119493305,1482.0593211016442,1692.8113104613956,5000.0,0.699999988079071,0.6073018312454224,1.0
1495,9.628058738079528,1633.656942277149,1668.8902220222712,5000.0,0.699999988079071,0.4045755863189697,1.0
1496,9.350160068140175,1350.7177859689834,1640.492141661898,5000.0,0.699999988079071,0.4029679298400879,1.0
1497,7.956720491317257,670.083032246233,1669.182175185674,5000.0,0.699999988079071,0.297746866941452,1.0
1498,7.949084797166152,667.6292025880864,1669.6055170821621,5000.0,0.699999988079071,0.2972671389579773,1.0
1499,10.527227116915885,1740.4906266474227,1704.9920839850076,5000.0,0.699999988079071,0.6082075834274292,1.0
1500,11.88555888320369,2331.138523618586,1650.139539846127,5000.0,0.699999988079071,0.6150729656219482,1.0
1501,6.698859863330694,0.048694819137318206,850.974804876532,5000.0,0.699999988079071,0.14432650804519653,1.0
1502,10.569031995519236,1754.1207113414607,1707.0383838255339,5000.0,0.699999988079071,0.6078953742980957,1.0
1503,8.296216839295138,1144.5106161422955,1714.7114342595057,5000.0,0.699999988079071,0.298580527305603,1.0
1504,7.940596985795125,666.7289495128026,1669.1422393153812,5000.0,0.699999988079071,0.2970067262649536,1.0
1505,9.315494054423835,1316.6308071685817,1701.2043565318863,5000.0,0.699999988079071,0.4517175853252411,1.0
1506,10.779690164193374,2004.9536634233352,1656.6031169041848,5000.0,0.699999988079071,0.5088330507278442,1.0
1507,10.566992488869603,1754.8994804595882,1708.1467766950736,5000.0,0.699999988079071,0.606705367565155,1.0
1508,8.330239127973222,1185.7372359390245,1635.9533703191844,5000.0,0.699999988079071,0.24855710566043854,1.0
1509,9.358394007152103,1357.259672127458,1643.3544545424652,5000.0,0.699999988079071,0.40197598934173584,1.0
1510,9.364644755527737,1359.6736952970668,1644.0471800271844,5000.0,0.699999988079071,0.4017227590084076,1.0
1511,9.37085276355218,1362.0679950817314,1644.7354229948412,5000.0,0.699999988079071,0.4014693796634674,1.0
1512,9.031749002398211,947.2479817902768,1671.0806727788122,5000.0,0.699999988079071,0.449869304895401,1.0
1513,11.4712310913022,1896.73419938443,1707.0023833126488,5000.0,0.699999988079071,0.7600278854370117,1.0
1514,9.455628425477396,1389.1224468999194,1649.1594725994003,5000.0,0.699999988079071,0.4013166129589081,1.0
1515,10.356210233755588,1513.3638137468563,1702.9048370292521,5000.0,0.699999988079071,0.6036158800125122,1.0
1516,9.858506142941147,1697.6050611450394,1681.6736733035693,5000.0,0.699999988079071,0.40364140272140503,1.0
1517,9.051015314335936,960.9677687048483,1674.607618508483,5000.0,0.699999988079071,0.44839924573898315,1.0
1518,9.508528650196087,1406.1177606279255,1652.3867606881126,5000.0,0.699999988079071,0.400837242603302,1.0
1519,10.724957552854187,1802.0106691419676,1719.5574562343966,5000.0,0.699999988079071,0.6053603887557983,1.0
1520,9.833567904238198,1669.6366739927805,1728.484371878358,5000.0,0.699999988079071,0.4529484510421753,1.0
1521,9.817133453978801,1665.8133670313177,1728.0040622779372,5000.0,0.699999988079071,0.4521789848804474,1.0
1522,11.037817738618255,2039.5451840900412,1727.7419283628246,5000.0,0.699999988079071,0.6052355170249939,1.0
1523,8.555047976426824,1251.5161587567184,1649.474860283561,5000.0,0.699999988079071,0.24962809681892395,1.0
1524,9.546010435427624,1419.9506125179864,1654.4421439578582,5000.0,0.699999988079071,0.4014692008495331,1.0
1525,8.391938123409622,1173.4141170954988,1727.6714220742926,5000.0,0.699999988079071,0.2970398962497711,1.0
1526,9.865335769427444,1702.0976821478544,1683.3026867362835,5000.0,0.699999988079071,0.4020259976387024,1.0
1527,9.033535983838926,958.1662985887332,1673.9809591476264,5000.0,0.699999988079071,0.44847729802131653,1.0
1528,9.87924502687248,1705.8671146315435,1684.248412584355,5000.0,0.699999988079071,0.40198200941085815,1.0
1529,9.768833363842788,1656.3313935523374,1727.3570353566772,5000.0,0.699999988079071,0.44978684186935425,1.0
1530,10.78432408082073,1840.4826517345318,1683.1425103414138,5000.0,0.699999988079071,0.5544047355651855,1.0
1531,9.92954313545096,1720.218783617423,1686.421458011613,5000.0,0.699999988079071,0.40147995948791504,1.0
1532,8.381563265745193,1173.939757936168,1728.6764513139506,5000.0,0.699999988079071,0.29569828510284424,1.0
1533,9.880193804599408,1708.6619419397139,1685.0252716630278,5000.0,0.699999988079071,0.40081551671028137,1.0
1534,11.336515431559434,2165.922624801481,1651.194703465224,5000.0,0.699999988079071,0.45881035923957825,1.0
1535,11.245052447936054,1678.824791318152,1701.5262641638549,5000.0,0.699999988079071,0.7559731006622314,1.0
1536,9.655057675313172,1458.4890584939074,1662.0372546198237,5000.0,0.699999988079071,0.4008451998233795,1.0
1537,10.969015035196737,1894.6401056304169,1690.9647670039567,5000.0,0.699999988079071,0.553704023361206,1.0
1538,9.507760866566398,1387.8650378369798,1720.9283262313943,5000.0,0.699999988079071,0.4485796093940735,1.0
1539,8.696739624324168,1299.8225612338501,1661.5440734737467,5000.0,0.699999988079071,0.24834953248500824,1.0
1540,10.090445521243547,1765.0097266283858,1694.2667861105497,5000.0,0.699999988079071,0.400775671005249,1.0
1541,10.260415973476192,1830.6127002533242,1661.178655181168,5000.0,0.699999988079071,0.35244572162628174,1.0
1542,11.384160780742233,2147.8323006149863,1708.5426831363804,5000.0,0.699999988079071,0.5536287426948547,1.0
1543,7.950329148883786,683.6517715777338,1672.9957622386873,5000.0,0.699999988079071,0.29556897282600403,1.0
1544,8.459758846478877,1202.165346422424,1736.4489903514063,5000.0,0.699999988079071,0.2950991690158844,1.0
1545,9.990645453464971,1182.1280084138086,1674.1732045792924,5000.0,0.699999988079071,0.6015906929969788,1.0
1546,9.934042712011212,1703.8588667386837,1737.8789682344072,5000.0,0.699999988079071,0.4481871724128723,1.0
1547,9.911898718208414,1698.5274355257045,1737.1601299490596,5000.0,0.699999988079071,0.4474044442176819,1.0
1548,11.537888931508164,2202.272020546384,1684.4943429993739,5000.0,0.699999988079071,0.5048699378967285,1.0
1549,9.023820999611944,969.0098392377208,1674.1469671803784,5000.0,0.699999988079071,0.44814741611480713,1.0
1550,9.497574217304043,1388.6929474902931,1722.8844921988034,5000.0,0.699999988079071,0.4471709728240967,1.0
1551,10.166880696319081,1787.2180289684338,1698.7244909452688,5000.0,0.699999988079071,0.39949870109558105,1.0
1552,9.729033604448748,1486.3147640363834,1668.7120350772232,5000.0,0.699999988079071,0.3997422456741333,1.0
1553,8.731340365792487,1317.3745713954752,1667.4378759308706,5000.0,0.699999988079071,0.24668070673942566,1.0
1554,7.923091240571872,678.0947085905558,1673.6819585802978,5000.0,0.699999988079071,0.2940024733543396,1.0
1555,7.912673837446116,674.7395288712862,1673.7269760585987,5000.0,0.699999988079071,0.2934911847114563,1.0
1556,10.0513095483562,1759.9975014360143,1696.4185619867387,5000.0,0.699999988079071,0.3985866904258728,1.0
1557,11.323525395105785,2134.62486186741,1709.5941063135824,5000.0,0.699999988079071,0.5516548752784729,1.0
1558,9.457239508948433,1379.1808186689157,1722.244492006002,5000.0,0.699999988079071,0.4462636411190033,1.0
1559,11.993829304141016,2093.186420085102,1668.861577475017,5000.0,0.699999988079071,0.6576479077339172,1.0
1560,7.922574068841925,679.3519294195798,1674.3873281728715,5000.0,0.699999988079071,0.2935194969177246,1.0
1561,10.183030292184617,1794.714357888473,1701.8848951265495,5000.0,0.699999988079071,0.3984190821647644,1.0
1562,10.184211847121198,1795.7838458573972,1702.1533153559249,5000.0,0.699999988079071,0.3981412351131439,1.0
1563,9.722069871075227,1488.5279193012054,1671.5404837266212,5000.0,0.699999988079071,0.39814382791519165,1.0
1564,9.726836745334804,1490.284530063632,1672.1308913396126,5000.0,0.699999988079071,0.3978766202926636,1.0
1565,9.506130720680579,1396.186563950909,1726.9865532835965,5000.0,0.699999988079071,0.4458909034729004,1.0
1566,8.733810450546398,1326.0887769170251,1671.9826622308801,5000.0,0.699999988079071,0.24461808800697327,1.0
1567,8.457643077116886,1212.7779357869188,1743.0463833685394,5000.0,0.699999988079071,0.2923126518726349,1.0
1568,9.455008850940848,1381.6110680973964,1724.7964340682463,5000.0,0.699999988079071,0.4453107416629791,1.0
1569,11.996783668463713,2093.9533554573877,1671.283515606927,5000.0,0.699999988079071,0.6561874747276306,1.0
1570,10.904164852395583,1863.6494989317216,1736.5246175764971,5000.0,0.699999988079071,0.5987148880958557,1.0
1571,10.533455439101749,1908.055083985337,1676.4761427430346,5000.0,0.699999988079071,0.3496834635734558,1.0
1572,10.302905427250126,1829.1654398177673,1708.5639105246053,5000.0,0.699999988079071,0.39726728200912476,1.0
1573,8.512963903365854,1229.6607350070622,1747.7802752813927,5000.0,0.699999988079071,0.29213088750839233,1.0
1574,8.964417782359396,954.4707596452176,1674.1949254960875,5000.0,0.699999988079071,0.4452299177646637,1.0
1575,10.25872035563975,1818.9014199747642,1707.7265597116707,5000.0,0.699999988079071,0.39678487181663513,1.0
1576,9.929722437721042,1170.52614904518,1675.0063706330225,5000.0,0.699999988079071,0.5979787111282349,1.0
1577,10.706060476700777,1665.5371992719856,1678.4328422689427,5000.0,0.699999988079071,0.5488629937171936,1.0
1578,8.88135609148652,1370.1802236611393,1681.7230374665883,5000.0,0.699999988079071,0.24420692026615143,1.0
1579,6.641465333427885,0.01913759348397359,836.250230687284,5000.0,0.699999988079071,0.13861393928527832,1.0
1580,8.742954049387638,1336.4874434112076,1676.84282107153,5000.0,0.699999988079071,0.2426190972328186,1.0
1581,8.698669130039235,1326.3257316998875,1675.6041279523245,5000.0,0.699999988079071,0.24193789064884186,1.0
1582,7.828896845263749,656.3410924777133,1672.4333600865994,5000.0,0.699999988079071,0.28943726420402527,1.0
1583,10.127198617166423,1789.2561511240328,1706.1483761236925,5000.0,0.699999988079071,0.39570626616477966,1.0
1584,7.8138115244337865,652.6477748093873,1672.014532568848,5000.0,0.699999988079071,0.2889331579208374,1.0
1585,10.087680219768288,1780.3011111245332,1705.3591221018767,5000.0,0.699999988079071,0.3952978253364563,1.0
1586,9.929316194800675,1716.6112729565994,1745.7960256430874,5000.0,0.699999988079071,0.44448161125183105,1.0
1587,11.54547292120053,2212.008190316711,1694.0877187117007,5000.0,0.699999988079071,0.5004040598869324,1.0
1588,8.412764541102893,1216.3813263321194,1746.5330628452664,5000.0,0.699999988079071,0.2891894280910492,1.0
1589,10.08463311339466,1782.4206606163116,1705.8291762929575,5000.0,0.699999988079071,0.39413976669311523,1.0
1590,10.350719542174378,1529.2470519153696,1717.361194862285,5000.0,0.699999988079071,0.5978156328201294,1.0
1591,10.145792944907575,1797.838617618714,1708.0689704636325,5000.0,0.699999988079071,0.39416906237602234,1.0
1592,11.666924695770884,1966.7673496646873,1729.9094985856868,5000.0,0.699999988079071,0.7515814900398254,1.0
1593,9.732324134388927,1502.4400705473556,1679.7110234744553,5000.0,0.699999988079071,0.39442867040634155,1.0
1594,11.944609613493308,2064.871977627975,1704.7097063591561,5000.0,0.699999988079071,0.7018398642539978,1.0
1595,7.827902835493146,660.8643556636292,1672.6907224198271,5000.0,0.699999988079071,0.289072722196579,1.0
1596,11.19886235250064,1966.2445705059124,1710.5397951728066,5000.0,0.699999988079071,0.5477526187896729,1.0
1597,7.822522185947187,658.6931706770686,1672.5150739854919,5000.0,0.699999988079071,0.28871166706085205,1.0
1598,11.947016418184683,2309.4549861667483,1705.5788617261924,5000.0,0.699999988079071,0.5000559091567993,1.0
1599,11.53117699046607,2073.8964945147522,1687.493281995127,5000.0,0.699999988079071,0.49894359707832336,1.0
1600,8.91737839550682,1395.8840174332881,1691.2430901788734,5000.0,0.699999988079071,0.24065998196601868,1.0
1601,12.063923496804508,2339.306741408106,1709.7538900937802,5000.0,0.699999988079071,0.49911776185035706,1.0
1602,10.50308417883392,1890.1329150443028,1722.2174633758962,5000.0,0.699999988079071,0.39397895336151123,1.0
1603,9.888275067229102,1553.2282657856254,1689.7030075956786,5000.0,0.699999988079071,0.39314931631088257,1.0
1604,7.809376837374054,661.677633853764,1672.1109604444923,5000.0,0.699999988079071,0.2883361279964447,1.0
1605,11.32249349271736,2002.0690885537836,1716.874380024405,5000.0,0.699999988079071,0.547034502029419,1.0
1606,8.884092809202235,935.8545287272414,1672.5823690609782,5000.0,0.699999988079071,0.4411768913269043,1.0
1607,9.59074694546273,1435.2574775572418,1742.6176828964872,5000.0,0.699999988079071,0.4419713020324707,1.0
1608,11.948152929429792,2294.290786720754,1736.786336141268,5000.0,0.699999988079071,0.5481057167053223,1.0
1609,8.992261175667489,1421.4789410518158,1697.56672595531,5000.0,0.699999988079071,0.23967032134532928,1.0
1610,7.791628419445188,656.4965699061117,1671.5239316551833,5000.0,0.699999988079071,0.2874384820461273,1.0
1611,9.558516941792925,1427.4551497056307,1741.8032737827361,5000.0,0.699999988079071,0.4413473606109619,1.0
1612,10.460195619321054,1572.6665902388158,1729.395931322838,5000.0,0.699999988079071,0.5942590832710266,1.0
1613,9.923199572047022,1563.838894104295,1692.9936305453812,5000.0,0.699999988079071,0.3918367028236389,1.0
1614,8.591431159697736,1272.8198767299782,1764.784405220303,5000.0,0.699999988079071,0.2882482707500458,1.0
1615,8.553603489179176,1264.3164459848085,1762.9398267022164,5000.0,0.699999988079071,0.28761953115463257,1.0
1616,7.7536007770258335,644.0473809241751,1670.138542047724,5000.0,0.699999988079071,0.2859063744544983,1.0
1617,7.740457058529022,639.3606557081897,1669.6008532643812,5000.0,0.699999988079071,0.28537917137145996,1.0
1618,9.76614534788691,1519.9958271044973,1687.9468555102121,5000.0,0.699999988079071,0.39058569073677063,1.0
1619,7.724115320522548,633.4437040382513,1668.7935703748844,5000.0,0.699999988079071,0.2846461236476898,1.0
1620,10.084698331668667,1765.4704564393335,1760.267525599494,5000.0,0.699999988079071,0.4413517415523529,1.0
1621,10.055726799379864,1758.5609110118346,1759.2516476589585,5000.0,0.699999988079071,0.44053852558135986,1.0
1622,8.756469530049397,1369.1064233826046,1690.8785654712494,5000.0,0.699999988079071,0.2366887778043747,1.0
1623,10.882067858967476,1863.3907069253546,1746.7163045257996,5000.0,0.699999988079071,0.593731701374054,1.0
1624,8.78504098672974,895.1421095729033,1669.146177131033,5000.0,0.699999988079071,0.4378700852394104,1.0
1625,8.777084578639137,889.9787179642568,1668.5685086973078,5000.0,0.699999988079071,0.43710848689079285,1.0
1626,10.35586795884301,1859.351132737789,1722.4629905388829,5000.0,0.699999988079071,0.39140844345092773,1.0
1627,11.201207866792537,1969.3426810462204,1717.247074122271,5000.0,0.699999988079071,0.5444127917289734,1.0
1628,8.844821895542538,1394.2611110398104,1695.7864850645865,5000.0,0.699999988079071,0.23674921691417694,1.0
1629,9.440365599226714,1396.0838969419758,1741.4397282519203,5000.0,0.699999988079071,0.43791571259498596,1.0
1630,8.803874633343394,1385.7542378479309,1694.8861475825063,5000.0,0.699999988079071,0.2361040860414505,1.0
1631,9.731400671420024,1514.2362649145518,1689.5239710778073,5000.0,0.699999988079071,0.38903170824050903,1.0
1632,9.737338229500736,1516.2578504882756,1690.1560892390378,5000.0,0.699999988079071,0.38876163959503174,1.0
1633,9.743244175423575,1518.2651670219625,1690.7863976541698,5000.0,0.699999988079071,0.3884914219379425,1.0
1634,12.013809091985236,2079.015415675215,1715.5676357504083,5000.0,0.699999988079071,0.6972385048866272,1.0
1635,9.841865866887943,1546.3269805289044,1695.208596550712,5000.0,0.699999988079071,0.38836103677749634,1.0
1636,8.897281954301803,1413.9672623226713,1701.2784468277796,5000.0,0.699999988079071,0.23544944822788239,1.0
1637,9.691795010254197,1073.0231034043366,1666.2037232810253,5000.0,0.699999988079071,0.5876451134681702,1.0
1638,10.8706112326508,2013.5268244402105,1702.941750125521,5000.0,0.699999988079071,0.3414006531238556,1.0
1639,7.659375118929393,612.4766327231999,1663.8749092747876,5000.0,0.699999988079071,0.28147971630096436,1.0
1640,11.355164156927401,2010.316845861948,1726.1269804515853,5000.0,0.699999988079071,0.5431463718414307,1.0
1641,12.175162938015218,2122.985931583709,1722.7438004313753,5000.0,0.699999988079071,0.6953192949295044,1.0
1642,12.184452417790782,2352.8810711801184,1750.048957682084,5000.0,0.699999988079071,0.5469454526901245,1.0
1643,11.567311396946101,2066.733869257643,1732.6626217968244,5000.0,0.699999988079071,0.5427588820457458,1.0
1644,7.681262713113341,617.2401143778851,1663.379609544366,5000.0,0.699999988079071,0.2819467782974243,1.0
1645,8.718412563208561,868.3039929198662,1663.1126694187203,5000.0,0.699999988079071,0.43290600180625916,1.0
1646,8.707664508741457,860.7065346685195,1661.829915067566,5000.0,0.699999988079071,0.43214020133018494,1.0
1647,9.602075307475522,1443.6164802806825,1757.8474476836275,5000.0,0.699999988079071,0.43622374534606934,1.0
1648,6.458004714469865,0.010727150903299629,829.7297727166197,5000.0,0.699999988079071,0.12988555431365967,1.0
1649,9.95143407446025,1577.4721313959597,1702.8816017170113,5000.0,0.699999988079071,0.38603076338768005,1.0
1650,9.557665786268542,1431.4971764471466,1756.651677969317,5000.0,0.699999988079071,0.4356076419353485,1.0
1651,10.79607027298694,1693.0568846313138,1698.4172083067062,5000.0,0.699999988079071,0.5367193818092346,1.0
1652,10.817387526667174,1977.6149755757906,1743.1419654862416,5000.0,0.699999988079071,0.3910573124885559,1.0
1653,8.644957881885356,1307.889066252846,1781.8005331045015,5000.0,0.699999988079071,0.28459057211875916,1.0
1654,10.412368333673328,1551.6849002192569,1742.1151397295391,5000.0,0.699999988079071,0.5860475897789001,1.0
1655,9.128261840909202,1480.553978435164,1714.6959777041134,5000.0,0.699999988079071,0.23487825691699982,1.0
1656,7.604738992343257,583.928756986494,1655.8939952177577,5000.0,0.699999988079071,0.2786504328250885,1.0
1657,9.032528129944696,1459.1895701163742,1712.0804991553414,5000.0,0.699999988079071,0.23375657200813293,1.0
1658,12.452895263110086,2435.7143616771914,1730.4342107715704,5000.0,0.699999988079071,0.496346652507782,1.0
1659,6.369050074769366,0.010616122437776349,833.2252894028817,5000.0,0.699999988079071,0.12673123180866241,1.0
1660,9.498993823353949,1418.9158467100376,1756.3568884164113,5000.0,0.699999988079071,0.4342503845691681,1.0
1661,9.860278871691312,1556.4913033758573,1702.9794924930918,5000.0,0.699999988079071,0.38387489318847656,1.0
1662,8.608837355746289,813.8524840511578,1654.5552977417333,5000.0,0.699999988079071,0.428615003824234,1.0
1663,8.559260042425885,1297.0333398565413,1781.0529610975134,5000.0,0.699999988079071,0.28241536021232605,1.0
1664,12.64490503391253,2500.088055739864,1711.0525200457955,5000.0,0.699999988079071,0.4455012083053589,1.0
1665,10.687949092558044,1954.5783032588192,1743.2853344460445,5000.0,0.699999988079071,0.38861316442489624,1.0
1666,6.3075241277247995,0.010600270308444466,835.5044500354483,5000.0,0.699999988079071,0.12464826554059982,1.0
1667,11.388273453210436,2019.9481810148945,1733.679150071523,5000.0,0.699999988079071,0.5402736663818359,1.0
1668,8.916049494790746,1442.9313413250159,1713.1071185803487,5000.0,0.699999988079071,0.23037251830101013,1.0
1669,12.097243417354958,2337.317982551594,1753.8426542474338,5000.0,0.699999988079071,0.5453512072563171,1.0
1670,8.914652734976476,1445.4064246210226,1714.169265322154,5000.0,0.699999988079071,0.22985020279884338,1.0
1671,11.687909904721094,2121.266189985242,1709.3072169464638,5000.0,0.699999988079071,0.4887750446796417,1.0
1672,11.911894678797353,2274.3461857264733,1782.6498198399286,5000.0,0.699999988079071,0.5964547395706177,1.0
1673,11.513124829982477,2056.0434163641353,1738.136673088227,5000.0,0.699999988079071,0.539737343788147,1.0
1674,12.283775726472145,2382.8186812410745,1758.5762216169705,5000.0,0.699999988079071,0.5438523888587952,1.0
1675,10.81842116538597,1991.8813996278425,1748.6697699965805,5000.0,0.699999988079071,0.38659965991973877,1.0
1676,7.523805068415181,586.8744797551367,1655.7192253430387,5000.0,0.699999988079071,0.2766740620136261,1.0
1677,11.187333796764664,1950.3875189594307,1770.5920043374624,5000.0,0.699999988079071,0.5897315740585327,1.0
1678,9.092556871620033,1495.6731341906384,1723.389371079803,5000.0,0.699999988079071,0.22983595728874207,1.0
1679,10.774697559297664,1983.574630971552,1748.250899387134,5000.0,0.699999988079071,0.38577646017074585,1.0
1680,8.580467424156334,827.4908795613607,1655.5643912575563,5000.0,0.699999988079071,0.42940211296081543,1.0
1681,8.547423769065206,1310.319824680297,1783.8400335928209,5000.0,0.699999988079071,0.2792200744152069,1.0
1682,9.481605390899011,1427.7420016777878,1759.1649527847012,5000.0,0.699999988079071,0.43199634552001953,1.0
1683,9.01472430750327,1481.1703254969038,1722.2161121345735,5000.0,0.699999988079071,0.22857312858104706,1.0
1684,10.69213493696678,1966.4686082303497,1747.0680342348535,5000.0,0.699999988079071,0.38482072949409485,1.0
1685,12.613678521202223,2255.257252200331,1713.4213356343391,5000.0,0.699999988079071,0.6423330307006836,1.0
1686,10.403664921438002,1557.3737420723558,1746.3426423516169,5000.0,0.699999988079071,0.5851408839225769,1.0
1687,8.549805107215347,811.7476569563021,1651.5641978300512,5000.0,0.699999988079071,0.4276970326900482,1.0
1688,8.53834300243794,802.63586307683,1649.6441553771092,5000.0,0.699999988079071,0.4269217848777771,1.0
1689,11.729951206641035,2111.483504109144,1747.5901382132854,5000.0,0.699999988079071,0.5378304719924927,1.0
1690,10.134409589670847,1644.6508274627374,1722.0313343121193,5000.0,0.699999988079071,0.38098037242889404,1.0
1691,11.042998715035283,2048.7891120925888,1758.398109614128,5000.0,0.699999988079071,0.38587743043899536,1.0
1692,11.317664322866268,1984.0535617711325,1779.9411207092685,5000.0,0.699999988079071,0.5877819061279297,1.0
1693,9.313104978516263,1558.0636062556084,1735.3116476835546,5000.0,0.699999988079071,0.22922031581401825,1.0
1694,8.629570096348623,1336.4746087296285,1792.395253639928,5000.0,0.699999988079071,0.2785491347312927,1.0
1695,12.47197568489467,2197.263529050356,1742.1130707718057,5000.0,0.699999988079071,0.6896893382072449,1.0
1696,11.223861079640448,1667.8701959047955,1739.7867149907188,5000.0,0.699999988079071,0.7339282035827637,1.0
1697,10.317487260221922,1693.8491502465415,1730.0920649597315,5000.0,0.699999988079071,0.3807559311389923,1.0
1698,11.854318056691334,2264.1962305514803,1741.9664316702097,5000.0,0.699999988079071,0.33630168437957764,1.0
1699,8.739487929352938,1363.6166638494244,1799.5453184126818,5000.0,0.699999988079071,0.2791944146156311,1.0
1700,14.165870852239317,2848.5889331849435,1779.8926738344749,5000.0,0.699999988079071,0.6982371211051941,1.0
1701,11.295927186231339,2110.270250332564,1766.3536274283038,5000.0,0.699999988079071,0.38498765230178833,1.0
1702,6.2511570442139455,0.00937192912763369,839.9589607554075,5000.0,0.699999988079071,0.12257421761751175,1.0
1703,9.390183701898556,1584.7103148668473,1741.517969729636,5000.0,0.699999988079071,0.2280147522687912,1.0
1704,11.316242188076938,1986.9232478675797,1781.4553894203932,5000.0,0.699999988079071,0.5858622193336487,1.0
1705,13.38649986101107,2555.469511165869,1766.5941048179038,5000.0,0.699999988079071,0.6920486092567444,1.0
1706,10.372716353296662,1715.8850412230859,1734.8671545907544,5000.0,0.699999988079071,0.38041892647743225,1.0
1707,8.681341856369047,1353.3835541327805,1797.6508052694628,5000.0,0.699999988079071,0.2772360146045685,1.0
1708,6.202398685554273,0.00936666204514162,841.9087968322568,5000.0,0.699999988079071,0.12104923278093338,1.0
1709,13.329954316148145,2541.620101940003,1765.784856535872,5000.0,0.699999988079071,0.6916581988334656,1.0
1710,9.465730166499851,1607.9240675746512,1746.149481370211,5000.0,0.699999988079071,0.22752109169960022,1.0
1711,11.174589836315263,2087.8367389344694,1765.2487777876345,5000.0,0.699999988079071,0.38258227705955505,1.0
1712,9.401391810212655,1595.7424695200675,1745.3307584458203,5000.0,0.699999988079071,0.22650054097175598,1.0
1713,7.390548961064286,558.3638828805521,1644.5832160788227,5000.0,0.699999988079071,0.27221229672431946,1.0
1714,12.57116381011881,2224.8295933879217,1747.9528745086186,5000.0,0.699999988079071,0.6884914040565491,1.0
1715,6.147039833268514,0.009396097595236854,843.8473472630385,5000.0,0.699999988079071,0.11933650821447372,1.0
1716,10.205621615940661,1677.3899583743296,1732.639266886981,5000.0,0.699999988079071,0.3783770501613617,1.0
1717,10.384454503581651,1554.3873155562035,1753.4421603510716,5000.0,0.699999988079071,0.580702006816864,1.0
1718,10.277352792696288,1695.2404356999023,1735.71761366286,5000.0,0.699999988079071,0.37816959619522095,1.0
1719,10.28400200621584,1697.1602343511897,1736.4541747437095,5000.0,0.699999988079071,0.3778940737247467,1.0
1720,11.98731890438262,2180.7553627514912,1761.168991866337,5000.0,0.699999988079071,0.534400224685669,1.0
1721,10.347080209204467,1714.120777023229,1739.4966638507292,5000.0,0.699999988079071,0.3776791989803314,1.0
1722,8.412449577648545,756.6603985839002,1635.9502913739286,5000.0,0.699999988079071,0.42256221175193787,1.0
1723,11.35773759562138,2134.130165144321,1773.7707282646306,5000.0,0.699999988079071,0.3822464942932129,1.0
1724,8.673048526755622,1367.3989599290544,1803.1788039680855,5000.0,0.699999988079071,0.27490150928497314,1.0
1725,11.925235458792717,2293.7433053871323,1752.133032331551,5000.0,0.699999988079071,0.3317924737930298,1.0
1726,7.327015571437658,529.916206516884,1634.4157495898053,5000.0,0.699999988079071,0.26967018842697144,1.0
1727,9.557057938713578,1462.4699573132843,1777.254399326066,5000.0,0.699999988079071,0.4264623522758484,1.0
1728,12.594547080149386,2351.7400396982375,1746.0687712523238,5000.0,0.699999988079071,0.4835749864578247,1.0
1729,8.664461474743213,1371.8338376697398,1804.3928007404945,5000.0,0.699999988079071,0.27407920360565186,1.0
1730,12.610045550387724,2356.327450726093,1747.253126230453,5000.0,0.699999988079071,0.48318102955818176,1.0
1731,11.355270924348751,2138.9110226648604,1776.2514735426116,5000.0,0.699999988079071,0.3807844817638397,1.0
1732,11.349091461812826,2138.334022037303,1776.3050616817598,5000.0,0.699999988079071,0.3804607391357422,1.0
1733,12.698498713640356,2379.809835812808,1750.7262692807071,5000.0,0.699999988079071,0.48261457681655884,1.0
1734,10.396134871197532,1734.5230703433865,1746.8540992467065,5000.0,0.699999988079071,0.3754650950431824,1.0
1735,9.541880272698846,1649.1928573863618,1760.2302119795495,5000.0,0.699999988079071,0.22249509394168854,1.0
1736,10.481200477535568,1583.6623353650282,1764.3137446073106,5000.0,0.699999988079071,0.5793085694313049,1.0
1737,10.488868001594826,1584.6997553478002,1765.8194870710688,5000.0,0.699999988079071,0.578522264957428,1.0
1738,12.2803088285117,2254.5139331790774,1774.2731981327292,5000.0,0.699999988079071,0.5325998067855835,1.0
1739,9.710965074065872,1689.747408477754,1766.2615923797969,5000.0,0.699999988079071,0.22316864132881165,1.0
1740,14.700879537883718,2969.9910396883506,1796.9160225043609,5000.0,0.699999988079071,0.695800244808197,1.0
1741,9.755218066682835,1702.2517447607665,1768.5703508347556,5000.0,0.699999988079071,0.22302398085594177,1.0
1742,8.741864127008753,1400.2813431871887,1810.8390386545361,5000.0,0.699999988079071,0.27293890714645386,1.0
1743,12.258674836816855,2252.302158713087,1774.247688353838,5000.0,0.699999988079071,0.5320724844932556,1.0
1744,11.593604652397335,2199.155526984831,1785.172198892965,5000.0,0.699999988079071,0.37918615341186523,1.0
1745,13.219121276756912,2609.7892352344206,1792.4004271717245,5000.0,0.699999988079071,0.5360137820243835,1.0
1746,13.248290638421409,2616.810578693618,1792.8573938472382,5000.0,0.699999988079071,0.5353623628616333,1.0
1747,7.278613771777054,536.2429689483233,1632.5374135943996,5000.0,0.699999988079071,0.26864033937454224,1.0
1748,8.682994824530342,1388.7679662216694,1808.4870966004107,5000.0,0.699999988079071,0.27140137553215027,1.0
1749,10.54265115182916,1781.3554344787954,1756.4238691155585,5000.0,0.699999988079071,0.37472039461135864,1.0
1750,12.300710094899376,2265.532235816855,1776.1875001138512,5000.0,0.699999988079071,0.5312674045562744,1.0
1751,12.462647062371415,2428.195026564744,1773.0990249767624,5000.0,0.699999988079071,0.3280187249183655,1.0
1752,5.968039582156299,0.009195290809893102,849.9993950132148,5000.0,0.699999988079071,0.11407259106636047,1.0
1753,5.928713829064878,0.009409942403602486,850.9533684569526,5000.0,0.699999988079071,0.11294125020503998,1.0
1754,8.300944032242306,739.375648798749,1629.8319182724335,5000.0,0.699999988079071,0.4206140339374542,1.0
1755,11.440580039623914,2026.91922874434,1794.1229280007763,5000.0,0.699999988079071,0.5812726020812988,1.0
1756,7.196244820819516,513.6983299549703,1626.126342033965,5000.0,0.699999988079071,0.2660304009914398,1.0
1757,10.438014165116428,1756.1109479631377,1755.9366567896705,5000.0,0.699999988079071,0.37288886308670044,1.0
1758,7.176480432154679,504.7785964332226,1623.2514624795547,5000.0,0.699999988079071,0.2652764916419983,1.0
1759,11.430503495928939,2169.5390371193607,1784.816910713399,5000.0,0.699999988079071,0.3763428330421448,1.0
1760,12.172953148190267,2233.659273028437,1775.790453243985,5000.0,0.699999988079071,0.5301246047019958,1.0
1761,11.493817075927428,2184.768852656989,1786.727987119459,5000.0,0.699999988079071,0.3760932981967926,1.0
1762,7.158369711161349,504.5018617468156,1622.7915138157707,5000.0,0.699999988079071,0.26483920216560364,1.0
1763,12.207880751551214,2376.7896838426477,1771.3357412275618,5000.0,0.699999988079071,0.3252706527709961,1.0
1764,9.533516675312564,1476.2448514993414,1784.3351713553645,5000.0,0.699999988079071,0.42236414551734924,1.0
1765,8.569131630922247,1381.3769354089918,1808.9734844202026,5000.0,0.699999988079071,0.2678270936012268,1.0
1766,11.39839470077342,2166.490134015028,1785.4945704277147,5000.0,0.699999988079071,0.37484997510910034,1.0
1767,12.151712636662948,2230.8790114826857,1776.400855583859,5000.0,0.699999988079071,0.5294182300567627,1.0
1768,13.80156072628883,2766.770851717483,1782.6870189835051,5000.0,0.699999988079071,0.48224782943725586,1.0
1769,5.805066096655115,0.009755659814975682,854.623072322108,5000.0,0.699999988079071,0.10944429039955139,1.0
1770,11.409265403331311,2171.95990194269,1786.607370391655,5000.0,0.699999988079071,0.3739115595817566,1.0
1771,13.730548223871489,2753.006689916278,1782.0857588006495,5000.0,0.699999988079071,0.481219083070755,1.0
1772,12.26061925067096,2395.6641519628097,1775.8430349854461,5000.0,0.699999988079071,0.3227994441986084,1.0
1773,13.831288276159516,2777.1609796274465,1784.7169294873356,5000.0,0.699999988079071,0.480452299118042,1.0
1774,12.339298653298497,2415.578413483942,1778.6406732304893,5000.0,0.699999988079071,0.3218483626842499,1.0
1775,13.062977775622818,2481.463292821996,1772.0056484022025,5000.0,0.699999988079071,0.4774390459060669,1.0
1776,12.43260196285003,2438.802541460289,1781.7242594757781,5000.0,0.699999988079071,0.3209708034992218,1.0
1777,7.096318478615864,526.4886846255483,1628.2268657941293,5000.0,0.699999988079071,0.26377543807029724,1.0
1778,9.6046240422182,1511.8600190165398,1788.0562101152,5000.0,0.699999988079071,0.4222967028617859,1.0
1779,9.592848139925177,1508.2773292125946,1787.8968281460448,5000.0,0.699999988079071,0.4219974875450134,1.0
1780,9.65018376089538,1719.6080604036863,1782.1637460091258,5000.0,0.699999988079071,0.21362945437431335,1.0
1781,10.489162021856322,1789.9768396993998,1766.762915069664,5000.0,0.699999988079071,0.36934351921081543,1.0
1782,7.052857106248274,511.0058304930551,1623.2899423517356,5000.0,0.699999988079071,0.26233169436454773,1.0
1783,15.411201627137029,3150.455574795474,1794.9611240800102,5000.0,0.699999988079071,0.6386013031005859,1.0
1784,5.678988734540977,0.010168783710455829,857.6928076552762,5000.0,0.699999988079071,0.1061549112200737,1.0
1785,9.554727914296164,1501.757581632454,1787.5264444445536,5000.0,0.699999988079071,0.42120131850242615,1.0
1786,15.23788543046797,3027.166666273298,1778.1358002733855,5000.0,0.699999988079071,0.5827988982200623,1.0
1787,8.645766946901459,1426.6550547092525,1816.665072091817,5000.0,0.699999988079071,0.26494255661964417,1.0
1788,5.635910971497397,0.010430072477268303,858.6843564580089,5000.0,0.699999988079071,0.10499843209981918,1.0
1789,5.597281284757196,0.01555992864498304,875.7803602958319,5000.0,0.699999988079071,0.10394315421581268,1.0
1790,11.196818096307897,1836.51573630973,1753.528068127485,5000.0,0.699999988079071,0.5251123905181885,1.0
1791,6.98341986105993,497.8551797863296,1618.9892546981655,5000.0,0.699999988079071,0.2602996826171875,1.0
1792,10.721707257554764,1995.1086079176205,1814.0306717965059,5000.0,0.699999988079071,0.4234635531902313,1.0
1793,11.22633195508118,1842.6399000496424,1755.710700915766,5000.0,0.699999988079071,0.5244706273078918,1.0
1794,9.535909733277435,1498.399747530163,1790.3928124894612,5000.0,0.699999988079071,0.41980206966400146,1.0
1795,8.130145898184871,688.6552845924182,1614.5680062671815,5000.0,0.699999988079071,0.4162002503871918,1.0
1796,9.537179358157664,1496.5340272114788,1792.193343195287,5000.0,0.699999988079071,0.41922783851623535,1.0
1797,12.374857286621275,2291.707816160502,1789.63824392889,5000.0,0.699999988079071,0.5265982151031494,1.0
1798,12.521062654593981,2467.5195937537974,1789.3432719841994,5000.0,0.699999988079071,0.31826865673065186,1.0
1799,11.701632475934616,2254.6696551349028,1801.3951591376208,5000.0,0.699999988079071,0.3702368140220642,1.0
1800,11.6952442466494,2254.004195513517,1801.3834744836674,5000.0,0.699999988079071,0.3699181079864502,1.0
1801,14.805708698528603,2908.363050543767,1792.0196275420803,5000.0,0.699999988079071,0.6337854266166687,1.0
1802,9.596254437745387,1517.1472653495227,1794.9891959107806,5000.0,0.699999988079071,0.41908085346221924,1.0
1803,11.821122509745484,2283.8755535022547,1804.9268787479443,5000.0,0.699999988079071,0.36971357464790344,1.0
1804,6.951695170627075,486.36155279837715,1611.7726768279558,5000.0,0.699999988079071,0.25926893949508667,1.0
1805,12.528017777144703,2333.041408473381,1794.9843092343635,5000.0,0.699999988079071,0.5258272290229797,1.0
1806,5.548992311309585,0.015468954634834728,877.8997496497321,5000.0,0.699999988079071,0.10262943059206009,1.0
1807,12.491003244205261,2324.091729370524,1794.4840575339572,5000.0,0.699999988079071,0.5256068706512451,1.0
1808,9.556043836544971,1507.9416969587378,1794.8231076310462,5000.0,0.699999988079071,0.4180143177509308,1.0
1809,6.91965644930402,473.2461992297093,1606.7546607016232,5000.0,0.699999988079071,0.25819626450538635,1.0
1810,9.530365032818807,1500.176715278393,1794.8755449648563,5000.0,0.699999988079071,0.41743922233581543,1.0
1811,12.527255681688336,2331.9200096872,1796.4859734541703,5000.0,0.699999988079071,0.5249802470207214,1.0
1812,13.56711765248754,2705.1730135175485,1811.247149256213,5000.0,0.699999988079071,0.5281103253364563,1.0
1813,10.752991363957923,1869.3442466283827,1786.539105771474,5000.0,0.699999988079071,0.36561426520347595,1.0
1814,14.243105336744389,2661.824548020055,1788.1473259739194,5000.0,0.699999988079071,0.6293423175811768,1.0
1815,8.66333760839369,1446.6979843588454,1825.2456887632582,5000.0,0.699999988079071,0.26150819659233093,1.0
1816,10.827210044163234,1889.3229924611492,1790.288348199347,5000.0,0.699999988079071,0.3651229739189148,1.0
1817,9.985050545235694,1828.5896375712018,1805.0633345639785,5000.0,0.699999988079071,0.2089959681034088,1.0
1818,10.890898992327587,2040.3375096326506,1824.1237719151363,5000.0,0.699999988079071,0.4202146530151367,1.0
1819,10.788984132263412,1881.6110910478576,1790.021743678341,5000.0,0.699999988079071,0.36467698216438293,1.0
1820,12.969875800317025,2580.7827291406857,1805.1920097622888,5000.0,0.699999988079071,0.31568875908851624,1.0
1821,8.607957635683933,1442.4203220128356,1824.1362894971267,5000.0,0.699999988079071,0.25997036695480347,1.0
1822,12.890695658519295,2564.3090386092144,1804.3849664371407,5000.0,0.699999988079071,0.3147137761116028,1.0
1823,12.882898820456518,2563.760192030152,1804.788220350436,5000.0,0.699999988079071,0.3140404224395752,1.0
1824,8.032525253028705,663.9478792133597,1603.231161760027,5000.0,0.699999988079071,0.41355282068252563,1.0
1825,11.728420171723604,2111.5951876781546,1813.0119794281895,5000.0,0.699999988079071,0.57674640417099,1.0
1826,9.581954197968598,1521.9275984322676,1800.6944629471716,5000.0,0.699999988079071,0.415963739156723,1.0
1827,14.696109821477755,2985.8073870699864,1813.235549937258,5000.0,0.699999988079071,0.4742564558982849,1.0
1828,6.845575072836426,462.0757148491745,1599.014846214931,5000.0,0.699999988079071,0.2561424970626831,1.0
1829,6.831884479570579,455.25861409993337,1596.647443687291,5000.0,0.699999988079071,0.2556447684764862,1.0
1830,9.563506459602015,1517.521541692067,1801.4783958389546,5000.0,0.699999988079071,0.4152648448944092,1.0
1831,10.827863364869357,1896.7196515531778,1795.8225018172632,5000.0,0.699999988079071,0.36275380849838257,1.0
1832,9.014660424866344,767.9884920908047,1591.9081542642116,5000.0,0.699999988079071,0.5678159594535828,1.0
1833,15.491473132829357,3068.5069992538515,1812.8150228128757,5000.0,0.699999988079071,0.6305249929428101,1.0
1834,10.521876154535704,1603.461155970831,1789.7949524999945,5000.0,0.699999988079071,0.5702850818634033,1.0
1835,10.2791539827276,1911.10269744981,1819.4671218287183,5000.0,0.699999988079071,0.20751497149467468,1.0
1836,11.045146536330204,1951.3854177905355,1805.0352636704092,5000.0,0.699999988079071,0.36214759945869446,1.0
1837,13.711024814162657,2504.327220294875,1808.9540389547067,5000.0,0.699999988079071,0.6774441599845886,1.0
1838,11.948205995046733,2161.5732771026146,1825.9664110270062,5000.0,0.699999988079071,0.5742029547691345,1.0
1839,11.915905182355989,2153.4357248725855,1825.194240477087,5000.0,0.699999988079071,0.5733471512794495,1.0
1840,9.68765856915014,1543.484421071604,1813.3094942834184,5000.0,0.699999988079071,0.4136260151863098,1.0
1841,10.521707836483516,1970.4316356132936,1827.6012255832713,5000.0,0.699999988079071,0.2083270102739334,1.0
1842,13.199933611106125,2499.472913496534,1821.7665275393379,5000.0,0.699999988079071,0.5212604403495789,1.0
1843,11.119143362855427,2096.635568245627,1836.4867166586394,5000.0,0.699999988079071,0.41764596104621887,1.0
1844,12.54048042226272,2464.228107049499,1830.8348842620826,5000.0,0.699999988079071,0.3662624955177307,1.0
1845,10.507851424008518,1970.951878624766,1828.7645584029008,5000.0,0.699999988079071,0.20746871829032898,1.0
1846,15.020967930002216,2854.2603466167243,1815.41866709936,5000.0,0.699999988079071,0.6252092719078064,1.0
1847,8.754262558448529,1484.7265493022544,1837.1246369565097,5000.0,0.699999988079071,0.25828981399536133,1.0
1848,9.636714866250431,1534.356789876834,1811.8678412993033,5000.0,0.699999988079071,0.41253331303596497,1.0
1849,9.621317344492223,1529.532661429836,1811.597438641226,5000.0,0.699999988079071,0.41222304105758667,1.0
1850,9.605925124254618,1524.6965445100225,1811.3216942323795,5000.0,0.699999988079071,0.4119129776954651,1.0
1851,10.444288210986304,1576.4330130965054,1792.1855030126965,5000.0,0.699999988079071,0.566217839717865,1.0
1852,12.164963612209796,2097.956415828974,1811.8783363632374,5000.0,0.699999988079071,0.5157625675201416,1.0
1853,13.418929089987783,2553.2274503440913,1830.1148157624668,5000.0,0.699999988079071,0.5196752548217773,1.0
1854,12.814136618528162,2530.1574002038565,1839.2978403759369,5000.0,0.699999988079071,0.3659990429878235,1.0
1855,8.731931521891,1478.458631364994,1838.120282003232,5000.0,0.699999988079071,0.25736698508262634,1.0
1856,6.770469250750614,387.7776087563149,1563.7031397586422,5000.0,0.699999988079071,0.25286903977394104,1.0
1857,9.593408655035827,1518.4423448556113,1814.2975194227708,5000.0,0.699999988079071,0.4104776084423065,1.0
1858,9.577769456113153,1513.4864206834295,1813.992568429295,5000.0,0.699999988079071,0.4101681411266327,1.0
1859,14.404920958932943,2903.8412397413504,1837.2002292685086,5000.0,0.699999988079071,0.522665798664093,1.0
1860,10.389556118571344,1555.2594954926442,1793.407462246753,5000.0,0.699999988079071,0.5637241005897522,1.0
1861,12.799361711164648,2528.9556786478743,1840.221752742478,5000.0,0.699999988079071,0.3647790551185608,1.0
1862,13.443106415655036,2560.712533163136,1832.5659379214826,5000.0,0.699999988079071,0.5182397961616516,1.0
1863,9.549097647607747,1504.7432848498265,1813.1482577994846,5000.0,0.699999988079071,0.40923482179641724,1.0
1864,16.015678813961614,3293.0896086806843,1843.5516891844463,5000.0,0.699999988079071,0.4733588695526123,1.0
1865,13.533936495264442,2584.7946465455193,1835.4012410293897,5000.0,0.699999988079071,0.517856240272522,1.0
1866,8.63698222417842,1455.8173905855913,1835.1947366636914,5000.0,0.699999988079071,0.25545060634613037,1.0
1867,10.95499019813559,2089.758940731727,1847.0754513443228,5000.0,0.699999988079071,0.20708665251731873,1.0
1868,15.060196858405943,2973.1354904955256,1840.5573449792364,5000.0,0.699999988079071,0.46941423416137695,1.0
1869,11.69115456268741,2126.5178796918804,1836.3190033065039,5000.0,0.699999988079071,0.36033058166503906,1.0
1870,9.568374592170557,1514.3306116696235,1815.4441829731834,5000.0,0.699999988079071,0.4086727201938629,1.0
1871,15.161696539742199,2998.0503039283794,1843.605959337794,5000.0,0.699999988079071,0.4687840938568115,1.0
1872,9.599951878522743,1522.6434247614852,1817.97072335051,5000.0,0.699999988079071,0.4085271954536438,1.0
1873,11.769894337488358,2146.9367011005397,1840.30581537083,5000.0,0.699999988079071,0.3597536087036133,1.0
1874,14.669451303970266,2991.384099742878,1851.708009099,5000.0,0.699999988079071,0.3144826889038086,1.0
1875,11.748395364825946,2142.800561225089,1840.5885299169308,5000.0,0.699999988079071,0.35914182662963867,1.0
1876,8.721403382369736,1488.994617695227,1842.1355290106242,5000.0,0.699999988079071,0.2545138895511627,1.0
1877,14.563156145888792,2968.3015725766477,1850.9388737494692,5000.0,0.699999988079071,0.3131168484687805,1.0
1878,15.125751731366377,2991.0042607483747,1845.579509856498,5000.0,0.699999988079071,0.46676555275917053,1.0
1879,10.507079755226172,1590.7614870040009,1805.548138593591,5000.0,0.699999988079071,0.5624300837516785,1.0
1880,11.041018732008926,2120.1327875420598,1854.6042585368582,5000.0,0.699999988079071,0.2045409083366394,1.0
1881,9.666145777103823,1545.0618100359409,1824.435869166092,5000.0,0.699999988079071,0.4078874886035919,1.0
1882,10.98328772638848,2108.1079257746337,1853.9254544165658,5000.0,0.699999988079071,0.20386645197868347,1.0
1883,15.138374942315721,2993.5098632301588,1847.759796666006,5000.0,0.699999988079071,0.4658988118171692,1.0
1884,14.584364786424784,2975.7554878210112,1854.303835140006,5000.0,0.699999988079071,0.3113558292388916,1.0
1885,8.782764523119976,1515.7394335417268,1847.0806762156042,5000.0,0.699999988079071,0.2534748613834381,1.0
1886,5.20089729429006,0.016263379587858985,892.6023645931447,5000.0,0.699999988079071,0.09403225779533386,1.0
1887,5.162254724772591,0.016737795155082176,893.7620459379389,5000.0,0.699999988079071,0.09304202347993851,1.0
1888,10.630099014120404,2031.2660833098676,1847.974920941722,5000.0,0.699999988079071,0.20044764876365662,1.0
1889,6.577479087251919,346.67975405236695,1542.0031316922398,5000.0,0.699999988079071,0.24712803959846497,1.0
1890,15.680623437890983,3220.0370524308364,1845.7857590234867,5000.0,0.699999988079071,0.46820712089538574,1.0
1891,12.122920767561006,2086.0217310758135,1826.3304824752563,5000.0,0.699999988079071,0.5112733840942383,1.0
1892,9.633499817678535,1544.7510119532078,1826.0384333095233,5000.0,0.699999988079071,0.40675660967826843,1.0
1893,11.448340517845384,2071.135023974339,1839.8832804263436,5000.0,0.699999988079071,0.3551423251628876,1.0
1894,10.645451047621526,2038.3403273882996,1850.7262664269385,5000.0,0.699999988079071,0.19959352910518646,1.0
1895,13.42206109753142,2556.5776905846515,1841.8459793173126,5000.0,0.699999988079071,0.5149949193000793,1.0
1896,10.631415223397578,2036.4518247166486,1851.2623034650667,5000.0,0.699999988079071,0.1991642415523529,1.0
1897,12.139458317180873,2087.487405951442,1830.052893823502,5000.0,0.699999988079071,0.5100501775741577,1.0
1898,8.732622233728355,1521.459371630412,1849.4091077632609,5000.0,0.699999988079071,0.2509017288684845,1.0
1899,12.160800692365523,2091.5982219568978,1831.8482881387151,5000.0,0.699999988079071,0.5096027255058289,1.0
1900,7.751967446979079,445.7023596596177,1524.3279881778792,5000.0,0.699999988079071,0.4002928137779236,1.0
1901,12.25642926169906,2112.852593051649,1836.7590313578062,5000.0,0.699999988079071,0.5083755254745483,1.0
1902,13.681024990259045,2615.8086571863655,1851.0297061736583,5000.0,0.699999988079071,0.5143641233444214,1.0
1903,12.193786478587052,2217.0057782229396,1848.0831709659387,5000.0,0.699999988079071,0.5660418272018433,1.0
1904,11.688628681009174,2130.520533453346,1851.8705070812941,5000.0,0.699999988079071,0.35384923219680786,1.0
1905,14.584838920177283,2980.805465496176,1861.152412214965,5000.0,0.699999988079071,0.30857035517692566,1.0
1906,17.459736579146337,3642.632754391518,1861.060328684223,5000.0,0.699999988079071,0.41669946908950806,1.0
1907,5.05844677002651,0.017642527201436786,896.8764304852132,5000.0,0.699999988079071,0.09053875505924225,1.0
1908,11.552620940996952,2098.1723216519877,1849.939133824335,5000.0,0.699999988079071,0.35271844267845154,1.0
1909,9.833835867055926,1598.0007078420067,1843.6682978391898,5000.0,0.699999988079071,0.4052585959434509,1.0
1910,13.051414943419434,2604.2607895506317,1860.0050722061992,5000.0,0.699999988079071,0.35912051796913147,1.0
1911,13.024407372135888,2598.5696533241717,1859.6362775478894,5000.0,0.699999988079071,0.3587757647037506,1.0
1912,10.737389807362476,2069.622467176523,1860.1255584803837,5000.0,0.699999988079071,0.19737425446510315,1.0
1913,6.486880285094848,296.1461889936386,1512.1361225882606,5000.0,0.699999988079071,0.24336926639080048,1.0
1914,11.453229986786571,2074.5566804594137,1849.518009743791,5000.0,0.699999988079071,0.35167965292930603,1.0
1915,4.937132204546296,0.023786942335457285,911.284656092017,5000.0,0.699999988079071,0.08757305145263672,1.0
1916,6.457261704780068,285.42143611182405,1506.038849918478,5000.0,0.699999988079071,0.24214071035385132,1.0
1917,11.406225659519752,2192.0346737458135,1856.91809998049,5000.0,0.699999988079071,0.4105289578437805,1.0
1918,17.44358100409799,3609.442539827586,1856.4746251544072,5000.0,0.699999988079071,0.6280817985534668,1.0
1919,12.17899278645044,2091.7696587703203,1841.5150389990683,5000.0,0.699999988079071,0.5070618391036987,1.0
1920,9.736968464010216,1576.3880314953853,1841.3974440473842,5000.0,0.699999988079071,0.40352150797843933,1.0
1921,14.305536321271312,2920.9020191531126,1862.063066436041,5000.0,0.699999988079071,0.3048863708972931,1.0
1922,11.407224837562755,2192.154817596958,1856.9832434845323,5000.0,0.699999988079071,0.40936294198036194,1.0
1923,10.642821664705927,2055.0547508365257,1861.9194772393555,5000.0,0.699999988079071,0.19525474309921265,1.0
1924,8.689028225475617,1531.9759996059377,1853.725799775943,5000.0,0.699999988079071,0.24695219099521637,1.0
1925,6.412660301426587,285.52429273015787,1505.6753280654686,5000.0,0.699999988079071,0.24132342636585236,1.0
1926,12.007415414481638,2174.542683754361,1843.903349661487,5000.0,0.699999988079071,0.5639272332191467,1.0
1927,9.589507325781554,1539.9966943428033,1834.993698316161,5000.0,0.699999988079071,0.40201467275619507,1.0
1928,14.862135977010757,2923.5405176542936,1858.50938800531,5000.0,0.699999988079071,0.46011295914649963,1.0
1929,15.999376793622016,3295.441675716819,1861.8743247992222,5000.0,0.699999988079071,0.4649959206581116,1.0
1930,11.477558200226875,2086.095459592903,1856.1012468803594,5000.0,0.699999988079071,0.3503643572330475,1.0
1931,8.671115556404533,1530.3350885090836,1854.2147910749518,5000.0,0.699999988079071,0.24601568281650543,1.0
1932,14.702789353675406,2980.6302863574983,1858.2327716109248,5000.0,0.699999988079071,0.5159010887145996,1.0
1933,14.285130633325377,2919.9475663874127,1865.8114244213843,5000.0,0.699999988079071,0.30328452587127686,1.0
1934,6.382474347634362,283.4083383842015,1503.3674390465053,5000.0,0.699999988079071,0.2407616674900055,1.0
1935,4.767000838684795,0.03767859413784732,929.224594769731,5000.0,0.699999988079071,0.08382333070039749,1.0
1936,6.3570496670244285,276.40154664476415,1499.4252484449698,5000.0,0.699999988079071,0.23979786038398743,1.0
1937,9.5559419142895,1536.4197999499613,1835.3216814986658,5000.0,0.699999988079071,0.40090125799179077,1.0
1938,7.643855976495794,378.43707586119746,1494.0216756267275,5000.0,0.699999988079071,0.39596784114837646,1.0
1939,4.714706879954761,0.04121979439211612,932.6657652472009,5000.0,0.699999988079071,0.08256587386131287,1.0
1940,11.90646660751668,2148.1046991621456,1843.1736229235867,5000.0,0.699999988079071,0.5618724822998047,1.0
1941,10.495679354738732,2032.899547863438,1864.5524151355035,5000.0,0.699999988079071,0.1920394003391266,1.0
1942,10.429917900272894,2018.794608868656,1863.446032079587,5000.0,0.699999988079071,0.19144265353679657,1.0
1943,8.455044377476924,1493.6479206573435,1848.5227497406017,5000.0,0.699999988079071,0.24255262315273285,1.0
1944,9.44689691266944,1508.2963667103982,1832.0333304093508,5000.0,0.699999988079071,0.39939337968826294,1.0
1945,6.303095404179493,254.3952244883862,1485.6803650642814,5000.0,0.699999988079071,0.23757825791835785,1.0
1946,11.205663947482353,2018.9362756401395,1854.4096984690932,5000.0,0.699999988079071,0.34760719537734985,1.0
1947,14.57692506003122,2852.673787333228,1859.3465372650107,5000.0,0.699999988079071,0.4579029381275177,1.0
1948,12.593639664237207,2512.5131335498227,1859.568682695766,5000.0,0.699999988079071,0.35225725173950195,1.0
1949,4.589598008539029,0.05102368931162957,941.4251193635924,5000.0,0.699999988079071,0.07975555956363678,1.0
1950,11.15740355698234,2008.0301409076285,1854.6987180900744,5000.0,0.699999988079071,0.3468538522720337,1.0
1951,7.614473743889381,343.4462911591537,1477.3345014983145,5000.0,0.699999988079071,0.3937011957168579,1.0
1952,9.511146484174105,1524.685656145887,1839.3652961702421,5000.0,0.699999988079071,0.39841756224632263,1.0
1953,15.672965585304757,3222.0726768138193,1862.672855516822,5000.0,0.699999988079071,0.46244218945503235,1.0
1954,13.956375488471517,2850.1852540407235,1866.4049937931595,5000.0,0.699999988079071,0.2997775971889496,1.0
1955,11.225336268945735,2026.045931372223,1858.7262015384729,5000.0,0.699999988079071,0.34624457359313965,1.0
1956,10.497394194608551,1560.104710256746,1830.2412906492227,5000.0,0.699999988079071,0.5556224584579468,1.0
1957,11.98895118663124,2166.1590122533917,1849.1702975898104,5000.0,0.699999988079071,0.5604058504104614,1.0
1958,8.48407977143394,1507.8280481639317,1853.631058781155,5000.0,0.699999988079071,0.24100100994110107,1.0
1959,9.48379409334208,1516.9359876172136,1839.246706019473,5000.0,0.699999988079071,0.39732420444488525,1.0
1960,10.501669002670452,2045.6516187006016,1871.1893371705569,5000.0,0.699999988079071,0.18942518532276154,1.0
1961,11.835038796094205,2127.756228016744,1844.4966193271857,5000.0,0.699999988079071,0.5588488578796387,1.0
1962,14.18789572888152,2904.562432624915,1872.4325990829768,5000.0,0.699999988079071,0.3001832067966461,1.0
1963,13.417154635187027,2551.5638018206837,1860.4399473837962,5000.0,0.699999988079071,0.5076266527175903,1.0
1964,11.416880275493831,2075.73675550064,1867.1043975168182,5000.0,0.699999988079071,0.3460286855697632,1.0
1965,12.749374746849245,2552.4022275324164,1866.782490495834,5000.0,0.699999988079071,0.350515753030777,1.0
1966,11.003764871970517,2113.247816121156,1850.958012447,5000.0,0.699999988079071,0.40087589621543884,1.0
1967,6.239263741495491,225.93531428190013,1463.505016270733,5000.0,0.699999988079071,0.2351045161485672,1.0
1968,9.401441338104801,1496.6024476735247,1836.2211143980946,5000.0,0.699999988079071,0.39590469002723694,1.0
1969,11.425814990346018,2078.8465972279714,1869.0589821421138,5000.0,0.699999988079071,0.3456466495990753,1.0
1970,12.251317339402465,2098.2325302680883,1863.8247753871628,5000.0,0.699999988079071,0.502497673034668,1.0
1971,18.786113189570596,3925.3884817488297,1874.858747614993,5000.0,0.699999988079071,0.5723831653594971,1.0
1972,10.676672222396286,2091.980266919711,1879.3983457924467,5000.0,0.699999988079071,0.18870408833026886,1.0
1973,16.68188224491925,3331.647216918059,1871.54709727435,5000.0,0.699999988079071,0.6175875663757324,1.0
1974,10.69795400999849,2098.017562062144,1880.6815208564344,5000.0,0.699999988079071,0.1884433627128601,1.0
1975,11.504838484947205,2101.396346082523,1873.4842059065306,5000.0,0.699999988079071,0.3449092507362366,1.0
1976,9.553419201279457,1539.565089799657,1845.8753648170932,5000.0,0.699999988079071,0.39579468965530396,1.0
1977,9.534598489356853,1533.6191343400137,1845.3576783983326,5000.0,0.699999988079071,0.3954786956310272,1.0
1978,11.094712613678617,2135.781001193463,1855.2912634910413,5000.0,0.699999988079071,0.3997185230255127,1.0
1979,14.483788818307193,2977.0613166292546,1882.5442625611936,5000.0,0.699999988079071,0.29882168769836426,1.0
1980,14.433258969609152,2965.894046818229,1882.189985978498,5000.0,0.699999988079071,0.29821640253067017,1.0
1981,8.426320024487511,1506.790515041012,1854.1313959788088,5000.0,0.699999988079071,0.23773668706417084,1.0
1982,7.562281107146403,302.6032791293762,1452.4068776442155,5000.0,0.699999988079071,0.39104342460632324,1.0
1983,6.1937369716151425,205.37218375177133,1445.577777719879,5000.0,0.699999988079071,0.23315559327602386,1.0
1984,6.1894945358479605,200.7284394167566,1441.9145521919036,5000.0,0.699999988079071,0.23276513814926147,1.0
1985,9.477502632537563,1519.2306489689825,1844.8202236690183,5000.0,0.699999988079071,0.39414477348327637,1.0
1986,9.459148910717763,1513.3446000472493,1844.2802932519153,5000.0,0.699999988079071,0.3938331604003906,1.0
1987,10.97101951566329,2109.8235004217036,1853.2317313087647,5000.0,0.699999988079071,0.397900253534317,1.0
1988,8.272827412220341,1472.5373313259822,1849.747857330112,5000.0,0.699999988079071,0.23597075045108795,1.0
1989,10.314896913142528,1493.58133285227,1827.7355672880622,5000.0,0.699999988079071,0.5502259731292725,1.0
1990,11.593234705144312,2123.8176609424117,1880.9273759660678,5000.0,0.699999988079071,0.3436334431171417,1.0
1991,15.217659864993468,3005.6054834534457,1884.3376831284284,5000.0,0.699999988079071,0.45518922805786133,1.0
1992,16.25078167025328,3358.002184546214,1881.0123841167808,5000.0,0.699999988079071,0.4591071605682373,1.0
1993,14.601987178734106,3007.102511598027,1888.3687248945862,5000.0,0.699999988079071,0.29778769612312317,1.0
1994,14.550479185314208,2995.739616400914,1887.9960588372182,5000.0,0.699999988079071,0.2971700429916382,1.0
1995,16.445637788211982,3362.7223575961607,1868.1269045411016,5000.0,0.699999988079071,0.6696561574935913,1.0
1996,12.914682804369866,2598.7616036405893,1877.1915787535065,5000.0,0.699999988079071,0.3464609980583191,1.0
1997,10.883202947707744,2090.8097398909586,1849.8350156900092,5000.0,0.699999988079071,0.39542514085769653,1.0
1998,10.290639966774382,1493.9524426193086,1825.4850899203839,5000.0,0.699999988079071,0.5499429702758789,1.0
1999,11.649053081821368,2079.5931099652066,1841.8599073602256,5000.0,0.699999988079071,0.5515804886817932,1.0
2000,8.172300858668189,1446.7308806529413,1844.9524589826287,5000.0,0.699999988079071,0.23432885110378265,1.0
2001,8.715191639676068,334.35333684154466,1433.9783376771009,5000.0,0.699999988079071,0.5467323660850525,1.0
2002,8.181286756745164,1448.2745005366353,1846.3306318985751,5000.0,0.699999988079071,0.23427045345306396,1.0
2003,9.238122519788806,1450.742088475899,1834.2255762399118,5000.0,0.699999988079071,0.3906146287918091,1.0
2004,10.216648487191037,1459.3550534668009,1824.7023000923734,5000.0,0.699999988079071,0.5470998287200928,1.0
2005,14.776936014548642,3004.678882426115,1873.7964023060947,5000.0,0.699999988079071,0.504256546497345,1.0
2006,13.811596522644171,2649.8777066668486,1880.092576827739,5000.0,0.699999988079071,0.5019140243530273,1.0
2007,11.200121607074234,2228.6239218022283,1901.8124532087202,5000.0,0.699999988079071,0.1874408721923828,1.0
2008,12.779538942249628,2240.369667399902,1892.4188181586255,5000.0,0.699999988079071,0.5001351833343506,1.0
2009,11.520578714356423,2040.5466734719605,1840.2215593838462,5000.0,0.699999988079071,0.5478034615516663,1.0
2010,10.555961937893935,2008.6913965453587,1842.1249089784849,5000.0,0.699999988079071,0.3907656967639923,1.0
2011,7.994174554929003,1399.5581751578377,1838.2085305529572,5000.0,0.699999988079071,0.23253969848155975,1.0
2012,12.886466671087485,2268.553949266029,1896.5757472828402,5000.0,0.699999988079071,0.500167727470398,1.0
2013,12.954598725455385,2284.8770094398014,1898.8807238433278,5000.0,0.699999988079071,0.4996408224105835,1.0
2014,11.398424274885183,2276.4596045861676,1907.8217758100209,5000.0,0.699999988079071,0.1877615600824356,1.0
2015,15.437588249279592,3201.6636874755222,1906.906396658944,5000.0,0.699999988079071,0.29948359727859497,1.0
2016,11.273692287960072,2249.141697237578,1906.1122787185936,5000.0,0.699999988079071,0.18663719296455383,1.0
2017,6.148490503304343,161.16389095455264,1403.5047786766004,5000.0,0.699999988079071,0.23033826053142548,1.0
2018,11.177972913648983,2228.5960109165553,1904.7936569782041,5000.0,0.699999988079071,0.18577657639980316,1.0
2019,13.828834915391408,2651.763726671934,1883.6577970944031,5000.0,0.699999988079071,0.5005215406417847,1.0
2020,10.22491448981492,1452.7258427921302,1829.296589027983,5000.0,0.699999988079071,0.5445970892906189,1.0
2021,13.959194521572535,2682.757284009637,1887.1558463607837,5000.0,0.699999988079071,0.5002109408378601,1.0
2022,6.153336579673198,148.97422660857293,1390.8068203138896,5000.0,0.699999988079071,0.22972559928894043,1.0
2023,11.296255843094022,2257.408004848151,1908.5714894048226,5000.0,0.699999988079071,0.18582765758037567,1.0
2024,4.247220233327183,0.07819852965976268,965.5571424334826,5000.0,0.699999988079071,0.07291926443576813,1.0
2025,11.127598564185517,2220.489348561807,1905.8718083039469,5000.0,0.699999988079071,0.1845482736825943,1.0
2026,13.802586784256826,2643.5243222898002,1884.8605003897806,5000.0,0.699999988079071,0.4997180700302124,1.0
2027,8.036170480699651,1425.9620504992627,1845.2277936302191,5000.0,0.699999988079071,0.23045429587364197,1.0
2028,6.103972592484368,145.34726099293812,1386.8122811548021,5000.0,0.699999988079071,0.22816547751426697,1.0
2029,15.770196125686066,3136.4959071293842,1904.4795816887859,5000.0,0.699999988079071,0.4531407058238983,1.0
2030,13.059854264677032,2638.4704672341522,1888.3789673072295,5000.0,0.699999988079071,0.3425140380859375,1.0
2031,16.617628515474426,3444.7801624367103,1895.929506608064,5000.0,0.699999988079071,0.45472636818885803,1.0
2032,15.792780484563478,3143.3474279928996,1905.8429213331092,5000.0,0.699999988079071,0.452608585357666,1.0
2033,10.628043068393545,2033.9972177622446,1847.101759851521,5000.0,0.699999988079071,0.3887293040752411,1.0
2034,4.146045095132159,0.09325950233279709,973.6274858398364,5000.0,0.699999988079071,0.07086518406867981,1.0
2035,11.90580726577866,2210.083516238233,1903.632071377757,5000.0,0.699999988079071,0.3398318290710449,1.0
2036,4.106736215615166,0.10412258515381215,977.9015400330788,5000.0,0.699999988079071,0.07001198828220367,1.0
2037,12.897321067861455,2603.6317301446707,1886.6792918430633,5000.0,0.699999988079071,0.340792179107666,1.0
2038,7.909604218396767,1406.9651658827668,1841.190789045724,5000.0,0.699999988079071,0.22804415225982666,1.0
2039,14.848167856563737,3072.0363756556853,1905.4627944950237,5000.0,0.699999988079071,0.2935914993286133,1.0
2040,18.51940507113389,3768.2732938967574,1904.4053433767892,5000.0,0.699999988079071,0.5638041496276855,1.0
2041,11.45796714971062,2025.3620531507102,1840.2724280537766,5000.0,0.699999988079071,0.545339822769165,1.0
2042,15.331658159832585,2984.766338075134,1876.0003776312853,5000.0,0.699999988079071,0.6567460894584656,1.0
2043,11.96050197324922,2226.5112296983652,1907.3793876802865,5000.0,0.699999988079071,0.33930954337120056,1.0
2044,10.445415076913099,1994.4219804134686,1841.6244084979287,5000.0,0.699999988079071,0.38605615496635437,1.0
2045,11.9744915645498,2230.5110428035914,1908.3055883666261,5000.0,0.699999988079071,0.33925291895866394,1.0
2046,12.997678104215831,2628.5821187938222,1890.711653860345,5000.0,0.699999988079071,0.33946552872657776,1.0
2047,7.512798021041398,202.86058250642864,1381.644910964242,5000.0,0.699999988079071,0.384542316198349,1.0
2048,6.042735128453054,136.6036014555628,1374.1022738224456,5000.0,0.699999988079071,0.22643008828163147,1.0
2049,12.208543290333571,1998.6418338478027,1834.364553313286,5000.0,0.699999988079071,0.7000620365142822,1.0
2050,11.256187844577225,2260.4696585537918,1916.1496271397486,5000.0,0.699999988079071,0.1818835735321045,1.0
2051,7.847992785851238,1392.0609387592456,1839.8302789360453,5000.0,0.699999988079071,0.22662055492401123,1.0
2052,10.08216587024437,1398.29562142387,1824.81901507692,5000.0,0.699999988079071,0.5410153269767761,1.0
2053,14.720749773010851,2994.8023699924943,1882.3528897339845,5000.0,0.699999988079071,0.4965408444404602,1.0
2054,7.736841086665401,1363.2487009139625,1834.4361303200733,5000.0,0.699999988079071,0.22582563757896423,1.0
2055,7.67624415153128,1349.6908381601627,1831.647366589806,5000.0,0.699999988079071,0.22530066967010498,1.0
2056,6.025968866050116,128.57260142142923,1364.8564244897289,5000.0,0.699999988079071,0.22561217844486237,1.0
2057,13.747619619130376,2631.26323592886,1891.4881628128164,5000.0,0.699999988079071,0.4953802824020386,1.0
2058,14.547906463889335,2956.372534382045,1880.6007364825382,5000.0,0.699999988079071,0.4945128262042999,1.0
2059,8.816572260927128,1332.2137282400709,1819.8863951655685,5000.0,0.699999988079071,0.3818093240261078,1.0
2060,12.192319633090959,2284.72277348057,1917.670314990553,5000.0,0.699999988079071,0.33860284090042114,1.0
2061,9.923260414066684,1342.0138981913549,1815.2333754578071,5000.0,0.699999988079071,0.5388525128364563,1.0
2062,4.006076670908718,0.11791923756251742,985.5795694241627,5000.0,0.699999988079071,0.06823798269033432,1.0
2063,7.538148727969716,1317.6977247995487,1826.4956244544421,5000.0,0.699999988079071,0.2237183302640915,1.0
2064,8.758794039608551,1313.2452163974924,1817.9296177495855,5000.0,0.699999988079071,0.38067370653152466,1.0
2065,11.306958383902144,2278.356604877071,1921.5085248428613,5000.0,0.699999988079071,0.18062876164913177,1.0
2066,6.007134730965475,115.19395477960322,1348.0852046453456,5000.0,0.699999988079071,0.22419311106204987,1.0
2067,19.279474554623963,3940.4662234326865,1920.4640125905948,5000.0,0.699999988079071,0.5649856328964233,1.0
2068,7.535956949555728,1321.7046345460687,1827.6467863379198,5000.0,0.699999988079071,0.22304049134254456,1.0
2069,12.98975141873524,2280.571755726108,1917.2113945517383,5000.0,0.699999988079071,0.49492740631103516,1.0
2070,13.8345110319398,2650.052254965325,1896.7100241049804,5000.0,0.699999988079071,0.49368488788604736,1.0
2071,11.350785849713994,2290.354247099535,1923.9963499717633,5000.0,0.699999988079071,0.17998915910720825,1.0
2072,6.004258178780541,106.76869892879574,1335.8307356566113,5000.0,0.699999988079071,0.22343899309635162,1.0
2073,3.8858088520365066,0.1498835749230229,995.6082787907761,5000.0,0.699999988079071,0.06580649316310883,1.0
2074,12.921638745380852,2616.3183538508883,1896.6328104190864,5000.0,0.699999988079071,0.3355782628059387,1.0
2075,7.474282938793892,1313.403788922224,1826.6186162484532,5000.0,0.699999988079071,0.22170452773571014,1.0
2076,5.973021674768328,105.54116940353975,1334.1374945881628,5000.0,0.699999988079071,0.2225078046321869,1.0
2077,5.972010758389378,102.554425911558,1330.0504794850244,5000.0,0.699999988079071,0.2221764475107193,1.0
2078,12.911632208784868,2253.0245878929063,1917.8328646274852,5000.0,0.699999988079071,0.4935813844203949,1.0
2079,11.165171398059679,2251.8914082069223,1922.6114915610428,5000.0,0.699999988079071,0.17796824872493744,1.0
2080,13.693931550079535,2612.540030614302,1895.7774817342922,5000.0,0.699999988079071,0.4926173985004425,1.0
2081,9.871720201168088,1864.815729227165,1828.7590385797105,5000.0,0.699999988079071,0.3780847489833832,1.0
2082,5.970693523438201,95.95484953641432,1320.0567526726122,5000.0,0.699999988079071,0.22158443927764893,1.0
2083,15.33216432200694,3187.485209586951,1923.6885423247863,5000.0,0.699999988079071,0.29136741161346436,1.0
2084,12.935373811659222,2257.7272470067014,1920.0834105286292,5000.0,0.699999988079071,0.49288615584373474,1.0
2085,15.373336788273342,3197.152130307367,1924.7264249953237,5000.0,0.699999988079071,0.29099902510643005,1.0
2086,15.308041378262564,3182.5433743716503,1924.1571949570384,5000.0,0.699999988079071,0.29036232829093933,1.0
2087,7.534326746114576,1337.803280115516,1832.8183489462508,5000.0,0.699999988079071,0.22052933275699615,1.0
2088,13.674730431706493,2607.8395202207935,1896.806146398599,5000.0,0.699999988079071,0.4917649030685425,1.0
2089,5.949418043467988,92.37530135345898,1313.0150983586304,5000.0,0.699999988079071,0.22072282433509827,1.0
2090,5.94879864298546,89.67658779465002,1308.9054832820361,5000.0,0.699999988079071,0.22040031850337982,1.0
2091,13.709504420081238,2614.736931941535,1898.2707443293066,5000.0,0.699999988079071,0.49143263697624207,1.0
2092,12.087141350835045,2256.699732027813,1924.3337471520608,5000.0,0.699999988079071,0.33380019664764404,1.0
2093,12.93008105867933,2620.9116361929023,1900.743110332383,5000.0,0.699999988079071,0.33344459533691406,1.0
2094,12.96827800460646,2263.0338247764653,1923.5368429669327,5000.0,0.699999988079071,0.4914563298225403,1.0
2095,7.5417641392175305,1341.6557373866863,1835.2882247057678,5000.0,0.699999988079071,0.2198229730129242,1.0
2096,12.936026584442972,2622.7449237512424,1901.6067796523334,5000.0,0.699999988079071,0.33303195238113403,1.0
2097,7.449145683928342,1320.6844426001624,1830.7017000732856,5000.0,0.699999988079071,0.21902690827846527,1.0
2098,16.616277164310084,3445.9444197446605,1911.8949669781823,5000.0,0.699999988079071,0.4461142122745514,1.0
2099,7.386360763470119,1306.4980853980187,1827.2902241772038,5000.0,0.699999988079071,0.21842709183692932,1.0
2100,5.919174483486013,86.23333961775143,1302.155687060538,5000.0,0.699999988079071,0.21944773197174072,1.0
2101,8.70513335694769,1300.8997196190533,1821.6566837275784,5000.0,0.699999988079071,0.37616729736328125,1.0
2102,12.795990281060385,2592.1231746875087,1900.6290078390168,5000.0,0.699999988079071,0.3314874768257141,1.0
2103,9.622938235547196,1810.216565639718,1821.9122008644244,5000.0,0.699999988079071,0.3739761412143707,1.0
2104,11.089421055565836,2243.9932323926864,1928.2901497013368,5000.0,0.699999988079071,0.17443467676639557,1.0
2105,11.025588855553286,2230.1062194807405,1927.3930540934184,5000.0,0.699999988079071,0.17393982410430908,1.0
2106,11.946978746726899,2224.976770242856,1925.2822695191173,5000.0,0.699999988079071,0.33247122168540955,1.0
2107,11.954748077230557,2226.6000808932604,1925.6825330549957,5000.0,0.699999988079071,0.33227068185806274,1.0
2108,10.975251902749049,2219.8558121907868,1927.193738806107,5000.0,0.699999988079071,0.1732085794210434,1.0
2109,12.633310416411655,2556.481959153448,1898.6880131690223,5000.0,0.699999988079071,0.32996588945388794,1.0
2110,8.61728971964739,1279.6421531065678,1816.757394661781,5000.0,0.699999988079071,0.3751542270183563,1.0
2111,8.596025548001272,1272.0974258142649,1815.6225871195888,5000.0,0.699999988079071,0.37484800815582275,1.0
2112,12.637794791618548,2557.864981153749,1899.8688154123647,5000.0,0.699999988079071,0.3294515311717987,1.0
2113,8.54864554728647,1257.6292153104441,1812.6247782024031,5000.0,0.699999988079071,0.37441346049308777,1.0
2114,9.749146351836504,1256.0857648116335,1808.1706488370282,5000.0,0.699999988079071,0.5331379771232605,1.0
2115,12.714340066178726,2575.507886845958,1902.5212262900623,5000.0,0.699999988079071,0.32923424243927,1.0
2116,14.106601566992543,2855.4541712119594,1884.7808149328157,5000.0,0.699999988079071,0.4848523437976837,1.0
2117,16.080756961781443,3203.5427330958437,1932.2059862609408,5000.0,0.699999988079071,0.4460887908935547,1.0
2118,14.13999020558089,2863.344297839533,1885.7930465677816,5000.0,0.699999988079071,0.4842532277107239,1.0
2119,16.150084051463253,3220.784359107769,1933.71371341257,5000.0,0.699999988079071,0.4459250271320343,1.0
2120,16.176894628460158,3227.154571491858,1934.3004069316294,5000.0,0.699999988079071,0.44558754563331604,1.0
2121,3.5419598516839175,0.29800274106590524,1028.0318619694278,5000.0,0.699999988079071,0.05933428555727005,1.0
2122,9.385284552249844,1754.7199276213003,1814.071656619928,5000.0,0.699999988079071,0.37004023790359497,1.0
2123,12.70262430411033,2574.091598465864,1904.2897834161374,5000.0,0.699999988079071,0.3275853395462036,1.0
2124,8.416560443729537,1216.8308457909084,1803.8640995386575,5000.0,0.699999988079071,0.3727908730506897,1.0
2125,11.160295775264052,2266.628772090846,1935.2907987402748,5000.0,0.699999988079071,0.1722394824028015,1.0
2126,11.096831052880292,2252.6934822791427,1934.4083811078178,5000.0,0.699999988079071,0.171753391623497,1.0
2127,12.591605766976002,2549.3230001608003,1902.9436806347355,5000.0,0.699999988079071,0.326629638671875,1.0
2128,5.838525135238732,80.26571269797472,1288.3879091313195,5000.0,0.699999988079071,0.21717648208141327,1.0
2129,8.382148434148059,1208.2320660020894,1802.2669189279193,5000.0,0.699999988079071,0.37219318747520447,1.0
2130,12.577386697570672,2546.352293037637,1903.629857515781,5000.0,0.699999988079071,0.32618197798728943,1.0
2131,6.856402914556291,1187.5126856076001,1802.546898648048,5000.0,0.699999988079071,0.21207045018672943,1.0
2132,3.412795929619983,0.3940722735722096,1041.4220500930799,5000.0,0.699999988079071,0.056822944432497025,1.0
2133,5.8186044271494985,77.60187250634317,1283.711836752725,5000.0,0.699999988079071,0.21632570028305054,1.0
2134,12.422071745348056,2511.463680159527,1901.7047444057355,5000.0,0.699999988079071,0.32515308260917664,1.0
2135,12.396771453371525,2505.842360546607,1901.512822881513,5000.0,0.699999988079071,0.3248385190963745,1.0
2136,5.806805266194447,77.56699016075407,1283.3025610195273,5000.0,0.699999988079071,0.21603932976722717,1.0
2137,3.3469245697471375,0.4527713843706269,1048.3430649303489,5000.0,0.699999988079071,0.055519308894872665,1.0
2138,10.640339613862542,1173.9756191031727,1785.886347038384,5000.0,0.699999988079071,0.6916053891181946,1.0
2139,13.362807060913184,2527.6395850539725,1903.34245857798,5000.0,0.699999988079071,0.48456066846847534,1.0
2140,11.028785990556516,2241.6988530637936,1936.6910426419397,5000.0,0.699999988079071,0.16991575062274933,1.0
2141,12.920968334301552,2244.336302254749,1934.3819061525742,5000.0,0.699999988079071,0.48930564522743225,1.0
2142,5.82999943599085,65.12056769196376,1259.5594233969366,5000.0,0.699999988079071,0.21511493623256683,1.0
2143,12.048323141677795,2250.7994223743744,1936.7540323288972,5000.0,0.699999988079071,0.3290410041809082,1.0
2144,8.340090637122227,1189.777490571115,1802.256870242275,5000.0,0.699999988079071,0.3698897063732147,1.0
2145,3.3350640454979863,0.45936505234071195,1049.7889962871132,5000.0,0.699999988079071,0.0553315207362175,1.0
2146,12.025355422004385,2244.4054454386246,1936.9512439198975,5000.0,0.699999988079071,0.32858777046203613,1.0
2147,12.032622468155711,2245.876524762058,1937.289055395092,5000.0,0.699999988079071,0.3283933997154236,1.0
2148,5.8300150360151175,57.31297864268327,1242.5169638182201,5000.0,0.699999988079071,0.2139354795217514,1.0
2149,8.366189398308478,1196.149754416239,1805.412274803703,5000.0,0.699999988079071,0.36926278471946716,1.0
2150,10.815343502570043,2048.8991610641806,1805.323395362713,5000.0,0.699999988079071,0.5204688310623169,1.0
2151,15.371848383281769,3202.8794682373873,1940.6972088907032,5000.0,0.699999988079071,0.28365668654441833,1.0
2152,8.89678868568762,1638.6235073727612,1799.617249107579,5000.0,0.699999988079071,0.3638790547847748,1.0
2153,12.500083059665306,2530.454446287008,1908.4350127738155,5000.0,0.699999988079071,0.3230780363082886,1.0
2154,6.59309045918319,1128.8984394971787,1792.6251247034118,5000.0,0.699999988079071,0.2083272933959961,1.0
2155,8.125729543584269,1120.5121203827023,1787.073131116703,5000.0,0.699999988079071,0.3677474558353424,1.0
2156,7.543565037329867,80.72795946182528,1241.9229785950472,5000.0,0.699999988079071,0.37335145473480225,1.0
2157,8.137196585903162,1120.0252173335034,1788.5207435139846,5000.0,0.699999988079071,0.3672630786895752,1.0
2158,16.24138238034363,3234.943866008603,1943.6272934400454,5000.0,0.699999988079071,0.44300225377082825,1.0
2159,11.179299935313898,2280.418839447649,1943.8330565858917,5000.0,0.699999988079071,0.16866910457611084,1.0
2160,12.52143461616663,2535.6931756463996,1910.6891470093844,5000.0,0.699999988079071,0.32227906584739685,1.0
2161,16.435392076936118,3403.5707081023256,1925.1155277828473,5000.0,0.699999988079071,0.43658092617988586,1.0
2162,11.10202411822715,2263.834344537608,1943.2775470279007,5000.0,0.699999988079071,0.16785097122192383,1.0
2163,3.2160313233167566,0.5796728668736811,1062.6839616293494,5000.0,0.699999988079071,0.053154557943344116,1.0
2164,7.542265999335423,76.8882349238134,1234.2666284049083,5000.0,0.699999988079071,0.37272071838378906,1.0
2165,8.149742336086218,1126.0885506565348,1790.4323361141578,5000.0,0.699999988079071,0.36665821075439453,1.0
2166,12.106591209349599,2264.1341915487064,1943.2435271720078,5000.0,0.699999988079071,0.32693418860435486,1.0
2167,16.13581965132368,3208.3985249276625,1944.0651837226665,5000.0,0.699999988079071,0.4413471817970276,1.0
2168,12.12938021982444,2269.3347440499074,1944.0267695451723,5000.0,0.699999988079071,0.32654327154159546,1.0
2169,3.188954786009592,0.6090941367477227,1065.730037753195,5000.0,0.699999988079071,0.052648622542619705,1.0
2170,13.774430894089988,2776.135094213406,1890.3985654910116,5000.0,0.699999988079071,0.47579407691955566,1.0
2171,11.051596550614144,2254.636842702803,1944.3511898237964,5000.0,0.699999988079071,0.1665266454219818,1.0
2172,13.697689885225817,2758.316762986282,1889.7196955072975,5000.0,0.699999988079071,0.4748620390892029,1.0
2173,13.358560996281597,2520.1615200854644,1911.1235975840843,5000.0,0.699999988079071,0.48012617230415344,1.0
2174,7.557717811574341,68.66300378011478,1218.643000672175,5000.0,0.699999988079071,0.37172606587409973,1.0
2175,5.803130081120738,45.553167740252825,1210.753812109129,5000.0,0.699999988079071,0.21167893707752228,1.0
2176,12.170425787458692,2279.0966364175783,1946.5606070542199,5000.0,0.699999988079071,0.325854629278183,1.0
2177,3.1475724923444357,0.6565723224111765,1070.3298898963637,5000.0,0.699999988079071,0.051908645778894424,1.0
2178,11.056720039155605,2257.351056669721,1945.9519874113487,5000.0,0.699999988079071,0.16578242182731628,1.0
2179,8.161269588601643,1127.8306041882427,1792.6031883089056,5000.0,0.699999988079071,0.36516034603118896,1.0
2180,8.141934013919412,1120.103203028422,1791.1090354717132,5000.0,0.699999988079071,0.364867627620697,1.0
2181,6.470520860551007,1108.5140971403505,1790.922740112379,5000.0,0.699999988079071,0.20503193140029907,1.0
2182,5.792118112043373,41.32660790944351,1198.748840353541,5000.0,0.699999988079071,0.21052350103855133,1.0
2183,13.380800113214441,2521.185256215163,1913.6537686593815,5000.0,0.699999988079071,0.4789411723613739,1.0
2184,16.426406319194847,3399.5460263120326,1929.6519867808627,5000.0,0.699999988079071,0.4339330494403839,1.0
2185,5.79247759399457,40.308026543170655,1195.1963364779413,5000.0,0.699999988079071,0.2104022353887558,1.0
2186,9.468590443798156,1103.384668955277,1785.957939918087,5000.0,0.699999988079071,0.5234238505363464,1.0
2187,8.092430649763294,1097.8900291844336,1787.2701249299425,5000.0,0.699999988079071,0.3635404706001282,1.0
2188,6.391143864792179,1086.4502736193156,1786.7617315073321,5000.0,0.699999988079071,0.20413920283317566,1.0
2189,13.228261748018786,2304.6627134225173,1950.881604250349,5000.0,0.699999988079071,0.484106183052063,1.0
2190,3.0906098302672027,0.7308895236757669,1077.1580478521776,5000.0,0.699999988079071,0.05087820068001747,1.0
2191,15.544549190796822,3243.1117982315845,1951.2366737094944,5000.0,0.699999988079071,0.2801406979560852,1.0
2192,12.498527183911607,2531.9088530319827,1917.0865238097501,5000.0,0.699999988079071,0.31840360164642334,1.0
2193,7.6097849577846,49.339365288721375,1177.989280315965,5000.0,0.699999988079071,0.36881718039512634,1.0
2194,16.342333069682752,3251.1802932876085,1951.972230360248,5000.0,0.699999988079071,0.4388313591480255,1.0
2195,11.193561231830135,2291.2865512852104,1951.8697368637302,5000.0,0.699999988079071,0.16469821333885193,1.0
2196,8.600670875671348,1566.537961588587,1792.021094296102,5000.0,0.699999988079071,0.35735976696014404,1.0
2197,6.3624758759389515,1083.9354639115033,1786.6845551833978,5000.0,0.699999988079071,0.20305335521697998,1.0
2198,8.023525805192875,1073.6572157732694,1782.5247133177118,5000.0,0.699999988079071,0.36209768056869507,1.0
2199,8.00491279632006,1065.8307088023028,1780.9237535109935,5000.0,0.699999988079071,0.3618096709251404,1.0
2200,13.46696446193926,2538.2597220792004,1919.9080433132572,5000.0,0.699999988079071,0.47648656368255615,1.0
2201,11.249582981780746,2305.1186061870358,1954.2718330012617,5000.0,0.699999988079071,0.1645016223192215,1.0
2202,13.649268945387831,2743.463559515356,1897.293105415788,5000.0,0.699999988079071,0.4696039855480194,1.0
2203,12.287359963093586,2305.540317601949,1954.3743551716416,5000.0,0.699999988079071,0.323591411113739,1.0
2204,13.641572272230409,2741.4763897836087,1898.0088801749735,5000.0,0.699999988079071,0.46888303756713867,1.0
2205,13.605049822184526,2732.755786222127,1898.4773082695674,5000.0,0.699999988079071,0.4680083990097046,1.0
2206,12.477027659880141,2526.8215331801066,1922.2735732373526,5000.0,0.699999988079071,0.31564080715179443,1.0
2207,5.781661316646092,33.367229017009805,1171.0653230708635,5000.0,0.699999988079071,0.2090265154838562,1.0
2208,2.994344836943315,0.8794391803980872,1088.4987820298097,5000.0,0.699999988079071,0.04920372739434242,1.0
2209,13.36718810410583,2513.1641534096307,1921.3680161832237,5000.0,0.699999988079071,0.4748973250389099,1.0
2210,7.821879731664788,999.8589403870564,1764.9647914872264,5000.0,0.699999988079071,0.35993850231170654,1.0
2211,12.443483426808877,2518.944018086616,1923.2319111911395,5000.0,0.699999988079071,0.31488266587257385,1.0
2212,5.988871509287362,980.8802431307035,1762.0893938516933,5000.0,0.699999988079071,0.19982294738292694,1.0
2213,12.374747887754696,2502.815506039078,1923.0513546796847,5000.0,0.699999988079071,0.3142179548740387,1.0
2214,2.951769452817155,0.9552090623719287,1093.5997470013938,5000.0,0.699999988079071,0.04842473566532135,1.0
2215,16.323995122140836,3245.885787601949,1956.3672400419046,5000.0,0.699999988079071,0.4377245008945465,1.0
2216,12.316608001121017,2489.5124923494327,1922.179182231213,5000.0,0.699999988079071,0.31367820501327515,1.0
2217,12.291032428639939,2483.5716403023857,1922.1444368957614,5000.0,0.699999988079071,0.3133600354194641,1.0
2218,5.7524993094305215,32.56141089419095,1166.926576999724,5000.0,0.699999988079071,0.2080540955066681,1.0
2219,5.8867136071561745,957.0885508236017,1756.0149362179502,5000.0,0.699999988079071,0.19845914840698242,1.0
2220,9.199836618325055,1338.1150047515594,1751.8120015043462,5000.0,0.699999988079071,0.5091673135757446,1.0
2221,7.63385175760007,929.6496760118594,1747.1327920914525,5000.0,0.699999988079071,0.35802990198135376,1.0
2222,9.1024243049678,1302.411698269239,1745.5632403495522,5000.0,0.699999988079071,0.5077245235443115,1.0
2223,13.368276063046315,2337.9937671993766,1960.4554632350387,5000.0,0.699999988079071,0.4829118251800537,1.0
2224,12.431060166583176,2515.497387235558,1928.2323393981603,5000.0,0.699999988079071,0.3125957250595093,1.0
2225,17.368496237703674,3445.6585841950496,1943.921840710439,5000.0,0.699999988079071,0.587257444858551,1.0
2226,7.6231367133567405,39.472240748471876,1149.9673660057042,5000.0,0.699999988079071,0.36750417947769165,1.0
2227,14.407548250160286,2708.561961874908,1906.5345361597583,5000.0,0.699999988079071,0.6213161945343018,1.0
2228,11.567395864770848,2382.517410941511,1964.788892697933,5000.0,0.699999988079071,0.16350066661834717,1.0
2229,7.6096991348249015,909.1391011644375,1742.8871453525358,5000.0,0.699999988079071,0.35662978887557983,1.0
2230,14.425803483301282,2712.422817926787,1908.7414963974338,5000.0,0.699999988079071,0.6202908754348755,1.0
2231,5.683835615064894,885.6100592675051,1738.3428956668558,5000.0,0.699999988079071,0.19687765836715698,1.0
2232,11.621872949230491,2396.0167566500577,1966.410218124867,5000.0,0.699999988079071,0.16341327130794525,1.0
2233,12.610613541815576,2387.1691137103508,1965.8224283900997,5000.0,0.699999988079071,0.3224925994873047,1.0
2234,14.503630570061397,2401.5843140459556,1966.475004971412,5000.0,0.699999988079071,0.641227662563324,1.0
2235,12.70195444239259,2579.4135075557538,1935.8177886162332,5000.0,0.699999988079071,0.3118971586227417,1.0
2236,12.725851616669077,2414.9928518560323,1968.049224353458,5000.0,0.699999988079071,0.3222132623195648,1.0
2237,13.66634343399927,2582.800561459399,1936.0972198977406,5000.0,0.699999988079071,0.4705865979194641,1.0
2238,11.719284155468028,2419.3386677287062,1968.8305479424982,5000.0,0.699999988079071,0.1631450206041336,1.0
2239,12.708626933613687,2410.1881222147576,1968.2862648591783,5000.0,0.699999988079071,0.321740061044693,1.0
2240,14.581331077215554,2588.3585071650277,1936.3785136912052,5000.0,0.699999988079071,0.6292679309844971,1.0
2241,9.154783700878806,914.4927215066705,1744.7808516628045,5000.0,0.699999988079071,0.5137670040130615,1.0
2242,11.876485863703914,2456.576351598093,1971.6771455694798,5000.0,0.699999988079071,0.16346795856952667,1.0
2243,5.818520697913758,18.79287188435803,1106.7080789335441,5000.0,0.699999988079071,0.20651154220104218,1.0
2244,13.804001176949857,2615.1288602840996,1939.264558576176,5000.0,0.699999988079071,0.4698341488838196,1.0
2245,7.654965732094353,910.5152394609315,1745.7568189801616,5000.0,0.699999988079071,0.3545551896095276,1.0
2246,20.848043350397226,4374.939696869743,1961.422820467258,5000.0,0.699999988079071,0.5418094396591187,1.0
2247,11.871650294919643,2456.1629493491896,1972.5708289416887,5000.0,0.699999988079071,0.16289108991622925,1.0
2248,11.799154654618382,2439.3436810577173,1971.7346101296953,5000.0,0.699999988079071,0.16241338849067688,1.0
2249,5.808242918904727,18.176311878610065,1102.0884480448674,5000.0,0.699999988079071,0.20599964261054993,1.0
2250,5.7344625133739795,908.1969026988328,1746.2632287660247,5000.0,0.699999988079071,0.19561153650283813,1.0
2251,5.687751212743269,894.8973888556953,1742.735785375516,5000.0,0.699999988079071,0.19522279500961304,1.0
2252,13.738161124645579,2424.885395693187,1971.3088875994401,5000.0,0.699999988079071,0.4793105125427246,1.0
2253,17.124613813523165,3556.894081471688,1954.7632193877364,5000.0,0.699999988079071,0.42480647563934326,1.0
2254,11.720385493428076,2422.0112125952155,1971.6962790095117,5000.0,0.699999988079071,0.16143274307250977,1.0
2255,9.146957565342156,898.5007859777319,1741.6926817442475,5000.0,0.699999988079071,0.5124819278717041,1.0
2256,9.153442121713447,895.4589824027389,1741.421039321429,5000.0,0.699999988079071,0.5118623971939087,1.0
2257,13.855467479287746,2625.4183660903586,1943.1542274728413,5000.0,0.699999988079071,0.4680323302745819,1.0
2258,14.742196838411667,2783.629109195645,1920.490413666654,5000.0,0.699999988079071,0.6155409216880798,1.0
2259,9.132284220737406,874.9161013207142,1736.561271070266,5000.0,0.699999988079071,0.5105680823326111,1.0
2260,5.622194301521638,866.7295113151499,1736.5913398826408,5000.0,0.699999988079071,0.19457970559597015,1.0
2261,13.886109005738426,2795.0730068794237,1924.7446183876302,5000.0,0.699999988079071,0.45618829131126404,1.0
2262,14.795342942723925,2797.7211282675116,1926.2959406434063,5000.0,0.699999988079071,0.6134143471717834,1.0
2263,17.69824941439917,3697.0014467997275,1965.1048999629356,5000.0,0.699999988079071,0.4243853688240051,1.0
2264,14.810387979731663,2802.2244375576734,1928.428059114842,5000.0,0.699999988079071,0.6124160289764404,1.0
2265,17.909525824293304,3630.4804441737206,1982.1587272476352,5000.0,0.699999988079071,0.43646156787872314,1.0
2266,7.474024581863351,817.2925947268675,1721.5409762502163,5000.0,0.699999988079071,0.351195752620697,1.0
2267,13.337624627313664,2570.546272258996,1982.633748285363,5000.0,0.699999988079071,0.32092058658599854,1.0
2268,9.049842078563596,818.5286837834125,1721.4452945304777,5000.0,0.699999988079071,0.5085143446922302,1.0
2269,13.427580672010185,2593.2743999765307,1984.1137318760489,5000.0,0.699999988079071,0.320840984582901,1.0
2270,12.381596669303011,2582.7915957489104,1983.6623901064547,5000.0,0.699999988079071,0.16327360272407532,1.0
2271,2.8760286943379954,0.9909343660408306,1101.968527111156,5000.0,0.699999988079071,0.04773059859871864,1.0
2272,7.49002527596924,819.4530736449755,1723.2760448623137,5000.0,0.699999988079071,0.35042357444763184,1.0
2273,7.775697961750933,15.833856268389857,1055.1455039938894,5000.0,0.699999988079071,0.3622879385948181,1.0
2274,9.984930153522432,1413.7187240309866,1723.0018935161163,5000.0,0.699999988079071,0.6407598853111267,1.0
2275,12.46099429244125,2603.2997648996547,1985.4837138243136,5000.0,0.699999988079071,0.16330015659332275,1.0
2276,14.006483999218023,2824.263311306305,1934.646032142618,5000.0,0.699999988079071,0.45246750116348267,1.0
2277,5.344245691315576,770.68570948094,1710.5076479962634,5000.0,0.699999988079071,0.19182971119880676,1.0
2278,13.42622099912591,2591.8450125284244,1985.436350812839,5000.0,0.699999988079071,0.32021164894104004,1.0
2279,13.41665507859367,2588.670417039016,1985.365281048657,5000.0,0.699999988079071,0.31997957825660706,1.0
2280,17.263379197765456,3651.1372263939456,1985.0643715181993,5000.0,0.699999988079071,0.2776503562927246,1.0
2281,13.335223211077839,2566.4335189683575,1984.4137005200255,5000.0,0.699999988079071,0.3193792402744293,1.0
2282,7.7934591003698905,13.908834316165978,1042.648137327735,5000.0,0.699999988079071,0.36157506704330444,1.0
2283,14.361140040787232,2583.8075290261463,1985.5018422286637,5000.0,0.699999988079071,0.4763418138027191,1.0
2284,18.076185526821472,3665.764772223466,1985.9906840545905,5000.0,0.699999988079071,0.43417197465896606,1.0
2285,17.25966715716985,3649.4146893387406,1985.4586490886047,5000.0,0.699999988079071,0.2766563296318054,1.0
2286,2.8021394918235676,1.1602390618598257,1111.1801058729277,5000.0,0.699999988079071,0.046482641249895096,1.0
2287,2.7800645186267268,1.2307258918184736,1114.0923605612923,5000.0,0.699999988079071,0.04605676978826523,1.0
2288,13.024555031135103,2657.1507470339443,1953.53795357567,5000.0,0.699999988079071,0.3059130907058716,1.0
2289,7.813193697885362,12.010645818098705,1029.0751174309466,5000.0,0.699999988079071,0.3604899048805237,1.0
2290,7.51598704310436,817.5872990162355,1725.231999965011,5000.0,0.699999988079071,0.34832367300987244,1.0
2291,13.077105282802325,2670.011871431578,1955.3109124672221,5000.0,0.699999988079071,0.305733859539032,1.0
2292,7.830619706302993,10.826190638689274,1020.6336931017977,5000.0,0.699999988079071,0.35996705293655396,1.0
2293,13.309609672142864,2553.854858086848,1985.0184345587463,5000.0,0.699999988079071,0.3173847794532776,1.0
2294,5.881074476275121,6.8652956958963856,1012.7405748213533,5000.0,0.699999988079071,0.20232830941677094,1.0
2295,17.875714302751238,3609.2897431418464,1985.072395051408,5000.0,0.699999988079071,0.43191662430763245,1.0
2296,5.4656624336386175,826.3506536167783,1729.6218759933681,5000.0,0.699999988079071,0.1908033788204193,1.0
2297,13.056828612830632,2664.5534656115888,1955.3576797222183,5000.0,0.699999988079071,0.30515071749687195,1.0
2298,13.237100964381204,2533.4433120306826,1984.5496204028534,5000.0,0.699999988079071,0.31656861305236816,1.0
2299,14.24524807553269,2537.8263139397054,1984.8985868775205,5000.0,0.699999988079071,0.4734658896923065,1.0
2300,7.558166518896548,825.2575063393929,1729.2583472461959,5000.0,0.699999988079071,0.3471847176551819,1.0
2301,17.742005205772532,3701.471571535005,1970.4331257551373,5000.0,0.699999988079071,0.41968122124671936,1.0
2302,13.903402350326417,2792.6469117021406,1933.59669542751,5000.0,0.699999988079071,0.4498458504676819,1.0
2303,5.356119554670531,790.4915936349635,1719.790005853033,5000.0,0.699999988079071,0.1896364986896515,1.0
2304,7.011087102574115,1097.8167506826612,1715.5190785149869,5000.0,0.699999988079071,0.33391034603118896,1.0
2305,2.692529677489047,1.4882936235728466,1125.5814786383362,5000.0,0.699999988079071,0.04457855224609375,1.0
2306,7.403225397895874,754.1988240159827,1708.451591296609,5000.0,0.699999988079071,0.34584954380989075,1.0
2307,2.6728437830551104,1.5597377323601385,1128.2163613707519,5000.0,0.699999988079071,0.044207967817783356,1.0
2308,7.38459124198202,744.0498430789075,1705.6865446481843,5000.0,0.699999988079071,0.34547504782676697,1.0
2309,17.59088645627049,3663.3902618738725,1972.06788437936,5000.0,0.699999988079071,0.41764020919799805,1.0
2310,5.868683595982526,6.048763032554008,1003.5727827366345,5000.0,0.699999988079071,0.20116561651229858,1.0
2311,2.639649320450454,1.6921555119011182,1132.8107485490696,5000.0,0.699999988079071,0.0436042882502079,1.0
2312,12.85366072624391,2613.3561710085123,1957.8111699515782,5000.0,0.699999988079071,0.30208906531333923,1.0
2313,17.410539052204022,3618.2924888513758,1970.9238179078122,5000.0,0.699999988079071,0.416414737701416,1.0
2314,13.853615061851896,2605.8848669130425,1958.068081432923,5000.0,0.699999988079071,0.459240198135376,1.0
2315,16.823858329829562,3541.461444546589,1985.4274237245688,5000.0,0.699999988079071,0.27184823155403137,1.0
2316,8.56724079113877,1020.4397108482544,1698.7456601742908,5000.0,0.699999988079071,0.4886696934700012,1.0
2317,14.568547067067758,2710.200259030154,1938.0165097046092,5000.0,0.699999988079071,0.6022849082946777,1.0
2318,13.939955661564166,2628.0789693219085,1961.7375609962978,5000.0,0.699999988079071,0.4584771692752838,1.0
2319,12.151762535666876,2531.606409743693,1987.557331259702,5000.0,0.699999988079071,0.15772712230682373,1.0
2320,5.048459699499604,687.1918437917974,1688.847494386604,5000.0,0.699999988079071,0.18615011870861053,1.0
2321,17.71251785907835,3564.1474987712963,1987.2618386953884,5000.0,0.699999988079071,0.4293452799320221,1.0
2322,5.040092984228358,685.5199339502361,1688.3966707130037,5000.0,0.699999988079071,0.18590965867042542,1.0
2323,17.665256305856385,3551.6636077356343,1987.0456101559685,5000.0,0.699999988079071,0.428896427154541,1.0
2324,12.77843271863085,2593.4997580211516,1960.458644536223,5000.0,0.699999988079071,0.29963964223861694,1.0
2325,18.15641856842718,3609.052727658097,1973.459747767708,5000.0,0.699999988079071,0.5713697671890259,1.0
2326,5.8582273348320335,5.681135212799256,999.1492847577466,5000.0,0.699999988079071,0.20046749711036682,1.0
2327,7.881235438593269,7.408077172976138,988.9633066087221,5000.0,0.699999988079071,0.35801446437835693,1.0
2328,12.825327236938563,2604.813361252113,1961.622389918478,5000.0,0.699999988079071,0.29937946796417236,1.0
2329,13.514769447979246,2687.7248698560234,1940.3589596100649,5000.0,0.699999988079071,0.44188857078552246,1.0
2330,13.179344493642823,2514.7545710353133,1988.1096687949243,5000.0,0.699999988079071,0.3140372931957245,1.0
2331,12.036067794781882,2504.350441954418,1987.5901368511218,5000.0,0.699999988079071,0.15605399012565613,1.0
2332,7.263971007520278,668.8119463194025,1683.1414141024163,5000.0,0.699999988079071,0.3425242006778717,1.0
2333,18.464992359799403,3555.8331842951416,1988.4143456502673,5000.0,0.699999988079071,0.5852739810943604,1.0
2334,16.85583853492922,3548.29683505179,1988.0675395289534,5000.0,0.699999988079071,0.26941415667533875,1.0
2335,13.82371441618599,2590.522907337327,1961.6127755923414,5000.0,0.699999988079071,0.45584121346473694,1.0
2336,13.849331004843869,2596.9451476730874,1962.3867998761023,5000.0,0.699999988079071,0.4556698799133301,1.0
2337,13.874568654407001,2603.250278696157,1963.1492610416879,5000.0,0.699999988079071,0.45549818873405457,1.0
2338,5.884107762074061,4.433138403145729,988.2268664183042,5000.0,0.699999988079071,0.19960671663284302,1.0
2339,2.537367315726666,2.068867551630012,1146.7549481928977,5000.0,0.699999988079071,0.042038917541503906,1.0
2340,5.881967580658679,4.307607465408294,990.7449528273495,5000.0,0.699999988079071,0.19915486872196198,1.0
2341,7.935379973942122,5.4140836317562515,970.7934078105158,5000.0,0.699999988079071,0.3563499450683594,1.0
2342,7.952296692201864,4.942199848115181,966.719741015246,5000.0,0.699999988079071,0.35588720440864563,1.0
2343,5.909276123739619,3.562207403988705,991.2101515832046,5000.0,0.699999988079071,0.19852977991104126,1.0
2344,5.022162972595525,684.3820211514227,1691.9378524857627,5000.0,0.699999988079071,0.18422245979309082,1.0
2345,7.321552331059633,674.211267852444,1688.096350144713,5000.0,0.699999988079071,0.3408403992652893,1.0
2346,13.94254676639468,2614.6132666567014,1965.071040888296,5000.0,0.699999988079071,0.45444923639297485,1.0
2347,12.11248904254322,2523.206896145077,1989.870770708648,5000.0,0.699999988079071,0.15509498119354248,1.0
2348,12.802579259401307,2596.964862561045,1964.3128231375686,5000.0,0.699999988079071,0.2970993220806122,1.0
2349,5.90752375631024,3.4759764815843894,1001.1687848802479,5000.0,0.699999988079071,0.19800792634487152,1.0
2350,12.76635886723422,2587.698631839188,1964.2096244113154,5000.0,0.699999988079071,0.2967399060726166,1.0
2351,2.463394545994426,2.4556689193526657,1157.6294597953781,5000.0,0.699999988079071,0.04069305583834648,1.0
2352,7.980083136477151,4.23964299385151,969.4016145842769,5000.0,0.699999988079071,0.3547857105731964,1.0
2353,9.639987770794255,4.391736111516595,945.3369400595789,5000.0,0.699999988079071,0.5112887620925903,1.0
2354,8.022967088291123,3.4339944266061653,969.0745923637854,5000.0,0.699999988079071,0.35369130969047546,1.0
2355,10.106179971583476,949.5679037972278,1689.2726514856424,5000.0,0.699999988079071,0.6381336450576782,1.0
2356,17.160029698664946,3619.4261418291453,1992.1990591690815,5000.0,0.699999988079071,0.26915907859802246,1.0
2357,17.047272525436153,3591.688912037048,1991.3347827922858,5000.0,0.699999988079071,0.26839521527290344,1.0
2358,4.968389403984532,666.3881121556352,1688.9626883004757,5000.0,0.699999988079071,0.1828669160604477,1.0
2359,8.04300736898428,3.160676069779455,976.2188935670835,5000.0,0.699999988079071,0.35317516326904297,1.0
2360,7.3527908334901335,662.2811036073417,1687.7139126083225,5000.0,0.699999988079071,0.3387792706489563,1.0
2361,7.344148971754974,654.2498069829172,1685.3134094637646,5000.0,0.699999988079071,0.3385269045829773,1.0
2362,8.073371588852147,2.7849992209516152,985.4940654104214,5000.0,0.699999988079071,0.3524446189403534,1.0
2363,12.973206175569402,2637.3526711770874,1968.7921667376722,5000.0,0.699999988079071,0.29635491967201233,1.0
2364,5.973216162927276,2.5991285289431127,1061.7484377042308,5000.0,0.699999988079071,0.19625596702098846,1.0
2365,14.475334865198505,2556.225522550271,1992.8183112146385,5000.0,0.699999988079071,0.4658544659614563,1.0
2366,2.439791637392086,2.5268699462350774,1161.2372141021883,5000.0,0.699999988079071,0.04035382717847824,1.0
2367,4.9302289641218735,652.4380306569351,1686.990055241631,5000.0,0.699999988079071,0.18200215697288513,1.0
2368,13.34439398098977,2537.872003258748,1992.0541013561522,5000.0,0.699999988079071,0.30953842401504517,1.0
2369,2.4073558544166387,2.7403642230572185,1166.1696804909523,5000.0,0.699999988079071,0.03974471613764763,1.0
2370,9.516921256823784,1115.2614630675932,1683.7867944330708,5000.0,0.699999988079071,0.6213829517364502,1.0
2371,13.383560348310828,2547.5361461643533,1992.8350721797185,5000.0,0.699999988079071,0.309516966342926,1.0
2372,8.12090972442162,2.5081753855102846,1031.242990627978,5000.0,0.699999988079071,0.35102197527885437,1.0
2373,4.871691912508971,628.4112665153668,1680.178074818381,5000.0,0.699999988079071,0.18118536472320557,1.0
2374,17.624628620711867,3658.560296096723,1981.3611867510128,5000.0,0.699999988079071,0.4090234935283661,1.0
2375,14.022732633656934,2617.654407763032,1970.4843113065783,5000.0,0.699999988079071,0.4502999782562256,1.0
2376,12.892605395605715,2614.9362431997856,1970.6888135650393,5000.0,0.699999988079071,0.2944144904613495,1.0
2377,13.357900063587124,2538.78179954303,1992.923282622198,5000.0,0.699999988079071,0.3088736832141876,1.0
2378,18.05425738128576,3692.6208486787077,1970.7796859929413,5000.0,0.699999988079071,0.5489047765731812,1.0
2379,13.994082661039373,2608.6133740000846,1971.4223011813312,5000.0,0.699999988079071,0.449472039937973,1.0
2380,10.030397566875447,834.0441714568459,1665.5929963752453,5000.0,0.699999988079071,0.6319751143455505,1.0
2381,15.17543368489579,2647.0719834974507,1974.8086927505376,5000.0,0.699999988079071,0.604666531085968,1.0
2382,8.166935835866797,2.2146559791548137,1052.4146597367273,5000.0,0.699999988079071,0.35045722126960754,1.0
2383,7.31000245524188,580.5021279545678,1664.3750300123966,5000.0,0.699999988079071,0.3349728584289551,1.0
2384,6.037935793341493,2.3729397350335324,1123.2126085765065,5000.0,0.699999988079071,0.19498224556446075,1.0
2385,6.290141169078307,808.9618767607434,1662.34971885835,5000.0,0.699999988079071,0.3195386826992035,1.0
2386,13.730403836264864,2725.2319870969,1960.46687150659,5000.0,0.699999988079071,0.4328235983848572,1.0
2387,6.183176234955646,757.0022321460917,1648.200793135397,5000.0,0.699999988079071,0.317992627620697,1.0
2388,12.464383927474877,2609.493981845181,1997.1093591094357,5000.0,0.699999988079071,0.15399007499217987,1.0
2389,2.3885044534454902,2.753879509581739,1168.9683950089768,5000.0,0.699999988079071,0.03965297341346741,1.0
2390,13.542619246239672,2584.041139432556,1996.1686810143804,5000.0,0.699999988079071,0.30862733721733093,1.0
2391,12.309462276171578,2571.5338795856214,1995.5175268593166,5000.0,0.699999988079071,0.15298263728618622,1.0
2392,7.2388467894728805,525.7897212153687,1644.2842262293411,5000.0,0.699999988079071,0.333511084318161,1.0
2393,12.922436826896478,2618.0929147105016,1977.0777939763689,5000.0,0.699999988079071,0.2916632294654846,1.0
2394,20.985045049741384,4436.428350279188,1995.3501476157805,5000.0,0.699999988079071,0.37988537549972534,1.0
2395,6.01638085890977,2.8524974195001276,1145.2317027241215,5000.0,0.699999988079071,0.19424962997436523,1.0
2396,13.979577388300804,2594.4711529230904,1975.7494196693758,5000.0,0.699999988079071,0.446573406457901,1.0
2397,6.024417012450564,2.864872634072327,1150.8581607220017,5000.0,0.699999988079071,0.19403913617134094,1.0
2398,17.966476835157597,3595.9598237063797,1994.7022465489447,5000.0,0.699999988079071,0.4206039011478424,1.0
2399,13.362100584254321,2531.6592225869795,1994.1842655502178,5000.0,0.699999988079071,0.30688241124153137,1.0
2400,18.7854488411926,3587.8988254017804,1994.5361507688299,5000.0,0.699999988079071,0.5753039717674255,1.0
2401,12.115264914359306,2523.5017647988307,1993.665824419628,5000.0,0.699999988079071,0.1511549949645996,1.0
2402,2.298319567606268,3.4005812675704417,1183.060277262488,5000.0,0.699999988079071,0.038044437766075134,1.0
2403,18.244677314810925,3588.138865634043,1982.8705377536285,5000.0,0.699999988079071,0.558410108089447,1.0
2404,13.261806173817755,2502.207012784446,1992.9691604438606,5000.0,0.699999988079071,0.30576857924461365,1.0
2405,13.246412022184318,2497.332010801578,1992.745385706252,5000.0,0.699999988079071,0.30553174018859863,1.0
2406,13.23109553572084,2492.4717181555466,1992.5218042126064,5000.0,0.699999988079071,0.3052953779697418,1.0
2407,4.693578674139833,556.8013418168408,1659.7648724605529,5000.0,0.699999988079071,0.17731259763240814,1.0
2408,4.669485039589506,546.0224164049731,1655.6756879248483,5000.0,0.699999988079071,0.17700554430484772,1.0
2409,17.655388816034712,3510.980779818389,1992.3320368295392,5000.0,0.699999988079071,0.4174548387527466,1.0
2410,2.2486682394599136,3.812539725141313,1191.055475410773,5000.0,0.699999988079071,0.03716421499848366,1.0
2411,8.357139269525305,767.1310265410383,1654.0792984176285,5000.0,0.699999988079071,0.47174209356307983,1.0
2412,14.344130531342662,2482.3230293787396,1992.5633785478012,5000.0,0.699999988079071,0.46015623211860657,1.0
2413,11.91525283858573,2474.809209856439,1991.9692605609707,5000.0,0.699999988079071,0.14929082989692688,1.0
2414,9.219172587678429,538.4777038331317,1652.9440327405998,5000.0,0.699999988079071,0.48688074946403503,1.0
2415,14.441532382814257,2604.0654520798307,1956.0760155275418,5000.0,0.699999988079071,0.5829602479934692,1.0
2416,17.77207640684085,3537.0205668494386,1993.42868688887,5000.0,0.699999988079071,0.4168132543563843,1.0
2417,2.24451879848134,3.7946915295157684,1191.7188169966603,5000.0,0.699999988079071,0.03716912865638733,1.0
2418,8.293728637969474,2.8694745789598084,1175.601566108289,5000.0,0.699999988079071,0.34692248702049255,1.0
2419,7.319736914090668,530.9499028325744,1652.3022107469512,5000.0,0.699999988079071,0.3308418393135071,1.0
2420,6.14367105861479,736.7078654639042,1649.1222644322052,5000.0,0.699999988079071,0.31480351090431213,1.0
2421,13.276306000993424,2497.07439667904,1993.39719577321,5000.0,0.699999988079071,0.30400604009628296,1.0
2422,4.597780341940351,507.6867046504806,1644.0747591910854,5000.0,0.699999988079071,0.17547966539859772,1.0
2423,7.288968120184453,498.9172991661558,1640.0193406204642,5000.0,0.699999988079071,0.3300398588180542,1.0
2424,6.093518686810777,3.5147917474298866,1191.8884641168502,5000.0,0.699999988079071,0.19147516787052155,1.0
2425,13.265207071639415,2491.9388339693232,1993.2796640411202,5000.0,0.699999988079071,0.3035852015018463,1.0
2426,8.341895552030259,2.9755914881367653,1188.5571146255925,5000.0,0.699999988079071,0.3457877039909363,1.0
2427,8.34698545583973,709.5390984034422,1642.8770025120316,5000.0,0.699999988079071,0.4679947793483734,1.0
2428,13.945236616634284,2561.959098885027,1977.0699572167912,5000.0,0.699999988079071,0.44161322712898254,1.0
2429,13.958006779815488,2564.6294143615655,1977.4750119103385,5000.0,0.699999988079071,0.441419780254364,1.0
2430,16.93892181366183,3555.2852579885002,1994.215384252255,5000.0,0.699999988079071,0.26135024428367615,1.0
2431,13.27617515958123,2591.005176049412,1961.1090775150608,5000.0,0.699999988079071,0.42457160353660583,1.0
2432,6.013773290647272,658.162648122277,1628.5983644788023,5000.0,0.699999988079071,0.31176242232322693,1.0
2433,7.2722940668698834,449.98418836728973,1621.307450194972,5000.0,0.699999988079071,0.32835525274276733,1.0
2434,17.376728244875512,3580.3707792721507,1986.7427274792626,5000.0,0.699999988079071,0.3980555534362793,1.0
2435,13.244755497297728,2578.3480365321316,1964.9891935865699,5000.0,0.699999988079071,0.42244359850883484,1.0
2436,4.472263098325002,423.95518764273777,1609.9723238035754,5000.0,0.699999988079071,0.17314158380031586,1.0
2437,7.242607326327431,416.21848726730104,1605.893201006046,5000.0,0.699999988079071,0.32767152786254883,1.0
2438,13.329194161818254,2505.383267020956,1994.7265036699296,5000.0,0.699999988079071,0.30318140983581543,1.0
2439,7.249858771931614,414.0470919695303,1605.4866821748506,5000.0,0.699999988079071,0.32739362120628357,1.0
2440,4.44945221568007,406.77844881351797,1602.7990209083664,5000.0,0.699999988079071,0.17255578935146332,1.0
2441,13.320540366608943,2501.7061082532564,1994.6535569285534,5000.0,0.699999988079071,0.30292266607284546,1.0
2442,13.199055979707099,2561.2582604630898,1967.9111532496725,5000.0,0.699999988079071,0.42043963074684143,1.0
2443,5.866803412644683,548.1276397342369,1593.60860285692,5000.0,0.699999988079071,0.3077969253063202,1.0
2444,6.123095136259709,3.7891384869920515,1201.4529975176063,5000.0,0.699999988079071,0.19094300270080566,1.0
2445,12.609253653405643,2525.1480675390253,1982.054482632313,5000.0,0.699999988079071,0.283530592918396,1.0
2446,12.579404517359475,2517.2109002996567,1982.0373117850233,5000.0,0.699999988079071,0.2832208275794983,1.0
2447,13.819651643693954,2516.351130614669,1982.4129011879727,5000.0,0.699999988079071,0.43798086047172546,1.0
2448,13.832241283511745,2518.9283670663185,1982.7444399053813,5000.0,0.699999988079071,0.4377903938293457,1.0
2449,13.289781462048078,2491.621366012004,1994.7076912264888,5000.0,0.699999988079071,0.30246347188949585,1.0
2450,13.270698409772585,2485.667725729347,1994.413946143512,5000.0,0.699999988079071,0.30221644043922424,1.0
2451,11.912453858845494,2472.850842547725,1993.7205863780268,5000.0,0.699999988079071,0.14711590111255646,1.0
2452,4.392685992602772,365.1842740386536,1583.4270551013851,5000.0,0.699999988079071,0.17076094448566437,1.0
2453,11.830051110990107,2453.1197147835414,1993.0210848579886,5000.0,0.699999988079071,0.14660724997520447,1.0
2454,4.379660159714393,358.756345461182,1580.0387589130748,5000.0,0.699999988079071,0.17036522924900055,1.0
2455,13.104468037152296,2440.59747449952,1992.7362052824858,5000.0,0.699999988079071,0.3013572096824646,1.0
2456,17.48084390058994,3448.2428318793404,1992.6402377213367,5000.0,0.699999988079071,0.4124009609222412,1.0
2457,2.0969596267067634,5.203705273950696,1216.8060122034385,5000.0,0.699999988079071,0.03471856191754341,1.0
2458,4.371061069211266,359.60770883182533,1581.11214150478,5000.0,0.699999988079071,0.16996267437934875,1.0
2459,16.32308754293241,3404.1497247862253,1991.2943672436834,5000.0,0.699999988079071,0.2562446594238281,1.0
2460,12.929249853122501,2393.0646278425656,1990.8091139609737,5000.0,0.699999988079071,0.3002551794052124,1.0
2461,6.123681273527891,4.9636640288653116,1222.6033957471975,5000.0,0.699999988079071,0.18935152888298035,1.0
2462,11.516160084934901,2378.8858083073114,1990.001669660112,5000.0,0.699999988079071,0.14451996982097626,1.0
2463,5.8158961734377685,510.3711022412506,1582.4875398066179,5000.0,0.699999988079071,0.30521389842033386,1.0
2464,12.869609524213297,2376.073492076494,1990.1890185078928,5000.0,0.699999988079071,0.2997558116912842,1.0
2465,6.126668426811424,5.23356338124885,1226.8480622430563,5000.0,0.699999988079071,0.18899354338645935,1.0
2466,7.238315008473294,353.0863045726008,1578.4877714297368,5000.0,0.699999988079071,0.32437628507614136,1.0
2467,7.240528229770158,347.5427570888157,1575.8292024882414,5000.0,0.699999988079071,0.3241615295410156,1.0
2468,16.149123992227807,3361.902532705804,1990.0992654489787,5000.0,0.699999988079071,0.25480177998542786,1.0
2469,16.046178071733394,3337.619932233692,1989.4159601390684,5000.0,0.699999988079071,0.25411760807037354,1.0
2470,15.944765682653555,3313.7455931005097,1988.7397338029962,5000.0,0.699999988079071,0.2534394860267639,1.0
2471,11.280218504168015,2323.5417252243233,1987.8931331404792,5000.0,0.699999988079071,0.14282500743865967,1.0
2472,6.125383711412566,5.8674263884065105,1235.8929094402881,5000.0,0.699999988079071,0.18834485113620758,1.0
2473,8.439359684982454,4.876288206466138,1236.219693402238,5000.0,0.699999988079071,0.3437144458293915,1.0
2474,14.510184026743287,2359.650466522245,1975.175463763974,5000.0,0.699999988079071,0.5891602635383606,1.0
2475,16.94264926659381,3304.9285359586315,1988.4256831044845,5000.0,0.699999988079071,0.4077939987182617,1.0
2476,8.4789514911084,4.756419916569262,1235.486371104962,5000.0,0.699999988079071,0.34292683005332947,1.0
2477,19.407506393776973,4040.4005300585004,1988.001612631958,5000.0,0.699999988079071,0.36201047897338867,1.0
2478,16.837479488795328,3276.8247105961677,1987.457893361634,5000.0,0.699999988079071,0.40649551153182983,1.0
2479,6.169730743495617,5.933294518428627,1238.1460038054133,5000.0,0.699999988079071,0.18753300607204437,1.0
2480,1.9730447756651248,6.904664187405102,1239.2281115328396,5000.0,0.699999988079071,0.032479479908943176,1.0
2481,4.359879486187216,378.60280589349236,1596.3001334100932,5000.0,0.699999988079071,0.1684449017047882,1.0
2482,17.73524226246061,3252.1777664121532,1986.8495183564219,5000.0,0.699999988079071,0.560840904712677,1.0
2483,16.60791075749483,3291.2521092510765,1972.2742641736425,5000.0,0.699999988079071,0.5227299928665161,1.0
2484,12.591235075193133,2291.5850456299354,1986.384756588045,5000.0,0.699999988079071,0.2961520552635193,1.0
2485,16.09038417817295,3255.973399679332,1979.0203218571778,5000.0,0.699999988079071,0.3857828378677368,1.0
2486,12.381513399129394,2338.4692722792283,1959.2354670532427,5000.0,0.699999988079071,0.41242915391921997,1.0
2487,8.256027977539103,501.59339792522877,1584.1096566483538,5000.0,0.699999988079071,0.4582497775554657,1.0
2488,11.131279080178942,2287.938794869729,1986.3770103096867,5000.0,0.699999988079071,0.1409481316804886,1.0
2489,5.80206959754475,484.3807666352053,1578.2752062511945,5000.0,0.699999988079071,0.30249515175819397,1.0
2490,12.569878756993434,2285.6079615187973,1986.5750448597414,5000.0,0.699999988079071,0.29598546028137207,1.0
2491,7.286783640012573,333.45072085099986,1573.0123094502608,5000.0,0.699999988079071,0.3221358060836792,1.0
2492,15.588314313346402,3228.165905831378,1986.3259311213037,5000.0,0.699999988079071,0.24920617043972015,1.0
2493,6.182163802909021,6.527023095814931,1246.7282337966908,5000.0,0.699999988079071,0.18706780672073364,1.0
2494,7.293861039149652,332.65809660522814,1573.3180045463548,5000.0,0.699999988079071,0.3218558132648468,1.0
2495,11.710504203727496,2294.1925611272663,1973.890445538868,5000.0,0.699999988079071,0.2750188708305359,1.0
2496,1.9246722151757822,7.636872829239704,1248.4051790347971,5000.0,0.699999988079071,0.03169945627450943,1.0
2497,12.470206607658795,2256.9022870392505,1985.3891342151005,5000.0,0.699999988079071,0.29505378007888794,1.0
2498,13.7996134436854,2258.6482843944477,1985.533234351951,5000.0,0.699999988079071,0.45007479190826416,1.0
2499,5.788561028676377,463.61509423524427,1572.6462535977137,5000.0,0.699999988079071,0.3012145757675171,1.0
2500,6.202113815299075,6.837823823695798,1251.0338990540452,5000.0,0.699999988079071,0.18650804460048676,1.0
2501,16.401228218564682,3230.668018112542,1974.1588583978585,5000.0,0.699999988079071,0.5172204971313477,1.0
2502,16.545364557912087,3196.870753175773,1985.627177898552,5000.0,0.699999988079071,0.4028519093990326,1.0
2503,5.775118457127786,439.38494792473983,1563.2237891135048,5000.0,0.699999988079071,0.3001444935798645,1.0
2504,12.474979684331307,2254.7357693691297,1985.4139548742917,5000.0,0.699999988079071,0.2945224344730377,1.0
2505,15.86863856580145,3196.448518462662,1979.67666166967,5000.0,0.699999988079071,0.3812864422798157,1.0
2506,7.305084635615568,299.12709970500555,1555.9109533668793,5000.0,0.699999988079071,0.32047638297080994,1.0
2507,12.449838349464462,2246.853517746981,1985.1050181846117,5000.0,0.699999988079071,0.29416701197624207,1.0
2508,8.586073380937798,5.815259564406017,1254.795304994789,5000.0,0.699999988079071,0.341299444437027,1.0
2509,16.504313802005782,3182.7438604281165,1985.0870242576023,5000.0,0.699999988079071,0.40158140659332275,1.0
2510,13.035895384282965,2264.5033123918024,1973.7851236631882,5000.0,0.699999988079071,0.427640438079834,1.0
2511,19.71388368866397,3893.727567757054,1984.972069801303,5000.0,0.699999988079071,0.5085862278938293,1.0
2512,8.622483684421486,5.818970679346339,1255.5945235875558,5000.0,0.699999988079071,0.3406243622303009,1.0
2513,8.640738498102658,5.792068071107445,1255.4196483847588,5000.0,0.699999988079071,0.340206503868103,1.0
2514,13.84758877076661,2249.3557464233695,1984.647028933806,5000.0,0.699999988079071,0.44713127613067627,1.0
2515,1.8930411135614216,7.999469999387978,1254.4917308852196,5000.0,0.699999988079071,0.031269438564777374,1.0
2516,13.048891199588535,2261.54323670668,1972.4692340770184,5000.0,0.699999988079071,0.42669549584388733,1.0
2517,6.281326628126408,7.127746225376996,1256.6200802258068,5000.0,0.699999988079071,0.18518753349781036,1.0
2518,11.567005972003313,2254.2040353170796,1972.0984117485384,5000.0,0.699999988079071,0.27227574586868286,1.0
2519,12.426261647735553,2228.671028589979,1983.4890749718709,5000.0,0.699999988079071,0.292076051235199,1.0
2520,13.015092526528024,2249.3195747014274,1972.0636792712276,5000.0,0.699999988079071,0.42604774236679077,1.0
2521,11.530060353537564,2244.339845448434,1971.931688865115,5000.0,0.699999988079071,0.27175208926200867,1.0
2522,4.2999025397381585,304.569100841917,1566.2498178437622,5000.0,0.699999988079071,0.16467809677124023,1.0
2523,4.294440325238419,297.59651951307956,1562.0033303738342,5000.0,0.699999988079071,0.16444222629070282,1.0
2524,9.51622385192976,292.1995410675385,1557.9561225709103,5000.0,0.699999988079071,0.4727408289909363,1.0
2525,11.533519966924187,2242.7414422040133,1973.1057334060745,5000.0,0.699999988079071,0.27110379934310913,1.0
2526,11.509067547560988,2236.379913814165,1973.1299083786087,5000.0,0.699999988079071,0.2708301246166229,1.0
2527,11.484685091468624,2230.0855599003744,1973.1544384044391,5000.0,0.699999988079071,0.2705579996109009,1.0
2528,11.460516382043837,2223.857087595975,1973.1788262981177,5000.0,0.699999988079071,0.27028727531433105,1.0
2529,6.28845584615839,7.788222940239789,1264.6332577142207,5000.0,0.699999988079071,0.18481220304965973,1.0
2530,9.527873601736447,270.60688815203036,1545.1934796493415,5000.0,0.699999988079071,0.47207018733024597,1.0
2531,12.391775139526839,2214.67266386544,1982.8213428881418,5000.0,0.699999988079071,0.29129499197006226,1.0
2532,15.652623946161535,3136.729496304637,1977.8703837332623,5000.0,0.699999988079071,0.3766133189201355,1.0
2533,7.398861567493995,266.44619537079905,1543.881686407706,5000.0,0.699999988079071,0.3173813223838806,1.0
2534,10.622328351324432,4.573276024762371,1266.1313969473215,5000.0,0.699999988079071,0.4926718473434448,1.0
2535,7.42217987180639,265.7063209248997,1545.0867780813458,5000.0,0.699999988079071,0.3169674277305603,1.0
2536,8.773750246641997,6.279525005121163,1264.4711684064755,5000.0,0.699999988079071,0.33785533905029297,1.0
2537,12.476571513328858,2229.534739395654,1982.5896546189497,5000.0,0.699999988079071,0.2906603217124939,1.0
2538,12.458881414631188,2224.0408293589376,1982.2673952246666,5000.0,0.699999988079071,0.290431946516037,1.0
2539,9.622232973837992,269.3360341385361,1549.391394465723,5000.0,0.699999988079071,0.4698423147201538,1.0
2540,12.495506579287511,2230.8920251251434,1982.1960449400078,5000.0,0.699999988079071,0.29021865129470825,1.0
2541,6.959148981324284,459.8317078399771,1549.1750678052726,5000.0,0.699999988079071,0.4283604621887207,1.0
2542,7.461746657995115,250.3916541577316,1537.8962372248056,5000.0,0.699999988079071,0.31586286425590515,1.0
2543,12.538798158939127,2240.740542514239,1982.483911148344,5000.0,0.699999988079071,0.29030904173851013,1.0
2544,12.519660779539159,2234.9177470130444,1982.1462278295023,5000.0,0.699999988079071,0.2900767922401428,1.0
2545,6.957162008952381,430.21021380160437,1538.571653145134,5000.0,0.699999988079071,0.42676323652267456,1.0
2546,8.417887127201869,329.8238600426213,1526.914343927098,5000.0,0.699999988079071,0.4468507766723633,1.0
2547,13.184645000340346,2266.3843309227123,1976.1575127820595,5000.0,0.699999988079071,0.4216661751270294,1.0
2548,12.59538318726298,2252.4792637811142,1982.648184196584,5000.0,0.699999988079071,0.29026156663894653,1.0
2549,9.68197131197657,224.64020206801476,1521.032532238905,5000.0,0.699999988079071,0.4677104651927948,1.0
2550,14.06530626720226,2264.2502058379905,1982.8552916583762,5000.0,0.699999988079071,0.4428354799747467,1.0
2551,8.454337918915648,316.611155322416,1522.7224443580694,5000.0,0.699999988079071,0.4455350339412689,1.0
2552,15.542055567403917,3205.2910305429614,1982.356864308387,5000.0,0.699999988079071,0.24400225281715393,1.0
2553,5.7907189681996485,306.1716859994401,1517.6956526371362,5000.0,0.699999988079071,0.2924928069114685,1.0
2554,12.629469125556106,2256.434039082047,1982.1608650076105,5000.0,0.699999988079071,0.28979966044425964,1.0
2555,12.608394501572382,2250.0263858830644,1981.7959127577437,5000.0,0.699999988079071,0.2895601689815521,1.0
2556,13.186581697151121,2257.3737190177644,1975.4887039325574,5000.0,0.699999988079071,0.42011141777038574,1.0
2557,16.616077185765175,3177.850100253169,1981.5474250901675,5000.0,0.699999988079071,0.3954651653766632,1.0
2558,7.532830754656548,212.7180395558368,1515.6850968274834,5000.0,0.699999988079071,0.3137044310569763,1.0
2559,13.17732454081852,2251.7771223224736,1975.1058033159304,5000.0,0.699999988079071,0.4195616543292999,1.0
2560,10.922035157334111,2232.5241974965265,1980.4351429607323,5000.0,0.699999988079071,0.1363981068134308,1.0
2561,11.552731674822994,2232.2737412941106,1974.186893466831,5000.0,0.699999988079071,0.26666003465652466,1.0
2562,1.8182276502646244,9.004621721429858,1269.481918884429,5000.0,0.699999988079071,0.030233951285481453,1.0
2563,7.538576295595473,202.6121554156572,1508.3381432848973,5000.0,0.699999988079071,0.31318795680999756,1.0
2564,8.955987475916206,6.586476778232684,1271.8778710590177,5000.0,0.699999988079071,0.33518001437187195,1.0
2565,6.4738593174492935,7.9888298354586915,1271.4767659460038,5000.0,0.699999988079071,0.1824163794517517,1.0
2566,19.01773826941798,3843.0937920641277,1977.6419981719905,5000.0,0.699999988079071,0.4778312146663666,1.0
2567,12.443882854947526,2200.007682942259,1978.9827441476143,5000.0,0.699999988079071,0.2878030836582184,1.0
2568,8.986744370446594,6.756742357299249,1274.4704879638991,5000.0,0.699999988079071,0.3345577120780945,1.0
2569,13.638490883281763,2223.5168712804057,1967.260223162027,5000.0,0.699999988079071,0.5485019683837891,1.0
2570,10.964051051500785,4.702828295563885,1273.3860318678255,5000.0,0.699999988079071,0.4863448441028595,1.0
2571,13.715148150306694,2239.983154420041,1967.904372488255,5000.0,0.699999988079071,0.5478371977806091,1.0
2572,11.549080173859233,2227.304158468485,1973.1918930393176,5000.0,0.699999988079071,0.26555389165878296,1.0
2573,12.528999597397279,2214.8049447853878,1978.4671291424647,5000.0,0.699999988079071,0.2873295247554779,1.0
2574,4.30570239053543,190.4267377580591,1503.8428595575494,5000.0,0.699999988079071,0.15994396805763245,1.0
2575,5.816787823083351,261.38413711735024,1499.3878664323445,5000.0,0.699999988079071,0.28948816657066345,1.0
2576,16.451669948874244,3126.134904172248,1978.333783445793,5000.0,0.699999988079071,0.392581582069397,1.0
2577,15.108909262051718,3103.4288676748142,1977.4861933566388,5000.0,0.699999988079071,0.24000811576843262,1.0
2578,10.673197731938274,2175.4132396226664,1976.7505647263074,5000.0,0.699999988079071,0.1345057636499405,1.0
2579,15.959160027257019,3082.9583808763236,1971.8986546880772,5000.0,0.699999988079071,0.4986121654510498,1.0
2580,16.20465498273957,3066.446295496343,1976.8810222503644,5000.0,0.699999988079071,0.39103662967681885,1.0
2581,9.053458082837693,7.0561804555214245,1279.6885832482333,5000.0,0.699999988079071,0.3338962197303772,1.0
2582,12.328140036255455,2159.4092634706694,1976.0183055825914,5000.0,0.699999988079071,0.28591299057006836,1.0
2583,8.575840242402581,257.31628604925265,1498.74649898234,5000.0,0.699999988079071,0.4407358169555664,1.0
2584,10.590542884964488,2156.457830451762,1975.487684528599,5000.0,0.699999988079071,0.13385999202728271,1.0
2585,1.7627533392674963,10.02755679630999,1280.9684575680797,5000.0,0.699999988079071,0.02933202125132084,1.0
2586,4.30066279056945,175.02834627662736,1492.4813084213908,5000.0,0.699999988079071,0.1586650013923645,1.0
2587,13.794097316636085,2142.8416734371276,1975.3549054442526,5000.0,0.699999988079071,0.4375803768634796,1.0
2588,14.727883723273006,3017.1619676683176,1974.4817922109407,5000.0,0.699999988079071,0.23736074566841125,1.0
2589,10.40644497892507,2115.361285203474,1973.7750529956966,5000.0,0.699999988079071,0.13278843462467194,1.0
2590,11.08631799927595,2113.8805150492008,1968.5454805363152,5000.0,0.699999988079071,0.26218274235725403,1.0
2591,4.295286885866037,172.6260030957389,1491.14176070297,5000.0,0.699999988079071,0.1581905037164688,1.0
2592,7.635656559471863,168.59807383432454,1487.147639021169,5000.0,0.699999988079071,0.31025055050849915,1.0
2593,15.060510063468167,2978.8787797041805,1971.1849583511887,5000.0,0.699999988079071,0.36549338698387146,1.0
2594,18.822933069306675,3636.3737493699678,1973.580888723516,5000.0,0.699999988079071,0.4918457865715027,1.0
2595,13.626623952071055,2088.5461455569807,1973.0799436345849,5000.0,0.699999988079071,0.43645188212394714,1.0
2596,7.654196767938965,169.49299414012341,1489.8437709777352,5000.0,0.699999988079071,0.3099728524684906,1.0
2597,15.074295034768255,2097.7420715800636,1973.1342431271055,5000.0,0.699999988079071,0.5880663394927979,1.0
2598,7.677838034243877,169.59953874895444,1491.889715158275,5000.0,0.699999988079071,0.3096271753311157,1.0
2599,7.046453102894193,284.67053656217735,1488.405532078657,5000.0,0.699999988079071,0.41606220602989197,1.0
2600,12.156656161085035,2103.6696226907397,1972.4426497322847,5000.0,0.699999988079071,0.2838709354400635,1.0
2601,14.486046165249885,2961.3705442140686,1971.8861828346494,5000.0,0.699999988079071,0.23512102663516998,1.0
2602,11.162225638777459,5.642091022740791,1292.0719927701907,5000.0,0.699999988079071,0.48390838503837585,1.0
2603,9.196466163073081,7.8036376451570115,1290.6753549969956,5000.0,0.699999988079071,0.3315269947052002,1.0
2604,14.464509878650817,2955.6042376770165,1970.913308247292,5000.0,0.699999988079071,0.23476195335388184,1.0
2605,14.262316661167663,2094.0208270165963,1966.756342209668,5000.0,0.699999988079071,0.5631691813468933,1.0
2606,17.619397756936504,3607.690718520276,1970.5226922795148,5000.0,0.699999988079071,0.33707502484321594,1.0
2607,10.16461912263445,2059.803221621764,1969.5818905454432,5000.0,0.699999988079071,0.1308699995279312,1.0
2608,14.772909417665046,2909.2051627885094,1967.2748487400868,5000.0,0.699999988079071,0.362140953540802,1.0
2609,10.069626506354039,2039.0856487553692,1968.9333335793663,5000.0,0.699999988079071,0.13032416999340057,1.0
2610,13.185157781514603,2052.9788830514785,1960.2244327263936,5000.0,0.699999988079071,0.5399499535560608,1.0
2611,6.632212607364026,10.124188195555197,1296.7139154152983,5000.0,0.699999988079071,0.17966070771217346,1.0
2612,14.097114174054523,2874.062307245783,1968.534179530198,5000.0,0.699999988079071,0.232119619846344,1.0
2613,11.456822333655305,2034.535866042378,1959.4348972402036,5000.0,0.699999988079071,0.3876420855522156,1.0
2614,9.962915175852764,2015.4473794950784,1967.9397992637823,5000.0,0.699999988079071,0.12964363396167755,1.0
2615,11.414833303092973,2022.193681572843,1959.5352521462826,5000.0,0.699999988079071,0.38695356249809265,1.0
2616,10.043523122274763,147.05334299704487,1474.0866497496481,5000.0,0.699999988079071,0.45996811985969543,1.0
2617,5.867526903978238,203.00210265293316,1471.8365346984638,5000.0,0.699999988079071,0.2845292091369629,1.0
2618,9.240747172410643,8.575318470020951,1300.3305863734347,5000.0,0.699999988079071,0.33136436343193054,1.0
2619,14.020369963905116,2856.176496617438,1967.6378531818089,5000.0,0.699999988079071,0.23137249052524567,1.0
2620,10.07702991794839,140.3759238955975,1468.1768907863154,5000.0,0.699999988079071,0.45918941497802734,1.0
2621,5.878841363910706,193.73898797878718,1465.8978649274734,5000.0,0.699999988079071,0.28390830755233765,1.0
2622,1.672334900887429,12.022921559193291,1300.5213942901366,5000.0,0.699999988079071,0.027827581390738487,1.0
2623,12.518741392570545,2018.0302705475522,1963.9767254025087,5000.0,0.699999988079071,0.40875816345214844,1.0
2624,9.280016504459295,8.748497523437084,1302.725954191109,5000.0,0.699999988079071,0.33074864745140076,1.0
2625,7.783595306092852,130.09641961749648,1457.90438203911,5000.0,0.699999988079071,0.30676355957984924,1.0
2626,9.938492442152853,2008.4384093500742,1966.1561027533635,5000.0,0.699999988079071,0.12927015125751495,1.0
2627,4.328464516358459,127.7849476450267,1455.3587541147504,5000.0,0.699999988079071,0.15522955358028412,1.0
2628,1.6523693237267334,12.568330740171714,1304.8375514520405,5000.0,0.699999988079071,0.027442630380392075,1.0
2629,9.832825083181575,1985.4341786030304,1965.330065085763,5000.0,0.699999988079071,0.12871165573596954,1.0
2630,10.58269628917007,1981.5194265549485,1962.0066023452443,5000.0,0.699999988079071,0.2562001347541809,1.0
2631,6.675717650875007,11.496882129978335,1309.509699540677,5000.0,0.699999988079071,0.17864537239074707,1.0
2632,10.54743370915642,1972.6518104383636,1961.5989584055835,5000.0,0.699999988079071,0.25591713190078735,1.0
2633,8.762243941900184,169.12562128328932,1447.2009750713746,5000.0,0.699999988079071,0.4336760938167572,1.0
2634,9.753649096311245,1967.88159798748,1964.456555080316,5000.0,0.699999988079071,0.12822145223617554,1.0
2635,4.331811244412936,115.33506559079186,1440.467636864454,5000.0,0.699999988079071,0.15420310199260712,1.0
2636,8.773881583770047,157.76526606910517,1437.1320529526597,5000.0,0.699999988079071,0.43298599123954773,1.0
2637,10.540749409155714,1967.8756569288498,1961.8090482684124,5000.0,0.699999988079071,0.25506871938705444,1.0
2638,11.69176374234609,1961.983341484088,1964.3344713649858,5000.0,0.699999988079071,0.27971598505973816,1.0
2639,14.206550572824703,2768.401008654519,1962.779039402115,5000.0,0.699999988079071,0.3558218777179718,1.0
2640,11.35892529134424,7.008057128381545,1314.765766266371,5000.0,0.699999988079071,0.48208215832710266,1.0
2641,11.680582471981145,1954.8950269363986,1963.4469154211,5000.0,0.699999988079071,0.279163658618927,1.0
2642,6.714611756093056,11.941064464354795,1314.0838798614532,5000.0,0.699999988079071,0.1781032234430313,1.0
2643,16.561277763160014,3368.5151562126393,1962.7682201804632,5000.0,0.699999988079071,0.32905393838882446,1.0
2644,1.6006641904174468,14.083362604583588,1316.404932760296,5000.0,0.699999988079071,0.02647605910897255,1.0
2645,12.256568295608487,1928.2261131543673,1959.5448665907188,5000.0,0.699999988079071,0.40551039576530457,1.0
2646,7.839045192366565,107.7078657347021,1433.4832433438996,5000.0,0.699999988079071,0.30483901500701904,1.0
2647,10.364118729509297,1924.0083355457227,1959.0544824368287,5000.0,0.699999988079071,0.253734827041626,1.0
2648,8.826060258369203,144.80394557340438,1427.8325825268803,5000.0,0.699999988079071,0.4314388036727905,1.0
2649,6.730966691117859,12.383617866278845,1318.0535056053295,5000.0,0.699999988079071,0.1778130680322647,1.0
2650,10.36419156077497,1922.2944989950643,1958.9147951796053,5000.0,0.699999988079071,0.25334250926971436,1.0
2651,14.907331926156685,2714.2442184011707,1961.4069530308257,5000.0,0.699999988079071,0.37846481800079346,1.0
2652,9.729928543743217,167.95214520398355,1421.6048971096047,5000.0,0.699999988079071,0.5573415756225586,1.0
2653,13.386498240800943,2712.060187081327,1960.9084453882501,5000.0,0.699999988079071,0.22685278952121735,1.0
2654,6.743194600934682,12.62078438459055,1320.3539809675067,5000.0,0.699999988079071,0.17769761383533478,1.0
2655,7.876945622061755,92.72966487213783,1413.422785066564,5000.0,0.699999988079071,0.3038202226161957,1.0
2656,9.457689467015154,1900.9931524978965,1959.839724566711,5000.0,0.699999988079071,0.1262013167142868,1.0
2657,11.051773696705782,1901.247150632241,1955.9570901659774,5000.0,0.699999988079071,0.3784797489643097,1.0
2658,7.884267428614581,86.94288461618692,1404.4195430446857,5000.0,0.699999988079071,0.30352360010147095,1.0
2659,7.891356349032652,85.01190030262165,1401.5214196267343,5000.0,0.699999988079071,0.3033542037010193,1.0
2660,13.886712178340053,2687.5924766859393,1958.8610529650591,5000.0,0.699999988079071,0.3517947793006897,1.0
2661,1.5719446602854992,14.883415725511218,1323.17381517006,5000.0,0.699999988079071,0.02601371705532074,1.0
2662,6.759073559801619,13.19782436822047,1325.1102674758415,5000.0,0.699999988079071,0.17736782133579254,1.0
2663,9.343078982711855,1875.3930642474606,1958.4587679536426,5000.0,0.699999988079071,0.1255074143409729,1.0
2664,14.664426000851298,2648.924661411837,1958.728573520177,5000.0,0.699999988079071,0.37653595209121704,1.0
2665,13.170485514977042,1868.351396514807,1958.519296102086,5000.0,0.699999988079071,0.4280588626861572,1.0
2666,10.304853890319468,85.08172813006703,1404.5745501113356,5000.0,0.699999988079071,0.45410993695259094,1.0
2667,9.809105022803193,142.5450951112746,1402.4771147430429,5000.0,0.699999988079071,0.5542770028114319,1.0
2668,15.309230099610636,2666.089674698083,1957.4258200117656,5000.0,0.699999988079071,0.5015450716018677,1.0
2669,10.342116779950985,76.70788352061953,1391.1582496356757,5000.0,0.699999988079071,0.4533264636993408,1.0
2670,13.283084150481374,1886.8912683445892,1957.7211934696418,5000.0,0.699999988079071,0.42717838287353516,1.0
2671,4.391027011250455,76.86715416448777,1390.9865055242456,5000.0,0.699999988079071,0.15127980709075928,1.0
2672,11.0152936367203,1880.4224988853161,1953.974173783649,5000.0,0.699999988079071,0.37559959292411804,1.0
2673,11.616719059411727,7.555176481118791,1325.5617808299799,5000.0,0.699999988079071,0.4784718453884125,1.0
2674,13.798189322561663,2661.1702835890196,1955.7202829432931,5000.0,0.699999988079071,0.349600613117218,1.0
2675,4.402603811777607,71.17023145261662,1381.1950239815983,5000.0,0.699999988079071,0.1508716195821762,1.0
2676,10.190641465607015,1869.4488728825006,1954.6154634876257,5000.0,0.699999988079071,0.24981209635734558,1.0
2677,4.407055970128957,67.76831080632878,1374.3509146580743,5000.0,0.699999988079071,0.15054509043693542,1.0
2678,12.167511748802296,1866.5821963875703,1954.8288263710676,5000.0,0.699999988079071,0.4003068208694458,1.0
2679,6.846350318518667,13.210392733825264,1327.4869525345962,5000.0,0.699999988079071,0.17659829556941986,1.0
2680,13.2490736340523,1862.9524592044518,1955.5915290233636,5000.0,0.699999988079071,0.4261908233165741,1.0
2681,12.992307048257542,2619.72491262314,1954.5971389271886,5000.0,0.699999988079071,0.2234942466020584,1.0
2682,12.116728818238032,1847.5165471317596,1953.4363442955505,5000.0,0.699999988079071,0.3996194005012512,1.0
2683,10.90582506670682,1845.007965936163,1951.9439250532832,5000.0,0.699999988079071,0.37340813875198364,1.0
2684,12.11710389185103,1845.6482273950046,1953.3981648994463,5000.0,0.699999988079071,0.3992883563041687,1.0
2685,13.859564053115099,1849.6593969552875,1953.6021472247216,5000.0,0.699999988079071,0.5498055219650269,1.0
2686,13.238367650162703,1848.1563921587388,1954.149972920899,5000.0,0.699999988079071,0.42524197697639465,1.0
2687,6.061813198853603,85.75908739291991,1365.8534852513963,5000.0,0.699999988079071,0.2741430103778839,1.0
2688,12.14330237319764,1846.199491966051,1952.5879382853645,5000.0,0.699999988079071,0.39855334162712097,1.0
2689,8.054422653690875,57.22350286098132,1356.2610527519055,5000.0,0.699999988079071,0.2999826669692993,1.0
2690,4.4378434502402175,56.28183246031331,1353.0257437222658,5000.0,0.699999988079071,0.14955362677574158,1.0
2691,11.758101009193274,7.738292973836521,1330.0347679908475,5000.0,0.699999988079071,0.47673141956329346,1.0
2692,9.088620841045293,76.45014444110967,1352.505922910265,5000.0,0.699999988079071,0.42312490940093994,1.0
2693,8.088690251561443,52.35761190199477,1345.854253914592,5000.0,0.699999988079071,0.29927173256874084,1.0
2694,6.103111393938015,71.04283660427332,1342.9922642524748,5000.0,0.699999988079071,0.2725194990634918,1.0
2695,13.320157343128454,1854.9318610067792,1952.218940361399,5000.0,0.699999988079071,0.4244336485862732,1.0
2696,6.112566727499195,68.15960799976,1338.200781256275,5000.0,0.699999988079071,0.272152304649353,1.0
2697,11.462008051089681,1848.3119773384599,1951.3361837336936,5000.0,0.699999988079071,0.2742757797241211,1.0
2698,6.953095861730229,12.998105270315358,1328.5990058877312,5000.0,0.699999988079071,0.1757078915834427,1.0
2699,11.432774728836144,1837.9741656998046,1950.5230514873897,5000.0,0.699999988079071,0.273860365152359,1.0
2700,9.726696978295266,10.831595576729239,1330.4617414356746,5000.0,0.699999988079071,0.32505422830581665,1.0
2701,13.961917749071755,1839.958038974826,1949.5054054071347,5000.0,0.699999988079071,0.5459735989570618,1.0
2702,6.98952436730605,13.015618475464414,1329.3349437720542,5000.0,0.699999988079071,0.1751236468553543,1.0
2703,12.889104566916288,1835.6016763253563,1947.9013032357973,5000.0,0.699999988079071,0.5191369652748108,1.0
2704,14.593829033535112,2592.4833055824256,1948.9011528180463,5000.0,0.699999988079071,0.3712579011917114,1.0
2705,9.181059339361783,63.882379918854056,1333.2057092528146,5000.0,0.699999988079071,0.420605331659317,1.0
2706,15.186897236514914,2591.073721828717,1948.3072294006852,5000.0,0.699999988079071,0.49355843663215637,1.0
2707,10.906378152353808,1823.815223889528,1946.8302572886723,5000.0,0.699999988079071,0.36872726678848267,1.0
2708,12.805051445174977,2571.096039627804,1947.7627181203823,5000.0,0.699999988079071,0.22130075097084045,1.0
2709,9.997995360651185,1807.1032897282632,1946.9496095740049,5000.0,0.699999988079071,0.24566367268562317,1.0
2710,9.029390699594908,1798.3479251246858,1947.1359540964881,5000.0,0.699999988079071,0.12311073392629623,1.0
2711,1.5298617876562124,15.523700038187862,1333.5873647198111,5000.0,0.699999988079071,0.02556968666613102,1.0
2712,7.007715238848208,13.745826635009989,1335.4358183151044,5000.0,0.699999988079071,0.17490680515766144,1.0
2713,8.932443087482142,1777.450489966702,1946.1394902564323,5000.0,0.699999988079071,0.12259593605995178,1.0
2714,14.274149545882441,2510.6488920855722,1946.4781283215589,5000.0,0.699999988079071,0.3691258728504181,1.0
2715,4.4762781993984815,43.10821366518636,1324.671212428641,5000.0,0.699999988079071,0.14772385358810425,1.0
2716,6.152490505398889,56.76495814827752,1319.6855928865557,5000.0,0.699999988079071,0.27004823088645935,1.0
2717,1.505819231196782,16.42801667175164,1339.215875066917,5000.0,0.699999988079071,0.025075308978557587,1.0
2718,9.803525739167716,11.922017066838489,1341.2400424878167,5000.0,0.699999988079071,0.32416364550590515,1.0
2719,8.198616537074663,39.36002178937905,1315.921752804284,5000.0,0.699999988079071,0.2966611981391907,1.0
2720,7.031657592196611,14.480012232877069,1340.9294789528042,5000.0,0.699999988079071,0.17427004873752594,1.0
2721,15.11102909052506,3032.1581839624546,1944.2261618675375,5000.0,0.699999988079071,0.31599757075309753,1.0
2722,1.4891187579589233,17.032004262448023,1343.0970570803572,5000.0,0.699999988079071,0.02473626285791397,1.0
2723,12.947893036457046,2448.6594673495906,1943.521051591475,5000.0,0.699999988079071,0.3405350148677826,1.0
2724,13.050803411087658,1729.5668443772524,1943.9879196213597,5000.0,0.699999988079071,0.42023271322250366,1.0
2725,8.649272239844302,1716.6792611826372,1942.6966572804884,5000.0,0.699999988079071,0.12101558595895767,1.0
2726,6.162208850701951,54.190287136840446,1316.3138544946237,5000.0,0.699999988079071,0.26933959126472473,1.0
2727,7.040738471995239,15.362329911660156,1347.1804687912797,5000.0,0.699999988079071,0.17389430105686188,1.0
2728,9.59587857250645,1708.4614201752424,1941.7678708366257,5000.0,0.699999988079071,0.2430453598499298,1.0
2729,7.044942628424541,15.57853703887935,1348.6775422321946,5000.0,0.699999988079071,0.17376293241977692,1.0
2730,10.47106556702542,1703.0370844514905,1941.0292434395894,5000.0,0.699999988079071,0.365045964717865,1.0
2731,8.230537741116269,35.33458685513349,1306.20942144191,5000.0,0.699999988079071,0.2957365810871124,1.0
2732,11.812078324850168,1704.2821640947634,1941.4290558913294,5000.0,0.699999988079071,0.39194098114967346,1.0
2733,13.010950007095802,1704.369222956817,1941.7296033690925,5000.0,0.699999988079071,0.4193592667579651,1.0
2734,7.513677760228105,55.43088720533152,1298.0839197094556,5000.0,0.699999988079071,0.3898649513721466,1.0
2735,9.575054761780837,1699.5435974034483,1940.4247397689685,5000.0,0.699999988079071,0.24206668138504028,1.0
2736,6.2111129653758885,41.94513355899315,1289.3494617194467,5000.0,0.699999988079071,0.2671163082122803,1.0
2737,8.543348206121104,1692.9745214102918,1940.4004169151171,5000.0,0.699999988079071,0.12046835571527481,1.0
2738,13.422502717020672,2392.9765365558296,1940.5883914613382,5000.0,0.699999988079071,0.45887887477874756,1.0
2739,9.518610926506359,1684.644788780457,1940.1975384484742,5000.0,0.699999988079071,0.24117842316627502,1.0
2740,9.500104784516683,1679.979304499668,1940.1024244300108,5000.0,0.699999988079071,0.24096889793872833,1.0
2741,9.884284792852712,13.097428049988071,1352.5652425260378,5000.0,0.699999988079071,0.32386496663093567,1.0
2742,8.274128012034264,27.892725470635543,1285.4599874507778,5000.0,0.699999988079071,0.2946595549583435,1.0
2743,10.416931207713393,1677.022892878741,1939.113042875233,5000.0,0.699999988079071,0.3615405559539795,1.0
2744,8.28338888153126,26.17363716843647,1280.6935966197962,5000.0,0.699999988079071,0.2944204807281494,1.0
2745,12.63156183843778,2368.960936596162,1939.210669351235,5000.0,0.699999988079071,0.3361889719963074,1.0
2746,9.33967828468408,31.924753788535902,1261.9318867526924,5000.0,0.699999988079071,0.4146803617477417,1.0
2747,8.299001724505027,24.253905271313034,1275.9424508585444,5000.0,0.699999988079071,0.29407578706741333,1.0
2748,7.099230082774053,15.814170316320563,1352.24986858337,5000.0,0.699999988079071,0.17383934557437897,1.0
2749,8.31121882789084,23.892363363279916,1275.8813775108538,5000.0,0.699999988079071,0.29378893971443176,1.0
2750,1.4515295403939188,18.286287658486877,1352.7668592696978,5000.0,0.699999988079071,0.02413077838718891,1.0
2751,9.950381425537383,13.246192563356754,1354.6981503317047,5000.0,0.699999988079071,0.32301536202430725,1.0
2752,14.737616239255098,1669.6838103942398,1937.7158844784842,5000.0,0.699999988079071,0.5676057934761047,1.0
2753,7.14212211634128,15.94052618997419,1353.6527836506611,5000.0,0.699999988079071,0.17302443087100983,1.0
2754,4.5523802271910006,25.68713394094291,1287.4869933345697,5000.0,0.699999988079071,0.14419735968112946,1.0
2755,6.27785497122008,30.3545692621119,1264.4631259812106,5000.0,0.699999988079071,0.2641347348690033,1.0
2756,9.411993946236223,1651.114251177255,1935.2270955603083,5000.0,0.699999988079071,0.23938871920108795,1.0
2757,10.353959352429195,1649.3642852246269,1935.2438693106235,5000.0,0.699999988079071,0.3589889407157898,1.0
2758,9.393483142865236,1645.7460246414844,1935.1801249059586,5000.0,0.699999988079071,0.2389250099658966,1.0
2759,8.356748441137226,21.19242676483486,1275.0003392557014,5000.0,0.699999988079071,0.29266515374183655,1.0
2760,10.875500368372872,1642.8714174236247,1935.0067740457127,5000.0,0.699999988079071,0.26851239800453186,1.0
2761,1.4336715595022698,18.918907055744032,1357.177358058614,5000.0,0.699999988079071,0.02380526438355446,1.0
2762,11.579686629154228,2302.3512812144213,1934.2324617624233,5000.0,0.699999988079071,0.2141788750886917,1.0
2763,9.42431217170074,24.977815650817785,1245.8236383504022,5000.0,0.699999988079071,0.4119788110256195,1.0
2764,1.4248932148203883,19.29825309823392,1359.3645451324683,5000.0,0.699999988079071,0.023627333343029022,1.0
2765,12.88555802824096,1622.7975104095647,1934.0990003981547,5000.0,0.699999988079071,0.4172563850879669,1.0
2766,10.790023368670703,1614.7618577269807,1933.137873104348,5000.0,0.699999988079071,0.26762819290161133,1.0
2767,11.626773661237772,1611.8318709568086,1932.87754523909,5000.0,0.699999988079071,0.38692325353622437,1.0
2768,6.313489894291505,25.80680404476276,1259.8225661801189,5000.0,0.699999988079071,0.26227307319641113,1.0
2769,10.052731324486617,13.98755377709772,1361.941622142829,5000.0,0.699999988079071,0.32160115242004395,1.0
2770,14.6508173847181,2784.651277322558,1932.0467430304072,5000.0,0.699999988079071,0.4274309277534485,1.0
2771,8.407457618317336,20.149250519575354,1281.9845891981215,5000.0,0.699999988079071,0.2915848195552826,1.0
2772,11.611186406466032,1600.5892953397342,1931.6115328896578,5000.0,0.699999988079071,0.38612717390060425,1.0
2773,10.748024819058955,1595.7784228432356,1931.1797946351376,5000.0,0.699999988079071,0.26692450046539307,1.0
2774,10.732273205539897,1590.1903460620317,1930.7945275328477,5000.0,0.699999988079071,0.2666998505592346,1.0
2775,8.429868516702195,19.961058079356302,1284.3974787774794,5000.0,0.699999988079071,0.29116764664649963,1.0
2776,10.719466686889582,1583.9980193391812,1930.034455584556,5000.0,0.699999988079071,0.2664225995540619,1.0
2777,6.335752775558591,24.045235649522986,1261.5112874510362,5000.0,0.699999988079071,0.261424720287323,1.0
2778,6.344272856636529,23.065484615305227,1261.1212567270438,5000.0,0.699999988079071,0.2609724998474121,1.0
2779,10.143979343054992,1580.1592201515427,1929.4597656651174,5000.0,0.699999988079071,0.35493212938308716,1.0
2780,10.115134729306034,14.21474650794884,1364.850410019974,5000.0,0.699999988079071,0.3211148977279663,1.0
2781,7.233896434853236,17.310003129354527,1364.6305078164537,5000.0,0.699999988079071,0.17197895050048828,1.0
2782,8.465277793348882,18.374586234383443,1291.2349556075033,5000.0,0.699999988079071,0.29028820991516113,1.0
2783,12.049414288418317,2222.626034126036,1928.0401129930426,5000.0,0.699999988079071,0.33032163977622986,1.0
2784,8.471933638635921,18.096814582258784,1293.864777808644,5000.0,0.699999988079071,0.2901444435119629,1.0
2785,4.613764111020915,20.495072443617026,1311.0656684537191,5000.0,0.699999988079071,0.1414492428302765,1.0
2786,8.479745019034612,17.764849381567576,1297.4021926953335,5000.0,0.699999988079071,0.2898920774459839,1.0
2787,7.2553811263442345,17.586990293392628,1366.7661733203392,5000.0,0.699999988079071,0.1716918796300888,1.0
2788,6.381239214189701,20.2718894749149,1269.209046129584,5000.0,0.699999988079071,0.2592639625072479,1.0
2789,10.094075232937607,1558.6343269094148,1926.4399147175636,5000.0,0.699999988079071,0.3530546724796295,1.0
2790,7.910448866446012,1552.7348249856245,1926.0565042281135,5000.0,0.699999988079071,0.11726316064596176,1.0
2791,4.627520111952482,20.021673111869248,1322.4791771415607,5000.0,0.699999988079071,0.1407037377357483,1.0
2792,7.257345336486514,18.02643297798468,1369.5735446537487,5000.0,0.699999988079071,0.17171670496463776,1.0
2793,4.629197515170653,20.105462312990987,1325.7729709728371,5000.0,0.699999988079071,0.1405278593301773,1.0
2794,10.606358355246776,1540.4699056925506,1925.4411490666748,5000.0,0.699999988079071,0.26564550399780273,1.0
2795,4.630441974701879,20.217692370649367,1328.7049501330823,5000.0,0.699999988079071,0.14037621021270752,1.0
2796,8.507303346707543,17.226376208498316,1316.4372728107974,5000.0,0.699999988079071,0.288930207490921,1.0
2797,4.6356556600407455,20.09275637094826,1332.3241883668575,5000.0,0.699999988079071,0.14013789594173431,1.0
2798,14.922448191637338,2170.9218030675215,1924.9280690305525,5000.0,0.699999988079071,0.5082517266273499,1.0
2799,7.7565004519844125,1519.5357147309428,1923.417916066319,5000.0,0.699999988079071,0.11648668348789215,1.0
2800,6.41167841591685,18.99293487964176,1290.2317977727155,5000.0,0.699999988079071,0.2574615180492401,1.0
2801,4.641203236107133,20.165471905758945,1338.1164820136364,5000.0,0.699999988079071,0.13979487121105194,1.0
2802,12.462701819554454,10.98315882841198,1375.4284005029642,5000.0,0.699999988079071,0.46871164441108704,1.0
2803,8.544325627916288,16.96347378690481,1325.655778992921,5000.0,0.699999988079071,0.2881026268005371,1.0
2804,8.551233139445284,16.85743946416424,1327.1493692058623,5000.0,0.699999988079071,0.2879420220851898,1.0
2805,13.01436957397427,2140.685530100946,1921.814074739317,5000.0,0.699999988079071,0.3584516644477844,1.0
2806,1.3646049934440654,21.56301150936248,1374.7798860187158,5000.0,0.699999988079071,0.022543245926499367,1.0
2807,13.13534197658534,2596.4830781409237,1921.2005847623502,5000.0,0.699999988079071,0.3032417893409729,1.0
2808,11.581318872765882,2107.8779444234965,1921.330969981413,5000.0,0.699999988079071,0.32624509930610657,1.0
2809,10.459398731258904,1485.6530131853017,1921.2727668224843,5000.0,0.699999988079071,0.2639339864253998,1.0
2810,7.3180289870260635,19.436453814806917,1379.0679826817673,5000.0,0.699999988079071,0.1705625206232071,1.0
2811,11.495552668734033,2087.711512051649,1920.5336924536487,5000.0,0.699999988079071,0.32565543055534363,1.0
2812,8.740986530981498,1469.57631187366,1920.317025669512,5000.0,0.699999988079071,0.23225829005241394,1.0
2813,10.40581558151091,1467.7886782343876,1920.4289219068307,5000.0,0.699999988079071,0.2634564936161041,1.0
2814,12.750425618166217,2070.8868060951095,1920.3354582140348,5000.0,0.699999988079071,0.35612204670906067,1.0
2815,10.281463748480169,16.350325727495612,1382.5462686307499,5000.0,0.699999988079071,0.318610817193985,1.0
2816,10.37757339039794,1454.0341294369052,1919.0676153529296,5000.0,0.699999988079071,0.2627221941947937,1.0
2817,7.410145378058406,1444.768236816205,1918.3031684716727,5000.0,0.699999988079071,0.11446370929479599,1.0
2818,4.645630656900077,21.472754720477564,1353.1846063872772,5000.0,0.699999988079071,0.13917699456214905,1.0
2819,14.581629134526919,2044.8722282172725,1919.0540647305236,5000.0,0.699999988079071,0.5031394958496094,1.0
2820,7.346936773599453,1431.1784998867677,1917.517179294015,5000.0,0.699999988079071,0.11407924443483353,1.0
2821,7.31637503221904,1424.81802561733,1917.3954969144158,5000.0,0.699999988079071,0.11388413608074188,1.0
2822,10.28294746222234,1422.660450117908,1917.6741090973774,5000.0,0.699999988079071,0.26177269220352173,1.0
2823,8.52930292489927,1415.848957673591,1917.1371408617076,5000.0,0.699999988079071,0.23110663890838623,1.0
2824,4.6454314758195485,22.135335437605868,1359.5314584462635,5000.0,0.699999988079071,0.13889019191265106,1.0
2825,7.358925624438782,21.114028490522067,1389.2668951834344,5000.0,0.699999988079071,0.16950611770153046,1.0
2826,7.364550067802877,21.21537266724678,1389.8643772788378,5000.0,0.699999988079071,0.16933540999889374,1.0
2827,8.614701087426283,18.75894273912877,1351.8020814082722,5000.0,0.699999988079071,0.2865852117538452,1.0
2828,8.621478558771994,18.66355194613646,1353.1578394576895,5000.0,0.699999988079071,0.2864222824573517,1.0
2829,10.357921930589084,17.432936292850197,1390.6214343260858,5000.0,0.699999988079071,0.31674090027809143,1.0
2830,4.654440361562508,22.187907960007085,1364.7672592119536,5000.0,0.699999988079071,0.13859134912490845,1.0
2831,10.374642964148679,17.499819433198677,1391.2126797761036,5000.0,0.699999988079071,0.3163032829761505,1.0
2832,10.391938229025783,17.469202145227943,1391.1827889658996,5000.0,0.699999988079071,0.3157893717288971,1.0
2833,4.658441559129527,22.19273237210198,1366.2734250058995,5000.0,0.699999988079071,0.13854250311851501,1.0
2834,4.660491809730229,22.245540222520777,1368.1418144440818,5000.0,0.699999988079071,0.13839340209960938,1.0
2835,8.663576428830696,18.5874334328084,1360.544186385298,5000.0,0.699999988079071,0.2853751480579376,1.0
2836,7.130913469153186,1382.7176817903612,1911.5748279257946,5000.0,0.699999988079071,0.11320366710424423,1.0
2837,10.204152990695816,1381.034594645671,1911.901654793926,5000.0,0.699999988079071,0.2601591646671295,1.0
2838,7.426090989727839,21.807291972043267,1393.942998373032,5000.0,0.699999988079071,0.168040931224823,1.0
2839,14.373218293251684,1949.1630319849544,1911.712238497643,5000.0,0.699999988079071,0.4986632764339447,1.0
2840,11.367579691642312,14.03863979364884,1339.4431866909658,5000.0,0.699999988079071,0.4316231310367584,1.0
2841,14.568114503720388,1376.4630045356691,1910.6585525747544,5000.0,0.699999988079071,0.5523114800453186,1.0
2842,7.473196433264043,21.50929370041538,1393.2404120282488,5000.0,0.699999988079071,0.16721542179584503,1.0
2843,7.478600198780277,21.620144354854975,1393.8705078226994,5000.0,0.699999988079071,0.1670379638671875,1.0
2844,8.330155468940779,1356.5589068453362,1907.7313172977392,5000.0,0.699999988079071,0.22990472614765167,1.0
2845,10.173705398531027,1355.3613678447382,1907.8857955260225,5000.0,0.699999988079071,0.2584678530693054,1.0
2846,10.51194678581298,17.97529566594259,1395.8873460672282,5000.0,0.699999988079071,0.31265947222709656,1.0
2847,9.770614922697062,1902.8818713010146,1906.6618531416832,5000.0,0.699999988079071,0.2037549912929535,1.0
2848,6.931168554516274,1337.8443245658066,1906.433590183491,5000.0,0.699999988079071,0.11205083131790161,1.0
2849,9.690320332715723,1886.0879838089907,1906.7102858380663,5000.0,0.699999988079071,0.20305854082107544,1.0
2850,6.8737050905476975,1325.8595883283756,1906.4575516163623,5000.0,0.699999988079071,0.11162149161100388,1.0
2851,4.6649645035284655,23.593991196060582,1379.391821689436,5000.0,0.699999988079071,0.13808614015579224,1.0
2852,6.478097405151393,20.501733178920674,1350.439572354829,5000.0,0.699999988079071,0.25540897250175476,1.0
2853,10.521991023254973,18.763095002054595,1401.107186293306,5000.0,0.699999988079071,0.3126160502433777,1.0
2854,10.079998674061533,1319.5002444282482,1905.697326526352,5000.0,0.699999988079071,0.2572901248931885,1.0
2855,12.885702625314224,13.347657115179773,1401.8433082208219,5000.0,0.699999988079071,0.45755624771118164,1.0
2856,12.931830245879999,1862.0801930605217,1904.7897218189123,5000.0,0.699999988079071,0.46511244773864746,1.0
2857,9.865357541187038,15.31584363971692,1321.9526986776248,5000.0,0.699999988079071,0.4005028307437897,1.0
2858,4.684242294200956,23.15364775188013,1383.4061968573458,5000.0,0.699999988079071,0.13771644234657288,1.0
2859,7.539082814874188,22.690475230711034,1400.7921922375806,5000.0,0.699999988079071,0.16582180559635162,1.0
2860,1.2618246529789663,26.224889135792527,1401.17483989224,5000.0,0.699999988079071,0.020478185266256332,1.0
2861,8.790459168510974,19.528584528215507,1380.208420337606,5000.0,0.699999988079071,0.2826676368713379,1.0
2862,9.302419407837611,1299.7423783351785,1902.38389326645,5000.0,0.699999988079071,0.3452425003051758,1.0
2863,7.548576949265251,22.98260530884422,1402.4835427253265,5000.0,0.699999988079071,0.16563889384269714,1.0
2864,1.2555629615187605,26.55507510508421,1402.8461995922728,5000.0,0.699999988079071,0.0203492920845747,1.0
2865,11.90839132201188,1294.677655411599,1902.0943419496086,5000.0,0.699999988079071,0.48992806673049927,1.0
2866,8.81086799417943,19.45678529990961,1385.8000600380587,5000.0,0.699999988079071,0.282107949256897,1.0
2867,12.022437663229768,1825.7482341519392,1901.1502783177693,5000.0,0.699999988079071,0.34682807326316833,1.0
2868,7.569086986059089,23.213749002894307,1404.1270721440653,5000.0,0.699999988079071,0.1652613878250122,1.0
2869,10.021627757305385,1280.9739837845511,1900.1413868539219,5000.0,0.699999988079071,0.2556327283382416,1.0
2870,12.504941575778734,1280.3610284741394,1900.2146236889546,5000.0,0.699999988079071,0.40020185708999634,1.0
2871,9.935150046732002,14.8752570972332,1346.9884331451324,5000.0,0.699999988079071,0.39838114380836487,1.0
2872,4.707587430349705,23.5582661060903,1393.555106387072,5000.0,0.699999988079071,0.1368824988603592,1.0
2873,13.037414006184799,13.570183248162403,1405.638553532744,5000.0,0.699999988079071,0.45376837253570557,1.0
2874,4.712205183790017,23.485220864750612,1394.0434158777762,5000.0,0.699999988079071,0.13685929775238037,1.0
2875,4.7141466063802,23.580000607965093,1395.2563061993465,5000.0,0.699999988079071,0.1367100030183792,1.0
2876,10.996983490817858,1266.7018084533004,1897.2102507090187,5000.0,0.699999988079071,0.37124115228652954,1.0
2877,9.972860282735798,14.470165166824508,1360.165326736691,5000.0,0.699999988079071,0.3969678282737732,1.0
2878,8.881716360969296,19.301266025104866,1393.2604804101245,5000.0,0.699999988079071,0.2804500162601471,1.0
2879,6.586214598681007,1258.123895558961,1895.2327442946992,5000.0,0.699999988079071,0.11064442247152328,1.0
2880,8.887021504302922,19.455159131484912,1395.0674061195325,5000.0,0.699999988079071,0.280286967754364,1.0
2881,7.996054692014681,1253.5650243182185,1894.974910361077,5000.0,0.699999988079071,0.22646361589431763,1.0
2882,8.893907954942708,19.485975549731027,1396.7079178515755,5000.0,0.699999988079071,0.2800908088684082,1.0
2883,10.988991720441744,1252.8971083951487,1894.8960747206927,5000.0,0.699999988079071,0.3702283501625061,1.0
2884,8.906373660869328,19.412731046163454,1397.5853118708258,5000.0,0.699999988079071,0.2798038721084595,1.0
2885,12.09634775409834,2161.9570215407066,1894.23758121985,5000.0,0.699999988079071,0.4065186679363251,1.0
2886,7.961192419204143,1241.9637741271197,1894.1289865022334,5000.0,0.699999988079071,0.22570881247520447,1.0
2887,6.492691755172002,1237.3057808487868,1893.8703427775934,5000.0,0.699999988079071,0.11000480502843857,1.0
2888,11.677516738265986,14.110041601556494,1393.3652131525146,5000.0,0.699999988079071,0.4238840937614441,1.0
2889,10.966237170610986,1236.767099651824,1893.695663354421,5000.0,0.699999988079071,0.36935994029045105,1.0
2890,7.663243364246576,23.621015982212075,1408.496639775725,5000.0,0.699999988079071,0.16392609477043152,1.0
2891,11.803369700138592,1739.7615293473496,1892.8810586664147,5000.0,0.699999988079071,0.3434150516986847,1.0
2892,7.896303456069893,1222.4084685083442,1892.2800716462752,5000.0,0.699999988079071,0.22517238557338715,1.0
2893,12.49708710295469,1224.9743654656606,1892.863080031941,5000.0,0.699999988079071,0.3971048593521118,1.0
2894,8.949482947340405,19.719975728179392,1402.8719772136953,5000.0,0.699999988079071,0.2789662778377533,1.0
2895,10.073574707385397,1718.9040418608934,1891.436442971273,5000.0,0.699999988079071,0.31450048089027405,1.0
2896,7.860555357856937,1211.0539286865499,1891.339674947041,5000.0,0.699999988079071,0.22470298409461975,1.0
2897,7.687546132064339,24.03115231493914,1411.2296925903745,5000.0,0.699999988079071,0.1635163277387619,1.0
2898,7.838932212411515,1204.6155004273955,1890.7981686984047,5000.0,0.699999988079071,0.22451436519622803,1.0
2899,1.2228719663574894,27.87644540990621,1412.1100808003,5000.0,0.699999988079071,0.019797617569565773,1.0
2900,10.905665805588589,1201.24882508833,1891.0216506549164,5000.0,0.699999988079071,0.3679058849811554,1.0
2901,9.881608242027323,1197.2697598397847,1890.421457938188,5000.0,0.699999988079071,0.25250402092933655,1.0
2902,7.7939788054886145,1191.3645918647806,1889.937846157035,5000.0,0.699999988079071,0.22409534454345703,1.0
2903,7.785353743004008,1188.7518745200362,1889.9644086321339,5000.0,0.699999988079071,0.2239147275686264,1.0
2904,10.885504006556795,1189.5988575125566,1890.4205307929087,5000.0,0.699999988079071,0.367415189743042,1.0
2905,10.829109308794024,20.215191495667398,1415.1191066789256,5000.0,0.699999988079071,0.30677106976509094,1.0
2906,8.988663514732552,20.296826785903427,1410.1085050923516,5000.0,0.699999988079071,0.2779765725135803,1.0
2907,6.229850497387993,1177.280215048847,1887.9508401114851,5000.0,0.699999988079071,0.10859381407499313,1.0
2908,9.843136351678652,1176.2306905473542,1888.3816463244032,5000.0,0.699999988079071,0.2516898214817047,1.0
2909,7.72528465971013,24.918420694369892,1416.4890583792385,5000.0,0.699999988079071,0.16260337829589844,1.0
2910,4.769812232489194,25.103983583414614,1413.8568507745085,5000.0,0.699999988079071,0.1346050202846527,1.0
2911,10.864924989603134,20.587039479882616,1417.733175218661,5000.0,0.699999988079071,0.3054649531841278,1.0
2912,9.824197870581626,1163.1149664409552,1886.3655720147017,5000.0,0.699999988079071,0.2509879469871521,1.0
2913,9.018018911790803,20.722701905958285,1413.7732745499131,5000.0,0.699999988079071,0.2771582007408142,1.0
2914,11.834469169354708,14.747982297938266,1410.120653906795,5000.0,0.699999988079071,0.4194789230823517,1.0
2915,8.104439375677217,14.870278433131974,1395.8937562978788,5000.0,0.699999988079071,0.3645399212837219,1.0
2916,7.761244546378414,24.86139519808756,1416.9713727088526,5000.0,0.699999988079071,0.16187125444412231,1.0
2917,4.788896178180882,25.02413992550142,1415.271552147896,5000.0,0.699999988079071,0.13414710760116577,1.0
2918,8.121641397274317,14.836782282123494,1401.0029027394532,5000.0,0.699999988079071,0.3632184565067291,1.0
2919,9.048655216335021,20.492225639159983,1415.0873029804293,5000.0,0.699999988079071,0.27615636587142944,1.0
2920,8.56468658424731,1625.5602616226624,1882.937607102959,5000.0,0.699999988079071,0.1973070204257965,1.0
2921,1.2002828176333389,28.906244802341945,1418.357569574289,5000.0,0.699999988079071,0.019375542178750038,1.0
2922,6.072108146406895,1140.2501190317348,1882.5937139685632,5000.0,0.699999988079071,0.10801323503255844,1.0
2923,8.944036916026226,1139.3989423216428,1883.2279169056874,5000.0,0.699999988079071,0.3364667296409607,1.0
2924,4.800844342157855,25.57704664126102,1419.1110558013079,5000.0,0.699999988079071,0.1332833170890808,1.0
2925,8.467354587030682,1604.490057719381,1882.9285492478289,5000.0,0.699999988079071,0.19644376635551453,1.0
2926,4.800901465227817,25.88093521375223,1420.6915583573775,5000.0,0.699999988079071,0.13312099874019623,1.0
2927,6.687506103888833,21.342403594341686,1418.9479013892746,5000.0,0.699999988079071,0.24689237773418427,1.0
2928,9.758145026338768,1130.050428299242,1882.8349955192903,5000.0,0.699999988079071,0.25065502524375916,1.0
2929,11.397677770269269,1594.0708243909296,1882.8794063071746,5000.0,0.699999988079071,0.33893823623657227,1.0
2930,12.416976558245551,1125.106548666875,1882.8525631323002,5000.0,0.699999988079071,0.3930467963218689,1.0
2931,6.696248463414737,21.407454318978175,1420.1601736070882,5000.0,0.699999988079071,0.24683749675750732,1.0
2932,7.786137208527319,26.022671761666267,1423.5319855812777,5000.0,0.699999988079071,0.16167037189006805,1.0
2933,7.790772714244645,26.12128291481684,1424.0440623348572,5000.0,0.699999988079071,0.1614665687084198,1.0
2934,10.796925990513895,1112.3685329025839,1880.6873780347362,5000.0,0.699999988079071,0.36336883902549744,1.0
2935,9.730624768906646,1108.717009759149,1880.0673497857456,5000.0,0.699999988079071,0.2494620680809021,1.0
2936,10.224456096222164,15.350062764803832,1419.4749069894378,5000.0,0.699999988079071,0.3885951638221741,1.0
2937,7.5383074821932015,1103.2320573529796,1879.060837402839,5000.0,0.699999988079071,0.22070974111557007,1.0
2938,5.895536085495143,1099.4489952651925,1878.8087018428112,5000.0,0.699999988079071,0.10703954845666885,1.0
2939,9.102646074859878,21.67798692975199,1424.9047717758483,5000.0,0.699999988079071,0.2746013402938843,1.0
2940,8.22525573618683,1548.0417451868773,1878.7346741403585,5000.0,0.699999988079071,0.19498541951179504,1.0
2941,4.823567072170138,26.61621291850198,1426.1228322741229,5000.0,0.699999988079071,0.13225701451301575,1.0
2942,1.1688296249582146,30.718242877566112,1427.226886465928,5000.0,0.699999988079071,0.018726631999015808,1.0
2943,9.107523869379538,22.078214924740237,1427.4752882536327,5000.0,0.699999988079071,0.2743668854236603,1.0
2944,7.475836217229361,1083.6612074257348,1877.909462364638,5000.0,0.699999988079071,0.21992912888526917,1.0
2945,8.822410993822006,1083.048016758918,1878.2944894449893,5000.0,0.699999988079071,0.3330032527446747,1.0
2946,6.7342976691037,22.118644657957212,1427.2827872302632,5000.0,0.699999988079071,0.24465437233448029,1.0
2947,9.67625388620717,1082.331014267117,1878.0054283407208,5000.0,0.699999988079071,0.24914483726024628,1.0
2948,4.8368661104180175,27.029542789504003,1428.7702978550658,5000.0,0.699999988079071,0.13144490122795105,1.0
2949,7.454811963878456,1075.0653691857785,1877.3455762384583,5000.0,0.699999988079071,0.21914377808570862,1.0
2950,7.448262852615758,1072.912179326457,1877.4062888032474,5000.0,0.699999988079071,0.21896839141845703,1.0
2951,7.820614419004179,27.288713267537986,1430.690179126043,5000.0,0.699999988079071,0.16124574840068817,1.0
2952,1.1560214837384173,31.507906131270964,1430.9704154399979,5000.0,0.699999988079071,0.018464060500264168,1.0
2953,5.7314035063807625,1062.1824512080711,1876.3306064550559,5000.0,0.699999988079071,0.10609439015388489,1.0
2954,8.775847978408958,1061.4785994807362,1877.0434447119574,5000.0,0.699999988079071,0.33131131529808044,1.0
2955,11.004458068386265,22.74425319878425,1433.1803331882631,5000.0,0.699999988079071,0.30391743779182434,1.0
2956,5.699635020034299,1054.6402552447942,1875.4962194153545,5000.0,0.699999988079071,0.10593435913324356,1.0
2957,11.01774496947854,22.879904408930017,1434.0903082429793,5000.0,0.699999988079071,0.3032565414905548,1.0
2958,4.846124309809992,27.90369294260962,1433.509019096571,5000.0,0.699999988079071,0.13087324798107147,1.0
2959,8.239025989188043,16.319472394380146,1431.657154779668,5000.0,0.699999988079071,0.35577091574668884,1.0
2960,10.296074142280546,16.22447146833508,1432.5152999300558,5000.0,0.699999988079071,0.38495320081710815,1.0
2961,5.669685255594544,1046.8883249719797,1873.670450177572,5000.0,0.699999988079071,0.1059674322605133,1.0
2962,9.2282779494008,1478.9251203553713,1874.4927112536293,5000.0,0.699999988079071,0.3054089844226837,1.0
2963,7.364322934820678,1042.7470881355607,1874.4105747388212,5000.0,0.699999988079071,0.2175794243812561,1.0
2964,11.084146674927702,1475.1860128683636,1875.0317378813716,5000.0,0.699999988079071,0.3356839716434479,1.0
2965,9.163615228401069,23.065259865054653,1435.4507363264843,5000.0,0.699999988079071,0.2726103365421295,1.0
2966,12.354438886250204,1039.5808550779684,1874.4400547107189,5000.0,0.699999988079071,0.3903640806674957,1.0
2967,12.034136869239656,16.327135523114453,1435.280224217937,5000.0,0.699999988079071,0.41430383920669556,1.0
2968,1.1424337582938264,32.13079854167539,1434.930900606538,5000.0,0.699999988079071,0.018221044912934303,1.0
2969,7.875364451673877,28.139264150651414,1436.0749800834556,5000.0,0.699999988079071,0.15995296835899353,1.0
2970,5.562233561066477,1021.4092905270253,1871.0181854410712,5000.0,0.699999988079071,0.1053324043750763,1.0
2971,4.868670790024672,28.43287082707822,1437.2145468747422,5000.0,0.699999988079071,0.1299872100353241,1.0
2972,9.09670113269547,1440.326319693071,1871.6720138906494,5000.0,0.699999988079071,0.3042445182800293,1.0
2973,7.743214055612635,1435.3913263733548,1871.7553773086674,5000.0,0.699999988079071,0.19206522405147552,1.0
2974,4.869779563759794,28.77494919628106,1438.9424521562999,5000.0,0.699999988079071,0.1297437697649002,1.0
2975,9.41425584372242,1750.1337578167293,1872.1748570417606,5000.0,0.699999988079071,0.2786681354045868,1.0
2976,11.082816347898172,23.77305105550813,1440.5691795068658,5000.0,0.699999988079071,0.30222997069358826,1.0
2977,12.333551215547137,1007.3426756905633,1871.9218755013794,5000.0,0.699999988079071,0.38829195499420166,1.0
2978,9.210497113844061,23.713703102927717,1440.2551601880543,5000.0,0.699999988079071,0.2713172137737274,1.0
2979,1.1235548117621694,33.26743477479084,1440.1454708066574,5000.0,0.699999988079071,0.01781284250319004,1.0
2980,5.439388268191391,992.9810676440401,1869.444120393091,5000.0,0.699999988079071,0.10442541539669037,1.0
2981,7.899189014635226,29.306160619419803,1442.0828313991988,5000.0,0.699999988079071,0.15912500023841858,1.0
2982,10.64105741218497,990.6054895542331,1869.7706134034654,5000.0,0.699999988079071,0.35759976506233215,1.0
2983,10.375049748274506,17.07571295874446,1441.90341914296,5000.0,0.699999988079071,0.38274407386779785,1.0
2984,5.40409917664671,984.1816489337477,1868.0463914361508,5000.0,0.699999988079071,0.10430122911930084,1.0
2985,9.230847436126794,24.096513819848507,1442.8762399239345,5000.0,0.699999988079071,0.2705760896205902,1.0
2986,1.1143493681017993,33.80905016612336,1442.6888840788836,5000.0,0.699999988079071,0.017616448923945427,1.0
2987,10.872241997769876,1385.252390823541,1868.2864000662782,5000.0,0.699999988079071,0.33181285858154297,1.0
2988,7.921084768080429,29.628555115697548,1444.116068730463,5000.0,0.699999988079071,0.15848559141159058,1.0
2989,4.885591150355418,29.724202307422168,1444.4261523062862,5000.0,0.699999988079071,0.12933415174484253,1.0
2990,9.118077880165805,1678.612585710368,1867.3547265359214,5000.0,0.699999988079071,0.276818186044693,1.0
2991,9.486576342643065,967.0848176511097,1867.5875217076584,5000.0,0.699999988079071,0.24464008212089539,1.0
2992,8.826901077148099,1361.7748756589078,1867.5911381520682,5000.0,0.699999988079071,0.3016315698623657,1.0
2993,9.248371736566853,24.653398605036422,1446.5087339776035,5000.0,0.699999988079071,0.27016156911849976,1.0
2994,1.1015412275739342,34.591809144789806,1446.29673799759,5000.0,0.699999988079071,0.01734306663274765,1.0
2995,10.20708727416506,1657.4087352499057,1867.4205345449425,5000.0,0.699999988079071,0.38733971118927,1.0
2996,1.097577956977034,34.87394653056339,1447.48215917905,5000.0,0.699999988079071,0.017256662249565125,1.0
2997,1.0944195733334405,35.103192056957745,1448.3189691787397,5000.0,0.699999988079071,0.017179828137159348,1.0
2998,8.542707632861152,948.4539413470961,1867.2213326180051,5000.0,0.699999988079071,0.326515257358551,1.0
2999,10.586542674285369,949.4977853219374,1867.4458778828384,5000.0,0.699999988079071,0.3558112382888794,1.0
3000,7.93631308254693,30.6106489084998,1449.2309165765685,5000.0,0.699999988079071,0.1583116501569748,1.0
3001,6.836407848041066,25.162168678948788,1449.599277049983,5000.0,0.699999988079071,0.24010998010635376,1.0
3002,5.217196006700798,940.2535815129887,1865.4660453068354,5000.0,0.699999988079071,0.10297290235757828,1.0
3003,9.437207762046372,939.834377421288,1866.04460841289,5000.0,0.699999988079071,0.244028240442276,1.0
3004,11.182106858051114,25.32504470875852,1450.981521858494,5000.0,0.699999988079071,0.29904431104660034,1.0
3005,4.9006946337190715,30.88531227084099,1450.7150238856154,5000.0,0.699999988079071,0.1284654438495636,1.0
3006,4.9021764088857465,30.97713278953911,1451.134573805042,5000.0,0.699999988079071,0.12832023203372955,1.0
3007,4.903653287510233,31.063144114662872,1451.5373473577063,5000.0,0.699999988079071,0.1281755268573761,1.0
3008,11.194090461594902,25.508594861364596,1452.1653423730156,5000.0,0.699999988079071,0.29857295751571655,1.0
3009,5.147046591883206,922.730615592031,1862.6811370277624,5000.0,0.699999988079071,0.10273747146129608,1.0
3010,5.134015857953196,919.8383465333314,1862.7493903749237,5000.0,0.699999988079071,0.10259325057268143,1.0
3011,12.184555852871528,18.280538631739876,1453.6887670827766,5000.0,0.699999988079071,0.40914514660835266,1.0
3012,4.9100227894457245,31.311588843923122,1453.0290295336729,5000.0,0.699999988079071,0.12805350124835968,1.0
3013,9.298576067981653,25.722490308246723,1453.5931840050555,5000.0,0.699999988079071,0.26817402243614197,1.0
3014,11.224114221389213,25.690597675117886,1453.6405534056414,5000.0,0.699999988079071,0.297061026096344,1.0
3015,9.411997443801475,911.1215699727632,1860.6498217652027,5000.0,0.699999988079071,0.24231965839862823,1.0
3016,1.0748923375700066,36.11896315762327,1453.6103679778855,5000.0,0.699999988079071,0.016778985038399696,1.0
3017,6.982855618849986,903.9327370194771,1860.0032021366953,5000.0,0.699999988079071,0.213609978556633,1.0
3018,4.917972614448844,31.65394486113726,1454.929479891792,5000.0,0.699999988079071,0.12778961658477783,1.0
3019,8.55486663626881,1274.9381170899526,1860.453884091364,5000.0,0.699999988079071,0.298973947763443,1.0
3020,7.9849388031170525,31.77758064894324,1455.66261620445,5000.0,0.699999988079071,0.1565653681755066,1.0
3021,6.877278845321666,26.1077897534433,1456.1485501119175,5000.0,0.699999988079071,0.23853829503059387,1.0
3022,8.535973596596358,1268.3000006211516,1860.074587228553,5000.0,0.699999988079071,0.29848334193229675,1.0
3023,8.464536252070557,895.9547780126074,1860.3288469602776,5000.0,0.699999988079071,0.3233398497104645,1.0
3024,9.38566741024049,895.8325833307263,1860.1460455194547,5000.0,0.699999988079071,0.24222159385681152,1.0
3025,5.015013306379329,890.1731477588215,1859.258170622911,5000.0,0.699999988079071,0.1019301638007164,1.0
3026,7.993319533506606,32.08664478678383,1457.43390060954,5000.0,0.699999988079071,0.15660420060157776,1.0
3027,6.938077855653119,885.5097359334965,1859.151662807532,5000.0,0.699999988079071,0.2123631089925766,1.0
3028,6.934239424710235,883.9620398177209,1859.2372035061576,5000.0,0.699999988079071,0.21219484508037567,1.0
3029,6.89350961526893,26.466055881377663,1458.64603345634,5000.0,0.699999988079071,0.23721669614315033,1.0
3030,6.932636656813393,882.2092311175874,1859.1610944295703,5000.0,0.699999988079071,0.21182569861412048,1.0
3031,1.058512889931304,37.221688011003856,1458.650123644621,5000.0,0.699999988079071,0.01644236408174038,1.0
3032,11.260080517316172,26.638111009008895,1459.7752572236127,5000.0,0.699999988079071,0.29706549644470215,1.0
3033,8.433887547731723,875.8838039221095,1858.4968224634538,5000.0,0.699999988079071,0.3218705356121063,1.0
3034,6.915759796764184,874.4931152769846,1858.1671734850515,5000.0,0.699999988079071,0.2114698439836502,1.0
3035,8.00580850575976,32.51158468381239,1459.8723951419727,5000.0,0.699999988079071,0.15658248960971832,1.0
3036,8.424446788701667,1231.0682432584017,1858.2227605293556,5000.0,0.699999988079071,0.2964670956134796,1.0
3037,11.278441222335848,26.72878673619931,1460.7324477526274,5000.0,0.699999988079071,0.2966479957103729,1.0
3038,6.89452409486748,865.314029370712,1857.0254618196652,5000.0,0.699999988079071,0.2112276256084442,1.0
3039,11.289863260242123,26.750654418638675,1461.0584889713502,5000.0,0.699999988079071,0.2960022985935211,1.0
3040,4.893670348765875,859.5251838258829,1855.679265692274,5000.0,0.699999988079071,0.1012846827507019,1.0
3041,6.920549143110976,26.873392322378457,1461.7709943349228,5000.0,0.699999988079071,0.23605771362781525,1.0
3042,4.952798740478175,32.77903917187239,1461.5884711726114,5000.0,0.699999988079071,0.12591007351875305,1.0
3043,9.337601345264332,857.6861050099468,1855.996471356669,5000.0,0.699999988079071,0.24089129269123077,1.0
3044,12.272636014356076,857.1829172562234,1856.2602285921682,5000.0,0.699999988079071,0.3801741302013397,1.0
3045,8.283496110414992,1472.2718354049973,1855.4167935212786,5000.0,0.699999988079071,0.27080854773521423,1.0
3046,9.32952464597601,848.9062558857131,1855.5605952029819,5000.0,0.699999988079071,0.240090474486351,1.0
3047,4.829056038864231,843.4836666290659,1854.6256156424001,5000.0,0.699999988079071,0.10071823745965958,1.0
3048,6.8361231852641495,841.8735792863648,1855.138671183998,5000.0,0.699999988079071,0.21051843464374542,1.0
3049,1.0395438690144712,38.27665888953236,1464.0323281961976,5000.0,0.699999988079071,0.01605580560863018,1.0
3050,8.373478071908766,838.8740637178076,1855.4881446682916,5000.0,0.699999988079071,0.320150762796402,1.0
3051,8.04045019373738,33.39041676111551,1464.8884974399796,5000.0,0.699999988079071,0.15545694530010223,1.0
3052,9.309174045592533,835.9441929968157,1854.668807625058,5000.0,0.699999988079071,0.2396913468837738,1.0
3053,10.497541181511242,834.0648560333035,1854.8014429642026,5000.0,0.699999988079071,0.3491777777671814,1.0
3054,9.306902674863176,831.2497039688257,1854.0152510701414,5000.0,0.699999988079071,0.23930278420448303,1.0
3055,9.765476648773387,0.22616010292124644,929.6650145428796,5000.0,0.699999988079071,0.4548848867416382,1.0
3056,6.814936911296749,829.2504541282722,1853.434409305704,5000.0,0.699999988079071,0.20963996648788452,1.0
3057,11.577465732998096,831.2555260830426,1854.6051675262468,5000.0,0.699999988079071,0.4577573835849762,1.0
3058,9.417187109913689,27.230260077955176,1465.2266355337858,5000.0,0.699999988079071,0.2640596628189087,1.0
3059,9.422011608886793,27.210399512935165,1465.228305306756,5000.0,0.699999988079071,0.26382148265838623,1.0
3060,4.982922642978364,33.197985148906106,1465.055160203894,5000.0,0.699999988079071,0.12482775747776031,1.0
3061,4.747041001412197,821.4965891727924,1851.430319659559,5000.0,0.699999988079071,0.10044165700674057,1.0
3062,1.0342091638538113,38.482310742568565,1465.919998513857,5000.0,0.699999988079071,0.015983257442712784,1.0
3063,8.068330548373995,33.59985610338178,1466.8043589138015,5000.0,0.699999988079071,0.1548158824443817,1.0
3064,10.615965540851715,19.5679821624647,1467.5212626216878,5000.0,0.699999988079071,0.37205424904823303,1.0
3065,11.37422031536917,27.470559147951985,1466.9484842572472,5000.0,0.699999988079071,0.29306551814079285,1.0
3066,10.506357082473372,813.3126286151576,1850.2295209705505,5000.0,0.699999988079071,0.34711453318595886,1.0
3067,4.994024591337517,33.46889141826201,1466.741354177945,5000.0,0.699999988079071,0.1245078444480896,1.0
3068,11.344708295968752,1403.3471183486479,1850.2006342717982,5000.0,0.699999988079071,0.4072449207305908,1.0
3069,6.7729244539491305,805.6233215547735,1849.3894166093958,5000.0,0.699999988079071,0.20864002406597137,1.0
3070,8.090927574845049,33.62238394156881,1467.6621520431006,5000.0,0.699999988079071,0.15398241579532623,1.0
3071,9.291215119750476,802.6782814237546,1849.0164705845202,5000.0,0.699999988079071,0.2378663718700409,1.0
3072,6.994127820064591,27.64866470434196,1468.5469817556266,5000.0,0.699999988079071,0.23302529752254486,1.0
3073,9.28905547422202,799.6136830884691,1848.524715696539,5000.0,0.699999988079071,0.23778435587882996,1.0
3074,8.100781439668044,33.77387306901396,1468.6292362303293,5000.0,0.699999988079071,0.15343938767910004,1.0
3075,9.468604868010452,27.723888398627988,1469.176918644654,5000.0,0.699999988079071,0.26164713501930237,1.0
3076,11.419060021308999,27.6932702241177,1469.1394990248048,5000.0,0.699999988079071,0.29021772742271423,1.0
3077,10.501653062180367,790.0895239465636,1846.4702548112339,5000.0,0.699999988079071,0.34518370032310486,1.0
3078,10.678206107395518,19.605674363673714,1469.3000265038547,5000.0,0.699999988079071,0.36926722526550293,1.0
3079,16.14324855799201,7.825716485985612e-12,inf,5000.0,0.699999988079071,0.5617830753326416,1.0
3080,8.099186790255562,1105.666821916442,1843.7124205790994,5000.0,0.699999988079071,0.29277196526527405,1.0
3081,8.13306418740767,33.41975977494592,1468.105088212378,5000.0,0.699999988079071,0.1515609323978424,1.0
3082,9.50732062560496,27.434751517622246,1468.6667520792462,5000.0,0.699999988079071,0.2596594989299774,1.0
3083,11.463446428351157,27.407423771776006,1468.6432773177803,5000.0,0.699999988079071,0.28633230924606323,1.0
3084,8.07001864005937,1093.5279964762863,1841.900030693372,5000.0,0.699999988079071,0.29258817434310913,1.0
3085,8.144449330223608,33.479045689443474,1468.7535757539738,5000.0,0.699999988079071,0.1507621705532074,1.0
3086,11.475395357441537,27.472766422871064,1469.2823151230214,5000.0,0.699999988079071,0.285133421421051,1.0
3087,10.290105803332274,1085.480699932955,1840.8263268193164,5000.0,0.699999988079071,0.3180968761444092,1.0
3088,8.15417444833379,33.54148442262227,1469.364435588534,5000.0,0.699999988079071,0.1497933566570282,1.0
3089,8.15605243998275,33.60956877061893,1469.7170151034973,5000.0,0.699999988079071,0.1495029330253601,1.0
3090,9.273270263499253,759.2940533571488,1838.9280292760625,5000.0,0.699999988079071,0.233169823884964,1.0
3091,5.041642031912059,33.73368197200521,1470.393812669441,5000.0,0.699999988079071,0.12450870126485825,1.0
3092,7.058492872995249,27.7014687269869,1470.9569578306507,5000.0,0.699999988079071,0.23303155601024628,1.0
3093,10.505945815061592,755.9863004697997,1838.7699992887053,5000.0,0.699999988079071,0.341558575630188,1.0
3094,9.269091423855905,753.4813520815352,1837.9610867152949,5000.0,0.699999988079071,0.23296630382537842,1.0
3095,5.049186309027898,33.80575413581596,1471.026615301093,5000.0,0.699999988079071,0.12411567568778992,1.0
3096,10.246578703507057,1060.2931528923505,1838.1335304287984,5000.0,0.699999988079071,0.3166314661502838,1.0
3097,7.972180488414665,1055.0271166328748,1837.9772635005304,5000.0,0.699999988079071,0.2915221154689789,1.0
3098,1.013382492936757,39.0836250552433,1471.7151467394192,5000.0,0.699999988079071,0.015626640990376472,1.0
3099,10.22888013844035,1051.8056258120714,1838.3417077307295,5000.0,0.699999988079071,0.31605151295661926,1.0
3100,6.65682726369188,739.6037829969201,1837.4538123996956,5000.0,0.699999988079071,0.2074897438287735,1.0
3101,8.633967372592103,19.883791712890297,1473.571416826928,5000.0,0.699999988079071,0.34055808186531067,1.0
3102,9.254747108442855,740.2544138987911,1837.5610650448589,5000.0,0.699999988079071,0.23249942064285278,1.0
3103,8.299054611828653,737.1760124704014,1837.599017003311,5000.0,0.699999988079071,0.31505945324897766,1.0
3104,12.543435712678807,19.82545911917974,1473.4745761413442,5000.0,0.699999988079071,0.39009836316108704,1.0
3105,9.253780374020579,734.9939345705775,1836.3014787156128,5000.0,0.699999988079071,0.23200595378875732,1.0
3106,8.184973863647945,34.04807269587143,1473.045383788623,5000.0,0.699999988079071,0.1482570767402649,1.0
3107,4.409941796663499,727.6047314643408,1834.6719562964036,5000.0,0.699999988079071,0.0990031436085701,1.0
3108,5.0668419618929095,34.270630254829534,1474.057073670773,5000.0,0.699999988079071,0.12341868877410889,1.0
3109,7.48651801085222,1254.9751894452481,1835.86800706936,5000.0,0.699999988079071,0.26568612456321716,1.0
3110,12.558884227797925,20.010137985036327,1475.288044640179,5000.0,0.699999988079071,0.38872453570365906,1.0
3111,8.28784762193542,721.5893461298834,1835.2895742125747,5000.0,0.699999988079071,0.31441834568977356,1.0
3112,4.3805461724698,719.6954998230482,1834.3402110318054,5000.0,0.699999988079071,0.09869541227817535,1.0
3113,10.797339501818879,20.01395964515317,1475.59627708406,5000.0,0.699999988079071,0.3631643056869507,1.0
3114,8.196215125199753,34.32769952846381,1474.861532808207,5000.0,0.699999988079071,0.14779655635356903,1.0
3115,4.361347324368901,714.0920334331072,1833.209678099076,5000.0,0.699999988079071,0.09866955131292343,1.0
3116,10.80569101630441,20.068790574129775,1476.2238586923002,5000.0,0.699999988079071,0.3625171184539795,1.0
3117,1.001986626335638,39.63088785129084,1475.316843845938,5000.0,0.699999988079071,0.015424014069139957,1.0
3118,10.811214759000352,20.098988119264153,1476.5688937482485,5000.0,0.699999988079071,0.3619481027126312,1.0
3119,6.614622261572349,709.1001032677265,1832.4734998922077,5000.0,0.699999988079071,0.20578916370868683,1.0
3120,5.086634424754272,34.543138600928486,1476.1712555941494,5000.0,0.699999988079071,0.12236493080854416,1.0
3121,6.047947092998701,998.3491149650692,1832.7961474081017,5000.0,0.699999988079071,0.18186980485916138,1.0
3122,10.143569270273243,998.3958469861831,1833.6871768950207,5000.0,0.699999988079071,0.31371819972991943,1.0
3123,6.021856444683832,991.6153303932936,1833.1067023001629,5000.0,0.699999988079071,0.18127486109733582,1.0
3124,10.482769566650525,701.7221057187503,1833.7818530436525,5000.0,0.699999988079071,0.3372913897037506,1.0
3125,6.00087990799535,985.8784607905511,1833.1063423000905,5000.0,0.699999988079071,0.18092931807041168,1.0
3126,6.583629809617694,695.7330374279605,1833.048453372506,5000.0,0.699999988079071,0.20499688386917114,1.0
3127,10.827448476531725,20.346793138935404,1479.0809932483032,5000.0,0.699999988079071,0.3612820506095886,1.0
3128,5.979379434906109,979.7976466302958,1832.9450797723719,5000.0,0.699999988079071,0.180681973695755,1.0
3129,9.21044843789882,692.5618953815681,1833.0229958232505,5000.0,0.699999988079071,0.22991414368152618,1.0
3130,0.9898889624973436,40.377934570738915,1479.02269906106,5000.0,0.699999988079071,0.015179404988884926,1.0
3131,6.566755780054265,686.6706601001275,1832.3115092535843,5000.0,0.699999988079071,0.20456810295581818,1.0
3132,10.47275812721727,687.269075110924,1833.1282376635936,5000.0,0.699999988079071,0.33643001317977905,1.0
3133,10.90902098515648,1186.3751421480376,1833.2925553157074,5000.0,0.699999988079071,0.39445486664772034,1.0
3134,12.616695830969535,20.471164124848606,1480.6200483796836,5000.0,0.699999988079071,0.3853634297847748,1.0
3135,6.557162297036495,678.5666543338052,1831.142891927429,5000.0,0.699999988079071,0.20434613525867462,1.0
3136,10.473752322446794,679.2080460672418,1831.9697980871806,5000.0,0.699999988079071,0.3354891836643219,1.0
3137,4.222456094879488,674.9118297150502,1830.291714166765,5000.0,0.699999988079071,0.0974273756146431,1.0
3138,5.10419076572802,35.28463164667969,1480.8119279892198,5000.0,0.699999988079071,0.12178746610879898,1.0
3139,12.30005668728145,675.3502110068982,1831.673438125382,5000.0,0.699999988079071,0.35987573862075806,1.0
3140,7.1571061912508736,28.918216649937744,1481.2900073415626,5000.0,0.699999988079071,0.22848224639892578,1.0
3141,5.859916727555177,944.926351988407,1830.2500775984333,5000.0,0.699999988079071,0.17961324751377106,1.0
3142,11.59974909212917,28.992338822454062,1481.794201767897,5000.0,0.699999988079071,0.27699095010757446,1.0
3143,12.640737098315805,20.543100171967993,1481.9745184802225,5000.0,0.699999988079071,0.38236185908317566,1.0
3144,9.646453729695489,28.872683559818878,1481.4826353736844,5000.0,0.699999988079071,0.2514569163322449,1.0
3145,4.174015973031377,659.5749400272481,1826.9082369602347,5000.0,0.699999988079071,0.09736994653940201,1.0
3146,4.166215212984391,657.6670807442271,1826.9783341208145,5000.0,0.699999988079071,0.09723344445228577,1.0
3147,8.237166490498527,35.497998016101654,1482.4645780352673,5000.0,0.699999988079071,0.14467927813529968,1.0
3148,11.60982854109743,656.317396308444,1828.4309749764373,5000.0,0.699999988079071,0.43982213735580444,1.0
3149,9.654518518102238,29.01850943191188,1482.6187129814875,5000.0,0.699999988079071,0.25070902705192566,1.0
3150,9.656932945294495,29.002801649408045,1482.6288585235518,5000.0,0.699999988079071,0.25039130449295044,1.0
3151,10.467976307786868,651.7047439312452,1826.3256240360085,5000.0,0.699999988079071,0.332359254360199,1.0
3152,7.663259257851849,916.8365989929069,1826.0466465706209,5000.0,0.699999988079071,0.2856981158256531,1.0
3153,10.46897489665719,649.1565993698798,1826.3747875166064,5000.0,0.699999988079071,0.33204907178878784,1.0
3154,9.173616114430688,646.7884586301565,1825.4066439278165,5000.0,0.699999988079071,0.22569948434829712,1.0
3155,9.170412454203493,644.2219445831486,1825.0298306544662,5000.0,0.699999988079071,0.2253689020872116,1.0
3156,6.5101408279026485,640.6146693263013,1824.4990876293248,5000.0,0.699999988079071,0.20319761335849762,1.0
3157,12.67410107290424,20.609432922175298,1483.7859581062755,5000.0,0.699999988079071,0.3775521218776703,1.0
3158,7.6334770726929335,901.1223787973345,1824.3938831032299,5000.0,0.699999988079071,0.2851075530052185,1.0
3159,13.294883668391659,639.586334136599,1825.4801492195052,5000.0,0.699999988079071,0.45858389139175415,1.0
3160,5.15035290217122,35.284976090349346,1483.0146228504657,5000.0,0.699999988079071,0.12105387449264526,1.0
3161,8.254582222020016,35.347924758577015,1483.3165109960673,5000.0,0.699999988079071,0.1423780769109726,1.0
3162,12.292709609869403,633.1641502151988,1823.2865278378558,5000.0,0.699999988079071,0.35102272033691406,1.0
3163,7.609199624301619,887.0315021003363,1822.3756558822442,5000.0,0.699999988079071,0.2849031984806061,1.0
3164,10.463007958918379,627.9945078461733,1822.6781586641102,5000.0,0.699999988079071,0.3294098973274231,1.0
3165,9.153458906542342,625.6508325722384,1821.680326726083,5000.0,0.699999988079071,0.22316280007362366,1.0
3166,0.9748017052000331,40.74716927883519,1483.8519937758465,5000.0,0.699999988079071,0.01495729573071003,1.0
3167,6.487383879356328,620.2237896754662,1820.9456273417845,5000.0,0.699999988079071,0.2026730477809906,1.0
3168,5.635068992642149,874.118320752933,1821.4762416266578,5000.0,0.699999988079071,0.17816223204135895,1.0
3169,9.14335098460265,617.9140239994827,1821.425882450236,5000.0,0.699999988079071,0.2227831780910492,1.0
3170,0.9687485628496324,41.15360114203778,1485.5273964166504,5000.0,0.699999988079071,0.0148195531219244,1.0
3171,8.258281914153468,35.887611771036795,1486.2985235830183,5000.0,0.699999988079071,0.14091649651527405,1.0
3172,8.257274454547018,35.93483351235791,1486.570181742984,5000.0,0.699999988079071,0.1405474692583084,1.0
3173,9.69034254795424,29.471426076827314,1487.0486200023431,5000.0,0.699999988079071,0.2464408278465271,1.0
3174,9.921847469645554,858.3544841570698,1819.9072654277556,5000.0,0.699999988079071,0.303134024143219,1.0
3175,10.442780288335582,605.238274283272,1819.544367266747,5000.0,0.699999988079071,0.3274655044078827,1.0
3176,7.249167811239675,29.442276951199187,1487.239286952948,5000.0,0.699999988079071,0.22719578444957733,1.0
3177,8.222724521150322,602.4670316091687,1818.928924782367,5000.0,0.699999988079071,0.30813634395599365,1.0
3178,5.173957952643904,35.92141501370323,1487.0756860743704,5000.0,0.699999988079071,0.12042683362960815,1.0
3179,7.532289890018037,849.1466486314198,1819.1162801512132,5000.0,0.699999988079071,0.283245325088501,1.0
3180,10.446883436937389,601.0089328139818,1819.3495166512637,5000.0,0.699999988079071,0.32696250081062317,1.0
3181,9.704763456876087,29.468396945162006,1487.752433967445,5000.0,0.699999988079071,0.24532076716423035,1.0
3182,5.534655708445944,841.7376089778215,1818.0433323805778,5000.0,0.699999988079071,0.17750640213489532,1.0
3183,11.649967965424766,29.53336231840125,1488.2317027917911,5000.0,0.699999988079071,0.26478299498558044,1.0
3184,9.892122594051752,837.1237803790475,1817.8264150494165,5000.0,0.699999988079071,0.30167171359062195,1.0
3185,6.447631151354345,588.616069660142,1816.5552318875903,5000.0,0.699999988079071,0.20149436593055725,1.0
3186,5.184962094637644,36.10858945358901,1488.5429844808314,5000.0,0.699999988079071,0.12016495317220688,1.0
3187,9.109534402968825,587.5560299980268,1816.6291313040886,5000.0,0.699999988079071,0.2201349437236786,1.0
3188,8.215659385028465,584.5745463023479,1816.7686435509545,5000.0,0.699999988079071,0.30669018626213074,1.0
3189,0.9580748654190209,41.65859056062132,1488.8825637165023,5000.0,0.699999988079071,0.0146248210221529,1.0
3190,9.104624965819239,582.9979270083329,1816.1239032285919,5000.0,0.699999988079071,0.219940647482872,1.0
3191,7.475239527714828,819.0420426415099,1816.4943170841648,5000.0,0.699999988079071,0.2820112407207489,1.0
3192,5.453324969934363,816.0980824932517,1816.293716820706,5000.0,0.699999988079071,0.17642702162265778,1.0
3193,10.972953364192467,21.19411535053147,1490.9546398065543,5000.0,0.699999988079071,0.3493069112300873,1.0
3194,5.192180561827171,36.40025221369991,1490.3242477151266,5000.0,0.699999988079071,0.11957865953445435,1.0
3195,5.192567642547606,36.469444901950915,1490.6414424606805,5000.0,0.699999988079071,0.11941661685705185,1.0
3196,8.271036070899008,36.52293211014238,1490.9031834164173,5000.0,0.699999988079071,0.1387179046869278,1.0
3197,12.725354626551253,21.23682245728262,1491.5312191522562,5000.0,0.699999988079071,0.3670172393321991,1.0
3198,6.425938241696764,569.2511514498331,1813.5657584333392,5000.0,0.699999988079071,0.2003939300775528,1.0
3199,3.8867836457739573,567.7746785251998,1812.892677872747,5000.0,0.699999988079071,0.0954931229352951,1.0
3200,12.727317715974875,21.271655515195448,1492.027139431628,5000.0,0.699999988079071,0.3659895062446594,1.0
3201,9.722060995848713,29.9089432671239,1491.5679032998576,5000.0,0.699999988079071,0.24191738665103912,1.0
3202,8.265125291828376,36.498434165841836,1491.3763131977666,5000.0,0.699999988079071,0.13690687716007233,1.0
3203,13.268394851358458,563.5685080064176,1813.3095909580866,5000.0,0.699999988079071,0.44445550441741943,1.0
3204,0.9501955558018195,41.94187462733026,1491.1505159024723,5000.0,0.699999988079071,0.014480671845376492,1.0
3205,12.232313642630647,559.4004054948574,1811.5962926403158,5000.0,0.699999988079071,0.3385087549686432,1.0
3206,6.417349462359641,554.2732465034129,1809.6986749621392,5000.0,0.699999988079071,0.2004622519016266,1.0
3207,9.803130866041977,783.3249847461464,1810.957684288988,5000.0,0.699999988079071,0.2974753975868225,1.0
3208,12.224048607498077,553.2687752882892,1810.6854819013702,5000.0,0.699999988079071,0.336674302816391,1.0
3209,7.327931781856393,29.915403661123893,1492.4238712002546,5000.0,0.699999988079071,0.2245279848575592,1.0
3210,6.41277844941692,547.9533653626733,1808.6604964946687,5000.0,0.699999988079071,0.2001594603061676,1.0
3211,8.21780777573576,547.4062414061896,1809.5076440810024,5000.0,0.699999988079071,0.3046106696128845,1.0
3212,6.411023301192255,546.7172051130005,1808.8393749803988,5000.0,0.699999988079071,0.19967198371887207,1.0
3213,10.415888227789633,546.9956208606192,1809.8323487050814,5000.0,0.699999988079071,0.3201304078102112,1.0
3214,12.73039061711667,21.230912806050352,1493.088762846634,5000.0,0.699999988079071,0.359363317489624,1.0
3215,5.234638590777756,36.4663368663133,1492.479896606024,5000.0,0.699999988079071,0.11862566322088242,1.0
3216,6.409751409403741,541.1593831283619,1807.380959555963,5000.0,0.699999988079071,0.19940631091594696,1.0
3217,6.407813211237188,540.196256036015,1807.4489778488892,5000.0,0.699999988079071,0.19920973479747772,1.0
3218,5.234786044577739,36.63109805289497,1493.3241453854594,5000.0,0.699999988079071,0.11818873137235641,1.0
3219,11.646730361529936,30.039363714063608,1493.751908083061,5000.0,0.699999988079071,0.25465935468673706,1.0
3220,0.9436064212216311,42.20111072275116,1493.3957496616558,5000.0,0.699999988079071,0.014373552054166794,1.0
3221,9.039388230690482,534.9507223545548,1806.3000932522882,5000.0,0.699999988079071,0.2146211713552475,1.0
3222,8.219265781892387,532.1670860032018,1806.5352706839674,5000.0,0.699999988079071,0.3030102849006653,1.0
3223,5.273499245621089,750.1759143885122,1806.4325074140488,5000.0,0.699999988079071,0.17602381110191345,1.0
3224,5.2636422838274175,747.4140695628406,1806.6215157962833,5000.0,0.699999988079071,0.17566335201263428,1.0
3225,6.390040577015677,527.4614061303364,1806.1611437060053,5000.0,0.699999988079071,0.1985347718000412,1.0
3226,8.262053598926435,37.029433573917125,1495.483905935774,5000.0,0.699999988079071,0.1338929533958435,1.0
3227,5.241827662866738,37.08189361950996,1495.780132279649,5000.0,0.699999988079071,0.11789439618587494,1.0
3228,8.209501147065456,523.7935099609277,1806.2812642795777,5000.0,0.699999988079071,0.3018646836280823,1.0
3229,0.9353335696578132,42.73799131171943,1495.8678121538583,5000.0,0.699999988079071,0.014196890406310558,1.0
3230,6.382224223126489,521.5532556904258,1805.341877411663,5000.0,0.699999988079071,0.1979881227016449,1.0
3231,9.030001426118423,521.320370353464,1805.5276401315368,5000.0,0.699999988079071,0.21438468992710114,1.0
3232,3.74622012216501,517.6826635441919,1804.0548540076427,5000.0,0.699999988079071,0.09459057450294495,1.0
3233,0.9297008747289754,43.0870630847594,1497.3307477265396,5000.0,0.699999988079071,0.01406810712069273,1.0
3234,10.393169885090005,515.9461406765312,1805.7115664172286,5000.0,0.699999988079071,0.317220538854599,1.0
3235,9.018151192807627,513.9300323793457,1804.438895676293,5000.0,0.699999988079071,0.2136472761631012,1.0
3236,12.189973026317555,512.7615254788931,1805.014603069806,5000.0,0.699999988079071,0.33211418986320496,1.0
3237,8.203978097143558,508.1178624812632,1803.8122224209483,5000.0,0.699999988079071,0.3014345169067383,1.0
3238,12.183776760173128,509.5486212991185,1804.2310625927707,5000.0,0.699999988079071,0.3310432732105255,1.0
3239,9.73611847508401,30.62369521746665,1498.1960641862595,5000.0,0.699999988079071,0.23497752845287323,1.0
3240,14.219397076805162,21.697929027178095,1498.3245815477178,5000.0,0.699999988079071,0.36565303802490234,1.0
3241,8.231724734134232,37.25850926076892,1497.6911473699924,5000.0,0.699999988079071,0.1300019919872284,1.0
3242,8.226897903741234,37.30421853083383,1497.9508305525737,5000.0,0.699999988079071,0.12955302000045776,1.0
3243,5.143057001937148,699.7568391227619,1799.612901394151,5000.0,0.699999988079071,0.17532262206077576,1.0
3244,3.6895446025171195,494.2894298247968,1798.2437163125485,5000.0,0.699999988079071,0.09443950653076172,1.0
3245,11.596395173585044,30.741755288502887,1499.2950679209157,5000.0,0.699999988079071,0.24458637833595276,1.0
3246,10.952206738079598,694.5250557359835,1799.996429089391,5000.0,0.699999988079071,0.39328888058662415,1.0
3247,5.115018689597367,689.6667094411148,1798.5815358399554,5000.0,0.699999988079071,0.17463454604148865,1.0
3248,0.9220373921724377,43.244761927650075,1499.2929581162937,5000.0,0.699999988079071,0.013930445536971092,1.0
3249,11.582437806119312,486.8680505261107,1799.8597340852,5000.0,0.699999988079071,0.41641727089881897,1.0
3250,7.2831709282509856,684.388009747723,1798.716154885687,5000.0,0.699999988079071,0.27805715799331665,1.0
3251,10.352417726003482,484.33007728123573,1798.7238869422747,5000.0,0.699999988079071,0.3120579421520233,1.0
3252,10.350330239684105,482.6670119737242,1798.3050693468936,5000.0,0.699999988079071,0.3117177188396454,1.0
3253,8.94458366062054,480.7866039784726,1796.953645355415,5000.0,0.699999988079071,0.207850843667984,1.0
3254,6.356858027893084,477.6789719239596,1796.300119691915,5000.0,0.699999988079071,0.19756944477558136,1.0
3255,3.6445058396310714,476.42053089799293,1795.3620338733526,5000.0,0.699999988079071,0.09387468546628952,1.0
3256,9.72328571260243,30.884095584493835,1500.9264285772758,5000.0,0.699999988079071,0.23109811544418335,1.0
3257,5.287256119730164,37.70291752811345,1500.7810924729679,5000.0,0.699999988079071,0.11731778830289841,1.0
3258,8.93378551442714,473.8396444777822,1795.7629034814188,5000.0,0.699999988079071,0.2072945386171341,1.0
3259,7.257725723925616,664.7363681959989,1796.3924618828246,5000.0,0.699999988079071,0.2771631181240082,1.0
3260,10.33825148863503,470.42611942157663,1796.358256981808,5000.0,0.699999988079071,0.3102511763572693,1.0
3261,5.291159783169756,37.779066008800235,1501.3974383863094,5000.0,0.699999988079071,0.11707416921854019,1.0
3262,13.718520582694335,0.0008178388477900749,803.4983411049587,5000.0,0.699999988079071,0.4461402893066406,1.0
3263,7.254582910803491,658.0253602643429,1795.1142816769054,5000.0,0.699999988079071,0.27677834033966064,1.0
3264,11.564615366766246,30.864904832928712,1501.4894096255614,5000.0,0.699999988079071,0.23902861773967743,1.0
3265,5.027083456206109,652.1698892008045,1793.681274103855,5000.0,0.699999988079071,0.1737394779920578,1.0
3266,11.029643508668254,21.922632771745764,1502.1176963377052,5000.0,0.699999988079071,0.33168238401412964,1.0
3267,11.546638260535653,30.844074786810328,1501.6604032213986,5000.0,0.699999988079071,0.23694203794002533,1.0
3268,7.4518393084013645,30.827526487918398,1501.7152019482005,5000.0,0.699999988079071,0.21971763670444489,1.0
3269,3.6045849585490206,457.30592027371057,1790.5101312108698,5000.0,0.699999988079071,0.09388797730207443,1.0
3270,9.102546992591778,21.92230326805988,1502.449948721828,5000.0,0.699999988079071,0.32175934314727783,1.0
3271,10.895051998748148,646.4000670524881,1793.5587342144713,5000.0,0.699999988079071,0.38720375299453735,1.0
3272,5.3106613218929235,37.6449619183375,1501.798521611961,5000.0,0.699999988079071,0.11601889878511429,1.0
3273,10.319611876051317,455.14140621792444,1792.2683271819808,5000.0,0.699999988079071,0.3067828118801117,1.0
3274,9.711862846438857,30.840287174210943,1502.2092955637274,5000.0,0.699999988079071,0.22648881375789642,1.0
3275,8.884857118767243,452.2052079615611,1790.3216403480649,5000.0,0.699999988079071,0.20419810712337494,1.0
3276,9.705564729311345,30.846210847907955,1502.4195044665016,5000.0,0.699999988079071,0.22573286294937134,1.0
3277,8.872201896570783,448.85896963852923,1789.3171646365467,5000.0,0.699999988079071,0.20345157384872437,1.0
3278,8.159480725590353,37.681569390794955,1502.435677809587,5000.0,0.699999988079071,0.12300696969032288,1.0
3279,8.152005193258697,37.722829229764585,1502.6815265530242,5000.0,0.699999988079071,0.12251486629247665,1.0
3280,3.5737249851756436,442.1916815784898,1786.4434126395674,5000.0,0.699999988079071,0.09388834238052368,1.0
3281,10.288314790981664,441.76727688424313,1788.6436069386657,5000.0,0.699999988079071,0.3042522966861725,1.0
3282,8.843203269383352,440.1769832504588,1787.1943811558228,5000.0,0.699999988079071,0.20175758004188538,1.0
3283,5.331788680087355,37.86405480029458,1503.5785848829391,5000.0,0.699999988079071,0.11597558856010437,1.0
3284,10.280606732660353,437.5867467675261,1787.665856854842,5000.0,0.699999988079071,0.3034791350364685,1.0
3285,11.017156911725644,21.99482394491198,1504.1731235735417,5000.0,0.699999988079071,0.32513847947120667,1.0
3286,6.350001264974276,434.72804455961983,1785.5917762599377,5000.0,0.699999988079071,0.19559302926063538,1.0
3287,9.682688096309152,30.99186784373269,1504.0095205123423,5000.0,0.699999988079071,0.22263723611831665,1.0
3288,3.5543691504688537,432.6006651913533,1784.0338867608043,5000.0,0.699999988079071,0.09382537752389908,1.0
3289,11.540639892058264,432.16439553643016,1787.361303302202,5000.0,0.699999988079071,0.4038202166557312,1.0
3290,9.464089263557232,608.4466523287914,1786.2963675597218,5000.0,0.699999988079071,0.2804590165615082,1.0
3291,5.342237905592525,37.86374394113084,1504.2149491745306,5000.0,0.699999988079071,0.1152387261390686,1.0
3292,0.9083257677609702,43.66451728023215,1504.309831455763,5000.0,0.699999988079071,0.013732217252254486,1.0
3293,8.811572859453015,426.86059165464445,1784.1776729429255,5000.0,0.699999988079071,0.2000650018453598,1.0
3294,11.93797563543991,425.5033709876879,1784.9349593011912,5000.0,0.699999988079071,0.3056877553462982,1.0
3295,11.52533182141899,422.14213160098024,1784.9663711746698,5000.0,0.699999988079071,0.4019981622695923,1.0
3296,7.513396043574542,31.0484481625898,1505.0329861050086,5000.0,0.699999988079071,0.21651460230350494,1.0
3297,12.205521461258865,0.0003348922596587698,768.8898670401468,5000.0,0.699999988079071,0.4220443367958069,1.0
3298,8.093317384034302,37.781390960696314,1504.4382882040018,5000.0,0.699999988079071,0.11866139620542526,1.0
3299,9.654499444754405,30.96826625492545,1504.8751998753673,5000.0,0.699999988079071,0.21888840198516846,1.0
3300,13.007953763712964,419.07015072173436,1783.3235031199767,5000.0,0.699999988079071,0.40263429284095764,1.0
3301,10.994449530176288,21.888536282493508,1504.7864907115825,5000.0,0.699999988079071,0.31831231713294983,1.0
3302,3.5274082861277267,414.9113619923427,1778.4361297541698,5000.0,0.699999988079071,0.0941615104675293,1.0
3303,3.5232477106948985,413.71147035423814,1778.3661563798976,5000.0,0.699999988079071,0.09401918947696686,1.0
3304,8.748916709829428,413.1388957822945,1779.586167612769,5000.0,0.699999988079071,0.19692061841487885,1.0
3305,7.2032547953959405,579.1879272068414,1780.4586772387763,5000.0,0.699999988079071,0.27452343702316284,1.0
3306,4.881683437900285,577.1126328030765,1779.9254343852763,5000.0,0.699999988079071,0.17357006669044495,1.0
3307,0.9046709326458384,43.73100375385883,1505.7451329668957,5000.0,0.699999988079071,0.013688316568732262,1.0
3308,10.218526026224788,406.9058338188738,1780.123391311254,5000.0,0.699999988079071,0.2970016896724701,1.0
3309,8.736466405751356,405.28130371579226,1778.496388757525,5000.0,0.699999988079071,0.19611242413520813,1.0
3310,6.344219386106807,402.4557316923114,1777.7799883461773,5000.0,0.699999988079071,0.19398987293243408,1.0
3311,6.34208770926466,401.46579098083436,1777.7313052248862,5000.0,0.699999988079071,0.19378425180912018,1.0
3312,12.972800543651134,401.80314125407625,1780.4001139805341,5000.0,0.699999988079071,0.3987574577331543,1.0
3313,11.328501382905964,31.152137023780636,1506.84731740292,5000.0,0.699999988079071,0.21708591282367706,1.0
3314,5.37884073907846,38.02939171272477,1506.7143646772822,5000.0,0.699999988079071,0.11414898931980133,1.0
3315,4.846402799418018,557.5940287285968,1776.6591868088517,5000.0,0.699999988079071,0.17329749464988708,1.0
3316,12.488100654299355,22.15124229594158,1507.6915273524285,5000.0,0.699999988079071,0.3159230649471283,1.0
3317,7.182843313614099,553.208701598855,1776.404125751234,5000.0,0.699999988079071,0.273589551448822,1.0
3318,5.381646351190921,38.110609987635485,1507.330289578765,5000.0,0.699999988079071,0.11388929188251495,1.0
3319,9.606557883544335,31.242234204731158,1507.7635610848824,5000.0,0.699999988079071,0.2140885591506958,1.0
3320,7.177945674422591,549.1744221194217,1775.868488045797,5000.0,0.699999988079071,0.2731098234653473,1.0
3321,9.30626444589581,548.1713262467399,1776.035194547425,5000.0,0.699999988079071,0.2729947566986084,1.0
3322,8.270394509324484,385.3258053729227,1774.8935909280885,5000.0,0.699999988079071,0.2931584119796753,1.0
3323,5.382759538084463,38.17681758019784,1507.953645763842,5000.0,0.699999988079071,0.11332535743713379,1.0
3324,12.47090318807922,22.187224940309555,1508.533354148611,5000.0,0.699999988079071,0.3135130703449249,1.0
3325,12.447489451058665,22.136822067004267,1508.2925938233307,5000.0,0.699999988079071,0.31164631247520447,1.0
3326,12.42325970094133,22.085870894707814,1508.0508505692062,5000.0,0.699999988079071,0.3097754120826721,1.0
3327,10.1317936141818,380.1791417105859,1772.3482847075168,5000.0,0.699999988079071,0.2904701232910156,1.0
3328,9.557207818384267,31.059603574805323,1507.6351268547442,5000.0,0.699999988079071,0.21016015112400055,1.0
3329,4.8117527297717455,531.6365478875525,1771.030116311316,5000.0,0.699999988079071,0.17358939349651337,1.0
3330,9.27074600847408,22.06728828010933,1508.296205033801,5000.0,0.699999988079071,0.3120080530643463,1.0
3331,8.612076004661382,376.95412633748333,1770.264884260268,5000.0,0.699999988079071,0.1905469298362732,1.0
3332,4.802871755112237,527.603140851328,1770.5739576930569,5000.0,0.699999988079071,0.1732303500175476,1.0
3333,9.55398386706697,31.163346188383684,1508.4952769895408,5000.0,0.699999988079071,0.2094903141260147,1.0
3334,10.112520307666998,372.0693482821192,1770.4307411907307,5000.0,0.699999988079071,0.28867974877357483,1.0
3335,0.8991915708592714,43.791069861934915,1508.152973415629,5000.0,0.699999988079071,0.013637125492095947,1.0
3336,5.4062835182944795,38.13974973175663,1508.8446319290422,5000.0,0.699999988079071,0.1125580295920372,1.0
3337,6.347081694004765,368.5304494250788,1768.23574533516,5000.0,0.699999988079071,0.19209501147270203,1.0
3338,12.368888356789128,22.188411250919152,1509.651721631588,5000.0,0.699999988079071,0.304720938205719,1.0
3339,8.567328753895135,366.66664853261005,1767.4636703757997,5000.0,0.699999988079071,0.188677579164505,1.0
3340,3.4392672595680422,364.25323245966575,1765.4314422796824,5000.0,0.699999988079071,0.09332269430160522,1.0
3341,8.556693550051417,363.3147487269367,1766.7581238089506,5000.0,0.699999988079071,0.18813426792621613,1.0
3342,9.515350606749454,31.345886884904463,1510.0561054735174,5000.0,0.699999988079071,0.20690175890922546,1.0
3343,7.86464862332965,38.272169500148145,1509.8891372627165,5000.0,0.699999988079071,0.10755561292171478,1.0
3344,8.522196829678915,358.7852736158789,1765.135267141366,5000.0,0.699999988079071,0.1868092119693756,1.0
3345,7.840181092655828,38.33311662200368,1510.288661509759,5000.0,0.699999988079071,0.10654690861701965,1.0
3346,7.6208424587070365,31.42292878847036,1510.755709756859,5000.0,0.699999988079071,0.2116960734128952,1.0
3347,7.830929722785623,38.37615422504199,1510.5916779928586,5000.0,0.699999988079071,0.1061946228146553,1.0
3348,3.4238662677817366,353.50401552260195,1761.9207143297192,5000.0,0.699999988079071,0.09335404634475708,1.0
3349,10.566673966974815,497.30852174115927,1766.0067357563241,5000.0,0.699999988079071,0.36428937315940857,1.0
3350,9.316483357350066,22.32909158680336,1511.580618471804,5000.0,0.699999988079071,0.30998605489730835,1.0
3351,7.820041532686551,38.41276694375839,1511.031065408408,5000.0,0.699999988079071,0.10575758665800095,1.0
3352,9.3167382657836,22.325612638334103,1511.6938020164214,5000.0,0.699999988079071,0.30868566036224365,1.0
3353,9.311271944711166,22.298811850331255,1511.5793418204805,5000.0,0.699999988079071,0.30713263154029846,1.0
3354,7.157956395392157,494.19943929629426,1764.456899620731,5000.0,0.699999988079071,0.27087587118148804,1.0
3355,9.478990090157533,31.43008262846774,1511.3990539921433,5000.0,0.699999988079071,0.20334357023239136,1.0
3356,7.815784686539698,38.37663087027313,1511.2336349595753,5000.0,0.699999988079071,0.10565632581710815,1.0
3357,10.99707530650303,31.44163884154624,1511.601502890602,5000.0,0.699999988079071,0.19675403833389282,1.0
3358,0.8889441663820401,44.21050238000449,1511.2905441326789,5000.0,0.699999988079071,0.013441883027553558,1.0
3359,8.443379730095124,344.62392932174095,1760.5172743053802,5000.0,0.699999988079071,0.18410775065422058,1.0
3360,5.434097565501568,38.51901466055598,1512.1266798674897,5000.0,0.699999988079071,0.11093299835920334,1.0
3361,10.94230325695701,31.564826273076555,1512.4889135041437,5000.0,0.699999988079071,0.19384883344173431,1.0
3362,9.412994529712902,31.540474509084927,1512.5001118366006,5000.0,0.699999988079071,0.20008885860443115,1.0
3363,7.720660088903798,38.5128923152914,1512.3353512139174,5000.0,0.699999988079071,0.1020921990275383,1.0
3364,4.735847443094681,475.0197641725885,1758.9679379320764,5000.0,0.699999988079071,0.1740657091140747,1.0
3365,7.710883301303377,38.627057862974866,1512.9211004563501,5000.0,0.699999988079071,0.10168594121932983,1.0
3366,0.8815596783234676,44.5347449585923,1512.9926151049922,5000.0,0.699999988079071,0.013277340680360794,1.0
3367,3.398914435756293,333.83868865584884,1755.4279584079325,5000.0,0.699999988079071,0.09345293045043945,1.0
3368,8.368171078949242,332.93067918454864,1756.941051368889,5000.0,0.699999988079071,0.18127572536468506,1.0
3369,9.379533182493999,31.815233917392607,1514.32193881225,5000.0,0.699999988079071,0.19855736196041107,1.0
3370,4.716960210033023,464.31087041899764,1757.030083473461,5000.0,0.699999988079071,0.17350585758686066,1.0
3371,7.677398063504186,38.92049496897413,1514.5056081680893,5000.0,0.699999988079071,0.10039214789867401,1.0
3372,10.799883578219436,22.609452338918192,1515.0930437838397,5000.0,0.699999988079071,0.29569903016090393,1.0
3373,8.94392220007915,460.36479807182764,1757.0066456290892,5000.0,0.699999988079071,0.25980064272880554,1.0
3374,9.34821663325747,31.84528113076321,1514.8500038926404,5000.0,0.699999988079071,0.19693399965763092,1.0
3375,6.3637738870086045,323.29079027314936,1753.7120140887746,5000.0,0.699999988079071,0.1909397542476654,1.0
3376,3.3835625110981167,322.77642411438086,1752.0776931819164,5000.0,0.699999988079071,0.09315114468336105,1.0
3377,7.66642482487399,31.94619565727806,1515.5526907891658,5000.0,0.699999988079071,0.2082623988389969,1.0
3378,8.309533262894456,321.7191558057041,1753.635974859705,5000.0,0.699999988079071,0.17910531163215637,1.0
3379,9.336315375216431,31.958723372006332,1515.7347126671011,5000.0,0.699999988079071,0.19597689807415009,1.0
3380,6.3602935259896975,318.4872446664703,1752.4239829307123,5000.0,0.699999988079071,0.19038495421409607,1.0
3381,6.3577593406082435,317.66548687445766,1752.3333778871577,5000.0,0.699999988079071,0.1901518702507019,1.0
3382,6.355232660691311,316.80021131285775,1752.2262825172293,5000.0,0.699999988079071,0.18992359936237335,1.0
3383,11.23600245145047,316.5493765048341,1754.0643649277188,5000.0,0.699999988079071,0.2642013430595398,1.0
3384,7.670894943844844,32.01174291629512,1516.36423754894,5000.0,0.699999988079071,0.20702512562274933,1.0
3385,7.6025563586916824,39.098224988295264,1516.2057341990321,5000.0,0.699999988079071,0.09789229184389114,1.0
3386,9.860039041423232,312.4245120465692,1752.4129529399538,5000.0,0.699999988079071,0.27407026290893555,1.0
3387,6.358850340186451,311.013543145405,1750.1233696275453,5000.0,0.699999988079071,0.1897042989730835,1.0
3388,4.684244189649211,436.6337785468569,1751.4141283668284,5000.0,0.699999988079071,0.17290255427360535,1.0
3389,8.2529799735708,308.87899326203376,1749.8939915676538,5000.0,0.699999988079071,0.17703180015087128,1.0
3390,9.293895840685154,32.12029579124031,1517.2867412210499,5000.0,0.699999988079071,0.1934468299150467,1.0
3391,8.336940536971522,305.3209038195326,1750.3639797700077,5000.0,0.699999988079071,0.285948246717453,1.0
3392,0.868437807029834,45.17820758531922,1517.0227174116053,5000.0,0.699999988079071,0.013020164333283901,1.0
3393,10.66152216080755,32.17586645932367,1517.7354682614018,5000.0,0.699999988079071,0.1802258938550949,1.0
3394,7.681289105409583,32.1638395151151,1517.8080242830124,5000.0,0.699999988079071,0.20578283071517944,1.0
3395,7.5350495395734125,39.284606307954455,1517.6477210860396,5000.0,0.699999988079071,0.0957174226641655,1.0
3396,6.358617367051706,301.48918709068823,1747.0456595246442,5000.0,0.699999988079071,0.18912573158740997,1.0
3397,5.4639243315049475,39.36403070160826,1518.1143759198744,5000.0,0.699999988079071,0.10892275720834732,1.0
3398,11.196832166220863,299.9918541193437,1750.5857227098436,5000.0,0.699999988079071,0.36702048778533936,1.0
3399,9.805465974010096,299.5964220633742,1748.4379651674908,5000.0,0.699999988079071,0.27073001861572266,1.0
3400,6.355374129205653,298.30092947984264,1746.0378892928895,5000.0,0.699999988079071,0.1884320080280304,1.0
3401,4.667582368033192,418.60654257647394,1747.4029758431134,5000.0,0.699999988079071,0.17278581857681274,1.0
3402,8.185248702222946,296.1555926921422,1745.7379473124668,5000.0,0.699999988079071,0.17485450208187103,1.0
3403,0.8630988634939444,45.4310887135694,1518.6576553025977,5000.0,0.699999988079071,0.012915398925542831,1.0
3404,10.698751370728402,22.941529930341833,1519.6025619356942,5000.0,0.699999988079071,0.2855769097805023,1.0
3405,7.678279528641552,32.32037092188592,1519.3214066857722,5000.0,0.699999988079071,0.20331592857837677,1.0
3406,7.494164794076935,39.475404475551485,1519.158463525095,5000.0,0.699999988079071,0.09447093307971954,1.0
3407,9.383898645801922,22.93367339422792,1519.7965034761542,5000.0,0.699999988079071,0.2976915240287781,1.0
3408,8.156921566642815,292.5001475061346,1744.2945832727687,5000.0,0.699999988079071,0.17427299916744232,1.0
3409,5.461208104919681,39.499357230342405,1519.4834195830144,5000.0,0.699999988079071,0.10739365220069885,1.0
3410,6.347796111576674,290.0502290251093,1743.4683804193035,5000.0,0.699999988079071,0.18722917139530182,1.0
3411,4.657055542422369,406.9173940055753,1744.8988070319806,5000.0,0.699999988079071,0.17276912927627563,1.0
3412,8.152628949169555,287.93724914313884,1743.1378497311907,5000.0,0.699999988079071,0.1739094853401184,1.0
3413,8.756223583129847,402.47320722755245,1745.0695908345574,5000.0,0.699999988079071,0.2531486451625824,1.0
3414,5.461812466519357,39.67355439111821,1520.4971814269343,5000.0,0.699999988079071,0.10728306323289871,1.0
3415,6.343687318459581,283.0690386055516,1741.4516587853548,5000.0,0.699999988079071,0.18675142526626587,1.0
3416,12.990113070623739,0.0008367938969704544,385.7429178919132,5000.0,0.699999988079071,0.36244189739227295,1.0
3417,7.432204674394963,39.63041142829822,1520.526448645789,5000.0,0.699999988079071,0.09262580424547195,1.0
3418,7.4136236762913335,39.66261336998609,1520.7292342563699,5000.0,0.699999988079071,0.09206315875053406,1.0
3419,3.341848865183043,279.54135633676253,1737.6408201619495,5000.0,0.699999988079071,0.09269917756319046,1.0
3420,7.684106017487545,32.566778721000645,1521.5506980122595,5000.0,0.699999988079071,0.201048344373703,1.0
3421,8.330113148705772,277.4111472145501,1741.316318411391,5000.0,0.699999988079071,0.2801917493343353,1.0
3422,8.085452743482836,277.9538108255223,1739.482703643593,5000.0,0.699999988079071,0.17187103629112244,1.0
3423,9.707597693587726,275.75060699481185,1740.8028775561143,5000.0,0.699999988079071,0.26490914821624756,1.0
3424,7.383833084359084,39.76378879682525,1521.5411420828714,5000.0,0.699999988079071,0.09119831025600433,1.0
3425,4.641128608698696,384.5247799260132,1739.301686533517,5000.0,0.699999988079071,0.1724342405796051,1.0
3426,5.465773292874569,39.87162643272707,1522.1174879723583,5000.0,0.699999988079071,0.10633489489555359,1.0
3427,3.3332557147966924,272.02966489872813,1735.1507301943175,5000.0,0.699999988079071,0.09237563610076904,1.0
3428,8.048625007268695,270.57326441631443,1736.9624961253708,5000.0,0.699999988079071,0.17050261795520782,1.0
3429,6.343925124073054,268.45437967785017,1736.0978836809345,5000.0,0.699999988079071,0.18580685555934906,1.0
3430,11.699760077458203,23.219514038987995,1523.2952090559209,5000.0,0.699999988079071,0.2619333267211914,1.0
3431,7.330066506594147,39.95513828149127,1522.7878515917446,5000.0,0.699999988079071,0.08960483223199844,1.0
3432,10.796323993545208,265.4982334939761,1737.0130055663642,5000.0,0.699999988079071,0.2452005296945572,1.0
3433,5.640473889123736,451.8071221941632,1736.675421386985,5000.0,0.699999988079071,0.251889705657959,1.0
3434,11.605882602939987,23.203154545822166,1523.4829800252585,5000.0,0.699999988079071,0.2576957941055298,1.0
3435,7.7074788726942725,32.696551765806475,1523.2348334876394,5000.0,0.699999988079071,0.2001604586839676,1.0
3436,11.569607304966052,23.168376525435033,1523.3866991314103,5000.0,0.699999988079071,0.255761057138443,1.0
3437,3.330884423056217,259.80707962791826,1729.555717527959,5000.0,0.699999988079071,0.09247267246246338,1.0
3438,13.579205562979578,0.027349618742099135,432.63219638455223,5000.0,0.699999988079071,0.3279559910297394,1.0
3439,7.166495126342768,39.82531576156183,1522.8515225817498,5000.0,0.699999988079071,0.08515319228172302,1.0
3440,5.495657587550923,39.86677256378624,1523.1153880608686,5000.0,0.699999988079071,0.10621733218431473,1.0
3441,11.058385490192437,359.1451695990085,1734.2191454517122,5000.0,0.699999988079071,0.31676623225212097,1.0
3442,5.499963288334006,39.8672743189416,1523.2524058098988,5000.0,0.699999988079071,0.10624925047159195,1.0
3443,10.0326097223495,32.64914583600244,1523.5241179186294,5000.0,0.699999988079071,0.15516914427280426,1.0
3444,8.926626407149945,32.63744043197399,1523.5623763040098,5000.0,0.699999988079071,0.17643988132476807,1.0
3445,9.478818158615386,250.12878384691865,1729.7399424703715,5000.0,0.699999988079071,0.25606638193130493,1.0
3446,10.434492672226536,23.120951220052437,1523.6448041573383,5000.0,0.699999988079071,0.2689020037651062,1.0
3447,9.458735306475505,248.77065987272627,1729.0205232597575,5000.0,0.699999988079071,0.2551403343677521,1.0
3448,0.8492041878627846,45.836909633290944,1523.2024778394166,5000.0,0.699999988079071,0.012680056504905224,1.0
3449,6.380527503799746,247.45496856697372,1725.978915772047,5000.0,0.699999988079071,0.1858675181865692,1.0
3450,6.377329410736841,246.87068742141437,1725.807994435005,5000.0,0.699999988079071,0.18560250103473663,1.0
3451,4.631030809705824,345.814251255616,1727.6036066588267,5000.0,0.699999988079071,0.17266808450222015,1.0
3452,6.3717055222903705,244.60986489551857,1725.140197453943,5000.0,0.699999988079071,0.1851491928100586,1.0
3453,9.92958840380259,32.76126891545682,1524.545445898918,5000.0,0.699999988079071,0.1516069769859314,1.0
3454,7.003971409043711,40.01292912088126,1524.4724697534825,5000.0,0.699999988079071,0.08105412870645523,1.0
3455,11.695322231442283,240.51400163131913,1728.5379951124494,5000.0,0.699999988079071,0.3212936520576477,1.0
3456,5.512260367165548,39.983450554105794,1524.6793384758648,5000.0,0.699999988079071,0.10542456805706024,1.0
3457,8.307897200772219,336.65040483026894,1726.0702370530762,5000.0,0.699999988079071,0.23982378840446472,1.0
3458,6.3826397304374,237.7062820950253,1721.7947387919644,5000.0,0.699999988079071,0.18520784378051758,1.0
3459,10.854516866566781,235.65340650748405,1726.4998047648176,5000.0,0.699999988079071,0.344617635011673,1.0
3460,3.3256987359958976,236.85069307113045,1718.7677989974077,5000.0,0.699999988079071,0.09238910675048828,1.0
3461,10.28477884099689,234.7216318904362,1723.3388636119864,5000.0,0.699999988079071,0.22600658237934113,1.0
3462,6.383488922224113,232.98573696813403,1719.6299225503767,5000.0,0.699999988079071,0.18485569953918457,1.0
3463,6.898882350739958,40.08228783900549,1524.079017118986,5000.0,0.699999988079071,0.07863251864910126,1.0
3464,0.8411639586230233,46.21534028405369,1525.5587742537966,5000.0,0.699999988079071,0.012519018724560738,1.0
3465,11.11537612440621,23.324332006321672,1514.549760837458,5000.0,0.699999988079071,0.23616039752960205,1.0
3466,5.518693816242545,40.141774375505676,1525.979442597765,5000.0,0.699999988079071,0.10495585203170776,1.0
3467,12.216554032227425,228.640642795871,1722.9204755758471,5000.0,0.699999988079071,0.2867973744869232,1.0
3468,3.3268167654648395,228.1603384793706,1714.2428844121116,5000.0,0.699999988079071,0.09250644594430923,1.0
3469,6.77708425356863,40.183706912198865,1515.790744976041,5000.0,0.699999988079071,0.07592861354351044,1.0
3470,5.529459287372321,40.20066323247688,1526.504209626245,5000.0,0.699999988079071,0.10511600226163864,1.0
3471,8.14686383189376,315.90931506520747,1719.1778639005975,5000.0,0.699999988079071,0.2354869395494461,1.0
3472,8.679073684038572,32.993302255550994,1500.009397504121,5000.0,0.699999988079071,0.16777494549751282,1.0
3473,5.530225643874761,40.24806700978799,1526.891352337192,5000.0,0.699999988079071,0.10491988807916641,1.0
3474,7.158741494279513,311.743897558944,1718.1916852068075,5000.0,0.699999988079071,0.26459750533103943,1.0
3475,6.391251578665538,221.25430034663415,1714.063302239853,5000.0,0.699999988079071,0.1843106597661972,1.0
3476,9.252399605107943,219.81255691405144,1715.5153483450265,5000.0,0.699999988079071,0.2469329982995987,1.0
3477,8.663359539351902,33.085880148316534,1488.8093171847968,5000.0,0.699999988079071,0.16682130098342896,1.0
3478,0.8350466356202141,46.453889469321986,1527.3335591181483,5000.0,0.699999988079071,0.012399391271173954,1.0
3479,3.3213876370754174,219.05730449087181,1710.0553135721327,5000.0,0.699999988079071,0.09214292466640472,1.0
3480,8.650305393881881,33.22534913046212,1478.627549408873,5000.0,0.699999988079071,0.16636960208415985,1.0
3481,6.389135295182534,216.48272599049304,1711.86440775113,5000.0,0.699999988079071,0.1838059425354004,1.0
3482,3.319789187097734,216.62969977038,1708.944453835763,5000.0,0.699999988079071,0.0920247882604599,1.0
3483,9.219332123785431,213.87669954491307,1711.7403885387278,5000.0,0.699999988079071,0.24555069208145142,1.0
3484,9.207433426616433,212.72684468467457,1710.3925851797587,5000.0,0.699999988079071,0.24513517320156097,1.0
3485,8.615180481717424,33.39566307038263,1430.0647773705978,5000.0,0.699999988079071,0.16510535776615143,1.0
3486,5.518525790134009,40.52254631989173,1528.8277285333454,5000.0,0.699999988079071,0.1035517230629921,1.0
3487,4.621277901504275,296.5540518912512,1711.9329002409395,5000.0,0.699999988079071,0.1717347353696823,1.0
3488,0.8284086817030053,46.79496079181901,1529.1651208187402,5000.0,0.699999988079071,0.012258152477443218,1.0
3489,3.3168440855095485,210.3378633078238,1705.8377669482609,5000.0,0.699999988079071,0.09175141900777817,1.0
3490,7.395439213777644,208.46865859800548,1703.6084713691453,5000.0,0.699999988079071,0.1530247926712036,1.0
3491,8.592662105650959,33.720199923283914,1386.5262161817827,5000.0,0.699999988079071,0.16439253091812134,1.0
3492,9.323086305346047,34.317281011817734,1220.4733752332945,5000.0,0.699999988079071,0.1333446204662323,1.0
3493,6.565152182393928,41.51690779327779,1301.5123396434853,5000.0,0.699999988079071,0.07180629670619965,1.0
3494,0.823364043615173,46.954914432616036,1530.1715652328776,5000.0,0.699999988079071,0.012148131616413593,1.0
3495,7.285319242582865,204.17534810633813,1682.4236276678087,5000.0,0.699999988079071,0.15100179612636566,1.0
3496,10.111915834445943,26.126286675596287,919.1070802092268,5000.0,0.699999988079071,0.2539161145687103,1.0
3497,7.247706492139265,202.86764465652638,1664.4305635090689,5000.0,0.699999988079071,0.15040799975395203,1.0
3498,4.621431280043085,281.4681740970626,1706.508819295496,5000.0,0.699999988079071,0.171537846326828,1.0
3499,7.777587142644816,33.45940336360384,1531.3494294930583,5000.0,0.699999988079071,0.1947820633649826,1.0
3500,6.391252193675449,199.5564395119411,1703.2772265166395,5000.0,0.699999988079071,0.18259304761886597,1.0
3501,7.2493228739331395,199.42340664337843,1659.3553452649794,5000.0,0.699999988079071,0.150204136967659,1.0
3502,7.908964950651498,276.49888740764607,1675.763772151439,5000.0,0.699999988079071,0.22922353446483612,1.0
3503,9.04492276961761,195.178830345451,1629.7417242938834,5000.0,0.699999988079071,0.2403085082769394,1.0
3504,6.429031309758642,45.154038446993475,921.878207556944,5000.0,0.699999988079071,0.06968197971582413,1.0
3505,8.415826901252904,40.281443492834626,764.3021399543661,5000.0,0.699999988079071,0.16020430624485016,1.0
3506,8.989988052106959,193.856435779797,1542.4399808560897,5000.0,0.699999988079071,0.23921102285385132,1.0
3507,12.220734540232982,50.23730069077363,467.8538314168649,5000.0,0.699999988079071,0.27241051197052,1.0
3508,9.52175028000175,23.691198726950084,1531.9310446864347,5000.0,0.699999988079071,0.28452396392822266,1.0
3509,8.806415484545917,70.39177694777092,526.9729251505684,5000.0,0.699999988079071,0.12326490879058838,1.0
3510,5.535481688844978,40.80172017817732,1531.5371618313764,5000.0,0.699999988079071,0.10247378796339035,1.0
3511,8.693899919575642,88.82607729131696,505.53461528482865,5000.0,0.699999988079071,0.12174483388662338,1.0
3512,0.8193547816725394,47.024988219448204,1531.592720192056,5000.0,0.699999988079071,0.012087980285286903,1.0
3513,5.538575968862832,40.886501655529756,1532.1379643285109,5000.0,0.699999988079071,0.10238426923751831,1.0
3514,7.784915603855942,33.49603564514948,1532.5560699844364,5000.0,0.699999988079071,0.1923002153635025,1.0
3515,7.775258149660827,33.501969477295624,1532.656632719214,5000.0,0.699999988079071,0.1914842277765274,1.0
3516,6.913133738923355,202.54980835978907,1066.1440061066128,5000.0,0.699999988079071,0.1466686725616455,1.0
3517,5.524415611055581,40.96090168814312,1532.7150153509856,5000.0,0.699999988079071,0.10144626349210739,1.0
3518,10.153035326436143,116.23954470300824,483.2980452802989,5000.0,0.699999988079071,0.2097097784280777,1.0
3519,5.979745886397145,112.50939944968246,507.21347507109016,5000.0,0.699999988079071,0.06555730849504471,1.0
3520,3.331956796283072,187.2120043954608,1692.2847322371558,5000.0,0.699999988079071,0.09232459217309952,1.0
3521,8.068117385868698,121.19037122994591,494.1632582920763,5000.0,0.699999988079071,0.15450073778629303,1.0
3522,8.655621381853631,225.67050841588946,764.6385493884916,5000.0,0.699999988079071,0.23439501225948334,1.0
3523,5.841451751914336,148.7428488517374,495.477923516805,5000.0,0.699999988079071,0.06471820920705795,1.0
3524,7.3659098048567815,302.83756431784917,817.4236431653599,5000.0,0.699999988079071,0.22498735785484314,1.0
3525,6.406844759842542,181.75797550072178,1692.6426835671678,5000.0,0.699999988079071,0.18134956061840057,1.0
3526,5.762417759938955,171.89729051489448,492.2872633577034,5000.0,0.699999988079071,0.06426931917667389,1.0
3527,0.8107576235361901,47.35334388322637,1533.849681182876,5000.0,0.699999988079071,0.011910662055015564,1.0
3528,8.532915475199717,259.53529945669857,640.3061032807419,5000.0,0.699999988079071,0.23317550122737885,1.0
3529,4.639487534598162,250.59113527865313,1694.201947931441,5000.0,0.699999988079071,0.17200279235839844,1.0
3530,5.529824332519877,41.20727771730432,1534.647716202492,5000.0,0.699999988079071,0.10098452866077423,1.0
3531,6.54294877768921,260.7513511617098,635.4112030487719,5000.0,0.699999988079071,0.14373841881752014,1.0
3532,5.528861479088847,41.25536302928937,1534.9952862273287,5000.0,0.699999988079071,0.10085197538137436,1.0
3533,7.857959246907162,208.96771447896614,486.90443639504286,5000.0,0.699999988079071,0.15248990058898926,1.0
3534,0.8058322637474257,47.55661149796809,1535.0818369219799,5000.0,0.699999988079071,0.011806769296526909,1.0
3535,7.815333613002594,229.8215526144114,486.6597474296275,5000.0,0.699999988079071,0.15209928154945374,1.0
3536,6.399676761768144,175.2685637642022,1688.944042703179,5000.0,0.699999988079071,0.18035884201526642,1.0
3537,7.787696124136183,243.6814211388574,486.5588702118016,5000.0,0.699999988079071,0.15168879926204681,1.0
3538,5.519487001482324,41.3561719073402,1535.883901690325,5000.0,0.699999988079071,0.10001741349697113,1.0
3539,8.396592353300019,313.7064410056897,568.6907266095197,5000.0,0.699999988079071,0.23125363886356354,1.0
3540,8.404357635151827,171.87820872203247,1691.261447941619,5000.0,0.699999988079071,0.2676607072353363,1.0
3541,9.451780724334606,462.1599662420046,483.539728184764,5000.0,0.699999988079071,0.16611376404762268,1.0
3542,3.334072706598856,173.27421089350756,1683.3278779627537,5000.0,0.699999988079071,0.09189113974571228,1.0
3543,7.607337918634768,354.1193604435442,487.38807449966333,5000.0,0.699999988079071,0.15018391609191895,1.0
3544,8.05532798716974,563.4114340793475,507.5057230659866,5000.0,0.699999988079071,0.19274623692035675,1.0
3545,7.607703606356055,524.9420866099217,571.9087202893623,5000.0,0.699999988079071,0.302001029253006,1.0
3546,0.8016481797881417,47.64695940001369,1536.319844460374,5000.0,0.699999988079071,0.01173426304012537,1.0
3547,5.137323571966241,441.0266354395172,489.3716168857992,5000.0,0.699999988079071,0.06159886345267296,1.0
3548,6.404481123755717,166.44406724010682,1682.9262035849856,5000.0,0.699999988079071,0.17959977686405182,1.0
3549,8.150783002408899,485.7782604286759,515.6265395766148,5000.0,0.699999988079071,0.22912493348121643,1.0
3550,8.1345429445612,501.71893105574503,513.8406425091159,5000.0,0.699999988079071,0.22887353599071503,1.0
3551,5.061842090119839,491.46341857646064,490.1439309200855,5000.0,0.699999988079071,0.06122209131717682,1.0
3552,4.649529354971015,227.98702685722333,1684.1674378231974,5000.0,0.699999988079071,0.17127710580825806,1.0
3553,7.767736081156765,33.96812457535751,1537.847070864121,5000.0,0.699999988079071,0.18714639544487,1.0
3554,6.394443509328354,162.0641758983494,1679.9282989244177,5000.0,0.699999988079071,0.17864197492599487,1.0
3555,0.7963033494995945,47.85101674072915,1537.73772888513,5000.0,0.699999988079071,0.011626309715211391,1.0
3556,6.841545756021407,524.1305743906705,535.0738899497161,5000.0,0.699999988079071,0.2204834222793579,1.0
3557,9.530664534659207,706.4984162556575,500.15277819692875,5000.0,0.699999988079071,0.277377188205719,1.0
3558,0.7949312962716725,47.86861630838354,1538.0545788827674,5000.0,0.699999988079071,0.011601872742176056,1.0
3559,7.737990999518068,773.5648428300468,499.27272237657354,5000.0,0.699999988079071,0.1894562691450119,1.0
3560,5.671183939123906,264.631539821017,1681.8003863141234,5000.0,0.699999988079071,0.2501325309276581,1.0
3561,4.651041295130937,215.19473884006848,1677.7035190829774,5000.0,0.699999988079071,0.16998238861560822,1.0
3562,7.508884678174748,594.8967853330275,538.6531097851533,5000.0,0.699999988079071,0.29763004183769226,1.0
3563,8.877782951150028,760.1554037639739,490.7903957475715,5000.0,0.699999988079071,0.19683927297592163,1.0
3564,5.519472617848158,41.628465909285765,1538.9910367309265,5000.0,0.699999988079071,0.09908196330070496,1.0
3565,8.041887147293071,605.7730036733867,505.5375083852487,5000.0,0.699999988079071,0.22643350064754486,1.0
3566,3.34048678302982,150.8223862133401,1665.8723241207422,5000.0,0.699999988079071,0.09051716327667236,1.0
3567,6.3972998174745355,148.19366687556575,1668.9713940525303,5000.0,0.699999988079071,0.177628755569458,1.0
3568,7.360857079543001,569.1468309532617,492.1822443188299,5000.0,0.699999988079071,0.14714467525482178,1.0
3569,7.74883786610138,34.13574280273073,1539.9126012370266,5000.0,0.699999988079071,0.18529675900936127,1.0
3570,7.484099407329911,630.2704282373671,530.4282936977329,5000.0,0.699999988079071,0.29698458313941956,1.0
3571,4.935996104166278,574.9158871164387,492.87523256083654,5000.0,0.699999988079071,0.05999550223350525,1.0
3572,6.391023515148715,144.74531125460717,1666.1126199677938,5000.0,0.699999988079071,0.1769288331270218,1.0
3573,8.3916368995341,142.2290058918714,1669.7277879104554,5000.0,0.699999988079071,0.2631608545780182,1.0
3574,7.159320432534354,198.3381289064434,1671.2195917255451,5000.0,0.699999988079071,0.2549000084400177,1.0
3575,7.360472465796952,537.6055940325981,492.13389283110155,5000.0,0.699999988079071,0.14610737562179565,1.0
3576,4.945078070495482,562.2311099912055,492.9309580562493,5000.0,0.699999988079071,0.060035496950149536,1.0
3577,7.326333756896917,591.8076056999219,493.032681349866,5000.0,0.699999988079071,0.14566196501255035,1.0
3578,5.486602639154175,41.78779740069603,1540.730101834807,5000.0,0.699999988079071,0.09716381132602692,1.0
3579,4.666308874674661,196.20149402439034,1667.244492362264,5000.0,0.699999988079071,0.1689470261335373,1.0
3580,3.3451808588167387,141.6481511590343,1658.0283341216268,5000.0,0.699999988079071,0.08997117727994919,1.0
3581,5.4807695926928774,41.90236140210089,1541.4037922830983,5000.0,0.699999988079071,0.0969686508178711,1.0
3582,5.476484881173763,41.92483111455975,1541.5917309666452,5000.0,0.699999988079071,0.0967482253909111,1.0
3583,3.3447204082502457,140.54413832122268,1657.2896233456984,5000.0,0.699999988079071,0.08988835662603378,1.0
3584,7.698408546311906,34.3684177955642,1542.2212414408198,5000.0,0.699999988079071,0.18172401189804077,1.0
3585,6.3581399737634055,137.86803082206015,1660.7672755164542,5000.0,0.699999988079071,0.17461912333965302,1.0
3586,5.950680470768162,538.6048220646601,506.5472070807433,5000.0,0.699999988079071,0.13859401643276215,1.0
3587,6.965931590566564,767.1066387558699,492.2579010770377,5000.0,0.699999988079071,0.10858527570962906,1.0
3588,6.883797677075627,857.3154021723918,493.3916922138451,5000.0,0.699999988079071,0.10773144662380219,1.0
3589,9.074036017806188,666.1046919505702,494.4438279202831,5000.0,0.699999988079071,0.22901755571365356,1.0
3590,3.352029153210371,137.07308355386428,1654.1539352173522,5000.0,0.699999988079071,0.09002628922462463,1.0
3591,8.353672447507476,132.33875473664065,1661.9624971104022,5000.0,0.699999988079071,0.2591423988342285,1.0
3592,4.873370850291493,635.552747181393,494.7628337820125,5000.0,0.699999988079071,0.0592423677444458,1.0
3593,8.706145337026822,937.631206513237,494.3894171249244,5000.0,0.699999988079071,0.1910867840051651,1.0
3594,7.545102417000167,1014.8602720246307,498.80942633948547,5000.0,0.699999988079071,0.1849232316017151,1.0
3595,6.3677962938754655,132.32916191198314,1655.5583362339605,5000.0,0.699999988079071,0.17436261475086212,1.0
3596,7.949776120538428,732.8219433006043,502.6245844758429,5000.0,0.699999988079071,0.22128689289093018,1.0
3597,0.7769941387213353,48.34671363169369,1542.9650874080298,5000.0,0.699999988079071,0.011269350536167622,1.0
3598,6.362120564406119,130.75770290923515,1654.1612366424695,5000.0,0.699999988079071,0.17391018569469452,1.0
3599,6.773211918129503,985.885266911676,495.53680954182016,5000.0,0.699999988079071,0.10562053322792053,1.0
3600,6.760482294087781,1058.6114811295715,496.32979787908556,5000.0,0.699999988079071,0.1048874482512474,1.0
3601,5.818980859714487,803.8428427568768,502.8053574551418,5000.0,0.699999988079071,0.13643993437290192,1.0
3602,7.161886944889372,176.39339293952975,1658.4379733463084,5000.0,0.699999988079071,0.25275135040283203,1.0
3603,4.688085507452879,176.19597633923533,1654.826389963644,5000.0,0.699999988079071,0.16814060509204865,1.0
3604,6.366083123320786,125.928462758201,1649.1666424363261,5000.0,0.699999988079071,0.17354436218738556,1.0
3605,7.920120593414545,714.7315055355436,503.0494834382111,5000.0,0.699999988079071,0.2198633849620819,1.0
3606,0.7717808897318177,48.45715238581683,1544.1632643292583,5000.0,0.699999988079071,0.011169485747814178,1.0
3607,6.647453691498647,728.3449703582689,509.23571584353465,5000.0,0.699999988079071,0.21405237913131714,1.0
3608,7.6792151635868615,34.460790193230416,1544.9035273556335,5000.0,0.699999988079071,0.17889022827148438,1.0
3609,5.448389573645535,42.11209417172584,1544.804893482747,5000.0,0.699999988079071,0.09459435194730759,1.0
3610,8.146869761060676,980.4558917799098,502.843934233622,5000.0,0.699999988079071,0.2605407238006592,1.0
3611,4.755908393495374,711.2273899062021,497.6341089644264,5000.0,0.699999988079071,0.05734693631529808,1.0
3612,4.696940121981494,166.80368608897862,1648.2411625121024,5000.0,0.699999988079071,0.16735512018203735,1.0
3613,8.340221148365769,117.15639497072581,1647.1242760018129,5000.0,0.699999988079071,0.2560758590698242,1.0
3614,5.772133771826003,690.4100924423036,503.52898229023265,5000.0,0.699999988079071,0.13523806631565094,1.0
3615,6.354435255926473,118.08766546219779,1640.8651114974723,5000.0,0.699999988079071,0.17215022444725037,1.0
3616,6.35042769724831,117.44165515967833,1640.1749968995962,5000.0,0.699999988079071,0.17189311981201172,1.0
3617,3.367390169454064,119.101032558992,1635.1234282825012,5000.0,0.699999988079071,0.08879891782999039,1.0
3618,7.143063792051779,158.13181284638495,1645.5758197701143,5000.0,0.699999988079071,0.24919772148132324,1.0
3619,3.3679765722807105,117.05820466611166,1632.6778656778226,5000.0,0.699999988079071,0.08854453265666962,1.0
3620,0.7641498508029874,48.72692893437399,1546.186567231514,5000.0,0.699999988079071,0.011019897647202015,1.0
3621,7.637289134065997,34.64356517234874,1546.8199310242014,5000.0,0.699999988079071,0.17644312977790833,1.0
3622,4.784209473244982,591.2101315863069,496.9704881786174,5000.0,0.699999988079071,0.057559557259082794,1.0
3623,3.3690702926826974,115.8084185629628,1631.5753929145808,5000.0,0.699999988079071,0.08850554376840591,1.0
3624,7.627566749078273,34.68006705929097,1547.284683006037,5000.0,0.699999988079071,0.17575374245643616,1.0
3625,8.29202253659112,110.19646707976095,1640.1710024902602,5000.0,0.699999988079071,0.2524365186691284,1.0
3626,3.370526678558926,114.6786158290533,1630.388827967953,5000.0,0.699999988079071,0.08843296766281128,1.0
3627,0.7599714144746422,48.867910538281066,1547.2793163121642,5000.0,0.699999988079071,0.010935063473880291,1.0
3628,4.804724095127504,563.7926607069755,496.82740642193517,5000.0,0.699999988079071,0.05763633921742439,1.0
3629,5.79710555048449,605.1549959826615,503.86895103808894,5000.0,0.699999988079071,0.13487592339515686,1.0
3630,8.941923493437889,615.6342606397099,496.8987008553343,5000.0,0.699999988079071,0.2208048701286316,1.0
3631,7.15228889520485,632.6642763302444,497.43792003484555,5000.0,0.699999988079071,0.13862252235412598,1.0
3632,0.7570755217024934,48.87957201697875,1547.8452894282307,5000.0,0.699999988079071,0.010879904963076115,1.0
3633,8.524277614012322,671.4023040564485,508.3504215748932,5000.0,0.699999988079071,0.29353392124176025,1.0
3634,8.131819818812502,1123.89079033618,497.31446552051284,5000.0,0.699999988079071,0.14922995865345,1.0
3635,6.3283695531241735,108.10176759925585,1630.1360031951995,5000.0,0.699999988079071,0.16983278095722198,1.0
3636,3.3796017415428574,110.12851370798926,1625.0899681610497,5000.0,0.699999988079071,0.08838308602571487,1.0
3637,6.323684191425942,106.84178235222637,1628.6150148681238,5000.0,0.699999988079071,0.1694674789905548,1.0
3638,6.319599146337282,106.26434942090157,1627.9119091204107,5000.0,0.699999988079071,0.16920866072177887,1.0
3639,5.753778056213279,672.5403326936573,503.5148329166193,5000.0,0.699999988079071,0.13399063050746918,1.0
3640,4.707362602437731,680.3975120190125,499.09545474717373,5000.0,0.699999988079071,0.056520767509937286,1.0
3641,8.492622558447758,998.6596318791638,498.80750355433406,5000.0,0.699999988079071,0.1828518956899643,1.0
3642,0.7522110730342555,48.9165217550319,1548.9069125069238,5000.0,0.699999988079071,0.010791382752358913,1.0
3643,4.726383411122406,142.66093855084225,1630.0275771559022,5000.0,0.699999988079071,0.16562701761722565,1.0
3644,0.7499612805588453,48.98671401202326,1549.3383509984783,5000.0,0.699999988079071,0.010743126273155212,1.0
3645,8.478141609324494,1017.9049797723872,499.32967395176144,5000.0,0.699999988079071,0.18228743970394135,1.0
3646,4.685097768719436,763.0042294906505,500.6222643445935,5000.0,0.699999988079071,0.05575057491660118,1.0
3647,7.1074436707189355,784.2719159335942,500.75248849269184,5000.0,0.699999988079071,0.1364917904138565,1.0
3648,7.8368724716050915,802.1999737078485,504.05284489733964,5000.0,0.699999988079071,0.21371906995773315,1.0
3649,5.39064381879965,42.49467178570194,1549.9856345318701,5000.0,0.699999988079071,0.09134024381637573,1.0
3650,5.385627021192403,42.51119943492401,1550.1509092970364,5000.0,0.699999988079071,0.09112083911895752,1.0
3651,3.3893317912188285,104.35062766510073,1618.3109987701419,5000.0,0.699999988079071,0.0881768986582756,1.0
3652,6.603574481015631,769.3737604900972,507.45015769927886,5000.0,0.699999988079071,0.210269957780838,1.0
3653,7.0747016404988905,750.2572086499536,500.8469026721708,5000.0,0.699999988079071,0.1356906294822693,1.0
3654,8.263230421175937,96.71638874158963,1624.8764860984602,5000.0,0.699999988079071,0.24837885797023773,1.0
3655,7.317479056523156,1043.4461965738158,502.1445584868149,5000.0,0.699999988079071,0.17735342681407928,1.0
3656,6.313304077125884,98.4415899922478,1618.26993000528,5000.0,0.699999988079071,0.16786421835422516,1.0
3657,9.43492408073259,754.2189497161804,504.06480692143765,5000.0,0.699999988079071,0.29185178875923157,1.0
3658,0.7451292959463459,48.98396688112299,1550.6408189445526,5000.0,0.699999988079071,0.010664924047887325,1.0
3659,5.362540540105104,42.551593521967455,1551.0784247732674,5000.0,0.699999988079071,0.09006407856941223,1.0
3660,6.299426733776912,97.22603517231818,1616.8704491687324,5000.0,0.699999988079071,0.16707688570022583,1.0
3661,0.742684287793471,49.055109603175616,1551.1777460779915,5000.0,0.699999988079071,0.010613556951284409,1.0
3662,3.395998138262958,99.41948758389529,1611.7858903313793,5000.0,0.699999988079071,0.08774884045124054,1.0
3663,6.294678354723715,95.8275331793106,1615.1242689269109,5000.0,0.699999988079071,0.1667129248380661,1.0
3664,7.030344512471928,678.5882090238241,500.5573515204287,5000.0,0.699999988079071,0.13414490222930908,1.0
3665,7.768831760873531,704.958517775054,504.2086503145962,5000.0,0.699999988079071,0.21097686886787415,1.0
3666,9.002618024400787,1001.639328073441,502.26002708149093,5000.0,0.699999988079071,0.25523823499679565,1.0
3667,5.678763829896816,740.1360915688343,504.88551608943925,5000.0,0.699999988079071,0.13189005851745605,1.0
3668,7.266494965017746,1053.032627456243,503.18801234337246,5000.0,0.699999988079071,0.1757567822933197,1.0
3669,4.5932228412675125,771.1088564949599,502.9894577862622,5000.0,0.699999988079071,0.0543207973241806,1.0
3670,8.989752567772936,1118.890984141765,504.05833369728424,5000.0,0.699999988079071,0.2536385655403137,1.0
3671,5.6644990362957754,804.922319232906,506.2387311634323,5000.0,0.699999988079071,0.130977064371109,1.0
3672,6.3040006475647825,91.0377059984427,1608.0348688788365,5000.0,0.699999988079071,0.16637340188026428,1.0
3673,7.527711118905875,34.82335308869388,1552.5878969019955,5000.0,0.699999988079071,0.16780024766921997,1.0
3674,5.813483564741708,146.1641579123102,1615.201492889543,5000.0,0.699999988079071,0.24150516092777252,1.0
3675,7.204022178112915,1030.8419843858846,504.0982387729207,5000.0,0.699999988079071,0.17411914467811584,1.0
3676,5.342739654251098,42.5623965057281,1552.6425933021278,5000.0,0.699999988079071,0.08894552290439606,1.0
3677,8.218107172829132,84.98593389552988,1608.5633227663427,5000.0,0.699999988079071,0.24366092681884766,1.0
3678,7.497507405676313,34.8428319685766,1553.0279637479232,5000.0,0.699999988079071,0.1661578118801117,1.0
3679,3.4145095576267797,91.23687126220065,1599.7081948365487,5000.0,0.699999988079071,0.08726594597101212,1.0
3680,7.482464756092181,34.86802921149059,1553.3179438510542,5000.0,0.699999988079071,0.16536322236061096,1.0
3681,7.9352533098792435,979.6829315288957,505.11924658287865,5000.0,0.699999988079071,0.2511017918586731,1.0
3682,0.7364303751601287,49.063868469317754,1553.0076260478727,5000.0,0.699999988079071,0.010517867282032967,1.0
3683,6.54035784004929,721.1440578268316,508.6656948961141,5000.0,0.699999988079071,0.20700037479400635,1.0
3684,0.7346995215183177,49.09644571758489,1553.312280675111,5000.0,0.699999988079071,0.010482553392648697,1.0
3685,6.275118001260385,84.84675449869083,1598.8074611453837,5000.0,0.699999988079071,0.1642100065946579,1.0
3686,4.517763248660662,692.2892163071524,503.79413044856096,5000.0,0.699999988079071,0.053686875849962234,1.0
3687,6.92909535193198,714.5589029564927,504.0035005337743,5000.0,0.699999988079071,0.1306600272655487,1.0
3688,6.925183486931914,729.3898881883906,504.32704223431347,5000.0,0.699999988079071,0.1303986757993698,1.0
3689,4.506398824501995,743.0755753372252,504.89041988296333,5000.0,0.699999988079071,0.05328165367245674,1.0
3690,6.2729969352496004,83.76862274373103,1597.5473984049206,5000.0,0.699999988079071,0.16397130489349365,1.0
3691,7.461422753314001,34.89672374656358,1554.5349276952397,5000.0,0.699999988079071,0.16385838389396667,1.0
3692,5.290579501277704,42.64287168748642,1554.427079729038,5000.0,0.699999988079071,0.08671815693378448,1.0
3693,5.285085284465331,42.65707467624622,1554.5826795009025,5000.0,0.699999988079071,0.08650217950344086,1.0
3694,6.900150204694705,715.7031000340529,504.2320787928646,5000.0,0.699999988079071,0.12930312752723694,1.0
3695,8.652966651125448,730.842497568184,504.2926485687592,5000.0,0.699999988079071,0.2048048973083496,1.0
3696,7.153413348760793,1047.0891548115615,505.52519879366054,5000.0,0.699999988079071,0.1729729026556015,1.0
3697,3.4304011039964566,86.06935176703634,1592.713382629708,5000.0,0.699999988079071,0.08722025156021118,1.0
3698,4.795610201366419,110.35089327075072,1599.3108729756311,5000.0,0.699999988079071,0.16381332278251648,1.0
3699,7.651802255554962,729.4827860546769,507.22044027064555,5000.0,0.699999988079071,0.2050933539867401,1.0
3700,3.4313366069949387,84.17741254704673,1589.4916614026079,5000.0,0.699999988079071,0.08684751391410828,1.0
3701,4.797974756811692,107.33943460948846,1595.6391414029727,5000.0,0.699999988079071,0.16313743591308594,1.0
3702,0.7257661132225546,49.19596462881506,1555.3493123117453,5000.0,0.699999988079071,0.010315768420696259,1.0
3703,6.270375408732664,979.9716688870665,504.8410390572701,5000.0,0.699999988079071,0.0954442247748375,1.0
3704,0.7237890010797623,49.191749388609715,1555.6009273945122,5000.0,0.699999988079071,0.010276151821017265,1.0
3705,6.866914211092695,739.6283066544848,506.1519768042732,5000.0,0.699999988079071,0.12818948924541473,1.0
3706,7.641792933523859,756.9900530942372,508.19828683204713,5000.0,0.699999988079071,0.20433753728866577,1.0
3707,3.4362968665032376,81.66363031088422,1585.705810369233,5000.0,0.699999988079071,0.08662061393260956,1.0
3708,7.322772302526947,752.1884619953129,511.87379195940383,5000.0,0.699999988079071,0.28115296363830566,1.0
3709,4.8084385131968554,101.36160817290252,1588.4238873222412,5000.0,0.699999988079071,0.1623019576072693,1.0
3710,6.496301822792815,712.8219426456609,510.2598222332412,5000.0,0.699999988079071,0.20396271347999573,1.0
3711,8.333107987184546,714.7048598724377,510.1551216304273,5000.0,0.699999988079071,0.2792670428752899,1.0
3712,8.145610409104837,69.01910900120376,1582.9161296727518,5000.0,0.699999988079071,0.237005352973938,1.0
3713,8.131920704036228,68.65906743635432,1582.2743090972021,5000.0,0.699999988079071,0.2361951619386673,1.0
3714,6.823676931432005,660.261553518705,506.2498338845338,5000.0,0.699999988079071,0.12711088359355927,1.0
3715,6.497995553123748,685.7054411022489,510.26277246001814,5000.0,0.699999988079071,0.2034885585308075,1.0
3716,3.4492480976032964,75.49581344784593,1574.458015884183,5000.0,0.699999988079071,0.08574210107326508,1.0
3717,6.237582855657774,71.00002293347957,1575.8471044445162,5000.0,0.699999988079071,0.160397008061409,1.0
3718,8.111970170497846,66.23946502288065,1577.7732674825238,5000.0,0.699999988079071,0.23472921550273895,1.0
3719,7.067853821783723,900.4937567075574,506.8181379821873,5000.0,0.699999988079071,0.1696874052286148,1.0
3720,3.4542207883610048,73.76370569672359,1571.4306988027786,5000.0,0.699999988079071,0.08555057644844055,1.0
3721,3.4543576568182535,73.31989075348643,1570.6748618256095,5000.0,0.699999988079071,0.08544273674488068,1.0
3722,5.234745938703288,42.78483061322627,1557.444248321801,5000.0,0.699999988079071,0.08456223458051682,1.0
3723,6.7983690156873795,651.9025195250206,507.0279855533846,5000.0,0.699999988079071,0.12619853019714355,1.0
3724,8.77306504757198,83.41358798937588,1576.6144868149156,5000.0,0.699999988079071,0.30870553851127625,1.0
3725,0.7185491750794339,49.291916872661915,1557.466315285401,5000.0,0.699999988079071,0.010197523050010204,1.0
3726,6.78908813137288,640.0882835119751,506.95948564617765,5000.0,0.699999988079071,0.12572146952152252,1.0
3727,7.578719554615974,663.161826971731,508.8073610016397,5000.0,0.699999988079071,0.20065662264823914,1.0
3728,3.4608429194992656,71.60250648872938,1568.0722438639734,5000.0,0.699999988079071,0.08534088730812073,1.0
3729,5.54594627610867,661.6070135420998,509.29241234711407,5000.0,0.699999988079071,0.12695229053497314,1.0
3730,6.157020461681707,950.725081976293,507.7302962482881,5000.0,0.699999988079071,0.09327981621026993,1.0
3731,4.846740467638839,86.51692434074533,1568.7171421833339,5000.0,0.699999988079071,0.160367950797081,1.0
3732,6.136736289240559,988.501011368413,508.63327838586906,5000.0,0.699999988079071,0.09269320964813232,1.0
3733,5.220626714030007,42.775076254744995,1558.4279896596865,5000.0,0.699999988079071,0.08384960889816284,1.0
3734,6.221168865164145,65.25513960755731,1565.8619899380676,5000.0,0.699999988079071,0.1586780995130539,1.0
3735,5.526677936357344,724.2013472433786,510.91770776811614,5000.0,0.699999988079071,0.12617775797843933,1.0
3736,4.356620025722671,731.6651811475091,510.2932830696427,5000.0,0.699999988079071,0.05105045065283775,1.0
3737,0.7112999536681939,49.296682616494294,1558.701550559099,5000.0,0.699999988079071,0.010060563683509827,1.0
3738,8.007241957023693,1061.2295267012712,510.18207475612064,5000.0,0.699999988079071,0.16518083214759827,1.0
3739,0.7101113926372984,49.27461605049725,1558.8689313270593,5000.0,0.699999988079071,0.010039072483778,1.0
3740,0.7087606732299787,49.293453622715795,1559.0697239432782,5000.0,0.699999988079071,0.010010390542447567,1.0
3741,3.4708561088950547,68.4192571043059,1563.362985616355,5000.0,0.699999988079071,0.08508070558309555,1.0
3742,8.50038185517205,769.6635428163996,511.06503352144625,5000.0,0.699999988079071,0.1974317878484726,1.0
3743,7.0843135844459,78.85229608804806,1564.380380820517,5000.0,0.699999988079071,0.23322069644927979,1.0
3744,9.131808744356931,746.7039983447794,511.66344229601214,5000.0,0.699999988079071,0.2713528275489807,1.0
3745,5.5078375969594395,743.3795045362239,512.2394044440275,5000.0,0.699999988079071,0.1255246102809906,1.0
3746,7.854764683613522,88.64934661197486,1560.6112316334097,5000.0,0.699999988079071,0.30718886852264404,1.0
3747,6.708429322623935,711.4896215899936,511.02060974038744,5000.0,0.699999988079071,0.12307620793581009,1.0
3748,5.18174335930965,42.793733088883485,1559.8606671747748,5000.0,0.699999988079071,0.08234899491071701,1.0
3749,6.952171764654796,1020.1621820116577,511.39995162932854,5000.0,0.699999988079071,0.16574911773204803,1.0
3750,7.520333777589255,755.789535058783,513.0040649416376,5000.0,0.699999988079071,0.19719421863555908,1.0
3751,5.177338012719538,42.77274723479316,1560.0313099935997,5000.0,0.699999988079071,0.08212890475988388,1.0
3752,4.304952910179792,748.9464949594044,512.598665818129,5000.0,0.699999988079071,0.05019894987344742,1.0
3753,5.495610859583751,770.6082657858559,513.8300957048463,5000.0,0.699999988079071,0.12477567046880722,1.0
3754,6.200096074328798,59.85327869961827,1556.448575603593,5000.0,0.699999988079071,0.1566898226737976,1.0
3755,4.2938231256481325,756.8049057512823,513.245630450733,5000.0,0.699999988079071,0.04995857924222946,1.0
3756,3.486768613953301,64.24525195541273,1556.3949962576328,5000.0,0.699999988079071,0.08457839488983154,1.0
3757,6.6822806046482555,763.8456231157754,513.4203682899675,5000.0,0.699999988079071,0.12175961583852768,1.0
3758,3.4881003647751685,63.869195490082355,1555.8970085666072,5000.0,0.699999988079071,0.08453097939491272,1.0
3759,5.479258852622885,766.22662420589,514.5396500634545,5000.0,0.699999988079071,0.124236099421978,1.0
3760,3.489267586829444,63.18663512008914,1554.7661005388197,5000.0,0.699999988079071,0.08435745537281036,1.0
3761,6.198357324080488,57.934962753267705,1553.1453127659554,5000.0,0.699999988079071,0.15618696808815002,1.0
3762,7.270160284721662,35.03132665578839,1561.4971411067474,5000.0,0.699999988079071,0.1533590853214264,1.0
3763,6.651958685351665,731.2601830499971,513.3604171775172,5000.0,0.699999988079071,0.12106730788946152,1.0
3764,8.381331102211693,746.2623893571385,513.4954388366828,5000.0,0.699999988079071,0.19201169908046722,1.0
3765,7.864137137148214,1065.5957549654888,513.5784454115919,5000.0,0.699999988079071,0.1601656973361969,1.0
3766,6.175787185449415,57.54601249977932,1552.89807021892,5000.0,0.699999988079071,0.15524475276470184,1.0
3767,7.995814686575688,51.78182630579176,1550.447841395907,5000.0,0.699999988079071,0.22552751004695892,1.0
3768,5.977204353964689,81.39290530875941,1547.131173688296,5000.0,0.699999988079071,0.23344077169895172,1.0
3769,7.208042093172743,35.011744232161554,1561.8626468687742,5000.0,0.699999988079071,0.1503378450870514,1.0
3770,7.966313393016663,50.636474968123665,1547.8253327548505,5000.0,0.699999988079071,0.22382044792175293,1.0
3771,6.882271286907212,963.2922120417179,512.9842531272633,5000.0,0.699999988079071,0.16403084993362427,1.0
3772,0.7008130820974215,49.27409014402283,1561.6225493975471,5000.0,0.699999988079071,0.009893856011331081,1.0
3773,7.041912951787158,65.69274491769951,1543.6780817440576,5000.0,0.699999988079071,0.22794023156166077,1.0
3774,5.095625664171157,42.79544322550659,1562.077734875343,5000.0,0.699999988079071,0.07928505539894104,1.0
3775,5.951851432425914,971.2339962699023,513.2905173046147,5000.0,0.699999988079071,0.08943919092416763,1.0
3776,4.235781984868904,735.8894049161041,515.1010781578501,5000.0,0.699999988079071,0.04935198649764061,1.0
3777,5.952298101888733,1068.5891926354493,515.1605161433316,5000.0,0.699999988079071,0.08855874836444855,1.0
3778,7.961370689796929,48.81890142411425,1544.3546381109875,5000.0,0.699999988079071,0.22307851910591125,1.0
3779,5.950485023318524,1091.8640355923221,515.721296509535,5000.0,0.699999988079071,0.08823804557323456,1.0
3780,0.6969254273436642,49.22514594462815,1562.2719907727217,5000.0,0.699999988079071,0.009824678301811218,1.0
3781,6.147200781558108,54.244616118646334,1547.4880523710647,5000.0,0.699999988079071,0.15334206819534302,1.0
3782,5.950207215364478,1120.0494839384721,516.3439756455168,5000.0,0.699999988079071,0.08779893070459366,1.0
3783,7.046253378103795,62.93520783574198,1539.587282168696,5000.0,0.699999988079071,0.2276010364294052,1.0
3784,8.183927023279049,800.5094391746079,517.7363496794184,5000.0,0.699999988079071,0.26589131355285645,1.0
3785,6.843452979672386,1111.3086190827594,517.0109860179167,5000.0,0.699999988079071,0.16132564842700958,1.0
3786,9.410627226867138,39.474079647497106,1530.2464463089482,5000.0,0.699999988079071,0.2906809151172638,1.0
3787,0.6964592609623098,49.194661260292285,1562.6591673841124,5000.0,0.699999988079071,0.009828256443142891,1.0
3788,4.928195783585589,65.07460734851404,1538.588590682228,5000.0,0.699999988079071,0.1578240841627121,1.0
3789,6.131381356402276,51.86852593173476,1543.1790855605868,5000.0,0.699999988079071,0.15203824639320374,1.0
3790,4.173505944315242,741.924360505952,517.1408450333779,5000.0,0.699999988079071,0.04849984496831894,1.0
3791,7.920371333173127,45.32713493293143,1536.898039109516,5000.0,0.699999988079071,0.22016482055187225,1.0
3792,5.855659775940791,1046.0579315759664,516.7282311002671,5000.0,0.699999988079071,0.0871572196483612,1.0
3793,4.935876846179035,63.23952721361405,1535.911488266128,5000.0,0.699999988079071,0.15747207403182983,1.0
3794,9.364549009108421,36.97048627685985,1522.5422531757406,5000.0,0.699999988079071,0.2875884771347046,1.0
3795,0.6939930957892435,49.22005770287676,1563.3821209565901,5000.0,0.699999988079071,0.009786984883248806,1.0
3796,0.6926766670428223,49.23628722711031,1563.5751469238828,5000.0,0.699999988079071,0.009759106673300266,1.0
3797,6.110033224197975,50.497228257307825,1541.464611265097,5000.0,0.699999988079071,0.1508851945400238,1.0
3798,6.487271338766698,717.1025794738674,517.0543447360208,5000.0,0.699999988079071,0.11570344865322113,1.0
3799,4.1542939340874865,733.942823559839,517.685120757176,5000.0,0.699999988079071,0.04830846190452576,1.0
3800,6.105187041438134,50.144895072819196,1541.186562808465,5000.0,0.699999988079071,0.15063035488128662,1.0
3801,5.4053972408045485,740.2494697936282,518.219517916037,5000.0,0.699999988079071,0.12186994403600693,1.0
3802,7.3477197781321015,751.4214809423205,518.3202840788526,5000.0,0.699999988079071,0.18878985941410065,1.0
3803,3.5327470377904717,55.11383330161045,1544.7078711861693,5000.0,0.699999988079071,0.08327070623636246,1.0
3804,7.016413436797578,54.691745477893186,1525.036794658967,5000.0,0.699999988079071,0.22364407777786255,1.0
3805,0.6886219081606478,49.246301106642484,1564.422795417161,5000.0,0.699999988079071,0.009685776196420193,1.0
3806,7.636026705989537,1013.1879692569056,517.4958173464205,5000.0,0.699999988079071,0.15329760313034058,1.0
3807,7.642461309504013,1070.758510716052,518.3925313242692,5000.0,0.699999988079071,0.1527692824602127,1.0
3808,6.470245925383723,793.674343935101,519.537960251388,5000.0,0.699999988079071,0.11428175866603851,1.0
3809,4.958697942035484,58.89004393919596,1530.3305929741994,5000.0,0.699999988079071,0.1568591445684433,1.0
3810,8.112637679753712,783.4756550660296,519.9517858113023,5000.0,0.699999988079071,0.2608896791934967,1.0
3811,6.44565282792863,772.3965419287364,519.6843971769946,5000.0,0.699999988079071,0.11393585801124573,1.0
3812,6.4453137415434645,785.7638952682905,519.9835093328281,5000.0,0.699999988079071,0.1137031763792038,1.0
3813,0.6870033647154122,49.158325881665654,1564.8224395866841,5000.0,0.699999988079071,0.009667536243796349,1.0
3814,6.086286369181077,47.628637190444884,1538.1313577572134,5000.0,0.699999988079071,0.1491577923297882,1.0
3815,5.388908675547138,780.8209774044958,520.448633493442,5000.0,0.699999988079071,0.12072134017944336,1.0
3816,5.388068259796975,788.823388086412,520.7671823959372,5000.0,0.699999988079071,0.12054038792848587,1.0
3817,4.993818950070711,42.67090755102767,1565.4297032506652,5000.0,0.699999988079071,0.07569882273674011,1.0
3818,7.823572141098924,54.13190995542002,1504.3076797187175,5000.0,0.699999988079071,0.2952362596988678,1.0
3819,6.077174685958502,46.45082034625577,1536.7170338834069,5000.0,0.699999988079071,0.14836864173412323,1.0
3820,5.362555351756419,736.4234703988215,520.3493309279758,5000.0,0.699999988079071,0.12024187296628952,1.0
3821,3.5502210126276403,52.11455408468433,1542.623613683703,5000.0,0.699999988079071,0.08250080794095993,1.0
3822,6.694092319428226,1043.2306166927892,520.0793037280196,5000.0,0.699999988079071,0.15755808353424072,1.0
3823,4.977844071581237,54.00667060311244,1523.8119424219553,5000.0,0.699999988079071,0.15518902242183685,1.0
3824,6.081466601614625,45.22550270139494,1535.559780020213,5000.0,0.699999988079071,0.14804048836231232,1.0
3825,5.34992471637787,737.7090038250633,521.1337077860879,5000.0,0.699999988079071,0.11955380439758301,1.0
3826,6.384486594938548,749.0636533471117,521.1864054207025,5000.0,0.699999988079071,0.1125820130109787,1.0
3827,4.0591817936584444,764.0660138496793,521.7699525512357,5000.0,0.699999988079071,0.04677518829703331,1.0
3828,6.3905260861918975,784.2978267430362,521.9791476971013,5000.0,0.699999988079071,0.11226744949817657,1.0
3829,9.242469612464504,28.11891150374569,1491.193433036306,5000.0,0.699999988079071,0.27862948179244995,1.0
3830,7.261614753305764,768.8776569013269,521.8064274189024,5000.0,0.699999988079071,0.18429292738437653,1.0
3831,4.947625681608677,42.65040070029323,1566.4051667341732,5000.0,0.699999988079071,0.07433222234249115,1.0
3832,5.687131422339159,1079.6560839145218,521.57742340223,5000.0,0.699999988079071,0.0838385745882988,1.0
3833,5.367861664284812,806.9975026364898,523.0080289042503,5000.0,0.699999988079071,0.11919821798801422,1.0
3834,4.066907306986715,811.4375969994308,523.251552078407,5000.0,0.699999988079071,0.04634375870227814,1.0
3835,8.073958834508161,830.5160334295215,523.531890060411,5000.0,0.699999988079071,0.256399542093277,1.0
3836,6.6850509924110915,1150.6082335230112,523.254310686802,5000.0,0.699999988079071,0.15534840524196625,1.0
3837,4.0644321767712315,836.890815090541,524.4353225307597,5000.0,0.699999988079071,0.04594332352280617,1.0
3838,6.971018541144817,34.83947368828032,1567.0056102306107,5000.0,0.699999988079071,0.1391405612230301,1.0
3839,4.062479704660891,838.399838663762,524.5218990065152,5000.0,0.699999988079071,0.04590578004717827,1.0
3840,7.573268023590537,1208.8549852442404,524.556412303401,5000.0,0.699999988079071,0.22738370299339294,1.0
3841,5.366902789509731,857.8842367659147,525.4543630262136,5000.0,0.699999988079071,0.11809227615594864,1.0
3842,5.362923891863447,859.7122855248035,525.718635350645,5000.0,0.699999988079071,0.117917001247406,1.0
3843,6.067988596470362,42.91090362596013,1534.9753326890568,5000.0,0.699999988079071,0.14660274982452393,1.0
3844,6.656150253281549,1191.0505340212355,525.301808392488,5000.0,0.699999988079071,0.15361547470092773,1.0
3845,6.96534372442483,34.79191085469314,1567.3882978595627,5000.0,0.699999988079071,0.138789102435112,1.0
3846,3.576943181540897,49.07643049833079,1542.7614820187114,5000.0,0.699999988079071,0.08183996379375458,1.0
3847,4.9346441661573,42.52500705948865,1567.417397971859,5000.0,0.699999988079071,0.07375296950340271,1.0
3848,7.978323359135098,828.1175126517637,525.3905333551364,5000.0,0.699999988079071,0.1734471470117569,1.0
3849,5.324329916623976,830.8134775508792,525.9054113932358,5000.0,0.699999988079071,0.11763410270214081,1.0
3850,0.6744642669470455,48.973566731563,1567.4232334205053,5000.0,0.699999988079071,0.009465289302170277,1.0
3851,7.428020631002407,1177.1924394118578,525.7071757202153,5000.0,0.699999988079071,0.14461590349674225,1.0
3852,6.393581505587092,860.1616605196324,526.8731321276414,5000.0,0.699999988079071,0.18977807462215424,1.0
3853,5.321406412721212,849.1697689931045,526.9982954930848,5000.0,0.699999988079071,0.1171034500002861,1.0
3854,5.022413226637207,47.73111888869514,1519.1720414293202,5000.0,0.699999988079071,0.1537749320268631,1.0
3855,5.2987761269762625,831.291388389619,527.0513432220381,5000.0,0.699999988079071,0.11675103008747101,1.0
3856,7.953848191280188,837.1325173103003,526.9328693471433,5000.0,0.699999988079071,0.17255081236362457,1.0
3857,5.026914205980728,47.04375839973434,1518.9055888213632,5000.0,0.699999988079071,0.1534644514322281,1.0
3858,6.54944528954202,1155.1172292084568,526.7806508213195,5000.0,0.699999988079071,0.15169668197631836,1.0
3859,0.6712383049959855,48.91292652455907,1567.9782820827256,5000.0,0.699999988079071,0.009413757361471653,1.0
3860,6.049274845264372,41.0060957922488,1535.9942868390772,5000.0,0.699999988079071,0.14496082067489624,1.0
3861,7.435380006277692,1166.4781194300103,527.2090522575951,5000.0,0.699999988079071,0.22306621074676514,1.0
3862,6.3518443945956955,839.4031837669315,528.1219836940849,5000.0,0.699999988079071,0.18758617341518402,1.0
3863,5.493428831479149,1176.0109918337416,527.9842180592844,5000.0,0.699999988079071,0.07896457612514496,1.0
3864,4.920881749574307,42.41520656832495,1568.4491148540276,5000.0,0.699999988079071,0.07323988527059555,1.0
3865,6.0509858851707055,40.357131251954044,1536.5463958063033,5000.0,0.699999988079071,0.1446337103843689,1.0
3866,7.992810338146697,839.7507785290077,528.4215122445714,5000.0,0.699999988079071,0.25060757994651794,1.0
3867,6.221140105451842,825.5362947258176,528.5503872793288,5000.0,0.699999988079071,0.1073668897151947,1.0
3868,4.897236096221861,42.40313140269155,1568.694477875055,5000.0,0.699999988079071,0.07258885353803635,1.0
3869,4.889879336051619,42.40447416534252,1568.8074156765072,5000.0,0.699999988079071,0.07238277792930603,1.0
3870,3.8770440649570754,818.2105253686854,528.7260615993505,5000.0,0.699999988079071,0.04398823902010918,1.0
3871,6.208485560636599,834.7421606864357,528.8757750596915,5000.0,0.699999988079071,0.10674551874399185,1.0
3872,7.867789404636852,843.0458507894912,528.8511833334505,5000.0,0.699999988079071,0.16923262178897858,1.0
3873,6.018045585311127,39.96260750671249,1537.5035104045726,5000.0,0.699999988079071,0.14339107275009155,1.0
3874,5.4274468504090265,1161.8744114320268,528.6980134391476,5000.0,0.699999988079071,0.0783262625336647,1.0
3875,7.13879160785623,857.8794525458176,529.4454014494443,5000.0,0.699999988079071,0.17759236693382263,1.0
3876,0.6666080669847404,48.779850242227056,1569.005045567739,5000.0,0.699999988079071,0.009346025064587593,1.0
3877,4.85913122156852,42.33990133005952,1569.3424744020908,5000.0,0.699999988079071,0.07144391536712646,1.0
3878,6.828963935620179,34.64638394638496,1569.6290855453171,5000.0,0.699999988079071,0.13316728174686432,1.0
3879,6.325626896170087,827.9641660685213,529.3296734792892,5000.0,0.699999988079071,0.18710778653621674,1.0
3880,7.214514257314602,1159.122771850431,529.0098052085935,5000.0,0.699999988079071,0.13947170972824097,1.0
3881,5.997617801826673,39.501970185142525,1538.535069007584,5000.0,0.699999988079071,0.14244523644447327,1.0
3882,6.797784885836045,34.62670994254825,1569.809432410325,5000.0,0.699999988079071,0.13197863101959229,1.0
3883,5.217399105367503,812.453441790359,529.5649237653876,5000.0,0.699999988079071,0.11514393240213394,1.0
3884,5.218145155815073,819.3678284367546,529.7780429658379,5000.0,0.699999988079071,0.11498377472162247,1.0
3885,7.1841328431500555,1166.1128842214323,529.537025068853,5000.0,0.699999988079071,0.13846531510353088,1.0
3886,0.6640745171533278,48.71051226410888,1569.6254729701304,5000.0,0.699999988079071,0.009309195913374424,1.0
3887,7.65295196877104,30.676282467267317,1521.0152045263794,5000.0,0.699999988079071,0.2027519792318344,1.0
3888,6.94940663285246,35.54889038393699,1499.5456489135995,5000.0,0.699999988079071,0.21289929747581482,1.0
3889,6.291188600957081,797.0999118442035,529.775576194286,5000.0,0.699999988079071,0.1859932690858841,1.0
3890,5.2991405163982614,1123.698609132591,529.6963593387259,5000.0,0.699999988079071,0.07712891697883606,1.0
3891,3.6164886574605846,45.70053932259054,1548.4707940018031,5000.0,0.699999988079071,0.08054793626070023,1.0
3892,0.6619043575988073,48.70420414319215,1570.0912395321375,5000.0,0.699999988079071,0.00927208736538887,1.0
3893,7.637087520999118,30.013352603067602,1522.064173639692,5000.0,0.699999988079071,0.20168879628181458,1.0
3894,5.182093563536726,798.2287902922624,530.3695486663166,5000.0,0.699999988079071,0.11421702802181244,1.0
3895,5.966555660990942,38.48910288628655,1541.225856212146,5000.0,0.699999988079071,0.14066028594970703,1.0
3896,5.961192108596266,38.41998753214341,1541.4765040045183,5000.0,0.699999988079071,0.1404266059398651,1.0
3897,0.6603020114382493,48.707833325329105,1570.5190764369224,5000.0,0.699999988079071,0.009244711138308048,1.0
3898,7.002616350245624,774.0318564357138,530.0499521437484,5000.0,0.699999988079071,0.17398935556411743,1.0
3899,5.952631645756578,38.252304149144585,1542.1411642205858,5000.0,0.699999988079071,0.14002348482608795,1.0
3900,5.947286905393363,38.18691971595114,1542.4050170391113,5000.0,0.699999988079071,0.13979224860668182,1.0
3901,6.927800287746225,33.371887197576314,1500.31000763316,5000.0,0.699999988079071,0.21038368344306946,1.0
3902,3.7054295192602718,723.0174720936731,530.0744568002642,5000.0,0.699999988079071,0.043081752955913544,1.0
3903,0.6582037652508478,48.70895640039345,1571.0157302733714,5000.0,0.699999988079071,0.009208186529576778,1.0
3904,4.75112293952438,42.27377170660925,1571.3385380534921,5000.0,0.699999988079071,0.068604476749897,1.0
3905,5.144286498284259,737.7262210517399,530.2861757024116,5000.0,0.699999988079071,0.11373288184404373,1.0
3906,3.6251283628285593,44.961771491042306,1551.6679755814857,5000.0,0.699999988079071,0.07986074686050415,1.0
3907,5.197460710537597,1047.7157365347186,530.1977134446629,5000.0,0.699999988079071,0.0765996128320694,1.0
3908,7.578080424556811,28.86585535972235,1525.593881705685,5000.0,0.699999988079071,0.19860874116420746,1.0
3909,6.3581702996319445,1316.317929523626,530.5713154824044,5000.0,0.699999988079071,0.10999343544244766,1.0
3910,6.013672472799945,823.2793582796415,532.1255406842397,5000.0,0.699999988079071,0.10166701674461365,1.0
3911,5.276414066317199,1174.2363865154002,532.1215813032705,5000.0,0.699999988079071,0.07577063888311386,1.0
3912,5.31990246917816,1218.7876786719053,532.7107297034172,5000.0,0.699999988079071,0.07544320821762085,1.0
3913,6.055957164694405,889.3818675965393,533.3965214530202,5000.0,0.699999988079071,0.10127252340316772,1.0
3914,7.0287153054534866,892.1192891231419,533.4014149678457,5000.0,0.699999988079071,0.17199699580669403,1.0
3915,3.6359169092628423,44.58168854330618,1552.7367653797558,5000.0,0.699999988079071,0.08001232147216797,1.0
3916,7.796102593212433,25.212905897428527,1419.2996692331399,5000.0,0.699999988079071,0.2803051471710205,1.0
3917,5.927829448303154,37.28876220937598,1545.9079900891327,5000.0,0.699999988079071,0.13837957382202148,1.0
3918,6.988291204738139,1152.6685454353255,532.4029859144885,5000.0,0.699999988079071,0.13358229398727417,1.0
3919,4.717355023445453,42.122576676863986,1571.9967009744437,5000.0,0.699999988079071,0.06760426610708237,1.0
3920,7.299403170552434,1438.8781769550185,532.7603185575913,5000.0,0.699999988079071,0.17814597487449646,1.0
3921,5.253105902218409,1226.1205360528113,533.795755910409,5000.0,0.699999988079071,0.07431654632091522,1.0
3922,8.417422777300217,898.0170470136346,534.2209652964228,5000.0,0.699999988079071,0.22912490367889404,1.0
3923,5.1833900173627985,879.2401388147141,534.4404961555352,5000.0,0.699999988079071,0.11211873590946198,1.0
3924,6.35784256091348,1246.2151020979702,534.2684194086412,5000.0,0.699999988079071,0.14431394636631012,1.0
3925,7.541539745156288,27.809761836697177,1529.3281420871756,5000.0,0.699999988079071,0.19617591798305511,1.0
3926,4.699030230904826,42.03149331499007,1572.1244090304172,5000.0,0.699999988079071,0.06708607822656631,1.0
3927,6.935531113722535,858.9376420177614,534.2800778750463,5000.0,0.699999988079071,0.16956961154937744,1.0
3928,4.685886530561251,42.023726351892144,1572.2517613525238,5000.0,0.699999988079071,0.06675875931978226,1.0
3929,3.666785562395328,843.6418855286664,534.5587370408036,5000.0,0.699999988079071,0.04136604815721512,1.0
3930,5.897860477931888,36.75553834159342,1548.2553387274766,5000.0,0.699999988079071,0.1370125412940979,1.0
3931,8.3151846678739,1187.5843688440177,534.0161350117693,5000.0,0.699999988079071,0.18808779120445251,1.0
3932,7.478660808461815,27.579048311695395,1530.777071909021,5000.0,0.699999988079071,0.19355924427509308,1.0
3933,6.2448924998983735,825.804461220301,534.3551209482503,5000.0,0.699999988079071,0.18208080530166626,1.0
3934,5.12339126467128,38.60057984564363,1531.5694120921694,5000.0,0.699999988079071,0.1496189683675766,1.0
3935,5.842638870532243,805.9257726580443,534.3690362306154,5000.0,0.699999988079071,0.09794831275939941,1.0
3936,5.090811567478249,815.5891591372547,534.6811453818771,5000.0,0.699999988079071,0.11125948280096054,1.0
3937,5.09592506588298,825.1757583208833,534.947244154324,5000.0,0.699999988079071,0.11112700402736664,1.0
3938,3.654434662905159,43.6126317542715,1557.0542928312384,5000.0,0.699999988079071,0.07911143451929092,1.0
3939,5.847558866933711,825.9459036728166,535.072259748478,5000.0,0.699999988079071,0.09773224592208862,1.0
3940,6.844896714782738,1180.758480541747,534.9939990694303,5000.0,0.699999988079071,0.12938325107097626,1.0
3941,8.756400417762924,11.9245698998092,1397.1341968891497,5000.0,0.699999988079071,0.24855291843414307,1.0
3942,6.230636693501782,821.9753959673432,535.2250836568207,5000.0,0.699999988079071,0.18094120919704437,1.0
3943,4.619010413153322,41.94147611171327,1572.9784900495208,5000.0,0.699999988079071,0.06513262540102005,1.0
3944,3.6599620785262053,43.439472705603606,1558.061162740822,5000.0,0.699999988079071,0.0789981409907341,1.0
3945,6.818864244721743,803.5970667130834,535.1045068807016,5000.0,0.699999988079071,0.1664898693561554,1.0
3946,5.7845820786541395,805.8237940059742,535.4454423976501,5000.0,0.699999988079071,0.09652242064476013,1.0
3947,3.662343527296621,43.3499074312498,1558.622026906888,5000.0,0.699999988079071,0.07891490310430527,1.0
3948,0.648694085524431,48.30994459032509,1573.2140327976701,5000.0,0.699999988079071,0.009087472222745419,1.0
3949,6.865803934232877,28.871174675513476,1512.029913545376,5000.0,0.699999988079071,0.20411953330039978,1.0
3950,6.4629880704330125,34.310072182046085,1573.7642627807509,5000.0,0.699999988079071,0.11997141689062119,1.0
3951,3.663572181060547,43.26630619285002,1559.5027868277934,5000.0,0.699999988079071,0.07870302349328995,1.0
3952,4.577284375024175,41.93206083959497,1573.7727483117114,5000.0,0.699999988079071,0.06416211277246475,1.0
3953,6.084391263539377,1050.3671991130418,534.5519929577947,5000.0,0.699999988079071,0.14209923148155212,1.0
3954,6.43598499695166,34.2947515141796,1574.039679855018,5000.0,0.699999988079071,0.11907565593719482,1.0
3955,4.5579022923128765,41.9095924995026,1573.9216949293148,5000.0,0.699999988079071,0.06369612365961075,1.0
3956,3.495996233230959,753.1147210224435,535.6609697290153,5000.0,0.699999988079071,0.04070856049656868,1.0
3957,6.404747444482444,34.28181418857104,1574.276628034865,5000.0,0.699999988079071,0.11802926659584045,1.0
3958,6.740429417409526,757.1822407452664,535.4358837640568,5000.0,0.699999988079071,0.16450950503349304,1.0
3959,3.4966120215273655,761.3591265528141,536.1164152112489,5000.0,0.699999988079071,0.04063597694039345,1.0
3960,4.532369763115837,41.87579483013804,1574.2564370888545,5000.0,0.699999988079071,0.06306634843349457,1.0
3961,4.9180280466704005,1096.1694952196701,536.0155478556121,5000.0,0.699999988079071,0.072146475315094,1.0
3962,6.829695497490907,28.29287423048974,1515.808765578867,5000.0,0.699999988079071,0.2024526298046112,1.0
3963,5.152547389280049,37.06295549799331,1540.2030452604756,5000.0,0.699999988079071,0.14816774427890778,1.0
3964,5.683811579282342,779.2266853045087,536.6052005944862,5000.0,0.699999988079071,0.0943218544125557,1.0
3965,3.514395973873124,792.9833259578226,537.1704441509105,5000.0,0.699999988079071,0.040438637137413025,1.0
3966,5.154731518881329,36.91316445701436,1541.1862209807957,5000.0,0.699999988079071,0.14794328808784485,1.0
3967,6.659641763430049,1130.3975285119586,536.8621104655932,5000.0,0.699999988079071,0.12554122507572174,1.0
3968,5.0775757139189,837.6458534602735,537.9686938716651,5000.0,0.699999988079071,0.10967402160167694,1.0
3969,5.157837447285882,36.71250248955133,1542.3902001077747,5000.0,0.699999988079071,0.1475973278284073,1.0
3970,0.6410304564447115,48.18265378872008,1574.684665074266,5000.0,0.699999988079071,0.008958861231803894,1.0
3971,8.160982801654233,13.310677672065934,1372.9255522660624,5000.0,0.699999988079071,0.2547752261161804,1.0
3972,5.159216740466304,36.52439885921564,1543.9108351270643,5000.0,0.699999988079071,0.1470053344964981,1.0
3973,6.97128641280667,1345.2996116798072,536.9578790749507,5000.0,0.699999988079071,0.17162629961967468,1.0
3974,5.710761024465465,847.4555020480677,538.7401544289162,5000.0,0.699999988079071,0.09370842576026917,1.0
3975,0.6402622624701656,48.15161445884474,1574.9012554302176,5000.0,0.699999988079071,0.008950878866016865,1.0
3976,6.76503725041081,856.5214928536433,538.8171269644644,5000.0,0.699999988079071,0.16242361068725586,1.0
3977,6.758803597351794,855.6327547728724,538.9121758249099,5000.0,0.699999988079071,0.16221563518047333,1.0
3978,6.684860829153671,1206.8416539231066,538.8746388697846,5000.0,0.699999988079071,0.1242053359746933,1.0
3979,6.725608419831907,1247.2383983767802,539.4320540631335,5000.0,0.699999988079071,0.12393984198570251,1.0
3980,5.172693829690878,36.14893969276868,1546.247484721492,5000.0,0.699999988079071,0.14687392115592957,1.0
3981,6.768454779637752,886.2224983743373,539.7509054530271,5000.0,0.699999988079071,0.16159039735794067,1.0
3982,5.172516234387417,36.036461951845396,1547.19653282196,5000.0,0.699999988079071,0.1463879644870758,1.0
3983,5.078070730206557,864.3534467912502,539.7905597769858,5000.0,0.699999988079071,0.10829183459281921,1.0
3984,6.2517325647346205,876.0503679061912,539.8713506879739,5000.0,0.699999988079071,0.1766737997531891,1.0
3985,6.251291999072379,877.7371524266887,539.9954913285303,5000.0,0.699999988079071,0.176334410905838,1.0
3986,0.6380915729572145,48.060638839820506,1575.346707370103,5000.0,0.699999988079071,0.008925049565732479,1.0
3987,7.222302345161695,878.2193633313383,540.0795415698891,5000.0,0.699999988079071,0.14586220681667328,1.0
3988,7.586980068229345,1232.9344195930687,539.9113926416304,5000.0,0.699999988079071,0.19127041101455688,1.0
3989,0.6379692748143578,48.01944240716493,1575.419918812871,5000.0,0.699999988079071,0.008928207680583,1.0
3990,6.746270937366873,888.2866800749794,540.4974701321504,5000.0,0.699999988079071,0.16044282913208008,1.0
3991,3.5520152255441353,883.1863483461133,540.8768958655667,5000.0,0.699999988079071,0.03941873088479042,1.0
3992,5.181619172115134,35.605482477429405,1550.8128785923016,5000.0,0.699999988079071,0.1453867107629776,1.0
3993,3.690747699139756,42.2498272195187,1566.9691045177938,5000.0,0.699999988079071,0.07695355266332626,1.0
3994,5.180482748192572,35.517124200394186,1551.8369776861769,5000.0,0.699999988079071,0.14484775066375732,1.0
3995,6.22258847407498,859.5970294034761,540.4228415950587,5000.0,0.699999988079071,0.1749742478132248,1.0
3996,3.6912789060489515,42.18418029965939,1567.7937720990235,5000.0,0.699999988079071,0.07655519247055054,1.0
3997,7.103068312697538,1209.6597520572786,540.3142677147091,5000.0,0.699999988079071,0.20489077270030975,1.0
3998,0.6335289920654233,47.97633623740747,1576.0494173430536,5000.0,0.699999988079071,0.008848516270518303,1.0
3999,7.189220186234247,878.6445222115053,540.9934505390108,5000.0,0.699999988079071,0.14503270387649536,1.0
4000,6.8114216097092894,25.88232586892496,1536.254531096109,5000.0,0.699999988079071,0.19660426676273346,1.0
4001,6.6835025234911285,844.4977431671064,540.6868875453124,5000.0,0.699999988079071,0.15902705490589142,1.0
4002,3.6957185856583568,42.07710203375716,1568.7781626040003,5000.0,0.699999988079071,0.07624369859695435,1.0
4003,7.061643445128639,1183.8636431920636,540.5370631292636,5000.0,0.699999988079071,0.20395413041114807,1.0
4004,5.189619375546122,35.10516968395314,1556.1903659563898,5000.0,0.699999988079071,0.14323650300502777,1.0
4005,7.127590528792052,847.1922059288217,541.0881157251844,5000.0,0.699999988079071,0.1440006047487259,1.0
4006,0.6326348261918195,47.93685529674279,1576.4202064102415,5000.0,0.699999988079071,0.008842060342431068,1.0
4007,6.666792478164197,843.6234057172747,541.1842145919987,5000.0,0.699999988079071,0.1582365781068802,1.0
4008,6.799077303454542,25.550294927798806,1540.7983356070295,5000.0,0.699999988079071,0.19501352310180664,1.0
4009,0.6318204244209181,47.929646291563095,1576.6232817605062,5000.0,0.699999988079071,0.008828975260257721,1.0
4010,6.794548066923112,25.49331513780382,1541.8167224691483,5000.0,0.699999988079071,0.19458799064159393,1.0
4011,7.553052340995621,793.1917885204612,540.5107980215506,5000.0,0.699999988079071,0.2242746651172638,1.0
4012,4.958520296551208,791.0434958960079,541.0907690494278,5000.0,0.699999988079071,0.10555526614189148,1.0
4013,3.7016076211517235,41.921037025744695,1570.7127314052375,5000.0,0.699999988079071,0.07544199377298355,1.0
4014,5.728062928948219,34.44671340184673,1568.1182591936374,5000.0,0.699999988079071,0.12710188329219818,1.0
4015,7.1964963095270775,24.71966251510278,1560.0944778119404,5000.0,0.699999988079071,0.17848064005374908,1.0
4016,5.671387791930341,1304.6530760677842,540.4272228999065,5000.0,0.699999988079071,0.09887776523828506,1.0
4017,3.704938201576081,41.87112617306006,1571.1975794916714,5000.0,0.699999988079071,0.07533449679613113,1.0
4018,4.399447655238978,41.565347346907956,1577.311686006867,5000.0,0.699999988079071,0.0601666234433651,1.0
4019,5.503638965096169,812.7576759966145,542.1042622583711,5000.0,0.699999988079071,0.08991104364395142,1.0
4020,6.178958906056999,824.1464842590989,542.1936262014242,5000.0,0.699999988079071,0.1717132031917572,1.0
4021,3.391988521522884,828.3194489914442,542.7668229885276,5000.0,0.699999988079071,0.03863615170121193,1.0
4022,6.472737370313832,1199.6639020968578,542.6272834546868,5000.0,0.699999988079071,0.11956711113452911,1.0
4023,6.777966270075997,25.120670232909234,1547.4884649572423,5000.0,0.699999988079071,0.1927037090063095,1.0
4024,3.7080039284750073,41.77878181398405,1571.995226725173,5000.0,0.699999988079071,0.07507045567035675,1.0
4025,7.162103398326505,24.57866256870291,1562.3564711043887,5000.0,0.699999988079071,0.1768232136964798,1.0
4026,4.362511635874534,41.512706626938005,1577.6979043120655,5000.0,0.699999988079071,0.05936345085501671,1.0
4027,3.709143072099892,41.7657885120066,1572.3962084378863,5000.0,0.699999988079071,0.07496557384729385,1.0
4028,3.7088423965148674,41.75666559528277,1572.5840758862428,5000.0,0.699999988079071,0.07487386465072632,1.0
4029,5.44155440099969,786.6486683101193,542.4789001217582,5000.0,0.699999988079071,0.08895648270845413,1.0
4030,7.479957189082213,24.05585969218559,1578.3571864068579,5000.0,0.699999988079071,0.15968795120716095,1.0
4031,3.7115373205245623,41.73540139092814,1572.8349448364029,5000.0,0.699999988079071,0.07490620017051697,1.0
4032,7.986140961761256,6.921019601924701,1302.263221685004,5000.0,0.699999988079071,0.240519180893898,1.0
4033,3.712139173453988,41.730909084627676,1573.1792454125675,5000.0,0.699999988079071,0.07471073418855667,1.0
4034,0.6257663609164436,47.82510633914333,1578.1314277837043,5000.0,0.699999988079071,0.008736003190279007,1.0
4035,4.310133189976856,41.49548297402656,1578.4205191221347,5000.0,0.699999988079071,0.058252085000276566,1.0
4036,3.7121272110768695,41.70449910403352,1573.5816521307333,5000.0,0.699999988079071,0.07462050765752792,1.0
4037,3.2441004033552328,705.8215767520037,542.0409214894047,5000.0,0.699999988079071,0.03846558928489685,1.0
4038,6.494037539822405,733.2042216912737,542.0827964737275,5000.0,0.699999988079071,0.1537102460861206,1.0
4039,6.046888406234332,33.926656779101144,1578.8414134468062,5000.0,0.699999988079071,0.1072855144739151,1.0
4040,4.89735484769735,722.7774329834336,542.4382946888342,5000.0,0.699999988079071,0.10428418964147568,1.0
4041,5.216685297499631,34.43679479633115,1565.586739709981,5000.0,0.699999988079071,0.14030376076698303,1.0
4042,3.253243017035835,729.7689282676312,543.0179899786214,5000.0,0.699999988079071,0.03835143893957138,1.0
4043,5.638739687785322,34.15848572684929,1572.4051054488082,5000.0,0.699999988079071,0.12341945618391037,1.0
4044,0.6211021939501621,47.752348005950644,1578.8350396286444,5000.0,0.699999988079071,0.008652041666209698,1.0
4045,3.2581988500227763,739.0382076829808,543.3905918584895,5000.0,0.699999988079071,0.03828829154372215,1.0
4046,4.91827368162707,764.757228037924,543.6726552231013,5000.0,0.699999988079071,0.1038927286863327,1.0
4047,4.930203406953847,782.3681719027492,544.075910281728,5000.0,0.699999988079071,0.10378972440958023,1.0
4048,4.285897677933828,41.3911466583051,1579.25360656275,5000.0,0.699999988079071,0.057680681347846985,1.0
4049,6.720016628736407,24.686215110361303,1556.1783202531035,5000.0,0.699999988079071,0.18861380219459534,1.0
4050,5.873715866565249,1080.877771874749,543.7028128460918,5000.0,0.699999988079071,0.13312937319278717,1.0
4051,6.158927487366014,807.9393848464331,544.7370862928113,5000.0,0.699999988079071,0.16884107887744904,1.0
4052,6.516456730146349,815.8179132090783,544.9848672110061,5000.0,0.699999988079071,0.15220877528190613,1.0
4053,4.671527039251329,1156.4148931902678,545.1820715711324,5000.0,0.699999988079071,0.06742386519908905,1.0
4054,3.3956127149475455,860.2875131505012,546.3961865841962,5000.0,0.699999988079071,0.03794620931148529,1.0
4055,5.020456631916719,878.7406801053351,546.5616878514077,5000.0,0.699999988079071,0.103162482380867,1.0
4056,3.438570353271745,886.9604552664484,546.9377866910916,5000.0,0.699999988079071,0.03785742446780205,1.0
4057,5.943286636926658,1563.333654223001,546.6824982031294,5000.0,0.699999988079071,0.09632235765457153,1.0
4058,5.00251564246918,1344.920778574707,547.3152515563029,5000.0,0.699999988079071,0.06690721213817596,1.0
4059,3.6128177967263673,975.3676476655169,547.7660026554616,5000.0,0.699999988079071,0.03766900673508644,1.0
4060,5.647606006129735,33.899985197370576,1574.175698971124,5000.0,0.699999988079071,0.12300682067871094,1.0
4061,6.025540827490258,33.715583180438664,1579.7694538262103,5000.0,0.699999988079071,0.10650938749313354,1.0
4062,5.081920813147388,936.0219389912796,547.2808550137503,5000.0,0.699999988079071,0.10289429873228073,1.0
4063,5.084121374668552,939.6988106373019,547.2799691814283,5000.0,0.699999988079071,0.10277368873357773,1.0
4064,8.123340774335253,943.8779402261556,546.9198944837437,5000.0,0.699999988079071,0.18372589349746704,1.0
4065,4.247950873128908,41.18154409915489,1579.710798908562,5000.0,0.699999988079071,0.05679631978273392,1.0
4066,6.048181863882918,1277.300778173912,546.6987008148083,5000.0,0.699999988079071,0.13164478540420532,1.0
4067,3.7268511464467853,41.27573786729094,1576.2671565519586,5000.0,0.699999988079071,0.07373343408107758,1.0
4068,5.614150021130844,33.83261739012086,1574.8929768714295,5000.0,0.699999988079071,0.12180399894714355,1.0
4069,3.7258606294616525,41.264382336790725,1576.518816250811,5000.0,0.699999988079071,0.0735616609454155,1.0
4070,7.002156579249507,24.104426151571314,1570.545189813186,5000.0,0.699999988079071,0.16956546902656555,1.0
4071,5.233714460997921,33.96790156937989,1570.5780060898699,5000.0,0.699999988079071,0.13834768533706665,1.0
4072,5.232713990878377,33.95796997407527,1570.9132454818293,5000.0,0.699999988079071,0.13802209496498108,1.0
4073,5.232118105290823,33.94624787529673,1571.2549372702454,5000.0,0.699999988079071,0.13771313428878784,1.0
4074,4.224417092963643,41.161578775294515,1580.3498566525354,5000.0,0.699999988079071,0.056354157626628876,1.0
4075,5.284316242682555,810.7942260878709,546.2455075245525,5000.0,0.699999988079071,0.08498852699995041,1.0
4076,3.254635510774589,820.4198779587748,546.6759413556232,5000.0,0.699999988079071,0.03727021813392639,1.0
4077,4.604826160980679,1187.9485395513316,546.5755427911904,5000.0,0.699999988079071,0.06599161773920059,1.0
4078,3.3507698721153694,880.0262907457409,547.4242655023667,5000.0,0.699999988079071,0.03718208149075508,1.0
4079,5.594778434164277,33.73536464458701,1576.218975581176,5000.0,0.699999988079071,0.12071706354618073,1.0
4080,5.720729846273281,1517.364287262624,546.9676486734044,5000.0,0.699999988079071,0.09448923170566559,1.0
4081,0.6085609519861102,47.29770736302794,1580.3860691804732,5000.0,0.699999988079071,0.008453288115561008,1.0
4082,6.069786277047265,1312.6135418780707,547.550477421066,5000.0,0.699999988079071,0.13026396930217743,1.0
4083,4.216852395659825,41.01212033412538,1580.6210448051722,5000.0,0.699999988079071,0.05610107257962227,1.0
4084,6.5380109824798485,933.6108353518977,547.6291481535677,5000.0,0.699999988079071,0.14904333651065826,1.0
4085,5.022236216998706,924.6525668959152,547.6960473212655,5000.0,0.699999988079071,0.1014508381485939,1.0
4086,5.387486328819079,929.3220742047336,547.691964682549,5000.0,0.699999988079071,0.08431892842054367,1.0
4087,6.341738678898313,1312.3121158438673,547.4263868639475,5000.0,0.699999988079071,0.11257491260766983,1.0
4088,5.385017660194051,939.778926465931,547.706944132801,5000.0,0.699999988079071,0.08396434038877487,1.0
4089,5.029843728946449,937.9885114674692,547.6805368712373,5000.0,0.699999988079071,0.10134420543909073,1.0
4090,5.892329886961819,33.48529090784778,1580.9141157376812,5000.0,0.699999988079071,0.1025499701499939,1.0
4091,6.477183538533637,915.3595724823101,547.3000562066859,5000.0,0.699999988079071,0.14798268675804138,1.0
4092,4.1661751878512305,40.91846117441851,1580.8374487056112,5000.0,0.699999988079071,0.05503638833761215,1.0
4093,4.157909330120802,40.91206699276335,1580.9151867368828,5000.0,0.699999988079071,0.05486330762505531,1.0
4094,5.83714248442633,33.466803755092066,1581.0887053563588,5000.0,0.699999988079071,0.10096745193004608,1.0
4095,5.539261082757807,33.56951970222163,1577.1866039624845,5000.0,0.699999988079071,0.11893095076084137,1.0
4096,0.6056029551811759,47.13604999343853,1580.983678631253,5000.0,0.699999988079071,0.008415019139647484,1.0
4097,4.125540200430593,40.893106252903856,1581.2084197939416,5000.0,0.699999988079071,0.054202623665332794,1.0
4098,5.527410570913134,33.55068876961054,1577.4762041341837,5000.0,0.699999988079071,0.1185566708445549,1.0
4099,5.521656753280439,33.54650652578511,1577.5790289491076,5000.0,0.699999988079071,0.11834472417831421,1.0
4100,4.10216416775308,40.88507545847844,1581.3959341476216,5000.0,0.699999988079071,0.05374493822455406,1.0
4101,7.005894041513687,1104.1828634011538,546.0718029741425,5000.0,0.699999988079071,0.17441323399543762,1.0
4102,5.752348054594279,33.43841413241317,1581.4059073682997,5000.0,0.699999988079071,0.09860698133707047,1.0
4103,3.739521728789511,40.9264834944228,1579.0143953209604,5000.0,0.699999988079071,0.07281243801116943,1.0
4104,0.6032039903707893,47.086560609126565,1581.4923532335388,5000.0,0.699999988079071,0.008374952711164951,1.0
4105,5.729869981203672,33.42119494804093,1581.574451840081,5000.0,0.699999988079071,0.09798713028430939,1.0
4106,4.8097525964936905,758.2463614254311,546.6930443481103,5000.0,0.699999988079071,0.10090044885873795,1.0
4107,3.1011978568106042,775.3775182782714,547.2119266147477,5000.0,0.699999988079071,0.036480896174907684,1.0
4108,0.601160154249596,47.03681092714881,1581.730599330983,5000.0,0.699999988079071,0.00833822600543499,1.0
4109,0.600095096417,47.018570708909934,1581.8268601625018,5000.0,0.699999988079071,0.008317600935697556,1.0
4110,5.349585220883089,1378.8832476238576,547.0039177572224,5000.0,0.699999988079071,0.09263855218887329,1.0
4111,0.5990121870537036,46.96616197322273,1581.8556861204745,5000.0,0.699999988079071,0.008299550041556358,1.0
4112,3.7409336990874897,40.79279812825073,1579.6877770112822,5000.0,0.699999988079071,0.07268543541431427,1.0
4113,4.066485729209883,40.735311273032615,1582.0764004945672,5000.0,0.699999988079071,0.052951935678720474,1.0
4114,4.47473457584021,1190.9018364966287,547.9446799451193,5000.0,0.699999988079071,0.06436134874820709,1.0
4115,4.924425490818478,879.4810591627324,548.563433348764,5000.0,0.699999988079071,0.10064230859279633,1.0
4116,4.063624877091873,40.687244332007246,1582.1630269137786,5000.0,0.699999988079071,0.05287134274840355,1.0
4117,6.346057987443709,875.9559673109113,548.3906937740172,5000.0,0.699999988079071,0.145012766122818,1.0
4118,4.531143969635195,1231.6547816392185,548.385389712347,5000.0,0.699999988079071,0.06412361562252045,1.0
4119,4.05257217006426,40.65007451418647,1582.212800940602,5000.0,0.699999988079071,0.05263914540410042,1.0
4120,5.478495500950585,33.32457199534033,1578.9460049938032,5000.0,0.699999988079071,0.11680029332637787,1.0
4121,7.234799282523655,1232.93186613765,548.2774919332604,5000.0,0.699999988079071,0.1522022783756256,1.0
4122,5.4645372595211485,33.314807844613725,1578.9124444884708,5000.0,0.699999988079071,0.11640214920043945,1.0
4123,5.458740799047601,33.311383879441195,1578.9746314735346,5000.0,0.699999988079071,0.11619081348180771,1.0
4124,5.068842165609309,841.8242207568313,548.4914862197766,5000.0,0.699999988079071,0.07959886640310287,1.0
4125,7.418919724348888,848.4399554049431,548.240329781625,5000.0,0.699999988079071,0.18708860874176025,1.0
4126,5.748341411760404,1180.4611250784415,548.301004725876,5000.0,0.699999988079071,0.12789954245090485,1.0
4127,0.595869826517376,46.79306281679579,1582.4167029497187,5000.0,0.699999988079071,0.008258918300271034,1.0
4128,3.1889081870350133,865.2263088200173,549.1709151426846,5000.0,0.699999988079071,0.03592691943049431,1.0
4129,3.217737125029372,881.1176607326703,549.3484341304509,5000.0,0.699999988079071,0.03589595854282379,1.0
4130,3.9947188371783,40.55001883155445,1582.3743347029708,5000.0,0.699999988079071,0.05149635672569275,1.0
4131,0.5929560157722608,46.716514269000626,1582.6584035260053,5000.0,0.699999988079071,0.00820513442158699,1.0
4132,5.089655581679226,883.6243090960088,549.2754581303884,5000.0,0.699999988079071,0.07896813005208969,1.0
4133,6.290375086545819,886.201291342955,549.1650819729373,5000.0,0.699999988079071,0.14304165542125702,1.0
4134,3.2036555679352676,880.3913213955852,549.4799953739941,5000.0,0.699999988079071,0.035769589245319366,1.0
4135,4.915296981129883,895.4450653445593,549.4615198713439,5000.0,0.699999988079071,0.09993424266576767,1.0
4136,7.428894825003049,902.8800419933606,549.1522841064915,5000.0,0.699999988079071,0.18574829399585724,1.0
4137,3.1966156581691654,882.9677504085062,549.5190802542111,5000.0,0.699999988079071,0.03567103296518326,1.0
4138,3.964768944075542,40.45743760532322,1582.45074116106,5000.0,0.699999988079071,0.05089208111166954,1.0
4139,6.3905793594277736,885.1897072869633,549.2252985597116,5000.0,0.699999988079071,0.12075362354516983,1.0
4140,5.409632908559908,33.143858285058265,1579.0690547645831,5000.0,0.699999988079071,0.11462409794330597,1.0
4141,6.6578680471462794,23.561019912499592,1572.2343792558092,5000.0,0.699999988079071,0.156558096408844,1.0
4142,5.392496927061424,33.149948774584196,1578.6725897721817,5000.0,0.699999988079071,0.1140846237540245,1.0
4143,6.1630826428129,810.1840249609886,548.6601595170459,5000.0,0.699999988079071,0.14126060903072357,1.0
4144,6.253900943518047,812.5216012461073,548.7691487373686,5000.0,0.699999988079071,0.11877018958330154,1.0
4145,5.198511487629444,1397.1991049242463,548.7278843716722,5000.0,0.699999988079071,0.09012085944414139,1.0
4146,5.377820891664061,33.120179131757766,1578.0461958361877,5000.0,0.699999988079071,0.11363162100315094,1.0
4147,4.836825656956165,849.2896703409887,549.7274241179089,5000.0,0.699999988079071,0.09939894825220108,1.0
4148,3.121536440569225,859.498748467075,550.0331173244225,5000.0,0.699999988079071,0.03541994094848633,1.0
4149,5.374832325770043,33.0923735541881,1578.1270074346614,5000.0,0.699999988079071,0.11342546343803406,1.0
4150,3.8831756966686917,40.3898378827738,1581.368581325271,5000.0,0.699999988079071,0.049399830400943756,1.0
4151,3.0906438210790146,845.6993597607316,550.0274729733891,5000.0,0.699999988079071,0.03536063805222511,1.0
4152,4.941296738580041,862.3547191568192,550.034126333361,5000.0,0.699999988079071,0.07643245905637741,1.0
4153,6.107245162274381,866.260024019189,549.965571418965,5000.0,0.699999988079071,0.16310812532901764,1.0
4154,3.872552448155448,40.34577936854424,1581.185554062066,5000.0,0.699999988079071,0.04919314756989479,1.0
4155,6.578390466854016,23.50161019039924,1563.270820301624,5000.0,0.699999988079071,0.15368056297302246,1.0
4156,6.45237930038085,23.618756982914853,1569.87938017514,5000.0,0.699999988079071,0.19928091764450073,1.0
4157,4.786199124244079,815.5338254019483,549.7689428144571,5000.0,0.699999988079071,0.09869947284460068,1.0
4158,7.265617742596083,829.9786626301745,549.5590461108646,5000.0,0.699999988079071,0.15734738111495972,1.0
4159,4.780579665485657,812.46233973404,549.9560822037216,5000.0,0.699999988079071,0.0986584722995758,1.0
4160,5.643418051597736,1167.8900480497546,549.8688885894669,5000.0,0.699999988079071,0.12556612491607666,1.0
4161,5.336449566965519,33.02893034844814,1575.4544779749633,5000.0,0.699999988079071,0.11191225051879883,1.0
4162,6.495007545948837,23.535790351412114,1561.9332427746367,5000.0,0.699999988079071,0.17500637471675873,1.0
4163,3.8206239591175755,40.33490393418344,1578.6891802603916,5000.0,0.699999988079071,0.04832768812775612,1.0
4164,5.280228601032957,33.02531326986697,1579.7584623220246,5000.0,0.699999988079071,0.13449063897132874,1.0
4165,5.319998973383898,33.0316045724043,1573.402488129252,5000.0,0.699999988079071,0.1112179160118103,1.0
4166,4.749141068894593,786.8108629280905,550.0941333320882,5000.0,0.699999988079071,0.0980280339717865,1.0
4167,6.512855414412877,23.514732844521355,1544.7136471629915,5000.0,0.699999988079071,0.15098068118095398,1.0
4168,4.739652494900045,777.4041975056253,550.1887146407529,5000.0,0.699999988079071,0.09789745509624481,1.0
4169,7.481785961707441,3.695984369535844,820.5042525154989,5000.0,0.699999988079071,0.21321222186088562,1.0
4170,3.778585368238423,40.34788327498059,1574.6084749955398,5000.0,0.699999988079071,0.047650210559368134,1.0
4171,4.080729678604449,1065.1948790440065,549.9559354181964,5000.0,0.699999988079071,0.06185240298509598,1.0
4172,2.972555237592483,798.1748944925157,551.106744571907,5000.0,0.699999988079071,0.03496984764933586,1.0
4173,4.787452423534143,817.5927735874054,551.1754354317155,5000.0,0.699999988079071,0.07436369359493256,1.0
4174,7.107617796923035,825.2285410348752,550.9634217329185,5000.0,0.699999988079071,0.19976605474948883,1.0
4175,3.0018854136799424,820.9468755648712,551.5963959364565,5000.0,0.699999988079071,0.03489713370800018,1.0
4176,5.2873778736737975,32.99129624993034,1565.6363147577626,5000.0,0.699999988079071,0.11002293229103088,1.0
4177,3.0026889916498187,823.10760089999,551.7354531204082,5000.0,0.699999988079071,0.034858737140893936,1.0
4178,3.7595964196405065,40.2020251091243,1583.2413451791717,5000.0,0.699999988079071,0.07072504609823227,1.0
4179,0.5849740214689578,46.32151037621444,1584.4424297289197,5000.0,0.699999988079071,0.008106932044029236,1.0
4180,5.171848610820652,1446.9265531273395,551.4636238276746,5000.0,0.699999988079071,0.08822920173406601,1.0
4181,3.759964896053302,40.14462930789832,1583.3590156913463,5000.0,0.699999988079071,0.07066208124160767,1.0
4182,6.10884458610662,883.7279317654198,552.209452984436,5000.0,0.699999988079071,0.13649725914001465,1.0
4183,3.759344538373502,40.12640292570925,1583.4735042253142,5000.0,0.699999988079071,0.07052065432071686,1.0
4184,5.283305313958464,32.847511628194894,1581.4384661487015,5000.0,0.699999988079071,0.13278862833976746,1.0
4185,4.8199460649930055,867.0721763135679,552.3010490617157,5000.0,0.699999988079071,0.09689953923225403,1.0
4186,5.2876224620351335,32.94775665036152,1551.2207344822323,5000.0,0.699999988079071,0.08655715733766556,1.0
4187,3.0420780971748838,853.6322757538657,552.4574609750418,5000.0,0.699999988079071,0.03464963287115097,1.0
4188,6.435480121195819,23.585221727229715,1472.1102794249637,5000.0,0.699999988079071,0.12501341104507446,1.0
4189,5.2571049371318415,32.930277937132416,1552.9692036504598,5000.0,0.699999988079071,0.10886850208044052,1.0
4190,6.432434346733536,23.503280696473787,1514.567670470365,5000.0,0.699999988079071,0.17086535692214966,1.0
4191,5.206876395024866,33.10531451264248,1513.651627186323,5000.0,0.699999988079071,0.08473915606737137,1.0
4192,6.418656572840213,23.58270245262408,1491.3791780217377,5000.0,0.699999988079071,0.17027784883975983,1.0
4193,4.03411630970992,1075.6998953541267,551.476739477409,5000.0,0.699999988079071,0.06105787307024002,1.0
4194,2.9423887456932003,804.4401442530511,552.599270793727,5000.0,0.699999988079071,0.0345357321202755,1.0
4195,6.462286466784702,23.317489468690113,1576.6536174043197,5000.0,0.699999988079071,0.19400101900100708,1.0
4196,5.509378472723913,1146.5688776731727,552.2471857750056,5000.0,0.699999988079071,0.09904301911592484,1.0
4197,4.7096040801605215,836.7193567587724,552.9763915590976,5000.0,0.699999988079071,0.07246240973472595,1.0
4198,5.94398212670541,841.4385939416549,552.9192036257547,5000.0,0.699999988079071,0.11018943041563034,1.0
4199,6.344580108871693,23.998728198158716,1372.0466615354696,5000.0,0.699999988079071,0.14515607059001923,1.0
4200,4.641189245563675,808.8765363141158,552.9576794427622,5000.0,0.699999988079071,0.07176864147186279,1.0
4201,3.6345340368289563,40.34504183976499,1525.4825515615564,5000.0,0.699999988079071,0.04532066360116005,1.0
4202,4.621877973591212,804.7117533699334,553.0867142114714,5000.0,0.699999988079071,0.0714825689792633,1.0
4203,3.618285205887467,40.39351616826263,1513.3855921239294,5000.0,0.699999988079071,0.045066650956869125,1.0
4204,5.183814435960405,33.24439983975607,1469.9571140752976,5000.0,0.699999988079071,0.1068406030535698,1.0
4205,2.891461854526962,786.407707634259,553.3279869904738,5000.0,0.699999988079071,0.03431716561317444,1.0
4206,6.37727920545933,24.00987556030888,1368.48885426371,5000.0,0.699999988079071,0.168544203042984,1.0
4207,5.173225394455068,33.330948164944175,1451.8498405242335,5000.0,0.699999988079071,0.10643694549798965,1.0
4208,6.263594644386293,25.062383333655966,1198.4691979516188,5000.0,0.699999988079071,0.14283037185668945,1.0
4209,4.679702837571125,750.4384127408648,553.009686908546,5000.0,0.699999988079071,0.0958704724907875,1.0
4210,4.5394809692886,767.9599961442445,553.3479211738858,5000.0,0.699999988079071,0.07061540335416794,1.0
4211,6.470492939147673,23.234116066945127,1578.464565408758,5000.0,0.699999988079071,0.1927439421415329,1.0
4212,4.689972406500143,767.5995604963529,553.5337796994705,5000.0,0.699999988079071,0.09554938971996307,1.0
4213,5.353072399203939,1107.6625935663512,553.5248440073838,5000.0,0.699999988079071,0.09671074897050858,1.0
4214,5.526865094864596,1146.065210309372,554.1080461605392,5000.0,0.699999988079071,0.12159612774848938,1.0
4215,3.764886710999606,39.92736579367434,1584.9732379954373,5000.0,0.699999988079071,0.0692988708615303,1.0
4216,4.6036793464063885,837.6898479859232,554.8632223421547,5000.0,0.699999988079071,0.07046159356832504,1.0
4217,0.5788311928707832,46.01245781292336,1585.7821731816482,5000.0,0.699999988079071,0.008030944503843784,1.0
4218,5.0040035571332835,34.40805419957221,1286.4024101464388,5000.0,0.699999988079071,0.08047735691070557,1.0
4219,5.138261087382426,33.757043183207216,1369.9377095055113,5000.0,0.699999988079071,0.10523295402526855,1.0
4220,7.117772009164528,15.754674612670806,640.126989617676,5000.0,0.699999988079071,0.1767808496952057,1.0
4221,5.295002537669582,32.6393941189929,1583.8898121325008,5000.0,0.699999988079071,0.13032622635364532,1.0
4222,3.764870609686784,39.894505838535395,1585.4004555686474,5000.0,0.699999988079071,0.06901485472917557,1.0
4223,3.510067755744925,41.269662363413886,1372.980043479426,5000.0,0.699999988079071,0.04356434941291809,1.0
4224,6.165369641363115,27.968371936663672,979.1633389543696,5000.0,0.699999988079071,0.13979865610599518,1.0
4225,5.293238306672673,32.62522441866377,1584.259488065505,5000.0,0.699999988079071,0.1297987848520279,1.0
4226,4.650041151606537,727.4139321033591,554.2337634179761,5000.0,0.699999988079071,0.0947498083114624,1.0
4227,5.9838008137852166,31.06872419414009,875.1444917420903,5000.0,0.699999988079071,0.11380747705698013,1.0
4228,2.7782310313232794,717.7603242546538,554.6813535448381,5000.0,0.699999988079071,0.03397673740983009,1.0
4229,4.413220737977933,739.9956987829398,554.8923489409419,5000.0,0.699999988079071,0.06887165457010269,1.0
4230,3.451156041680005,42.41059227744191,1257.143343767317,5000.0,0.699999988079071,0.04281526803970337,1.0
4231,2.79952974216642,741.4339467851954,555.3915612063159,5000.0,0.699999988079071,0.03391551598906517,1.0
4232,5.296570035744923,32.56697770884501,1584.6618637377824,5000.0,0.699999988079071,0.12960191071033478,1.0
4233,4.667621337003998,756.3953974644191,555.5097886573543,5000.0,0.699999988079071,0.09453700482845306,1.0
4234,3.447758422325304,42.4398707213386,1251.3473155405525,5000.0,0.699999988079071,0.04275922849774361,1.0
4235,3.437567314639746,42.70740030548945,1229.6364775831962,5000.0,0.699999988079071,0.042631831020116806,1.0
4236,2.8110529476751105,753.8939757499588,555.9803494321391,5000.0,0.699999988079071,0.03383726626634598,1.0
4237,4.414278138074344,774.4192567151817,556.1353633277023,5000.0,0.699999988079071,0.06839430332183838,1.0
4238,5.296677639721312,32.50759637448087,1585.0230208074258,5000.0,0.699999988079071,0.1292731612920761,1.0
4239,5.294087191236299,32.50499023863419,1585.1290272902606,5000.0,0.699999988079071,0.12894293665885925,1.0
4240,3.42484031533825,43.033358435249724,1203.1903993123876,5000.0,0.699999988079071,0.04247123748064041,1.0
4241,2.8172149013340837,761.6186754394935,556.4649857560707,5000.0,0.699999988079071,0.033762574195861816,1.0
4242,5.051438831158516,36.731422939211555,1095.082183674847,5000.0,0.699999988079071,0.10274576395750046,1.0
4243,2.8252552033816247,768.8779699943345,556.7316299352881,5000.0,0.699999988079071,0.033729422837495804,1.0
4244,2.8527998698847137,788.1971050662052,557.0467326908054,5000.0,0.699999988079071,0.03370620310306549,1.0
4245,6.471144598181366,23.017654638210296,1582.0239540950272,5000.0,0.699999988079071,0.18895812332630157,1.0
4246,2.8663746332895124,797.3745763758399,557.2668840299787,5000.0,0.699999988079071,0.03367902338504791,1.0
4247,2.895246361270243,814.9883084729609,557.534097726468,5000.0,0.699999988079071,0.03365613520145416,1.0
4248,4.462649654866363,831.8716935831326,557.5999839178633,5000.0,0.699999988079071,0.06812549382448196,1.0
4249,4.4605082883831475,836.722379643428,557.7393855961582,5000.0,0.699999988079071,0.06799841672182083,1.0
4250,2.9362911203021085,840.6649088169174,558.0272134329432,5000.0,0.699999988079071,0.033580947667360306,1.0
4251,6.267970783901892,29.226545594245035,927.2484130661326,5000.0,0.699999988079071,0.16260071098804474,1.0
4252,6.261738190361825,29.734972264385995,911.7554809553538,5000.0,0.699999988079071,0.16222266852855682,1.0
4253,4.419877888981932,822.3912176629967,557.8368904294715,5000.0,0.699999988079071,0.06767662614583969,1.0
4254,4.720776265023119,827.8679669457802,557.9618610768289,5000.0,0.699999988079071,0.0934816226363182,1.0
4255,2.926140811159482,839.768787964365,558.3250925113351,5000.0,0.699999988079071,0.033489909023046494,1.0
4256,0.5662998716470996,45.60329118908527,1587.4940319342136,5000.0,0.699999988079071,0.007824679836630821,1.0
4257,6.036577837580115,855.5408867520115,558.195085198658,5000.0,0.699999988079071,0.15330708026885986,1.0
4258,0.5652444392508006,45.57394310664651,1587.5839152661463,5000.0,0.699999988079071,0.00780603289604187,1.0
4259,2.967873617570963,861.7517425725574,558.6646259126084,5000.0,0.699999988079071,0.03341865912079811,1.0
4260,4.7765456244828295,875.2197339684926,558.6445282937763,5000.0,0.699999988079071,0.09319689869880676,1.0
4261,4.5009391735217195,883.8745130485687,558.7541309210561,5000.0,0.699999988079071,0.06758653372526169,1.0
4262,4.785967791140034,884.2340666958797,558.7661489239599,5000.0,0.699999988079071,0.0931062325835228,1.0
4263,5.396860008264039,1260.3301746468621,558.5835952245283,5000.0,0.699999988079071,0.09301881492137909,1.0
4264,5.204337206019241,1558.7792228353735,558.6165032215744,5000.0,0.699999988079071,0.08427092432975769,1.0
4265,4.55882639287207,930.0012034648066,559.0510840816629,5000.0,0.699999988079071,0.0673384815454483,1.0
4266,4.541285685461225,925.7030553411018,558.9822745809669,5000.0,0.699999988079071,0.06720026582479477,1.0
4267,3.366654018860707,44.59254636655326,1096.0940985641482,5000.0,0.699999988079071,0.04168463870882988,1.0
4268,3.7667657661329104,39.351170229613544,1587.2568797318158,5000.0,0.699999988079071,0.06760095804929733,1.0
4269,7.269767472214159,22.09948858729382,650.5018301800565,5000.0,0.699999988079071,0.2208140641450882,1.0
4270,5.29092885135858,32.18021617809748,1586.5055496315179,5000.0,0.699999988079071,0.1267683506011963,1.0
4271,6.235597992449443,32.17316375701616,851.8742815887244,5000.0,0.699999988079071,0.16025054454803467,1.0
4272,3.7599355634620566,39.35778859144981,1587.533510438419,5000.0,0.699999988079071,0.06698140501976013,1.0
4273,3.759170963642009,39.34489799758307,1587.6054581891053,5000.0,0.699999988079071,0.0669000968337059,1.0
4274,6.014390584835185,859.5761345025243,558.3870361437463,5000.0,0.699999988079071,0.15123756229877472,1.0
4275,4.416782376976567,866.3311194161029,558.7042345849195,5000.0,0.699999988079071,0.06682893633842468,1.0
4276,4.409631844714359,867.7089563366177,558.7610110111121,5000.0,0.699999988079071,0.06670235842466354,1.0
4277,5.762657437516463,869.421967804341,558.6468225356198,5000.0,0.699999988079071,0.1255887746810913,1.0
4278,4.390712821111555,867.0073177245204,558.8352490435592,5000.0,0.699999988079071,0.06646769493818283,1.0
4279,3.311967280390197,47.54254823708113,992.4308759354587,5000.0,0.699999988079071,0.041148263961076736,1.0
4280,5.730043281068368,858.5114757195902,558.6788826556927,5000.0,0.699999988079071,0.12521883845329285,1.0
4281,5.193082910591835,1210.5272587428208,558.5759002990774,5000.0,0.699999988079071,0.09125939756631851,1.0
4282,4.611416615127488,53.01302910359841,783.7176028975424,5000.0,0.699999988079071,0.07402295619249344,1.0
4283,7.0580519769324574,851.0748026104734,558.5266345950115,5000.0,0.699999988079071,0.2098700851202011,1.0
4284,6.544604796360406,854.7335435409893,558.7469342608197,5000.0,0.699999988079071,0.15756084024906158,1.0
4285,3.7604381983654025,39.26739569414574,1587.8648784293964,5000.0,0.699999988079071,0.0664951279759407,1.0
4286,3.982480582461917,1185.727478692965,558.6907617057878,5000.0,0.699999988079071,0.057789649814367294,1.0
4287,5.178559926994796,1227.3010042326655,559.0035564258731,5000.0,0.699999988079071,0.09060677886009216,1.0
4288,6.024426720298999,883.2608190122112,559.2199259981714,5000.0,0.699999988079071,0.1501656174659729,1.0
4289,5.883158774576226,53.583914906095984,710.6243410737349,5000.0,0.699999988079071,0.13194935023784637,1.0
4290,6.342401139796669,1220.4498911941425,558.9584109207601,5000.0,0.699999988079071,0.14874200522899628,1.0
4291,5.5131405661959825,1236.125050152728,559.1345726728905,5000.0,0.699999988079071,0.11601763218641281,1.0
4292,4.921033089502015,49.396821927251,814.2587968580503,5000.0,0.699999988079071,0.09878574311733246,1.0
4293,0.5609658854437833,45.217997250394255,1588.2578631580009,5000.0,0.699999988079071,0.007767978124320507,1.0
4294,4.084176710175935,1245.0909674627494,559.3332762305935,5000.0,0.699999988079071,0.057448845356702805,1.0
4295,3.217363427196521,54.829163335958455,865.3509724593713,5000.0,0.699999988079071,0.04028995335102081,1.0
4296,4.49721600630374,65.2128656209171,735.3501968836939,5000.0,0.699999988079071,0.07261794060468674,1.0
4297,4.707873444118321,871.9200151780055,559.4936260165832,5000.0,0.699999988079071,0.09095481783151627,1.0
4298,3.181701027303533,58.58397936254197,830.0628466706063,5000.0,0.699999988079071,0.03999872878193855,1.0
4299,3.168154553636664,60.14411288749921,818.4193163316203,5000.0,0.699999988079071,0.039890412241220474,1.0
4300,5.4589234843391035,1214.7600736578306,559.2029247190853,5000.0,0.699999988079071,0.11560824513435364,1.0
4301,3.7607698856072536,39.09322386117607,1588.2189969433985,5000.0,0.699999988079071,0.06604897230863571,1.0
4302,6.135516199685264,51.8378754378002,719.1771720855849,5000.0,0.699999988079071,0.1563374102115631,1.0
4303,4.2158959353192715,864.0187098459696,559.812735742553,5000.0,0.699999988079071,0.06447897106409073,1.0
4304,5.984568003413843,865.292806146134,559.4660794078674,5000.0,0.699999988079071,0.14867223799228668,1.0
4305,6.083768308910254,875.9600167874058,560.0902740093304,5000.0,0.699999988079071,0.1284286081790924,1.0
4306,3.9446394734531838,1202.0688083665248,559.3960539080718,5000.0,0.699999988079071,0.056957416236400604,1.0
4307,5.611220340906295,879.7896037831678,559.9942487383072,5000.0,0.699999988079071,0.12215135246515274,1.0
4308,0.5580922944999045,45.044372027350825,1588.6152884388835,5000.0,0.699999988079071,0.007729655597358942,1.0
4309,5.600693219994411,877.4976599023295,560.0293281791958,5000.0,0.699999988079071,0.12199616432189941,1.0
4310,3.759269409377983,39.024436929980524,1588.4306171850062,5000.0,0.699999988079071,0.06566908955574036,1.0
4311,3.092225680325333,69.92155552134108,770.0379709636597,5000.0,0.699999988079071,0.03934291750192642,1.0
4312,5.566384259294823,862.5604726965596,560.0362617127784,5000.0,0.699999988079071,0.1216798648238182,1.0
4313,0.5563183189727421,44.98202843611275,1588.8175647737573,5000.0,0.699999988079071,0.007699940353631973,1.0
4314,5.427480258691441,1214.7116670543026,559.6058428197052,5000.0,0.699999988079071,0.11456457525491714,1.0
4315,2.8717066169773298,881.0826078529617,560.2421054705502,5000.0,0.699999988079071,0.03218569979071617,1.0
4316,5.285727741145204,31.830777876955842,1588.064325229803,5000.0,0.699999988079071,0.12327157706022263,1.0
4317,6.801248484355145,85.02564102521609,664.4641509080809,5000.0,0.699999988079071,0.1860910803079605,1.0
4318,4.663229305773245,860.8699066346661,559.9840659660304,5000.0,0.699999988079071,0.08965547382831573,1.0
4319,5.114126191660158,875.4077011540703,560.7870189201352,5000.0,0.699999988079071,0.09499318897724152,1.0
4320,4.7931033051674135,76.49254949435107,720.1769559707491,5000.0,0.699999988079071,0.09643951058387756,1.0
4321,4.065946476630661,851.24119446202,560.5513707520128,5000.0,0.699999988079071,0.06325629353523254,1.0
4322,5.019213091042635,857.6705133170586,561.1012138036008,5000.0,0.699999988079071,0.09426873177289963,1.0
4323,6.038179402645965,83.86085519693894,689.9305469451086,5000.0,0.699999988079071,0.15361802279949188,1.0
4324,3.7557310104344945,38.91641790104866,1588.8771330182815,5000.0,0.699999988079071,0.06503968685865402,1.0
4325,3.8157374100509167,1166.5451321419687,559.7321530354433,5000.0,0.699999988079071,0.05629585683345795,1.0
4326,4.754896098586503,87.51032663136085,709.1205406428192,5000.0,0.699999988079071,0.09590119868516922,1.0
4327,4.005521592265038,847.0613811110546,561.0529339604666,5000.0,0.699999988079071,0.06282082200050354,1.0
4328,3.7555042324832164,38.867770050129884,1588.98696652907,5000.0,0.699999988079071,0.064930759370327,1.0
4329,2.942783827114186,95.2809029813602,721.8703470061374,5000.0,0.699999988079071,0.038461100310087204,1.0
4330,4.727657118751349,96.19834778473573,703.580330197914,5000.0,0.699999988079071,0.09557602554559708,1.0
4331,4.598675439620629,822.2698308908597,560.1922228541146,5000.0,0.699999988079071,0.08903578668832779,1.0
4332,5.429772044799747,840.2158491489431,561.2411694262046,5000.0,0.699999988079071,0.11964662373065948,1.0
4333,0.5524420978256882,44.78296771811205,1589.3954899325342,5000.0,0.699999988079071,0.007646612823009491,1.0
4334,3.9536461373483767,841.8215793191677,561.5796434792711,5000.0,0.699999988079071,0.06247945874929428,1.0
4335,5.926619603850357,840.7647170576381,560.4079797100364,5000.0,0.699999988079071,0.1459464579820633,1.0
4336,0.5513116384178514,44.736517502897314,1589.482367411326,5000.0,0.699999988079071,0.007627955637872219,1.0
4337,5.4324142455812225,854.8754105379421,561.6604293831672,5000.0,0.699999988079071,0.11933119595050812,1.0
4338,4.700671847009471,104.51509402474669,700.2027852955667,5000.0,0.699999988079071,0.09502330422401428,1.0
4339,4.690534570145262,108.05762813786143,699.0216795068841,5000.0,0.699999988079071,0.09489673376083374,1.0
4340,3.8949768004025938,832.2775641421066,562.0796872351334,5000.0,0.699999988079071,0.062171630561351776,1.0
4341,3.7513467350799785,38.735710787044994,1589.4707793793916,5000.0,0.699999988079071,0.06437738984823227,1.0
4342,3.8885166616502818,835.2039513207018,562.2754962794776,5000.0,0.699999988079071,0.0620928592979908,1.0
4343,0.5492497738810601,44.65170178902743,1589.7297576720111,5000.0,0.699999988079071,0.007594936061650515,1.0
4344,4.600352269646496,832.9629174458305,560.9011973151468,5000.0,0.699999988079071,0.08842121064662933,1.0
4345,6.542084963788708,853.2307833479847,562.1744645771972,5000.0,0.699999988079071,0.17534613609313965,1.0
4346,2.7373750243399204,843.0991849702049,561.2124734879737,5000.0,0.699999988079071,0.03167146444320679,1.0
4347,3.9184294772266477,864.443064159972,562.6297934239689,5000.0,0.699999988079071,0.06196370720863342,1.0
4348,3.7497402011922274,38.64029306874149,1589.6516764640387,5000.0,0.699999988079071,0.06413682550191879,1.0
4349,5.930341976052112,857.7326418730264,561.0118781906724,5000.0,0.699999988079071,0.14462195336818695,1.0
4350,4.658264561572291,118.62104744797004,696.7316649781523,5000.0,0.699999988079071,0.09419979155063629,1.0
4351,4.735255944121562,1210.6056013780124,561.7684320632076,5000.0,0.699999988079071,0.08587555587291718,1.0
4352,4.780565860548478,209.74268474047736,680.2943533970018,5000.0,0.699999988079071,0.09806784987449646,1.0
4353,3.790266150363997,1182.352104204457,560.9209182892367,5000.0,0.699999988079071,0.055510830134153366,1.0
4354,2.769739275395241,864.4208173452348,561.4619905001247,5000.0,0.699999988079071,0.031539931893348694,1.0
4355,3.916421670188084,1237.962434944593,561.1867980331742,5000.0,0.699999988079071,0.05549491569399834,1.0
4356,0.5463867680597424,44.4665114907486,1589.9052805840317,5000.0,0.699999988079071,0.007555773481726646,1.0
4357,5.972265242990551,898.77823575709,561.2764860780266,5000.0,0.699999988079071,0.1443338841199875,1.0
4358,2.767957221906099,132.83604439675506,702.8963613160803,5000.0,0.699999988079071,0.03758114203810692,1.0
4359,4.615680471494857,135.9130878491106,694.3284086153068,5000.0,0.699999988079071,0.0937788262963295,1.0
4360,2.7327898493153016,141.88472437761666,700.9795601043566,5000.0,0.699999988079071,0.03744998201727867,1.0
4361,5.3083852880038185,201.72322417976343,683.5784113593926,5000.0,0.699999988079071,0.12345989793539047,1.0
4362,5.270905387402502,31.461729095601108,1589.6099993144458,5000.0,0.699999988079071,0.11987046152353287,1.0
4363,4.586257082868664,841.593034745022,561.1524425380693,5000.0,0.699999988079071,0.087408147752285,1.0
4364,0.5438736449844334,44.381921140713665,1590.2469275556045,5000.0,0.699999988079071,0.007514337543398142,1.0
4365,3.7915683813028855,865.9531999752488,563.9628187897936,5000.0,0.699999988079071,0.06115490570664406,1.0
4366,2.6740664236474414,157.80129378264309,698.93236548584,5000.0,0.699999988079071,0.03723367303609848,1.0
4367,3.7866956364502067,1194.2678838922416,561.0738887900974,5000.0,0.699999988079071,0.05514466390013695,1.0
4368,5.309499196095094,885.5022563693487,564.0745716031164,5000.0,0.699999988079071,0.11703453958034515,1.0
4369,4.55603291630052,162.7376799014416,693.2289325291889,5000.0,0.699999988079071,0.09310615807771683,1.0
4370,3.7524795707225564,872.7344434383085,564.5824774554796,5000.0,0.699999988079071,0.06087774410843849,1.0
4371,4.601683692756013,858.9519973177715,561.3126627719962,5000.0,0.699999988079071,0.0871775671839714,1.0
4372,3.7632103945185467,884.0052189407146,564.6425812676688,5000.0,0.699999988079071,0.06081622466444969,1.0
4373,4.533062080878005,174.3585539377852,693.2484114398235,5000.0,0.699999988079071,0.09288080036640167,1.0
4374,4.594456936184232,856.8566662217825,561.2879406676982,5000.0,0.699999988079071,0.08701667934656143,1.0
4375,3.6398259155105817,248.53348246649722,688.9572690038573,5000.0,0.699999988079071,0.06646083295345306,1.0
4376,4.504993808733486,189.65415422489707,693.4876934615306,5000.0,0.699999988079071,0.09263778477907181,1.0
4377,5.180705144476967,1456.9708755779002,562.4473553333297,5000.0,0.699999988079071,0.10781992971897125,1.0
4378,4.600401531187031,864.6947375560576,561.374621875444,5000.0,0.699999988079071,0.08687924593687057,1.0
4379,4.496157318597231,194.21352046015917,693.7349722760275,5000.0,0.699999988079071,0.0924827829003334,1.0
4380,2.713874546200667,860.7952365397962,561.5212374100422,5000.0,0.699999988079071,0.031099408864974976,1.0
4381,3.6959731885606035,893.9594255965254,565.912583724391,5000.0,0.699999988079071,0.06038704514503479,1.0
4382,3.6839921460035363,895.0464373698509,566.0946422283176,5000.0,0.699999988079071,0.060319818556308746,1.0
4383,2.509300870832785,208.59873430019664,697.3166944305793,5000.0,0.699999988079071,0.0366692915558815,1.0
4384,3.640773443737644,888.2582755162277,566.687457846929,5000.0,0.699999988079071,0.060185931622982025,1.0
4385,4.496650896422031,1239.3579714095438,563.895171343981,5000.0,0.699999988079071,0.08366884291172028,1.0
4386,4.604974203473903,874.7096469801452,561.2209271388481,5000.0,0.699999988079071,0.08670757710933685,1.0
4387,5.268240809108789,31.211341821735083,1590.0881342297232,5000.0,0.699999988079071,0.1187567487359047,1.0
4388,5.263996410670021,31.206104127989576,1590.1474690157756,5000.0,0.699999988079071,0.11843001842498779,1.0
4389,4.382078171963182,924.6026626567115,571.5003028050048,5000.0,0.699999988079071,0.08923650532960892,1.0
4390,3.604800988374769,892.0847353361706,567.3304241069445,5000.0,0.699999988079071,0.05997472256422043,1.0
4391,5.5661058775232775,400.76356915012656,690.3208840519694,5000.0,0.699999988079071,0.14989358186721802,1.0
4392,2.3920438791923626,255.43954568819828,698.4087785921258,5000.0,0.699999988079071,0.03636983409523964,1.0
4393,4.777436284766529,938.4786353205362,584.0788661247668,5000.0,0.699999988079071,0.11745884269475937,1.0
4394,5.830798656805766,808.6884726795801,560.5202608807738,5000.0,0.699999988079071,0.1416139453649521,1.0
4395,5.05676773806561,864.7934364073409,570.938179606794,5000.0,0.699999988079071,0.1148572713136673,1.0
4396,5.173683851779418,1160.8113993311447,560.6187458444398,5000.0,0.699999988079071,0.10930076986551285,1.0
4397,2.3445772778289493,278.2806762400168,699.3907536354895,5000.0,0.699999988079071,0.036252111196517944,1.0
4398,3.4628001902415146,884.014584985882,571.3605141025869,5000.0,0.699999988079071,0.059516530483961105,1.0
4399,5.211021245487015,1187.4105955684518,560.8083430973187,5000.0,0.699999988079071,0.10920894891023636,1.0
4400,4.565089585338053,862.2325352834342,561.2073729445477,5000.0,0.699999988079071,0.08586463332176208,1.0
4401,4.929457566001354,396.97297503751065,695.4139944580813,5000.0,0.699999988079071,0.11998672038316727,1.0
4402,3.222363021864216,417.8632349438968,697.1533792900168,5000.0,0.699999988079071,0.06483704596757889,1.0
4403,3.62028080145753,1172.8240087483073,560.7782885172619,5000.0,0.699999988079071,0.053873904049396515,1.0
4404,4.116174672785837,959.1127554613969,582.1406499916362,5000.0,0.699999988079071,0.0879400223493576,1.0
4405,4.3435294356758885,321.7062464414228,699.9358742408824,5000.0,0.699999988079071,0.09111737459897995,1.0
4406,5.770456740798076,1445.9720547521333,560.5882245731625,5000.0,0.699999988079071,0.13192099332809448,1.0
4407,4.872270366503227,450.71935728046014,697.9889178712947,5000.0,0.699999988079071,0.11954852938652039,1.0
4408,5.035129618907584,912.5470019549808,574.6766941872037,5000.0,0.699999988079071,0.11401426047086716,1.0
4409,4.26105530174347,1245.4825825371038,568.2205985190949,5000.0,0.699999988079071,0.08218444883823395,1.0
4410,6.25506350617913,926.6485225654002,574.7867313233154,5000.0,0.699999988079071,0.1687570959329605,1.0
4411,3.4128979922819873,923.0633426759539,575.366491743502,5000.0,0.699999988079071,0.05902138352394104,1.0
4412,3.4079462924916784,925.7268655364354,575.7556825094551,5000.0,0.699999988079071,0.0589791014790535,1.0
4413,2.6237744161636716,857.1275573913593,560.9579266596232,5000.0,0.699999988079071,0.03050052747130394,1.0
4414,0.538934009401026,43.791588533407875,1590.7701895597088,5000.0,0.699999988079071,0.007483446970582008,1.0
4415,5.238060222295055,1226.541199679565,560.6376016704974,5000.0,0.699999988079071,0.10825023055076599,1.0
4416,3.801577343952357,599.7647746330775,699.7810049122768,5000.0,0.699999988079071,0.09276340901851654,1.0
4417,3.3824744893525396,932.3647810122789,577.4523192957549,5000.0,0.699999988079071,0.05880957469344139,1.0
4418,3.760103899353464,653.6306974212984,701.4963257306409,5000.0,0.699999988079071,0.09255850315093994,1.0
4419,2.5361522106831873,827.3560257457283,560.4726470223047,5000.0,0.699999988079071,0.030357306823134422,1.0
4420,5.262139323767814,30.95959297035307,1590.4583853552242,5000.0,0.699999988079071,0.11704666167497635,1.0
4421,3.3338203880790034,925.8729916202257,580.252943390911,5000.0,0.699999988079071,0.05868249014019966,1.0
4422,5.2581953891493605,30.94310734722907,1590.519032113628,5000.0,0.699999988079071,0.11674793064594269,1.0
4423,5.673102323715894,402.4158897872547,703.5928061796777,5000.0,0.699999988079071,0.1447773277759552,1.0
4424,3.0715755919052508,575.5511328820106,703.9177116309786,5000.0,0.699999988079071,0.06411731988191605,1.0
4425,2.4819821786278466,805.423249162098,560.3979094550231,5000.0,0.699999988079071,0.030270365998148918,1.0
4426,6.060238544823679,595.9559232263284,703.8713006900472,5000.0,0.699999988079071,0.17285092175006866,1.0
4427,3.2650011389026456,909.8427323950293,585.3940659252341,5000.0,0.699999988079071,0.058545250445604324,1.0
4428,5.4950693998354625,1219.3595910081553,573.9428140982749,5000.0,0.699999988079071,0.13558229804039001,1.0
4429,3.928445050496041,1029.5378591124954,602.3752842419237,5000.0,0.699999988079071,0.08675246685743332,1.0
4430,4.454910999104473,813.8473169309314,560.3690050867618,5000.0,0.699999988079071,0.08445757627487183,1.0
4431,4.467036177587416,824.591641684482,560.5152552418,5000.0,0.699999988079071,0.08438540250062943,1.0
4432,4.964138252248442,946.3253547654535,584.8895312796307,5000.0,0.699999988079071,0.11255812644958496,1.0
4433,2.531359539283966,834.3157939319707,560.7914917792366,5000.0,0.699999988079071,0.030169043689966202,1.0
4434,4.166488659095909,1275.1352520986118,573.5423042419138,5000.0,0.699999988079071,0.08109118044376373,1.0
4435,4.3003974201899835,448.9403860130827,706.9702018689215,5000.0,0.699999988079071,0.08976157754659653,1.0
4436,2.2066262626020423,455.81750740072533,707.9399252468047,5000.0,0.699999988079071,0.03565344214439392,1.0
4437,2.5284243900166996,836.5036365811947,560.7132002142296,5000.0,0.699999988079071,0.03009960800409317,1.0
4438,3.7305504792298994,37.68314197914179,1591.0215398170135,5000.0,0.699999988079071,0.06149296835064888,1.0
4439,6.414422589929142,21.799383623454208,1589.8799333358086,5000.0,0.699999988079071,0.1693752408027649,1.0
4440,5.121447653417306,1190.0996785258953,560.4812880250614,5000.0,0.699999988079071,0.10649485141038895,1.0
4441,4.502456130528925,860.3999398871118,560.8662700551102,5000.0,0.699999988079071,0.08378078788518906,1.0
4442,4.51145177484995,867.495944029771,560.9122998719331,5000.0,0.699999988079071,0.08370856195688248,1.0
4443,4.466185402246044,1510.9998203121008,560.6680991216001,5000.0,0.699999988079071,0.0753135085105896,1.0
4444,3.734279369032828,1263.9734394979448,560.7138038995208,5000.0,0.699999988079071,0.052647922188043594,1.0
4445,2.19367208230407,424.0470072861284,707.2119989118717,5000.0,0.699999988079071,0.03558078408241272,1.0
4446,3.7238853673245624,37.576292790476124,1591.0374163781942,5000.0,0.699999988079071,0.061034366488456726,1.0
4447,4.54694345121667,895.2523029667873,560.6949133933874,5000.0,0.699999988079071,0.08353494852781296,1.0
4448,4.286741940394361,426.9691601189213,706.7470884338833,5000.0,0.699999988079071,0.08904386311769485,1.0
4449,2.1946349757218533,434.08496785084185,707.7966086403924,5000.0,0.699999988079071,0.03555060550570488,1.0
4450,2.19657880652442,442.50046054786765,708.1327074792556,5000.0,0.699999988079071,0.0355365090072155,1.0
4451,3.358047829038246,980.2738497149742,583.6433227260502,5000.0,0.699999988079071,0.05805332213640213,1.0
4452,5.6551060671499505,456.34577225307686,707.4397580211169,5000.0,0.699999988079071,0.1424473375082016,1.0
4453,3.071201309727936,651.1046610225109,707.7228391421139,5000.0,0.699999988079071,0.06364720314741135,1.0
4454,2.5049979498951553,840.028987500438,560.212755169133,5000.0,0.699999988079071,0.029825329780578613,1.0
4455,2.5274813280290997,849.6233916687657,560.278984884218,5000.0,0.699999988079071,0.029815487563610077,1.0
4456,2.548476478272913,858.4317332815021,560.3228704705997,5000.0,0.699999988079071,0.029804663732647896,1.0
4457,3.973022122173227,1090.244917570733,602.9225384345926,5000.0,0.699999988079071,0.08602190017700195,1.0
4458,4.964001987925655,982.7074559364904,586.8896629581776,5000.0,0.699999988079071,0.11126656830310822,1.0
4459,3.958432656945496,1094.6357823395663,606.0532032294012,5000.0,0.699999988079071,0.08591481298208237,1.0
4460,4.95094281755399,980.60987057197,588.954648543146,5000.0,0.699999988079071,0.11115503311157227,1.0
4461,3.110766276529952,708.4770826397904,709.6292243162087,5000.0,0.699999988079071,0.06347904354333878,1.0
4462,2.2499483290233404,518.508458394349,711.2957485665142,5000.0,0.699999988079071,0.03541814163327217,1.0
4463,3.3910314284433203,1154.6378346623962,559.1301647939546,5000.0,0.699999988079071,0.05192095786333084,1.0
4464,0.5285739191516415,43.057252120273404,1591.404960572084,5000.0,0.699999988079071,0.007345880381762981,1.0
4465,4.440550736334035,839.7536419763697,559.5479386408663,5000.0,0.699999988079071,0.0829804390668869,1.0
4466,4.312008793483599,514.5458067215056,710.7795995827885,5000.0,0.699999988079071,0.08865226805210114,1.0
4467,3.452760245711547,1182.8032916003117,559.3632606893103,5000.0,0.699999988079071,0.05186642333865166,1.0
4468,4.96569799470082,999.5399896332796,589.6486044495151,5000.0,0.699999988079071,0.11085772514343262,1.0
4469,2.243992824221132,516.8892908194667,711.4842483403529,5000.0,0.699999988079071,0.0353337898850441,1.0
4470,5.232014094285995,30.42989204181966,1591.190613788423,5000.0,0.699999988079071,0.11367904394865036,1.0
4471,2.249912939252905,521.704086028569,711.7699302760194,5000.0,0.699999988079071,0.03532646223902702,1.0
4472,4.317515787477359,529.8404876408441,711.6095932832922,5000.0,0.699999988079071,0.08836973458528519,1.0
4473,4.409306690567402,825.0629210443899,559.3461200988282,5000.0,0.699999988079071,0.08248967677354813,1.0
4474,4.421295698149258,835.1919763538273,559.3816661989908,5000.0,0.699999988079071,0.08242562413215637,1.0
4475,5.223520532413943,30.380810815117684,1591.341085236749,5000.0,0.699999988079071,0.11300383508205414,1.0
4476,2.4718055010180238,841.8782280670865,559.653499366865,5000.0,0.699999988079071,0.029491303488612175,1.0
4477,2.2451770941943283,519.4098066339652,712.0069771446373,5000.0,0.699999988079071,0.03527827188372612,1.0
4478,0.5234249744526519,42.8292764930915,1591.7487041378918,5000.0,0.699999988079071,0.007261190563440323,1.0
4479,2.474150704070549,843.9346338498245,559.596628451434,5000.0,0.699999988079071,0.029451292008161545,1.0
4480,2.497640166343677,853.7909163377465,559.5551089643038,5000.0,0.699999988079071,0.02944638580083847,1.0
4481,0.5214627083002616,42.7475069797865,1591.8045986993313,5000.0,0.699999988079071,0.0072266170755028725,1.0
4482,5.423933831313745,1134.790012665725,609.980758736088,5000.0,0.699999988079071,0.13820931315422058,1.0
4483,6.076536485801083,751.251742754906,711.1907741206745,5000.0,0.699999988079071,0.16864655911922455,1.0
4484,4.40420097283451,831.3712599818268,559.0406747108264,5000.0,0.699999988079071,0.08196146786212921,1.0
4485,5.664792110942473,539.5160500573143,712.1262755422553,5000.0,0.699999988079071,0.14027710258960724,1.0
4486,4.764585838683445,1655.9467200554423,558.7157080763604,5000.0,0.699999988079071,0.09568828344345093,1.0
4487,4.456616781164788,871.7400632688433,558.9358885641224,5000.0,0.699999988079071,0.08179266005754471,1.0
4488,6.17863664170301,1023.2604012725853,589.1198331161298,5000.0,0.699999988079071,0.16202232241630554,1.0
4489,0.5218013204295745,42.68105273559906,1591.7933170205806,5000.0,0.699999988079071,0.0072443257085978985,1.0
4490,4.299821055351968,526.6793534229926,712.4017395002858,5000.0,0.699999988079071,0.08739136904478073,1.0
4491,5.753560348755741,862.761380646959,558.5750782063521,5000.0,0.699999988079071,0.13365469872951508,1.0
4492,6.054536262663289,744.1319013465159,711.6270028329192,5000.0,0.699999988079071,0.16716544330120087,1.0
4493,4.929789654907881,1004.5443750110608,592.2667033727149,5000.0,0.699999988079071,0.1091349869966507,1.0
4494,4.305812189245219,542.2540395879392,713.2989085658321,5000.0,0.699999988079071,0.08702809363603592,1.0
4495,2.278014299626874,548.1030798851256,713.988631380067,5000.0,0.699999988079071,0.03515844792127609,1.0
4496,2.2899140774389766,555.6849648382727,714.2577384435605,5000.0,0.699999988079071,0.03515199199318886,1.0
4497,5.664139786208107,563.7916389542506,713.7434353386684,5000.0,0.699999988079071,0.13881799578666687,1.0
4498,4.325309810360547,567.6937259388296,714.3787826449276,5000.0,0.699999988079071,0.08686020970344543,1.0
4499,6.352261735651971,21.354307718472324,1590.9723938445204,5000.0,0.699999988079071,0.16215798258781433,1.0
4500,4.8853147653521996,980.1411424629157,598.7578113988455,5000.0,0.699999988079071,0.10855689644813538,1.0
4501,3.262573301739736,1131.8339803870858,558.3102139272977,5000.0,0.699999988079071,0.05107539892196655,1.0
4502,4.908894952121823,999.9473900427022,596.2874977362541,5000.0,0.699999988079071,0.10848456621170044,1.0
4503,2.3897406447060936,826.0172817565848,558.6460796074997,5000.0,0.699999988079071,0.029146118089556694,1.0
4504,3.2056604487400207,793.3680216368268,714.1095447515772,5000.0,0.699999988079071,0.06297647207975388,1.0
4505,4.013756402676203,1294.0581638829253,580.9715341383034,5000.0,0.699999988079071,0.07890584319829941,1.0
4506,3.688776376805738,36.822073934352645,1592.0085140575811,5000.0,0.699999988079071,0.0586111843585968,1.0
4507,3.236705769610182,812.1125354405439,714.6684920689811,5000.0,0.699999988079071,0.06293264776468277,1.0
4508,3.275825512038903,832.6339594507211,715.1868855167093,5000.0,0.699999988079071,0.06293773651123047,1.0
4509,0.5180959380691343,42.42356221846107,1592.1753909109982,5000.0,0.699999988079071,0.007196178659796715,1.0
4510,0.5172367627394758,42.39778322476229,1592.222772832853,5000.0,0.699999988079071,0.007180041167885065,1.0
4511,3.6880240628828007,36.72481503896722,1592.193553829418,5000.0,0.699999988079071,0.05854186788201332,1.0
4512,3.274052159866403,999.927708752948,602.339031713175,5000.0,0.699999988079071,0.056889425963163376,1.0
4513,2.320533608454817,802.3807008972019,558.1648503926974,5000.0,0.699999988079071,0.028986696153879166,1.0
4514,3.6870472187943024,36.669850999071976,1592.2363441228993,5000.0,0.699999988079071,0.05847419053316116,1.0
4515,5.435947180784015,1037.0994171384084,715.3460266835218,5000.0,0.699999988079071,0.1419936567544937,1.0
4516,2.2850194394628383,787.8393698501483,558.0328596075159,5000.0,0.699999988079071,0.028937969356775284,1.0
4517,4.365772816674742,615.4371821395566,716.6587674185114,5000.0,0.699999988079071,0.08622339367866516,1.0
4518,5.646326330816497,792.7604284475528,557.7226933219578,5000.0,0.699999988079071,0.13125570118427277,1.0
4519,3.681135098342083,36.62221191007067,1592.34490156302,5000.0,0.699999988079071,0.05816275626420975,1.0
4520,0.5135724511618697,42.22777950298818,1592.4649094757897,5000.0,0.699999988079071,0.007120010443031788,1.0
4521,2.3849715639286875,611.0278957967203,717.0741626818802,5000.0,0.699999988079071,0.03496022894978523,1.0
4522,4.308646439168561,795.3034803995968,558.073981127275,5000.0,0.699999988079071,0.07987063378095627,1.0
4523,4.911846068322305,1013.0750107623331,602.9561189460227,5000.0,0.699999988079071,0.10766847431659698,1.0
4524,5.652420330290307,809.2885830269909,557.9730735716156,5000.0,0.699999988079071,0.1306195855140686,1.0
4525,4.345353941621029,606.8624580136099,716.8254354415332,5000.0,0.699999988079071,0.08566141128540039,1.0
4526,3.2913845207109698,1013.8144704127246,602.8276281471376,5000.0,0.699999988079071,0.056691668927669525,1.0
4527,6.115093566279242,1019.3992481273718,602.7091918547795,5000.0,0.699999988079071,0.1580735445022583,1.0
4528,3.296099908324687,1017.8673838823842,602.7879122565971,5000.0,0.699999988079071,0.05664658918976784,1.0
4529,2.331494770023905,814.6408533675606,558.1918612976363,5000.0,0.699999988079071,0.028830625116825104,1.0
4530,4.922120458543044,1028.8088308894169,601.5450691854097,5000.0,0.699999988079071,0.10720983147621155,1.0
4531,3.2889275921902654,1166.444127970011,557.7956921182555,5000.0,0.699999988079071,0.05053580179810524,1.0
4532,3.6723748680813886,36.44818402851075,1592.4393559453663,5000.0,0.699999988079071,0.05763904005289078,1.0
4533,2.398888698878815,844.0752602596475,558.1383875618637,5000.0,0.699999988079071,0.028811581432819366,1.0
4534,2.355792246860112,602.0249252913947,717.3130867442115,5000.0,0.699999988079071,0.03480226546525955,1.0
4535,2.3963536906722163,844.2514262371341,558.0164007346319,5000.0,0.699999988079071,0.028782591223716736,1.0
4536,3.341909853856253,1045.2719856281235,598.6243988740324,5000.0,0.699999988079071,0.05650388449430466,1.0
4537,4.939941747193886,1046.7759137742996,598.8445732578695,5000.0,0.699999988079071,0.10700034350156784,1.0
4538,3.3352031941227103,1044.6338184770534,599.148524043721,5000.0,0.699999988079071,0.05644385516643524,1.0
4539,2.3752902746398683,612.8915265330206,717.7303067583388,5000.0,0.699999988079071,0.03474446386098862,1.0
4540,5.671709031118117,620.2359466382977,717.3240903656431,5000.0,0.699999988079071,0.135720357298851,1.0
4541,2.395900763451046,622.3272994441293,718.1201971836917,5000.0,0.699999988079071,0.034741923213005066,1.0
4542,3.6683882187558474,36.28366878227777,1592.5843787763479,5000.0,0.699999988079071,0.0573992021381855,1.0
4543,0.5073373475596488,41.837763876435844,1592.70457118158,5000.0,0.699999988079071,0.007027655374258757,1.0
4544,5.638728993536811,822.1605156839018,557.1077477736198,5000.0,0.699999988079071,0.12924258410930634,1.0
4545,3.663971203975632,36.239819378666624,1592.670747652471,5000.0,0.699999988079071,0.05718424543738365,1.0
4546,2.3432072085390114,828.9724374563099,557.579340094963,5000.0,0.699999988079071,0.028632400557398796,1.0
4547,4.33820195672962,615.3740208243638,717.826104922421,5000.0,0.699999988079071,0.08479724824428558,1.0
4548,3.9909050348094715,1434.6666249734092,557.0979548995318,5000.0,0.699999988079071,0.07183220237493515,1.0
4549,5.66746058939186,856.4032618216287,557.1125630274092,5000.0,0.699999988079071,0.12876030802726746,1.0
4550,2.41733661691915,860.0695251387926,557.3985593479086,5000.0,0.699999988079071,0.028614619746804237,1.0
4551,0.5049858721380276,41.703189671630184,1592.7479398277144,5000.0,0.699999988079071,0.00699187908321619,1.0
4552,2.4350595156707016,867.0828290672678,557.3462612487741,5000.0,0.699999988079071,0.028595197945833206,1.0
4553,5.487328548667479,1371.179684210957,578.9418568052863,5000.0,0.699999988079071,0.12778770923614502,1.0
4554,2.3274522219124325,594.5284133723844,717.7254595248415,5000.0,0.699999988079071,0.034572113305330276,1.0
4555,3.6588495880110377,36.079520504948626,1592.6840719011486,5000.0,0.699999988079071,0.05688188970088959,1.0
4556,5.459776774900889,1361.3001509642113,579.2898310627852,5000.0,0.699999988079071,0.12756071984767914,1.0
4557,3.3207036658391096,1051.1281252459726,596.0373616943785,5000.0,0.699999988079071,0.05608966201543808,1.0
4558,4.940474609638957,1217.901072072545,556.0173886076049,5000.0,0.699999988079071,0.09981146454811096,1.0
4559,0.5034782893606485,41.56914814886257,1592.7028012262494,5000.0,0.699999988079071,0.006973534822463989,1.0
4560,4.301914195511417,593.779820854714,717.5386498862623,5000.0,0.699999988079071,0.08425622433423996,1.0
4561,2.3316543286101505,598.5793232930502,718.0908458238583,5000.0,0.699999988079071,0.034503303468227386,1.0
4562,3.3030071894099433,1047.1595591245823,597.124101968821,5000.0,0.699999988079071,0.05598226934671402,1.0
4563,2.3664354108195877,852.2600210498191,555.928815299649,5000.0,0.699999988079071,0.02840392477810383,1.0
4564,5.648990398957059,859.5697054632623,555.5740096599352,5000.0,0.699999988079071,0.12783832848072052,1.0
4565,2.32944592228173,598.723748877775,718.2177450932735,5000.0,0.699999988079071,0.03445929288864136,1.0
4566,0.5008063215544258,41.43077411557796,1592.8193552963405,5000.0,0.699999988079071,0.006929979659616947,1.0
4567,4.325779327765877,855.4645583958674,555.6596890331051,5000.0,0.699999988079071,0.07795771956443787,1.0
4568,3.650639439944824,35.87708089620982,1592.7749457931277,5000.0,0.699999988079071,0.05644764378666878,1.0
4569,5.136308190335339,29.3113044739523,1592.5725699034338,5000.0,0.699999988079071,0.1058446541428566,1.0
4570,3.996791661909685,1202.8001221267332,619.5648589798957,5000.0,0.699999988079071,0.08338579535484314,1.0
4571,5.13325495594277,29.29777261340622,1592.5917099025028,5000.0,0.699999988079071,0.10562451183795929,1.0
4572,4.3009775731344435,603.4233451558439,718.383009821673,5000.0,0.699999988079071,0.0836503878235817,1.0
4573,2.347463517605613,608.0738624850918,718.9148305186571,5000.0,0.699999988079071,0.03441353142261505,1.0
4574,3.211179960749679,1173.7164516708065,555.3622799972267,5000.0,0.699999988079071,0.04962664097547531,1.0
4575,3.997102491483587,1205.5209745900613,622.2421502937432,5000.0,0.699999988079071,0.08325562626123428,1.0
4576,4.870182081380097,1039.725222170774,599.2570984288909,5000.0,0.699999988079071,0.10494135320186615,1.0
4577,4.86685086595513,1039.0090346285513,599.4711682351592,5000.0,0.699999988079071,0.10485820472240448,1.0
4578,6.02426538945018,1177.1453668838494,554.6168396760299,5000.0,0.699999988079071,0.14770618081092834,1.0
4579,4.3028420980966695,610.9246668833406,718.9034772341204,5000.0,0.699999988079071,0.08332697302103043,1.0
4580,6.050503235674919,1039.6916809237055,598.7073211721602,5000.0,0.699999988079071,0.15347765386104584,1.0
4581,5.371263788920113,1205.2709668614493,624.085995896722,5000.0,0.699999988079071,0.13183437287807465,1.0
4582,2.3732836172052942,622.9994687118331,719.7936962051441,5000.0,0.699999988079071,0.03433999791741371,1.0
4583,3.1242624972614883,1153.0805114039754,554.3352541083917,5000.0,0.699999988079071,0.04931578040122986,1.0
4584,5.296379477379668,1441.8443508156615,554.1687419335549,5000.0,0.699999988079071,0.11929899454116821,1.0
4585,3.2737119162220827,862.7600805993957,718.8220816620326,5000.0,0.699999988079071,0.061629217118024826,1.0
4586,2.279900175626963,836.2899484021518,554.3024808899773,5000.0,0.699999988079071,0.028088387101888657,1.0
4587,2.296701990341286,843.1423005167924,554.2627794026249,5000.0,0.699999988079071,0.028081143274903297,1.0
4588,2.355060651710527,617.4835925188322,719.7235923165434,5000.0,0.699999988079071,0.03424663096666336,1.0
4589,3.2590257047086406,1047.5048599764236,598.6875521580025,5000.0,0.699999988079071,0.05539815500378609,1.0
4590,4.900761647042786,885.5620002983662,719.2426771518467,5000.0,0.699999988079071,0.11033101379871368,1.0
4591,4.328265298997744,637.5984445591738,720.1018528926078,5000.0,0.699999988079071,0.08294954895973206,1.0
4592,3.089837754138564,1151.0351766216988,553.4284754265844,5000.0,0.699999988079071,0.04906158149242401,1.0
4593,4.8514265748175225,1046.2612171988058,600.3994730074638,5000.0,0.699999988079071,0.10396139323711395,1.0
4594,4.322666261192833,636.0708452026652,720.1592533235425,5000.0,0.699999988079071,0.08280061185359955,1.0
4595,2.222483794268356,820.5308645187268,553.5738555040243,5000.0,0.699999988079071,0.027948059141635895,1.0
4596,3.1300317034672287,1170.6003444940743,553.2637167251503,5000.0,0.699999988079071,0.04899384826421738,1.0
4597,4.853018814329255,1052.3374994355765,598.8283264060831,5000.0,0.699999988079071,0.10376682877540588,1.0
4598,0.4967005906581993,40.98643489180723,1592.8276351731279,5000.0,0.699999988079071,0.006891604512929916,1.0
4599,3.2490916179202705,1050.1154909165584,599.1518273017483,5000.0,0.699999988079071,0.05517168343067169,1.0
4600,5.431494402388693,1096.2302193641985,719.590771352615,5000.0,0.699999988079071,0.13711437582969666,1.0
4601,5.537513631578325,813.5389241251056,552.6218778311621,5000.0,0.699999988079071,0.12477518618106842,1.0
4602,2.4066386590140296,643.4221892702183,720.9376931679396,5000.0,0.699999988079071,0.03412055969238281,1.0
4603,4.830146968456647,1040.3410788577892,603.0548911793562,5000.0,0.699999988079071,0.10341556370258331,1.0
4604,3.3862716144176184,917.4055189317604,720.5815905724904,5000.0,0.699999988079071,0.06132155656814575,1.0
4605,4.198368840199445,1590.4624303990852,552.1594242208257,5000.0,0.699999988079071,0.09048443287611008,1.0
4606,2.2315799284225584,832.8872524325109,552.7634622755544,5000.0,0.699999988079071,0.02780919149518013,1.0
4607,4.849377001019961,1058.573010115952,600.0841977766803,5000.0,0.699999988079071,0.10328441858291626,1.0
4608,4.759736183564532,1181.722529044608,552.2178768077049,5000.0,0.699999988079071,0.09693161398172379,1.0
4609,5.101212578565835,28.93916670454707,1592.3761636201357,5000.0,0.699999988079071,0.10327686369419098,1.0
4610,3.319431460291726,894.6913368675947,720.281172174543,5000.0,0.699999988079071,0.06111803278326988,1.0
4611,4.216680853726761,830.3126309880415,552.2751065038426,5000.0,0.699999988079071,0.07581542432308197,1.0
4612,3.6196724558256714,35.37224944029522,1592.6949526805793,5000.0,0.699999988079071,0.05489639192819595,1.0
4613,3.23079197988191,1052.208335976792,599.7352702390222,5000.0,0.699999988079071,0.05484545975923538,1.0
4614,0.4947513671200412,40.764645511047924,1592.8150357286238,5000.0,0.699999988079071,0.006874419283121824,1.0
4615,3.988948031920921,1232.253678856697,626.3868773110523,5000.0,0.699999988079071,0.08191002905368805,1.0
4616,4.321833729583336,650.3278721633898,721.2412982478245,5000.0,0.699999988079071,0.08194515854120255,1.0
4617,4.3260653533991595,654.2004452320914,721.4041864265969,5000.0,0.699999988079071,0.08188558369874954,1.0
4618,6.104981090156102,930.2360525906498,721.0084651412444,5000.0,0.699999988079071,0.1567988395690918,1.0
4619,3.197433318489998,1034.6595454378676,606.003594970456,5000.0,0.699999988079071,0.05470648407936096,1.0
4620,2.4527821956765035,666.71056498569,722.1616860122392,5000.0,0.699999988079071,0.033945970237255096,1.0
4621,2.095703968786654,787.4981550760567,551.7459649087112,5000.0,0.699999988079071,0.027575619518756866,1.0
4622,3.207432529623819,1040.3211578240482,605.9649554069927,5000.0,0.699999988079071,0.05464997887611389,1.0
4623,4.514011224721998,1473.7320472841427,605.766611675286,5000.0,0.699999988079071,0.10239733755588531,1.0
4624,6.002511095659992,1046.7593486702683,606.0090184721713,5000.0,0.699999988079071,0.15020723640918732,1.0
4625,3.6127557921056206,35.20986553363503,1592.73057152937,5000.0,0.699999988079071,0.054549433290958405,1.0
4626,4.962630593827458,947.1709910618631,721.718979337554,5000.0,0.699999988079071,0.10850312560796738,1.0
4627,2.47777708133421,678.4055628147232,722.6441925553773,5000.0,0.699999988079071,0.033872004598379135,1.0
4628,3.610185204072159,35.16718504840645,1592.8085098535919,5000.0,0.699999988079071,0.05443125218153,1.0
4629,3.19411355757578,1033.8571899889873,609.1523027987344,5000.0,0.699999988079071,0.05449280887842178,1.0
4630,2.488571540300437,682.939383455807,722.817839352891,5000.0,0.699999988079071,0.033841632306575775,1.0
4631,3.198243128381467,1034.6988991109586,610.174795879098,5000.0,0.699999988079071,0.05445025861263275,1.0
4632,4.366423370555726,689.2487112241546,722.7355771042197,5000.0,0.699999988079071,0.08137258142232895,1.0
4633,3.7618002415814424,1288.5094679053145,587.3333801497133,5000.0,0.699999988079071,0.07499940693378448,1.0
4634,3.208842791473017,1042.7149839346214,609.4403871846965,5000.0,0.699999988079071,0.05437757074832916,1.0
4635,2.8835638824760936,1108.8594489722718,550.9049837688392,5000.0,0.699999988079071,0.04798055440187454,1.0
4636,4.633921760426552,1135.9193253396343,550.965177761147,5000.0,0.699999988079071,0.09552010893821716,1.0
4637,3.6079008654357323,35.0355414138847,1592.7239433754685,5000.0,0.699999988079071,0.0542948953807354,1.0
4638,0.49079820681603875,40.398648960445996,1592.8709284706483,5000.0,0.699999988079071,0.006828042678534985,1.0
4639,4.95778770869933,952.4816322603829,722.0491552787076,5000.0,0.699999988079071,0.1079835593700409,1.0
4640,4.808521796696189,1054.6573182027585,606.603915152261,5000.0,0.699999988079071,0.10161472856998444,1.0
4641,3.6035079435711905,34.98319432226762,1592.8002110297573,5000.0,0.699999988079071,0.05410825461149216,1.0
4642,3.2110545094033576,1052.7194310729344,606.4853260790601,5000.0,0.699999988079071,0.05423014611005783,1.0
4643,0.4895437880768562,40.317210963426824,1592.931139518129,5000.0,0.699999988079071,0.006809527520090342,1.0
4644,3.2134426705951187,1054.3738178782355,606.5180681526955,5000.0,0.699999988079071,0.054195601493120193,1.0
4645,5.071111620074259,28.533794571871155,1592.5412933959285,5000.0,0.699999988079071,0.10129552334547043,1.0
4646,2.1070704559491253,804.8141251765057,551.3679477336592,5000.0,0.699999988079071,0.027314933016896248,1.0
4647,4.330827782970682,676.8742425485349,722.7524854137384,5000.0,0.699999988079071,0.08074522018432617,1.0
4648,4.334305231522143,679.9605386170672,722.8796059016187,5000.0,0.699999988079071,0.080686055123806,1.0
4649,4.968446624317591,964.701147443308,722.6063263760599,5000.0,0.699999988079071,0.1074562817811966,1.0
4650,2.0515492761314205,783.5408754426207,551.1396375545468,5000.0,0.699999988079071,0.027251215651631355,1.0
4651,5.061309286292591,28.47315818698565,1592.6175371328861,5000.0,0.699999988079071,0.10071486979722977,1.0
4652,4.120468860650384,793.683431082333,551.208550549874,5000.0,0.699999988079071,0.07409663498401642,1.0
4653,4.325931144244396,679.3950235334382,723.0884397607018,5000.0,0.699999988079071,0.08035936206579208,1.0
4654,2.4663117155566905,681.8866055646541,723.4432250418241,5000.0,0.699999988079071,0.03356122225522995,1.0
4655,4.778138406520494,1045.6712990398316,608.7541402243138,5000.0,0.699999988079071,0.10076998919248581,1.0
4656,3.764537178884056,1309.532277071192,585.6204374571242,5000.0,0.699999988079071,0.07443877309560776,1.0
4657,2.0806249460057313,798.5031403825228,551.2872838579749,5000.0,0.699999988079071,0.027198100462555885,1.0
4658,3.198337190348294,1055.3250848085747,606.3966910815667,5000.0,0.699999988079071,0.05394084006547928,1.0
4659,2.4609731196907765,682.0971708250594,723.4677494483578,5000.0,0.699999988079071,0.03348381072282791,1.0
4660,2.4730333987692976,686.53804117464,723.5825992412251,5000.0,0.699999988079071,0.033476974815130234,1.0
4661,2.0605831830644346,792.5372339095334,551.0212991098728,5000.0,0.699999988079071,0.027138331905007362,1.0
4662,2.47522858549853,687.7700822446984,723.6194112886249,5000.0,0.699999988079071,0.033451057970523834,1.0
4663,4.113156064548241,794.6702792584408,550.8302723100225,5000.0,0.699999988079071,0.07386969774961472,1.0
4664,2.472550604894334,687.3244359532656,723.6513849917637,5000.0,0.699999988079071,0.03342738375067711,1.0
4665,3.4780930541374966,976.7202877912414,723.2569956811235,5000.0,0.699999988079071,0.060121454298496246,1.0
4666,4.353235457721906,700.5162206349488,723.7354415199644,5000.0,0.699999988079071,0.08013463765382767,1.0
4667,2.802467452370347,1093.7763925301613,550.374376182582,5000.0,0.699999988079071,0.047391653060913086,1.0
4668,2.49334074295425,695.8811117892624,723.8830664743722,5000.0,0.699999988079071,0.03338257968425751,1.0
4669,2.037554484265288,786.5087862183719,550.7722107710706,5000.0,0.699999988079071,0.02704005315899849,1.0
4670,5.792232438134268,1125.3965865685705,550.3859540451895,5000.0,0.699999988079071,0.1407374143600464,1.0
4671,2.465339283365055,687.2576988585756,723.7410803067694,5000.0,0.699999988079071,0.033332910388708115,1.0
4672,2.476854835903724,691.4592328821694,723.8448371903365,5000.0,0.699999988079071,0.03332562744617462,1.0
4673,2.488308617092021,695.6013734944482,723.9455782521152,5000.0,0.699999988079071,0.03331836313009262,1.0
4674,0.480776233090549,39.759292891667585,1593.1600267390995,5000.0,0.699999988079071,0.006676902063190937,1.0
4675,5.424860922056819,791.1800130295705,550.4395648991062,5000.0,0.699999988079071,0.12013054639101028,1.0
4676,0.4800930319636598,39.72724618744542,1593.1923385879468,5000.0,0.699999988079071,0.006665758788585663,1.0
4677,4.237952571036123,1198.4705227305615,723.32288494367,5000.0,0.699999988079071,0.08650293946266174,1.0
4678,0.47944004346775604,39.68294853981552,1593.2194421300253,5000.0,0.699999988079071,0.006655672565102577,1.0
4679,3.1853927630880703,1050.4090574037943,611.5828951452892,5000.0,0.699999988079071,0.053551994264125824,1.0
4680,3.74001897352666,1309.57203611777,587.3733472138459,5000.0,0.699999988079071,0.07379873096942902,1.0
4681,2.0340867785307433,790.3105690958361,550.5646490624397,5000.0,0.699999988079071,0.02690989524126053,1.0
4682,2.0537637735572516,798.6169500048908,550.625548434222,5000.0,0.699999988079071,0.026906859129667282,1.0
4683,3.5833809498533498,34.30917996361049,1593.0407012726735,5000.0,0.699999988079071,0.05313469469547272,1.0
4684,4.111922855658544,807.1634853044058,550.6105746672605,5000.0,0.699999988079071,0.07333724945783615,1.0
4685,3.579675422187538,34.28244740265371,1593.0683834290999,5000.0,0.699999988079071,0.05299607291817665,1.0
4686,3.1983037060724357,1067.0794232933647,606.4866277740673,5000.0,0.699999988079071,0.05343499779701233,1.0
4687,4.319269100512694,691.2199162831255,723.7873429177482,5000.0,0.699999988079071,0.07946369051933289,1.0
4688,5.035669209364937,27.988639424561324,1592.7574498293154,5000.0,0.699999988079071,0.0991397276520729,1.0
4689,2.0714695323175465,806.5473181818833,550.9012470882261,5000.0,0.699999988079071,0.026857053861021996,1.0
4690,3.1874639975441736,1064.9211859555603,606.2996271789503,5000.0,0.699999988079071,0.05336620658636093,1.0
4691,2.0826881933234134,812.1359440378303,550.797835549534,5000.0,0.699999988079071,0.02683454193174839,1.0
4692,2.443913990207359,685.3002116417055,723.994079728022,5000.0,0.699999988079071,0.033074088394641876,1.0
4693,5.031892663124752,27.91830064056473,1592.7705799143378,5000.0,0.699999988079071,0.09891779720783234,1.0
4694,3.42545485955608,969.4550508073366,723.6192012708575,5000.0,0.699999988079071,0.05953872576355934,1.0
4695,4.753974340027956,1058.5355030245576,608.382516724389,5000.0,0.699999988079071,0.09932577610015869,1.0
4696,4.084756381843511,798.0574973230495,550.426954749042,5000.0,0.699999988079071,0.07276952266693115,1.0
4697,3.5680373888546284,34.1161077982811,1593.1429894860225,5000.0,0.699999988079071,0.05252190679311752,1.0
4698,3.7504745587884023,1331.2793047638797,584.2619927528806,5000.0,0.699999988079071,0.0734095573425293,1.0
4699,3.5668255575565824,34.092187126911234,1593.1226780799775,5000.0,0.699999988079071,0.05246972665190697,1.0
4700,3.4102444688295526,966.8394180626555,723.7131366033526,5000.0,0.699999988079071,0.05940760672092438,1.0
4701,3.9737130947628136,1262.7284552049002,636.7735570117989,5000.0,0.699999988079071,0.07955759763717651,1.0
4702,3.5661353498436927,34.05022109011741,1593.1342170480266,5000.0,0.699999988079071,0.05243263766169548,1.0
4703,6.077879890341359,984.9325108558685,723.824143681677,5000.0,0.699999988079071,0.15098828077316284,1.0
4704,4.047308330559203,776.7042654085834,550.0651468170317,5000.0,0.699999988079071,0.07234887778759003,1.0
4705,5.012079819646927,27.817395763876945,1592.7824646342792,5000.0,0.699999988079071,0.09782660752534866,1.0
4706,0.47308328130677446,39.24342862872554,1593.3698659657766,5000.0,0.699999988079071,0.006565122865140438,1.0
4707,3.69557223408159,1311.647585091328,585.8371056748805,5000.0,0.699999988079071,0.07314726710319519,1.0
4708,5.556146721410494,692.0835632143705,724.1364384026954,5000.0,0.699999988079071,0.12396469712257385,1.0
4709,4.9182530429871045,978.0428301556925,724.0785439878206,5000.0,0.699999988079071,0.10466530919075012,1.0
4710,5.29546136632472,1255.63860964027,639.9469907975594,5000.0,0.699999988079071,0.12466733157634735,1.0
4711,0.473238001587726,39.19928184716465,1593.3663962606677,5000.0,0.699999988079071,0.006574014667421579,1.0
4712,0.47246537586766346,39.169531546827386,1593.3932130088585,5000.0,0.699999988079071,0.006560039706528187,1.0
4713,5.560523576759775,701.9725780684714,724.513744009805,5000.0,0.699999988079071,0.12351850420236588,1.0
4714,4.378670152009003,1467.6078052478115,612.2150945894207,5000.0,0.699999988079071,0.09923417866230011,1.0
4715,0.47231992246121873,39.1318774094068,1593.3835014362867,5000.0,0.699999988079071,0.006561034359037876,1.0
4716,5.875074438785553,1044.140484765868,611.8678666739313,5000.0,0.699999988079071,0.14329570531845093,1.0
4717,1.960269639127955,772.7699733559415,550.3979889308592,5000.0,0.699999988079071,0.02654743567109108,1.0
4718,4.3898492387301635,1481.2744971179727,610.0904750476939,5000.0,0.699999988079071,0.09906427562236786,1.0
4719,4.92011389799749,986.9999125518293,724.3561954060121,5000.0,0.699999988079071,0.10413075238466263,1.0
4720,4.695370585100314,1043.2998965407996,612.0747096231021,5000.0,0.699999988079071,0.09780097007751465,1.0
4721,4.4416816836908355,1090.9403051724778,549.7878208167247,5000.0,0.699999988079071,0.09144575893878937,1.0
4722,4.698175016745655,1052.804633047138,609.2674287285466,5000.0,0.699999988079071,0.09764675050973892,1.0
4723,5.689249147528097,1117.5247014014383,549.9648178569901,5000.0,0.699999988079071,0.13623404502868652,1.0
4724,3.4491984772375184,1391.8463657396555,550.236543326328,5000.0,0.699999988079071,0.06635966897010803,1.0
4725,4.981109107210698,27.686298915259396,1592.5404313362012,5000.0,0.699999988079071,0.09615988284349442,1.0
4726,3.5342591785881368,33.86172556422379,1593.0313414627449,5000.0,0.699999988079071,0.05125024542212486,1.0
4727,5.239685917835855,1259.733516397133,631.7920547494847,5000.0,0.699999988079071,0.12328332662582397,1.0
4728,4.683083590248783,1059.1222518839684,605.1097738163414,5000.0,0.699999988079071,0.09710859507322311,1.0
4729,0.47346612988488257,39.03637948469478,1593.230299170518,5000.0,0.699999988079071,0.006599800195544958,1.0
4730,4.932809207776417,1406.3429993397858,550.1787295303359,5000.0,0.699999988079071,0.11071602255105972,1.0
4731,5.47836846630155,668.4841067581468,724.1105749717957,5000.0,0.699999988079071,0.1215057298541069,1.0
4732,4.214909352086652,669.3313914308516,724.4594891979909,5000.0,0.699999988079071,0.07693842053413391,1.0
4733,3.3069156607068764,948.4620127966389,724.2941946911337,5000.0,0.699999988079071,0.05859925597906113,1.0
4734,5.965533275907994,961.8196482426921,724.2946476508379,5000.0,0.699999988079071,0.14719197154045105,1.0
4735,2.398592410655138,684.5623180103572,725.1804473148787,5000.0,0.699999988079071,0.03260093554854393,1.0
4736,4.241574226233287,688.7992239374298,725.0555215621231,5000.0,0.699999988079071,0.07678547501564026,1.0
4737,3.869895584043407,1245.7007277181553,639.1661187384617,5000.0,0.699999988079071,0.07833538949489594,1.0
4738,2.425010308028272,694.6322133083155,725.4324657432659,5000.0,0.699999988079071,0.03257453069090843,1.0
4739,3.9757505486282847,762.7333046605241,549.6261275630877,5000.0,0.699999988079071,0.0704679936170578,1.0
4740,3.9855012055287724,772.7034440535401,549.8343640159351,5000.0,0.699999988079071,0.07041607797145844,1.0
4741,1.9505690071985504,781.4282244957292,550.162775377129,5000.0,0.699999988079071,0.026320364326238632,1.0
4742,1.9703821795221732,789.5365353882693,550.2521609638501,5000.0,0.699999988079071,0.02631855383515358,1.0
4743,5.316599643169969,797.6694444314129,550.0346118850487,5000.0,0.699999988079071,0.11441566050052643,1.0
4744,4.216503697611245,679.6466160186573,725.0210286210829,5000.0,0.699999988079071,0.0764230489730835,1.0
4745,3.5121174978498373,33.66943253515125,1593.0434846635405,5000.0,0.699999988079071,0.050452448427677155,1.0
4746,4.641284333508776,1049.964369728035,606.8965813116803,5000.0,0.699999988079071,0.09604065120220184,1.0
4747,4.007582492090351,798.5995151537444,550.3718452913103,5000.0,0.699999988079071,0.07005920261144638,1.0
4748,4.01506395578273,805.3841179567589,550.4832843039435,5000.0,0.699999988079071,0.07000292092561722,1.0
4749,3.505630431056676,33.629158261788405,1593.037363637014,5000.0,0.699999988079071,0.050224438309669495,1.0
4750,3.0698095188421646,1053.4623242147013,604.8389827342957,5000.0,0.699999988079071,0.05215975642204285,1.0
4751,4.018320835429556,810.4830764103518,550.5415346986827,5000.0,0.699999988079071,0.06987470388412476,1.0
4752,4.024519436538837,816.0974391501643,550.6204714464793,5000.0,0.699999988079071,0.06981602311134338,1.0
4753,4.030048788676032,821.156628881474,550.6835153624759,5000.0,0.699999988079071,0.06975623220205307,1.0
4754,6.02405025059859,19.441435157760996,1590.3363130665898,5000.0,0.699999988079071,0.13686437904834747,1.0
4755,2.307000152530661,656.9178410566318,725.2230037607068,5000.0,0.699999988079071,0.03237811475992203,1.0
4756,4.746312158893078,934.6086008121325,724.7188985709215,5000.0,0.699999988079071,0.10146550834178925,1.0
4757,4.177480836022038,668.6085333350344,725.338254263459,5000.0,0.699999988079071,0.0756007581949234,1.0
4758,2.3439770341194492,670.7909677468297,725.6777235859146,5000.0,0.699999988079071,0.03236950933933258,1.0
4759,2.7522167215260747,1123.464043698356,550.3871194612689,5000.0,0.699999988079071,0.04581786319613457,1.0
4760,3.0473880266156703,1048.8011222179755,605.1710759979239,5000.0,0.699999988079071,0.051981568336486816,1.0
4761,2.3412378649515624,670.8525117119324,725.6744459695377,5000.0,0.699999988079071,0.03232702240347862,1.0
4762,3.598866590718908,1315.6603811850632,583.6620259030158,5000.0,0.699999988079071,0.07154035568237305,1.0
4763,0.4685772871430394,38.59096822083739,1593.3081592395558,5000.0,0.699999988079071,0.006543489173054695,1.0
4764,3.042725185748427,1048.5289608137182,605.6989885636046,5000.0,0.699999988079071,0.051887571811676025,1.0
4765,3.492678055245841,33.41849572153385,1593.0160214889745,5000.0,0.699999988079071,0.04974775388836861,1.0
4766,2.344615557909946,673.2823854261075,725.7794635715192,5000.0,0.699999988079071,0.03226970136165619,1.0
4767,4.604982961492855,1046.5515315595437,606.6544278494326,5000.0,0.699999988079071,0.09501167386770248,1.0
4768,3.80952043648484,1244.4662613798398,635.3655613526714,5000.0,0.699999988079071,0.07754026353359222,1.0
4769,4.789620594379661,963.3859661035735,725.4129315743874,5000.0,0.699999988079071,0.10108765959739685,1.0
4770,4.359284379852839,1095.3923068064817,549.4595851530245,5000.0,0.699999988079071,0.08858750015497208,1.0
4771,0.4675358679895788,38.478371334383155,1593.2950122110594,5000.0,0.699999988079071,0.006532798986881971,1.0
4772,3.303212759884583,961.3736925276062,725.569384245393,5000.0,0.699999988079071,0.057889267802238464,1.0
4773,3.486969947800171,33.32223679469651,1593.0118344854466,5000.0,0.699999988079071,0.0495503731071949,1.0
4774,3.4849849257752736,33.306168693411664,1593.0334269489215,5000.0,0.699999988079071,0.049483999609947205,1.0
4775,5.429967848084273,686.4035029291583,725.8341481108172,5000.0,0.699999988079071,0.11803420633077621,1.0
4776,3.9403443242872154,775.394756878443,549.9455598338171,5000.0,0.699999988079071,0.06878526508808136,1.0
4777,5.242419627271556,784.2296550273296,549.976530576532,5000.0,0.699999988079071,0.11148662120103836,1.0
4778,3.9567336189915094,791.8923230477141,550.3369076835083,5000.0,0.699999988079071,0.06862731277942657,1.0
4779,2.3362486618654272,673.6607749691332,726.2377455787176,5000.0,0.699999988079071,0.03214813768863678,1.0
4780,3.0157268020172023,1042.1696872999112,607.4565841509695,5000.0,0.699999988079071,0.05161675065755844,1.0
4781,4.761477199764302,958.9879451945305,725.7617898851364,5000.0,0.699999988079071,0.10035881400108337,1.0
4782,1.909183923279946,778.5658262644595,550.2159918806235,5000.0,0.699999988079071,0.025929857045412064,1.0
4783,3.297378838576408,962.6796341222582,725.9761333494525,5000.0,0.699999988079071,0.057716645300388336,1.0
4784,2.6353693111001895,1092.313397829088,549.7504926001669,5000.0,0.699999988079071,0.04530133679509163,1.0
4785,0.46470591298089836,38.27283199110684,1593.3655952200188,5000.0,0.699999988079071,0.006493326276540756,1.0
4786,3.282268967352819,1365.401937386141,549.877651769529,5000.0,0.699999988079071,0.06472243368625641,1.0
4787,3.971932486210977,807.8217517206053,550.2581235226596,5000.0,0.699999988079071,0.06847882270812988,1.0
4788,5.258958883908219,813.2437525700301,550.200500270208,5000.0,0.699999988079071,0.1109335795044899,1.0
4789,3.603800549452588,1334.2711475317676,582.024849881951,5000.0,0.699999988079071,0.07084591686725616,1.0
4790,4.576375920036096,1054.6321829664964,603.7213701721599,5000.0,0.699999988079071,0.09379532933235168,1.0
4791,3.762211304737244,1244.1486168659885,632.2328965994362,5000.0,0.699999988079071,0.07684226334095001,1.0
4792,5.383806443718335,672.1564578174283,725.8791455443015,5000.0,0.699999988079071,0.11670971661806107,1.0
4793,2.3182521439849153,672.198009423355,726.4224581097128,5000.0,0.699999988079071,0.03197983279824257,1.0
4794,1.9259567829314281,791.4659419274557,549.8995018774455,5000.0,0.699999988079071,0.02580057829618454,1.0
4795,2.9922826548845847,1043.8683331871816,606.1105208505656,5000.0,0.699999988079071,0.05126179754734039,1.0
4796,3.965029277761113,1165.8698285713845,725.8183326321478,5000.0,0.699999988079071,0.08282298594713211,1.0
4797,4.1624842143207275,685.5278276425676,726.4897258255395,5000.0,0.699999988079071,0.07422490417957306,1.0
4798,1.864555478685183,770.1928346322985,549.4041219856184,5000.0,0.699999988079071,0.025725221261382103,1.0
4799,3.9151061703797563,778.5983520040647,549.379518983491,5000.0,0.699999988079071,0.06795331090688705,1.0
4800,4.545930942853491,1040.505362713296,607.9112903241729,5000.0,0.699999988079071,0.09332552552223206,1.0
4801,0.46377660301576235,38.081490772317665,1593.2238940915247,5000.0,0.699999988079071,0.006494291592389345,1.0
4802,3.922035105382628,786.9440483511489,549.566265355656,5000.0,0.699999988079071,0.06783123314380646,1.0
4803,2.6799804684334156,1121.281756894437,549.5617413463216,5000.0,0.699999988079071,0.04493822157382965,1.0
4804,3.4567770336638417,32.969876267662926,1592.78678014548,5000.0,0.699999988079071,0.04854578524827957,1.0
4805,2.3067433435090905,671.2005525708624,726.6005940944844,5000.0,0.699999988079071,0.03184545785188675,1.0
4806,4.717532282709821,953.9085980723489,726.1090204104585,5000.0,0.699999988079071,0.09923410415649414,1.0
4807,2.975245185693426,1040.03290419489,607.8711249739832,5000.0,0.699999988079071,0.05103359371423721,1.0
4808,3.9147180666321115,786.4669221421964,549.5026821731416,5000.0,0.699999988079071,0.06762436777353287,1.0
4809,3.2499252462755415,957.1604821458516,726.3449463135157,5000.0,0.699999988079071,0.05714725703001022,1.0
4810,3.4835177368682317,1297.4696681211033,585.1057778901636,5000.0,0.699999988079071,0.07011494040489197,1.0
4811,4.533515351781226,1041.4513575713202,608.0396342767187,5000.0,0.699999988079071,0.0928698480129242,1.0
4812,2.9672523499568237,1040.004592372916,608.0652885954672,5000.0,0.699999988079071,0.05089976638555527,1.0
4813,4.529022418195793,1040.7487304618471,608.1160599176973,5000.0,0.699999988079071,0.09276732802391052,1.0
4814,5.36872267150902,683.4263791256734,726.5143224931878,5000.0,0.699999988079071,0.11542624980211258,1.0
4815,3.4458459822712193,32.86932317058929,1592.7118775571146,5000.0,0.699999988079071,0.04820465296506882,1.0
4816,0.4619581121268442,37.88764692039791,1593.1967787809258,5000.0,0.699999988079071,0.0064759221859276295,1.0
4817,3.6679938016051414,1560.8376864088946,549.1295624793883,5000.0,0.699999988079071,0.08281879872083664,1.0
4818,2.2983022978888155,672.7033725251039,726.8338403636058,5000.0,0.699999988079071,0.0316959023475647,1.0
4819,3.5004744278359894,1313.5088818339007,583.4063823181526,5000.0,0.699999988079071,0.0698288306593895,1.0
4820,4.118529865520635,675.144595082043,726.6445811968172,5000.0,0.699999988079071,0.07335858047008514,1.0
4821,2.955115888389713,1042.0473668681466,606.7934134033768,5000.0,0.699999988079071,0.05069929361343384,1.0
4822,3.4431410561980504,32.77640907655866,1592.6133373647385,5000.0,0.699999988079071,0.048109978437423706,1.0
4823,3.9036131435647095,792.5122409915111,549.4543247004791,5000.0,0.699999988079071,0.06706607341766357,1.0
4824,3.439219532219416,32.750557933522586,1592.6168022569743,5000.0,0.699999988079071,0.04798729717731476,1.0
4825,3.9097638626160927,799.2999424060326,549.7020691921418,5000.0,0.699999988079071,0.06694872677326202,1.0
4826,2.2819151888230045,668.7847432446159,726.9493664021597,5000.0,0.699999988079071,0.031613536179065704,1.0
4827,1.913547902180989,798.0190930950303,549.8388783011475,5000.0,0.699999988079071,0.025456160306930542,1.0
4828,4.836930182124662,26.72730242850584,1591.560579492276,5000.0,0.699999988079071,0.08928796648979187,1.0
4829,3.4318332971045193,32.67844503674874,1592.6400222671184,5000.0,0.699999988079071,0.04774831235408783,1.0
4830,1.9374075084766922,806.017664638344,550.1854021392938,5000.0,0.699999988079071,0.02544734999537468,1.0
4831,0.4583396899279506,37.64172744406675,1593.169105444375,5000.0,0.699999988079071,0.006422760430723429,1.0
4832,3.429889978666021,32.614610346178246,1592.6637969720048,5000.0,0.699999988079071,0.04767409339547157,1.0
4833,4.508028111965533,1049.6711081460458,604.092426273895,5000.0,0.699999988079071,0.09179829061031342,1.0
4834,2.2659046711819157,664.0595395815998,727.1065595944234,5000.0,0.699999988079071,0.03154240921139717,1.0
4835,4.499508512532712,1045.2812001470104,605.2110897344744,5000.0,0.699999988079071,0.09170839935541153,1.0
4836,4.309950603490777,1405.4844123334183,651.6452037684032,5000.0,0.699999988079071,0.10073545575141907,1.0
4837,4.823246661750315,26.63761785588021,1591.4600671625406,5000.0,0.699999988079071,0.08867847174406052,1.0
4838,5.012630485046552,1235.9965186204226,636.269579130468,5000.0,0.699999988079071,0.11657809466123581,1.0
4839,3.2140178478265757,955.3225655025126,727.0504107191616,5000.0,0.699999988079071,0.056585922837257385,1.0
4840,2.31452180380566,682.70858456698,727.6379257909762,5000.0,0.699999988079071,0.03150338679552078,1.0
4841,3.6942505176999854,1233.07334006185,640.4805203925943,5000.0,0.699999988079071,0.07543735206127167,1.0
4842,5.334694565803786,690.2477766078373,727.3392933060127,5000.0,0.699999988079071,0.11348886042833328,1.0
4843,2.899907037039918,1020.614450203675,612.3220455738303,5000.0,0.699999988079071,0.050309907644987106,1.0
4844,2.901579241927045,1022.0492610857121,612.2319756898946,5000.0,0.699999988079071,0.05028475075960159,1.0
4845,2.4812612061809927,1067.3243436270832,548.8967441805681,5000.0,0.699999988079071,0.044034481048583984,1.0
4846,5.610245067170762,1032.3597319979986,610.2361878654551,5000.0,0.699999988079071,0.13205726444721222,1.0
4847,4.683935205493399,967.355148002342,727.1862794592936,5000.0,0.699999988079071,0.09719578921794891,1.0
4848,3.4134717915021104,32.499984292137725,1592.5034243686378,5000.0,0.699999988079071,0.047182176262140274,1.0
4849,3.962564222461448,1188.789739498796,727.2596530657947,5000.0,0.699999988079071,0.08133954554796219,1.0
4850,2.8909303993258724,1017.8738741275891,614.0900835954101,5000.0,0.699999988079071,0.05014347285032272,1.0
4851,4.115668104161198,696.7584736199119,727.77948077458,5000.0,0.699999988079071,0.07209894061088562,1.0
4852,3.410587384830237,32.45533916535167,1592.5010987137453,5000.0,0.699999988079071,0.047091878950595856,1.0
4853,2.955214891998668,1283.6134662533932,548.7505146037196,5000.0,0.699999988079071,0.06259743124246597,1.0
4854,0.45763443917677116,37.39910350781393,1593.093416223613,5000.0,0.699999988079071,0.006434681825339794,1.0
4855,4.212011551054997,1084.1014010624929,549.3859792240559,5000.0,0.699999988079071,0.08450344204902649,1.0
4856,1.8399406279119068,779.3250601551475,550.0510139193706,5000.0,0.699999988079071,0.025161689147353172,1.0
4857,5.123127235346093,785.3321512694364,549.8745942869217,5000.0,0.699999988079071,0.10626556724309921,1.0
4858,3.4370572998609066,1307.1676158128498,584.6814901602677,5000.0,0.699999988079071,0.06876430660486221,1.0
4859,3.403399403837977,32.38092943188237,1592.3544340948545,5000.0,0.699999988079071,0.04687533527612686,1.0
4860,0.45667745167294854,37.32144582210995,1593.0557894302826,5000.0,0.699999988079071,0.00642258208245039,1.0
4861,4.067919048725563,676.1595842381345,727.5988392722433,5000.0,0.699999988079071,0.07165879011154175,1.0
4862,4.069503952044087,678.1318565209638,727.6810856728043,5000.0,0.699999988079071,0.07160390168428421,1.0
4863,2.578873877239487,1109.239167538979,550.0805732262223,5000.0,0.699999988079071,0.04380219429731369,1.0
4864,3.397949096220649,32.306272195220686,1592.356433943117,5000.0,0.699999988079071,0.046702127903699875,1.0
4865,4.78102931489712,26.41049185836743,1590.8700218393008,5000.0,0.699999988079071,0.08688292652368546,1.0
4866,4.775715634234618,26.406371705238836,1590.808735544583,5000.0,0.699999988079071,0.0866626724600792,1.0
4867,3.3886002500931314,32.280869855515505,1592.3758338078608,5000.0,0.699999988079071,0.046420369297266006,1.0
4868,2.2551997680673708,669.5269213782551,728.0535880583172,5000.0,0.699999988079071,0.03121158480644226,1.0
4869,3.3868981897489996,32.24633303842421,1592.3986369529523,5000.0,0.699999988079071,0.046361617743968964,1.0
4870,4.614036789853741,949.8133918643524,727.6022645947412,5000.0,0.699999988079071,0.09596234560012817,1.0
4871,4.2386298878058,1113.5537519004354,550.5672258373664,5000.0,0.699999988079071,0.08363961428403854,1.0
4872,1.8844053503721376,796.3812403753976,551.0888310857733,5000.0,0.699999988079071,0.025059761479496956,1.0
4873,3.443183896033872,1314.3636166578844,584.0899322112816,5000.0,0.699999988079071,0.0685192346572876,1.0
4874,4.59810517131886,945.0167503418627,727.5693085389435,5000.0,0.699999988079071,0.0957610160112381,1.0
4875,3.4059766301652847,1301.8280378787272,584.9412488437182,5000.0,0.699999988079071,0.06838949024677277,1.0
4876,3.381065480896433,32.19138626080474,1592.2514872987604,5000.0,0.699999988079071,0.046191684901714325,1.0
4877,4.42451692202355,1038.1093958509139,607.6064034302232,5000.0,0.699999988079071,0.08947818726301193,1.0
4878,3.377358036047598,32.17452879636016,1592.2375323492854,5000.0,0.699999988079071,0.04608438163995743,1.0
4879,2.2494341352390785,670.3000133447483,728.3170233376464,5000.0,0.699999988079071,0.0311063751578331,1.0
4880,0.4531406621800607,37.05597079642124,1593.137199025047,5000.0,0.699999988079071,0.006374543532729149,1.0
4881,1.8483259714003692,786.8696098029907,550.8676048531681,5000.0,0.699999988079071,0.024945545941591263,1.0
4882,2.887887910630258,1037.8070426814254,607.7601622558053,5000.0,0.699999988079071,0.049661703407764435,1.0
4883,3.8243863949773775,789.2909425944334,550.7134883962625,5000.0,0.699999988079071,0.06458164751529694,1.0
4884,3.406630681747338,1306.619561090831,584.3943545915265,5000.0,0.699999988079071,0.06817922741174698,1.0
4885,0.4520844737054748,36.9673314942961,1593.0626127940545,5000.0,0.699999988079071,0.006360257975757122,1.0
4886,4.025818592850748,668.9329065392377,728.1104858482514,5000.0,0.699999988079071,0.07064612954854965,1.0
4887,1.8518081202807997,790.0763111953682,550.8802688595617,5000.0,0.699999988079071,0.024874716997146606,1.0
4888,3.37202016453318,32.00538179975434,1592.1859392002316,5000.0,0.699999988079071,0.04590602591633797,1.0
4889,3.6193338323746564,1234.2912520902332,635.7293219292346,5000.0,0.699999988079071,0.07420547306537628,1.0
4890,4.034319325199172,1462.4537958079036,607.924099020685,5000.0,0.699999988079071,0.09264687448740005,1.0
4891,5.064129017295579,782.1165481751142,550.3078593787153,5000.0,0.699999988079071,0.10386882722377777,1.0
4892,3.3667883570764734,31.98801278233559,1592.0850580250774,5000.0,0.699999988079071,0.04576996713876724,1.0
4893,2.2346505444686655,668.3414447545266,728.4963936273762,5000.0,0.699999988079071,0.03096218965947628,1.0
4894,3.098204243200261,1355.8528607460087,550.426418663047,5000.0,0.699999988079071,0.06168754771351814,1.0
4895,2.5887009610511957,1123.7141828922774,550.7028831060503,5000.0,0.699999988079071,0.04321570321917534,1.0
4896,2.8649249815328655,1038.5618727774809,605.7258828265519,5000.0,0.699999988079071,0.049339037388563156,1.0
4897,3.819939688811955,797.5562185289938,550.7585411920634,5000.0,0.699999988079071,0.06412635743618011,1.0
4898,4.7349625751178355,26.104157691392768,1589.9799127927486,5000.0,0.699999988079071,0.08498693257570267,1.0
4899,3.8242559979798325,803.824815348582,551.0709605648133,5000.0,0.699999988079071,0.0639592856168747,1.0
4900,1.8909898778938647,806.8900152315524,551.3029758588204,5000.0,0.699999988079071,0.024741679430007935,1.0
4901,4.726421407594142,26.080112121135624,1589.8173501126146,5000.0,0.699999988079071,0.08465521782636642,1.0
4902,4.720860239588087,26.077837011300982,1589.7261912847841,5000.0,0.699999988079071,0.08443884551525116,1.0
4903,3.4193790443815786,1322.2204861754835,582.1002351004958,5000.0,0.699999988079071,0.06767857074737549,1.0
4904,4.752555642301403,1317.3155818764403,582.1113290250124,5000.0,0.699999988079071,0.1065487191081047,1.0
4905,3.3802176627815084,1311.876723280489,582.0997354310923,5000.0,0.699999988079071,0.06750510632991791,1.0
4906,4.361820558370766,1032.3766450133362,603.9095611657814,5000.0,0.699999988079071,0.08803398162126541,1.0
4907,3.8038041012202117,800.739804959174,550.9856463865008,5000.0,0.699999988079071,0.06349550187587738,1.0
4908,3.8069349189406023,804.080765084085,551.0934559814079,5000.0,0.699999988079071,0.06343637406826019,1.0
4909,3.342645460719405,31.847663026744772,1591.6668496451991,5000.0,0.699999988079071,0.04510914534330368,1.0
4910,0.4503374523462232,36.7005138439671,1592.8608550458453,5000.0,0.699999988079071,0.006353074684739113,1.0
4911,3.9466689474676393,641.7499935406744,728.2627900300029,5000.0,0.699999988079071,0.06948499381542206,1.0
4912,3.804892030343422,805.9665927663748,551.3312273157604,5000.0,0.699999988079071,0.06326346099376678,1.0
4913,2.629258861988061,1142.7429194457122,551.298234090965,5000.0,0.699999988079071,0.042862989008426666,1.0
4914,4.34721804283336,1032.353542953427,602.4654308132249,5000.0,0.699999988079071,0.087607741355896,1.0
4915,3.335080715662905,31.776036159543157,1591.579169656774,5000.0,0.699999988079071,0.04489656910300255,1.0
4916,3.638870883650794,1102.0191998524529,727.9295004824004,5000.0,0.699999988079071,0.07952933013439178,1.0
4917,1.8280645069433092,791.4575337000746,551.1185095935824,5000.0,0.699999988079071,0.024527709931135178,1.0
4918,3.1167150929652685,1375.0818422676862,550.8260712298467,5000.0,0.699999988079071,0.0608736090362072,1.0
4919,2.800397737265537,1026.4308084719246,603.6247152625563,5000.0,0.699999988079071,0.04887089133262634,1.0
4920,2.7937197408191965,1024.260638126697,604.0948388281384,5000.0,0.699999988079071,0.048839420080184937,1.0
4921,4.324786697678069,1023.1207722274875,604.4923570474554,5000.0,0.699999988079071,0.08734111487865448,1.0
4922,0.44933280803970665,36.54799059638463,1592.7140920166971,5000.0,0.699999988079071,0.006347266957163811,1.0
4923,4.669796505796046,1293.4066522869914,582.5764773504005,5000.0,0.699999988079071,0.10536549240350723,1.0
4924,5.138853138342587,645.1146248386867,728.4497100521654,5000.0,0.699999988079071,0.1075233668088913,1.0
4925,1.808502490555976,788.2058942636435,550.9808714022128,5000.0,0.699999988079071,0.024412738159298897,1.0
4926,4.156999484140381,1119.3324934130108,550.7243537476328,5000.0,0.699999988079071,0.08078253269195557,1.0
4927,4.311426283674545,1022.7817643047855,603.7582009790602,5000.0,0.699999988079071,0.08696229010820389,1.0
4928,3.9245033788782675,640.7677135830241,728.7735206835947,5000.0,0.699999988079071,0.06885644793510437,1.0
4929,3.7565402215649795,790.5886320902405,550.9788708140934,5000.0,0.699999988079071,0.06253921240568161,1.0
4930,3.3185145429096194,31.6462360893828,1591.22715860819,5000.0,0.699999988079071,0.0444687195122242,1.0
4931,1.8307768786922556,796.3459876137958,551.3766936254112,5000.0,0.699999988079071,0.02436511404812336,1.0
4932,4.998737554496059,799.6383933762332,551.1715662302432,5000.0,0.699999988079071,0.10049290955066681,1.0
4933,2.958740635405017,895.9917600367797,728.6270540504034,5000.0,0.699999988079071,0.05485164001584053,1.0
4934,2.137296293655949,641.8358881027722,729.316522054835,5000.0,0.699999988079071,0.030600622296333313,1.0
4935,3.923692391156753,645.8995435697053,729.1958951382854,5000.0,0.699999988079071,0.06857828795909882,1.0
4936,3.0119744172695055,915.245855126156,729.0480186672105,5000.0,0.699999988079071,0.0548459067940712,1.0
4937,2.437181205791703,1090.7743300431348,550.6345355012429,5000.0,0.699999988079071,0.042218297719955444,1.0
4938,4.1088263814421255,1103.166514895801,550.7688612649633,5000.0,0.699999988079071,0.08014846593141556,1.0
4939,3.474234594712836,1206.450486499525,634.4209229099123,5000.0,0.699999988079071,0.07270946353673935,1.0
4940,1.76794911049484,778.5101268167084,551.044510638497,5000.0,0.699999988079071,0.024238452315330505,1.0
4941,0.4479242711480367,36.33966433922512,1592.5989893300546,5000.0,0.699999988079071,0.0063400352373719215,1.0
4942,4.290161384610053,1018.5465917014182,606.4520147138876,5000.0,0.699999988079071,0.08633844554424286,1.0
4943,3.728751699210471,782.1071201185064,551.0454972981534,5000.0,0.699999988079071,0.06206116825342178,1.0
4944,2.7626488312549515,1018.7171747673905,606.125711130169,5000.0,0.699999988079071,0.04839713126420975,1.0
4945,1.7796792336286502,783.3844046094657,551.2418542409415,5000.0,0.699999988079071,0.024188382551074028,1.0
4946,4.967391952711063,787.5189670949417,551.0670040151256,5000.0,0.699999988079071,0.0997881218791008,1.0
4947,3.737185230367913,792.0512635196329,551.4201020635443,5000.0,0.699999988079071,0.061877962201833725,1.0
4948,4.1345702604343275,1124.5520086214126,551.3584539642815,5000.0,0.699999988079071,0.07966885715723038,1.0
4949,3.894473170388222,637.801347645933,729.4337570661977,5000.0,0.699999988079071,0.068062923848629,1.0
4950,3.896936977052487,640.5004343817914,729.5545245999942,5000.0,0.699999988079071,0.06801372021436691,1.0
4951,3.2941113280940035,31.437265560548756,1590.7681882808424,5000.0,0.699999988079071,0.04382782056927681,1.0
4952,3.6308771816212144,1109.6914371069902,729.2778006946487,5000.0,0.699999988079071,0.07871007919311523,1.0
4953,2.7486216431131676,1014.3728442712332,607.7354572375851,5000.0,0.699999988079071,0.04824800044298172,1.0
4954,2.746544184923192,1013.7173881204288,608.067940516906,5000.0,0.699999988079071,0.04822131246328354,1.0
4955,2.421842731632583,1092.2245818832,551.0103063247668,5000.0,0.699999988079071,0.041823916137218475,1.0
4956,5.094201819038103,652.6551610174017,729.7491334986627,5000.0,0.699999988079071,0.10536976158618927,1.0
4957,0.44677081128158636,36.16985808658836,1592.526971413117,5000.0,0.699999988079071,0.006334166042506695,1.0
4958,4.933105675069611,778.9645876999599,551.2833289037156,5000.0,0.699999988079071,0.09879875928163528,1.0
4959,3.90121713790295,650.3801559834271,730.1194076124613,5000.0,0.699999988079071,0.06768108159303665,1.0
4960,3.7006111224166913,780.4685184793022,551.6361493397249,5000.0,0.699999988079071,0.0612746961414814,1.0
4961,5.647896473980561,18.241557918461858,1574.454510778415,5000.0,0.699999988079071,0.11782617121934891,1.0
4962,4.887868163596706,1120.1258525292922,729.8211887536028,5000.0,0.699999988079071,0.11556296050548553,1.0
4963,3.221878759108021,1274.9014616761133,585.8596511611246,5000.0,0.699999988079071,0.0658111721277237,1.0
4964,4.608584557981839,25.666677603746244,1585.97273189178,5000.0,0.699999988079071,0.08030050992965698,1.0
4965,3.6846502594284236,777.7681027405416,551.9565515868261,5000.0,0.699999988079071,0.060906633734703064,1.0
4966,2.996298951682941,1353.3991538711073,551.9094428824455,5000.0,0.699999988079071,0.05938354879617691,1.0
4967,2.753473454947728,1020.7951815900408,606.721694539131,5000.0,0.699999988079071,0.04802851378917694,1.0
4968,3.882182704241343,648.6726471761909,730.5233652406613,5000.0,0.699999988079071,0.06718961149454117,1.0
4969,3.686789890755326,782.614422514549,552.1207011390352,5000.0,0.699999988079071,0.06076660007238388,1.0
4970,3.691397257693334,786.8848290743364,552.2848661176624,5000.0,0.699999988079071,0.06071341782808304,1.0
4971,4.909757759805801,791.0335882202885,552.3071152530969,5000.0,0.699999988079071,0.0973440408706665,1.0
4972,3.6990225720159895,795.175402111082,552.6487001484123,5000.0,0.699999988079071,0.060559891164302826,1.0
4973,4.720430054361297,1206.9897171945877,633.8910998519733,5000.0,0.699999988079071,0.1084522232413292,1.0
4974,3.8634629226861135,644.7660667376682,730.7925848834687,5000.0,0.699999988079071,0.06681139022111893,1.0
4975,4.230168335892616,1017.4604625401753,607.4766090530894,5000.0,0.699999988079071,0.08434397727251053,1.0
4976,3.251074167820689,31.292333305737895,1589.741741770856,5000.0,0.699999988079071,0.04276135191321373,1.0
4977,5.028456477379858,647.8978442507156,730.8165214116174,5000.0,0.699999988079071,0.10300931334495544,1.0
4978,2.989862497535974,916.213162248238,730.9127059282422,5000.0,0.699999988079071,0.05424834415316582,1.0
4979,3.872572769686899,655.6553923526099,731.328572016942,5000.0,0.699999988079071,0.06657107919454575,1.0
4980,4.531975202971638,1269.8951478424947,586.9721777228618,5000.0,0.699999988079071,0.10158300399780273,1.0
4981,3.018607325247288,926.8768266607616,731.1944604896223,5000.0,0.699999988079071,0.0542108416557312,1.0
4982,4.426190593994632,936.1558132935069,731.2331761554378,5000.0,0.699999988079071,0.09038720279932022,1.0
4983,4.560694223059114,25.6017244927441,1583.437745097834,5000.0,0.699999988079071,0.07863689213991165,1.0
4984,1.6733187786079198,753.4760662770807,552.3115202478206,5000.0,0.699999988079071,0.023844104260206223,1.0
4985,3.2362372279913636,31.230373700517273,1589.3401250537406,5000.0,0.699999988079071,0.04240294173359871,1.0
4986,2.1790578300279897,663.439414150185,732.0137535474308,5000.0,0.699999988079071,0.03027196042239666,1.0
4987,3.234281550892762,31.197049761432098,1589.302367459185,5000.0,0.699999988079071,0.04234752804040909,1.0
4988,3.8777175667255404,666.2205219123729,731.927211868888,5000.0,0.699999988079071,0.06620993465185165,1.0
4989,4.5466599590394,25.542880639868333,1582.5573144005016,5000.0,0.699999988079071,0.07814859598875046,1.0
4990,3.0597943391820297,941.2175502464986,731.847802850962,5000.0,0.699999988079071,0.05415827035903931,1.0
4991,4.815072712478245,748.7008286157284,552.2503212941783,5000.0,0.699999988079071,0.09542615711688995,1.0
4992,2.729747606455979,1009.3684278789044,613.4985763452904,5000.0,0.699999988079071,0.047706276178359985,1.0
4993,4.201769197377711,1010.2112272667846,613.6247621858677,5000.0,0.699999988079071,0.0834069475531578,1.0
4994,3.8737823484838825,670.227310231898,732.2818972226863,5000.0,0.699999988079071,0.06590346992015839,1.0
4995,2.727102269677362,1008.3204239762026,614.3045616899993,5000.0,0.699999988079071,0.04765026271343231,1.0
4996,1.6673877029991073,752.0926802670609,552.8852037829979,5000.0,0.699999988079071,0.02376589924097061,1.0
4997,3.1798370319561244,1263.8132373579244,589.5441612104356,5000.0,0.699999988079071,0.0650305449962616,1.0
4998,4.202573678584738,1014.3590924024111,613.3568583613612,5000.0,0.699999988079071,0.08322390913963318,1.0
4999,4.813761539145823,761.184906482599,552.912606635356,5000.0,0.699999988079071,0.09491778910160065,1.0
